   0.000000E+00   0.000000E+00   0.000000E+00   0.000000E+00   0.000000E+00   0.000000E+00   0.000000E+00   0.000000E+00   0.000000E+00   0.000000E+00   0.316190E-54   0.725870E-40   0.467826E-28   0.846492E-19   0.430007E-12   0.613256E-08   0.245540E-06   0.276004E-07   0.871010E-11   0.771693E-17   0.191946E-25   0.134038E-36   0.262779E-50   0.000000E+00   0.000000E+00   0.000000E+00   0.000000E+00
   0.000000E+00   0.000000E+00   0.000000E+00   0.000000E+00   0.000000E+00   0.000000E+00   0.000000E+00   0.000000E+00   0.000000E+00   0.000000E+00   0.000000E+00   0.000000E+00   0.000000E+00   0.000000E+00   0.000000E+00   0.000000E+00   0.000000E+00   0.000000E+00   0.000000E+00   0.000000E+00   0.000000E+00   0.000000E+00   0.000000E+00   0.000000E+00   0.000000E+00   0.000000E+00   0.000000E+00
   0.000000E+00   0.000000E+00   0.000000E+00   0.000000E+00   0.000000E+00   0.000000E+00   0.000000E+00   0.000000E+00   0.000000E+00   0.000000E+00   0.000000E+00   0.000000E+00   0.000000E+00   0.000000E+00   0.000000E+00   0.000000E+00   0.000000E+00   0.000000E+00   0.000000E+00   0.000000E+00   0.000000E+00   0.000000E+00   0.000000E+00   0.000000E+00   0.000000E+00   0.000000E+00   0.000000E+00
   0.000000E+00   0.000000E+00   0.000000E+00   0.000000E+00   0.000000E+00   0.000000E+00   0.000000E+00   0.000000E+00   0.000000E+00   0.000000E+00   0.000000E+00   0.000000E+00   0.000000E+00   0.000000E+00   0.000000E+00   0.000000E+00   0.000000E+00   0.000000E+00   0.000000E+00   0.000000E+00   0.000000E+00   0.000000E+00   0.000000E+00   0.000000E+00   0.000000E+00   0.000000E+00   0.000000E+00
   0.000000E+00   0.000000E+00   0.000000E+00   0.000000E+00   0.000000E+00   0.000000E+00   0.000000E+00   0.000000E+00   0.000000E+00   0.000000E+00   0.000000E+00   0.000000E+00   0.000000E+00   0.000000E+00   0.000000E+00   0.000000E+00   0.000000E+00   0.000000E+00   0.000000E+00   0.000000E+00   0.000000E+00   0.000000E+00   0.000000E+00   0.000000E+00   0.000000E+00   0.000000E+00   0.000000E+00
   0.000000E+00   0.000000E+00   0.000000E+00   0.000000E+00   0.000000E+00   0.000000E+00   0.000000E+00   0.000000E+00   0.000000E+00   0.000000E+00   0.000000E+00   0.000000E+00   0.000000E+00   0.000000E+00   0.000000E+00   0.000000E+00   0.000000E+00   0.000000E+00   0.000000E+00   0.000000E+00   0.000000E+00   0.000000E+00   0.000000E+00   0.000000E+00   0.000000E+00   0.000000E+00   0.000000E+00
   0.000000E+00   0.000000E+00   0.000000E+00   0.000000E+00   0.000000E+00   0.000000E+00   0.000000E+00   0.000000E+00   0.000000E+00   0.000000E+00   0.000000E+00   0.000000E+00   0.000000E+00   0.000000E+00   0.000000E+00   0.000000E+00   0.000000E+00   0.000000E+00   0.000000E+00   0.000000E+00   0.000000E+00   0.000000E+00   0.000000E+00   0.000000E+00   0.000000E+00   0.000000E+00   0.000000E+00
   0.000000E+00   0.000000E+00   0.000000E+00   0.000000E+00   0.000000E+00   0.000000E+00   0.000000E+00   0.000000E+00   0.000000E+00   0.000000E+00   0.000000E+00   0.000000E+00   0.000000E+00   0.000000E+00   0.000000E+00   0.000000E+00   0.000000E+00   0.000000E+00   0.000000E+00   0.000000E+00   0.000000E+00   0.000000E+00   0.000000E+00   0.000000E+00   0.000000E+00   0.000000E+00   0.000000E+00
   0.000000E+00   0.000000E+00   0.000000E+00   0.000000E+00   0.000000E+00   0.000000E+00   0.000000E+00   0.000000E+00   0.000000E+00   0.000000E+00   0.000000E+00   0.000000E+00   0.000000E+00   0.000000E+00   0.000000E+00   0.000000E+00   0.000000E+00   0.000000E+00   0.000000E+00   0.000000E+00   0.000000E+00   0.000000E+00   0.000000E+00   0.000000E+00   0.000000E+00   0.000000E+00   0.000000E+00
   0.000000E+00   0.000000E+00   0.000000E+00   0.000000E+00   0.000000E+00   0.000000E+00   0.000000E+00   0.000000E+00   0.000000E+00   0.000000E+00   0.000000E+00   0.000000E+00   0.000000E+00   0.000000E+00   0.000000E+00   0.000000E+00   0.000000E+00   0.000000E+00   0.000000E+00   0.000000E+00   0.000000E+00   0.000000E+00   0.000000E+00   0.000000E+00   0.000000E+00   0.000000E+00   0.000000E+00
   0.000000E+00   0.000000E+00   0.000000E+00   0.000000E+00   0.000000E+00   0.000000E+00   0.000000E+00   0.000000E+00   0.000000E+00   0.000000E+00   0.000000E+00   0.000000E+00   0.000000E+00   0.000000E+00   0.000000E+00   0.000000E+00   0.000000E+00   0.000000E+00   0.000000E+00   0.000000E+00   0.000000E+00   0.000000E+00   0.000000E+00   0.000000E+00   0.000000E+00   0.000000E+00   0.000000E+00
   0.000000E+00   0.000000E+00   0.000000E+00   0.000000E+00   0.000000E+00   0.000000E+00   0.000000E+00   0.000000E+00   0.000000E+00   0.000000E+00   0.000000E+00   0.000000E+00   0.000000E+00   0.000000E+00   0.000000E+00   0.000000E+00   0.000000E+00   0.000000E+00   0.000000E+00   0.000000E+00   0.000000E+00   0.000000E+00   0.000000E+00   0.000000E+00   0.000000E+00   0.000000E+00   0.000000E+00
   0.000000E+00   0.000000E+00   0.000000E+00   0.000000E+00   0.000000E+00   0.000000E+00   0.000000E+00   0.000000E+00   0.000000E+00   0.000000E+00   0.000000E+00   0.000000E+00   0.000000E+00   0.000000E+00   0.000000E+00   0.000000E+00   0.000000E+00   0.000000E+00   0.000000E+00   0.000000E+00   0.000000E+00   0.000000E+00   0.000000E+00   0.000000E+00   0.000000E+00   0.000000E+00   0.000000E+00
   0.000000E+00   0.000000E+00   0.000000E+00   0.000000E+00   0.000000E+00   0.000000E+00   0.000000E+00   0.000000E+00   0.000000E+00   0.000000E+00   0.000000E+00   0.000000E+00   0.000000E+00   0.000000E+00   0.000000E+00   0.000000E+00   0.000000E+00   0.000000E+00   0.000000E+00   0.000000E+00   0.000000E+00   0.000000E+00   0.000000E+00   0.000000E+00   0.000000E+00   0.000000E+00   0.000000E+00
   0.000000E+00   0.000000E+00   0.000000E+00   0.000000E+00   0.000000E+00   0.000000E+00   0.000000E+00   0.000000E+00   0.000000E+00   0.000000E+00   0.000000E+00   0.000000E+00   0.000000E+00   0.000000E+00   0.000000E+00   0.000000E+00   0.000000E+00   0.000000E+00   0.000000E+00   0.000000E+00   0.000000E+00   0.000000E+00   0.000000E+00   0.000000E+00   0.000000E+00   0.000000E+00   0.000000E+00
   0.000000E+00   0.000000E+00   0.000000E+00   0.000000E+00   0.000000E+00   0.000000E+00   0.000000E+00   0.000000E+00   0.000000E+00   0.000000E+00   0.000000E+00   0.000000E+00   0.000000E+00   0.000000E+00   0.000000E+00   0.000000E+00   0.000000E+00   0.000000E+00   0.000000E+00   0.000000E+00   0.000000E+00   0.000000E+00   0.000000E+00   0.000000E+00   0.000000E+00   0.000000E+00   0.000000E+00
   0.000000E+00   0.000000E+00   0.000000E+00   0.000000E+00   0.000000E+00   0.000000E+00   0.000000E+00   0.000000E+00   0.000000E+00   0.000000E+00   0.000000E+00   0.000000E+00   0.000000E+00   0.000000E+00   0.000000E+00   0.000000E+00   0.000000E+00   0.000000E+00   0.000000E+00   0.000000E+00   0.000000E+00   0.000000E+00   0.000000E+00   0.000000E+00   0.000000E+00   0.000000E+00   0.000000E+00
   0.000000E+00   0.000000E+00   0.000000E+00   0.000000E+00   0.000000E+00   0.000000E+00   0.000000E+00   0.000000E+00   0.000000E+00   0.000000E+00   0.000000E+00   0.000000E+00   0.000000E+00   0.000000E+00   0.000000E+00   0.000000E+00   0.000000E+00   0.000000E+00   0.000000E+00   0.000000E+00   0.000000E+00   0.000000E+00   0.000000E+00   0.000000E+00   0.000000E+00   0.000000E+00   0.000000E+00
   0.000000E+00   0.000000E+00   0.000000E+00   0.000000E+00   0.000000E+00   0.000000E+00   0.000000E+00   0.000000E+00   0.000000E+00   0.000000E+00   0.000000E+00   0.000000E+00   0.000000E+00   0.000000E+00   0.000000E+00   0.000000E+00   0.000000E+00   0.000000E+00   0.000000E+00   0.000000E+00   0.000000E+00   0.000000E+00   0.000000E+00   0.000000E+00   0.000000E+00   0.000000E+00   0.000000E+00
   0.000000E+00   0.000000E+00   0.000000E+00   0.000000E+00   0.000000E+00   0.000000E+00   0.000000E+00   0.000000E+00   0.000000E+00   0.000000E+00   0.000000E+00   0.000000E+00   0.000000E+00   0.000000E+00   0.000000E+00   0.000000E+00   0.000000E+00   0.000000E+00   0.000000E+00   0.000000E+00   0.000000E+00   0.000000E+00   0.000000E+00   0.000000E+00   0.000000E+00   0.000000E+00   0.000000E+00
   0.000000E+00   0.000000E+00   0.000000E+00   0.000000E+00   0.000000E+00   0.000000E+00   0.000000E+00   0.000000E+00   0.000000E+00   0.000000E+00   0.000000E+00   0.000000E+00   0.000000E+00   0.000000E+00   0.000000E+00   0.000000E+00   0.000000E+00   0.000000E+00   0.000000E+00   0.000000E+00   0.000000E+00   0.000000E+00   0.000000E+00   0.000000E+00   0.000000E+00   0.000000E+00   0.000000E+00
   0.000000E+00   0.000000E+00   0.000000E+00   0.000000E+00   0.000000E+00   0.000000E+00   0.000000E+00   0.000000E+00   0.000000E+00   0.000000E+00   0.000000E+00   0.000000E+00   0.000000E+00   0.000000E+00   0.000000E+00   0.000000E+00   0.000000E+00   0.000000E+00   0.000000E+00   0.000000E+00   0.000000E+00   0.000000E+00   0.000000E+00   0.000000E+00   0.000000E+00   0.000000E+00   0.000000E+00
   0.000000E+00   0.000000E+00   0.000000E+00   0.000000E+00   0.000000E+00   0.000000E+00   0.000000E+00   0.000000E+00   0.000000E+00   0.000000E+00   0.000000E+00   0.000000E+00   0.000000E+00   0.000000E+00   0.000000E+00   0.000000E+00   0.000000E+00   0.000000E+00   0.000000E+00   0.000000E+00   0.000000E+00   0.000000E+00   0.000000E+00   0.000000E+00   0.000000E+00   0.000000E+00   0.000000E+00
   0.000000E+00   0.000000E+00   0.000000E+00   0.000000E+00   0.000000E+00   0.000000E+00   0.000000E+00   0.000000E+00   0.000000E+00   0.000000E+00   0.000000E+00   0.000000E+00   0.000000E+00   0.000000E+00   0.000000E+00   0.000000E+00   0.000000E+00   0.000000E+00   0.000000E+00   0.000000E+00   0.000000E+00   0.000000E+00   0.000000E+00   0.000000E+00   0.000000E+00   0.000000E+00   0.000000E+00
   0.000000E+00   0.000000E+00   0.000000E+00   0.000000E+00   0.000000E+00   0.000000E+00   0.000000E+00   0.000000E+00   0.000000E+00   0.000000E+00   0.000000E+00   0.000000E+00   0.000000E+00   0.000000E+00   0.000000E+00   0.000000E+00   0.000000E+00   0.000000E+00   0.000000E+00   0.000000E+00   0.000000E+00   0.000000E+00   0.000000E+00   0.000000E+00   0.000000E+00   0.000000E+00   0.000000E+00
   0.000000E+00   0.000000E+00   0.000000E+00   0.000000E+00   0.000000E+00   0.000000E+00   0.000000E+00   0.000000E+00   0.000000E+00   0.000000E+00   0.000000E+00   0.000000E+00   0.000000E+00   0.000000E+00   0.000000E+00   0.000000E+00   0.000000E+00   0.000000E+00   0.000000E+00   0.000000E+00   0.000000E+00   0.000000E+00   0.000000E+00   0.000000E+00   0.000000E+00   0.000000E+00   0.000000E+00
   0.000000E+00   0.000000E+00   0.000000E+00   0.000000E+00   0.000000E+00   0.000000E+00   0.000000E+00   0.000000E+00   0.000000E+00   0.000000E+00   0.000000E+00   0.000000E+00   0.000000E+00   0.000000E+00   0.000000E+00   0.000000E+00   0.000000E+00   0.000000E+00   0.000000E+00   0.000000E+00   0.000000E+00   0.000000E+00   0.000000E+00   0.000000E+00   0.000000E+00   0.000000E+00   0.000000E+00
   0.000000E+00   0.000000E+00   0.000000E+00   0.000000E+00   0.000000E+00   0.000000E+00   0.000000E+00   0.000000E+00   0.000000E+00   0.000000E+00   0.000000E+00   0.000000E+00   0.000000E+00   0.000000E+00   0.000000E+00   0.000000E+00   0.000000E+00   0.000000E+00   0.000000E+00   0.000000E+00   0.000000E+00   0.000000E+00   0.000000E+00   0.000000E+00   0.000000E+00   0.000000E+00   0.000000E+00
   0.000000E+00   0.000000E+00   0.000000E+00   0.000000E+00   0.000000E+00   0.000000E+00   0.000000E+00   0.000000E+00   0.000000E+00   0.000000E+00   0.000000E+00   0.000000E+00   0.000000E+00   0.000000E+00   0.000000E+00   0.000000E+00   0.000000E+00   0.000000E+00   0.000000E+00   0.000000E+00   0.000000E+00   0.000000E+00   0.000000E+00   0.000000E+00   0.000000E+00   0.000000E+00   0.000000E+00
   0.000000E+00   0.000000E+00   0.000000E+00   0.000000E+00   0.000000E+00   0.000000E+00   0.000000E+00   0.000000E+00   0.000000E+00   0.000000E+00   0.000000E+00   0.000000E+00   0.000000E+00   0.000000E+00   0.000000E+00   0.000000E+00   0.000000E+00   0.000000E+00   0.000000E+00   0.000000E+00   0.000000E+00   0.000000E+00   0.000000E+00   0.000000E+00   0.000000E+00   0.000000E+00   0.000000E+00
   0.000000E+00   0.000000E+00   0.000000E+00   0.000000E+00   0.000000E+00   0.000000E+00   0.000000E+00   0.000000E+00   0.000000E+00   0.000000E+00   0.000000E+00   0.000000E+00   0.000000E+00   0.000000E+00   0.000000E+00   0.000000E+00   0.000000E+00   0.000000E+00   0.000000E+00   0.000000E+00   0.000000E+00   0.000000E+00   0.000000E+00   0.000000E+00   0.000000E+00   0.000000E+00   0.000000E+00
   0.000000E+00   0.000000E+00   0.000000E+00   0.000000E+00   0.000000E+00   0.000000E+00   0.000000E+00   0.000000E+00   0.000000E+00   0.000000E+00   0.000000E+00   0.000000E+00   0.000000E+00   0.000000E+00   0.000000E+00   0.000000E+00   0.000000E+00   0.000000E+00   0.000000E+00   0.000000E+00   0.000000E+00   0.000000E+00   0.000000E+00   0.000000E+00   0.000000E+00   0.000000E+00   0.000000E+00
   0.000000E+00   0.000000E+00   0.000000E+00   0.000000E+00   0.000000E+00   0.000000E+00   0.000000E+00   0.000000E+00   0.000000E+00   0.000000E+00   0.000000E+00   0.000000E+00   0.000000E+00   0.000000E+00   0.000000E+00   0.000000E+00   0.000000E+00   0.000000E+00   0.000000E+00   0.000000E+00   0.000000E+00   0.000000E+00   0.000000E+00   0.000000E+00   0.000000E+00   0.000000E+00   0.000000E+00
   0.000000E+00   0.000000E+00   0.000000E+00   0.000000E+00   0.000000E+00   0.000000E+00   0.000000E+00   0.000000E+00   0.000000E+00   0.000000E+00   0.000000E+00   0.000000E+00   0.000000E+00   0.000000E+00   0.000000E+00   0.000000E+00   0.000000E+00   0.000000E+00   0.000000E+00   0.000000E+00   0.000000E+00   0.000000E+00   0.000000E+00   0.000000E+00   0.000000E+00   0.000000E+00   0.000000E+00
   0.000000E+00   0.000000E+00   0.000000E+00   0.000000E+00   0.000000E+00   0.000000E+00   0.000000E+00   0.000000E+00   0.000000E+00   0.000000E+00   0.000000E+00   0.000000E+00   0.000000E+00   0.000000E+00   0.000000E+00   0.000000E+00   0.000000E+00   0.000000E+00   0.000000E+00   0.000000E+00   0.000000E+00   0.000000E+00   0.000000E+00   0.000000E+00   0.000000E+00   0.000000E+00   0.000000E+00
   0.000000E+00   0.000000E+00   0.000000E+00   0.000000E+00   0.000000E+00   0.000000E+00   0.000000E+00   0.000000E+00   0.000000E+00   0.000000E+00   0.000000E+00   0.000000E+00   0.000000E+00   0.000000E+00   0.000000E+00   0.000000E+00   0.000000E+00   0.000000E+00   0.000000E+00   0.000000E+00   0.000000E+00   0.000000E+00   0.000000E+00   0.000000E+00   0.000000E+00   0.000000E+00   0.000000E+00
   0.000000E+00   0.000000E+00   0.000000E+00   0.000000E+00   0.000000E+00   0.000000E+00   0.000000E+00   0.000000E+00   0.000000E+00   0.000000E+00   0.000000E+00   0.000000E+00   0.000000E+00   0.000000E+00   0.000000E+00   0.000000E+00   0.000000E+00   0.000000E+00   0.000000E+00   0.000000E+00   0.000000E+00   0.000000E+00   0.000000E+00   0.000000E+00   0.000000E+00   0.000000E+00   0.000000E+00
   0.000000E+00   0.000000E+00   0.000000E+00   0.000000E+00   0.000000E+00   0.000000E+00   0.000000E+00   0.000000E+00   0.000000E+00   0.000000E+00   0.000000E+00   0.000000E+00   0.000000E+00   0.000000E+00   0.000000E+00   0.000000E+00   0.000000E+00   0.000000E+00   0.000000E+00   0.000000E+00   0.000000E+00   0.000000E+00   0.000000E+00   0.000000E+00   0.000000E+00   0.000000E+00   0.000000E+00
   0.000000E+00   0.000000E+00   0.000000E+00   0.000000E+00   0.000000E+00   0.000000E+00   0.000000E+00   0.000000E+00   0.000000E+00   0.000000E+00   0.000000E+00   0.000000E+00   0.000000E+00   0.000000E+00   0.000000E+00   0.000000E+00   0.000000E+00   0.000000E+00   0.000000E+00   0.000000E+00   0.000000E+00   0.000000E+00   0.000000E+00   0.000000E+00   0.000000E+00   0.000000E+00   0.000000E+00
   0.000000E+00   0.000000E+00   0.000000E+00   0.000000E+00   0.000000E+00   0.000000E+00   0.000000E+00   0.000000E+00   0.000000E+00   0.000000E+00   0.000000E+00   0.000000E+00   0.000000E+00   0.000000E+00   0.000000E+00   0.000000E+00   0.000000E+00   0.000000E+00   0.000000E+00   0.000000E+00   0.000000E+00   0.000000E+00   0.000000E+00   0.000000E+00   0.000000E+00   0.000000E+00   0.000000E+00
   0.000000E+00   0.000000E+00   0.000000E+00   0.000000E+00   0.000000E+00   0.000000E+00   0.000000E+00   0.000000E+00   0.000000E+00   0.000000E+00   0.000000E+00   0.000000E+00   0.000000E+00   0.000000E+00   0.000000E+00   0.000000E+00   0.000000E+00   0.000000E+00   0.000000E+00   0.000000E+00   0.000000E+00   0.000000E+00   0.000000E+00   0.000000E+00   0.000000E+00   0.000000E+00   0.000000E+00
   0.000000E+00   0.000000E+00   0.000000E+00   0.000000E+00   0.000000E+00   0.000000E+00   0.000000E+00   0.000000E+00   0.000000E+00   0.000000E+00   0.000000E+00   0.000000E+00   0.000000E+00   0.000000E+00   0.000000E+00   0.000000E+00   0.000000E+00   0.000000E+00   0.000000E+00   0.000000E+00   0.000000E+00   0.000000E+00   0.000000E+00   0.000000E+00   0.000000E+00   0.000000E+00   0.000000E+00
   0.000000E+00   0.000000E+00   0.000000E+00   0.000000E+00   0.000000E+00   0.000000E+00   0.000000E+00   0.000000E+00   0.000000E+00   0.000000E+00   0.000000E+00   0.000000E+00   0.000000E+00   0.000000E+00   0.000000E+00   0.000000E+00   0.000000E+00   0.000000E+00   0.000000E+00   0.000000E+00   0.000000E+00   0.000000E+00   0.000000E+00   0.000000E+00   0.000000E+00   0.000000E+00   0.000000E+00
   0.166667E+00   0.218750E-25   0.437500E-25   0.875000E-25   0.175000E-24   0.350000E-24   0.700000E-24   0.140000E-23   0.280000E-23   0.560001E-23   0.112000E-22   0.224000E-22   0.448000E-22   0.795748E-19   0.406165E-12   0.584102E-08   0.235135E-06   0.382992E-07   0.641122E-11   0.245713E-14   0.382244E-19   0.230861E-19   0.458744E-19   0.918874E-19   0.183500E-18   0.367078E-18   0.734090E-18
   0.166667E+00   0.499585E-40   0.559990E-38   0.327075E-35   0.399668E-39   0.487023E-35   0.261665E-34   0.186062E-36   0.104665E-33   0.744623E-36   0.418657E-33   0.297398E-35   0.167464E-32   0.132285E-33   0.675209E-27   0.971011E-23   0.390823E-21   0.803637E-22   0.226786E-25   0.555652E-29   0.734707E-32   0.106944E-33   0.171475E-29   0.237236E-33   0.685925E-29   0.542450E-33   0.887574E-33
   0.166667E+00   0.173385E-39   0.304251E-39   0.327077E-35   0.141059E-38   0.122946E-36   0.261661E-34   0.907769E-38   0.104664E-33   0.348063E-37   0.418656E-33   0.134715E-36   0.167464E-32   0.365107E-33   0.183657E-26   0.252463E-22   0.390823E-21   0.853470E-22   0.949259E-26   0.457596E-29   0.737249E-32   0.117516E-33   0.171474E-29   0.284989E-33   0.685921E-29   0.542450E-33   0.936884E-33
   0.166667E+00   0.543666E-40   0.274817E-39   0.327079E-35   0.399668E-39   0.122828E-36   0.261664E-34   0.813578E-38   0.104665E-33   0.329194E-37   0.418661E-33   0.139205E-36   0.167463E-32   0.148159E-33   0.756234E-27   0.108753E-22   0.437722E-21   0.777904E-22   0.103085E-26   0.490281E-29   0.735215E-32   0.103310E-33   0.171475E-29   0.221696E-33   0.685920E-29   0.542450E-33   0.936884E-33
   0.166667E+00   0.615665E-39   0.409951E-39   0.327078E-35   0.378509E-38   0.123156E-36   0.261664E-34   0.100151E-37   0.104664E-33   0.389319E-37   0.418657E-33   0.143694E-36   0.167463E-32   0.138106E-32   0.361912E-26   0.423361E-22   0.161019E-20   0.263578E-21   0.350488E-25   0.161793E-28   0.751740E-32   0.106625E-33   0.429491E-31   0.309632E-33   0.171799E-30   0.542450E-33   0.591734E-33
   0.166667E+00   0.504890E-37   0.135255E-37   0.327078E-35   0.303830E-36   0.144480E-36   0.261664E-34   0.199271E-36   0.262295E-35   0.537911E-36   0.104880E-34   0.141738E-35   0.419732E-34   0.125036E-30   0.338982E-24   0.392599E-20   0.126924E-18   0.167834E-19   0.343633E-23   0.129124E-26   0.234343E-31   0.606244E-32   0.429645E-31   0.152515E-31   0.171823E-30   0.384400E-31   0.608481E-31
   0.166667E+00   0.489168E-35   0.126813E-35   0.820201E-37   0.283991E-34   0.201158E-35   0.656067E-36   0.180398E-34   0.262389E-35   0.478473E-34   0.104986E-34   0.124251E-33   0.419853E-34   0.113291E-28   0.306748E-22   0.354622E-18   0.114422E-16   0.151261E-17   0.309693E-21   0.116366E-24   0.146213E-29   0.543699E-30   0.430261E-31   0.136124E-29   0.172045E-30   0.340284E-29   0.537071E-29
   0.166667E+00   0.587747E-40   0.271686E-39   0.327079E-35   0.434933E-39   0.122920E-36   0.261660E-34   0.822367E-38   0.104664E-33   0.332710E-37   0.418661E-33   0.127069E-36   0.167463E-32   0.132285E-33   0.756234E-27   0.971011E-23   0.390823E-21   0.828188E-22   0.000000E+00   0.457596E-29   0.733436E-32   0.111526E-33   0.171475E-29   0.233794E-33   0.685922E-29   0.468480E-33   0.936884E-33
   0.166667E+00   0.202038E-38   0.780039E-39   0.327075E-35   0.123192E-37   0.123578E-36   0.261659E-34   0.164036E-37   0.104664E-33   0.532012E-37   0.418660E-33   0.184220E-36   0.167465E-32   0.505859E-32   0.140714E-25   0.164683E-21   0.544025E-20   0.662777E-21   0.146380E-24   0.550749E-28   0.796229E-32   0.284531E-33   0.429460E-31   0.617935E-33   0.171873E-30   0.221911E-32   0.384615E-32
   0.166667E+00   0.171503E-36   0.455181E-37   0.819084E-37   0.104852E-35   0.789229E-37   0.655690E-36   0.686866E-36   0.262201E-35   0.184468E-35   0.104903E-34   0.483290E-35   0.419491E-34   0.437610E-30   0.118553E-23   0.137270E-19   0.443396E-18   0.586847E-19   0.120176E-22   0.451843E-26   0.638000E-31   0.211518E-31   0.429552E-31   0.530442E-31   0.171811E-30   0.132752E-30   0.210109E-30
   0.166667E+00   0.145613E-34   0.388323E-35   0.821141E-37   0.905599E-34   0.649755E-35   0.657148E-36   0.595325E-34   0.262840E-35   0.159921E-33   0.105174E-34   0.418566E-33   0.420515E-34   0.383734E-28   0.103924E-21   0.120351E-17   0.388852E-16   0.514611E-17   0.105428E-20   0.396491E-24   0.496895E-29   0.185489E-29   0.431925E-31   0.464615E-29   0.172415E-30   0.116175E-28   0.183376E-28
   0.166667E+00   0.121301E-32   0.325792E-33   0.961848E-37   0.766746E-32   0.552305E-33   0.781139E-36   0.508892E-32   0.313697E-35   0.137133E-31   0.126005E-34   0.359629E-31   0.505135E-34   0.300154E-26   0.812704E-20   0.939697E-16   0.303235E-14   0.400246E-15   0.798042E-19   0.294908E-22   0.378401E-27   0.144115E-27   0.628212E-31   0.360790E-27   0.222052E-30   0.901824E-27   0.142330E-26
   0.166667E+00   0.399798E-32   0.178639E-32   0.212806E-36   0.181591E-31   0.387455E-32   0.175910E-35   0.215726E-31   0.707309E-35   0.556115E-31   0.285105E-34   0.141901E-30   0.114599E-33   0.310575E-26   0.839553E-20   0.959664E-16   0.306868E-14   0.400629E-15   0.808054E-19   0.299505E-22   0.382156E-27   0.142084E-27   0.212132E-30   0.354489E-27   0.597167E-30   0.884185E-27   0.139443E-26
   0.166667E+00   0.734684E-40   0.277267E-39   0.327079E-35   0.611257E-39   0.122918E-36   0.261664E-34   0.830820E-38   0.104665E-33   0.351137E-37   0.418656E-33   0.128422E-36   0.167463E-32   0.380981E-33   0.675209E-27   0.854489E-23   0.437722E-21   0.105416E-21   0.463881E-26   0.555652E-29   0.737503E-32   0.866789E-34   0.171477E-29   0.248834E-33   0.685921E-29   0.517793E-33   0.788955E-33
   0.166667E+00   0.612873E-38   0.187883E-38   0.327079E-35   0.375453E-37   0.125457E-36   0.261664E-34   0.320986E-37   0.104665E-33   0.967972E-37   0.418659E-33   0.296915E-36   0.167464E-32   0.156414E-31   0.426732E-25   0.497934E-21   0.161801E-19   0.215388E-20   0.438625E-24   0.165388E-27   0.934018E-32   0.749429E-33   0.429614E-31   0.205513E-32   0.171848E-30   0.490671E-32   0.734722E-32
   0.166667E+00   0.568761E-36   0.151745E-36   0.819319E-37   0.353334E-35   0.257434E-36   0.655267E-36   0.232541E-35   0.262257E-35   0.624874E-35   0.104880E-34   0.163734E-34   0.419732E-34   0.149573E-29   0.405125E-23   0.469146E-19   0.151594E-17   0.200638E-18   0.411019E-22   0.154573E-25   0.200689E-30   0.723267E-31   0.429491E-31   0.181223E-30   0.171848E-30   0.453365E-30   0.716026E-30
   0.166667E+00   0.473611E-34   0.127160E-34   0.824139E-37   0.299328E-33   0.215468E-34   0.659781E-36   0.198385E-33   0.264044E-35   0.534491E-33   0.105640E-34   0.140152E-32   0.422531E-34   0.128635E-27   0.348393E-21   0.403623E-17   0.130452E-15   0.172685E-16   0.353832E-20   0.133093E-23   0.166664E-28   0.622839E-29   0.436701E-31   0.156027E-28   0.173586E-30   0.390158E-28   0.615851E-28
   0.166667E+00   0.383664E-32   0.105252E-32   0.120847E-36   0.238295E-31   0.180769E-32   0.100227E-35   0.167306E-31   0.404652E-35   0.452186E-31   0.163283E-34   0.118806E-30   0.656892E-34   0.795395E-26   0.215294E-19   0.248380E-15   0.800081E-14   0.105318E-14   0.209700E-18   0.775577E-22   0.993650E-27   0.378283E-27   0.103589E-30   0.946369E-27   0.317849E-30   0.236451E-26   0.373122E-26
   0.166667E+00   0.553532E-32   0.277542E-32   0.402436E-36   0.244900E-31   0.616939E-32   0.354068E-35   0.316040E-31   0.145118E-34   0.807292E-31   0.593796E-34   0.204916E-30   0.240919E-33   0.386881E-26   0.104570E-19   0.119422E-15   0.381595E-14   0.498152E-15   0.100711E-18   0.373547E-22   0.475706E-27   0.176323E-27   0.562196E-30   0.439792E-27   0.141166E-29   0.109677E-26   0.172960E-26
   0.166667E+00   0.676049E-32   0.355533E-32   0.254888E-34   0.274627E-31   0.741561E-32   0.217195E-33   0.363168E-31   0.876633E-33   0.921220E-31   0.355859E-32   0.234458E-30   0.143671E-31   0.407275E-26   0.110064E-19   0.125550E-15   0.400807E-14   0.523408E-15   0.105999E-18   0.393414E-22   0.500274E-27   0.184749E-27   0.175355E-28   0.460592E-27   0.472637E-28   0.114841E-26   0.181099E-26
   0.166667E+00   0.484891E-40   0.262267E-39   0.327075E-35   0.387913E-39   0.122892E-36   0.261661E-34   0.801623E-38   0.104664E-33   0.331935E-37   0.418659E-33   0.134282E-36   0.167463E-32   0.132285E-33   0.648200E-27   0.971011E-23   0.390823E-21   0.702770E-22   0.000000E+00   0.408568E-29   0.734452E-32   0.757623E-34   0.171475E-29   0.214497E-33   0.685922E-29   0.468480E-33   0.788955E-33
   0.166667E+00   0.199775E-37   0.557545E-38   0.327079E-35   0.124026E-36   0.131684E-36   0.261662E-34   0.896409E-37   0.104664E-33   0.252863E-36   0.418659E-33   0.696654E-36   0.419522E-34   0.524590E-31   0.142496E-24   0.164994E-20   0.535740E-19   0.708899E-20   0.144731E-23   0.544212E-27   0.141069E-31   0.258212E-32   0.429491E-31   0.650911E-32   0.171823E-30   0.165694E-31   0.262821E-31
   0.166667E+00   0.168241E-35   0.451822E-36   0.819672E-37   0.106212E-34   0.769220E-36   0.655596E-36   0.704225E-35   0.262257E-35   0.189727E-34   0.104956E-34   0.497627E-34   0.419612E-34   0.455965E-29   0.123496E-22   0.143072E-18   0.462418E-17   0.612124E-18   0.125416E-21   0.471750E-25   0.597756E-30   0.220784E-30   0.429799E-31   0.553131E-30   0.171934E-30   0.138349E-29   0.218393E-29
   0.166667E+00   0.138044E-33   0.373280E-34   0.832073E-37   0.886604E-33   0.641132E-34   0.667116E-36   0.592603E-33   0.266865E-35   0.160134E-32   0.106806E-34   0.420684E-32   0.427225E-34   0.386284E-27   0.104626E-20   0.121257E-16   0.392022E-15   0.519040E-16   0.106159E-19   0.397835E-23   0.500591E-28   0.187325E-28   0.450444E-31   0.469316E-28   0.176544E-30   0.117363E-27   0.185258E-27
   0.166667E+00   0.106615E-31   0.331576E-32   0.190841E-36   0.617412E-31   0.578923E-32   0.164273E-35   0.525927E-31   0.669053E-35   0.141677E-30   0.272466E-34   0.371320E-30   0.109191E-33   0.168700E-25   0.456431E-19   0.524950E-15   0.168681E-13   0.221388E-14   0.443109E-18   0.164135E-21   0.209562E-26   0.791916E-27   0.231179E-30   0.197932E-26   0.597487E-30   0.494247E-26   0.779770E-26
   0.166667E+00   0.698150E-32   0.363778E-32   0.997401E-36   0.294687E-31   0.775435E-32   0.905191E-35   0.385724E-31   0.373361E-34   0.977016E-31   0.153859E-33   0.246853E-30   0.617907E-33   0.445437E-26   0.120385E-19   0.137390E-15   0.438774E-14   0.572846E-15   0.115943E-18   0.430205E-22   0.547291E-27   0.202439E-27   0.169841E-29   0.504830E-27   0.387381E-29   0.125881E-26   0.198504E-26
   0.166667E+00   0.744629E-32   0.393142E-32   0.740758E-34   0.302571E-31   0.834081E-32   0.643653E-33   0.406430E-31   0.260654E-32   0.104215E-30   0.106262E-31   0.269677E-30   0.420359E-31   0.448034E-26   0.121079E-19   0.138113E-15   0.440909E-14   0.575797E-15   0.116610E-18   0.432805E-22   0.550269E-27   0.203624E-27   0.227547E-28   0.506945E-27   0.618882E-28   0.126558E-26   0.199892E-26
   0.166667E+00   0.499585E-40   0.270770E-39   0.327079E-35   0.364403E-39   0.122748E-36   0.261661E-34   0.838237E-38   0.104665E-33   0.350343E-37   0.418656E-33   0.129608E-36   0.167464E-32   0.132285E-33   0.675209E-27   0.971011E-23   0.390823E-21   0.803258E-22   0.247403E-25   0.457596E-29   0.732927E-32   0.545664E-34   0.429614E-31   0.203910E-33   0.171799E-30   0.468480E-33   0.936884E-33
   0.166667E+00   0.646522E-40   0.267780E-39   0.327079E-35   0.505463E-39   0.122795E-36   0.261663E-34   0.394993E-38   0.262220E-35   0.150474E-37   0.104933E-34   0.571804E-37   0.419401E-34   0.148159E-33   0.675209E-27   0.971011E-23   0.390823E-21   0.878526E-22   0.103085E-26   0.457596E-29   0.736740E-32   0.529721E-34   0.429398E-31   0.203870E-33   0.171823E-30   0.468480E-33   0.443787E-33
   0.166667E+00   0.521773E-38   0.153109E-38   0.819496E-37   0.335133E-37   0.644177E-38   0.655361E-36   0.224757E-37   0.262295E-35   0.733518E-37   0.104865E-34   0.213662E-36   0.419491E-34   0.145672E-31   0.399454E-25   0.466474E-21   0.151483E-19   0.202066E-20   0.410277E-24   0.155419E-27   0.921053E-32   0.749806E-33   0.429583E-31   0.197441E-32   0.171787E-30   0.468480E-32   0.690343E-32
   0.166667E+00   0.433384E-33   0.118058E-33   0.863459E-37   0.282859E-32   0.205611E-33   0.696551E-36   0.190723E-32   0.278959E-35   0.516910E-32   0.111794E-34   0.136051E-31   0.447207E-34   0.122628E-26   0.332126E-20   0.384813E-16   0.124380E-14   0.164542E-15   0.331512E-19   0.122874E-22   0.157044E-27   0.593919E-28   0.495772E-31   0.148781E-27   0.185900E-30   0.372035E-27   0.587242E-27
   0.166667E+00   0.220786E-31   0.839960E-32   0.425770E-36   0.115947E-30   0.165503E-31   0.389098E-35   0.120041E-30   0.159017E-34   0.317692E-30   0.656802E-34   0.823675E-30   0.263271E-33   0.264020E-25   0.714030E-19   0.818784E-15   0.262479E-13   0.343847E-14   0.692558E-18   0.256926E-21   0.326846E-26   0.122400E-26   0.580703E-30   0.305663E-26   0.130289E-29   0.762837E-26   0.120329E-25
   0.166667E+00   0.637649E-33   0.334276E-33   0.342909E-36   0.262574E-32   0.698566E-33   0.314191E-35   0.344351E-32   0.128608E-34   0.870001E-32   0.531692E-34   0.219674E-31   0.213258E-33   0.392742E-27   0.106143E-20   0.121102E-16   0.386669E-15   0.504932E-16   0.102240E-19   0.379440E-23   0.489536E-28   0.178357E-28   0.526063E-30   0.444696E-28   0.115461E-29   0.110888E-27   0.174881E-27
   0.166667E+00   0.777504E-32   0.416222E-32   0.256973E-33   0.317039E-31   0.941268E-32   0.231374E-32   0.450013E-31   0.910549E-32   0.119034E-30   0.343380E-31   0.316999E-30   0.116058E-30   0.466617E-26   0.126112E-19   0.143866E-15   0.459353E-14   0.600025E-15   0.121492E-18   0.450941E-22   0.573281E-27   0.212799E-27   0.250594E-28   0.530234E-27   0.686289E-28   0.132902E-26   0.210562E-26
   0.166667E+00   0.461343E-35   0.123985E-35   0.327084E-35   0.290592E-34   0.222432E-35   0.261669E-34   0.192726E-34   0.104666E-33   0.518997E-34   0.418663E-33   0.136075E-33   0.167467E-32   0.124474E-28   0.337125E-22   0.390537E-18   0.126214E-16   0.167069E-17   0.342282E-21   0.128750E-24   0.161877E-29   0.602518E-30   0.430292E-31   0.150937E-29   0.171947E-30   0.377452E-29   0.595819E-29
   0.166667E+00   0.467109E-35   0.126418E-35   0.820318E-37   0.299331E-34   0.217638E-35   0.656396E-36   0.200195E-34   0.262596E-35   0.540799E-34   0.105031E-34   0.142046E-33   0.419943E-34   0.130165E-28   0.352559E-22   0.408591E-18   0.132095E-16   0.174902E-17   0.358387E-21   0.134835E-24   0.169533E-29   0.631204E-30   0.430353E-31   0.158144E-29   0.171996E-30   0.395486E-29   0.624320E-29
   0.166667E+00   0.508331E-33   0.138537E-33   0.915710E-37   0.331399E-32   0.241363E-33   0.749730E-36   0.223515E-32   0.300720E-35   0.605653E-32   0.120250E-34   0.159386E-31   0.476035E-34   0.146301E-26   0.396283E-20   0.459461E-16   0.148591E-14   0.196794E-15   0.403311E-19   0.151773E-22   0.190060E-27   0.710693E-28   0.506650E-31   0.178075E-27   0.187293E-30   0.445351E-27   0.703003E-27
   0.166667E+00   0.177828E-28   0.488129E-29   0.334059E-33   0.117724E-27   0.862125E-29   0.331282E-32   0.802432E-28   0.136075E-31   0.218128E-27   0.543738E-31   0.575190E-27   0.199602E-30   0.477298E-22   0.129253E-15   0.149600E-11   0.483138E-10   0.638255E-11   0.127617E-14   0.472669E-18   0.603816E-23   0.230137E-23   0.274548E-27   0.576315E-23   0.541944E-27   0.144081E-22   0.227410E-22
   0.166667E+00   0.321723E-29   0.162184E-29   0.270351E-33   0.154143E-28   0.388195E-29   0.287245E-32   0.202132E-28   0.121094E-31   0.522167E-28   0.491927E-31   0.133402E-27   0.182328E-30   0.289362E-23   0.782307E-17   0.894987E-13   0.286376E-11   0.374865E-12   0.758425E-16   0.281684E-19   0.357306E-24   0.132844E-24   0.188232E-27   0.331519E-24   0.408262E-27   0.827012E-24   0.130432E-23
   0.166667E+00   0.527869E-31   0.270075E-31   0.280838E-33   0.215116E-30   0.565876E-31   0.313688E-32   0.278399E-30   0.134789E-31   0.710759E-30   0.554248E-31   0.182230E-29   0.206687E-30   0.379841E-25   0.102652E-18   0.117106E-14   0.373875E-13   0.489752E-14   0.993554E-18   0.369393E-21   0.467572E-26   0.172339E-26   0.105581E-27   0.429746E-26   0.255287E-27   0.107152E-25   0.168964E-25
   0.166667E+00   0.128749E-28   0.798352E-29   0.378494E-29   0.538740E-28   0.229162E-28   0.178393E-28   0.889933E-28   0.469757E-28   0.227326E-27   0.121448E-27   0.576899E-27   0.310104E-27   0.930097E-23   0.251356E-16   0.286717E-12   0.915292E-11   0.120024E-11   0.243588E-15   0.906108E-19   0.114565E-23   0.421786E-24   0.319823E-25   0.105179E-23   0.799084E-25   0.262246E-23   0.413522E-23
   0.166667E+00   0.000000E+00   0.000000E+00   0.000000E+00   0.000000E+00   0.000000E+00   0.000000E+00   0.000000E+00   0.000000E+00   0.000000E+00   0.000000E+00   0.000000E+00   0.000000E+00   0.000000E+00   0.000000E+00   0.000000E+00   0.000000E+00   0.000000E+00   0.000000E+00   0.000000E+00   0.000000E+00   0.000000E+00   0.000000E+00   0.000000E+00   0.000000E+00   0.000000E+00   0.000000E+00
   0.166667E+00   0.231212E-26   0.461954E-26   0.923684E-26   0.184895E-25   0.369492E-25   0.738936E-25   0.147801E-24   0.295572E-24   0.591181E-24   0.118228E-23   0.236466E-23   0.472912E-23   0.840521E-20   0.428891E-13   0.616744E-09   0.248262E-07   0.404357E-08   0.676910E-12   0.259427E-15   0.403564E-20   0.243722E-20   0.484251E-20   0.970028E-20   0.193703E-19   0.387504E-19   0.774932E-19
   0.333333E+00   0.218750E-25   0.437500E-25   0.875000E-25   0.175000E-24   0.350000E-24   0.700000E-24   0.140000E-23   0.280000E-23   0.560000E-23   0.112000E-22   0.224000E-22   0.448000E-22   0.749027E-19   0.384092E-12   0.556920E-08   0.225388E-06   0.483007E-07   0.232951E-10   0.373217E-14   0.239327E-19   0.227672E-19   0.458751E-19   0.920216E-19   0.183501E-18   0.367149E-18   0.734181E-18
   0.333333E+00   0.749471E-40   0.163540E-35   0.327075E-35   0.610125E-37   0.130831E-34   0.245679E-36   0.523328E-34   0.104665E-33   0.197083E-35   0.418657E-33   0.788633E-35   0.167464E-32   0.293863E-33   0.160906E-26   0.925823E-23   0.374564E-21   0.134383E-21   0.111392E-25   0.254588E-29   0.248382E-32   0.850816E-30   0.171479E-29   0.266386E-33   0.685916E-29   0.468569E-33   0.789053E-33
   0.333333E+00   0.152667E-38   0.163549E-35   0.327077E-35   0.617646E-37   0.130832E-34   0.247371E-36   0.523355E-34   0.104664E-33   0.197797E-35   0.418656E-33   0.790136E-35   0.167464E-32   0.297798E-31   0.812446E-25   0.943969E-21   0.305944E-19   0.533219E-20   0.311488E-23   0.484387E-27   0.322449E-32   0.214258E-31   0.429559E-31   0.384849E-32   0.171824E-30   0.942070E-32   0.158304E-31
   0.333333E+00   0.117549E-39   0.163547E-35   0.327079E-35   0.610239E-37   0.130831E-34   0.245490E-36   0.523349E-34   0.104665E-33   0.196969E-35   0.418661E-33   0.788478E-35   0.167463E-32   0.116051E-32   0.365230E-26   0.366626E-22   0.145331E-20   0.234508E-21   0.107665E-24   0.174814E-28   0.189216E-33   0.214583E-31   0.171477E-29   0.386214E-33   0.685922E-29   0.517892E-33   0.937000E-33
   0.333333E+00   0.528679E-38   0.163550E-35   0.327078E-35   0.638801E-37   0.130831E-34   0.252778E-36   0.523347E-34   0.104664E-33   0.200053E-35   0.418657E-33   0.796450E-35   0.167463E-32   0.113356E-30   0.307892E-24   0.357442E-20   0.115516E-18   0.201007E-19   0.117909E-22   0.183612E-26   0.120240E-31   0.214349E-31   0.429559E-31   0.142849E-31   0.171848E-30   0.358825E-31   0.569597E-31
   0.333333E+00   0.476115E-36   0.163547E-35   0.327078E-35   0.323993E-36   0.130831E-34   0.939972E-36   0.131383E-35   0.262295E-35   0.295435E-35   0.104880E-34   0.764355E-35   0.419732E-34   0.106427E-28   0.288711E-22   0.334943E-18   0.108226E-16   0.188282E-17   0.110493E-20   0.172108E-24   0.112213E-29   0.218969E-31   0.430052E-31   0.132865E-29   0.171885E-30   0.331463E-29   0.522895E-29
   0.333333E+00   0.462459E-34   0.411893E-37   0.821847E-37   0.246580E-34   0.328786E-36   0.642858E-34   0.131740E-35   0.263160E-35   0.264468E-33   0.105234E-34   0.673585E-33   0.420966E-34   0.967200E-27   0.262342E-20   0.304081E-16   0.981839E-15   0.170711E-15   0.100140E-18   0.155901E-22   0.101608E-27   0.641521E-31   0.462192E-31   0.120251E-27   0.177013E-30   0.299913E-27   0.473095E-27
   0.333333E+00   0.218936E-39   0.163548E-35   0.327078E-35   0.610936E-37   0.130830E-34   0.245631E-36   0.523348E-34   0.104664E-33   0.197192E-35   0.418657E-33   0.788769E-35   0.167463E-32   0.453745E-32   0.127703E-25   0.150354E-21   0.465958E-20   0.797359E-21   0.460343E-24   0.711948E-28   0.532205E-33   0.214554E-31   0.171479E-29   0.786424E-33   0.685922E-29   0.184961E-32   0.231784E-32
   0.333333E+00   0.184597E-37   0.163548E-35   0.327080E-35   0.711557E-37   0.130830E-34   0.272103E-36   0.523347E-34   0.104665E-33   0.208288E-35   0.418660E-33   0.817355E-35   0.167463E-32   0.410631E-30   0.111431E-23   0.129323E-19   0.417819E-18   0.727194E-19   0.426683E-22   0.664645E-26   0.433740E-31   0.214425E-31   0.429621E-31   0.514609E-31   0.171861E-30   0.128560E-30   0.202984E-30
   0.333333E+00   0.161291E-35   0.410630E-37   0.819731E-37   0.907376E-36   0.327845E-36   0.241385E-35   0.131402E-35   0.262163E-35   0.101235E-34   0.104903E-34   0.260196E-34   0.419672E-34   0.371622E-28   0.100816E-21   0.117007E-17   0.378187E-16   0.658105E-17   0.386263E-20   0.601754E-24   0.392409E-29   0.230732E-31   0.430822E-31   0.464729E-29   0.171984E-30   0.115935E-28   0.182903E-28
   0.333333E+00   0.137047E-33   0.414274E-37   0.827195E-37   0.782686E-34   0.331019E-36   0.209316E-33   0.132662E-35   0.264834E-35   0.879946E-33   0.105979E-34   0.225907E-32   0.423825E-34   0.325202E-26   0.882248E-20   0.102428E-15   0.331157E-14   0.576276E-15   0.336876E-18   0.523399E-22   0.342088E-27   0.166487E-30   0.540369E-31   0.407281E-27   0.189240E-30   0.101608E-26   0.160298E-26
   0.333333E+00   0.111770E-31   0.698538E-37   0.142505E-36   0.656072E-32   0.588123E-36   0.176575E-31   0.239171E-35   0.481181E-35   0.746322E-31   0.194451E-34   0.191979E-30   0.782830E-34   0.135753E-24   0.368012E-18   0.425572E-14   0.137160E-12   0.237272E-13   0.137744E-16   0.213322E-20   0.139742E-25   0.123311E-28   0.982109E-30   0.166979E-25   0.164800E-29   0.416265E-25   0.656537E-25
   0.333333E+00   0.221056E-31   0.525379E-36   0.107756E-35   0.300986E-31   0.446942E-35   0.762641E-31   0.180991E-34   0.364851E-34   0.306293E-30   0.147624E-33   0.772733E-30   0.594787E-33   0.562069E-25   0.152263E-18   0.175091E-14   0.561809E-13   0.968907E-14   0.565131E-17   0.875319E-21   0.572839E-26   0.740032E-28   0.145554E-28   0.674321E-26   0.229362E-28   0.167933E-25   0.264771E-25
   0.333333E+00   0.653869E-39   0.163549E-35   0.327078E-35   0.613393E-37   0.130831E-34   0.246337E-36   0.523350E-34   0.104664E-33   0.197489E-35   0.418657E-33   0.788754E-35   0.167463E-32   0.133035E-31   0.366763E-25   0.426249E-21   0.138439E-19   0.232581E-20   0.141813E-23   0.220891E-27   0.148297E-32   0.214180E-31   0.429497E-31   0.183320E-32   0.685920E-29   0.421712E-32   0.660832E-32
   0.333333E+00   0.522008E-37   0.163547E-35   0.327080E-35   0.903033E-37   0.130830E-34   0.323214E-36   0.523350E-34   0.104665E-33   0.229500E-35   0.418661E-33   0.871206E-35   0.167463E-32   0.119887E-29   0.325280E-23   0.377536E-19   0.122039E-17   0.212371E-18   0.124632E-21   0.194158E-25   0.126661E-30   0.214853E-31   0.429713E-31   0.150083E-30   0.171774E-30   0.374510E-30   0.591296E-30
   0.333333E+00   0.533491E-35   0.410747E-37   0.819966E-37   0.304835E-35   0.327869E-36   0.815168E-35   0.131402E-35   0.262239E-35   0.342853E-34   0.104933E-34   0.880903E-34   0.419732E-34   0.126662E-27   0.343633E-21   0.398978E-17   0.128998E-15   0.224536E-16   0.131807E-19   0.205371E-23   0.133953E-28   0.270657E-31   0.433904E-31   0.158679E-28   0.172526E-30   0.395880E-28   0.624548E-28
   0.333333E+00   0.444150E-33   0.420504E-37   0.840243E-37   0.258020E-33   0.336756E-36   0.694159E-33   0.135050E-35   0.269668E-35   0.293299E-32   0.107920E-34   0.754379E-32   0.431890E-34   0.105628E-25   0.286549E-19   0.332696E-15   0.107567E-13   0.187087E-14   0.108593E-17   0.168245E-21   0.110200E-26   0.507190E-30   0.798752E-31   0.132307E-26   0.229349E-30   0.330081E-26   0.520740E-26
   0.333333E+00   0.303112E-31   0.118957E-36   0.246677E-36   0.212523E-31   0.104109E-35   0.575346E-31   0.427410E-35   0.864769E-35   0.244380E-30   0.352031E-34   0.629763E-30   0.142392E-33   0.230550E-24   0.624859E-18   0.721167E-14   0.232066E-12   0.401077E-13   0.233488E-16   0.361749E-20   0.236697E-25   0.404567E-28   0.311377E-29   0.281106E-25   0.494927E-29   0.700523E-25   0.110473E-24
   0.333333E+00   0.255163E-31   0.119073E-35   0.252711E-35   0.355357E-31   0.110037E-34   0.898828E-31   0.458205E-34   0.933782E-34   0.360480E-30   0.383678E-33   0.909012E-30   0.156094E-32   0.615430E-25   0.166718E-18   0.191680E-14   0.614952E-13   0.106100E-13   0.618788E-17   0.958538E-21   0.627184E-26   0.924395E-28   0.463228E-28   0.737786E-26   0.745873E-28   0.183732E-25   0.289678E-25
   0.333333E+00   0.253132E-31   0.951674E-34   0.196831E-33   0.356704E-31   0.825956E-33   0.904822E-31   0.335663E-32   0.678495E-32   0.368395E-30   0.275543E-31   0.948000E-30   0.111275E-30   0.585815E-25   0.158695E-18   0.182424E-14   0.585172E-13   0.100996E-13   0.588936E-17   0.912367E-21   0.596907E-26   0.938584E-28   0.144107E-27   0.701761E-26   0.362206E-27   0.174755E-25   0.275522E-25
   0.333333E+00   0.631828E-40   0.163548E-35   0.327079E-35   0.609855E-37   0.130830E-34   0.245349E-36   0.523351E-34   0.104664E-33   0.196846E-35   0.418658E-33   0.789040E-35   0.167463E-32   0.124518E-33   0.638514E-27   0.925823E-23   0.374564E-21   0.103156E-21   0.369984E-29   0.111238E-28   0.770786E-34   0.214271E-31   0.429528E-31   0.179589E-33   0.171836E-30   0.468569E-33   0.789053E-33
   0.333333E+00   0.168902E-36   0.163548E-35   0.327075E-35   0.157552E-36   0.130830E-34   0.503629E-36   0.523347E-34   0.104665E-33   0.114653E-35   0.104926E-34   0.303334E-35   0.419491E-34   0.399848E-29   0.108481E-22   0.125952E-18   0.407235E-17   0.708835E-18   0.416072E-21   0.648298E-25   0.422886E-30   0.216045E-31   0.429836E-31   0.500991E-30   0.171873E-30   0.125019E-29   0.197234E-29
   0.333333E+00   0.144661E-34   0.411188E-37   0.820436E-37   0.841757E-35   0.328386E-36   0.226400E-34   0.131552E-35   0.262709E-35   0.956567E-34   0.105023E-34   0.246095E-33   0.420214E-34   0.353794E-27   0.959890E-21   0.111494E-16   0.360598E-15   0.627825E-16   0.368595E-19   0.574403E-23   0.374735E-28   0.372704E-31   0.442101E-31   0.444020E-28   0.173759E-30   0.110784E-27   0.174779E-27
   0.333333E+00   0.118486E-32   0.451860E-37   0.908128E-37   0.701243E-33   0.367107E-36   0.189791E-32   0.147962E-35   0.296074E-35   0.806016E-32   0.118783E-34   0.207701E-31   0.476367E-34   0.265325E-25   0.719699E-19   0.835272E-15   0.269975E-13   0.469056E-14   0.271379E-17   0.420223E-21   0.275450E-26   0.136300E-29   0.148968E-30   0.331726E-26   0.338791E-30   0.827526E-26   0.130548E-25
   0.333333E+00   0.615864E-31   0.423681E-36   0.909580E-36   0.634503E-31   0.403152E-35   0.170358E-30   0.169720E-34   0.347326E-34   0.717367E-30   0.142546E-33   0.184171E-29   0.582230E-33   0.312177E-24   0.845987E-18   0.974807E-14   0.313284E-12   0.541661E-13   0.315753E-16   0.489424E-20   0.319909E-25   0.127207E-27   0.102927E-28   0.377953E-25   0.162905E-28   0.941604E-25   0.148476E-24
   0.333333E+00   0.282632E-31   0.598530E-35   0.130199E-34   0.394670E-31   0.587384E-34   0.995924E-31   0.249541E-33   0.512659E-33   0.398971E-30   0.211352E-32   0.100655E-29   0.866141E-32   0.664610E-25   0.180041E-18   0.206975E-14   0.663963E-13   0.114582E-13   0.668206E-17   0.103515E-20   0.677252E-26   0.103975E-27   0.105560E-27   0.796378E-26   0.210463E-27   0.198320E-25   0.312674E-25
   0.333333E+00   0.278841E-31   0.520412E-33   0.110366E-32   0.408322E-31   0.480297E-32   0.106758E-30   0.199321E-31   0.405466E-31   0.466686E-30   0.161687E-30   0.128377E-29   0.607276E-30   0.642025E-25   0.173922E-18   0.199927E-14   0.641320E-13   0.110690E-13   0.645460E-17   0.999941E-21   0.654192E-26   0.102587E-27   0.159534E-27   0.769121E-26   0.404039E-27   0.191546E-25   0.302025E-25
   0.333333E+00   0.661216E-40   0.163548E-35   0.327077E-35   0.610082E-37   0.130838E-34   0.245349E-36   0.523351E-34   0.104669E-33   0.196994E-35   0.418680E-33   0.789030E-35   0.167472E-32   0.124518E-33   0.638514E-27   0.925823E-23   0.374564E-21   0.112542E-21   0.000000E+00   0.108060E-28   0.734704E-34   0.214286E-31   0.429590E-31   0.191711E-33   0.171873E-30   0.468569E-33   0.937000E-33
   0.333333E+00   0.498116E-39   0.410659E-37   0.819378E-37   0.225695E-38   0.328480E-36   0.865164E-38   0.131373E-35   0.262765E-35   0.677085E-37   0.105091E-34   0.258797E-36   0.420485E-34   0.106438E-31   0.291929E-25   0.343295E-21   0.111770E-19   0.188519E-20   0.115078E-23   0.177982E-27   0.119603E-32   0.214178E-31   0.429621E-31   0.150704E-32   0.171811E-30   0.360058E-32   0.621379E-32
   0.333333E+00   0.452125E-37   0.410659E-37   0.819319E-37   0.288231E-37   0.328480E-36   0.805919E-37   0.131383E-35   0.262784E-35   0.373525E-36   0.105076E-34   0.105023E-35   0.420575E-34   0.113731E-29   0.308632E-23   0.358631E-19   0.116040E-17   0.202110E-18   0.118616E-21   0.184808E-25   0.120685E-30   0.214744E-31   0.429497E-31   0.143172E-30   0.171824E-30   0.357419E-30   0.564370E-30
   0.333333E+00   0.365934E-32   0.867897E-37   0.184076E-36   0.220955E-32   0.807118E-36   0.601649E-32   0.339455E-35   0.693297E-35   0.256835E-31   0.281772E-34   0.663099E-31   0.110633E-33   0.674916E-25   0.183030E-18   0.212161E-14   0.685073E-13   0.118798E-13   0.687912E-17   0.106538E-20   0.698171E-26   0.431532E-29   0.401653E-30   0.839092E-26   0.747395E-30   0.209270E-25   0.330113E-25
   0.333333E+00   0.832960E-31   0.367732E-35   0.825152E-35   0.109015E-30   0.389416E-34   0.283624E-30   0.170102E-33   0.352515E-33   0.116313E-29   0.144946E-32   0.295664E-29   0.563723E-32   0.322881E-24   0.874986E-18   0.100720E-13   0.323433E-12   0.560102E-13   0.326558E-16   0.506456E-20   0.330702E-25   0.251299E-27   0.293522E-28   0.389212E-25   0.471486E-28   0.969491E-25   0.152864E-24
   0.333333E+00   0.241970E-32   0.564541E-35   0.127531E-34   0.340099E-32   0.607593E-34   0.862424E-32   0.266957E-33   0.554390E-33   0.350507E-31   0.228588E-32   0.898731E-31   0.890259E-32   0.565445E-26   0.153178E-19   0.176087E-15   0.564859E-14   0.974960E-15   0.568533E-18   0.880780E-22   0.576223E-27   0.109907E-28   0.153098E-28   0.677477E-27   0.391498E-28   0.168711E-26   0.265997E-26
   0.333333E+00   0.308832E-31   0.555227E-32   0.112093E-31   0.604173E-31   0.392865E-31   0.167718E-30   0.119459E-30   0.202298E-30   0.729783E-30   0.555236E-30   0.189704E-29   0.147025E-29   0.667115E-25   0.180720E-18   0.207743E-14   0.666398E-13   0.115022E-13   0.670713E-17   0.103907E-20   0.679785E-26   0.106426E-27   0.166131E-27   0.799405E-26   0.421599E-27   0.199141E-25   0.314067E-25
   0.333333E+00   0.194187E-34   0.163684E-35   0.327386E-35   0.113677E-34   0.346230E-36   0.305541E-34   0.137279E-35   0.273110E-35   0.129014E-33   0.108341E-34   0.331802E-33   0.430054E-34   0.472243E-27   0.128125E-20   0.148812E-16   0.481273E-15   0.837897E-16   0.491903E-19   0.766528E-23   0.500043E-28   0.428478E-31   0.448110E-31   0.592527E-28   0.174819E-30   0.147835E-27   0.233233E-27
   0.333333E+00   0.262924E-34   0.439988E-37   0.884089E-37   0.156579E-34   0.352836E-36   0.423533E-34   0.139536E-35   0.277323E-35   0.179799E-33   0.109567E-34   0.463316E-33   0.433755E-34   0.660369E-27   0.179176E-20   0.208195E-16   0.673553E-15   0.117299E-15   0.688736E-19   0.107344E-22   0.700435E-28   0.514372E-31   0.455659E-31   0.830170E-28   0.176125E-30   0.207144E-27   0.326809E-27
   0.333333E+00   0.218032E-32   0.285971E-36   0.609782E-36   0.132077E-32   0.239549E-35   0.359518E-32   0.826852E-35   0.150520E-34   0.153429E-31   0.487809E-34   0.396081E-31   0.157385E-33   0.563390E-25   0.152866E-18   0.177681E-14   0.574981E-13   0.100133E-13   0.585429E-17   0.910024E-21   0.594755E-26   0.259665E-29   0.266089E-30   0.709248E-26   0.535291E-30   0.176981E-25   0.279227E-25
   0.333333E+00   0.738968E-28   0.847448E-32   0.183617E-31   0.461984E-28   0.725056E-31   0.126558E-27   0.245149E-30   0.438628E-30   0.543044E-27   0.135412E-29   0.140470E-26   0.408552E-29   0.102428E-20   0.277759E-14   0.321567E-10   0.103732E-08   0.180012E-09   0.104665E-12   0.162335E-16   0.106046E-21   0.912061E-25   0.790121E-26   0.126651E-21   0.128566E-25   0.315801E-21   0.498119E-21
   0.333333E+00   0.874140E-29   0.181832E-31   0.411764E-31   0.123646E-28   0.173456E-30   0.314737E-28   0.611490E-30   0.111046E-29   0.127069E-27   0.350183E-29   0.321604E-27   0.107079E-28   0.272138E-22   0.737415E-16   0.848271E-12   0.272251E-10   0.472063E-11   0.275122E-14   0.426824E-18   0.278561E-23   0.308960E-25   0.150219E-25   0.327077E-23   0.259989E-25   0.814626E-23   0.128439E-22
   0.333333E+00   0.130857E-30   0.320905E-31   0.630888E-31   0.274533E-30   0.196307E-30   0.735514E-30   0.541117E-30   0.883037E-30   0.306353E-29   0.231031E-29   0.783445E-29   0.597041E-29   0.331429E-24   0.897967E-18   0.103229E-13   0.331141E-12   0.573956E-13   0.334346E-16   0.518576E-20   0.338616E-25   0.436309E-27   0.670736E-27   0.397180E-25   0.167667E-26   0.989111E-25   0.155944E-24
   0.333333E+00   0.288903E-28   0.120123E-28   0.190802E-28   0.598536E-28   0.480949E-28   0.151226E-27   0.121172E-27   0.192316E-27   0.605495E-27   0.484370E-27   0.152533E-26   0.121968E-26   0.672205E-22   0.182147E-15   0.209394E-11   0.671701E-10   0.116679E-10   0.679295E-14   0.105423E-17   0.687718E-23   0.795911E-25   0.122596E-24   0.805692E-23   0.306336E-24   0.200648E-22   0.316341E-22
   0.333333E+00   0.000000E+00   0.000000E+00   0.000000E+00   0.000000E+00   0.000000E+00   0.000000E+00   0.000000E+00   0.000000E+00   0.000000E+00   0.000000E+00   0.000000E+00   0.000000E+00   0.000000E+00   0.000000E+00   0.000000E+00   0.000000E+00   0.000000E+00   0.000000E+00   0.000000E+00   0.000000E+00   0.000000E+00   0.000000E+00   0.000000E+00   0.000000E+00   0.000000E+00   0.000000E+00
   0.333333E+00   0.231898E-26   0.461932E-26   0.923820E-26   0.184835E-25   0.369503E-25   0.739195E-25   0.147795E-24   0.295585E-24   0.591250E-24   0.118232E-23   0.236484E-23   0.472920E-23   0.800531E-20   0.408121E-13   0.590978E-09   0.238917E-07   0.511593E-08   0.246910E-11   0.395529E-15   0.253653E-20   0.240333E-20   0.484260E-20   0.972597E-20   0.193704E-19   0.387866E-19   0.775480E-19
   0.500000E+00   0.218750E-25   0.437500E-25   0.875000E-25   0.175000E-24   0.350000E-24   0.700000E-24   0.139112E-23   0.280000E-23   0.560000E-23   0.112000E-22   0.223633E-22   0.448000E-22   0.706143E-19   0.363664E-12   0.531570E-08   0.216249E-06   0.576619E-07   0.543951E-10   0.175071E-13   0.699725E-18   0.225395E-19   0.458773E-19   0.921566E-19   0.183500E-18   0.367217E-18   0.734270E-18
   0.500000E+00   0.772595E-38   0.163540E-35   0.327075E-35   0.654159E-35   0.130831E-34   0.261665E-34   0.490015E-36   0.104665E-33   0.209328E-33   0.418657E-33   0.787783E-35   0.167464E-32   0.223509E-32   0.640828E-26   0.735224E-22   0.250090E-20   0.572004E-21   0.504432E-24   0.186938E-27   0.818961E-32   0.213891E-31   0.986124E-34   0.515131E-33   0.685917E-29   0.108531E-32   0.212084E-32
   0.500000E+00   0.867809E-38   0.163549E-35   0.327098E-35   0.654193E-35   0.130838E-34   0.261661E-34   0.507582E-36   0.104670E-33   0.209338E-33   0.418656E-33   0.799497E-35   0.167464E-32   0.236628E-30   0.641312E-24   0.746323E-20   0.241395E-18   0.524698E-19   0.596049E-22   0.186998E-25   0.743650E-30   0.214210E-31   0.422184E-33   0.306561E-31   0.171786E-30   0.764896E-31   0.121381E-30
   0.500000E+00   0.775532E-38   0.163549E-35   0.327095E-35   0.654192E-35   0.130838E-34   0.261664E-34   0.491042E-36   0.104670E-33   0.209339E-33   0.418661E-33   0.787928E-35   0.167463E-32   0.913288E-32   0.251737E-25   0.287727E-21   0.942869E-20   0.201878E-20   0.229797E-23   0.720541E-27   0.300788E-31   0.213891E-31   0.986124E-34   0.138825E-32   0.685917E-29   0.345325E-32   0.537609E-32
   0.500000E+00   0.111319E-37   0.163549E-35   0.327095E-35   0.654190E-35   0.130839E-34   0.261664E-34   0.554023E-36   0.104670E-33   0.209339E-33   0.418657E-33   0.829986E-35   0.167463E-32   0.900243E-30   0.243834E-23   0.283952E-19   0.919110E-18   0.199730E-18   0.227111E-21   0.712851E-25   0.283488E-29   0.215255E-31   0.130970E-32   0.116686E-30   0.171811E-30   0.290937E-30   0.458694E-30
   0.500000E+00   0.319305E-36   0.163549E-35   0.327097E-35   0.654196E-35   0.130838E-34   0.261664E-34   0.591905E-35   0.262822E-35   0.525493E-35   0.104880E-34   0.396211E-34   0.419732E-34   0.847917E-28   0.229618E-21   0.267506E-17   0.866087E-16   0.188235E-16   0.214103E-19   0.672143E-23   0.267305E-27   0.350369E-31   0.113087E-30   0.109953E-28   0.172378E-30   0.273764E-28   0.431695E-28
   0.500000E+00   0.303094E-34   0.413774E-37   0.827842E-37   0.165510E-36   0.331043E-36   0.660722E-36   0.544438E-33   0.264853E-35   0.529631E-35   0.105738E-34   0.359208E-32   0.423042E-34   0.769812E-26   0.208438E-19   0.242609E-15   0.784903E-14   0.170452E-14   0.193310E-17   0.604765E-21   0.240932E-25   0.125867E-29   0.102413E-28   0.994091E-27   0.211969E-30   0.247464E-26   0.390200E-26
   0.500000E+00   0.785671E-38   0.163548E-35   0.327097E-35   0.654191E-35   0.130838E-34   0.261662E-34   0.492537E-36   0.104669E-33   0.209340E-33   0.418656E-33   0.790172E-35   0.167463E-32   0.344983E-31   0.938269E-25   0.109541E-20   0.355301E-19   0.775714E-20   0.877367E-23   0.276148E-26   0.110014E-30   0.213922E-31   0.107857E-33   0.463046E-32   0.685924E-29   0.111244E-31   0.188903E-31
   0.500000E+00   0.196851E-37   0.163547E-35   0.327097E-35   0.654186E-35   0.130839E-34   0.261664E-34   0.717454E-36   0.104670E-33   0.209337E-33   0.418656E-33   0.939334E-35   0.167463E-32   0.325234E-29   0.880769E-23   0.102610E-18   0.332212E-17   0.722047E-18   0.821246E-21   0.257812E-24   0.102532E-28   0.219074E-31   0.442523E-32   0.421886E-30   0.171762E-30   0.105060E-29   0.165682E-29
   0.500000E+00   0.105958E-35   0.410835E-37   0.821435E-37   0.164287E-36   0.328527E-36   0.656067E-36   0.204318E-34   0.262803E-35   0.525794E-35   0.104910E-34   0.137064E-33   0.419612E-34   0.295029E-27   0.798977E-21   0.931181E-17   0.301578E-15   0.655618E-16   0.745823E-19   0.234187E-22   0.931542E-27   0.689526E-31   0.393870E-30   0.383255E-28   0.173426E-30   0.954297E-28   0.150486E-27
   0.500000E+00   0.893555E-34   0.419093E-37   0.839185E-37   0.167990E-36   0.336027E-36   0.671113E-36   0.177970E-32   0.269122E-35   0.538320E-35   0.107446E-34   0.119884E-31   0.430024E-34   0.253395E-25   0.686142E-19   0.799822E-15   0.259074E-13   0.562875E-14   0.635593E-17   0.198609E-20   0.792043E-25   0.420134E-29   0.346157E-28   0.329393E-26   0.306977E-30   0.820197E-26   0.129341E-25
   0.500000E+00   0.723980E-32   0.108372E-36   0.223685E-36   0.458913E-36   0.936775E-36   0.190341E-35   0.147965E-30   0.774359E-35   0.156158E-34   0.314182E-34   0.100190E-29   0.126886E-33   0.694643E-24   0.187853E-17   0.218088E-13   0.704155E-12   0.151800E-12   0.171807E-15   0.537689E-19   0.213617E-23   0.336971E-27   0.178000E-26   0.885953E-25   0.114278E-28   0.220423E-24   0.347503E-24
   0.500000E+00   0.260951E-31   0.159289E-35   0.327242E-35   0.668577E-35   0.135997E-34   0.275661E-34   0.418566E-30   0.111138E-33   0.223778E-33   0.449932E-33   0.267386E-29   0.181346E-32   0.266493E-24   0.720258E-18   0.833503E-14   0.268435E-12   0.576874E-13   0.654578E-16   0.204796E-19   0.813510E-24   0.318663E-27   0.142396E-26   0.335002E-25   0.237070E-27   0.832975E-25   0.131294E-24
   0.500000E+00   0.807124E-38   0.163547E-35   0.327098E-35   0.654194E-35   0.130837E-34   0.261664E-34   0.497116E-36   0.104669E-33   0.209340E-33   0.418659E-33   0.793161E-35   0.167463E-32   0.959727E-31   0.260321E-24   0.303563E-20   0.983113E-19   0.213968E-19   0.242904E-22   0.762425E-26   0.304094E-30   0.213998E-31   0.144837E-33   0.126114E-31   0.171873E-30   0.309317E-31   0.501111E-31
   0.500000E+00   0.391337E-37   0.163547E-35   0.327093E-35   0.654188E-35   0.130838E-34   0.261660E-34   0.109936E-35   0.104669E-33   0.209339E-33   0.418660E-33   0.119544E-34   0.167462E-32   0.877493E-29   0.237640E-22   0.276955E-18   0.896959E-17   0.194993E-17   0.221816E-20   0.696487E-24   0.277046E-28   0.228014E-31   0.118027E-31   0.113992E-29   0.171897E-30   0.283875E-29   0.447670E-29
   0.500000E+00   0.347474E-35   0.410865E-37   0.822082E-37   0.164358E-36   0.328668E-36   0.656349E-36   0.691090E-34   0.262972E-35   0.525907E-35   0.104956E-34   0.465526E-33   0.419823E-34   0.100242E-26   0.271480E-20   0.316527E-16   0.102545E-14   0.222987E-15   0.253703E-18   0.796778E-22   0.317010E-26   0.183400E-30   0.134078E-29   0.130451E-27   0.177099E-30   0.324843E-27   0.512268E-27
   0.500000E+00   0.288638E-33   0.434316E-37   0.871159E-37   0.174596E-36   0.349780E-36   0.699372E-36   0.588994E-32   0.280708E-35   0.561680E-35   0.112238E-34   0.398694E-31   0.449193E-34   0.788915E-25   0.213580E-18   0.248945E-14   0.806320E-13   0.174998E-13   0.196918E-16   0.615964E-20   0.245083E-24   0.139367E-28   0.115247E-27   0.102495E-25   0.624616E-30   0.255208E-25   0.402446E-25
   0.500000E+00   0.228204E-31   0.223964E-36   0.469040E-36   0.973298E-36   0.200551E-35   0.410501E-35   0.469146E-30   0.167925E-34   0.339964E-34   0.686203E-34   0.316970E-29   0.278191E-33   0.998104E-24   0.269921E-17   0.312961E-13   0.100943E-11   0.217611E-12   0.246659E-15   0.771671E-19   0.306667E-23   0.767330E-27   0.309890E-26   0.126588E-24   0.372426E-28   0.314876E-24   0.496370E-24
   0.500000E+00   0.291454E-31   0.375223E-35   0.797777E-35   0.167501E-34   0.348186E-34   0.718043E-34   0.466355E-30   0.295958E-33   0.601074E-33   0.121688E-32   0.297693E-29   0.495278E-32   0.286849E-24   0.775296E-18   0.897149E-14   0.288921E-12   0.621046E-13   0.704636E-16   0.220457E-19   0.875745E-24   0.344709E-27   0.170426E-26   0.360523E-25   0.628113E-27   0.896424E-25   0.141294E-24
   0.500000E+00   0.284741E-31   0.315252E-33   0.653148E-33   0.134354E-32   0.274789E-32   0.559448E-32   0.460387E-30   0.226275E-31   0.456621E-31   0.919752E-31   0.304474E-29   0.371651E-30   0.271105E-24   0.732748E-18   0.847870E-14   0.273039E-12   0.586972E-13   0.665923E-16   0.208347E-19   0.827642E-24   0.327323E-27   0.178725E-26   0.340663E-25   0.114966E-26   0.847034E-25   0.133509E-24
   0.500000E+00   0.772300E-38   0.163547E-35   0.327096E-35   0.654191E-35   0.130838E-34   0.261661E-34   0.490482E-36   0.104670E-33   0.209339E-33   0.418657E-33   0.787591E-35   0.167463E-32   0.657379E-33   0.224894E-26   0.197945E-22   0.848007E-21   0.136509E-21   0.862277E-25   0.520588E-28   0.348578E-32   0.213861E-31   0.801225E-34   0.272539E-33   0.171799E-30   0.468656E-33   0.789150E-33
   0.500000E+00   0.108410E-36   0.163547E-35   0.327095E-35   0.654193E-35   0.130838E-34   0.655691E-36   0.201584E-35   0.262709E-35   0.525267E-35   0.104850E-34   0.137193E-34   0.419642E-34   0.288513E-28   0.781363E-22   0.910993E-18   0.295127E-16   0.641756E-17   0.730140E-20   0.229305E-23   0.912315E-28   0.260637E-31   0.386961E-31   0.375428E-29   0.171959E-30   0.934889E-29   0.147433E-28
   0.500000E+00   0.874639E-35   0.413039E-37   0.826431E-37   0.165345E-36   0.330737E-36   0.660204E-36   0.178248E-33   0.264797E-35   0.529368E-35   0.105700E-34   0.120635E-32   0.422862E-34   0.258810E-26   0.700947E-20   0.817577E-16   0.264953E-14   0.576293E-15   0.655592E-18   0.205795E-21   0.819420E-26   0.441231E-30   0.346926E-29   0.337399E-27   0.186701E-30   0.840238E-27   0.132506E-26
   0.500000E+00   0.712157E-33   0.604145E-37   0.124185E-36   0.254142E-36   0.517735E-36   0.104934E-35   0.148923E-31   0.427316E-35   0.861741E-35   0.173206E-34   0.101302E-30   0.699594E-34   0.169690E-24   0.459248E-18   0.534964E-14   0.173188E-12   0.375170E-13   0.422390E-16   0.132240E-19   0.525540E-24   0.353139E-28   0.290710E-27   0.219795E-25   0.142011E-29   0.547202E-25   0.862867E-25
   0.500000E+00   0.565457E-31   0.196987E-35   0.429738E-35   0.921162E-35   0.194698E-34   0.405466E-34   0.105315E-29   0.170196E-33   0.348016E-33   0.708370E-33   0.693140E-29   0.290553E-32   0.119486E-23   0.323174E-17   0.374385E-13   0.120673E-11   0.260404E-12   0.295209E-15   0.923420E-19   0.367058E-23   0.110547E-26   0.434579E-26   0.151002E-24   0.128467E-27   0.375554E-24   0.591989E-24
   0.500000E+00   0.317532E-31   0.419906E-34   0.923322E-34   0.199148E-33   0.422971E-33   0.884185E-33   0.506742E-30   0.373006E-32   0.764177E-32   0.155783E-31   0.324911E-29   0.640341E-31   0.307310E-24   0.830611E-18   0.961127E-14   0.309517E-12   0.665399E-13   0.754921E-16   0.236190E-19   0.938254E-24   0.369421E-27   0.194836E-26   0.386194E-25   0.105458E-26   0.960249E-25   0.151354E-24
   0.500000E+00   0.327084E-31   0.398475E-32   0.857225E-32   0.181589E-31   0.378776E-31   0.772914E-31   0.637909E-30   0.297634E-30   0.564037E-30   0.103957E-29   0.494710E-29   0.328176E-29   0.296395E-24   0.801108E-18   0.926971E-14   0.298512E-12   0.641760E-13   0.728077E-16   0.227792E-19   0.904894E-24   0.357108E-27   0.195246E-26   0.372449E-25   0.126137E-26   0.926083E-25   0.145972E-24
   0.500000E+00   0.772594E-38   0.163549E-35   0.327098E-35   0.654193E-35   0.130837E-34   0.261675E-34   0.490201E-36   0.104670E-33   0.209338E-33   0.105068E-34   0.250862E-36   0.420485E-34   0.873375E-33   0.232149E-26   0.219153E-22   0.804888E-21   0.148075E-21   0.142276E-24   0.556083E-28   0.399727E-32   0.213846E-31   0.893674E-34   0.284678E-33   0.171737E-30   0.468656E-33   0.937116E-33
   0.500000E+00   0.515748E-39   0.410747E-37   0.821142E-37   0.164299E-36   0.328480E-36   0.657101E-36   0.213050E-37   0.262747E-35   0.525493E-35   0.105106E-34   0.294424E-36   0.420364E-34   0.784817E-31   0.212948E-24   0.248668E-20   0.806900E-19   0.175733E-19   0.199660E-22   0.627309E-26   0.250000E-30   0.214028E-31   0.135592E-33   0.102433E-31   0.171786E-30   0.254801E-31   0.406412E-31
   0.500000E+00   0.286057E-37   0.410718E-37   0.821612E-37   0.164299E-36   0.328621E-36   0.657195E-36   0.608126E-36   0.262859E-35   0.525644E-35   0.105144E-34   0.427516E-35   0.420364E-34   0.855206E-29   0.231621E-22   0.270248E-18   0.876032E-17   0.190539E-17   0.216068E-20   0.676059E-24   0.270047E-28   0.227892E-31   0.116116E-31   0.111667E-29   0.171885E-30   0.278135E-29   0.438644E-29
   0.500000E+00   0.217147E-32   0.664548E-36   0.150217E-35   0.331226E-35   0.713918E-35   0.149760E-34   0.465396E-31   0.604659E-34   0.117229E-33   0.221275E-33   0.318127E-30   0.739512E-33   0.371125E-24   0.100403E-17   0.116798E-13   0.377715E-12   0.816256E-13   0.921562E-16   0.288496E-19   0.114626E-23   0.110361E-27   0.786116E-27   0.477684E-25   0.450276E-29   0.118892E-24   0.187461E-24
   0.500000E+00   0.702417E-31   0.499718E-34   0.114456E-33   0.254868E-33   0.553350E-33   0.116666E-32   0.119341E-29   0.473126E-32   0.917246E-32   0.172838E-31   0.771264E-29   0.572830E-31   0.108424E-23   0.293344E-17   0.339691E-13   0.109454E-11   0.236720E-12   0.268184E-15   0.838822E-19   0.333535E-23   0.101243E-26   0.414222E-26   0.136825E-24   0.355258E-27   0.340279E-24   0.536371E-24
   0.500000E+00   0.273810E-32   0.115643E-33   0.266604E-33   0.596771E-33   0.130105E-32   0.275200E-32   0.480504E-31   0.111886E-31   0.216288E-31   0.404764E-31   0.342993E-30   0.130889E-30   0.259700E-25   0.701939E-19   0.812229E-15   0.261565E-13   0.562374E-14   0.638005E-17   0.199611E-20   0.792957E-25   0.332336E-28   0.172370E-27   0.326361E-26   0.118336E-27   0.811479E-26   0.127906E-25
   0.500000E+00   0.557692E-31   0.418183E-31   0.701582E-31   0.115612E-30   0.188302E-30   0.304226E-30   0.985318E-30   0.782575E-30   0.124992E-29   0.199274E-29   0.635264E-29   0.504844E-29   0.307354E-24   0.830735E-18   0.961254E-14   0.309553E-12   0.665522E-13   0.755030E-16   0.236225E-19   0.938398E-24   0.369742E-27   0.202222E-26   0.386246E-25   0.130784E-26   0.960445E-25   0.151395E-24
   0.500000E+00   0.780451E-35   0.640909E-37   0.123803E-36   0.238167E-36   0.458043E-36   0.881997E-36   0.158626E-33   0.329646E-35   0.639845E-35   0.124591E-34   0.107284E-32   0.475795E-34   0.226877E-26   0.614460E-20   0.716662E-16   0.232239E-14   0.505127E-15   0.574762E-18   0.180543E-21   0.718455E-26   0.391078E-30   0.304353E-29   0.295701E-27   0.187292E-30   0.736389E-27   0.116129E-26
   0.500000E+00   0.132037E-34   0.803127E-37   0.153584E-36   0.291546E-36   0.552224E-36   0.104694E-35   0.275376E-33   0.378904E-35   0.724669E-35   0.139066E-34   0.187206E-32   0.517022E-34   0.396438E-26   0.107373E-19   0.125286E-15   0.406135E-14   0.883604E-15   0.100557E-17   0.315934E-21   0.125753E-25   0.668517E-30   0.532801E-29   0.517682E-27   0.199014E-30   0.128930E-26   0.203328E-26
   0.500000E+00   0.892881E-33   0.271384E-35   0.497646E-35   0.892049E-35   0.157762E-34   0.276507E-34   0.191083E-31   0.833913E-34   0.143969E-33   0.247128E-33   0.130570E-30   0.717120E-33   0.271072E-24   0.734127E-18   0.856753E-14   0.277771E-12   0.604096E-13   0.683167E-16   0.213580E-19   0.852218E-24   0.452823E-28   0.372829E-27   0.354226E-25   0.207135E-29   0.882227E-25   0.139133E-24
   0.500000E+00   0.298948E-28   0.901167E-31   0.165952E-30   0.298223E-30   0.527982E-30   0.925197E-30   0.656465E-27   0.277910E-29   0.477971E-29   0.816201E-29   0.450878E-26   0.233203E-28   0.339056E-20   0.917854E-14   0.106689E-09   0.344798E-08   0.747734E-09   0.846000E-12   0.264624E-15   0.105257E-19   0.147683E-23   0.729335E-23   0.435172E-21   0.654895E-25   0.108302E-20   0.170754E-20
   0.500000E+00   0.688575E-29   0.358235E-30   0.693252E-30   0.129674E-29   0.237096E-29   0.426345E-29   0.115064E-27   0.132916E-28   0.231629E-28   0.399703E-28   0.753680E-27   0.115919E-27   0.869199E-22   0.235157E-15   0.272230E-11   0.876960E-10   0.189862E-10   0.214981E-13   0.672432E-17   0.267399E-21   0.822208E-25   0.403112E-24   0.109548E-22   0.174552E-24   0.272428E-22   0.429411E-22
   0.500000E+00   0.203711E-30   0.159885E-30   0.256894E-30   0.410998E-30   0.655949E-30   0.104530E-29   0.332040E-29   0.264732E-29   0.420939E-29   0.669031E-29   0.212312E-28   0.168843E-28   0.119275E-23   0.322550E-17   0.373272E-13   0.120214E-11   0.259626E-12   0.294107E-15   0.920068E-19   0.365721E-23   0.125175E-26   0.674314E-26   0.150038E-24   0.430389E-26   0.373086E-24   0.588059E-24
   0.500000E+00   0.322612E-28   0.257056E-28   0.407961E-28   0.647446E-28   0.102750E-27   0.163064E-27   0.511828E-27   0.410660E-27   0.651673E-27   0.103410E-26   0.326027E-26   0.260354E-26   0.207660E-21   0.561851E-15   0.650276E-11   0.209439E-09   0.453881E-10   0.513577E-13   0.160652E-16   0.638879E-21   0.194366E-24   0.103088E-23   0.261475E-22   0.653722E-24   0.650229E-22   0.102490E-21
   0.500000E+00   0.000000E+00   0.000000E+00   0.000000E+00   0.000000E+00   0.000000E+00   0.000000E+00   0.000000E+00   0.000000E+00   0.000000E+00   0.000000E+00   0.000000E+00   0.000000E+00   0.000000E+00   0.000000E+00   0.000000E+00   0.000000E+00   0.000000E+00   0.000000E+00   0.000000E+00   0.000000E+00   0.000000E+00   0.000000E+00   0.000000E+00   0.000000E+00   0.000000E+00   0.000000E+00
   0.500000E+00   0.231525E-26   0.462057E-26   0.924021E-26   0.184789E-25   0.369554E-25   0.739070E-25   0.146960E-24   0.295606E-24   0.591197E-24   0.118237E-23   0.236143E-23   0.472934E-23   0.777891E-20   0.392678E-13   0.571345E-09   0.231575E-07   0.615839E-08   0.582296E-11   0.187339E-14   0.748708E-19   0.237943E-20   0.484358E-20   0.976970E-20   0.193704E-19   0.388671E-19   0.776730E-19
   0.666667E+00   0.218750E-25   0.437500E-25   0.875000E-25   0.175000E-24   0.350000E-24   0.700000E-24   0.140000E-23   0.280000E-23   0.558274E-23   0.112000E-22   0.224000E-22   0.448000E-22   0.666910E-19   0.344769E-12   0.507929E-08   0.207674E-06   0.664105E-07   0.118083E-09   0.655793E-14   0.522785E-18   0.226058E-19   0.459180E-19   0.923101E-19   0.183500E-18   0.367282E-18   0.734358E-18
   0.666667E+00   0.817739E-36   0.163540E-35   0.327075E-35   0.654159E-35   0.130831E-34   0.261665E-34   0.523328E-34   0.104665E-33   0.196799E-35   0.418657E-33   0.837321E-33   0.167464E-32   0.811991E-32   0.226736E-25   0.256017E-21   0.857059E-20   0.221195E-20   0.460668E-23   0.245414E-27   0.203469E-31   0.214194E-31   0.391735E-33   0.133307E-32   0.685917E-29   0.308382E-32   0.503146E-32
   0.666667E+00   0.817740E-36   0.163549E-35   0.327098E-35   0.654193E-35   0.130838E-34   0.261675E-34   0.523355E-34   0.104664E-33   0.211499E-35   0.418679E-33   0.837357E-33   0.167464E-32   0.911239E-30   0.245363E-23   0.286830E-19   0.930067E-18   0.242890E-18   0.518911E-21   0.279874E-25   0.217971E-29   0.215972E-31   0.411383E-31   0.122005E-30   0.171798E-30   0.303325E-30   0.478334E-30
   0.666667E+00   0.817739E-36   0.163549E-35   0.327095E-35   0.654192E-35   0.130838E-34   0.261675E-34   0.523349E-34   0.104665E-33   0.197324E-35   0.418675E-33   0.837357E-33   0.167463E-32   0.344752E-31   0.931474E-25   0.109263E-20   0.355797E-19   0.928875E-20   0.202002E-22   0.106835E-26   0.835396E-31   0.214270E-31   0.154543E-32   0.474304E-32   0.685921E-29   0.116692E-31   0.191886E-31
   0.666667E+00   0.817742E-36   0.163549E-35   0.327095E-35   0.654190E-35   0.130838E-34   0.261675E-34   0.523347E-34   0.104664E-33   0.251961E-35   0.418676E-33   0.837357E-33   0.167463E-32   0.345304E-29   0.929711E-23   0.108774E-18   0.352887E-17   0.922090E-18   0.197067E-20   0.106310E-24   0.828436E-29   0.221169E-31   0.156151E-30   0.463507E-30   0.171811E-30   0.115187E-29   0.181601E-29
   0.666667E+00   0.817737E-36   0.163549E-35   0.327097E-35   0.654196E-35   0.130838E-34   0.261675E-34   0.131383E-35   0.262295E-35   0.521105E-34   0.105084E-34   0.210137E-34   0.419732E-34   0.325847E-27   0.877307E-21   0.102684E-16   0.333237E-15   0.870937E-16   0.186174E-18   0.100444E-22   0.782937E-27   0.876213E-31   0.147531E-28   0.438041E-28   0.173635E-30   0.108848E-27   0.171574E-27
   0.666667E+00   0.208092E-37   0.416448E-37   0.833014E-37   0.166591E-36   0.333300E-36   0.666787E-36   0.133367E-35   0.266207E-35   0.477386E-32   0.106716E-34   0.213432E-34   0.426082E-34   0.294395E-25   0.792454E-19   0.926634E-15   0.300489E-13   0.784487E-14   0.166970E-16   0.899021E-21   0.700730E-25   0.603070E-29   0.133395E-26   0.394011E-26   0.332454E-30   0.978881E-26   0.154288E-25
   0.666667E+00   0.817742E-36   0.163548E-35   0.327095E-35   0.654193E-35   0.130838E-34   0.261674E-34   0.523353E-34   0.104664E-33   0.198899E-35   0.418678E-33   0.837354E-33   0.167464E-32   0.131018E-30   0.353103E-24   0.413544E-20   0.134259E-18   0.350953E-19   0.749080E-22   0.404264E-26   0.315453E-30   0.214301E-31   0.599941E-32   0.177504E-31   0.171786E-30   0.443824E-31   0.690593E-31
   0.666667E+00   0.817744E-36   0.163547E-35   0.327094E-35   0.654193E-35   0.130837E-34   0.261678E-34   0.523348E-34   0.104665E-33   0.395436E-35   0.418679E-33   0.837360E-33   0.167465E-32   0.124284E-28   0.334624E-22   0.391651E-18   0.127100E-16   0.332180E-17   0.710070E-20   0.383087E-24   0.298605E-28   0.239375E-31   0.562723E-30   0.167076E-29   0.171959E-30   0.415179E-29   0.654465E-29
   0.666667E+00   0.817747E-36   0.410865E-37   0.821671E-37   0.164393E-36   0.328668E-36   0.657195E-36   0.131439E-35   0.262370E-35   0.179951E-33   0.105159E-34   0.210318E-34   0.419883E-34   0.112971E-26   0.304169E-20   0.356151E-16   0.115617E-14   0.302253E-15   0.646195E-18   0.348676E-22   0.271862E-26   0.251354E-30   0.512354E-28   0.152134E-27   0.177924E-30   0.378061E-27   0.595943E-27
   0.666667E+00   0.212926E-37   0.426411E-37   0.854232E-37   0.171093E-36   0.342610E-36   0.685689E-36   0.137204E-35   0.274031E-35   0.157179E-31   0.109891E-34   0.219857E-34   0.438992E-34   0.951378E-25   0.256046E-18   0.299820E-14   0.973354E-13   0.254164E-13   0.539165E-16   0.290558E-20   0.226409E-24   0.202077E-28   0.437517E-26   0.128097E-25   0.710601E-30   0.318323E-25   0.501777E-25
   0.666667E+00   0.788316E-37   0.163923E-36   0.340576E-36   0.702311E-36   0.143930E-35   0.293526E-35   0.591067E-35   0.119641E-34   0.128581E-29   0.487253E-34   0.980690E-34   0.197038E-33   0.195150E-23   0.523969E-17   0.610991E-13   0.197703E-11   0.511309E-12   0.109230E-14   0.588746E-19   0.457721E-23   0.126177E-26   0.100318E-24   0.257398E-24   0.442808E-28   0.639044E-24   0.100704E-23
   0.666667E+00   0.172297E-35   0.352602E-35   0.724668E-35   0.148102E-34   0.301334E-34   0.610939E-34   0.122111E-33   0.246325E-33   0.244956E-29   0.997459E-33   0.200352E-32   0.402063E-32   0.783827E-24   0.210233E-17   0.244582E-13   0.789970E-12   0.203475E-12   0.435853E-15   0.234894E-19   0.182519E-23   0.784068E-27   0.445244E-25   0.102248E-24   0.102899E-26   0.253728E-24   0.399778E-24
   0.666667E+00   0.817747E-36   0.163548E-35   0.327096E-35   0.654193E-35   0.130839E-34   0.261677E-34   0.523349E-34   0.104664E-33   0.202124E-35   0.418681E-33   0.837354E-33   0.167462E-32   0.339409E-30   0.914280E-24   0.107017E-19   0.347392E-18   0.908055E-19   0.194055E-21   0.104693E-25   0.816396E-30   0.214741E-31   0.154473E-31   0.457910E-31   0.171848E-30   0.114101E-30   0.180195E-30
   0.666667E+00   0.817737E-36   0.163548E-35   0.327095E-35   0.654191E-35   0.130838E-34   0.261678E-34   0.523348E-34   0.104664E-33   0.695435E-35   0.418674E-33   0.837363E-33   0.167462E-32   0.312158E-28   0.840474E-22   0.984084E-18   0.319457E-16   0.835129E-17   0.178541E-19   0.963365E-24   0.751131E-28   0.277791E-31   0.141564E-29   0.420337E-29   0.172020E-30   0.104458E-28   0.164660E-28
   0.666667E+00   0.205594E-37   0.411188E-37   0.822611E-37   0.164534E-36   0.328927E-36   0.657995E-36   0.131608E-35   0.262615E-35   0.609266E-33   0.105211E-34   0.210543E-34   0.420214E-34   0.382628E-26   0.103023E-19   0.120677E-15   0.391874E-14   0.102473E-14   0.219104E-17   0.118234E-21   0.922161E-26   0.802245E-30   0.173827E-27   0.516168E-27   0.193098E-30   0.128280E-26   0.202215E-26
   0.666667E+00   0.226386E-37   0.454858E-37   0.914300E-37   0.183671E-36   0.368565E-36   0.739057E-36   0.147971E-35   0.295848E-35   0.519091E-31   0.118896E-34   0.237898E-34   0.475434E-34   0.285807E-24   0.768758E-18   0.899966E-14   0.292115E-12   0.761413E-13   0.161324E-15   0.870572E-20   0.677538E-24   0.668001E-28   0.133756E-25   0.384193E-25   0.199489E-29   0.954639E-25   0.150478E-24
   0.666667E+00   0.180352E-36   0.379782E-36   0.798984E-36   0.166379E-35   0.343649E-35   0.705109E-35   0.142203E-34   0.289000E-34   0.358649E-29   0.118306E-33   0.238591E-33   0.480188E-33   0.258020E-23   0.692931E-17   0.807273E-13   0.261023E-11   0.675271E-12   0.144358E-14   0.777777E-19   0.604770E-23   0.203549E-26   0.132907E-24   0.339036E-24   0.147498E-27   0.841601E-24   0.132617E-23
   0.666667E+00   0.398390E-35   0.849916E-35   0.180868E-34   0.380022E-34   0.790406E-34   0.163076E-33   0.329748E-33   0.672555E-33   0.266662E-29   0.276651E-32   0.558765E-32   0.112627E-31   0.838385E-24   0.224876E-17   0.261613E-13   0.844966E-12   0.217675E-12   0.466238E-15   0.251266E-19   0.195246E-23   0.838657E-27   0.477228E-25   0.109362E-24   0.196677E-26   0.271379E-24   0.427590E-24
   0.666667E+00   0.362452E-33   0.749656E-33   0.155762E-32   0.321171E-32   0.658170E-32   0.134214E-31   0.268748E-31   0.544151E-31   0.265857E-29   0.221527E-30   0.445809E-30   0.896003E-30   0.792613E-24   0.212598E-17   0.247323E-13   0.798794E-12   0.205782E-12   0.440752E-15   0.237534E-19   0.184575E-23   0.795276E-27   0.453250E-25   0.103379E-24   0.257357E-26   0.256533E-24   0.404196E-24
   0.666667E+00   0.817734E-36   0.163547E-35   0.327097E-35   0.654196E-35   0.130837E-34   0.261677E-34   0.523348E-34   0.104670E-33   0.196574E-35   0.418682E-33   0.837360E-33   0.167473E-32   0.199561E-32   0.554804E-26   0.692393E-22   0.222200E-20   0.592814E-21   0.109559E-23   0.548198E-28   0.608207E-32   0.214088E-31   0.144973E-33   0.471004E-33   0.171872E-30   0.108551E-32   0.197312E-32
   0.666667E+00   0.817743E-36   0.163549E-35   0.327096E-35   0.164264E-36   0.328621E-36   0.657054E-36   0.131430E-35   0.262822E-35   0.162933E-34   0.105129E-34   0.210272E-34   0.420545E-34   0.101184E-27   0.272439E-21   0.319114E-17   0.103624E-15   0.270966E-16   0.579377E-19   0.312654E-23   0.243846E-27   0.420942E-31   0.459633E-29   0.136483E-28   0.172501E-30   0.339194E-28   0.534692E-28
   0.666667E+00   0.209150E-37   0.419123E-37   0.839597E-37   0.168154E-36   0.336709E-36   0.674217E-36   0.134909E-35   0.269875E-35   0.147073E-32   0.108093E-34   0.216201E-34   0.432582E-34   0.919240E-26   0.247504E-19   0.290020E-15   0.942057E-14   0.246375E-14   0.526142E-17   0.283615E-21   0.221375E-25   0.190540E-29   0.418626E-27   0.124203E-26   0.228793E-30   0.308696E-26   0.486625E-26
   0.666667E+00   0.514044E-37   0.109151E-36   0.231008E-36   0.483446E-36   0.100441E-35   0.207103E-35   0.420338E-35   0.857377E-35   0.122233E-30   0.352919E-34   0.712940E-34   0.143735E-33   0.539176E-24   0.144929E-17   0.169533E-13   0.549940E-12   0.142984E-12   0.303717E-15   0.163876E-19   0.127474E-23   0.156939E-27   0.258738E-25   0.721823E-25   0.491841E-29   0.179324E-24   0.282648E-24
   0.666667E+00   0.327147E-35   0.726296E-35   0.159695E-34   0.343848E-34   0.730371E-34   0.153245E-33   0.313812E-33   0.646940E-33   0.610928E-29   0.270221E-32   0.548733E-32   0.111080E-31   0.292528E-23   0.785860E-17   0.915061E-13   0.295751E-11   0.765898E-12   0.163682E-14   0.881775E-19   0.685751E-23   0.244017E-26   0.149092E-24   0.383634E-24   0.517257E-27   0.952238E-24   0.150046E-23
   0.666667E+00   0.873200E-34   0.195507E-33   0.432821E-33   0.936974E-33   0.199880E-32   0.420815E-32   0.863963E-32   0.178494E-31   0.289541E-29   0.747838E-31   0.152026E-30   0.308007E-30   0.895293E-24   0.240146E-17   0.279374E-13   0.902323E-12   0.232473E-12   0.497911E-15   0.268334E-19   0.208512E-23   0.894716E-27   0.510348E-25   0.116782E-24   0.263359E-26   0.289793E-24   0.456602E-24
   0.666667E+00   0.950109E-32   0.207435E-31   0.444627E-31   0.915609E-31   0.181216E-30   0.344700E-30   0.628404E-30   0.112193E-29   0.469224E-29   0.334051E-29   0.562004E-29   0.933933E-29   0.864478E-24   0.231878E-17   0.269753E-13   0.871240E-12   0.224460E-12   0.480747E-15   0.259086E-19   0.201324E-23   0.865516E-27   0.493841E-25   0.112757E-24   0.280691E-26   0.279804E-24   0.440867E-24
   0.666667E+00   0.817743E-36   0.163549E-35   0.821259E-37   0.164193E-36   0.328480E-36   0.657007E-36   0.131326E-35   0.262728E-35   0.652497E-37   0.105084E-34   0.210227E-34   0.420545E-34   0.239029E-32   0.669432E-26   0.844382E-22   0.270505E-20   0.655839E-21   0.130742E-23   0.682061E-28   0.732543E-32   0.214057E-31   0.172734E-33   0.489289E-33   0.171835E-30   0.106084E-32   0.212111E-32
   0.666667E+00   0.205285E-37   0.410659E-37   0.821259E-37   0.164205E-36   0.328527E-36   0.657054E-36   0.131401E-35   0.262765E-35   0.107625E-36   0.105136E-34   0.210182E-34   0.420364E-34   0.286445E-30   0.771750E-24   0.904434E-20   0.293912E-18   0.768973E-19   0.164321E-21   0.887189E-26   0.692512E-30   0.214726E-31   0.131401E-31   0.388530E-31   0.171872E-30   0.969061E-31   0.152818E-30
   0.666667E+00   0.205653E-37   0.411335E-37   0.823140E-37   0.164593E-36   0.329209E-36   0.658230E-36   0.131646E-35   0.263235E-35   0.513935E-35   0.105272E-34   0.210453E-34   0.420786E-34   0.312080E-28   0.840170E-22   0.984757E-18   0.319944E-16   0.836558E-17   0.178018E-19   0.958497E-24   0.748376E-28   0.278992E-31   0.143024E-29   0.422153E-29   0.172045E-30   0.104930E-28   0.165416E-28
   0.666667E+00   0.221397E-35   0.519910E-35   0.118167E-34   0.255300E-34   0.525919E-34   0.103524E-33   0.194454E-33   0.356910E-33   0.376555E-30   0.112091E-32   0.193980E-32   0.332480E-32   0.105956E-23   0.284654E-17   0.332522E-13   0.107748E-11   0.279421E-12   0.595499E-15   0.321082E-19   0.249704E-23   0.468137E-27   0.524543E-25   0.140925E-24   0.165409E-28   0.350000E-24   0.551615E-24
   0.666667E+00   0.175485E-33   0.415617E-33   0.950891E-33   0.206471E-32   0.426931E-32   0.842675E-32   0.158572E-31   0.291388E-31   0.557564E-29   0.915560E-31   0.158345E-30   0.271087E-30   0.244416E-23   0.657102E-17   0.765045E-13   0.247239E-11   0.641965E-12   0.137024E-14   0.738062E-19   0.574212E-23   0.196205E-26   0.119290E-24   0.320605E-24   0.133677E-26   0.795815E-24   0.125398E-23
   0.666667E+00   0.537311E-33   0.128287E-32   0.293980E-32   0.630234E-32   0.126367E-31   0.238622E-31   0.427987E-31   0.747198E-31   0.365400E-30   0.213681E-30   0.354427E-30   0.583501E-30   0.754722E-25   0.202444E-18   0.235513E-14   0.760660E-13   0.195990E-13   0.419753E-16   0.226213E-20   0.175783E-24   0.774321E-28   0.430597E-26   0.984480E-26   0.253703E-27   0.244297E-25   0.384920E-25
   0.666667E+00   0.675246E-31   0.109075E-30   0.175085E-30   0.279838E-30   0.446124E-30   0.710100E-30   0.112908E-29   0.179436E-29   0.567463E-29   0.452691E-29   0.718793E-29   0.114115E-28   0.894596E-24   0.239960E-17   0.279156E-13   0.901614E-12   0.232298E-12   0.497526E-15   0.268127E-19   0.208352E-23   0.894103E-27   0.510585E-25   0.116691E-24   0.290048E-26   0.289572E-24   0.456265E-24
   0.666667E+00   0.672456E-37   0.125252E-36   0.232619E-36   0.430678E-36   0.795857E-36   0.146739E-35   0.269922E-35   0.497845E-35   0.972124E-33   0.170941E-34   0.319313E-34   0.600348E-34   0.597820E-26   0.160969E-19   0.188615E-15   0.612655E-14   0.160242E-14   0.342669E-17   0.184933E-21   0.144277E-25   0.125002E-29   0.271992E-27   0.807686E-27   0.217035E-30   0.200742E-26   0.316448E-26
   0.666667E+00   0.115179E-36   0.212841E-36   0.390875E-36   0.713384E-36   0.129525E-35   0.233829E-35   0.419426E-35   0.752373E-35   0.202749E-32   0.242569E-34   0.438149E-34   0.796883E-34   0.125104E-25   0.336861E-19   0.394881E-15   0.128307E-13   0.335688E-14   0.717960E-17   0.387529E-21   0.302420E-25   0.259692E-29   0.570217E-27   0.169337E-26   0.266585E-30   0.420903E-26   0.663525E-26
   0.666667E+00   0.546681E-35   0.999601E-35   0.180774E-34   0.323156E-34   0.571236E-34   0.997233E-34   0.171412E-33   0.292219E-33   0.120106E-30   0.825861E-33   0.137442E-32   0.227792E-32   0.716295E-24   0.192828E-17   0.226059E-13   0.734576E-12   0.192056E-12   0.408145E-15   0.219824E-19   0.171390E-23   0.153290E-27   0.329497E-25   0.969683E-25   0.581211E-29   0.241023E-24   0.379958E-24
   0.666667E+00   0.177095E-30   0.326009E-30   0.592650E-30   0.106361E-29   0.188553E-29   0.329816E-29   0.567561E-29   0.967982E-29   0.399249E-26   0.273217E-28   0.453902E-28   0.750378E-28   0.690029E-20   0.185746E-13   0.216911E-09   0.702658E-08   0.183298E-08   0.390290E-11   0.210193E-15   0.163647E-19   0.370924E-23   0.309415E-21   0.918162E-21   0.188890E-24   0.228052E-20   0.359417E-20
   0.666667E+00   0.102619E-29   0.201653E-29   0.386345E-29   0.722736E-29   0.132285E-28   0.236964E-28   0.414874E-28   0.715995E-28   0.579156E-27   0.204645E-27   0.340826E-27   0.563836E-27   0.192052E-21   0.516308E-15   0.601021E-11   0.194204E-09   0.504681E-10   0.107664E-12   0.579933E-17   0.451234E-21   0.153883E-24   0.932945E-23   0.251730E-22   0.393194E-24   0.624836E-22   0.984550E-22
   0.666667E+00   0.205652E-30   0.327607E-30   0.521201E-30   0.828531E-30   0.131640E-29   0.209083E-29   0.331998E-29   0.527087E-29   0.166333E-28   0.132805E-28   0.210775E-28   0.334491E-28   0.298476E-23   0.801440E-17   0.932565E-13   0.301246E-11   0.779693E-12   0.166627E-14   0.897785E-19   0.698109E-23   0.268257E-26   0.157548E-24   0.390100E-24   0.843555E-26   0.968144E-24   0.152545E-23
   0.666667E+00   0.272229E-28   0.432019E-28   0.685599E-28   0.108802E-27   0.172664E-27   0.274009E-27   0.434832E-27   0.690033E-27   0.217593E-26   0.173754E-26   0.275704E-26   0.437449E-26   0.455026E-21   0.122338E-14   0.142395E-10   0.460069E-09   0.119625E-09   0.255088E-12   0.137410E-16   0.106922E-20   0.362879E-24   0.220590E-22   0.596178E-22   0.109891E-23   0.147980E-21   0.233169E-21
   0.666667E+00   0.000000E+00   0.000000E+00   0.000000E+00   0.000000E+00   0.000000E+00   0.000000E+00   0.000000E+00   0.000000E+00   0.000000E+00   0.000000E+00   0.000000E+00   0.000000E+00   0.000000E+00   0.000000E+00   0.000000E+00   0.000000E+00   0.000000E+00   0.000000E+00   0.000000E+00   0.000000E+00   0.000000E+00   0.000000E+00   0.000000E+00   0.000000E+00   0.000000E+00   0.000000E+00
   0.666667E+00   0.231165E-26   0.462230E-26   0.924300E-26   0.184834E-25   0.369627E-25   0.739189E-25   0.147827E-24   0.295637E-24   0.589913E-24   0.118245E-23   0.236483E-23   0.472954E-23   0.770565E-20   0.381858E-13   0.557090E-09   0.225996E-07   0.718698E-08   0.128411E-10   0.712520E-15   0.567628E-19   0.238665E-20   0.487719E-20   0.983273E-20   0.193704E-19   0.389901E-19   0.778652E-19
   0.833333E+00   0.218750E-25   0.437500E-25   0.875000E-25   0.175000E-24   0.350000E-24   0.700000E-24   0.140000E-23   0.280000E-23   0.560000E-23   0.112000E-22   0.224000E-22   0.447458E-22   0.896000E-22   0.327301E-12   0.485881E-08   0.199622E-06   0.746920E-07   0.108932E-09   0.271009E-13   0.104986E-17   0.226320E-19   0.459553E-19   0.924864E-19   0.183500E-18   0.367344E-18   0.734444E-18
   0.833333E+00   0.817739E-36   0.163540E-35   0.327075E-35   0.654159E-35   0.130831E-34   0.261665E-34   0.523327E-34   0.104665E-33   0.209328E-33   0.418658E-33   0.837320E-33   0.157923E-34   0.334927E-32   0.585675E-25   0.699493E-21   0.224837E-19   0.690259E-20   0.122527E-22   0.296083E-26   0.110373E-30   0.214356E-31   0.148499E-32   0.326553E-32   0.685920E-29   0.759988E-32   0.125803E-31
   0.833333E+00   0.817740E-36   0.163549E-35   0.327098E-35   0.654193E-35   0.130838E-34   0.261675E-34   0.523355E-34   0.104670E-33   0.209338E-33   0.418679E-33   0.837325E-33   0.173702E-34   0.334925E-32   0.661305E-23   0.776192E-19   0.252133E-17   0.771641E-18   0.135034E-20   0.324525E-24   0.123858E-28   0.219255E-31   0.156967E-30   0.341807E-30   0.171872E-30   0.847436E-30   0.133558E-29
   0.833333E+00   0.817739E-36   0.163549E-35   0.327095E-35   0.654192E-35   0.130838E-34   0.261675E-34   0.523349E-34   0.104670E-33   0.209339E-33   0.418679E-33   0.837313E-33   0.158253E-34   0.334930E-32   0.248286E-24   0.291655E-20   0.949754E-19   0.290666E-19   0.521039E-22   0.122151E-25   0.466549E-30   0.214462E-31   0.596465E-32   0.130272E-31   0.171835E-30   0.320528E-31   0.515544E-31
   0.833333E+00   0.817742E-36   0.163549E-35   0.327095E-35   0.654190E-35   0.130838E-34   0.261675E-34   0.523348E-34   0.104670E-33   0.209340E-33   0.418675E-33   0.837311E-33   0.217673E-34   0.334926E-32   0.249525E-22   0.293109E-18   0.952728E-17   0.291730E-17   0.510683E-20   0.122764E-23   0.468811E-28   0.233009E-31   0.594144E-30   0.129401E-29   0.171884E-30   0.320821E-29   0.505495E-29
   0.833333E+00   0.817740E-36   0.163549E-35   0.327100E-35   0.654196E-35   0.130838E-34   0.261675E-34   0.131411E-35   0.262822E-35   0.525568E-35   0.105129E-34   0.209881E-34   0.569081E-33   0.839465E-34   0.235883E-20   0.277193E-16   0.901282E-15   0.276052E-15   0.483315E-18   0.116199E-21   0.443875E-26   0.197883E-30   0.562582E-28   0.122532E-27   0.176901E-30   0.303804E-27   0.478678E-27
   0.833333E+00   0.209826E-37   0.420063E-37   0.840302E-37   0.168131E-36   0.336379E-36   0.672994E-36   0.134571E-35   0.269085E-35   0.538546E-35   0.107687E-34   0.214982E-34   0.519051E-31   0.859988E-34   0.211919E-18   0.248786E-14   0.808274E-13   0.247232E-13   0.430812E-16   0.103411E-19   0.394897E-24   0.160487E-28   0.505145E-26   0.109602E-25   0.632416E-30   0.271687E-25   0.428043E-25
   0.833333E+00   0.817743E-36   0.163547E-35   0.327096E-35   0.654190E-35   0.130839E-34   0.261677E-34   0.523350E-34   0.104670E-33   0.209338E-33   0.418676E-33   0.837316E-33   0.159964E-34   0.334925E-32   0.940932E-24   0.110526E-19   0.359328E-18   0.110054E-18   0.192595E-21   0.462975E-25   0.176837E-29   0.214995E-31   0.224724E-31   0.488991E-31   0.171847E-30   0.121573E-30   0.191861E-30
   0.833333E+00   0.817742E-36   0.163548E-35   0.327096E-35   0.654188E-35   0.130838E-34   0.261674E-34   0.523351E-34   0.104670E-33   0.209339E-33   0.418679E-33   0.837320E-33   0.373272E-34   0.334925E-32   0.894663E-22   0.105132E-17   0.341825E-16   0.104695E-16   0.183299E-19   0.440688E-23   0.168338E-27   0.281253E-31   0.213363E-29   0.464703E-29   0.172020E-30   0.115219E-28   0.181542E-28
   0.833333E+00   0.817744E-36   0.410982E-37   0.822258E-37   0.164358E-36   0.328786E-36   0.657383E-36   0.131486E-35   0.262916E-35   0.526020E-35   0.105196E-34   0.210002E-34   0.196340E-32   0.839946E-34   0.814857E-20   0.957927E-16   0.311562E-14   0.954529E-15   0.167142E-17   0.401895E-21   0.153565E-25   0.631953E-30   0.194663E-27   0.424005E-27   0.189301E-30   0.105135E-26   0.165656E-26
   0.833333E+00   0.217569E-37   0.436226E-37   0.874744E-37   0.175337E-36   0.351238E-36   0.703510E-36   0.140777E-35   0.281686E-35   0.564012E-35   0.112878E-34   0.225499E-34   0.171736E-30   0.902298E-34   0.673458E-18   0.791615E-14   0.257449E-12   0.787358E-13   0.136897E-15   0.328872E-19   0.125625E-23   0.535229E-28   0.162357E-25   0.350286E-25   0.170924E-29   0.868483E-25   0.136841E-24
   0.833333E+00   0.113357E-36   0.236712E-36   0.493637E-36   0.102083E-35   0.209706E-35   0.428439E-35   0.863264E-35   0.175008E-34   0.353773E-34   0.713602E-34   0.143650E-33   0.134944E-28   0.580156E-33   0.110860E-16   0.129734E-12   0.420459E-11   0.127163E-11   0.223290E-14   0.535795E-18   0.204384E-22   0.260262E-26   0.287747E-24   0.565661E-24   0.123965E-27   0.140095E-23   0.220666E-23
   0.833333E+00   0.316587E-35   0.647989E-35   0.133198E-34   0.272255E-34   0.554001E-34   0.112330E-33   0.224522E-33   0.452943E-33   0.912128E-33   0.183423E-32   0.368435E-32   0.183761E-28   0.148285E-31   0.475048E-17   0.554825E-13   0.179536E-11   0.540340E-12   0.951989E-15   0.228338E-18   0.870884E-23   0.151282E-26   0.131246E-24   0.240344E-24   0.269250E-26   0.594960E-24   0.936999E-24
   0.833333E+00   0.817742E-36   0.163547E-35   0.327094E-35   0.654192E-35   0.130837E-34   0.261675E-34   0.523346E-34   0.104671E-33   0.209340E-33   0.418677E-33   0.837313E-33   0.163238E-34   0.334929E-32   0.227847E-23   0.267752E-19   0.870669E-18   0.266704E-18   0.466893E-21   0.112242E-24   0.428760E-29   0.216075E-31   0.544074E-31   0.118468E-30   0.171860E-30   0.294101E-30   0.463546E-30
   0.833333E+00   0.817734E-36   0.163549E-35   0.327097E-35   0.654188E-35   0.130837E-34   0.261674E-34   0.523354E-34   0.104670E-33   0.209338E-33   0.418682E-33   0.837308E-33   0.666829E-34   0.334926E-32   0.210532E-21   0.247491E-17   0.804937E-16   0.246603E-16   0.431809E-19   0.103827E-22   0.396722E-27   0.372114E-31   0.502899E-29   0.109538E-28   0.172303E-30   0.271607E-28   0.427961E-28
   0.833333E+00   0.205770E-37   0.411688E-37   0.823316E-37   0.164628E-36   0.329256E-36   0.658512E-36   0.131702E-35   0.263442E-35   0.526960E-35   0.105369E-34   0.210318E-34   0.664920E-32   0.841390E-34   0.275091E-19   0.323512E-15   0.105253E-13   0.322542E-14   0.564720E-17   0.135770E-20   0.518950E-25   0.208827E-29   0.658279E-27   0.143382E-26   0.233341E-30   0.355551E-26   0.560240E-26
   0.833333E+00   0.239889E-37   0.483510E-37   0.974896E-37   0.196155E-36   0.394496E-36   0.792330E-36   0.158682E-35   0.318267E-35   0.637851E-35   0.127841E-34   0.255577E-34   0.565305E-30   0.102465E-33   0.195740E-17   0.229977E-13   0.747666E-12   0.228085E-12   0.396835E-15   0.953806E-19   0.364250E-23   0.175867E-27   0.477568E-25   0.101615E-24   0.540903E-29   0.251899E-24   0.396883E-24
   0.833333E+00   0.280417E-36   0.592373E-36   0.124963E-35   0.260781E-35   0.539517E-35   0.110851E-34   0.223687E-34   0.455052E-34   0.922494E-34   0.186496E-33   0.376146E-33   0.307168E-28   0.152302E-32   0.139532E-16   0.163179E-12   0.528562E-11   0.159919E-11   0.280885E-14   0.673890E-18   0.257037E-22   0.368052E-26   0.363223E-24   0.709832E-24   0.418514E-27   0.175784E-23   0.276869E-23
   0.833333E+00   0.750767E-35   0.160352E-34   0.341553E-34   0.718166E-34   0.149460E-33   0.308513E-33   0.624086E-33   0.127329E-32   0.258721E-32   0.523985E-32   0.105847E-31   0.197593E-28   0.429448E-31   0.506119E-17   0.591114E-13   0.191278E-11   0.575761E-12   0.101432E-14   0.243289E-18   0.927910E-23   0.160988E-26   0.139890E-24   0.256063E-24   0.415750E-26   0.633871E-24   0.998280E-24
   0.833333E+00   0.724206E-33   0.150516E-32   0.313987E-32   0.649552E-32   0.133471E-31   0.272773E-31   0.547227E-31   0.110961E-30   0.224366E-30   0.452663E-30   0.911618E-30   0.206659E-28   0.368170E-29   0.479295E-17   0.559773E-13   0.181133E-11   0.545199E-12   0.960493E-15   0.230379E-18   0.878671E-23   0.152925E-26   0.132730E-24   0.242470E-24   0.474910E-26   0.600219E-24   0.945282E-24
   0.833333E+00   0.817739E-36   0.163547E-35   0.327095E-35   0.654192E-35   0.130838E-34   0.261678E-34   0.523356E-34   0.104671E-33   0.209340E-33   0.418681E-33   0.837360E-33   0.157525E-34   0.334944E-32   0.141250E-25   0.160900E-21   0.531915E-20   0.157662E-20   0.266423E-23   0.648587E-27   0.279093E-31   0.214325E-31   0.336515E-33   0.917821E-33   0.171860E-30   0.175192E-32   0.325607E-32
   0.833333E+00   0.817752E-36   0.410894E-37   0.821729E-37   0.164393E-36   0.328762E-36   0.657336E-36   0.131458E-35   0.263047E-35   0.525832E-35   0.105211E-34   0.210363E-34   0.164507E-33   0.841270E-34   0.672834E-21   0.791250E-17   0.257424E-15   0.788860E-16   0.138150E-18   0.332217E-22   0.126976E-26   0.720782E-31   0.160983E-28   0.350660E-28   0.173499E-30   0.869544E-28   0.137014E-27
   0.833333E+00   0.216247E-37   0.434580E-37   0.873980E-37   0.175572E-36   0.352366E-36   0.707036E-36   0.141652E-35   0.283774E-35   0.568601E-35   0.113848E-34   0.228012E-34   0.151013E-31   0.913372E-34   0.618241E-19   0.727300E-15   0.236685E-13   0.725309E-14   0.126750E-16   0.304404E-20   0.116338E-24   0.469573E-29   0.148329E-26   0.322705E-26   0.327942E-30   0.800268E-26   0.126100E-25
   0.833333E+00   0.107415E-36   0.233873E-36   0.506238E-36   0.107941E-35   0.227317E-35   0.473828E-35   0.967573E-35   0.198698E-34   0.405871E-34   0.825540E-34   0.167329E-33   0.124563E-29   0.682086E-33   0.329477E-17   0.386746E-13   0.125642E-11   0.382168E-12   0.667202E-15   0.160275E-18   0.611750E-23   0.384742E-27   0.816611E-25   0.170356E-24   0.130403E-28   0.422199E-24   0.665153E-24
   0.833333E+00   0.969604E-35   0.216681E-34   0.479303E-34   0.103884E-33   0.221516E-33   0.466227E-33   0.957311E-33   0.197750E-32   0.405795E-32   0.828341E-32   0.168378E-31   0.434431E-28   0.689093E-31   0.153465E-16   0.179415E-12   0.580997E-11   0.175950E-11   0.308897E-14   0.741110E-18   0.282674E-22   0.416088E-26   0.397013E-24   0.779574E-24   0.147967E-26   0.193049E-23   0.304057E-23
   0.833333E+00   0.304119E-33   0.685351E-33   0.152627E-32   0.332590E-32   0.712240E-32   0.150418E-31   0.309681E-31   0.641088E-31   0.131782E-30   0.269371E-30   0.548149E-30   0.221483E-28   0.224680E-29   0.539264E-17   0.629824E-13   0.203804E-11   0.613518E-12   0.108079E-14   0.259233E-18   0.988717E-23   0.171294E-26   0.149089E-24   0.272830E-24   0.504525E-26   0.675378E-24   0.106365E-23
   0.833333E+00   0.367514E-31   0.770155E-31   0.153574E-30   0.290146E-30   0.525310E-30   0.920818E-30   0.157002E-29   0.264052E-29   0.438087E-29   0.719416E-29   0.117226E-28   0.392277E-28   0.306164E-28   0.521504E-17   0.609075E-13   0.197088E-11   0.593272E-12   0.104514E-14   0.250683E-18   0.956110E-23   0.165980E-26   0.144321E-24   0.263833E-24   0.515839E-26   0.653106E-24   0.102858E-23
   0.833333E+00   0.205388E-37   0.410718E-37   0.821494E-37   0.164228E-36   0.328480E-36   0.657101E-36   0.131373E-35   0.262709E-35   0.525380E-35   0.105099E-34   0.210182E-34   0.501939E-36   0.840668E-34   0.156702E-25   0.190301E-21   0.651298E-20   0.184312E-20   0.325042E-23   0.827871E-27   0.322224E-31   0.214295E-31   0.453832E-33   0.991833E-33   0.171860E-30   0.231945E-32   0.340407E-32
   0.833333E+00   0.205344E-37   0.410512E-37   0.821494E-37   0.164299E-36   0.328527E-36   0.657007E-36   0.131373E-35   0.262803E-35   0.525568E-35   0.105053E-34   0.210137E-34   0.988849E-36   0.840668E-34   0.198522E-23   0.233576E-19   0.760188E-18   0.233074E-18   0.408165E-21   0.981634E-25   0.375324E-29   0.215740E-31   0.476555E-31   0.103794E-30   0.171810E-30   0.257582E-30   0.406318E-30
   0.833333E+00   0.207166E-37   0.414773E-37   0.829840E-37   0.165874E-36   0.331819E-36   0.662885E-36   0.132408E-35   0.264590E-35   0.528465E-35   0.105558E-34   0.210980E-34   0.545881E-34   0.843256E-34   0.215857E-21   0.253990E-17   0.826704E-16   0.253250E-16   0.441146E-19   0.105902E-22   0.404656E-27   0.380710E-31   0.519909E-29   0.112789E-28   0.172414E-30   0.279712E-28   0.440766E-28
   0.833333E+00   0.122337E-34   0.276755E-34   0.587430E-34   0.116860E-33   0.220960E-33   0.402100E-33   0.708468E-33   0.122891E-32   0.210109E-32   0.355780E-32   0.598985E-32   0.377934E-29   0.168951E-31   0.596859E-17   0.699657E-13   0.227055E-11   0.688861E-12   0.120652E-14   0.289629E-18   0.110502E-22   0.104624E-26   0.150834E-24   0.306782E-24   0.442008E-28   0.760077E-24   0.119735E-23
   0.833333E+00   0.983780E-33   0.224191E-32   0.478601E-32   0.956376E-32   0.181464E-31   0.331112E-31   0.584571E-31   0.101551E-30   0.173804E-30   0.294498E-30   0.495969E-30   0.348565E-28   0.139858E-29   0.120206E-16   0.140549E-12   0.455173E-11   0.138271E-11   0.242304E-14   0.581438E-18   0.221779E-22   0.309259E-26   0.301562E-24   0.610872E-24   0.335657E-26   0.151289E-23   0.238288E-23
   0.833333E+00   0.357093E-32   0.753043E-32   0.144736E-31   0.259864E-31   0.447428E-31   0.750836E-31   0.123825E-30   0.202470E-30   0.328857E-30   0.531844E-30   0.857811E-30   0.313803E-29   0.222297E-29   0.454250E-18   0.530533E-14   0.171675E-12   0.516822E-13   0.910413E-16   0.218368E-19   0.832862E-24   0.146357E-27   0.125612E-25   0.229820E-25   0.458042E-27   0.568909E-25   0.895974E-25
   0.833333E+00   0.129349E-30   0.206122E-30   0.327920E-30   0.521184E-30   0.827902E-30   0.131471E-29   0.208731E-29   0.331356E-29   0.525971E-29   0.834826E-29   0.132496E-28   0.418794E-28   0.333683E-28   0.538565E-17   0.629005E-13   0.203538E-11   0.612734E-12   0.107939E-14   0.258898E-18   0.987441E-23   0.171052E-26   0.148953E-24   0.272475E-24   0.531484E-26   0.674505E-24   0.106229E-23
   0.833333E+00   0.143538E-36   0.265947E-36   0.486643E-36   0.877189E-36   0.156157E-35   0.275630E-35   0.483580E-35   0.849046E-35   0.149455E-34   0.264394E-34   0.471341E-34   0.791218E-32   0.154008E-33   0.319086E-19   0.375377E-15   0.122160E-13   0.374441E-14   0.655824E-17   0.157723E-20   0.603005E-25   0.243648E-29   0.764622E-27   0.166560E-26   0.271983E-30   0.413053E-26   0.650860E-26
   0.833333E+00   0.310383E-36   0.574790E-36   0.104763E-35   0.187343E-35   0.329531E-35   0.572155E-35   0.983024E-35   0.168304E-34   0.287592E-34   0.492000E-34   0.844896E-34   0.192460E-31   0.254277E-33   0.776712E-19   0.914106E-15   0.297576E-13   0.912384E-14   0.159825E-16   0.384428E-20   0.147016E-24   0.590993E-29   0.186449E-26   0.406172E-26   0.415974E-30   0.100735E-25   0.158735E-25
   0.833333E+00   0.146354E-34   0.271441E-34   0.493882E-34   0.878418E-34   0.153058E-33   0.262128E-33   0.441943E-33   0.738767E-33   0.122523E-32   0.202089E-32   0.332184E-32   0.100170E-29   0.894739E-32   0.384135E-17   0.452076E-13   0.147166E-11   0.450782E-12   0.784910E-15   0.188491E-18   0.719678E-23   0.307033E-27   0.926970E-25   0.200864E-24   0.129050E-28   0.498142E-24   0.784953E-24
   0.833333E+00   0.461007E-30   0.861025E-30   0.157524E-29   0.281372E-29   0.491880E-29   0.844468E-29   0.142628E-28   0.238705E-28   0.396153E-28   0.653538E-28   0.107398E-27   0.308305E-25   0.288737E-27   0.303184E-13   0.355493E-09   0.115381E-07   0.352841E-08   0.615706E-11   0.147814E-14   0.563891E-19   0.569466E-23   0.713100E-21   0.155941E-20   0.413703E-24   0.386471E-20   0.608836E-20
   0.833333E+00   0.370549E-29   0.728743E-29   0.137345E-28   0.248676E-28   0.436072E-28   0.746426E-28   0.125367E-27   0.208161E-27   0.342442E-27   0.559665E-27   0.910567E-27   0.417995E-26   0.239235E-26   0.933780E-15   0.109168E-10   0.353510E-09   0.107464E-09   0.188226E-12   0.451701E-16   0.172297E-20   0.239292E-24   0.233152E-22   0.474305E-22   0.635971E-24   0.117465E-21   0.185012E-21
   0.833333E+00   0.350477E-30   0.556847E-30   0.884335E-30   0.140404E-29   0.222882E-29   0.353772E-29   0.561490E-29   0.891123E-29   0.141421E-28   0.224423E-28   0.356124E-28   0.112526E-27   0.896581E-28   0.162451E-16   0.189801E-12   0.614334E-11   0.185762E-11   0.326372E-14   0.783014E-18   0.298659E-22   0.471826E-26   0.429657E-24   0.823083E-24   0.142254E-25   0.203788E-23   0.320955E-23
   0.833333E+00   0.401421E-28   0.637019E-28   0.101090E-27   0.160421E-27   0.254574E-27   0.403985E-27   0.641082E-27   0.101732E-26   0.161432E-26   0.256159E-26   0.406456E-26   0.128497E-25   0.102317E-25   0.220621E-14   0.257911E-10   0.835127E-09   0.253957E-09   0.444691E-12   0.106721E-15   0.407084E-20   0.563991E-24   0.550016E-22   0.112031E-21   0.162109E-23   0.277450E-21   0.436994E-21
   0.833333E+00   0.000000E+00   0.000000E+00   0.000000E+00   0.000000E+00   0.000000E+00   0.000000E+00   0.000000E+00   0.000000E+00   0.000000E+00   0.000000E+00   0.000000E+00   0.000000E+00   0.000000E+00   0.000000E+00   0.000000E+00   0.000000E+00   0.000000E+00   0.000000E+00   0.000000E+00   0.000000E+00   0.000000E+00   0.000000E+00   0.000000E+00   0.000000E+00   0.000000E+00   0.000000E+00
   0.833333E+00   0.231307E-26   0.462465E-26   0.924687E-26   0.184898E-25   0.369730E-25   0.739355E-25   0.147854E-24   0.295680E-24   0.591315E-24   0.118256E-23   0.236500E-23   0.472761E-23   0.945934E-23   0.375033E-13   0.547516E-09   0.221955E-07   0.822784E-08   0.120982E-10   0.300466E-14   0.116312E-18   0.238961E-20   0.492094E-20   0.991460E-20   0.193705E-19   0.391529E-19   0.781203E-19
   0.100000E+01   0.205361E-25   0.419217E-25   0.875000E-25   0.171598E-24   0.350000E-24   0.693638E-24   0.140000E-23   0.278785E-23   0.560000E-23   0.111757E-22   0.224000E-22   0.447464E-22   0.896000E-22   0.420751E-17   0.465345E-08   0.192057E-06   0.772448E-07   0.532253E-08   0.356256E-11   0.503860E-15   0.143391E-20   0.459885E-19   0.926940E-19   0.183499E-18   0.367401E-18   0.734527E-18
   0.100000E+01   0.740343E-38   0.150659E-37   0.327075E-35   0.612198E-37   0.130831E-34   0.246579E-36   0.523327E-34   0.987112E-36   0.209327E-33   0.395103E-35   0.837320E-33   0.157865E-34   0.334927E-32   0.164009E-29   0.152067E-20   0.495249E-19   0.161360E-19   0.112896E-20   0.860185E-24   0.123592E-27   0.394360E-32   0.365536E-32   0.715267E-32   0.685912E-29   0.170286E-31   0.268417E-31
   0.100000E+01   0.236504E-37   0.426676E-37   0.327077E-35   0.137317E-36   0.130832E-34   0.448556E-36   0.523323E-34   0.151145E-35   0.209330E-33   0.529548E-35   0.837325E-33   0.192279E-34   0.334925E-32   0.185837E-27   0.170711E-18   0.555164E-17   0.182475E-17   0.127574E-18   0.973902E-22   0.138444E-25   0.116704E-31   0.402003E-30   0.776805E-30   0.171822E-30   0.192085E-29   0.302543E-29
   0.100000E+01   0.785036E-38   0.158290E-37   0.327079E-35   0.634440E-37   0.130831E-34   0.252355E-36   0.523322E-34   0.100190E-35   0.209330E-33   0.399229E-35   0.837313E-33   0.159066E-34   0.334930E-32   0.691036E-29   0.636273E-20   0.207058E-18   0.680926E-19   0.476092E-20   0.363425E-23   0.516755E-27   0.416508E-32   0.150664E-31   0.291450E-31   0.171761E-30   0.722113E-31   0.114027E-30
   0.100000E+01   0.650003E-37   0.114288E-36   0.327078E-35   0.340354E-36   0.130831E-34   0.996249E-36   0.523322E-34   0.294981E-35   0.209329E-33   0.901283E-35   0.837311E-33   0.287528E-34   0.334926E-32   0.698707E-27   0.641833E-18   0.208860E-16   0.686856E-17   0.480377E-18   0.366814E-21   0.521732E-25   0.332578E-31   0.151526E-29   0.292825E-29   0.171933E-30   0.724166E-29   0.114050E-28
   0.100000E+01   0.530099E-35   0.919969E-35   0.327082E-35   0.261579E-34   0.130832E-34   0.707842E-34   0.131195E-35   0.185399E-33   0.524477E-35   0.479744E-33   0.209941E-34   0.123094E-32   0.839465E-34   0.661923E-25   0.608050E-16   0.197930E-14   0.651083E-15   0.455437E-16   0.347815E-19   0.494846E-23   0.279095E-29   0.143737E-27   0.277784E-27   0.183717E-30   0.686999E-27   0.108196E-26
   0.100000E+01   0.516310E-33   0.882807E-33   0.848178E-37   0.245658E-32   0.339530E-36   0.655328E-32   0.135878E-35   0.170790E-31   0.543737E-35   0.439596E-31   0.217540E-34   0.112405E-30   0.870460E-34   0.594991E-23   0.542982E-14   0.176603E-12   0.580083E-13   0.404546E-14   0.307723E-17   0.437979E-21   0.240226E-27   0.128273E-25   0.247174E-25   0.125486E-29   0.611146E-25   0.962420E-25
   0.100000E+01   0.941878E-38   0.185518E-37   0.327078E-35   0.710622E-37   0.130831E-34   0.272573E-36   0.523320E-34   0.105638E-35   0.209327E-33   0.412886E-35   0.837319E-33   0.162431E-34   0.334926E-32   0.261586E-28   0.240454E-19   0.782509E-18   0.257340E-18   0.179978E-19   0.137425E-22   0.195442E-26   0.497475E-32   0.568389E-31   0.109827E-30   0.171872E-30   0.271841E-30   0.428476E-30
   0.100000E+01   0.207333E-36   0.361776E-36   0.327080E-35   0.104584E-35   0.130831E-34   0.290663E-35   0.523321E-34   0.797594E-35   0.209329E-33   0.220303E-34   0.837317E-33   0.621635E-34   0.334925E-32   0.249636E-26   0.229320E-17   0.746459E-16   0.245540E-16   0.171755E-17   0.131167E-20   0.186612E-24   0.108978E-30   0.542050E-29   0.104755E-28   0.172229E-30   0.259076E-28   0.408023E-28
   0.100000E+01   0.176832E-34   0.308732E-34   0.820377E-37   0.885547E-34   0.328104E-36   0.240792E-33   0.131289E-35   0.635161E-33   0.525042E-35   0.164735E-32   0.210107E-34   0.423264E-32   0.840247E-34   0.227902E-24   0.209360E-15   0.681706E-14   0.224301E-14   0.156926E-15   0.119856E-18   0.170567E-22   0.920430E-29   0.495523E-27   0.957690E-27   0.212929E-30   0.236868E-26   0.373054E-26
   0.100000E+01   0.149534E-32   0.263034E-32   0.898548E-37   0.762123E-32   0.361558E-36   0.208554E-31   0.144990E-35   0.552327E-31   0.581503E-35   0.143610E-30   0.232932E-34   0.369561E-30   0.932752E-34   0.187936E-22   0.170090E-13   0.553709E-12   0.181783E-12   0.126557E-13   0.963208E-17   0.137170E-20   0.756912E-27   0.405153E-25   0.777330E-25   0.376495E-29   0.192226E-24   0.302733E-24
   0.100000E+01   0.112345E-30   0.197077E-30   0.681892E-36   0.566402E-30   0.290603E-35   0.153803E-29   0.119808E-34   0.404886E-29   0.491601E-34   0.104799E-28   0.199824E-33   0.268731E-28   0.807398E-33   0.263152E-21   0.234958E-12   0.762005E-11   0.247076E-11   0.171776E-12   0.132242E-15   0.188180E-19   0.103460E-25   0.590791E-24   0.105692E-23   0.284867E-27   0.261023E-23   0.410926E-23
   0.100000E+01   0.175964E-30   0.285267E-30   0.216946E-34   0.735976E-30   0.902456E-34   0.187416E-29   0.365766E-33   0.474408E-29   0.148602E-32   0.119754E-28   0.600272E-32   0.301882E-28   0.241599E-31   0.120881E-21   0.107254E-12   0.347321E-11   0.111998E-11   0.777957E-13   0.601280E-16   0.856035E-20   0.471600E-26   0.281513E-24   0.479486E-24   0.532155E-26   0.118351E-23   0.186291E-23
   0.100000E+01   0.120701E-37   0.231330E-37   0.327075E-35   0.842359E-37   0.130831E-34   0.308492E-36   0.523320E-34   0.115093E-35   0.209330E-33   0.437277E-35   0.837319E-33   0.168770E-34   0.334926E-32   0.595951E-28   0.547596E-19   0.178250E-17   0.586368E-18   0.410166E-19   0.313208E-22   0.445603E-26   0.638366E-32   0.129473E-30   0.250265E-30   0.171859E-30   0.619349E-30   0.975568E-30
   0.100000E+01   0.439575E-36   0.769558E-36   0.327078E-35   0.222417E-35   0.130831E-34   0.612537E-35   0.523328E-34   0.164906E-34   0.209328E-33   0.441551E-34   0.837320E-33   0.119078E-33   0.334928E-32   0.553622E-26   0.508582E-17   0.165598E-15   0.544856E-16   0.381189E-17   0.291142E-20   0.414317E-24   0.237243E-30   0.120364E-28   0.232625E-28   0.172895E-30   0.575356E-28   0.906156E-28
   0.100000E+01   0.579748E-34   0.101936E-33   0.822434E-37   0.295175E-33   0.328974E-36   0.807439E-33   0.131627E-35   0.213790E-32   0.526509E-35   0.555793E-32   0.210618E-34   0.143013E-31   0.842534E-34   0.767137E-24   0.704570E-15   0.229484E-13   0.755216E-14   0.528297E-15   0.403208E-18   0.573967E-22   0.310188E-28   0.166988E-26   0.322698E-26   0.316959E-30   0.798191E-26   0.125714E-25
   0.100000E+01   0.474737E-32   0.840657E-32   0.105260E-36   0.245900E-31   0.428138E-36   0.676945E-31   0.172666E-35   0.179959E-30   0.695554E-35   0.469023E-30   0.279531E-34   0.120877E-29   0.112149E-33   0.534695E-22   0.479715E-13   0.156082E-11   0.510786E-12   0.354946E-13   0.271122E-16   0.386105E-20   0.213201E-26   0.115254E-24   0.218751E-24   0.124476E-28   0.540804E-24   0.851645E-24
   0.100000E+01   0.254769E-30   0.431456E-30   0.183743E-35   0.117787E-29   0.795579E-35   0.309703E-29   0.330381E-34   0.798954E-29   0.136403E-33   0.204080E-28   0.556631E-33   0.518519E-28   0.225480E-32   0.320004E-21   0.286002E-12   0.927167E-11   0.300751E-11   0.209126E-12   0.160993E-15   0.229046E-19   0.125806E-25   0.721878E-24   0.128423E-23   0.970210E-27   0.317142E-23   0.499260E-23
   0.100000E+01   0.188005E-30   0.304665E-30   0.575682E-34   0.785592E-30   0.252306E-33   0.199992E-29   0.105467E-32   0.506181E-29   0.437509E-32   0.127776E-28   0.179068E-31   0.322157E-28   0.726717E-31   0.128351E-21   0.113905E-12   0.368862E-11   0.118961E-11   0.826368E-13   0.638626E-16   0.909184E-20   0.500829E-26   0.299012E-24   0.509237E-24   0.723970E-26   0.125695E-23   0.197851E-23
   0.100000E+01   0.181486E-30   0.294499E-30   0.573788E-32   0.763484E-30   0.245679E-31   0.196237E-29   0.101221E-30   0.504216E-29   0.416297E-30   0.130415E-28   0.169480E-29   0.341425E-28   0.684989E-29   0.121820E-21   0.108092E-12   0.350032E-11   0.112878E-11   0.784092E-13   0.605989E-16   0.862734E-20   0.475278E-26   0.284057E-24   0.483214E-24   0.774891E-26   0.119271E-23   0.187739E-23
   0.100000E+01   0.728755E-38   0.148624E-37   0.327095E-35   0.606751E-37   0.130838E-34   0.244983E-36   0.523356E-34   0.983693E-36   0.209339E-33   0.394032E-35   0.837361E-33   0.157797E-34   0.334941E-32   0.351967E-30   0.325548E-21   0.110509E-19   0.364421E-20   0.251205E-21   0.190458E-24   0.274497E-28   0.388958E-32   0.834275E-33   0.167643E-32   0.171859E-30   0.384995E-32   0.611827E-32
   0.100000E+01   0.133525E-35   0.234655E-35   0.822434E-37   0.679025E-35   0.329091E-36   0.185682E-34   0.131618E-35   0.491592E-34   0.526697E-35   0.127817E-33   0.210694E-34   0.329012E-33   0.842715E-34   0.174516E-25   0.160323E-16   0.522179E-15   0.171853E-15   0.120250E-16   0.918542E-20   0.130749E-23   0.740385E-30   0.379901E-28   0.734263E-28   0.175508E-30   0.181619E-27   0.286048E-27
   0.100000E+01   0.120640E-33   0.213515E-33   0.951504E-37   0.624073E-33   0.388242E-36   0.171721E-32   0.157074E-35   0.456364E-32   0.633977E-35   0.118918E-31   0.255156E-34   0.306434E-31   0.102423E-33   0.162544E-23   0.148976E-14   0.485342E-13   0.159714E-13   0.111702E-14   0.850190E-18   0.121004E-21   0.659042E-28   0.353753E-26   0.683027E-26   0.521679E-30   0.168953E-25   0.266103E-25
   0.100000E+01   0.952935E-32   0.169855E-31   0.112133E-35   0.501502E-31   0.513348E-35   0.138876E-30   0.220918E-34   0.370559E-30   0.933636E-34   0.968032E-30   0.386706E-33   0.249845E-29   0.158015E-32   0.815206E-22   0.730509E-13   0.237483E-11   0.774563E-12   0.540259E-13   0.412631E-16   0.587297E-20   0.323337E-26   0.177421E-24   0.331948E-24   0.286758E-28   0.820402E-24   0.129184E-23
   0.100000E+01   0.362794E-30   0.598147E-30   0.123406E-33   0.157638E-29   0.575188E-33   0.406203E-29   0.249996E-32   0.103543E-28   0.106347E-31   0.262530E-28   0.442270E-31   0.663846E-28   0.181173E-30   0.344619E-21   0.308252E-12   0.999132E-11   0.324290E-11   0.226427E-12   0.173571E-15   0.246919E-19   0.135550E-25   0.775614E-24   0.138313E-23   0.343094E-26   0.341565E-23   0.537704E-23
   0.100000E+01   0.201088E-30   0.326258E-30   0.444335E-32   0.845233E-30   0.209192E-31   0.217003E-29   0.915034E-31   0.556665E-29   0.390838E-30   0.143615E-28   0.162958E-29   0.374564E-28   0.668442E-29   0.136472E-21   0.121128E-12   0.392255E-11   0.126484E-11   0.882028E-13   0.679146E-16   0.966893E-20   0.532594E-26   0.317988E-24   0.541539E-24   0.835499E-26   0.133669E-23   0.210402E-23
   0.100000E+01   0.290221E-30   0.502204E-30   0.359336E-30   0.142305E-29   0.106968E-29   0.382143E-29   0.293531E-29   0.996200E-29   0.776254E-29   0.255930E-28   0.201044E-28   0.651872E-28   0.514652E-28   0.132206E-21   0.117328E-12   0.379945E-11   0.122506E-11   0.854277E-13   0.657804E-16   0.936521E-20   0.515893E-26   0.308189E-24   0.524528E-24   0.838663E-26   0.129469E-23   0.203792E-23
   0.100000E+01   0.263472E-39   0.537841E-39   0.821259E-37   0.215544E-38   0.328410E-36   0.843323E-38   0.131392E-35   0.333328E-37   0.525606E-35   0.129117E-36   0.210212E-34   0.510963E-36   0.840307E-34   0.406525E-30   0.382488E-21   0.123142E-19   0.413175E-20   0.277909E-21   0.221248E-24   0.313620E-28   0.389146E-32   0.939332E-33   0.188080E-32   0.171835E-30   0.461501E-32   0.754915E-32
   0.100000E+01   0.426383E-38   0.760299E-38   0.821553E-37   0.227186E-37   0.328598E-36   0.651828E-37   0.131448E-35   0.183892E-36   0.525531E-35   0.526227E-36   0.210227E-34   0.151786E-35   0.840849E-34   0.536212E-28   0.492763E-19   0.160553E-17   0.528553E-18   0.369892E-19   0.282569E-22   0.402340E-26   0.614041E-32   0.116984E-30   0.226131E-30   0.171835E-30   0.559502E-30   0.881475E-30
   0.100000E+01   0.434487E-36   0.774013E-36   0.850117E-37   0.228374E-35   0.337766E-36   0.632278E-35   0.134185E-35   0.168754E-34   0.533392E-35   0.441183E-34   0.212394E-34   0.114017E-33   0.846807E-34   0.586847E-26   0.535249E-17   0.174399E-15   0.573338E-16   0.404046E-17   0.304268E-20   0.433219E-24   0.295636E-30   0.127431E-28   0.245555E-28   0.173326E-30   0.607398E-28   0.956682E-28
   0.100000E+01   0.276172E-31   0.495396E-31   0.185357E-33   0.147565E-30   0.610109E-33   0.410828E-30   0.180848E-32   0.109974E-29   0.513392E-32   0.287845E-29   0.143692E-31   0.743753E-29   0.405170E-31   0.138296E-21   0.123961E-12   0.402564E-11   0.130854E-11   0.926563E-13   0.699529E-16   0.995388E-20   0.546893E-26   0.305270E-24   0.560762E-24   0.968742E-28   0.138548E-23   0.218143E-23
   0.100000E+01   0.273753E-30   0.447792E-30   0.152288E-31   0.117068E-29   0.505273E-31   0.300726E-29   0.150507E-30   0.765824E-29   0.428499E-30   0.194243E-28   0.120118E-29   0.491893E-28   0.338912E-29   0.254175E-21   0.228218E-12   0.739911E-11   0.240785E-11   0.170689E-12   0.128760E-15   0.183122E-19   0.100358E-25   0.561794E-24   0.102505E-23   0.635303E-26   0.253187E-23   0.398593E-23
   0.100000E+01   0.272292E-31   0.460795E-31   0.335742E-31   0.124486E-30   0.908701E-31   0.323872E-30   0.237153E-30   0.829723E-30   0.610887E-30   0.211258E-29   0.156568E-29   0.536591E-29   0.400896E-29   0.114976E-22   0.102046E-13   0.330461E-12   0.106460E-12   0.753213E-14   0.572108E-17   0.814619E-21   0.448862E-27   0.267926E-25   0.456227E-25   0.738100E-27   0.112611E-24   0.177256E-24
   0.100000E+01   0.397658E-30   0.644376E-30   0.534427E-30   0.166121E-29   0.134694E-29   0.422820E-29   0.339343E-29   0.106994E-28   0.854764E-29   0.270016E-28   0.215270E-28   0.680518E-28   0.542044E-28   0.136228E-21   0.120916E-12   0.391567E-11   0.126314E-11   0.875541E-13   0.677986E-16   0.965186E-20   0.531630E-26   0.317487E-24   0.540591E-24   0.861707E-26   0.133436E-23   0.210036E-23
   0.100000E+01   0.525665E-34   0.929187E-34   0.960249E-36   0.271107E-33   0.290190E-35   0.745166E-33   0.845265E-35   0.197899E-32   0.245500E-34   0.515448E-32   0.726602E-34   0.132782E-31   0.222752E-33   0.692826E-24   0.636505E-15   0.207371E-13   0.682632E-14   0.477731E-15   0.364954E-18   0.519622E-22   0.280434E-28   0.151003E-26   0.291867E-26   0.360075E-30   0.721979E-26   0.113713E-25
   0.100000E+01   0.141055E-33   0.251108E-33   0.246858E-35   0.740089E-33   0.737879E-35   0.204721E-32   0.209690E-34   0.545878E-32   0.585531E-34   0.142539E-31   0.163957E-33   0.367770E-31   0.468326E-33   0.192106E-23   0.176494E-14   0.575194E-13   0.189396E-13   0.132569E-14   0.101283E-17   0.144247E-21   0.778551E-28   0.419265E-26   0.810424E-26   0.694475E-30   0.200487E-25   0.315780E-25
   0.100000E+01   0.636662E-32   0.114146E-31   0.109173E-33   0.339837E-31   0.325209E-33   0.946050E-31   0.911645E-33   0.253274E-30   0.248160E-32   0.663020E-30   0.667563E-32   0.171341E-29   0.179964E-31   0.847424E-22   0.771711E-13   0.251475E-11   0.827207E-12   0.575883E-13   0.438979E-16   0.624348E-20   0.342513E-26   0.183943E-24   0.354203E-24   0.245700E-28   0.876170E-24   0.138000E-23
   0.100000E+01   0.187183E-27   0.332534E-27   0.337820E-29   0.970159E-27   0.101416E-28   0.265470E-26   0.285616E-28   0.701726E-26   0.779430E-28   0.182030E-25   0.209873E-27   0.467274E-25   0.565621E-27   0.563651E-18   0.516949E-09   0.167988E-07   0.551960E-08   0.385383E-09   0.293512E-12   0.417040E-16   0.227746E-22   0.120712E-20   0.234409E-20   0.768403E-24   0.579490E-20   0.912507E-20
   0.100000E+01   0.305632E-28   0.518507E-28   0.310733E-28   0.142185E-27   0.890208E-28   0.374711E-27   0.240351E-27   0.968049E-27   0.631840E-27   0.247767E-26   0.164039E-26   0.631474E-26   0.423965E-26   0.194997E-19   0.175878E-10   0.570180E-09   0.185890E-09   0.129371E-10   0.992589E-14   0.141137E-17   0.773238E-24   0.431435E-22   0.789756E-22   0.896111E-24   0.195070E-21   0.307097E-21
   0.100000E+01   0.101037E-29   0.163591E-29   0.135378E-29   0.421227E-29   0.341015E-29   0.107122E-28   0.858878E-29   0.270911E-28   0.216293E-28   0.683406E-28   0.544621E-28   0.172186E-27   0.137106E-27   0.378863E-21   0.339093E-12   0.109851E-10   0.355848E-11   0.247294E-12   0.190607E-15   0.271228E-19   0.149082E-25   0.866680E-24   0.151829E-23   0.217501E-25   0.374855E-23   0.590074E-23
   0.100000E+01   0.102504E-27   0.165916E-27   0.137214E-27   0.427071E-27   0.345519E-27   0.108589E-26   0.870057E-27   0.274593E-26   0.219083E-26   0.692648E-26   0.551599E-26   0.174506E-25   0.138852E-25   0.459715E-19   0.414993E-10   0.134532E-08   0.438689E-09   0.305416E-10   0.234215E-13   0.333031E-17   0.182452E-23   0.101705E-21   0.186320E-21   0.220159E-23   0.460210E-21   0.724502E-21
   0.100000E+01   0.000000E+00   0.000000E+00   0.000000E+00   0.000000E+00   0.000000E+00   0.000000E+00   0.000000E+00   0.000000E+00   0.000000E+00   0.000000E+00   0.000000E+00   0.000000E+00   0.000000E+00   0.000000E+00   0.000000E+00   0.000000E+00   0.000000E+00   0.000000E+00   0.000000E+00   0.000000E+00   0.000000E+00   0.000000E+00   0.000000E+00   0.000000E+00   0.000000E+00   0.000000E+00
   0.100000E+01   0.219628E-26   0.447417E-26   0.925181E-26   0.182507E-25   0.369857E-25   0.735860E-25   0.147886E-24   0.295239E-24   0.591395E-24   0.118215E-23   0.236520E-23   0.472969E-23   0.945985E-23   0.499728E-18   0.542106E-09   0.219268E-07   0.869672E-08   0.599730E-09   0.404938E-12   0.572904E-16   0.153605E-21   0.497403E-20   0.100153E-19   0.193705E-19   0.393527E-19   0.784340E-19
   0.116667E+01   0.205273E-25   0.419110E-25   0.875000E-25   0.171584E-24   0.350000E-24   0.693626E-24   0.140000E-23   0.278786E-23   0.560000E-23   0.111758E-22   0.224000E-22   0.448000E-22   0.896000E-22   0.179200E-21   0.174366E-20   0.189367E-06   0.737993E-07   0.161075E-07   0.772524E-11   0.105181E-14   0.255438E-19   0.460174E-19   0.929350E-19   0.183498E-18   0.367453E-18   0.734609E-18
   0.116667E+01   0.753813E-38   0.152873E-37   0.327075E-35   0.618604E-37   0.130831E-34   0.248252E-36   0.523327E-34   0.991984E-36   0.209327E-33   0.396063E-35   0.837321E-33   0.167464E-32   0.334927E-32   0.669849E-32   0.985727E-33   0.972283E-19   0.306784E-19   0.677129E-20   0.373849E-23   0.500232E-27   0.114705E-31   0.746194E-32   0.137063E-31   0.685911E-29   0.337420E-31   0.539369E-31
   0.116667E+01   0.389468E-37   0.683878E-37   0.327077E-35   0.206897E-36   0.130832E-34   0.630442E-36   0.523323E-34   0.198204E-35   0.209330E-33   0.650021E-35   0.837357E-33   0.167473E-32   0.334940E-32   0.669849E-32   0.111848E-30   0.109780E-16   0.345876E-17   0.763845E-18   0.421719E-21   0.564207E-25   0.122804E-29   0.843957E-30   0.153499E-29   0.171933E-30   0.378480E-29   0.595754E-29
   0.116667E+01   0.839025E-38   0.167427E-37   0.327079E-35   0.658824E-37   0.130831E-34   0.258780E-36   0.523322E-34   0.101951E-35   0.209330E-33   0.403720E-35   0.837354E-33   0.167472E-32   0.334942E-32   0.669856E-32   0.413586E-32   0.406520E-18   0.128123E-18   0.283020E-19   0.156273E-22   0.209082E-26   0.477986E-31   0.313290E-31   0.570202E-31   0.171773E-30   0.140917E-30   0.222015E-30
   0.116667E+01   0.118325E-36   0.205277E-36   0.327078E-35   0.591433E-36   0.130831E-34   0.166198E-35   0.523322E-34   0.468051E-35   0.209329E-33   0.134688E-34   0.837357E-33   0.167470E-32   0.334942E-32   0.669855E-32   0.418916E-30   0.411169E-16   0.129612E-16   0.286339E-17   0.158127E-20   0.211619E-24   0.460770E-29   0.316716E-29   0.576102E-29   0.172105E-30   0.142065E-28   0.223627E-28
   0.116667E+01   0.102077E-34   0.176309E-34   0.327082E-35   0.496565E-34   0.130832E-34   0.133511E-33   0.131213E-35   0.349096E-33   0.524816E-35   0.901832E-33   0.210287E-34   0.420515E-34   0.841150E-34   0.167845E-33   0.397676E-28   0.390324E-14   0.123073E-14   0.271943E-15   0.150194E-18   0.201032E-22   0.437804E-27   0.300955E-27   0.547466E-27   0.196387E-30   0.135010E-26   0.212527E-26
   0.116667E+01   0.995386E-33   0.169407E-32   0.859698E-37   0.467105E-32   0.344279E-36   0.123874E-31   0.137787E-35   0.321786E-31   0.551297E-35   0.826906E-31   0.221076E-34   0.442121E-34   0.884363E-34   0.176548E-33   0.356147E-26   0.346666E-12   0.109174E-12   0.240045E-13   0.132363E-16   0.176638E-20   0.385712E-25   0.267138E-25   0.484802E-25   0.240035E-29   0.119522E-24   0.188129E-24
   0.116667E+01   0.114003E-37   0.219141E-37   0.327074E-35   0.803692E-37   0.130830E-34   0.297448E-36   0.523324E-34   0.112099E-35   0.209329E-33   0.429093E-35   0.837360E-33   0.167472E-32   0.334942E-32   0.669852E-32   0.155889E-31   0.153071E-17   0.482549E-18   0.106601E-18   0.588664E-22   0.787781E-26   0.179961E-30   0.117965E-30   0.214595E-30   0.171834E-30   0.529406E-30   0.833777E-30
   0.116667E+01   0.390601E-36   0.676529E-36   0.327079E-35   0.192236E-35   0.130831E-34   0.524529E-35   0.523326E-34   0.140780E-34   0.209327E-33   0.377589E-34   0.837358E-33   0.167470E-32   0.334943E-32   0.669848E-32   0.149130E-29   0.146374E-15   0.461523E-16   0.101977E-16   0.563216E-20   0.753848E-24   0.164169E-28   0.112853E-28   0.205290E-28   0.172771E-30   0.506265E-28   0.796941E-28
   0.116667E+01   0.339409E-34   0.589936E-34   0.820848E-37   0.167666E-33   0.328245E-36   0.453221E-33   0.131364E-35   0.119160E-32   0.525455E-35   0.308549E-32   0.210573E-34   0.421207E-34   0.842113E-34   0.168098E-33   0.136456E-27   0.133936E-13   0.422416E-14   0.933525E-15   0.515612E-18   0.690159E-22   0.150344E-26   0.103367E-26   0.188044E-26   0.255983E-30   0.463769E-26   0.730063E-26
   0.116667E+01   0.286386E-32   0.501418E-32   0.929992E-37   0.143954E-31   0.374724E-36   0.391607E-31   0.150444E-35   0.103374E-30   0.603847E-35   0.268348E-30   0.242517E-34   0.485124E-34   0.970729E-34   0.193965E-33   0.111360E-25   0.107078E-11   0.337262E-12   0.735991E-13   0.408412E-16   0.544706E-20   0.119058E-24   0.830226E-25   0.150140E-24   0.751724E-29   0.370178E-24   0.582691E-24
   0.116667E+01   0.202183E-30   0.350002E-30   0.903984E-36   0.984676E-30   0.386082E-35   0.263807E-29   0.159320E-34   0.688851E-29   0.654214E-34   0.177418E-28   0.266100E-33   0.535273E-33   0.107551E-32   0.215869E-32   0.136956E-24   0.128283E-10   0.399240E-11   0.860887E-12   0.488058E-15   0.650216E-19   0.142160E-23   0.103684E-23   0.177502E-23   0.573005E-27   0.436947E-23   0.687484E-23
   0.116667E+01   0.264993E-30   0.429445E-30   0.324707E-34   0.110732E-29   0.135087E-33   0.281871E-29   0.547538E-33   0.713331E-29   0.222462E-32   0.180037E-28   0.898657E-32   0.180354E-31   0.361700E-31   0.724974E-31   0.669714E-25   0.620582E-11   0.192041E-11   0.412632E-12   0.235548E-15   0.313512E-19   0.686431E-24   0.517222E-24   0.854515E-24   0.892498E-26   0.210212E-23   0.330685E-23
   0.116667E+01   0.159463E-37   0.298105E-37   0.327076E-35   0.102728E-36   0.130831E-34   0.357734E-36   0.523326E-34   0.127977E-35   0.209330E-33   0.470531E-35   0.837352E-33   0.167471E-32   0.334940E-32   0.669855E-32   0.335459E-31   0.329322E-17   0.103837E-17   0.229435E-18   0.126709E-21   0.169598E-25   0.369355E-30   0.253922E-30   0.461962E-30   0.171834E-30   0.113953E-29   0.179393E-29
   0.116667E+01   0.792047E-36   0.137859E-35   0.327078E-35   0.393435E-35   0.130830E-34   0.107121E-34   0.523327E-34   0.284974E-34   0.209329E-33   0.751709E-34   0.837360E-33   0.167470E-32   0.334944E-32   0.669850E-32   0.313175E-29   0.307393E-15   0.969461E-16   0.214247E-16   0.118339E-19   0.158416E-23   0.345053E-28   0.237221E-28   0.431548E-28   0.173819E-30   0.106431E-27   0.167544E-27
   0.116667E+01   0.111021E-33   0.194300E-33   0.823845E-37   0.557505E-33   0.329562E-36   0.151607E-32   0.131872E-35   0.400112E-32   0.527411E-35   0.103849E-31   0.211446E-34   0.422892E-34   0.845724E-34   0.168832E-33   0.457888E-27   0.449169E-13   0.141685E-13   0.313029E-14   0.172704E-17   0.230966E-21   0.503452E-26   0.347032E-26   0.631201E-26   0.470427E-30   0.155681E-25   0.245077E-25
   0.116667E+01   0.902965E-32   0.159154E-31   0.115451E-36   0.461293E-31   0.472337E-36   0.126245E-30   0.190994E-35   0.334516E-30   0.771500E-35   0.870436E-30   0.310932E-34   0.623068E-34   0.124806E-33   0.249685E-33   0.310616E-25   0.293770E-11   0.922841E-12   0.199646E-12   0.111917E-15   0.149166E-19   0.326223E-24   0.229231E-24   0.410944E-24   0.252564E-28   0.101280E-23   0.159407E-23
   0.116667E+01   0.399098E-30   0.667908E-30   0.258210E-35   0.179390E-29   0.112078E-34   0.467303E-29   0.466116E-34   0.119902E-28   0.192634E-33   0.305272E-28   0.786637E-33   0.158470E-32   0.318767E-32   0.640420E-32   0.162452E-24   0.152475E-10   0.474662E-11   0.102458E-11   0.580317E-15   0.773276E-19   0.169006E-23   0.123718E-23   0.210746E-23   0.196188E-26   0.518766E-23   0.816202E-23
   0.116667E+01   0.281355E-30   0.455849E-30   0.898546E-34   0.117502E-29   0.394517E-33   0.299062E-29   0.165120E-32   0.756812E-29   0.685481E-32   0.191027E-28   0.280698E-31   0.566039E-31   0.113951E-30   0.229086E-30   0.708938E-25   0.657197E-11   0.203400E-11   0.437110E-12   0.249465E-15   0.332047E-19   0.726972E-24   0.547777E-24   0.904979E-24   0.112287E-25   0.222628E-23   0.350219E-23
   0.116667E+01   0.272121E-30   0.441736E-30   0.983724E-32   0.114635E-29   0.424558E-31   0.295119E-29   0.175856E-30   0.760184E-29   0.725669E-30   0.197400E-28   0.296051E-29   0.596017E-29   0.119651E-28   0.238953E-28   0.674501E-25   0.625054E-11   0.193430E-11   0.415631E-12   0.237248E-15   0.315778E-19   0.691385E-24   0.521333E-24   0.860655E-24   0.116085E-25   0.211721E-23   0.333060E-23
   0.116667E+01   0.731338E-38   0.149122E-37   0.327094E-35   0.609008E-37   0.130837E-34   0.245491E-36   0.523347E-34   0.984258E-36   0.209342E-33   0.394111E-35   0.837355E-33   0.167472E-32   0.334941E-32   0.168182E-33   0.202108E-33   0.198346E-19   0.640937E-20   0.141326E-20   0.799507E-24   0.106310E-27   0.243538E-32   0.161732E-32   0.298477E-32   0.171859E-30   0.688662E-32   0.119421E-31
   0.116667E+01   0.239263E-35   0.418524E-35   0.824198E-37   0.120002E-34   0.329891E-36   0.326206E-34   0.132022E-35   0.860745E-34   0.528088E-35   0.223408E-33   0.211265E-34   0.422561E-34   0.845122E-34   0.169048E-33   0.973768E-29   0.955811E-15   0.301519E-15   0.666455E-16   0.368155E-19   0.492902E-23   0.107381E-27   0.738312E-28   0.134319E-27   0.179057E-30   0.331290E-27   0.521528E-27
   0.116667E+01   0.218969E-33   0.385741E-33   0.111067E-36   0.111720E-32   0.462322E-36   0.305606E-32   0.189273E-35   0.809538E-32   0.770974E-35   0.210605E-31   0.312106E-34   0.626680E-34   0.125703E-33   0.251647E-33   0.917726E-27   0.897980E-13   0.283266E-13   0.625263E-14   0.344323E-17   0.460042E-21   0.100306E-25   0.694708E-26   0.126284E-25   0.857532E-30   0.311478E-25   0.490346E-25
   0.116667E+01   0.170780E-31   0.302990E-31   0.236464E-35   0.886434E-31   0.109728E-34   0.244030E-30   0.476094E-34   0.649025E-30   0.202267E-33   0.169275E-29   0.840526E-33   0.170320E-32   0.343715E-32   0.689275E-32   0.434230E-25   0.409348E-11   0.128204E-11   0.276979E-12   0.155972E-15   0.207904E-19   0.454354E-24   0.321961E-24   0.570921E-24   0.553283E-28   0.140657E-23   0.221360E-23
   0.116667E+01   0.519547E-30   0.852109E-30   0.283752E-33   0.223025E-29   0.133396E-32   0.572514E-29   0.583133E-32   0.145629E-28   0.248953E-31   0.368818E-28   0.103766E-30   0.210486E-30   0.425108E-30   0.852928E-30   0.172308E-24   0.161983E-10   0.504561E-11   0.109072E-11   0.616726E-15   0.821956E-19   0.179594E-23   0.131235E-23   0.223811E-23   0.680380E-26   0.550937E-23   0.866819E-23
   0.116667E+01   0.300708E-30   0.488469E-30   0.112782E-31   0.127025E-29   0.535855E-31   0.328191E-29   0.235837E-30   0.850178E-29   0.101120E-29   0.222733E-28   0.422429E-29   0.855911E-29   0.171830E-28   0.339557E-28   0.752332E-25   0.697614E-11   0.215902E-11   0.464357E-12   0.264816E-15   0.352500E-19   0.771709E-24   0.581465E-24   0.960666E-24   0.125871E-25   0.236329E-23   0.371772E-23
   0.116667E+01   0.488457E-30   0.829089E-30   0.645595E-30   0.226430E-29   0.177529E-29   0.593261E-29   0.466712E-29   0.152401E-28   0.120355E-28   0.387955E-28   0.307144E-28   0.489505E-28   0.779270E-28   0.123943E-27   0.730094E-25   0.676827E-11   0.209451E-11   0.450442E-12   0.256913E-15   0.341973E-19   0.748689E-24   0.564343E-24   0.931998E-24   0.125217E-25   0.229274E-23   0.360674E-23
   0.116667E+01   0.297830E-39   0.602455E-39   0.821083E-37   0.227052E-38   0.328504E-36   0.866604E-38   0.131336E-35   0.338947E-37   0.525606E-35   0.132121E-36   0.210227E-34   0.420244E-34   0.840608E-34   0.168134E-33   0.225299E-33   0.221143E-19   0.707886E-20   0.156907E-20   0.892283E-24   0.118740E-27   0.271448E-32   0.170087E-32   0.327657E-32   0.171797E-30   0.765187E-32   0.121395E-31
   0.116667E+01   0.775185E-38   0.137270E-37   0.821670E-37   0.402471E-37   0.328692E-36   0.112519E-36   0.131458E-35   0.309172E-36   0.525568E-35   0.852031E-36   0.210182E-34   0.420394E-34   0.840669E-34   0.168122E-33   0.311382E-31   0.305703E-17   0.964635E-18   0.213253E-18   0.117810E-21   0.157754E-25   0.343756E-30   0.236426E-30   0.430154E-30   0.171859E-30   0.106128E-29   0.167106E-29
   0.116667E+01   0.814647E-36   0.144446E-35   0.891730E-37   0.422281E-35   0.349898E-36   0.116213E-34   0.137561E-35   0.309084E-34   0.542608E-35   0.806352E-34   0.215027E-34   0.428369E-34   0.854451E-34   0.170469E-33   0.341227E-29   0.331865E-15   0.104651E-15   0.230372E-16   0.126856E-19   0.169342E-23   0.371666E-28   0.257224E-28   0.466848E-28   0.174866E-30   0.115143E-27   0.181266E-27
   0.116667E+01   0.486329E-31   0.867742E-31   0.427069E-33   0.255704E-30   0.130745E-32   0.706582E-30   0.374984E-32   0.188281E-29   0.105362E-31   0.491510E-29   0.296785E-31   0.501354E-31   0.851950E-31   0.145533E-30   0.697794E-25   0.658394E-11   0.205308E-11   0.449003E-12   0.250806E-15   0.334532E-19   0.730547E-24   0.523341E-24   0.915167E-24   0.185593E-27   0.225398E-23   0.354690E-23
   0.116667E+01   0.363021E-30   0.593633E-30   0.353668E-31   0.155121E-29   0.109146E-30   0.398484E-29   0.314603E-30   0.101546E-28   0.886666E-30   0.257964E-28   0.250208E-29   0.422914E-29   0.718949E-29   0.122846E-28   0.120361E-24   0.114027E-10   0.355768E-11   0.780620E-12   0.434763E-15   0.580193E-19   0.126590E-23   0.909070E-24   0.157765E-23   0.100205E-25   0.388484E-23   0.611269E-23
   0.116667E+01   0.448700E-31   0.741334E-31   0.571447E-31   0.195194E-30   0.148611E-30   0.502187E-30   0.381056E-30   0.127950E-29   0.972288E-30   0.324732E-29   0.247720E-29   0.395413E-29   0.631217E-29   0.100762E-28   0.634330E-26   0.588122E-12   0.181642E-12   0.395230E-13   0.223186E-16   0.297248E-20   0.650583E-25   0.490245E-25   0.809877E-25   0.109678E-26   0.199233E-24   0.313417E-24
   0.116667E+01   0.593231E-30   0.961038E-30   0.796949E-30   0.247687E-29   0.200774E-29   0.630329E-29   0.505724E-29   0.159488E-28   0.127372E-28   0.402467E-28   0.320757E-28   0.508978E-28   0.807598E-28   0.128132E-27   0.750622E-25   0.696081E-11   0.215045E-11   0.467277E-12   0.264172E-15   0.351815E-19   0.770017E-24   0.580242E-24   0.958560E-24   0.128308E-25   0.235812E-23   0.370960E-23
   0.116667E+01   0.812183E-34   0.142904E-33   0.168844E-35   0.413200E-33   0.490799E-35   0.112915E-32   0.138477E-34   0.298915E-32   0.390253E-34   0.777305E-32   0.111884E-33   0.191603E-33   0.331116E-33   0.577743E-33   0.333072E-27   0.326941E-13   0.103160E-13   0.228052E-14   0.125989E-17   0.168701E-21   0.367584E-26   0.252767E-26   0.459872E-26   0.488805E-30   0.113432E-25   0.178573E-25
   0.116667E+01   0.244165E-33   0.432666E-33   0.497270E-35   0.126372E-32   0.143842E-34   0.347543E-32   0.399796E-34   0.923731E-32   0.109756E-33   0.240817E-31   0.302785E-33   0.506110E-33   0.851123E-33   0.144054E-32   0.103502E-26   0.101597E-12   0.320651E-13   0.708966E-14   0.391669E-17   0.524426E-21   0.114307E-25   0.786264E-26   0.143056E-25   0.115770E-29   0.352891E-25   0.555561E-25
   0.116667E+01   0.100267E-31   0.178939E-31   0.203479E-33   0.527944E-31   0.589612E-33   0.146120E-30   0.163058E-32   0.389933E-30   0.442266E-32   0.101913E-29   0.119554E-31   0.197130E-31   0.326154E-31   0.541515E-31   0.412142E-25   0.399726E-11   0.126040E-11   0.277395E-12   0.152898E-15   0.204234E-19   0.445195E-24   0.310064E-24   0.562480E-24   0.420475E-28   0.138732E-23   0.218400E-23
   0.116667E+01   0.269081E-27   0.470282E-27   0.610073E-29   0.133771E-26   0.178177E-28   0.360344E-26   0.495130E-28   0.943567E-26   0.134673E-27   0.243365E-25   0.364572E-27   0.601329E-27   0.995012E-27   0.165187E-26   0.237999E-21   0.233640E-07   0.735980E-08   0.162642E-08   0.894444E-12   0.119568E-15   0.260221E-20   0.178281E-20   0.325879E-20   0.127749E-23   0.803352E-20   0.126442E-19
   0.116667E+01   0.442618E-28   0.741800E-28   0.513197E-28   0.199225E-27   0.139106E-27   0.518348E-27   0.364855E-27   0.132920E-26   0.943358E-27   0.338660E-26   0.242411E-26   0.388265E-26   0.621791E-26   0.995672E-26   0.916857E-23   0.873436E-09   0.273252E-09   0.592496E-10   0.333199E-13   0.444435E-17   0.969845E-22   0.694543E-22   0.120832E-21   0.116975E-23   0.297539E-21   0.468168E-21
   0.116667E+01   0.144396E-29   0.233726E-29   0.193133E-29   0.601527E-29   0.486405E-29   0.152921E-28   0.122494E-28   0.386646E-28   0.308460E-28   0.975210E-28   0.776666E-28   0.123232E-27   0.195516E-27   0.310175E-27   0.197027E-24   0.184854E-10   0.574345E-11   0.123843E-11   0.702943E-15   0.936361E-19   0.204761E-23   0.151482E-23   0.254927E-23   0.310262E-25   0.627334E-23   0.986938E-23
   0.116667E+01   0.131611E-27   0.212989E-27   0.175873E-27   0.548011E-27   0.442823E-27   0.139295E-26   0.111501E-26   0.352160E-26   0.280753E-26   0.888173E-26   0.706854E-26   0.112151E-25   0.177931E-25   0.282270E-25   0.215868E-22   0.205936E-08   0.644340E-09   0.139746E-09   0.785640E-13   0.104795E-16   0.228677E-21   0.163661E-21   0.284871E-21   0.282367E-23   0.701473E-21   0.110374E-20
   0.116667E+01   0.000000E+00   0.000000E+00   0.000000E+00   0.000000E+00   0.000000E+00   0.000000E+00   0.000000E+00   0.000000E+00   0.000000E+00   0.000000E+00   0.000000E+00   0.000000E+00   0.000000E+00   0.000000E+00   0.000000E+00   0.000000E+00   0.000000E+00   0.000000E+00   0.000000E+00   0.000000E+00   0.000000E+00   0.000000E+00   0.000000E+00   0.000000E+00   0.000000E+00   0.000000E+00
   0.116667E+01   0.220647E-26   0.449152E-26   0.925734E-26   0.182979E-25   0.369996E-25   0.737095E-25   0.147921E-24   0.295557E-24   0.591484E-24   0.118297E-23   0.236543E-23   0.473050E-23   0.946043E-23   0.189199E-22   0.207828E-21   0.223146E-07   0.852206E-08   0.186168E-08   0.904449E-12   0.122920E-15   0.295527E-20   0.503589E-20   0.101342E-19   0.193706E-19   0.395870E-19   0.788023E-19
   0.133333E+01   0.205172E-25   0.418988E-25   0.875000E-25   0.171568E-24   0.350000E-24   0.693610E-24   0.140000E-23   0.278786E-23   0.560000E-23   0.112000E-22   0.224000E-22   0.447473E-22   0.895178E-22   0.179066E-21   0.358400E-21   0.152068E-06   0.107130E-06   0.200732E-07   0.105671E-10   0.198983E-14   0.242965E-18   0.461752E-19   0.932125E-19   0.183498E-18   0.367500E-18   0.734690E-18
   0.133333E+01   0.774939E-38   0.156234E-37   0.327075E-35   0.627880E-37   0.130831E-34   0.250529E-36   0.523327E-34   0.998305E-36   0.209328E-33   0.418658E-33   0.837320E-33   0.158732E-34   0.317307E-34   0.633426E-34   0.133970E-31   0.133563E-18   0.920996E-19   0.148365E-19   0.914884E-23   0.169810E-26   0.209613E-30   0.139571E-31   0.243452E-31   0.171784E-30   0.595206E-31   0.932318E-31
   0.133333E+01   0.621357E-37   0.107122E-36   0.327077E-35   0.311139E-36   0.130832E-34   0.903029E-36   0.523323E-34   0.268424E-35   0.209338E-33   0.418679E-33   0.837325E-33   0.269223E-34   0.493067E-34   0.914760E-34   0.133971E-31   0.151392E-16   0.104325E-16   0.168139E-17   0.103681E-20   0.192443E-24   0.237672E-28   0.157508E-29   0.274394E-29   0.171957E-30   0.674407E-29   0.106103E-28
   0.133333E+01   0.920886E-38   0.181140E-37   0.327079E-35   0.696907E-37   0.130831E-34   0.268791E-36   0.523322E-34   0.104568E-35   0.209339E-33   0.418679E-33   0.837313E-33   0.161588E-34   0.321816E-34   0.641481E-34   0.133970E-31   0.556879E-18   0.383834E-18   0.618837E-19   0.381592E-22   0.708303E-26   0.874947E-30   0.580401E-31   0.101156E-30   0.171834E-30   0.248895E-30   0.391826E-30
   0.133333E+01   0.198740E-36   0.341535E-36   0.327078E-35   0.965299E-36   0.130831E-34   0.265260E-35   0.523322E-34   0.725648E-35   0.209340E-33   0.418675E-33   0.837311E-33   0.571779E-34   0.977295E-34   0.168900E-33   0.133971E-31   0.564467E-16   0.389164E-16   0.627476E-17   0.387014E-20   0.718561E-24   0.887784E-28   0.588451E-29   0.102524E-28   0.172302E-30   0.252014E-28   0.396505E-28
   0.133333E+01   0.176220E-34   0.302843E-34   0.327082E-35   0.847308E-34   0.130832E-34   0.227035E-33   0.131213E-35   0.593290E-33   0.525907E-35   0.105159E-34   0.209987E-34   0.393258E-32   0.629075E-32   0.100555E-31   0.335954E-33   0.536768E-14   0.370155E-14   0.596952E-15   0.368230E-18   0.683790E-22   0.844989E-26   0.560138E-27   0.975961E-27   0.217291E-30   0.239917E-26   0.377478E-26
   0.133333E+01   0.171949E-32   0.291192E-32   0.873039E-37   0.797734E-32   0.349945E-36   0.210884E-31   0.140006E-35   0.547099E-31   0.561567E-35   0.112336E-34   0.224356E-34   0.359539E-30   0.574451E-30   0.917358E-30   0.359114E-33   0.475267E-12   0.326380E-12   0.525004E-13   0.323228E-16   0.598285E-20   0.740274E-24   0.494783E-25   0.860444E-25   0.430578E-29   0.211445E-24   0.332647E-24
   0.133333E+01   0.143563E-37   0.269172E-37   0.327078E-35   0.940987E-37   0.130831E-34   0.333875E-36   0.523325E-34   0.121534E-35   0.209338E-33   0.418679E-33   0.837313E-33   0.173070E-34   0.339795E-34   0.670461E-34   0.133971E-31   0.208849E-17   0.143980E-17   0.232157E-18   0.143182E-21   0.265843E-25   0.328443E-29   0.217752E-30   0.379409E-30   0.171821E-30   0.932827E-30   0.146790E-29
   0.133333E+01   0.665498E-36   0.114543E-35   0.327079E-35   0.322116E-35   0.130830E-34   0.870694E-35   0.523323E-34   0.231132E-34   0.209338E-33   0.418679E-33   0.837320E-33   0.162390E-33   0.266070E-33   0.438014E-33   0.133971E-31   0.200154E-15   0.138024E-15   0.222589E-16   0.137303E-19   0.254964E-23   0.315066E-27   0.208855E-28   0.363899E-28   0.173461E-30   0.894557E-28   0.140747E-27
   0.133333E+01   0.583885E-34   0.100991E-33   0.821435E-37   0.285174E-33   0.328480E-36   0.768406E-33   0.131448E-35   0.201764E-32   0.526772E-35   0.105339E-34   0.210272E-34   0.134248E-31   0.214857E-31   0.343574E-31   0.336436E-33   0.183498E-13   0.126566E-13   0.204151E-14   0.125926E-17   0.233824E-21   0.289029E-25   0.191668E-26   0.333970E-26   0.327336E-30   0.821044E-26   0.129184E-25
   0.133333E+01   0.491321E-32   0.855945E-32   0.966021E-37   0.244149E-31   0.390194E-36   0.662064E-31   0.156877E-35   0.174540E-30   0.630968E-35   0.126389E-34   0.252658E-34   0.116612E-29   0.186733E-29   0.298731E-29   0.405456E-33   0.144936E-11   0.991141E-12   0.158930E-12   0.983223E-16   0.181865E-19   0.225191E-23   0.151428E-24   0.262592E-24   0.137042E-28   0.645278E-24   0.101518E-23
   0.133333E+01   0.320383E-30   0.548004E-30   0.115746E-35   0.151706E-29   0.495015E-35   0.402695E-29   0.204404E-34   0.104588E-28   0.839860E-34   0.169559E-33   0.341616E-33   0.685309E-28   0.109327E-27   0.174287E-27   0.556136E-32   0.154585E-10   0.105321E-10   0.164158E-11   0.104709E-14   0.193360E-18   0.239590E-22   0.166511E-23   0.276338E-23   0.103895E-26   0.677754E-23   0.106571E-22
   0.133333E+01   0.373836E-30   0.605720E-30   0.456557E-34   0.156134E-29   0.189959E-33   0.397354E-29   0.769989E-33   0.100543E-28   0.312857E-32   0.629166E-32   0.126383E-31   0.639520E-28   0.101501E-27   0.161074E-27   0.204275E-30   0.788628E-11   0.535372E-11   0.826282E-12   0.532847E-15   0.982705E-19   0.121903E-22   0.867620E-24   0.140230E-23   0.134587E-25   0.343656E-23   0.540255E-23
   0.133333E+01   0.213946E-37   0.390639E-37   0.327078E-35   0.128383E-36   0.130831E-34   0.426074E-36   0.523323E-34   0.145747E-35   0.209339E-33   0.418678E-33   0.837320E-33   0.189150E-34   0.365471E-34   0.711827E-34   0.133971E-31   0.426072E-17   0.293811E-17   0.473835E-18   0.292266E-21   0.542716E-25   0.670652E-29   0.444628E-30   0.774713E-30   0.171846E-30   0.190471E-29   0.299716E-29
   0.133333E+01   0.128941E-35   0.223185E-35   0.327077E-35   0.631746E-35   0.130831E-34   0.170980E-34   0.523322E-34   0.452252E-34   0.209338E-33   0.418678E-33   0.837319E-33   0.310050E-33   0.502489E-33   0.816125E-33   0.335641E-33   0.399585E-15   0.275610E-15   0.444561E-16   0.274254E-19   0.509348E-23   0.629529E-27   0.417351E-28   0.727210E-28   0.175408E-30   0.178780E-27   0.281294E-27
   0.133333E+01   0.190523E-33   0.331784E-33   0.825373E-37   0.945849E-33   0.330290E-36   0.256397E-32   0.132116E-35   0.675783E-32   0.529856E-35   0.105971E-34   0.211506E-34   0.451377E-31   0.722769E-31   0.115622E-30   0.338338E-33   0.613044E-13   0.422741E-13   0.681826E-14   0.420016E-17   0.779197E-21   0.963398E-25   0.640924E-26   0.111658E-25   0.724830E-30   0.274516E-25   0.431935E-25
   0.133333E+01   0.153787E-31   0.269714E-31   0.128217E-36   0.776699E-31   0.527726E-36   0.211889E-30   0.214034E-35   0.560719E-30   0.867759E-35   0.174267E-34   0.349421E-34   0.376068E-29   0.602516E-29   0.964278E-29   0.561023E-33   0.388373E-11   0.264378E-11   0.419451E-12   0.262844E-15   0.485685E-19   0.601819E-23   0.406927E-24   0.700666E-24   0.462604E-28   0.172082E-23   0.270688E-23
   0.133333E+01   0.567431E-30   0.942159E-30   0.350438E-35   0.250555E-29   0.152465E-34   0.649147E-29   0.634995E-34   0.166042E-28   0.262685E-33   0.531609E-33   0.107320E-32   0.106879E-27   0.169966E-27   0.270182E-27   0.173589E-31   0.180437E-10   0.123055E-10   0.192031E-11   0.122302E-14   0.225909E-18   0.279845E-22   0.195099E-23   0.322383E-23   0.356748E-26   0.790678E-23   0.124325E-22
   0.133333E+01   0.394965E-30   0.639855E-30   0.132681E-33   0.164900E-29   0.583708E-33   0.419630E-29   0.244642E-32   0.106181E-28   0.101646E-31   0.206025E-31   0.416440E-31   0.675636E-28   0.107254E-27   0.170246E-27   0.675137E-30   0.832914E-11   0.565536E-11   0.873110E-12   0.562837E-15   0.103807E-18   0.128765E-22   0.916431E-24   0.148121E-23   0.161050E-25   0.362999E-23   0.570665E-23
   0.133333E+01   0.383159E-30   0.622287E-30   0.161036E-31   0.161704E-29   0.700680E-31   0.417180E-29   0.291807E-30   0.107809E-28   0.120822E-29   0.244605E-29   0.493870E-29   0.746485E-28   0.122567E-27   0.202373E-27   0.767836E-28   0.794051E-11   0.539065E-11   0.831995E-12   0.536519E-15   0.989481E-19   0.122743E-22   0.874001E-24   0.141191E-23   0.163305E-25   0.346008E-23   0.543952E-23
   0.133333E+01   0.734697E-38   0.149641E-37   0.327095E-35   0.610333E-37   0.130837E-34   0.245952E-36   0.523348E-34   0.986506E-36   0.209340E-33   0.418680E-33   0.837358E-33   0.516985E-36   0.105228E-35   0.206882E-35   0.336267E-33   0.265216E-19   0.179746E-19   0.290473E-20   0.188184E-23   0.345481E-27   0.415834E-31   0.272486E-32   0.493400E-32   0.171821E-30   0.123682E-31   0.193470E-31
   0.133333E+01   0.385893E-35   0.671665E-35   0.827665E-37   0.191343E-34   0.331442E-36   0.518470E-34   0.132624E-35   0.136622E-33   0.530834E-35   0.106205E-34   0.212409E-34   0.912475E-33   0.146116E-32   0.233768E-32   0.339758E-33   0.122528E-14   0.845315E-15   0.136377E-15   0.841409E-19   0.156290E-22   0.193202E-26   0.128098E-27   0.223214E-27   0.184492E-30   0.548795E-27   0.863501E-27
   0.133333E+01   0.357630E-33   0.626888E-33   0.141400E-36   0.180394E-32   0.604956E-36   0.491897E-32   0.251744E-35   0.130131E-31   0.103756E-34   0.209806E-34   0.423223E-34   0.872435E-31   0.139767E-30   0.223669E-30   0.673642E-33   0.116404E-12   0.802146E-13   0.129334E-13   0.795376E-17   0.147427E-20   0.182282E-24   0.121799E-25   0.212106E-25   0.138518E-29   0.521484E-25   0.820535E-25
   0.133333E+01   0.275148E-31   0.485734E-31   0.469645E-35   0.141192E-30   0.220309E-34   0.387461E-30   0.962395E-34   0.102914E-29   0.410643E-33   0.840192E-33   0.171071E-32   0.692815E-29   0.111053E-28   0.177797E-28   0.271553E-31   0.499306E-11   0.341064E-11   0.536313E-12   0.338638E-15   0.625820E-19   0.775042E-23   0.526905E-24   0.899531E-24   0.964324E-28   0.220832E-23   0.347332E-23
   0.133333E+01   0.696351E-30   0.113843E-29   0.598323E-33   0.296794E-29   0.283686E-32   0.760306E-29   0.124716E-31   0.193190E-28   0.534322E-31   0.109479E-30   0.223161E-30   0.123608E-27   0.196464E-27   0.312241E-27   0.354934E-29   0.189399E-10   0.129560E-10   0.202212E-11   0.128559E-14   0.237538E-18   0.294148E-22   0.204868E-23   0.338691E-23   0.117883E-25   0.830713E-23   0.130621E-22
   0.133333E+01   0.422658E-30   0.687880E-30   0.258264E-31   0.179954E-29   0.123840E-30   0.469541E-29   0.548383E-30   0.123457E-28   0.235912E-29   0.483030E-29   0.978325E-29   0.905665E-28   0.150732E-27   0.250862E-27   0.131911E-27   0.881808E-11   0.600190E-11   0.925686E-12   0.596482E-15   0.110026E-18   0.136454E-22   0.971121E-24   0.156967E-23   0.177273E-25   0.384683E-23   0.604757E-23
   0.133333E+01   0.738126E-30   0.123091E-29   0.991544E-30   0.327915E-29   0.261595E-29   0.847510E-29   0.673442E-29   0.216102E-28   0.171617E-28   0.273354E-28   0.434971E-28   0.138355E-27   0.219732E-27   0.348842E-27   0.277111E-27   0.856948E-11   0.583208E-11   0.899302E-12   0.579624E-15   0.106912E-18   0.132597E-22   0.943925E-24   0.152528E-23   0.175578E-25   0.373799E-23   0.587644E-23
   0.133333E+01   0.323868E-39   0.638866E-39   0.821141E-37   0.245470E-38   0.328386E-36   0.913175E-38   0.131420E-35   0.348311E-37   0.525455E-35   0.105084E-34   0.210107E-34   0.519991E-36   0.102822E-35   0.202071E-35   0.336291E-33   0.284098E-19   0.196379E-19   0.317258E-20   0.203871E-23   0.375734E-27   0.464839E-31   0.295555E-32   0.533843E-32   0.171871E-30   0.132570E-31   0.202354E-31
   0.133333E+01   0.128444E-37   0.225742E-37   0.822493E-37   0.654587E-37   0.328856E-36   0.180818E-36   0.131477E-35   0.488759E-36   0.525719E-35   0.105144E-34   0.210257E-34   0.357381E-35   0.590478E-35   0.987501E-35   0.336219E-33   0.407245E-17   0.281021E-17   0.453481E-18   0.279805E-21   0.519805E-25   0.642681E-29   0.426213E-30   0.742784E-30   0.171809E-30   0.182652E-29   0.287426E-29
   0.133333E+01   0.137340E-35   0.242313E-35   0.963435E-37   0.703812E-35   0.370469E-36   0.193065E-34   0.143269E-35   0.512740E-34   0.558933E-35   0.110779E-34   0.219782E-34   0.345319E-33   0.553672E-33   0.886742E-33   0.344477E-33   0.442554E-15   0.304291E-15   0.489809E-16   0.301344E-19   0.557963E-23   0.690311E-27   0.463361E-28   0.805908E-28   0.177331E-30   0.198123E-27   0.311736E-27
   0.133333E+01   0.768287E-31   0.136161E-30   0.810586E-33   0.397226E-30   0.240404E-32   0.109088E-29   0.684928E-32   0.289641E-29   0.194242E-31   0.328540E-31   0.558478E-31   0.194627E-28   0.311794E-28   0.498891E-28   0.478939E-30   0.768008E-11   0.523877E-11   0.827312E-12   0.520914E-15   0.963145E-19   0.119231E-22   0.816945E-24   0.137949E-23   0.320612E-27   0.338558E-23   0.532447E-23
   0.133333E+01   0.459983E-30   0.752340E-30   0.676534E-31   0.196721E-29   0.202271E-30   0.506016E-29   0.579199E-30   0.129234E-28   0.164773E-29   0.278994E-29   0.474645E-29   0.841050E-28   0.134489E-27   0.215146E-27   0.407572E-28   0.127360E-10   0.870700E-11   0.138043E-11   0.865182E-15   0.160080E-18   0.198037E-22   0.136088E-23   0.228054E-23   0.140525E-25   0.559615E-23   0.880039E-23
   0.133333E+01   0.657301E-31   0.107569E-30   0.850399E-31   0.280512E-30   0.218102E-30   0.718650E-30   0.555658E-30   0.182708E-29   0.141264E-29   0.225184E-29   0.358945E-29   0.117209E-28   0.186406E-28   0.296371E-28   0.231255E-28   0.745070E-12   0.505102E-12   0.784925E-13   0.503234E-16   0.928459E-20   0.115152E-23   0.819624E-25   0.132469E-24   0.153384E-26   0.324642E-24   0.510366E-24
   0.133333E+01   0.830038E-30   0.134468E-29   0.111484E-29   0.346554E-29   0.280821E-29   0.881885E-29   0.707306E-29   0.223127E-28   0.178135E-28   0.282684E-28   0.448577E-28   0.141889E-27   0.225175E-27   0.357286E-27   0.284241E-27   0.880498E-11   0.596980E-11   0.927278E-12   0.594740E-15   0.109727E-18   0.136089E-22   0.968606E-24   0.156553E-23   0.179431E-25   0.383670E-23   0.603165E-23
   0.133333E+01   0.115372E-33   0.202007E-33   0.268840E-35   0.580390E-33   0.766429E-35   0.158107E-32   0.213581E-34   0.418005E-32   0.596143E-34   0.100165E-33   0.169301E-33   0.280024E-31   0.448539E-31   0.717702E-31   0.146975E-32   0.368710E-13   0.254422E-13   0.410542E-14   0.253315E-17   0.470592E-21   0.581832E-25   0.385810E-26   0.672316E-26   0.662363E-30   0.165307E-25   0.260108E-25
   0.133333E+01   0.383648E-33   0.676509E-33   0.885925E-35   0.196340E-32   0.252328E-34   0.538273E-32   0.697062E-34   0.142881E-31   0.191323E-33   0.317745E-33   0.529605E-33   0.961121E-31   0.154037E-30   0.246582E-30   0.423197E-32   0.126730E-12   0.874654E-13   0.141162E-13   0.870880E-17   0.161759E-20   0.200049E-24   0.132742E-25   0.231326E-25   0.185970E-29   0.568818E-25   0.895052E-25
   0.133333E+01   0.145188E-31   0.257837E-31   0.336481E-33   0.755895E-31   0.962518E-33   0.208555E-30   0.265710E-32   0.555823E-30   0.725361E-32   0.119923E-31   0.198730E-31   0.375430E-29   0.602032E-29   0.964156E-29   0.152713E-30   0.455714E-11   0.313117E-11   0.503973E-12   0.310465E-15   0.575244E-19   0.711004E-23   0.477312E-24   0.829893E-24   0.662369E-28   0.204022E-23   0.321018E-23
   0.133333E+01   0.349525E-27   0.602386E-27   0.976665E-29   0.168184E-26   0.281607E-28   0.448251E-26   0.781227E-28   0.116655E-25   0.213899E-27   0.353978E-27   0.587011E-27   0.765409E-25   0.122112E-24   0.194666E-24   0.451491E-26   0.237342E-07   0.163444E-07   0.263935E-08   0.162021E-11   0.300526E-15   0.370981E-19   0.245159E-20   0.429129E-20   0.195092E-23   0.105458E-19   0.165903E-19
   0.133333E+01   0.587527E-28   0.973887E-28   0.719432E-28   0.257901E-27   0.189845E-27   0.666007E-27   0.491149E-27   0.170074E-26   0.126000E-26   0.201515E-26   0.322132E-26   0.109630E-25   0.174520E-25   0.277733E-25   0.209502E-25   0.971044E-09   0.664222E-09   0.104756E-09   0.659758E-13   0.122035E-16   0.150991E-20   0.103531E-21   0.173820E-21   0.145241E-23   0.426539E-21   0.670765E-21
   0.133333E+01   0.195809E-29   0.316878E-29   0.261488E-29   0.815204E-29   0.658480E-29   0.207179E-28   0.165817E-28   0.523724E-28   0.417540E-28   0.662548E-28   0.105129E-27   0.332705E-27   0.527915E-27   0.837537E-27   0.665973E-27   0.224125E-10   0.152399E-10   0.237108E-11   0.151661E-14   0.279974E-18   0.347018E-22   0.243930E-23   0.399210E-23   0.420184E-25   0.978737E-23   0.153880E-22
   0.133333E+01   0.161979E-27   0.262080E-27   0.216113E-27   0.674051E-27   0.544087E-27   0.171279E-26   0.136991E-26   0.432928E-26   0.344920E-26   0.547296E-26   0.868386E-26   0.274995E-25   0.436335E-25   0.692235E-25   0.550053E-25   0.228816E-08   0.156530E-08   0.246914E-09   0.155473E-12   0.287583E-16   0.355812E-20   0.243862E-21   0.409568E-21   0.347222E-23   0.100504E-20   0.158051E-20
   0.133333E+01   0.000000E+00   0.000000E+00   0.000000E+00   0.000000E+00   0.000000E+00   0.000000E+00   0.000000E+00   0.000000E+00   0.000000E+00   0.000000E+00   0.000000E+00   0.000000E+00   0.000000E+00   0.000000E+00   0.000000E+00   0.000000E+00   0.000000E+00   0.000000E+00   0.000000E+00   0.000000E+00   0.000000E+00   0.000000E+00   0.000000E+00   0.000000E+00   0.000000E+00   0.000000E+00
   0.133333E+01   0.221660E-26   0.450851E-26   0.926314E-26   0.183435E-25   0.370142E-25   0.738283E-25   0.147958E-24   0.295862E-24   0.591577E-24   0.118298E-23   0.236566E-23   0.473377E-23   0.946581E-23   0.189281E-22   0.378400E-22   0.184411E-07   0.129523E-07   0.238355E-08   0.127843E-11   0.240265E-15   0.293787E-19   0.512202E-20   0.102709E-19   0.193707E-19   0.398532E-19   0.792212E-19
   0.150000E+01   0.205218E-25   0.419067E-25   0.875000E-25   0.171589E-24   0.350000E-24   0.693659E-24   0.140000E-23   0.278798E-23   0.560000E-23   0.112000E-22   0.224000E-22   0.447479E-22   0.895189E-22   0.179200E-21   0.173290E-19   0.760077E-07   0.178161E-06   0.250973E-07   0.157189E-10   0.260904E-14   0.669340E-18   0.465081E-19   0.935287E-19   0.183497E-18   0.367541E-18   0.734767E-18
   0.150000E+01   0.803649E-38   0.161105E-37   0.327075E-35   0.640518E-37   0.130831E-34   0.254041E-36   0.523327E-34   0.100715E-35   0.209328E-33   0.418658E-33   0.837320E-33   0.159246E-34   0.317866E-34   0.669849E-32   0.245832E-31   0.111258E-18   0.256339E-18   0.306984E-19   0.225851E-22   0.369189E-26   0.956843E-30   0.239274E-31   0.401307E-31   0.171809E-30   0.985408E-31   0.154256E-30
   0.150000E+01   0.947562E-37   0.161507E-36   0.327077E-35   0.457231E-36   0.130832E-34   0.128567E-35   0.523323E-34   0.367295E-35   0.209338E-33   0.418679E-33   0.837325E-33   0.334151E-34   0.597594E-34   0.669849E-32   0.280115E-29   0.126525E-16   0.291579E-16   0.349008E-17   0.256879E-20   0.419848E-24   0.108797E-27   0.271550E-29   0.454818E-29   0.172068E-30   0.111389E-28   0.175157E-28
   0.150000E+01   0.103523E-37   0.200541E-37   0.327079E-35   0.748741E-37   0.130831E-34   0.282462E-36   0.523322E-34   0.108224E-35   0.209339E-33   0.418679E-33   0.837313E-33   0.163935E-34   0.325682E-34   0.669856E-32   0.102296E-30   0.462336E-18   0.106589E-17   0.127612E-18   0.939328E-22   0.153546E-25   0.397963E-29   0.993983E-31   0.166521E-30   0.171809E-30   0.408015E-30   0.642001E-30
   0.150000E+01   0.311167E-36   0.531626E-36   0.327078E-35   0.148641E-35   0.130831E-34   0.403466E-35   0.523322E-34   0.108574E-34   0.209340E-33   0.418675E-33   0.837311E-33   0.810866E-34   0.135981E-33   0.669855E-32   0.103929E-28   0.469511E-16   0.108276E-15   0.129658E-16   0.954543E-20   0.156054E-23   0.404554E-27   0.100995E-28   0.169172E-28   0.172622E-30   0.414382E-28   0.651629E-28
   0.150000E+01   0.280133E-34   0.479782E-34   0.327082E-35   0.133726E-33   0.130832E-34   0.357793E-33   0.131232E-35   0.935404E-33   0.525907E-35   0.105181E-34   0.210047E-34   0.621373E-32   0.994340E-32   0.167953E-33   0.989777E-27   0.447181E-14   0.103163E-13   0.123562E-14   0.909770E-18   0.148754E-21   0.385707E-25   0.963000E-27   0.161317E-26   0.250262E-30   0.395168E-26   0.621429E-26
   0.150000E+01   0.273434E-32   0.461495E-32   0.888615E-37   0.125960E-31   0.356269E-36   0.332541E-31   0.142649E-35   0.862774E-31   0.572099E-35   0.114465E-34   0.228478E-34   0.568240E-30   0.908245E-30   0.182951E-33   0.884570E-25   0.395335E-12   0.906259E-12   0.108247E-12   0.795603E-16   0.129741E-19   0.336705E-23   0.846825E-25   0.141647E-24   0.730576E-29   0.346838E-24   0.545358E-24
   0.150000E+01   0.184577E-37   0.338583E-37   0.327078E-35   0.113139E-36   0.130831E-34   0.384127E-36   0.523321E-34   0.134742E-35   0.209341E-33   0.418680E-33   0.837323E-33   0.181669E-34   0.354180E-34   0.669854E-32   0.382110E-30   0.172644E-17   0.398134E-17   0.476755E-18   0.350981E-21   0.573800E-25   0.148749E-28   0.371417E-30   0.622155E-30   0.171833E-30   0.152416E-29   0.239721E-29
   0.150000E+01   0.104790E-35   0.179621E-35   0.327078E-35   0.502181E-35   0.130831E-34   0.135104E-34   0.523322E-34   0.356784E-34   0.209339E-33   0.418676E-33   0.837316E-33   0.246169E-33   0.400219E-33   0.669849E-32   0.366989E-28   0.165805E-15   0.382498E-15   0.458124E-16   0.337308E-19   0.551518E-23   0.143002E-26   0.357034E-28   0.598083E-28   0.174755E-30   0.146508E-27   0.230395E-27
   0.150000E+01   0.924827E-34   0.159427E-33   0.821964E-37   0.448507E-33   0.328833E-36   0.120691E-32   0.131495E-35   0.316924E-32   0.527110E-35   0.105452E-34   0.210453E-34   0.211335E-31   0.338356E-31   0.168362E-33   0.337034E-26   0.152281E-13   0.351405E-13   0.420959E-14   0.309905E-17   0.506649E-21   0.131422E-24   0.328276E-26   0.549932E-26   0.439241E-30   0.134723E-25   0.211866E-25
   0.150000E+01   0.775732E-32   0.134685E-31   0.100722E-36   0.382742E-31   0.407802E-36   0.103651E-30   0.164080E-35   0.273273E-30   0.660647E-35   0.132423E-34   0.264800E-34   0.182977E-29   0.293118E-29   0.212430E-33   0.267255E-24   0.119206E-11   0.271535E-11   0.323266E-12   0.238694E-15   0.389003E-19   0.101020E-22   0.255384E-24   0.426254E-24   0.233571E-28   0.104358E-23   0.164089E-23
   0.150000E+01   0.463789E-30   0.786276E-30   0.143947E-35   0.215188E-29   0.616208E-35   0.567555E-29   0.254563E-34   0.146878E-28   0.104629E-33   0.211261E-33   0.425691E-33   0.959364E-28   0.152960E-27   0.345543E-32   0.259415E-23   0.115598E-10   0.261869E-10   0.302718E-11   0.230537E-14   0.374918E-18   0.974469E-22   0.252314E-23   0.406454E-23   0.175224E-26   0.992810E-23   0.156008E-22
   0.150000E+01   0.502330E-30   0.813644E-30   0.611928E-34   0.209632E-29   0.254628E-33   0.533353E-29   0.103218E-32   0.134932E-28   0.419406E-32   0.843453E-32   0.169430E-31   0.858116E-28   0.136192E-27   0.136691E-30   0.138870E-23   0.618766E-11   0.139619E-10   0.159574E-11   0.122935E-14   0.199666E-18   0.519483E-22   0.136839E-23   0.216092E-23   0.188977E-25   0.527317E-23   0.828407E-23
   0.150000E+01   0.284958E-37   0.511473E-37   0.327077E-35   0.161811E-36   0.130831E-34   0.515238E-36   0.523323E-34   0.169143E-35   0.209341E-33   0.418678E-33   0.837314E-33   0.204693E-34   0.390253E-34   0.669852E-32   0.741832E-30   0.335189E-17   0.773234E-17   0.926103E-18   0.681864E-21   0.111487E-24   0.289072E-28   0.721801E-30   0.120914E-29   0.171846E-30   0.296210E-29   0.465829E-29
   0.150000E+01   0.194307E-35   0.335083E-35   0.327079E-35   0.944035E-35   0.130831E-34   0.254763E-34   0.523322E-34   0.672220E-34   0.209340E-33   0.418679E-33   0.837316E-33   0.457331E-33   0.738454E-33   0.669855E-32   0.698943E-28   0.315817E-15   0.728806E-15   0.873078E-16   0.642898E-19   0.105131E-22   0.272643E-26   0.680783E-28   0.114047E-27   0.177700E-30   0.279392E-27   0.439374E-27
   0.150000E+01   0.301009E-33   0.522417E-33   0.827489E-37   0.148376E-32   0.331137E-36   0.401674E-32   0.132521E-35   0.105875E-31   0.531173E-35   0.106272E-34   0.212093E-34   0.708707E-31   0.113524E-30   0.169735E-33   0.112367E-25   0.506818E-13   0.116905E-12   0.140030E-13   0.102947E-16   0.168177E-20   0.436430E-24   0.109328E-25   0.183124E-25   0.112286E-29   0.448633E-25   0.705535E-25
   0.150000E+01   0.240974E-31   0.421192E-31   0.143892E-36   0.120839E-30   0.596023E-36   0.329216E-30   0.242566E-35   0.871251E-30   0.985459E-35   0.198138E-34   0.397539E-34   0.585607E-29   0.938579E-29   0.320655E-33   0.701777E-24   0.312798E-11   0.708385E-11   0.834568E-12   0.623544E-15   0.101516E-18   0.263797E-22   0.669437E-24   0.111107E-23   0.787726E-28   0.271819E-23   0.427316E-23
   0.150000E+01   0.756608E-30   0.124977E-29   0.462658E-35   0.330231E-29   0.201740E-34   0.852583E-29   0.841411E-34   0.217650E-28   0.348386E-33   0.705273E-33   0.142416E-32   0.139842E-27   0.222316E-27   0.116067E-31   0.298496E-23   0.133014E-10   0.301609E-10   0.349096E-11   0.265505E-14   0.431879E-18   0.112229E-21   0.291375E-23   0.467620E-23   0.601804E-26   0.114223E-22   0.179486E-22
   0.150000E+01   0.528492E-30   0.855926E-30   0.187852E-33   0.220496E-29   0.828165E-33   0.560972E-29   0.347607E-32   0.141925E-28   0.144553E-31   0.293083E-31   0.592557E-31   0.902989E-28   0.143345E-27   0.484058E-30   0.146285E-23   0.651809E-11   0.147105E-10   0.168196E-11   0.129525E-14   0.210381E-18   0.547333E-22   0.144174E-23   0.227677E-23   0.218420E-25   0.555600E-23   0.872844E-23
   0.150000E+01   0.514630E-30   0.836109E-30   0.254148E-31   0.217575E-29   0.111463E-30   0.562765E-29   0.466650E-30   0.146019E-28   0.193843E-29   0.392843E-29   0.793395E-29   0.102636E-27   0.169320E-27   0.626304E-28   0.139799E-23   0.622909E-11   0.140555E-10   0.160645E-11   0.123760E-14   0.201005E-18   0.522966E-22   0.137800E-23   0.217534E-23   0.218953E-25   0.530832E-23   0.833929E-23
   0.150000E+01   0.740377E-38   0.150429E-37   0.327094E-35   0.611904E-37   0.130836E-34   0.246761E-36   0.523354E-34   0.988044E-36   0.209339E-33   0.105099E-34   0.210212E-34   0.529015E-36   0.108235E-35   0.168110E-33   0.462408E-32   0.210930E-19   0.487074E-19   0.580477E-20   0.445738E-23   0.728692E-27   0.179982E-30   0.460530E-32   0.774172E-32   0.171784E-30   0.189378E-31   0.304070E-31
   0.150000E+01   0.575226E-35   0.997829E-35   0.833190E-37   0.283201E-34   0.334075E-36   0.766327E-34   0.133809E-35   0.201938E-33   0.535762E-35   0.107190E-34   0.214440E-34   0.135142E-32   0.216480E-32   0.171576E-33   0.211332E-27   0.955012E-15   0.220459E-14   0.264154E-15   0.194532E-18   0.318150E-22   0.825240E-26   0.206083E-27   0.345254E-27   0.192442E-30   0.845863E-27   0.133025E-26
   0.150000E+01   0.539720E-33   0.942877E-33   0.195843E-36   0.270311E-32   0.863353E-36   0.736095E-32   0.365400E-35   0.194741E-31   0.152521E-34   0.309654E-34   0.626499E-34   0.130837E-30   0.209681E-30   0.501873E-33   0.204703E-25   0.917811E-13   0.211465E-12   0.253214E-13   0.185889E-16   0.303467E-20   0.787322E-24   0.198011E-25   0.331586E-25   0.217066E-29   0.812355E-25   0.127755E-24
   0.150000E+01   0.409309E-31   0.720128E-31   0.881377E-35   0.208543E-30   0.417323E-34   0.571505E-30   0.183396E-33   0.151802E-29   0.785444E-33   0.160881E-32   0.327708E-32   0.102406E-28   0.164207E-28   0.263171E-31   0.843122E-24   0.375178E-11   0.850226E-11   0.994175E-12   0.748678E-15   0.121867E-18   0.316607E-22   0.805823E-24   0.132834E-23   0.156457E-27   0.324826E-23   0.510582E-23
   0.150000E+01   0.891299E-30   0.145400E-29   0.117695E-32   0.378079E-29   0.562613E-32   0.967284E-29   0.248682E-31   0.245649E-28   0.106898E-30   0.219240E-30   0.447037E-30   0.157243E-27   0.250015E-27   0.359624E-29   0.311632E-23   0.138667E-10   0.314340E-10   0.364291E-11   0.276764E-14   0.450254E-18   0.116994E-21   0.303427E-23   0.487010E-23   0.184020E-25   0.118967E-22   0.186944E-22
   0.150000E+01   0.567484E-30   0.926042E-30   0.545262E-31   0.244385E-29   0.263799E-30   0.646924E-29   0.117471E-29   0.173713E-28   0.503003E-29   0.101525E-28   0.200262E-28   0.133084E-27   0.221700E-27   0.129258E-27   0.155245E-23   0.690562E-11   0.155681E-10   0.178012E-11   0.137117E-14   0.222704E-18   0.579427E-22   0.152527E-23   0.240876E-23   0.237392E-25   0.587821E-23   0.923468E-23
   0.150000E+01   0.102950E-29   0.169647E-29   0.138587E-29   0.445365E-29   0.357914E-29   0.114270E-28   0.911891E-29   0.290271E-28   0.231047E-28   0.367320E-28   0.583647E-28   0.185186E-27   0.293982E-27   0.233617E-27   0.151121E-23   0.672208E-11   0.151522E-10   0.173210E-11   0.133455E-14   0.216749E-18   0.563951E-22   0.148479E-23   0.234437E-23   0.234634E-25   0.572095E-23   0.898759E-23
   0.150000E+01   0.373566E-39   0.723434E-39   0.821377E-37   0.267398E-38   0.328433E-36   0.973811E-38   0.131354E-35   0.367052E-37   0.525568E-35   0.105099E-34   0.210182E-34   0.538032E-36   0.105229E-35   0.168146E-33   0.487594E-32   0.222331E-19   0.512792E-19   0.612577E-20   0.470892E-23   0.769801E-27   0.190229E-30   0.485730E-32   0.818445E-32   0.171821E-30   0.199995E-31   0.312461E-31
   0.150000E+01   0.197673E-37   0.345785E-37   0.823728E-37   0.996290E-37   0.329185E-36   0.273878E-36   0.131580E-35   0.735227E-36   0.526020E-35   0.105204E-34   0.210378E-34   0.523004E-35   0.859269E-35   0.168266E-33   0.729062E-30   0.329473E-17   0.760816E-17   0.911803E-18   0.671550E-21   0.109842E-24   0.284969E-28   0.711781E-30   0.119258E-29   0.171957E-30   0.292215E-29   0.459594E-29
   0.150000E+01   0.213776E-35   0.375900E-35   0.107599E-36   0.108775E-34   0.402771E-36   0.297969E-34   0.152692E-35   0.791302E-34   0.586957E-35   0.115608E-34   0.228178E-34   0.533869E-33   0.856160E-33   0.177222E-33   0.797550E-28   0.359386E-15   0.824022E-15   0.985208E-16   0.723789E-19   0.118057E-22   0.306398E-26   0.773573E-28   0.129418E-27   0.181201E-30   0.317016E-27   0.498543E-27
   0.150000E+01   0.111627E-30   0.196601E-30   0.136300E-32   0.568485E-30   0.401167E-32   0.155293E-29   0.115394E-31   0.411130E-29   0.334281E-31   0.572206E-31   0.982519E-31   0.275743E-28   0.441583E-28   0.495370E-30   0.122904E-23   0.553800E-11   0.126013E-10   0.147245E-11   0.110877E-14   0.180544E-18   0.468811E-22   0.120007E-23   0.196082E-23   0.514279E-27   0.479351E-23   0.753408E-23
   0.150000E+01   0.564018E-30   0.922963E-30   0.114645E-30   0.241746E-29   0.340165E-30   0.623604E-29   0.983395E-30   0.159951E-28   0.285727E-29   0.489521E-29   0.840933E-29   0.105480E-27   0.169202E-27   0.423373E-28   0.197253E-23   0.889030E-11   0.202866E-10   0.237901E-11   0.178439E-14   0.290723E-18   0.754516E-22   0.193780E-23   0.314319E-23   0.182817E-25   0.768322E-23   0.120752E-22
   0.150000E+01   0.898672E-31   0.146464E-30   0.117357E-30   0.380300E-30   0.299250E-30   0.972382E-30   0.760258E-30   0.246953E-29   0.192929E-29   0.307265E-29   0.489265E-29   0.158110E-28   0.251278E-28   0.197150E-28   0.129289E-24   0.581883E-12   0.131620E-11   0.150774E-12   0.115814E-15   0.188160E-19   0.489408E-23   0.128901E-24   0.203551E-24   0.204694E-26   0.496728E-24   0.780359E-24
   0.150000E+01   0.110702E-29   0.179311E-29   0.148554E-29   0.462015E-29   0.374177E-29   0.117553E-28   0.942419E-29   0.297396E-28   0.237343E-28   0.376639E-28   0.597660E-28   0.189098E-27   0.300089E-27   0.238713E-27   0.152453E-23   0.686126E-11   0.155277E-10   0.177861E-11   0.136614E-14   0.221961E-18   0.577298E-22   0.152059E-23   0.240131E-23   0.239150E-25   0.586006E-23   0.920618E-23
   0.150000E+01   0.153963E-33   0.268679E-33   0.397790E-35   0.769103E-33   0.112709E-34   0.209236E-32   0.314109E-34   0.553195E-32   0.880097E-34   0.148132E-33   0.250389E-33   0.371351E-31   0.595033E-31   0.123176E-32   0.568528E-26   0.256922E-13   0.593274E-13   0.710992E-14   0.523648E-17   0.856501E-21   0.222204E-24   0.554965E-26   0.929782E-26   0.887516E-30   0.227810E-25   0.358273E-25
   0.150000E+01   0.560483E-33   0.985035E-33   0.144448E-34   0.284828E-32   0.409956E-34   0.779823E-32   0.113737E-33   0.207005E-31   0.315358E-33   0.526796E-33   0.882222E-33   0.139533E-30   0.223705E-30   0.416860E-32   0.213882E-25   0.966594E-13   0.223258E-12   0.267601E-13   0.197034E-16   0.322210E-20   0.836282E-24   0.209016E-25   0.350193E-25   0.286772E-29   0.858082E-25   0.134953E-24
   0.150000E+01   0.197507E-31   0.349579E-31   0.512656E-33   0.102107E-30   0.146335E-32   0.281341E-30   0.406629E-32   0.749825E-30   0.112537E-31   0.187587E-31   0.313227E-31   0.507511E-29   0.814120E-29   0.145817E-30   0.713593E-24   0.321639E-11   0.738235E-11   0.882190E-12   0.648818E-15   0.105893E-18   0.274564E-22   0.693304E-24   0.115963E-23   0.984241E-28   0.284060E-23   0.446714E-23
   0.150000E+01   0.423931E-27   0.723151E-27   0.143976E-28   0.199263E-26   0.414262E-28   0.527223E-26   0.115687E-27   0.136653E-25   0.321148E-27   0.535870E-27   0.895474E-27   0.893611E-25   0.142492E-24   0.417382E-26   0.335418E-20   0.151477E-07   0.348674E-07   0.418385E-08   0.306507E-11   0.500726E-15   0.129688E-18   0.322801E-20   0.543052E-20   0.280712E-23   0.132995E-19   0.209122E-19
   0.150000E+01   0.733660E-28   0.120730E-27   0.922843E-28   0.316948E-27   0.240133E-27   0.814822E-27   0.616778E-27   0.207558E-26   0.157561E-26   0.251569E-26   0.401470E-26   0.133360E-25   0.212096E-25   0.162659E-25   0.149199E-21   0.674255E-09   0.154071E-08   0.180223E-09   0.135463E-12   0.220680E-16   0.572721E-20   0.146885E-21   0.238592E-21   0.174027E-23   0.583232E-21   0.916632E-21
   0.150000E+01   0.255143E-29   0.412721E-29   0.340000E-29   0.106111E-28   0.856112E-29   0.269569E-28   0.215573E-28   0.681270E-28   0.542809E-28   0.861314E-28   0.136666E-27   0.432682E-27   0.686528E-27   0.545769E-27   0.373755E-23   0.168740E-10   0.383052E-10   0.440697E-11   0.336899E-14   0.547725E-18   0.142376E-21   0.371953E-23   0.592427E-23   0.546613E-25   0.144640E-22   0.227254E-22
   0.150000E+01   0.193136E-27   0.312353E-27   0.257133E-27   0.802835E-27   0.647294E-27   0.203920E-26   0.162966E-26   0.515300E-26   0.410304E-26   0.651035E-26   0.103297E-25   0.327233E-25   0.519203E-25   0.412483E-25   0.351290E-21   0.158783E-08   0.362861E-08   0.424528E-09   0.319033E-12   0.519741E-16   0.134884E-19   0.345820E-21   0.561873E-21   0.413480E-23   0.137348E-20   0.215863E-20
   0.150000E+01   0.000000E+00   0.000000E+00   0.000000E+00   0.000000E+00   0.000000E+00   0.000000E+00   0.000000E+00   0.000000E+00   0.000000E+00   0.000000E+00   0.000000E+00   0.000000E+00   0.000000E+00   0.000000E+00   0.000000E+00   0.000000E+00   0.000000E+00   0.000000E+00   0.000000E+00   0.000000E+00   0.000000E+00   0.000000E+00   0.000000E+00   0.000000E+00   0.000000E+00   0.000000E+00
   0.150000E+01   0.222788E-26   0.452679E-26   0.926909E-26   0.183904E-25   0.370292E-25   0.739470E-25   0.147996E-24   0.296161E-24   0.591674E-24   0.118313E-23   0.236591E-23   0.473567E-23   0.946884E-23   0.189219E-22   0.217073E-20   0.956560E-08   0.223529E-07   0.307333E-08   0.197104E-11   0.326319E-15   0.838447E-19   0.523905E-20   0.104248E-19   0.193708E-19   0.401489E-19   0.796867E-19
   0.166667E+01   0.205059E-25   0.418868E-25   0.875000E-25   0.171559E-24   0.350000E-24   0.693619E-24   0.140000E-23   0.280000E-23   0.560000E-23   0.111761E-22   0.224000E-22   0.448000E-22   0.896000E-22   0.179069E-21   0.242008E-08   0.708293E-07   0.174996E-06   0.310142E-07   0.226841E-10   0.680396E-14   0.313517E-17   0.475461E-19   0.938878E-19   0.183496E-18   0.367576E-18   0.734843E-18
   0.166667E+01   0.841319E-38   0.167415E-37   0.327075E-35   0.657347E-37   0.130831E-34   0.258768E-36   0.523327E-34   0.104665E-33   0.209327E-33   0.403433E-35   0.837321E-33   0.167464E-32   0.334927E-32   0.636446E-34   0.577924E-20   0.169143E-18   0.387335E-18   0.595825E-19   0.510164E-22   0.149975E-25   0.698346E-29   0.399334E-31   0.624168E-31   0.171870E-30   0.152659E-30   0.240183E-30
   0.166667E+01   0.138099E-36   0.233840E-36   0.327077E-35   0.652065E-36   0.130832E-34   0.179739E-35   0.523355E-34   0.104670E-33   0.209330E-33   0.142650E-34   0.837357E-33   0.167473E-32   0.334925E-32   0.130570E-33   0.659246E-18   0.192944E-16   0.441778E-16   0.679436E-17   0.581985E-20   0.171073E-23   0.796544E-27   0.454848E-29   0.710746E-29   0.172227E-30   0.173394E-28   0.272514E-28
   0.166667E+01   0.118636E-37   0.225853E-37   0.327079E-35   0.817870E-37   0.130831E-34   0.300746E-36   0.523349E-34   0.104671E-33   0.209330E-33   0.431284E-35   0.837354E-33   0.167470E-32   0.334930E-32   0.655446E-34   0.239379E-19   0.700597E-18   0.160469E-17   0.246842E-18   0.211458E-21   0.621639E-25   0.289503E-28   0.165389E-30   0.258464E-30   0.171857E-30   0.630936E-30   0.991638E-30
   0.166667E+01   0.459727E-36   0.783048E-36   0.327078E-35   0.217723E-35   0.130831E-34   0.587198E-35   0.523348E-34   0.104671E-33   0.209329E-33   0.418612E-34   0.837357E-33   0.167473E-32   0.334926E-32   0.311967E-33   0.243538E-17   0.712771E-16   0.163313E-15   0.251274E-16   0.215283E-19   0.632990E-23   0.294844E-26   0.168401E-28   0.263171E-28   0.173164E-30   0.642127E-28   0.100924E-27
   0.166667E+01   0.417755E-34   0.714335E-34   0.327083E-35   0.198827E-33   0.130832E-34   0.532062E-33   0.131524E-35   0.263066E-35   0.525004E-35   0.360749E-32   0.210438E-34   0.420876E-34   0.840066E-34   0.237410E-31   0.232356E-15   0.680043E-14   0.155868E-13   0.239868E-14   0.205535E-17   0.604406E-21   0.281586E-24   0.160847E-26   0.251379E-26   0.301166E-30   0.613398E-26   0.964113E-26
   0.166667E+01   0.407811E-32   0.687204E-32   0.905953E-37   0.187317E-31   0.363604E-36   0.494647E-31   0.145818E-35   0.291842E-35   0.582782E-35   0.331023E-30   0.233760E-34   0.467490E-34   0.933594E-34   0.216671E-29   0.204614E-13   0.598851E-12   0.136470E-11   0.209361E-12   0.179161E-15   0.525121E-19   0.244815E-22   0.140812E-24   0.219907E-24   0.119374E-28   0.536323E-24   0.842847E-24
   0.166667E+01   0.238388E-37   0.429498E-37   0.327078E-35   0.138057E-36   0.130832E-34   0.450723E-36   0.523348E-34   0.104670E-33   0.209327E-33   0.532856E-35   0.837361E-33   0.167472E-32   0.334927E-32   0.721594E-34   0.890028E-19   0.260487E-17   0.596822E-17   0.918275E-18   0.786735E-21   0.231321E-24   0.107744E-27   0.615441E-30   0.961847E-30   0.171956E-30   0.234723E-29   0.368910E-29
   0.166667E+01   0.155048E-35   0.265232E-35   0.327079E-35   0.739630E-35   0.130830E-34   0.198641E-34   0.523349E-34   0.104670E-33   0.209329E-33   0.136963E-33   0.837352E-33   0.167472E-32   0.334929E-32   0.938266E-33   0.856638E-17   0.250715E-15   0.574634E-15   0.884302E-16   0.757724E-19   0.222819E-22   0.103807E-25   0.592960E-28   0.926705E-28   0.176578E-30   0.226127E-27   0.355417E-27
   0.166667E+01   0.137410E-33   0.236502E-33   0.822258E-37   0.664449E-33   0.328950E-36   0.178841E-32   0.131853E-35   0.263762E-35   0.526509E-35   0.122055E-31   0.211055E-34   0.422110E-34   0.842293E-34   0.805180E-31   0.788269E-15   0.230705E-13   0.528910E-13   0.814054E-14   0.697374E-17   0.205045E-20   0.955718E-24   0.546210E-26   0.853680E-26   0.611133E-30   0.208322E-25   0.327440E-25
   0.166667E+01   0.114845E-31   0.199077E-31   0.105360E-36   0.564971E-31   0.427527E-36   0.153036E-30   0.172497E-35   0.346066E-35   0.692846E-35   0.105129E-29   0.278703E-34   0.557978E-34   0.111559E-33   0.695314E-29   0.609165E-13   0.178286E-11   0.403385E-11   0.617010E-12   0.530479E-15   0.155344E-18   0.724421E-22   0.418562E-24   0.652926E-24   0.381267E-28   0.159195E-23   0.250168E-23
   0.166667E+01   0.628673E-30   0.105936E-29   0.174708E-35   0.287672E-29   0.748411E-35   0.755466E-29   0.309302E-34   0.628092E-34   0.127136E-33   0.499178E-28   0.517433E-33   0.104115E-32   0.209215E-32   0.322518E-27   0.550703E-12   0.161176E-10   0.355130E-10   0.532188E-11   0.470934E-14   0.137533E-17   0.642324E-21   0.377113E-23   0.572067E-23   0.282419E-26   0.139095E-22   0.218421E-22
   0.166667E+01   0.648716E-30   0.105081E-29   0.789752E-34   0.270728E-29   0.328652E-33   0.688738E-29   0.133234E-32   0.268816E-32   0.541386E-32   0.439619E-28   0.218715E-31   0.438958E-31   0.880344E-31   0.279024E-27   0.308797E-12   0.903766E-11   0.196839E-10   0.292539E-11   0.261750E-14   0.763017E-18   0.356726E-21   0.211984E-23   0.316946E-23   0.252205E-25   0.769736E-23   0.120836E-22
   0.166667E+01   0.372864E-37   0.661362E-37   0.327079E-35   0.203212E-36   0.130831E-34   0.625999E-36   0.523348E-34   0.104669E-33   0.209330E-33   0.652144E-35   0.837361E-33   0.167470E-32   0.334922E-32   0.800971E-34   0.165000E-18   0.482910E-17   0.110678E-16   0.170323E-17   0.145939E-20   0.429148E-24   0.199931E-27   0.114209E-29   0.178494E-29   0.171919E-30   0.435561E-29   0.684633E-29
   0.166667E+01   0.275789E-35   0.474746E-35   0.327078E-35   0.133494E-34   0.130832E-34   0.359993E-34   0.523356E-34   0.104670E-33   0.209330E-33   0.247847E-33   0.837364E-33   0.167471E-32   0.334927E-32   0.167163E-32   0.156218E-16   0.457207E-15   0.104825E-14   0.161345E-15   0.138265E-18   0.406637E-22   0.189479E-25   0.108245E-27   0.169179E-27   0.181040E-30   0.412847E-27   0.648911E-27
   0.166667E+01   0.446071E-33   0.772938E-33   0.829899E-37   0.219233E-32   0.332148E-36   0.593625E-32   0.133216E-35   0.266527E-35   0.531963E-35   0.407613E-31   0.213267E-34   0.426503E-34   0.851562E-34   0.269525E-30   0.261303E-14   0.764765E-13   0.175269E-12   0.269715E-13   0.230744E-16   0.678045E-20   0.316258E-23   0.181161E-25   0.283134E-25   0.173217E-29   0.690943E-25   0.108603E-24
   0.166667E+01   0.353966E-31   0.617694E-31   0.162876E-36   0.176975E-30   0.679083E-36   0.482260E-30   0.277483E-35   0.560175E-35   0.112787E-34   0.333317E-29   0.456581E-34   0.916743E-34   0.183770E-33   0.220971E-28   0.157402E-12   0.460675E-11   0.102658E-10   0.156068E-11   0.135616E-14   0.396599E-18   0.185082E-21   0.107201E-23   0.166562E-23   0.127986E-27   0.405724E-23   0.637424E-23
   0.166667E+01   0.962754E-30   0.158528E-29   0.597099E-35   0.417225E-29   0.260924E-34   0.107482E-28   0.108981E-33   0.222298E-33   0.451596E-33   0.695177E-28   0.184721E-32   0.372351E-32   0.749332E-32   0.444044E-27   0.625949E-12   0.183199E-10   0.404492E-10   0.606526E-11   0.536138E-14   0.156621E-17   0.731343E-21   0.430311E-23   0.650659E-23   0.965140E-26   0.158209E-22   0.248437E-22
   0.166667E+01   0.679919E-30   0.110126E-29   0.257250E-33   0.283698E-29   0.113656E-32   0.721723E-29   0.477771E-32   0.976937E-32   0.198854E-31   0.460784E-28   0.815629E-31   0.164571E-30   0.331453E-30   0.292720E-27   0.324407E-12   0.949454E-11   0.206908E-10   0.307588E-11   0.275102E-14   0.802007E-18   0.374937E-21   0.222807E-23   0.333122E-23   0.284011E-25   0.809050E-23   0.127009E-22
   0.166667E+01   0.664970E-30   0.108126E-29   0.388805E-31   0.281986E-29   0.171803E-30   0.731821E-29   0.722831E-30   0.147884E-29   0.301143E-29   0.505038E-28   0.123223E-28   0.246737E-28   0.488079E-28   0.376194E-27   0.310840E-12   0.909745E-11   0.198142E-10   0.294473E-11   0.263482E-14   0.768067E-18   0.359087E-21   0.213434E-23   0.319035E-23   0.282676E-25   0.774804E-23   0.121632E-22
   0.166667E+01   0.745452E-38   0.151596E-37   0.327097E-35   0.615832E-37   0.130838E-34   0.247539E-36   0.523351E-34   0.262784E-35   0.525342E-35   0.142635E-36   0.210122E-34   0.420214E-34   0.840488E-34   0.212900E-35   0.105304E-20   0.308197E-19   0.707157E-19   0.108981E-19   0.969874E-23   0.286306E-26   0.127907E-29   0.729941E-32   0.115662E-31   0.171845E-30   0.277809E-31   0.433963E-31
   0.166667E+01   0.807059E-35   0.139774E-34   0.842653E-37   0.396162E-34   0.338613E-36   0.107220E-33   0.135812E-35   0.271868E-35   0.544338E-35   0.735836E-33   0.218051E-34   0.436133E-34   0.872205E-34   0.486477E-32   0.465959E-16   0.136374E-14   0.312767E-14   0.481501E-15   0.412666E-18   0.121380E-21   0.565691E-25   0.323205E-27   0.505171E-27   0.203855E-30   0.123285E-26   0.193784E-26
   0.166667E+01   0.766488E-33   0.133688E-32   0.288848E-36   0.382747E-32   0.130835E-35   0.104248E-31   0.562281E-35   0.115808E-34   0.237115E-34   0.720067E-31   0.978824E-34   0.196923E-33   0.392029E-33   0.477178E-30   0.452504E-14   0.132436E-12   0.303286E-12   0.466529E-13   0.398616E-16   0.117041E-19   0.545885E-23   0.313778E-25   0.490371E-25   0.331603E-29   0.119666E-24   0.188094E-24
   0.166667E+01   0.572696E-31   0.100595E-30   0.157207E-34   0.290903E-30   0.750531E-34   0.797319E-30   0.331592E-33   0.690106E-33   0.142459E-32   0.554252E-29   0.594386E-32   0.119848E-31   0.238433E-31   0.368198E-28   0.177490E-12   0.519465E-11   0.115316E-10   0.174500E-11   0.152630E-14   0.446357E-18   0.208315E-21   0.120802E-23   0.186654E-23   0.242362E-27   0.454441E-23   0.713867E-23
   0.166667E+01   0.110078E-29   0.179375E-29   0.218483E-32   0.465800E-29   0.105243E-31   0.119101E-28   0.467538E-31   0.974931E-31   0.201566E-30   0.765944E-28   0.842830E-30   0.170068E-29   0.338527E-29   0.490616E-27   0.647453E-12   0.189492E-10   0.418563E-10   0.628237E-11   0.554799E-14   0.162103E-17   0.756881E-21   0.444971E-23   0.672683E-23   0.266196E-25   0.163579E-22   0.256875E-22
   0.166667E+01   0.734713E-30   0.120410E-29   0.107684E-30   0.321958E-29   0.525344E-30   0.869834E-29   0.234001E-29   0.482422E-29   0.969264E-29   0.671293E-28   0.357267E-28   0.654393E-28   0.116402E-27   0.507513E-27   0.343125E-12   0.100423E-10   0.218607E-10   0.325065E-11   0.290771E-14   0.847673E-18   0.396304E-21   0.235345E-23   0.351858E-23   0.305759E-25   0.854574E-23   0.134157E-22
   0.166667E+01   0.135482E-29   0.221738E-29   0.182371E-29   0.577563E-29   0.465781E-29   0.147639E-28   0.118046E-28   0.187680E-28   0.298218E-28   0.945517E-28   0.752099E-28   0.119392E-27   0.189493E-27   0.600430E-27   0.334590E-12   0.979254E-11   0.213086E-10   0.316795E-11   0.283455E-14   0.826297E-18   0.386323E-21   0.229443E-23   0.342991E-23   0.301957E-25   0.833016E-23   0.130771E-22
   0.166667E+01   0.429751E-39   0.807498E-39   0.821435E-37   0.292705E-38   0.328410E-36   0.103898E-37   0.131420E-35   0.262803E-35   0.525380E-35   0.142635E-36   0.210122E-34   0.420364E-34   0.840428E-34   0.208089E-35   0.821599E-21   0.316252E-19   0.726208E-19   0.111299E-19   0.997492E-23   0.292878E-26   0.130470E-29   0.748321E-32   0.118661E-31   0.171759E-30   0.285218E-31   0.447786E-31
   0.166667E+01   0.286776E-37   0.500564E-37   0.825256E-37   0.143794E-36   0.329585E-36   0.393975E-36   0.131693E-35   0.263348E-35   0.526132E-35   0.279340E-35   0.210483E-34   0.420756E-34   0.841390E-34   0.196301E-34   0.166723E-18   0.487939E-17   0.111931E-16   0.172350E-17   0.147726E-20   0.434561E-24   0.202567E-27   0.115756E-29   0.180937E-29   0.171993E-30   0.441628E-29   0.694236E-29
   0.166667E+01   0.312863E-35   0.549247E-35   0.124191E-36   0.158718E-34   0.452283E-36   0.434847E-34   0.167541E-35   0.324813E-35   0.632209E-35   0.302201E-33   0.241885E-34   0.474712E-34   0.933053E-34   0.200807E-32   0.182659E-16   0.531841E-15   0.121372E-14   0.186354E-15   0.159365E-18   0.467283E-22   0.217895E-25   0.125781E-27   0.196491E-27   0.187154E-30   0.479392E-27   0.753489E-27
   0.166667E+01   0.151876E-30   0.266115E-30   0.211792E-32   0.763870E-30   0.628143E-32   0.207777E-29   0.184400E-31   0.317230E-31   0.546859E-31   0.142700E-28   0.162363E-30   0.278493E-30   0.475156E-30   0.940031E-28   0.254737E-12   0.742156E-11   0.165292E-10   0.249732E-11   0.218643E-14   0.639649E-18   0.298446E-21   0.173704E-23   0.266446E-23   0.784893E-27   0.648541E-23   0.101869E-22
   0.166667E+01   0.673534E-30   0.110382E-29   0.179502E-30   0.290188E-29   0.536572E-30   0.752463E-29   0.158207E-29   0.272444E-29   0.469742E-29   0.502496E-28   0.139129E-28   0.237999E-28   0.404610E-28   0.335452E-27   0.398980E-12   0.116270E-10   0.260160E-10   0.393697E-11   0.343752E-14   0.100630E-17   0.469329E-21   0.273949E-23   0.417353E-23   0.226252E-25   0.101578E-22   0.159546E-22
   0.166667E+01   0.117091E-30   0.190512E-30   0.154010E-30   0.493778E-30   0.391605E-30   0.126140E-29   0.993395E-30   0.158159E-29   0.251744E-29   0.810111E-29   0.637237E-29   0.101334E-28   0.161085E-28   0.516117E-28   0.291506E-13   0.848358E-12   0.185067E-11   0.275367E-12   0.245995E-15   0.717249E-19   0.335283E-22   0.199186E-24   0.297794E-24   0.263261E-26   0.723250E-24   0.113540E-23
   0.166667E+01   0.141968E-29   0.229998E-29   0.190537E-29   0.592712E-29   0.479911E-29   0.150812E-28   0.120871E-28   0.191818E-28   0.304402E-28   0.962672E-28   0.766505E-28   0.121623E-27   0.192968E-27   0.610800E-27   0.342972E-12   0.998167E-11   0.217912E-10   0.324233E-11   0.289592E-14   0.844419E-18   0.394711E-21   0.234506E-23   0.350607E-23   0.306934E-25   0.851544E-23   0.133681E-22
   0.166667E+01   0.195886E-33   0.341296E-33   0.558042E-35   0.975653E-33   0.158590E-34   0.265475E-32   0.445906E-34   0.749358E-34   0.126197E-33   0.183151E-31   0.359515E-33   0.607264E-33   0.102521E-32   0.121282E-30   0.113542E-14   0.332294E-13   0.762248E-13   0.117368E-13   0.100599E-16   0.295929E-20   0.137941E-23   0.788213E-26   0.123204E-25   0.117682E-29   0.300695E-25   0.472654E-25
   0.166667E+01   0.774028E-33   0.135817E-32   0.220848E-34   0.392190E-32   0.629786E-34   0.107396E-31   0.176775E-33   0.296317E-33   0.497170E-33   0.745781E-31   0.140064E-32   0.234724E-32   0.392468E-32   0.495136E-30   0.463698E-14   0.135690E-12   0.311324E-12   0.479424E-13   0.410762E-16   0.120814E-19   0.563441E-23   0.322188E-25   0.503625E-25   0.428100E-29   0.122924E-24   0.193225E-24
   0.166667E+01   0.256165E-31   0.452677E-31   0.737531E-33   0.132041E-30   0.211706E-32   0.363882E-30   0.595961E-32   0.999342E-32   0.167630E-31   0.254346E-29   0.471138E-31   0.787856E-31   0.131348E-30   0.169304E-28   0.144358E-12   0.420755E-11   0.959581E-11   0.147327E-11   0.126140E-14   0.370171E-18   0.172448E-21   0.995043E-24   0.155421E-23   0.140812E-27   0.379198E-23   0.596005E-23
   0.166667E+01   0.490240E-27   0.830380E-27   0.200346E-28   0.226767E-26   0.579705E-28   0.597090E-26   0.164008E-27   0.275497E-27   0.462750E-27   0.395387E-25   0.130304E-26   0.218035E-26   0.363662E-26   0.255718E-24   0.620730E-09   0.181098E-07   0.415316E-07   0.639943E-08   0.545591E-11   0.160340E-14   0.746161E-18   0.425009E-20   0.666713E-20   0.388603E-23   0.162662E-19   0.255643E-19
   0.166667E+01   0.877470E-28   0.143779E-27   0.112181E-27   0.375540E-27   0.289569E-27   0.962878E-27   0.740614E-27   0.118248E-26   0.188657E-26   0.620526E-26   0.479325E-26   0.763375E-26   0.121508E-25   0.396135E-25   0.301400E-10   0.878371E-09   0.196914E-08   0.297533E-09   0.260025E-12   0.761197E-16   0.354995E-19   0.207005E-21   0.315693E-21   0.203008E-23   0.768388E-21   0.120689E-20
   0.166667E+01   0.321536E-29   0.520086E-29   0.428065E-29   0.133687E-28   0.107777E-28   0.339557E-28   0.271373E-28   0.430615E-28   0.683292E-28   0.216324E-27   0.172032E-27   0.272952E-27   0.433046E-27   0.137139E-26   0.819028E-12   0.238444E-10   0.524251E-10   0.782474E-11   0.695461E-14   0.202981E-17   0.948258E-21   0.560353E-23   0.842484E-23   0.688705E-25   0.204729E-22   0.321437E-22
   0.166667E+01   0.224254E-27   0.362651E-27   0.298274E-27   0.931896E-27   0.750783E-27   0.236649E-26   0.189009E-26   0.299901E-26   0.475854E-26   0.150732E-25   0.119797E-25   0.190068E-25   0.301541E-25   0.955482E-25   0.709258E-10   0.206701E-08   0.463474E-08   0.700388E-09   0.611992E-12   0.179160E-15   0.835521E-19   0.487090E-21   0.742966E-21   0.480163E-23   0.180837E-20   0.284037E-20
   0.166667E+01   0.000000E+00   0.000000E+00   0.000000E+00   0.000000E+00   0.000000E+00   0.000000E+00   0.000000E+00   0.000000E+00   0.000000E+00   0.000000E+00   0.000000E+00   0.000000E+00   0.000000E+00   0.000000E+00   0.000000E+00   0.000000E+00   0.000000E+00   0.000000E+00   0.000000E+00   0.000000E+00   0.000000E+00   0.000000E+00   0.000000E+00   0.000000E+00   0.000000E+00   0.000000E+00
   0.166667E+01   0.223628E-26   0.454096E-26   0.927513E-26   0.184290E-25   0.370446E-25   0.740487E-25   0.148035E-24   0.295969E-24   0.591775E-24   0.118518E-23   0.236617E-23   0.473169E-23   0.946232E-23   0.189375E-22   0.319474E-09   0.934398E-08   0.227401E-07   0.392956E-08   0.295559E-11   0.883015E-15   0.407659E-18   0.545744E-20   0.105958E-19   0.193709E-19   0.404719E-19   0.801953E-19
   0.183333E+01   0.204894E-25   0.418661E-25   0.875000E-25   0.175000E-24   0.350000E-24   0.693578E-24   0.140000E-23   0.280000E-23   0.560000E-23   0.111761E-22   0.224000E-22   0.448000E-22   0.896000E-22   0.179200E-21   0.286929E-08   0.677971E-07   0.171694E-06   0.368888E-07   0.329315E-10   0.150030E-13   0.345671E-17   0.523335E-19   0.943030E-19   0.183495E-18   0.367604E-18   0.734916E-18
   0.183333E+01   0.889089E-38   0.175481E-37   0.327075E-35   0.654159E-35   0.130831E-34   0.264017E-36   0.523327E-34   0.104665E-33   0.209327E-33   0.406662E-35   0.837321E-33   0.167464E-32   0.334927E-32   0.669849E-32   0.108354E-19   0.249189E-18   0.560527E-18   0.106140E-18   0.110735E-21   0.493182E-25   0.114488E-28   0.749134E-31   0.927517E-31   0.171844E-30   0.225511E-30   0.354483E-30
   0.183333E+01   0.193396E-36   0.326234E-36   0.327098E-35   0.654193E-35   0.130832E-34   0.245554E-35   0.523355E-34   0.104670E-33   0.209330E-33   0.186935E-34   0.837357E-33   0.167473E-32   0.334940E-32   0.669849E-32   0.123962E-17   0.285070E-16   0.641165E-16   0.121411E-16   0.126667E-19   0.564131E-23   0.130965E-26   0.856427E-29   0.105921E-28   0.172424E-30   0.257312E-28   0.404194E-28
   0.183333E+01   0.137630E-37   0.257597E-37   0.327095E-35   0.654186E-35   0.130831E-34   0.323836E-36   0.523349E-34   0.104671E-33   0.209330E-33   0.447200E-35   0.837354E-33   0.167472E-32   0.334942E-32   0.669856E-32   0.447149E-19   0.102859E-17   0.231431E-17   0.438330E-18   0.457319E-21   0.203708E-24   0.473008E-28   0.309426E-30   0.382713E-30   0.171832E-30   0.930076E-30   0.146124E-29
   0.183333E+01   0.648065E-36   0.110215E-35   0.327095E-35   0.654182E-35   0.130831E-34   0.822071E-35   0.523348E-34   0.104671E-33   0.209329E-33   0.578665E-34   0.837357E-33   0.167470E-32   0.334942E-32   0.669855E-32   0.455617E-17   0.104841E-15   0.235952E-15   0.446977E-16   0.466434E-19   0.207791E-22   0.482579E-26   0.315639E-28   0.390423E-28   0.174001E-30   0.948578E-28   0.149014E-27
   0.183333E+01   0.592621E-34   0.101271E-33   0.327104E-35   0.654204E-35   0.130833E-34   0.755331E-33   0.131543E-35   0.263217E-35   0.525042E-35   0.513876E-32   0.210483E-34   0.420936E-34   0.841933E-34   0.168110E-33   0.435317E-15   0.100201E-13   0.225580E-13   0.427414E-14   0.446069E-17   0.198744E-20   0.461661E-24   0.301990E-26   0.373562E-26   0.375193E-30   0.907678E-26   0.142592E-25
   0.183333E+01   0.578466E-32   0.974187E-32   0.927406E-37   0.185763E-36   0.371644E-36   0.702234E-31   0.149043E-35   0.298482E-35   0.596211E-35   0.471486E-30   0.239071E-34   0.478353E-34   0.956766E-34   0.191100E-33   0.383580E-13   0.879039E-12   0.196924E-11   0.371797E-12   0.387681E-15   0.172220E-18   0.399876E-22   0.262874E-24   0.325675E-24   0.186661E-28   0.790826E-24   0.124214E-23
   0.183333E+01   0.305924E-37   0.543935E-37   0.327097E-35   0.654188E-35   0.130830E-34   0.534928E-36   0.523353E-34   0.104669E-33   0.209330E-33   0.590361E-35   0.837355E-33   0.167471E-32   0.334942E-32   0.669854E-32   0.165490E-18   0.380798E-17   0.856996E-17   0.162345E-17   0.169408E-20   0.754688E-24   0.175268E-27   0.114641E-29   0.141809E-29   0.171943E-30   0.344564E-29   0.541338E-29
   0.183333E+01   0.218412E-35   0.373300E-35   0.327097E-35   0.654186E-35   0.130832E-34   0.279431E-34   0.523350E-34   0.104670E-33   0.209330E-33   0.192352E-33   0.837354E-33   0.167469E-32   0.334945E-32   0.669848E-32   0.159582E-16   0.367317E-15   0.826919E-15   0.156677E-15   0.163514E-18   0.728532E-22   0.169227E-25   0.110696E-27   0.136931E-27   0.179190E-30   0.332712E-27   0.522675E-27
   0.183333E+01   0.194203E-33   0.334049E-33   0.824844E-37   0.164922E-36   0.329326E-36   0.252967E-32   0.131985E-35   0.263988E-35   0.526922E-35   0.173211E-31   0.211175E-34   0.422290E-34   0.844521E-34   0.168651E-33   0.147088E-14   0.338641E-13   0.762527E-13   0.144491E-13   0.150751E-16   0.671510E-20   0.156060E-23   0.102148E-25   0.126371E-25   0.859961E-30   0.307073E-25   0.482408E-25
   0.183333E+01   0.161663E-31   0.280060E-31   0.110555E-36   0.223215E-36   0.449133E-36   0.215596E-30   0.181327E-35   0.364084E-35   0.729258E-35   0.148591E-29   0.293464E-34   0.587830E-34   0.117723E-33   0.235409E-33   0.113189E-12   0.258292E-11   0.575089E-11   0.108188E-11   0.113387E-14   0.503250E-18   0.116820E-21   0.769205E-24   0.954587E-24   0.593757E-28   0.231695E-23   0.363889E-23
   0.183333E+01   0.811493E-30   0.136147E-29   0.207556E-35   0.431394E-35   0.889506E-35   0.962614E-29   0.367698E-34   0.746753E-34   0.151169E-33   0.634286E-28   0.615306E-33   0.123816E-32   0.248831E-32   0.499543E-32   0.963062E-12   0.218522E-10   0.468946E-10   0.868830E-11   0.935901E-14   0.413986E-17   0.962473E-21   0.638049E-23   0.777136E-23   0.433505E-26   0.188003E-22   0.295014E-22
   0.183333E+01   0.811299E-30   0.131429E-29   0.987660E-34   0.201948E-33   0.411048E-33   0.861402E-29   0.166647E-32   0.336239E-32   0.677187E-32   0.549763E-28   0.273584E-31   0.549085E-31   0.110122E-30   0.220729E-30   0.563703E-12   0.127374E-10   0.269402E-10   0.495788E-11   0.539804E-14   0.238319E-17   0.554368E-21   0.369684E-23   0.446637E-23   0.322979E-25   0.107899E-22   0.169257E-22
   0.183333E+01   0.477672E-37   0.840003E-37   0.327098E-35   0.654185E-35   0.130831E-34   0.759764E-36   0.523353E-34   0.104670E-33   0.209331E-33   0.743957E-35   0.837355E-33   0.167472E-32   0.334945E-32   0.669850E-32   0.293724E-18   0.676058E-17   0.152194E-16   0.288361E-17   0.300942E-20   0.134081E-23   0.311446E-27   0.203731E-29   0.252019E-29   0.172005E-30   0.612379E-29   0.962051E-29
   0.183333E+01   0.373604E-35   0.642644E-35   0.327094E-35   0.654186E-35   0.130830E-34   0.487513E-34   0.523350E-34   0.104669E-33   0.209329E-33   0.335907E-33   0.837360E-33   0.167472E-32   0.334939E-32   0.669850E-32   0.279374E-16   0.643232E-15   0.144850E-14   0.274499E-15   0.286508E-18   0.127669E-21   0.296608E-25   0.194041E-27   0.240041E-27   0.185785E-30   0.583288E-27   0.916340E-27
   0.183333E+01   0.628750E-33   0.108880E-32   0.834483E-37   0.167050E-36   0.333558E-36   0.837368E-32   0.133715E-35   0.267618E-35   0.534220E-35   0.576840E-31   0.214169E-34   0.428399E-34   0.856678E-34   0.171071E-33   0.485753E-14   0.111810E-12   0.251703E-12   0.476853E-13   0.496872E-16   0.221174E-19   0.514360E-23   0.337341E-25   0.417466E-25   0.260993E-29   0.101442E-24   0.159366E-24
   0.183333E+01   0.494192E-31   0.861852E-31   0.185675E-36   0.381213E-36   0.777895E-36   0.673814E-30   0.318851E-35   0.644547E-35   0.129925E-34   0.467217E-29   0.526742E-34   0.105812E-33   0.212382E-33   0.425606E-33   0.288296E-12   0.654511E-11   0.143490E-10   0.268414E-11   0.284285E-14   0.125988E-17   0.292568E-21   0.192500E-23   0.238713E-23   0.197965E-27   0.578703E-23   0.908611E-23
   0.183333E+01   0.118263E-29   0.194320E-29   0.754976E-35   0.158797E-34   0.330578E-34   0.131199E-28   0.138261E-33   0.282152E-33   0.573409E-33   0.847350E-28   0.234663E-32   0.473112E-32   0.952276E-32   0.191420E-31   0.108325E-11   0.246000E-10   0.528910E-10   0.980410E-11   0.105509E-13   0.466827E-17   0.108528E-20   0.720728E-23   0.875375E-23   0.146221E-25   0.211781E-22   0.332330E-22
   0.183333E+01   0.847354E-30   0.137261E-29   0.342348E-33   0.724531E-33   0.151575E-32   0.899553E-29   0.638118E-32   0.130545E-31   0.265827E-31   0.574276E-28   0.109094E-30   0.220165E-30   0.443494E-30   0.892041E-30   0.590584E-12   0.133482E-10   0.282515E-10   0.520049E-11   0.565976E-14   0.249896E-17   0.581286E-21   0.387672E-23   0.468316E-23   0.356753E-25   0.113142E-22   0.177483E-22
   0.183333E+01   0.832784E-30   0.135546E-29   0.577560E-31   0.122537E-30   0.256969E-30   0.923543E-29   0.108603E-29   0.222525E-29   0.453552E-29   0.646758E-28   0.184947E-28   0.367681E-28   0.718828E-28   0.137626E-27   0.567448E-12   0.128219E-10   0.271184E-10   0.499061E-11   0.543378E-14   0.239896E-17   0.558037E-21   0.372180E-23   0.449582E-23   0.353662E-25   0.108610E-22   0.170372E-22
   0.183333E+01   0.752285E-38   0.152787E-37   0.327093E-35   0.654192E-35   0.130837E-34   0.248130E-36   0.131401E-35   0.262822E-35   0.525493E-35   0.145638E-36   0.210197E-34   0.420394E-34   0.840548E-34   0.168158E-33   0.190709E-20   0.439602E-19   0.989345E-19   0.186445E-19   0.203380E-22   0.871650E-26   0.202353E-29   0.133120E-31   0.165262E-31   0.171807E-30   0.404295E-31   0.636479E-31
   0.183333E+01   0.108037E-34   0.186989E-34   0.858170E-37   0.172351E-36   0.345971E-36   0.143628E-33   0.139047E-35   0.278602E-35   0.558181E-35   0.988799E-33   0.223784E-34   0.447448E-34   0.893993E-34   0.178377E-33   0.821814E-16   0.189269E-14   0.426341E-14   0.808092E-15   0.843532E-18   0.375929E-21   0.873541E-25   0.571526E-27   0.707054E-27   0.219286E-30   0.171823E-26   0.269939E-26
   0.183333E+01   0.103837E-32   0.180994E-32   0.440035E-36   0.953843E-36   0.203661E-35   0.141322E-31   0.886022E-35   0.183326E-34   0.376613E-34   0.979244E-31   0.155519E-33   0.311137E-33   0.612933E-33   0.118518E-32   0.807423E-14   0.185756E-12   0.417928E-12   0.791399E-13   0.823716E-16   0.366441E-19   0.852070E-23   0.560282E-25   0.693695E-25   0.489203E-29   0.168560E-24   0.264809E-24
   0.183333E+01   0.763722E-31   0.134057E-30   0.267364E-34   0.592385E-34   0.128581E-33   0.106363E-29   0.570752E-33   0.118981E-32   0.245855E-32   0.741489E-29   0.102239E-31   0.204694E-31   0.402517E-31   0.774485E-31   0.306651E-12   0.697082E-11   0.151675E-10   0.283187E-11   0.301481E-14   0.133587E-17   0.310374E-21   0.204383E-23   0.252158E-23   0.358053E-27   0.610981E-23   0.959155E-23
   0.183333E+01   0.132180E-29   0.215247E-29   0.384791E-32   0.856668E-32   0.186652E-31   0.142782E-28   0.832961E-31   0.173969E-30   0.360016E-30   0.919178E-28   0.150029E-29   0.300587E-29   0.591396E-29   0.113832E-28   0.111286E-11   0.252695E-10   0.543834E-10   0.100896E-10   0.108467E-13   0.480015E-17   0.111591E-20   0.740929E-23   0.899314E-23   0.360246E-25   0.217598E-22   0.341467E-22
   0.183333E+01   0.924717E-30   0.152460E-29   0.200383E-30   0.449399E-30   0.983125E-30   0.115027E-28   0.428920E-29   0.859050E-29   0.166034E-28   0.909489E-28   0.560675E-28   0.985717E-28   0.169177E-27   0.284748E-27   0.623688E-12   0.140871E-10   0.298004E-10   0.548748E-11   0.597140E-14   0.263660E-17   0.613319E-21   0.408911E-23   0.493876E-23   0.381332E-25   0.119321E-22   0.187179E-22
   0.183333E+01   0.170946E-29   0.278709E-29   0.229990E-29   0.366778E-29   0.583924E-29   0.184424E-28   0.147573E-28   0.234418E-28   0.372248E-28   0.117923E-27   0.938075E-28   0.148881E-27   0.236258E-27   0.374866E-27   0.609269E-12   0.137591E-10   0.290927E-10   0.535623E-11   0.583033E-14   0.257415E-17   0.598801E-21   0.399234E-23   0.482182E-23   0.376614E-25   0.116491E-22   0.182738E-22
   0.183333E+01   0.495467E-39   0.930837E-39   0.821024E-37   0.164252E-36   0.328551E-36   0.112278E-37   0.131373E-35   0.262841E-35   0.525455E-35   0.148641E-36   0.210167E-34   0.420425E-34   0.840729E-34   0.168134E-33   0.190683E-20   0.439156E-19   0.989206E-19   0.186643E-19   0.203341E-22   0.910237E-26   0.212052E-29   0.132455E-31   0.165444E-31   0.171832E-30   0.398120E-31   0.631541E-31
   0.183333E+01   0.397076E-37   0.692419E-37   0.827078E-37   0.165239E-36   0.330102E-36   0.544199E-36   0.131928E-35   0.263612E-35   0.527148E-35   0.383840E-35   0.210679E-34   0.421026E-34   0.842294E-34   0.168350E-33   0.304514E-18   0.701514E-17   0.158067E-16   0.299659E-17   0.312828E-20   0.139427E-23   0.324056E-27   0.212046E-29   0.262355E-29   0.172041E-30   0.637603E-29   0.100177E-28
   0.183333E+01   0.436415E-35   0.765654E-35   0.147795E-36   0.278087E-36   0.525399E-36   0.606932E-34   0.190270E-35   0.364911E-35   0.701949E-35   0.423070E-33   0.262227E-34   0.508987E-34   0.990350E-34   0.193399E-33   0.333530E-16   0.765358E-15   0.171680E-14   0.324379E-15   0.338026E-18   0.150211E-21   0.348920E-25   0.230066E-27   0.285215E-27   0.195436E-30   0.692822E-27   0.108836E-26
   0.183333E+01   0.196155E-30   0.342171E-30   0.311253E-32   0.541614E-32   0.940226E-32   0.264610E-29   0.282804E-31   0.491020E-31   0.850358E-31   0.181200E-28   0.251439E-30   0.428482E-30   0.725428E-30   0.122012E-29   0.425600E-12   0.968443E-11   0.210831E-10   0.393350E-11   0.419166E-14   0.185775E-17   0.431678E-21   0.285007E-23   0.349374E-23   0.114002E-26   0.846352E-23   0.132856E-22
   0.183333E+01   0.787729E-30   0.129390E-29   0.265608E-30   0.463989E-30   0.807523E-30   0.893884E-29   0.243129E-29   0.421362E-29   0.727208E-29   0.605748E-28   0.212591E-28   0.359586E-28   0.603795E-28   0.100678E-27   0.654819E-12   0.149188E-10   0.325928E-10   0.608686E-11   0.647434E-14   0.287077E-17   0.667004E-21   0.441456E-23   0.537724E-23   0.269316E-25   0.130255E-22   0.204460E-22
   0.183333E+01   0.147159E-30   0.239248E-30   0.194576E-30   0.310118E-30   0.493971E-30   0.158182E-29   0.125169E-29   0.199156E-29   0.316766E-29   0.101455E-28   0.800570E-29   0.127213E-28   0.202091E-28   0.320960E-28   0.529001E-13   0.119327E-11   0.252683E-11   0.465358E-12   0.506153E-15   0.223498E-18   0.519868E-22   0.346626E-24   0.418698E-24   0.328310E-26   0.101154E-23   0.158679E-23
   0.183333E+01   0.176391E-29   0.285829E-29   0.236784E-29   0.375788E-29   0.596388E-29   0.187461E-28   0.150205E-28   0.238369E-28   0.378272E-28   0.119657E-27   0.952497E-28   0.151133E-27   0.239787E-27   0.380413E-27   0.620887E-12   0.140088E-10   0.296884E-10   0.546794E-11   0.594557E-14   0.262554E-17   0.610701E-21   0.407237E-23   0.491879E-23   0.381780E-25   0.118840E-22   0.186424E-22
   0.183333E+01   0.240277E-33   0.418374E-33   0.751883E-35   0.127599E-34   0.215806E-34   0.325840E-32   0.614957E-34   0.103886E-33   0.175378E-33   0.225486E-31   0.497475E-33   0.835264E-33   0.139951E-32   0.234065E-32   0.183184E-14   0.421996E-13   0.950833E-13   0.180253E-13   0.188176E-16   0.838723E-20   0.194926E-23   0.127546E-25   0.157799E-25   0.152968E-29   0.383498E-25   0.602501E-25
   0.183333E+01   0.102320E-32   0.179424E-32   0.321534E-34   0.547272E-34   0.927181E-34   0.142055E-31   0.264270E-33   0.445849E-33   0.750958E-33   0.989488E-31   0.211367E-32   0.352847E-32   0.586898E-32   0.972647E-32   0.805899E-14   0.185692E-12   0.418472E-12   0.793379E-13   0.827855E-16   0.368881E-19   0.857757E-23   0.561727E-25   0.695059E-25   0.615482E-29   0.168929E-24   0.265405E-24
   0.183333E+01   0.320305E-31   0.565655E-31   0.101681E-32   0.173769E-32   0.295289E-32   0.455265E-30   0.844746E-32   0.142642E-31   0.240336E-31   0.319197E-29   0.675869E-31   0.112689E-30   0.187099E-30   0.309308E-30   0.235761E-12   0.540859E-11   0.121259E-10   0.229111E-11   0.239030E-14   0.106291E-17   0.246766E-21   0.162577E-23   0.201533E-23   0.193857E-27   0.489560E-23   0.769050E-23
   0.183333E+01   0.548146E-27   0.923763E-27   0.266957E-28   0.458263E-28   0.781501E-28   0.657910E-26   0.224693E-27   0.380077E-27   0.641275E-27   0.434571E-25   0.180685E-26   0.301453E-26   0.500748E-26   0.828116E-26   0.934777E-09   0.214913E-07   0.484979E-07   0.919830E-08   0.955068E-11   0.425302E-14   0.986899E-18   0.644422E-20   0.799194E-20   0.516933E-23   0.194181E-19   0.305032E-19
   0.183333E+01   0.101751E-27   0.166275E-27   0.131438E-27   0.210908E-27   0.337590E-27   0.110797E-26   0.860986E-27   0.137303E-26   0.218794E-26   0.712287E-26   0.554552E-26   0.882173E-26   0.140271E-25   0.222947E-25   0.493027E-10   0.112362E-08   0.245941E-08   0.458868E-09   0.488242E-12   0.216500E-15   0.503007E-19   0.332727E-21   0.405501E-21   0.231677E-23   0.982320E-21   0.154195E-20
   0.183333E+01   0.394337E-29   0.637831E-29   0.524596E-29   0.832359E-29   0.132071E-28   0.416299E-28   0.332528E-28   0.527646E-28   0.837247E-28   0.265151E-27   0.210789E-27   0.334440E-27   0.530596E-27   0.841734E-27   0.144814E-11   0.327461E-10   0.699406E-10   0.129140E-10   0.139761E-13   0.617753E-17   0.143651E-20   0.955654E-23   0.115714E-22   0.844783E-25   0.279739E-22   0.438889E-22
   0.183333E+01   0.254872E-27   0.412148E-27   0.338740E-27   0.537379E-27   0.852554E-27   0.268848E-26   0.214616E-26   0.340523E-26   0.540300E-26   0.171197E-25   0.136017E-25   0.215801E-25   0.342364E-25   0.543112E-25   0.115918E-09   0.264203E-08   0.578446E-08   0.107936E-08   0.114825E-11   0.509185E-15   0.118301E-18   0.782428E-21   0.953621E-21   0.546010E-23   0.231016E-20   0.362627E-20
   0.183333E+01   0.000000E+00   0.000000E+00   0.000000E+00   0.000000E+00   0.000000E+00   0.000000E+00   0.000000E+00   0.000000E+00   0.000000E+00   0.000000E+00   0.000000E+00   0.000000E+00   0.000000E+00   0.000000E+00   0.000000E+00   0.000000E+00   0.000000E+00   0.000000E+00   0.000000E+00   0.000000E+00   0.000000E+00   0.000000E+00   0.000000E+00   0.000000E+00   0.000000E+00   0.000000E+00
   0.183333E+01   0.224382E-26   0.455376E-26   0.928116E-26   0.185444E-25   0.370600E-25   0.741419E-25   0.148075E-24   0.296033E-24   0.591878E-24   0.118581E-23   0.236643E-23   0.473211E-23   0.946300E-23   0.189240E-22   0.400554E-09   0.939902E-08   0.231595E-07   0.484662E-08   0.446916E-11   0.202558E-14   0.467442E-18   0.619532E-20   0.107845E-19   0.193710E-19   0.408198E-19   0.807435E-19
   0.200000E+01   0.204737E-25   0.418466E-25   0.875000E-25   0.175000E-24   0.350000E-24   0.693539E-24   0.140000E-23   0.280000E-23   0.560000E-23   0.111761E-22   0.224000E-22   0.448000E-22   0.896000E-22   0.179200E-21   0.275786E-08   0.654855E-07   0.137281E-06   0.734162E-07   0.341148E-09   0.577242E-12   0.298971E-16   0.351969E-19   0.947590E-19   0.183494E-18   0.367627E-18   0.734988E-18
   0.200000E+01   0.947543E-38   0.185293E-37   0.327075E-35   0.654159E-35   0.130831E-34   0.271363E-36   0.523327E-34   0.104665E-33   0.209327E-33   0.411917E-35   0.837321E-33   0.167464E-32   0.334927E-32   0.669849E-32   0.159132E-19   0.353903E-18   0.632022E-18   0.325849E-18   0.163145E-20   0.271955E-23   0.142896E-27   0.482102E-31   0.132402E-30   0.171806E-30   0.320633E-30   0.503691E-30
   0.200000E+01   0.261548E-36   0.440282E-36   0.327098E-35   0.654193E-35   0.130832E-34   0.327480E-35   0.523355E-34   0.104670E-33   0.209330E-33   0.242105E-34   0.837357E-33   0.167473E-32   0.334940E-32   0.669849E-32   0.182538E-17   0.405973E-16   0.724918E-16   0.373754E-16   0.187109E-18   0.311902E-21   0.163880E-25   0.601338E-30   0.151668E-28   0.172682E-30   0.367050E-28   0.576284E-28
   0.200000E+01   0.160766E-37   0.296969E-37   0.327095E-35   0.654186E-35   0.130831E-34   0.352561E-36   0.523349E-34   0.104671E-33   0.209330E-33   0.466494E-35   0.837354E-33   0.167472E-32   0.334942E-32   0.669856E-32   0.654315E-19   0.145568E-17   0.260004E-17   0.134080E-17   0.671309E-20   0.111920E-22   0.588158E-27   0.633823E-31   0.544537E-30   0.171868E-30   0.131825E-29   0.206983E-29
   0.200000E+01   0.878723E-36   0.149359E-35   0.327095E-35   0.654182E-35   0.130831E-34   0.111283E-34   0.523348E-34   0.104671E-33   0.209329E-33   0.777289E-34   0.837357E-33   0.167470E-32   0.334942E-32   0.669855E-32   0.667904E-17   0.148633E-15   0.265552E-15   0.136968E-15   0.685865E-18   0.114361E-20   0.601109E-25   0.209046E-29   0.556500E-28   0.174999E-30   0.134698E-27   0.211492E-27
   0.200000E+01   0.807276E-34   0.137958E-33   0.327105E-35   0.654204E-35   0.130833E-34   0.103228E-32   0.131646E-35   0.263217E-35   0.525305E-35   0.704283E-32   0.210483E-34   0.420936E-34   0.842113E-34   0.168158E-33   0.639247E-15   0.142298E-13   0.254304E-13   0.131193E-13   0.657025E-16   0.109565E-18   0.576017E-23   0.196231E-27   0.533367E-26   0.478726E-30   0.129108E-25   0.202720E-25
   0.200000E+01   0.787792E-32   0.132678E-31   0.948506E-37   0.190148E-36   0.380296E-36   0.959541E-31   0.152636E-35   0.305610E-35   0.610730E-35   0.646021E-30   0.244849E-34   0.489939E-34   0.980239E-34   0.195855E-33   0.561298E-13   0.124444E-11   0.221570E-11   0.113743E-11   0.568147E-14   0.945435E-17   0.498554E-21   0.175090E-25   0.463543E-24   0.280696E-28   0.112121E-23   0.176012E-23
   0.200000E+01   0.387888E-37   0.682959E-37   0.327094E-35   0.654191E-35   0.130830E-34   0.638226E-36   0.523348E-34   0.104671E-33   0.209328E-33   0.660178E-35   0.837361E-33   0.167471E-32   0.334943E-32   0.669856E-32   0.241099E-18   0.536529E-17   0.958561E-17   0.494404E-17   0.247570E-19   0.412795E-22   0.216972E-26   0.117224E-30   0.200882E-29   0.172004E-30   0.486237E-29   0.763493E-29
   0.200000E+01   0.295586E-35   0.505141E-35   0.327097E-35   0.654182E-35   0.130830E-34   0.378868E-34   0.523346E-34   0.104669E-33   0.209330E-33   0.260708E-33   0.837357E-33   0.167472E-32   0.334942E-32   0.669850E-32   0.233008E-16   0.518672E-15   0.926914E-15   0.478178E-15   0.239476E-17   0.399353E-20   0.209946E-24   0.719385E-29   0.194397E-27   0.182973E-30   0.470559E-27   0.738852E-27
   0.200000E+01   0.263556E-33   0.453366E-33   0.825021E-37   0.165133E-36   0.329515E-36   0.344444E-32   0.132088E-35   0.264308E-35   0.527336E-35   0.236496E-31   0.211401E-34   0.422591E-34   0.845423E-34   0.168736E-33   0.215170E-14   0.479069E-13   0.856300E-13   0.441760E-13   0.221196E-15   0.368774E-18   0.193920E-22   0.657446E-27   0.179729E-25   0.120610E-29   0.435078E-25   0.683156E-25
   0.200000E+01   0.218437E-31   0.378424E-31   0.116057E-36   0.234558E-36   0.472431E-36   0.292269E-30   0.191004E-35   0.383569E-35   0.768830E-35   0.201989E-29   0.309443E-34   0.620149E-34   0.124186E-33   0.248373E-33   0.163652E-12   0.361194E-11   0.640067E-11   0.327102E-11   0.164045E-13   0.272857E-16   0.144051E-20   0.513520E-25   0.134203E-23   0.887722E-28   0.324397E-23   0.509189E-23
   0.200000E+01   0.100869E-29   0.168687E-29   0.242004E-35   0.503100E-35   0.103756E-34   0.118530E-28   0.428958E-34   0.871252E-34   0.176385E-33   0.779110E-28   0.718006E-33   0.144484E-32   0.290377E-32   0.582973E-32   0.132660E-11   0.287454E-10   0.488739E-10   0.248534E-10   0.127066E-12   0.210676E-15   0.111342E-19   0.396742E-24   0.102447E-22   0.638011E-26   0.246673E-22   0.386805E-22
   0.200000E+01   0.987881E-30   0.160052E-29   0.120303E-33   0.245997E-33   0.500729E-33   0.104899E-28   0.203019E-32   0.409635E-32   0.825021E-32   0.669400E-28   0.333319E-31   0.668979E-31   0.134169E-30   0.268930E-30   0.806127E-12   0.173263E-10   0.290082E-10   0.147063E-10   0.756656E-13   0.125288E-15   0.663393E-20   0.237914E-24   0.608372E-23   0.400258E-25   0.146244E-22   0.229233E-22
   0.200000E+01   0.598754E-37   0.104660E-36   0.327097E-35   0.654190E-35   0.130830E-34   0.915830E-36   0.523350E-34   0.104670E-33   0.209329E-33   0.851159E-35   0.837357E-33   0.167470E-32   0.334943E-32   0.669853E-32   0.410894E-18   0.914629E-17   0.163450E-16   0.843195E-17   0.422275E-19   0.704184E-22   0.370194E-26   0.169440E-30   0.342786E-29   0.172028E-30   0.829777E-29   0.130292E-28
   0.200000E+01   0.487401E-35   0.838339E-35   0.327093E-35   0.654198E-35   0.130830E-34   0.637600E-34   0.523346E-34   0.104670E-33   0.209330E-33   0.439800E-33   0.837346E-33   0.167470E-32   0.334942E-32   0.167857E-33   0.392767E-16   0.874537E-15   0.156328E-14   0.806618E-15   0.404008E-17   0.673813E-20   0.354296E-24   0.121124E-28   0.328111E-27   0.192033E-30   0.794284E-27   0.124718E-26
   0.200000E+01   0.850942E-33   0.147360E-32   0.838245E-37   0.167802E-36   0.335157E-36   0.113694E-31   0.134411E-35   0.268878E-35   0.537003E-35   0.785334E-31   0.215328E-34   0.430716E-34   0.861372E-34   0.171961E-33   0.707772E-14   0.157556E-12   0.281587E-12   0.145210E-12   0.726524E-15   0.121027E-17   0.636375E-22   0.217061E-26   0.591404E-25   0.382569E-29   0.143163E-24   0.224795E-24
   0.200000E+01   0.662062E-31   0.115463E-30   0.212153E-36   0.436826E-36   0.893869E-36   0.905605E-30   0.367375E-35   0.743684E-35   0.150102E-34   0.629642E-29   0.609166E-34   0.122426E-33   0.245839E-33   0.490185E-33   0.410998E-12   0.898195E-11   0.156941E-10   0.799366E-11   0.403825E-13   0.670914E-16   0.354480E-20   0.126822E-24   0.329457E-23   0.293565E-27   0.795189E-23   0.124772E-22
   0.200000E+01   0.141277E-29   0.231790E-29   0.936978E-35   0.197291E-34   0.411070E-34   0.156034E-28   0.172142E-33   0.351446E-33   0.714482E-33   0.100654E-27   0.292539E-32   0.589899E-32   0.118751E-31   0.236693E-31   0.147949E-11   0.320975E-10   0.546468E-10   0.278020E-10   0.142072E-12   0.235585E-15   0.124465E-19   0.442857E-24   0.114434E-22   0.210063E-25   0.275558E-22   0.432106E-22
   0.200000E+01   0.102840E-29   0.166607E-29   0.444361E-33   0.941511E-33   0.197151E-32   0.109189E-28   0.831181E-32   0.170123E-31   0.346549E-31   0.697014E-28   0.142299E-30   0.287231E-30   0.578679E-30   0.115385E-29   0.842391E-12   0.181143E-10   0.303487E-10   0.153887E-10   0.791539E-13   0.131072E-15   0.693941E-20   0.248757E-24   0.636423E-23   0.435623E-25   0.152997E-22   0.239822E-22
   0.200000E+01   0.101618E-29   0.165583E-29   0.834340E-31   0.177631E-30   0.373530E-30   0.113700E-28   0.158503E-29   0.325156E-29   0.662819E-29   0.809355E-28   0.268060E-28   0.527279E-28   0.101586E-27   0.190045E-27   0.811585E-12   0.174431E-10   0.292024E-10   0.148048E-10   0.761729E-13   0.126128E-15   0.667845E-20   0.239517E-24   0.612437E-23   0.431026E-25   0.147220E-22   0.230762E-22
   0.200000E+01   0.761060E-38   0.154149E-37   0.327094E-35   0.654190E-35   0.328527E-36   0.126248E-37   0.131420E-35   0.262765E-35   0.525606E-35   0.159151E-36   0.210152E-34   0.420364E-34   0.840729E-34   0.168098E-33   0.271496E-20   0.604455E-19   0.108144E-18   0.557668E-19   0.279162E-21   0.463735E-24   0.254475E-28   0.441801E-31   0.227969E-31   0.171806E-30   0.548344E-31   0.860310E-31
   0.200000E+01   0.139254E-34   0.241022E-34   0.881503E-37   0.177582E-36   0.357092E-36   0.185709E-33   0.144022E-35   0.289115E-35   0.579660E-35   0.128187E-32   0.232496E-34   0.464480E-34   0.926072E-34   0.184143E-33   0.113988E-15   0.253875E-14   0.453933E-14   0.234263E-14   0.117348E-16   0.195740E-19   0.102940E-23   0.351174E-28   0.953475E-27   0.239511E-30   0.230831E-26   0.362460E-26
   0.200000E+01   0.135420E-32   0.236046E-32   0.674969E-36   0.147695E-35   0.317602E-35   0.184883E-31   0.139446E-34   0.289465E-34   0.595714E-34   0.128447E-30   0.244635E-33   0.484720E-33   0.941467E-33   0.177943E-32   0.113175E-13   0.251833E-12   0.449934E-12   0.231830E-12   0.115864E-14   0.192880E-17   0.101454E-21   0.350546E-26   0.945475E-25   0.698153E-29   0.228862E-24   0.359358E-24
   0.200000E+01   0.979606E-31   0.171934E-30   0.435141E-34   0.967613E-34   0.210622E-33   0.136761E-29   0.938878E-33   0.195965E-32   0.405002E-32   0.955380E-29   0.167059E-31   0.330962E-31   0.641416E-31   0.120599E-30   0.415482E-12   0.906648E-11   0.156949E-10   0.800220E-11   0.406000E-13   0.674147E-16   0.355810E-20   0.126392E-24   0.329643E-23   0.507973E-27   0.795215E-23   0.124757E-22
   0.200000E+01   0.155097E-29   0.252466E-29   0.646029E-32   0.144332E-31   0.315339E-31   0.167428E-28   0.141307E-30   0.295487E-30   0.611578E-30   0.107968E-27   0.252790E-29   0.501154E-29   0.971760E-29   0.182776E-28   0.151009E-11   0.327806E-10   0.558701E-10   0.284379E-10   0.145246E-12   0.240877E-15   0.127230E-19   0.452233E-24   0.116914E-22   0.462832E-25   0.281569E-22   0.441548E-22
   0.200000E+01   0.113822E-29   0.189162E-29   0.353409E-30   0.793612E-30   0.172314E-29   0.149774E-28   0.713391E-29   0.137221E-28   0.254216E-28   0.118189E-27   0.794940E-28   0.135493E-27   0.226766E-27   0.373790E-27   0.887542E-12   0.190813E-10   0.319624E-10   0.162100E-10   0.833772E-13   0.138067E-15   0.730937E-20   0.261942E-24   0.670139E-23   0.463025E-25   0.161110E-22   0.252542E-22
   0.200000E+01   0.208898E-29   0.339858E-29   0.280925E-29   0.447128E-29   0.710904E-29   0.224126E-28   0.179388E-28   0.284828E-28   0.452157E-28   0.143191E-27   0.113903E-27   0.180755E-27   0.286815E-27   0.455056E-27   0.868532E-12   0.186666E-10   0.312523E-10   0.158481E-10   0.815312E-13   0.135005E-15   0.714780E-20   0.256231E-24   0.655289E-23   0.457589E-25   0.157532E-22   0.246930E-22
   0.200000E+01   0.567976E-39   0.105689E-38   0.821259E-37   0.164275E-36   0.328480E-36   0.123452E-37   0.131411E-35   0.262822E-35   0.525719E-35   0.157650E-36   0.210167E-34   0.420364E-34   0.840789E-34   0.168110E-33   0.264336E-20   0.588885E-19   0.105349E-18   0.541407E-19   0.283208E-21   0.452299E-24   0.248020E-28   0.441509E-31   0.222172E-31   0.171782E-30   0.538463E-31   0.840555E-31
   0.200000E+01   0.529538E-37   0.923036E-37   0.830017E-37   0.165815E-36   0.331066E-36   0.726133E-36   0.132210E-35   0.264176E-35   0.528088E-35   0.511011E-35   0.210889E-34   0.421598E-34   0.842775E-34   0.168423E-33   0.437190E-18   0.973986E-17   0.174196E-16   0.899140E-17   0.450443E-19   0.751411E-22   0.395249E-26   0.178044E-30   0.366186E-29   0.172127E-30   0.886607E-29   0.139225E-28
   0.200000E+01   0.585604E-35   0.102738E-34   0.180591E-36   0.336862E-36   0.630888E-36   0.816862E-34   0.223617E-35   0.423009E-35   0.801856E-35   0.570853E-33   0.290770E-34   0.556684E-34   0.106985E-33   0.206303E-33   0.479436E-16   0.106431E-14   0.189756E-14   0.974145E-15   0.486818E-17   0.810110E-20   0.427023E-24   0.163053E-28   0.398704E-27   0.206762E-30   0.964692E-27   0.151462E-26
   0.200000E+01   0.242952E-30   0.422185E-30   0.439287E-32   0.773383E-32   0.136020E-31   0.323948E-29   0.416746E-31   0.725280E-31   0.125357E-30   0.221137E-28   0.366473E-30   0.620165E-30   0.104275E-29   0.173955E-29   0.561936E-12   0.122755E-10   0.212146E-10   0.108256E-10   0.549771E-13   0.912809E-16   0.481421E-20   0.170294E-24   0.444636E-23   0.158754E-26   0.107244E-22   0.168240E-22
   0.200000E+01   0.905803E-30   0.149243E-29   0.376617E-30   0.664372E-30   0.116810E-29   0.104861E-28   0.355097E-29   0.613348E-29   0.105013E-28   0.717109E-28   0.300069E-28   0.501477E-28   0.832528E-28   0.137210E-27   0.853901E-12   0.186772E-10   0.323376E-10   0.165120E-10   0.838025E-13   0.139165E-15   0.733613E-20   0.258958E-24   0.675228E-23   0.311263E-25   0.162853E-22   0.255467E-22
   0.200000E+01   0.179705E-30   0.292052E-30   0.238540E-30   0.379968E-30   0.604934E-30   0.192914E-29   0.153122E-29   0.243479E-29   0.387020E-29   0.123583E-28   0.977024E-29   0.155180E-28   0.246421E-28   0.391224E-28   0.754387E-13   0.161995E-11   0.271502E-11   0.137683E-11   0.708048E-14   0.117251E-16   0.620764E-21   0.222567E-25   0.569171E-24   0.399004E-26   0.136829E-23   0.214478E-23
   0.200000E+01   0.213454E-29   0.345959E-29   0.286591E-29   0.454832E-29   0.721830E-29   0.226944E-28   0.181797E-28   0.288502E-28   0.457824E-28   0.144853E-27   0.115279E-27   0.182913E-27   0.290208E-27   0.460400E-27   0.883143E-12   0.189732E-10   0.318242E-10   0.161407E-10   0.829828E-13   0.137426E-15   0.727488E-20   0.260672E-24   0.667096E-23   0.462611E-25   0.160381E-22   0.251400E-22
   0.200000E+01   0.286259E-33   0.498436E-33   0.982146E-35   0.167808E-34   0.286023E-34   0.389362E-32   0.824648E-34   0.139561E-33   0.235340E-33   0.270132E-31   0.662011E-33   0.110500E-32   0.183955E-32   0.305226E-32   0.234545E-14   0.522517E-13   0.934493E-13   0.482349E-13   0.241646E-15   0.403118E-18   0.212035E-22   0.718497E-27   0.196428E-25   0.194754E-29   0.475573E-25   0.746781E-25
   0.200000E+01   0.130572E-32   0.228962E-32   0.450704E-34   0.772645E-34   0.131985E-33   0.181820E-31   0.381106E-33   0.644628E-33   0.108551E-32   0.126970E-30   0.303653E-32   0.504624E-32   0.835315E-32   0.137598E-31   0.110517E-13   0.246253E-12   0.440483E-12   0.227360E-12   0.113876E-14   0.189911E-17   0.998890E-22   0.339066E-26   0.926610E-25   0.855274E-29   0.224353E-24   0.352303E-24
   0.200000E+01   0.388973E-31   0.686910E-31   0.135730E-32   0.233658E-32   0.400419E-32   0.554511E-30   0.116099E-31   0.196608E-31   0.331295E-31   0.389773E-29   0.926726E-31   0.153905E-30   0.254472E-30   0.418487E-30   0.305762E-12   0.678585E-11   0.120958E-10   0.620828E-11   0.310956E-13   0.517623E-16   0.272351E-20   0.957024E-25   0.254199E-23   0.258348E-27   0.615072E-23   0.965698E-23
   0.200000E+01   0.597886E-27   0.100386E-26   0.344147E-28   0.595104E-28   0.102345E-27   0.710281E-26   0.298244E-27   0.505950E-27   0.853740E-27   0.468286E-25   0.239280E-26   0.397644E-26   0.657810E-26   0.108219E-25   0.112604E-08   0.250845E-07   0.449971E-07   0.232068E-07   0.115781E-09   0.192961E-12   0.101291E-16   0.352668E-21   0.938863E-20   0.664062E-23   0.227288E-19   0.356869E-19
   0.200000E+01   0.115252E-27   0.188002E-27   0.149923E-27   0.240108E-27   0.383780E-27   0.124839E-26   0.976560E-27   0.155568E-26   0.247647E-26   0.800854E-26   0.626551E-26   0.995952E-26   0.158259E-25   0.251385E-25   0.641083E-10   0.140303E-08   0.243224E-08   0.124355E-08   0.630224E-11   0.104688E-13   0.551752E-18   0.194653E-22   0.507839E-21   0.259684E-23   0.122491E-20   0.192155E-20
   0.200000E+01   0.472724E-29   0.764621E-29   0.628495E-29   0.997172E-29   0.158217E-28   0.498921E-28   0.398339E-28   0.632061E-28   0.100291E-27   0.317706E-27   0.252491E-27   0.400603E-27   0.635560E-27   0.100824E-26   0.202227E-11   0.436071E-10   0.736525E-10   0.374506E-10   0.191805E-12   0.317897E-15   0.168124E-19   0.600511E-24   0.154267E-22   0.101319E-24   0.371135E-22   0.581850E-22
   0.200000E+01   0.284528E-27   0.460094E-27   0.377918E-27   0.599499E-27   0.951067E-27   0.300028E-26   0.239399E-26   0.379837E-26   0.602666E-26   0.191006E-25   0.151713E-25   0.240701E-25   0.381864E-25   0.605769E-25   0.150576E-09   0.329606E-08   0.571479E-08   0.292336E-08   0.148085E-10   0.246011E-13   0.129651E-17   0.457307E-22   0.119328E-20   0.610074E-23   0.287826E-20   0.451520E-20
   0.200000E+01   0.000000E+00   0.000000E+00   0.000000E+00   0.000000E+00   0.000000E+00   0.000000E+00   0.000000E+00   0.000000E+00   0.000000E+00   0.000000E+00   0.000000E+00   0.000000E+00   0.000000E+00   0.000000E+00   0.000000E+00   0.000000E+00   0.000000E+00   0.000000E+00   0.000000E+00   0.000000E+00   0.000000E+00   0.000000E+00   0.000000E+00   0.000000E+00   0.000000E+00   0.000000E+00
   0.200000E+01   0.225061E-26   0.456533E-26   0.928712E-26   0.185540E-25   0.370755E-25   0.742268E-25   0.148115E-24   0.296097E-24   0.591981E-24   0.118638E-23   0.236670E-23   0.473253E-23   0.946367E-23   0.189251E-22   0.410319E-09   0.955988E-08   0.192126E-07   0.101813E-07   0.481739E-10   0.811925E-13   0.422010E-17   0.375252E-20   0.109880E-19   0.193711E-19   0.411905E-19   0.813275E-19
   0.216667E+01   0.204511E-25   0.418177E-25   0.875000E-25   0.175000E-24   0.350000E-24   0.693473E-24   0.140000E-23   0.280000E-23   0.560000E-23   0.111761E-22   0.224000E-22   0.448000E-22   0.896000E-22   0.179200E-21   0.178997E-18   0.659439E-07   0.134771E-06   0.783944E-07   0.172039E-09   0.128810E-12   0.186861E-15   0.160249E-19   0.917557E-19   0.204978E-18   0.367653E-18   0.735057E-18
   0.216667E+01   0.101779E-37   0.197047E-37   0.327075E-35   0.654159E-35   0.130831E-34   0.279954E-36   0.523327E-34   0.104665E-33   0.209327E-33   0.417320E-35   0.837321E-33   0.167464E-32   0.334927E-32   0.669849E-32   0.131563E-29   0.507623E-18   0.861850E-18   0.475240E-18   0.115595E-20   0.842633E-24   0.122138E-26   0.556944E-31   0.308175E-32   0.880416E-31   0.441137E-30   0.692327E-30
   0.216667E+01   0.343017E-36   0.576954E-36   0.327098E-35   0.654193E-35   0.130832E-34   0.426671E-35   0.523355E-34   0.104670E-33   0.209330E-33   0.309037E-34   0.837357E-33   0.167473E-32   0.334940E-32   0.669849E-32   0.151385E-27   0.583762E-16   0.991012E-16   0.546487E-16   0.132917E-18   0.968985E-22   0.140440E-24   0.271330E-29   0.334666E-30   0.100857E-28   0.506557E-28   0.794799E-28
   0.216667E+01   0.188407E-37   0.343477E-37   0.327095E-35   0.654186E-35   0.130831E-34   0.386951E-36   0.523349E-34   0.104671E-33   0.209330E-33   0.489688E-35   0.837354E-33   0.167472E-32   0.334942E-32   0.669856E-32   0.539330E-29   0.207997E-17   0.353214E-17   0.194812E-17   0.473887E-20   0.345515E-23   0.500870E-26   0.127996E-30   0.121359E-31   0.360124E-30   0.180751E-29   0.283629E-29
   0.216667E+01   0.115270E-35   0.195982E-35   0.327095E-35   0.654182E-35   0.130831E-34   0.146240E-34   0.523348E-34   0.104671E-33   0.209329E-33   0.101615E-33   0.837357E-33   0.167470E-32   0.334942E-32   0.669855E-32   0.551729E-27   0.212754E-15   0.361382E-15   0.199360E-15   0.484999E-18   0.353670E-21   0.512809E-24   0.982258E-29   0.122188E-29   0.368394E-28   0.185045E-27   0.290355E-27
   0.216667E+01   0.106285E-33   0.181755E-33   0.327105E-35   0.654206E-35   0.130834E-34   0.136610E-32   0.131655E-35   0.263273E-35   0.525455E-35   0.933871E-32   0.210634E-34   0.421297E-34   0.842414E-34   0.168194E-33   0.529107E-25   0.204030E-13   0.346662E-13   0.191276E-13   0.465383E-16   0.339402E-19   0.492239E-22   0.913279E-27   0.117286E-27   0.353684E-26   0.177664E-25   0.278779E-25
   0.216667E+01   0.103677E-31   0.174729E-31   0.972016E-37   0.194885E-36   0.390052E-36   0.126939E-30   0.156557E-35   0.313340E-35   0.626454E-35   0.856268E-30   0.251274E-34   0.502668E-34   0.100546E-33   0.200862E-33   0.467875E-23   0.177968E-11   0.301298E-11   0.165353E-11   0.402096E-14   0.292677E-17   0.422706E-20   0.793262E-25   0.106576E-25   0.312882E-24   0.153826E-23   0.241316E-23
   0.216667E+01   0.484403E-37   0.847065E-37   0.327095E-35   0.654196E-35   0.130830E-34   0.761092E-36   0.523349E-34   0.104669E-33   0.209331E-33   0.744854E-35   0.837354E-33   0.167472E-32   0.334945E-32   0.669852E-32   0.197918E-28   0.763225E-17   0.129639E-16   0.715156E-17   0.173980E-19   0.126869E-22   0.183952E-25   0.383563E-30   0.440074E-31   0.132189E-29   0.663828E-29   0.104166E-28
   0.216667E+01   0.386736E-35   0.661280E-35   0.327094E-35   0.654196E-35   0.130830E-34   0.497791E-34   0.523349E-34   0.104670E-33   0.209329E-33   0.342473E-33   0.837354E-33   0.167472E-32   0.334943E-32   0.669856E-32   0.191759E-26   0.739448E-15   0.125635E-14   0.693206E-15   0.168661E-17   0.123006E-20   0.178390E-23   0.340910E-28   0.425060E-29   0.128173E-27   0.643842E-27   0.101028E-26
   0.216667E+01   0.345692E-33   0.595054E-33   0.826196E-37   0.165239E-36   0.329844E-36   0.454132E-32   0.132238E-35   0.264552E-35   0.527976E-35   0.312405E-31   0.211581E-34   0.423103E-34   0.846386E-34   0.168952E-33   0.177489E-24   0.684242E-13   0.116276E-12   0.641569E-13   0.156050E-15   0.113767E-18   0.165100E-21   0.306621E-26   0.393849E-27   0.118772E-25   0.596359E-25   0.935789E-25
   0.216667E+01   0.285156E-31   0.494337E-31   0.121893E-36   0.246666E-36   0.497469E-36   0.383513E-30   0.201273E-35   0.404445E-35   0.810884E-35   0.265556E-29   0.326716E-34   0.654756E-34   0.131156E-33   0.262239E-33   0.136399E-22   0.510694E-11   0.861113E-11   0.469402E-11   0.114905E-13   0.835146E-17   0.120415E-19   0.226705E-24   0.326596E-25   0.922018E-24   0.439736E-23   0.689719E-23
   0.216667E+01   0.121630E-29   0.202946E-29   0.277611E-35   0.577222E-35   0.119059E-34   0.141968E-28   0.492300E-34   0.999947E-34   0.202451E-33   0.931082E-28   0.824160E-33   0.165851E-32   0.333326E-32   0.669198E-32   0.106859E-21   0.385109E-10   0.622876E-10   0.335715E-10   0.842870E-13   0.608904E-16   0.879840E-19   0.165918E-23   0.349050E-24   0.689706E-23   0.315719E-22   0.494634E-22
   0.216667E+01   0.117557E-29   0.190507E-29   0.143296E-33   0.293031E-33   0.596494E-33   0.124883E-28   0.241862E-32   0.488021E-32   0.982914E-32   0.796861E-28   0.397121E-31   0.797039E-31   0.159853E-30   0.320414E-30   0.672902E-22   0.239223E-10   0.381179E-10   0.204228E-10   0.517704E-13   0.373085E-16   0.538659E-19   0.102004E-23   0.278927E-24   0.437303E-23   0.192702E-22   0.301767E-22
   0.216667E+01   0.734504E-37   0.127902E-36   0.327093E-35   0.654192E-35   0.130831E-34   0.109312E-35   0.523350E-34   0.104670E-33   0.209329E-33   0.973670E-35   0.837366E-33   0.167472E-32   0.334943E-32   0.669850E-32   0.324748E-28   0.125231E-16   0.212768E-16   0.117395E-16   0.285627E-19   0.208308E-22   0.302097E-25   0.609153E-30   0.721931E-31   0.217097E-29   0.109037E-28   0.171095E-28
   0.216667E+01   0.616130E-35   0.106038E-34   0.327096E-35   0.654186E-35   0.130831E-34   0.809707E-34   0.523347E-34   0.104670E-33   0.209330E-33   0.558954E-33   0.837348E-33   0.167470E-32   0.334942E-32   0.167857E-33   0.312072E-26   0.120340E-14   0.204517E-14   0.112865E-14   0.274636E-17   0.200321E-20   0.290575E-23   0.555129E-28   0.692709E-29   0.208817E-27   0.104895E-26   0.164599E-26
   0.216667E+01   0.111298E-32   0.192863E-32   0.842301E-37   0.168636E-36   0.336803E-36   0.149463E-31   0.135172E-35   0.270364E-35   0.539937E-35   0.103434E-30   0.216577E-34   0.433124E-34   0.866428E-34   0.172912E-33   0.582478E-24   0.224162E-12   0.380893E-12   0.210085E-12   0.510512E-15   0.371897E-18   0.540212E-21   0.100514E-25   0.129623E-26   0.390451E-25   0.195466E-24   0.306721E-24
   0.216667E+01   0.856675E-31   0.149500E-30   0.242599E-36   0.501019E-36   0.102755E-35   0.117776E-29   0.423385E-35   0.858073E-35   0.173375E-34   0.820402E-29   0.704589E-34   0.141673E-33   0.284532E-33   0.567583E-33   0.340033E-22   0.124882E-10   0.208069E-10   0.112460E-10   0.278493E-13   0.201869E-16   0.291030E-19   0.548971E-24   0.872703E-25   0.229850E-23   0.105926E-22   0.166071E-22
   0.216667E+01   0.164913E-29   0.270315E-29   0.114317E-34   0.240946E-34   0.502430E-34   0.181606E-28   0.210650E-33   0.430237E-33   0.874942E-33   0.117031E-27   0.358402E-32   0.722825E-32   0.145528E-31   0.290253E-31   0.118266E-21   0.426918E-10   0.691020E-10   0.372849E-10   0.935162E-13   0.675753E-16   0.976720E-19   0.184043E-23   0.397293E-24   0.762189E-23   0.350097E-22   0.548506E-22
   0.216667E+01   0.121998E-29   0.197692E-29   0.564096E-33   0.119652E-32   0.250770E-32   0.129589E-28   0.105868E-31   0.216784E-31   0.441760E-31   0.827212E-28   0.181487E-30   0.366400E-30   0.738286E-30   0.147313E-29   0.701271E-22   0.249523E-10   0.397849E-10   0.213246E-10   0.540286E-13   0.389409E-16   0.562274E-19   0.106446E-23   0.294060E-24   0.455815E-23   0.201149E-22   0.315001E-22
   0.216667E+01   0.121256E-29   0.197859E-29   0.117362E-30   0.250638E-30   0.528348E-30   0.137104E-28   0.224985E-29   0.461815E-29   0.940161E-29   0.993020E-28   0.374943E-28   0.727694E-28   0.137936E-27   0.253851E-27   0.677591E-22   0.240880E-10   0.383794E-10   0.205626E-10   0.521264E-13   0.375647E-16   0.542353E-19   0.102707E-23   0.288270E-24   0.440772E-23   0.194019E-22   0.303829E-22
   0.216667E+01   0.769561E-38   0.155784E-37   0.327095E-35   0.164311E-36   0.328480E-36   0.136949E-37   0.131354E-35   0.262765E-35   0.525418E-35   0.164405E-36   0.210152E-34   0.420244E-34   0.840789E-34   0.168086E-33   0.217593E-30   0.841994E-19   0.143149E-18   0.790157E-19   0.192195E-21   0.140198E-24   0.206506E-27   0.362507E-31   0.517734E-33   0.147993E-31   0.733211E-31   0.116474E-30
   0.216667E+01   0.173911E-34   0.301195E-34   0.916004E-37   0.185234E-36   0.373831E-36   0.233079E-33   0.151470E-35   0.304669E-35   0.611746E-35   0.161177E-32   0.244984E-34   0.488434E-34   0.970308E-34   0.192099E-33   0.893846E-26   0.344683E-14   0.585939E-14   0.323416E-14   0.787058E-17   0.574157E-20   0.833009E-23   0.154579E-27   0.198724E-28   0.598745E-27   0.300771E-26   0.471976E-26
   0.216667E+01   0.171085E-32   0.298398E-32   0.102525E-35   0.225894E-35   0.488401E-35   0.234733E-31   0.215927E-34   0.449075E-34   0.924032E-34   0.163378E-30   0.374840E-33   0.733214E-33   0.140131E-32   0.260345E-32   0.900759E-24   0.345593E-12   0.587048E-12   0.323546E-12   0.785516E-15   0.572086E-18   0.830653E-21   0.154702E-25   0.202279E-26   0.604756E-25   0.301378E-24   0.472910E-24
   0.216667E+01   0.121620E-30   0.213554E-30   0.679988E-34   0.151687E-33   0.331027E-33   0.170437E-29   0.148091E-32   0.309298E-32   0.638414E-32   0.119180E-28   0.259714E-31   0.507710E-31   0.968166E-31   0.179086E-30   0.327716E-22   0.119919E-10   0.197872E-10   0.107152E-10   0.266159E-13   0.192802E-16   0.278579E-19   0.523739E-24   0.879998E-25   0.216415E-23   0.100765E-22   0.157957E-22
   0.216667E+01   0.178431E-29   0.290428E-29   0.103809E-31   0.232646E-31   0.509569E-31   0.192704E-28   0.229154E-30   0.479479E-30   0.991115E-30   0.124574E-27   0.404019E-29   0.790354E-29   0.150793E-28   0.279033E-28   0.119998E-21   0.433770E-10   0.702784E-10   0.379554E-10   0.951014E-13   0.687384E-16   0.993717E-19   0.187135E-23   0.416960E-24   0.776044E-23   0.355977E-22   0.557742E-22
   0.216667E+01   0.137616E-29   0.231081E-29   0.592288E-30   0.131925E-29   0.279965E-29   0.191067E-28   0.107663E-28   0.198877E-28   0.355003E-28   0.147637E-27   0.104590E-27   0.174424E-27   0.287038E-27   0.467372E-27   0.737230E-22   0.262398E-10   0.418347E-10   0.224310E-10   0.568188E-13   0.409541E-16   0.591387E-19   0.111938E-23   0.309318E-24   0.479085E-23   0.211506E-22   0.331225E-22
   0.216667E+01   0.248785E-29   0.404328E-29   0.334593E-29   0.531942E-29   0.845111E-29   0.266195E-28   0.213076E-28   0.338239E-28   0.536863E-28   0.170000E-27   0.135217E-27   0.214567E-27   0.340452E-27   0.540138E-27   0.722765E-22   0.257103E-10   0.409714E-10   0.219622E-10   0.556510E-13   0.401088E-16   0.579147E-19   0.109644E-23   0.305134E-24   0.469869E-23   0.207126E-22   0.324361E-22
   0.216667E+01   0.653894E-39   0.119942E-38   0.821200E-37   0.164275E-36   0.328480E-36   0.136483E-37   0.131420E-35   0.262728E-35   0.525380E-35   0.164405E-36   0.210197E-34   0.420425E-34   0.840789E-34   0.168110E-33   0.206649E-30   0.800081E-19   0.136098E-18   0.751243E-19   0.189637E-21   0.133321E-24   0.196436E-27   0.360637E-31   0.499244E-33   0.143525E-31   0.697637E-31   0.110004E-30
   0.216667E+01   0.683868E-37   0.119279E-36   0.833837E-37   0.166497E-36   0.332406E-36   0.940989E-36   0.132624E-35   0.264834E-35   0.529104E-35   0.661525E-35   0.211145E-34   0.422050E-34   0.843798E-34   0.168675E-33   0.354660E-28   0.136766E-16   0.232554E-16   0.128383E-16   0.312451E-19   0.227944E-22   0.330797E-25   0.664109E-30   0.791579E-31   0.237874E-29   0.119477E-28   0.187491E-28
   0.216667E+01   0.760690E-35   0.133536E-34   0.225348E-36   0.418641E-36   0.779094E-36   0.106621E-33   0.269658E-35   0.502265E-35   0.936784E-35   0.746410E-33   0.328732E-34   0.619578E-34   0.117379E-33   0.223432E-33   0.394282E-26   0.149785E-14   0.253898E-14   0.139411E-14   0.338934E-17   0.246730E-20   0.356826E-23   0.679492E-28   0.910638E-29   0.265447E-27   0.130228E-26   0.204324E-26
   0.216667E+01   0.290728E-30   0.503652E-30   0.601382E-32   0.107287E-31   0.190769E-31   0.384046E-29   0.588426E-31   0.102093E-30   0.175534E-30   0.261287E-28   0.506930E-30   0.852887E-30   0.142630E-29   0.236801E-29   0.432837E-22   0.158534E-10   0.260741E-10   0.141550E-10   0.351476E-13   0.254632E-16   0.368330E-19   0.691079E-24   0.120263E-24   0.282910E-23   0.132627E-22   0.207896E-22
   0.216667E+01   0.102669E-29   0.169844E-29   0.515581E-30   0.917525E-30   0.162131E-29   0.121438E-28   0.489292E-29   0.836703E-29   0.141605E-28   0.832105E-28   0.395548E-28   0.654450E-28   0.107675E-27   0.176096E-27   0.652150E-22   0.238966E-10   0.393107E-10   0.213679E-10   0.530089E-13   0.384127E-16   0.555846E-19   0.104197E-23   0.212171E-24   0.424650E-23   0.199345E-22   0.312464E-22
   0.216667E+01   0.214225E-30   0.348137E-30   0.285316E-30   0.454269E-30   0.722882E-30   0.229830E-29   0.182785E-29   0.290496E-29   0.461543E-29   0.147095E-28   0.116430E-28   0.184872E-28   0.293499E-28   0.465872E-28   0.628130E-23   0.223278E-11   0.356069E-11   0.190854E-11   0.483508E-14   0.348494E-17   0.503179E-20   0.952628E-25   0.265559E-25   0.411675E-24   0.179977E-23   0.281844E-23
   0.216667E+01   0.252499E-29   0.409376E-29   0.339202E-29   0.538326E-29   0.854333E-29   0.268650E-28   0.215165E-28   0.341454E-28   0.541851E-28   0.171473E-27   0.136436E-27   0.216481E-27   0.343465E-27   0.544888E-27   0.733152E-22   0.260852E-10   0.416300E-10   0.223225E-10   0.565218E-13   0.407443E-16   0.588349E-19   0.111350E-23   0.307686E-24   0.480242E-23   0.210444E-22   0.329563E-22
   0.216667E+01   0.332868E-33   0.579940E-33   0.125201E-34   0.215655E-34   0.370185E-34   0.454929E-32   0.107299E-33   0.181310E-33   0.304732E-33   0.316173E-31   0.849567E-33   0.141113E-32   0.233731E-32   0.385838E-32   0.171075E-24   0.659704E-13   0.112173E-12   0.619254E-13   0.150715E-15   0.109959E-18   0.159563E-21   0.296099E-26   0.381073E-27   0.114713E-25   0.576241E-25   0.904269E-25
   0.216667E+01   0.161775E-32   0.283848E-32   0.612979E-34   0.105967E-33   0.182361E-33   0.226348E-31   0.529811E-33   0.895216E-33   0.150338E-32   0.158342E-30   0.417412E-32   0.690948E-32   0.113927E-31   0.186974E-31   0.859283E-24   0.331231E-12   0.563300E-12   0.310969E-12   0.756540E-15   0.551691E-18   0.801237E-21   0.148838E-25   0.191627E-26   0.576869E-25   0.289602E-24   0.454467E-24
   0.216667E+01   0.461008E-31   0.814603E-31   0.176667E-32   0.306715E-32   0.529584E-32   0.660338E-30   0.154538E-31   0.261471E-31   0.439481E-31   0.464970E-29   0.122084E-30   0.202025E-30   0.332876E-30   0.545691E-30   0.229524E-22   0.869053E-11   0.147283E-10   0.808501E-11   0.196904E-13   0.143337E-16   0.207462E-19   0.387204E-24   0.541767E-25   0.154099E-23   0.755631E-23   0.118557E-22
   0.216667E+01   0.639733E-27   0.107137E-26   0.432308E-28   0.753909E-28   0.130635E-27   0.754825E-26   0.383137E-27   0.649395E-27   0.109303E-26   0.496898E-25   0.304231E-26   0.503779E-26   0.830506E-26   0.136200E-25   0.773889E-19   0.300671E-07   0.513053E-07   0.283352E-07   0.685845E-10   0.500149E-13   0.724759E-16   0.134581E-20   0.178480E-21   0.517970E-20   0.261776E-19   0.410770E-19
   0.216667E+01   0.128096E-27   0.208727E-27   0.167523E-27   0.267923E-27   0.427748E-27   0.138261E-26   0.108629E-26   0.172895E-26   0.275018E-26   0.885463E-26   0.694932E-26   0.110411E-25   0.175373E-25   0.278475E-25   0.486359E-20   0.179108E-08   0.294986E-08   0.160546E-08   0.397698E-11   0.288291E-14   0.417176E-17   0.781738E-22   0.161748E-22   0.316749E-21   0.149599E-20   0.234493E-20
   0.216667E+01   0.555611E-29   0.898824E-29   0.738614E-29   0.117184E-28   0.185926E-28   0.586481E-28   0.468078E-28   0.742704E-28   0.117846E-27   0.373404E-27   0.296678E-27   0.470706E-27   0.746773E-27   0.118466E-26   0.164926E-21   0.591431E-10   0.949684E-10   0.510983E-10   0.128763E-12   0.929315E-16   0.134237E-18   0.253583E-23   0.669371E-24   0.107771E-22   0.480331E-22   0.752345E-22
   0.216667E+01   0.312725E-27   0.505754E-27   0.415316E-27   0.658791E-27   0.104508E-26   0.329780E-26   0.263048E-26   0.417348E-26   0.662170E-26   0.209909E-25   0.166688E-25   0.264455E-25   0.419546E-25   0.665541E-25   0.113702E-19   0.420323E-08   0.692408E-08   0.377043E-08   0.933520E-11   0.676791E-14   0.979387E-17   0.183497E-21   0.378272E-22   0.742814E-21   0.351182E-20   0.550475E-20
   0.216667E+01   0.000000E+00   0.000000E+00   0.000000E+00   0.000000E+00   0.000000E+00   0.000000E+00   0.000000E+00   0.000000E+00   0.000000E+00   0.000000E+00   0.000000E+00   0.000000E+00   0.000000E+00   0.000000E+00   0.000000E+00   0.000000E+00   0.000000E+00   0.000000E+00   0.000000E+00   0.000000E+00   0.000000E+00   0.000000E+00   0.000000E+00   0.000000E+00   0.000000E+00   0.000000E+00
   0.216667E+01   0.225582E-26   0.457455E-26   0.929296E-26   0.185634E-25   0.370907E-25   0.743003E-25   0.148154E-24   0.296161E-24   0.592083E-24   0.118689E-23   0.236696E-23   0.473294E-23   0.946433E-23   0.189262E-22   0.272327E-19   0.101700E-07   0.196676E-07   0.112728E-07   0.254450E-10   0.189039E-13   0.274130E-16   0.183458E-20   0.970657E-20   0.221931E-19   0.415828E-19   0.819438E-19
   0.233333E+01   0.204414E-25   0.418061E-25   0.875000E-25   0.175000E-24   0.350000E-24   0.693458E-24   0.140000E-23   0.280000E-23   0.560000E-23   0.111761E-22   0.224000E-22   0.448000E-22   0.896000E-22   0.179200E-21   0.358400E-21   0.637747E-07   0.673263E-07   0.146691E-06   0.148578E-08   0.395212E-11   0.160859E-15   0.201174E-19   0.917898E-19   0.205013E-18   0.367689E-18   0.735125E-18
   0.233333E+01   0.109873E-37   0.210753E-37   0.327075E-35   0.654159E-35   0.130831E-34   0.290149E-36   0.523327E-34   0.104665E-33   0.209327E-33   0.424679E-35   0.837321E-33   0.167464E-32   0.334927E-32   0.669850E-32   0.133970E-31   0.676410E-18   0.573716E-18   0.122963E-17   0.134235E-19   0.346152E-22   0.140571E-26   0.634324E-31   0.327723E-31   0.154916E-30   0.590290E-30   0.925112E-30
   0.233333E+01   0.438245E-36   0.737036E-36   0.327098E-35   0.654193E-35   0.130832E-34   0.543453E-35   0.523355E-34   0.104670E-33   0.209330E-33   0.387728E-34   0.837357E-33   0.167473E-32   0.334940E-32   0.669880E-32   0.133971E-31   0.779819E-16   0.661376E-16   0.141748E-15   0.154752E-17   0.399063E-20   0.162041E-24   0.311369E-29   0.375850E-29   0.178136E-28   0.679666E-28   0.106545E-27
   0.233333E+01   0.220117E-37   0.397468E-37   0.327095E-35   0.654186E-35   0.130831E-34   0.427049E-36   0.523349E-34   0.104671E-33   0.209330E-33   0.517392E-35   0.837354E-33   0.167472E-32   0.334942E-32   0.669886E-32   0.133970E-31   0.276118E-17   0.234223E-17   0.502125E-17   0.548258E-19   0.141398E-21   0.574296E-26   0.145807E-30   0.133414E-30   0.631785E-30   0.240967E-29   0.377791E-29
   0.233333E+01   0.147088E-35   0.250228E-35   0.327095E-35   0.654182E-35   0.130831E-34   0.187150E-34   0.523348E-34   0.104671E-33   0.209329E-33   0.129549E-33   0.837357E-33   0.167470E-32   0.334945E-32   0.669878E-32   0.133971E-31   0.282921E-15   0.240029E-15   0.514722E-15   0.562084E-17   0.144980E-19   0.588982E-24   0.112218E-28   0.136643E-28   0.647702E-28   0.247146E-27   0.387449E-27
   0.233333E+01   0.136036E-33   0.232834E-33   0.327109E-35   0.654213E-35   0.130836E-34   0.175762E-32   0.131731E-35   0.263405E-35   0.525568E-35   0.120296E-31   0.210679E-34   0.421387E-34   0.842835E-34   0.168603E-33   0.336436E-33   0.271782E-13   0.230616E-13   0.494670E-13   0.540247E-15   0.139360E-17   0.566284E-22   0.105310E-26   0.131400E-26   0.622882E-26   0.237684E-25   0.372625E-25
   0.233333E+01   0.132623E-31   0.223710E-31   0.996937E-37   0.199963E-36   0.400209E-36   0.163235E-30   0.160667E-35   0.321709E-35   0.643155E-35   0.110239E-29   0.258045E-34   0.516240E-34   0.103296E-33   0.206676E-33   0.412775E-33   0.236468E-11   0.200532E-11   0.426911E-11   0.464723E-13   0.119595E-15   0.487380E-20   0.914893E-25   0.116821E-24   0.547986E-24   0.205226E-23   0.321651E-23
   0.233333E+01   0.595500E-37   0.103658E-36   0.327092E-35   0.654198E-35   0.130830E-34   0.903985E-36   0.523356E-34   0.104670E-33   0.209330E-33   0.841550E-35   0.837358E-33   0.167471E-32   0.334941E-32   0.669888E-32   0.133969E-31   0.100862E-16   0.855693E-17   0.183493E-16   0.200376E-18   0.516831E-21   0.209959E-25   0.435471E-30   0.487305E-30   0.230932E-29   0.881064E-29   0.138125E-28
   0.233333E+01   0.491977E-35   0.841902E-35   0.327097E-35   0.654188E-35   0.130831E-34   0.636147E-34   0.523350E-34   0.104671E-33   0.209328E-33   0.437537E-33   0.837357E-33   0.167471E-32   0.334940E-32   0.669892E-32   0.133972E-31   0.979373E-15   0.831022E-15   0.178252E-14   0.194677E-16   0.502190E-19   0.204061E-23   0.387909E-28   0.473474E-28   0.224442E-27   0.856442E-27   0.134267E-26
   0.233333E+01   0.440787E-33   0.759411E-33   0.827137E-37   0.165380E-36   0.330126E-36   0.582093E-32   0.132379E-35   0.264759E-35   0.528540E-35   0.400899E-31   0.211732E-34   0.423644E-34   0.846807E-34   0.169446E-33   0.338217E-33   0.907925E-13   0.770524E-13   0.165270E-12   0.180460E-14   0.465420E-17   0.189081E-21   0.352247E-26   0.439565E-26   0.208371E-25   0.794696E-25   0.124589E-24
   0.233333E+01   0.361750E-31   0.627663E-31   0.128070E-36   0.259526E-36   0.523706E-36   0.489069E-30   0.212087E-35   0.426375E-35   0.855308E-35   0.339040E-29   0.344711E-34   0.690988E-34   0.138444E-33   0.277202E-33   0.554403E-33   0.671067E-11   0.567553E-11   0.120200E-10   0.131151E-12   0.337180E-15   0.137531E-19   0.258645E-24   0.343749E-24   0.159459E-23   0.579912E-23   0.908687E-23
   0.233333E+01   0.143154E-29   0.238417E-29   0.313841E-35   0.652648E-35   0.134631E-34   0.166143E-28   0.556740E-34   0.113090E-33   0.228976E-33   0.108737E-27   0.932189E-33   0.187593E-32   0.377025E-32   0.756991E-32   0.151860E-31   0.481853E-10   0.389716E-10   0.823390E-10   0.915774E-12   0.233909E-14   0.950872E-19   0.180055E-23   0.325745E-23   0.123110E-22   0.395636E-22   0.619120E-22
   0.233333E+01   0.137248E-29   0.222427E-29   0.167388E-33   0.342316E-33   0.696850E-33   0.145791E-28   0.282573E-32   0.570180E-32   0.114841E-31   0.930139E-28   0.463998E-31   0.931273E-31   0.186777E-30   0.374385E-30   0.750087E-30   0.307385E-10   0.245021E-10   0.515883E-10   0.577147E-12   0.147024E-14   0.597962E-19   0.113715E-23   0.238397E-23   0.816231E-23   0.247879E-22   0.387697E-22
   0.233333E+01   0.883968E-37   0.153570E-36   0.327095E-35   0.654189E-35   0.130832E-34   0.129000E-35   0.523347E-34   0.104669E-33   0.209327E-33   0.110895E-34   0.837360E-33   0.167472E-32   0.334941E-32   0.669886E-32   0.133970E-31   0.159643E-16   0.135459E-16   0.290552E-16   0.317320E-18   0.818552E-21   0.332610E-25   0.668426E-30   0.771951E-30   0.365865E-29   0.139600E-28   0.218859E-28
   0.233333E+01   0.758897E-35   0.130715E-34   0.327098E-35   0.654193E-35   0.130830E-34   0.100210E-33   0.523351E-34   0.104670E-33   0.209330E-33   0.692005E-33   0.837361E-33   0.167472E-32   0.334942E-32   0.168110E-33   0.335665E-33   0.154188E-14   0.130852E-14   0.280747E-14   0.306652E-16   0.791124E-19   0.321542E-23   0.611063E-28   0.746181E-28   0.353718E-27   0.134978E-26   0.211614E-26
   0.233333E+01   0.141504E-32   0.245413E-32   0.847120E-37   0.169683E-36   0.339060E-36   0.191003E-31   0.136019E-35   0.272094E-35   0.543661E-35   0.132331E-30   0.218036E-34   0.436043E-34   0.872386E-34   0.174501E-33   0.348328E-33   0.296295E-12   0.251492E-12   0.539123E-12   0.588269E-14   0.151637E-16   0.615717E-21   0.115167E-25   0.144072E-25   0.681970E-25   0.259461E-24   0.406773E-24
   0.233333E+01   0.107687E-30   0.188086E-30   0.277023E-36   0.573688E-36   0.117921E-35   0.148808E-29   0.486965E-35   0.988130E-35   0.199770E-34   0.103774E-28   0.812803E-34   0.163508E-33   0.328516E-33   0.655791E-33   0.131476E-32   0.161511E-10   0.134938E-10   0.284878E-10   0.312722E-12   0.802279E-15   0.327038E-19   0.616536E-24   0.884474E-24   0.400039E-23   0.137437E-22   0.215244E-22
   0.233333E+01   0.188930E-29   0.309423E-29   0.137218E-34   0.289480E-34   0.604074E-34   0.207502E-28   0.253545E-33   0.518036E-33   0.105380E-32   0.133592E-27   0.431847E-32   0.871075E-32   0.175396E-31   0.350035E-31   0.703060E-31   0.530723E-10   0.429363E-10   0.907848E-10   0.100955E-11   0.257906E-14   0.104813E-18   0.198383E-23   0.361965E-23   0.134856E-22   0.435826E-22   0.682033E-22
   0.233333E+01   0.142007E-29   0.230127E-29   0.701523E-33   0.148955E-32   0.312443E-32   0.150836E-28   0.132073E-31   0.270558E-31   0.551524E-31   0.962756E-28   0.226691E-30   0.457737E-30   0.922453E-30   0.184180E-29   0.370128E-29   0.319902E-10   0.255154E-10   0.537370E-10   0.601031E-12   0.153129E-14   0.622747E-19   0.118399E-23   0.247109E-23   0.847527E-23   0.258178E-22   0.403816E-22
   0.233333E+01   0.142036E-29   0.232079E-29   0.160842E-30   0.344434E-30   0.727647E-30   0.162401E-28   0.310721E-29   0.637513E-29   0.129347E-28   0.119670E-27   0.505926E-28   0.967264E-28   0.180335E-27   0.326701E-27   0.581331E-27   0.309595E-10   0.246766E-10   0.519544E-10   0.581255E-12   0.148069E-14   0.602216E-19   0.114527E-23   0.241171E-23   0.822773E-23   0.249631E-22   0.390437E-22
   0.233333E+01   0.780452E-38   0.157735E-37   0.821377E-37   0.164205E-36   0.328668E-36   0.151386E-37   0.131345E-35   0.262671E-35   0.525568E-35   0.174166E-36   0.210212E-34   0.420154E-34   0.840729E-34   0.168134E-33   0.336219E-33   0.109295E-18   0.927702E-19   0.198970E-18   0.217368E-20   0.560398E-23   0.227986E-27   0.410695E-31   0.543328E-32   0.252909E-31   0.964420E-31   0.150587E-30
   0.233333E+01   0.211621E-34   0.366808E-34   0.964846E-37   0.196002E-36   0.397552E-36   0.285039E-33   0.161993E-35   0.326543E-35   0.656283E-35   0.197320E-32   0.262197E-34   0.520302E-34   0.102839E-33   0.202223E-33   0.397103E-33   0.435788E-14   0.369891E-14   0.793812E-14   0.867158E-16   0.223740E-18   0.909571E-23   0.172801E-27   0.211117E-27   0.100077E-26   0.381899E-26   0.598744E-26
   0.233333E+01   0.210559E-32   0.367548E-32   0.152655E-35   0.338133E-35   0.734021E-35   0.290336E-31   0.326149E-34   0.678606E-34   0.139263E-33   0.202299E-30   0.554690E-33   0.106909E-32   0.200940E-32   0.367234E-32   0.659742E-32   0.441616E-12   0.374894E-12   0.802753E-12   0.874992E-14   0.225414E-16   0.915790E-21   0.171509E-25   0.216256E-25   0.102010E-24   0.386730E-24   0.606289E-24
   0.233333E+01   0.146954E-30   0.258180E-30   0.102247E-33   0.228731E-33   0.500268E-33   0.206629E-29   0.224446E-32   0.468574E-32   0.963946E-32   0.144488E-28   0.384653E-31   0.740791E-31   0.138953E-30   0.253033E-30   0.452308E-30   0.148057E-10   0.122359E-10   0.259150E-10   0.285785E-12   0.732467E-15   0.297876E-19   0.561346E-24   0.843397E-24   0.367881E-23   0.124840E-22   0.195488E-22
   0.233333E+01   0.201970E-29   0.328703E-29   0.160045E-31   0.359678E-31   0.789537E-31   0.218261E-28   0.356063E-30   0.744700E-30   0.153420E-29   0.141535E-27   0.613445E-29   0.118223E-28   0.221871E-28   0.404182E-28   0.722689E-28   0.536772E-10   0.434640E-10   0.919528E-10   0.102214E-11   0.261182E-14   0.106128E-18   0.200781E-23   0.365448E-23   0.136051E-22   0.441172E-22   0.690434E-22
   0.233333E+01   0.164150E-29   0.279026E-29   0.939559E-30   0.204642E-29   0.419275E-29   0.237478E-28   0.149328E-28   0.266514E-28   0.461988E-28   0.178224E-27   0.130328E-27   0.214155E-27   0.348530E-27   0.563015E-27   0.905526E-27   0.335874E-10   0.267908E-10   0.564340E-10   0.631169E-12   0.160815E-14   0.653959E-19   0.124319E-23   0.258433E-23   0.888365E-23   0.271090E-22   0.424019E-22
   0.233333E+01   0.290270E-29   0.471416E-29   0.390236E-29   0.619986E-29   0.984560E-29   0.310008E-28   0.248124E-28   0.393828E-28   0.625046E-28   0.197928E-27   0.157412E-27   0.249778E-27   0.396312E-27   0.628751E-27   0.997402E-27   0.329614E-10   0.262800E-10   0.553472E-10   0.619126E-12   0.157731E-14   0.641452E-19   0.121964E-23   0.254867E-23   0.873466E-23   0.265882E-22   0.415865E-22
   0.233333E+01   0.740084E-39   0.136477E-38   0.821377E-37   0.164275E-36   0.328504E-36   0.145796E-37   0.131411E-35   0.262784E-35   0.525719E-35   0.172664E-36   0.210212E-34   0.420304E-34   0.840729E-34   0.168110E-33   0.336195E-33   0.101244E-18   0.860391E-19   0.184520E-18   0.201556E-20   0.520081E-23   0.211377E-27   0.407584E-31   0.506941E-32   0.236430E-31   0.892762E-31   0.139471E-30
   0.233333E+01   0.860104E-37   0.150138E-36   0.839009E-37   0.167496E-36   0.334193E-36   0.118817E-35   0.133113E-35   0.265718E-35   0.530684E-35   0.834418E-35   0.211642E-34   0.422832E-34   0.844761E-34   0.168736E-33   0.337206E-33   0.178713E-16   0.151713E-16   0.325663E-16   0.355779E-18   0.918015E-21   0.373265E-25   0.745896E-30   0.866863E-30   0.410877E-29   0.156785E-28   0.245816E-28
   0.233333E+01   0.962011E-35   0.169011E-34   0.285169E-36   0.528879E-36   0.978011E-36   0.135494E-33   0.330079E-35   0.604975E-35   0.110985E-34   0.949508E-33   0.376880E-34   0.699323E-34   0.130506E-33   0.244834E-33   0.462536E-33   0.196206E-14   0.166542E-14   0.354783E-14   0.386273E-16   0.994235E-19   0.405016E-23   0.774592E-28   0.977421E-28   0.458143E-27   0.171252E-26   0.268438E-26
   0.233333E+01   0.338338E-30   0.584551E-30   0.802371E-32   0.144723E-31   0.258754E-31   0.443187E-29   0.795362E-31   0.137271E-30   0.234690E-30   0.300516E-28   0.670894E-30   0.112372E-29   0.187130E-29   0.309494E-29   0.509689E-29   0.191454E-10   0.157525E-10   0.334359E-10   0.369328E-12   0.946369E-15   0.384416E-19   0.724071E-24   0.111408E-23   0.470459E-23   0.160697E-22   0.251631E-22
   0.233333E+01   0.115028E-29   0.191148E-29   0.682624E-30   0.121900E-29   0.214766E-29   0.138526E-28   0.636010E-29   0.107508E-28   0.179970E-28   0.946225E-28   0.493498E-28   0.810274E-28   0.132405E-27   0.215277E-27   0.348900E-27   0.286598E-10   0.235544E-10   0.500333E-10   0.552862E-12   0.141665E-14   0.575239E-19   0.108326E-23   0.175126E-23   0.701564E-23   0.239661E-22   0.375261E-22
   0.233333E+01   0.250394E-30   0.406858E-30   0.334175E-30   0.531825E-30   0.845891E-30   0.268375E-29   0.213696E-29   0.339494E-29   0.539223E-29   0.171639E-28   0.135961E-28   0.215846E-28   0.342621E-28   0.543773E-28   0.862899E-28   0.286452E-11   0.228506E-11   0.481218E-11   0.538193E-13   0.137121E-15   0.557667E-20   0.106028E-24   0.221944E-24   0.763174E-24   0.231148E-23   0.361537E-23
   0.233333E+01   0.293101E-29   0.475265E-29   0.393734E-29   0.624866E-29   0.991669E-29   0.311909E-28   0.249751E-28   0.396337E-28   0.628942E-28   0.199072E-27   0.158364E-27   0.251273E-27   0.398664E-27   0.632457E-27   0.100325E-26   0.333781E-10   0.266447E-10   0.561301E-10   0.627577E-12   0.159919E-14   0.650329E-19   0.123608E-23   0.256632E-23   0.886548E-23   0.269593E-22   0.421680E-22
   0.233333E+01   0.379527E-33   0.661753E-33   0.156314E-34   0.271170E-34   0.467372E-34   0.521191E-32   0.135316E-33   0.227923E-33   0.381648E-33   0.362596E-31   0.105590E-32   0.174718E-32   0.288260E-32   0.473956E-32   0.778189E-32   0.780590E-13   0.662650E-13   0.142243E-12   0.155402E-14   0.400999E-17   0.163054E-21   0.303278E-26   0.378543E-26   0.179437E-25   0.684741E-25   0.107357E-24
   0.233333E+01   0.195629E-32   0.343517E-32   0.812476E-34   0.141485E-33   0.244528E-33   0.275027E-31   0.710001E-33   0.119625E-32   0.200222E-32   0.192593E-30   0.552266E-32   0.911335E-32   0.149804E-31   0.245127E-31   0.400008E-31   0.415637E-12   0.352896E-12   0.757484E-12   0.827372E-14   0.213448E-16   0.867283E-21   0.161712E-25   0.201888E-25   0.956955E-25   0.364930E-24   0.572164E-24
   0.233333E+01   0.535686E-31   0.947295E-31   0.225077E-32   0.393653E-32   0.682650E-32   0.770974E-30   0.199119E-31   0.335973E-31   0.562892E-31   0.543429E-29   0.155395E-30   0.256410E-30   0.421310E-30   0.688870E-30   0.112283E-29   0.104363E-10   0.885089E-11   0.188782E-10   0.205907E-12   0.530251E-15   0.215548E-19   0.403364E-24   0.520856E-24   0.244044E-23   0.911014E-23   0.142802E-22
   0.233333E+01   0.674708E-27   0.112771E-26   0.531131E-28   0.933104E-28   0.162390E-27   0.791984E-26   0.476067E-27   0.804689E-27   0.135007E-26   0.520676E-25   0.373446E-26   0.616622E-26   0.101371E-25   0.165815E-25   0.270353E-25   0.339800E-07   0.290032E-07   0.621641E-07   0.676297E-09   0.174506E-11   0.708052E-16   0.131921E-20   0.155547E-20   0.763818E-20   0.297461E-19   0.466367E-19
   0.233333E+01   0.140279E-27   0.228370E-27   0.184085E-27   0.294080E-27   0.469042E-27   0.150929E-26   0.118918E-26   0.189146E-26   0.300702E-26   0.965310E-26   0.759200E-26   0.120584E-25   0.191479E-25   0.303982E-25   0.482485E-25   0.214410E-08   0.176409E-08   0.374955E-08   0.414024E-10   0.106123E-12   0.430916E-17   0.811144E-22   0.130480E-21   0.522253E-21   0.179510E-20   0.281082E-20
   0.233333E+01   0.642466E-29   0.103930E-28   0.853590E-29   0.135421E-28   0.214853E-28   0.677949E-28   0.540877E-28   0.858199E-28   0.136169E-27   0.431555E-27   0.342800E-27   0.543877E-27   0.862852E-27   0.136880E-26   0.217120E-26   0.748807E-10   0.601033E-10   0.126829E-09   0.141453E-11   0.360856E-14   0.146720E-18   0.278390E-23   0.556849E-23   0.195888E-22   0.608605E-22   0.952112E-22
   0.233333E+01   0.339366E-27   0.548810E-27   0.450431E-27   0.714455E-27   0.113334E-26   0.357735E-26   0.285243E-26   0.452552E-26   0.718010E-26   0.227653E-25   0.180739E-25   0.286745E-25   0.454904E-25   0.721626E-25   0.114463E-24   0.502564E-08   0.413593E-08   0.879376E-08   0.970784E-10   0.248859E-12   0.101047E-16   0.190177E-21   0.304488E-21   0.122208E-20   0.420930E-20   0.659114E-20
   0.233333E+01   0.000000E+00   0.000000E+00   0.000000E+00   0.000000E+00   0.000000E+00   0.000000E+00   0.000000E+00   0.000000E+00   0.000000E+00   0.000000E+00   0.000000E+00   0.000000E+00   0.000000E+00   0.000000E+00   0.000000E+00   0.000000E+00   0.000000E+00   0.000000E+00   0.000000E+00   0.000000E+00   0.000000E+00   0.000000E+00   0.000000E+00   0.000000E+00   0.000000E+00   0.000000E+00
   0.233333E+01   0.226159E-26   0.458431E-26   0.929863E-26   0.185726E-25   0.371056E-25   0.743707E-25   0.148193E-24   0.296222E-24   0.592182E-24   0.118735E-23   0.236721E-23   0.473335E-23   0.946497E-23   0.189272E-22   0.378500E-22   0.103981E-07   0.102147E-07   0.221354E-07   0.229391E-09   0.604163E-12   0.245679E-16   0.226523E-20   0.986768E-20   0.224785E-19   0.419961E-19   0.825888E-19
   0.250000E+01   0.204336E-25   0.417976E-25   0.875000E-25   0.175000E-24   0.350000E-24   0.693456E-24   0.140000E-23   0.280000E-23   0.560000E-23   0.111762E-22   0.224000E-22   0.448000E-22   0.896000E-22   0.179200E-21   0.358400E-21   0.443817E-07   0.836897E-07   0.146360E-06   0.480556E-08   0.445630E-10   0.217671E-13   0.730811E-17   0.929746E-19   0.205046E-18   0.367725E-18   0.735191E-18
   0.250000E+01   0.119275E-37   0.226573E-37   0.327075E-35   0.654159E-35   0.130831E-34   0.301514E-36   0.523327E-34   0.104665E-33   0.209327E-33   0.432340E-35   0.837321E-33   0.167464E-32   0.334927E-32   0.669850E-32   0.133970E-31   0.591747E-18   0.104411E-17   0.158975E-17   0.566529E-19   0.507564E-21   0.248046E-24   0.861383E-28   0.866569E-31   0.241221E-30   0.770551E-30   0.120702E-29
   0.250000E+01   0.547464E-36   0.921146E-36   0.327098E-35   0.654193E-35   0.130832E-34   0.678291E-35   0.523355E-34   0.104670E-33   0.209330E-33   0.478591E-34   0.837357E-33   0.167473E-32   0.334940E-32   0.669880E-32   0.133971E-31   0.683916E-16   0.120674E-15   0.183735E-15   0.654729E-17   0.586613E-19   0.286672E-22   0.995519E-26   0.999534E-29   0.278315E-28   0.889927E-28   0.139376E-27
   0.250000E+01   0.256447E-37   0.458957E-37   0.327095E-35   0.654186E-35   0.130831E-34   0.472929E-36   0.523349E-34   0.104671E-33   0.209330E-33   0.548100E-35   0.837354E-33   0.167472E-32   0.334942E-32   0.669886E-32   0.133970E-31   0.240617E-17   0.424690E-17   0.646772E-17   0.230499E-18   0.206539E-20   0.100947E-23   0.350617E-27   0.352254E-30   0.980711E-30   0.313532E-29   0.491080E-29
   0.250000E+01   0.183344E-35   0.312214E-35   0.327095E-35   0.654182E-35   0.130831E-34   0.234071E-34   0.523348E-34   0.104671E-33   0.209329E-33   0.161588E-33   0.837357E-33   0.167470E-32   0.334945E-32   0.669878E-32   0.133971E-31   0.246945E-15   0.436006E-15   0.664140E-15   0.236722E-16   0.212140E-18   0.103696E-21   0.360223E-25   0.361730E-28   0.100731E-27   0.322119E-27   0.504515E-27
   0.250000E+01   0.170016E-33   0.291338E-33   0.327113E-35   0.654217E-35   0.130836E-34   0.220768E-32   0.131749E-35   0.263518E-35   0.525831E-35   0.151228E-31   0.210799E-34   0.421598E-34   0.843317E-34   0.168651E-33   0.336580E-33   0.237595E-13   0.419632E-13   0.639334E-13   0.227903E-14   0.204253E-16   0.998447E-20   0.346920E-23   0.348432E-26   0.970327E-26   0.310301E-25   0.486017E-25
   0.250000E+01   0.165639E-31   0.279735E-31   0.102350E-36   0.205418E-36   0.411164E-36   0.204904E-30   0.165086E-35   0.330606E-35   0.660947E-35   0.138494E-29   0.265192E-34   0.530624E-34   0.106203E-33   0.212406E-33   0.424403E-33   0.206901E-11   0.363100E-11   0.550544E-11   0.195126E-12   0.174332E-14   0.852236E-18   0.296619E-21   0.306770E-24   0.849770E-24   0.267248E-23   0.418459E-23
   0.250000E+01   0.720946E-37   0.125103E-36   0.327094E-35   0.654191E-35   0.130832E-34   0.106608E-35   0.523350E-34   0.104670E-33   0.209327E-33   0.952663E-35   0.837352E-33   0.167470E-32   0.334942E-32   0.669883E-32   0.133971E-31   0.874837E-17   0.154458E-16   0.235273E-16   0.838584E-18   0.751497E-20   0.367337E-23   0.127605E-26   0.128156E-29   0.356864E-29   0.114114E-28   0.178726E-28
   0.250000E+01   0.611189E-35   0.104708E-34   0.327095E-35   0.654189E-35   0.130832E-34   0.793899E-34   0.523351E-34   0.104671E-33   0.209330E-33   0.545922E-33   0.837349E-33   0.167471E-32   0.334940E-32   0.669880E-32   0.133971E-31   0.851295E-15   0.150350E-14   0.229065E-14   0.816561E-16   0.731840E-18   0.357772E-21   0.124304E-24   0.124833E-27   0.347638E-27   0.111172E-26   0.174126E-26
   0.250000E+01   0.548806E-33   0.946629E-33   0.827959E-37   0.165557E-36   0.330431E-36   0.728388E-32   0.132549E-35   0.264947E-35   0.529104E-35   0.502065E-31   0.212033E-34   0.424216E-34   0.847891E-34   0.169650E-33   0.338747E-33   0.790649E-13   0.139651E-12   0.212771E-12   0.758314E-14   0.679519E-16   0.332025E-19   0.115410E-22   0.116113E-25   0.323342E-25   0.103341E-24   0.161863E-24
   0.250000E+01   0.448018E-31   0.778256E-31   0.134547E-36   0.272891E-36   0.551236E-36   0.608739E-30   0.223400E-35   0.449453E-35   0.901952E-35   0.422344E-29   0.363625E-34   0.729085E-34   0.146070E-33   0.292537E-33   0.585170E-33   0.582972E-11   0.101660E-10   0.153094E-10   0.542181E-12   0.484238E-14   0.237486E-17   0.828258E-21   0.884660E-24   0.243845E-23   0.746794E-23   0.116901E-22
   0.250000E+01   0.165250E-29   0.274820E-29   0.350553E-35   0.729069E-35   0.150408E-34   0.190873E-28   0.622033E-34   0.126358E-33   0.255849E-33   0.124696E-27   0.104163E-32   0.209619E-32   0.421304E-32   0.845898E-32   0.169698E-31   0.397461E-10   0.683682E-10   0.999152E-10   0.361783E-11   0.321193E-13   0.157343E-16   0.552273E-20   0.749604E-23   0.184682E-22   0.486738E-22   0.760782E-22
   0.250000E+01   0.157678E-29   0.255543E-29   0.192418E-33   0.393525E-33   0.801132E-33   0.167472E-28   0.324881E-32   0.655565E-32   0.132041E-31   0.106830E-27   0.533508E-31   0.107079E-30   0.214761E-30   0.430480E-30   0.862480E-30   0.259422E-10   0.443286E-10   0.640217E-10   0.232996E-11   0.206338E-13   0.101166E-16   0.356236E-20   0.542076E-23   0.125905E-22   0.312244E-22   0.487760E-22
   0.250000E+01   0.104564E-36   0.181424E-36   0.327094E-35   0.654192E-35   0.130832E-34   0.150463E-35   0.523347E-34   0.104669E-33   0.209328E-33   0.125633E-34   0.837355E-33   0.167471E-32   0.334942E-32   0.669884E-32   0.133971E-31   0.133830E-16   0.236355E-16   0.360094E-16   0.128363E-17   0.115044E-19   0.562406E-23   0.195399E-26   0.196252E-29   0.546510E-29   0.174761E-28   0.273726E-28
   0.250000E+01   0.914632E-35   0.157718E-34   0.327096E-35   0.654191E-35   0.130832E-34   0.121340E-33   0.523356E-34   0.104670E-33   0.209330E-33   0.838101E-33   0.837358E-33   0.167473E-32   0.334945E-32   0.168134E-33   0.335762E-33   0.129905E-14   0.229499E-14   0.349723E-14   0.124682E-15   0.111757E-17   0.546403E-21   0.189871E-24   0.190698E-27   0.531080E-27   0.169839E-26   0.266022E-26
   0.250000E+01   0.175658E-32   0.305000E-32   0.852527E-37   0.170764E-36   0.341293E-36   0.238274E-31   0.137016E-35   0.274238E-35   0.547799E-35   0.165211E-30   0.219722E-34   0.439533E-34   0.879007E-34   0.175801E-33   0.351121E-33   0.257089E-12   0.453942E-12   0.691452E-12   0.246277E-13   0.220585E-15   0.107673E-18   0.374412E-22   0.378749E-25   0.105369E-24   0.336093E-24   0.526422E-24
   0.250000E+01   0.132138E-30   0.231058E-30   0.315556E-36   0.654939E-36   0.134886E-35   0.183495E-29   0.558313E-35   0.113372E-34   0.229426E-34   0.128063E-28   0.934332E-34   0.188001E-33   0.377849E-33   0.754580E-33   0.151313E-32   0.138458E-10   0.239714E-10   0.356618E-10   0.127068E-11   0.113326E-13   0.556318E-17   0.194569E-20   0.220125E-23   0.600965E-23   0.174312E-22   0.272703E-22
   0.250000E+01   0.213137E-29   0.348843E-29   0.162415E-34   0.342924E-34   0.716078E-34   0.233569E-28   0.300857E-33   0.614910E-33   0.125120E-32   0.150250E-27   0.512937E-32   0.103478E-31   0.208381E-31   0.416089E-31   0.835788E-31   0.434883E-10   0.748671E-10   0.109520E-09   0.396658E-11   0.352191E-13   0.172469E-16   0.605153E-20   0.826401E-23   0.201332E-22   0.532969E-22   0.833073E-22
   0.250000E+01   0.162668E-29   0.263618E-29   0.857233E-33   0.182192E-32   0.382455E-32   0.172765E-28   0.161861E-31   0.331709E-31   0.676392E-31   0.110262E-27   0.278140E-30   0.561712E-30   0.113213E-29   0.226178E-29   0.454563E-29   0.269365E-10   0.460489E-10   0.665516E-10   0.242164E-11   0.214483E-13   0.105149E-16   0.370185E-20   0.560724E-23   0.130405E-22   0.324522E-22   0.506956E-22
   0.250000E+01   0.163795E-29   0.268025E-29   0.215400E-30   0.462391E-30   0.978706E-30   0.189587E-28   0.418667E-29   0.857251E-29   0.172925E-28   0.141992E-27   0.660560E-28   0.124340E-27   0.228144E-27   0.407358E-27   0.714859E-27   0.261377E-10   0.446599E-10   0.644938E-10   0.234718E-11   0.207860E-13   0.101914E-16   0.358880E-20   0.547540E-23   0.126948E-22   0.314544E-22   0.491352E-22
   0.250000E+01   0.793609E-38   0.164806E-38   0.821024E-37   0.164275E-36   0.328527E-36   0.169086E-37   0.131383E-35   0.262822E-35   0.525568E-35   0.186929E-36   0.210197E-34   0.420364E-34   0.840909E-34   0.168110E-33   0.336171E-33   0.932611E-19   0.164748E-18   0.251101E-18   0.894953E-20   0.802474E-22   0.392359E-25   0.136288E-28   0.138654E-31   0.383037E-31   0.122098E-30   0.190743E-30
   0.250000E+01   0.251968E-34   0.437234E-34   0.103120E-36   0.210884E-36   0.429972E-36   0.341011E-33   0.176559E-35   0.356504E-35   0.716882E-35   0.236244E-32   0.284466E-34   0.561078E-34   0.110001E-33   0.214609E-33   0.418095E-33   0.362295E-14   0.640246E-14   0.975838E-14   0.347942E-15   0.311904E-17   0.152514E-20   0.530058E-24   0.532425E-27   0.148280E-26   0.474211E-26   0.742781E-26
   0.250000E+01   0.253524E-32   0.443042E-32   0.222167E-35   0.494122E-35   0.107600E-34   0.351252E-31   0.479657E-34   0.996567E-34   0.203439E-33   0.244927E-30   0.791896E-33   0.150273E-32   0.277914E-32   0.500305E-32   0.885670E-32   0.371374E-12   0.655261E-12   0.997537E-12   0.354888E-13   0.317635E-15   0.154973E-18   0.538875E-22   0.549140E-25   0.152597E-24   0.485288E-24   0.760090E-24
   0.250000E+01   0.173648E-30   0.305303E-30   0.148690E-33   0.333453E-33   0.730726E-33   0.244811E-29   0.328437E-32   0.684308E-32   0.139968E-31   0.171098E-28   0.545530E-31   0.103446E-30   0.190975E-30   0.342775E-30   0.604313E-30   0.120928E-10   0.209612E-10   0.310970E-10   0.111598E-11   0.994298E-14   0.487047E-17   0.170312E-20   0.198841E-23   0.534894E-23   0.151701E-22   0.237293E-22
   0.250000E+01   0.225529E-29   0.367039E-29   0.238096E-31   0.536399E-31   0.117973E-30   0.244007E-28   0.532986E-30   0.111250E-29   0.227877E-29   0.158829E-27   0.889947E-29   0.168873E-28   0.311926E-28   0.560085E-28   0.987714E-28   0.437872E-10   0.754415E-10   0.110489E-09   0.400092E-11   0.355308E-13   0.173959E-16   0.610164E-20   0.830211E-23   0.202093E-22   0.537302E-22   0.839894E-22
   0.250000E+01   0.193807E-29   0.333875E-29   0.140660E-29   0.296155E-29   0.583416E-29   0.287396E-28   0.194027E-28   0.336974E-28   0.571329E-28   0.209411E-27   0.156269E-27   0.254225E-27   0.410712E-27   0.660023E-27   0.105734E-26   0.282345E-10   0.482806E-10   0.697990E-10   0.253981E-11   0.224958E-13   0.110276E-16   0.388193E-20   0.585913E-23   0.136455E-22   0.340288E-22   0.531596E-22
   0.250000E+01   0.332982E-29   0.540556E-29   0.447491E-29   0.710660E-29   0.112828E-28   0.355224E-28   0.284272E-28   0.451175E-28   0.716029E-28   0.226755E-27   0.180315E-27   0.286115E-27   0.453959E-27   0.720200E-27   0.114246E-26   0.277537E-10   0.474429E-10   0.685541E-10   0.249481E-11   0.220953E-13   0.108320E-16   0.381365E-20   0.578114E-23   0.134400E-22   0.334256E-22   0.522162E-22
   0.250000E+01   0.838629E-39   0.154418E-38   0.821435E-37   0.164264E-36   0.328598E-36   0.158838E-37   0.131439E-35   0.262803E-35   0.525493E-35   0.181674E-36   0.210242E-34   0.420214E-34   0.840789E-34   0.168182E-33   0.336315E-33   0.843382E-19   0.149083E-18   0.227207E-18   0.809745E-20   0.726138E-22   0.355106E-25   0.123395E-28   0.124667E-31   0.346717E-31   0.110531E-30   0.172806E-30
   0.250000E+01   0.105806E-36   0.184855E-36   0.845827E-37   0.168683E-36   0.336497E-36   0.146732E-35   0.133734E-35   0.266790E-35   0.532414E-35   0.102954E-34   0.212063E-34   0.423554E-34   0.846085E-34   0.169049E-33   0.337712E-33   0.153435E-16   0.271226E-16   0.413468E-16   0.147435E-17   0.132170E-19   0.646257E-23   0.224659E-26   0.225753E-29   0.628730E-29   0.201062E-28   0.314945E-28
   0.250000E+01   0.118956E-34   0.209215E-34   0.363433E-36   0.672371E-36   0.123389E-35   0.168321E-33   0.405790E-35   0.733170E-35   0.132472E-34   0.118037E-32   0.436449E-34   0.797786E-34   0.146623E-33   0.271303E-33   0.505412E-33   0.169461E-14   0.297734E-14   0.451734E-14   0.160121E-15   0.143100E-17   0.699656E-21   0.243523E-24   0.253139E-27   0.701258E-27   0.220156E-26   0.344761E-26
   0.250000E+01   0.385063E-30   0.663806E-30   0.104655E-31   0.189903E-31   0.339533E-31   0.500591E-29   0.103453E-30   0.177608E-30   0.302222E-30   0.338395E-28   0.857243E-30   0.143085E-29   0.237458E-29   0.391466E-29   0.642557E-29   0.152655E-10   0.264994E-10   0.393245E-10   0.141548E-11   0.126063E-13   0.616710E-17   0.215549E-20   0.255921E-23   0.674079E-23   0.191304E-22   0.299238E-22
   0.250000E+01   0.127645E-29   0.213136E-29   0.874930E-30   0.155677E-29   0.271808E-29   0.155621E-28   0.787150E-29   0.131700E-28   0.218527E-28   0.105734E-27   0.590785E-28   0.964361E-28   0.156763E-27   0.253741E-27   0.409549E-27   0.227113E-10   0.394270E-10   0.584966E-10   0.210776E-11   0.187681E-13   0.917811E-17   0.320771E-20   0.395025E-23   0.100420E-22   0.283646E-22   0.443652E-22
   0.250000E+01   0.287876E-30   0.467711E-30   0.384746E-30   0.612035E-30   0.973044E-30   0.308268E-29   0.245646E-29   0.390153E-29   0.619557E-29   0.197047E-28   0.156169E-28   0.247897E-28   0.393456E-28   0.624397E-28   0.990759E-28   0.241432E-11   0.412693E-11   0.596381E-11   0.216992E-12   0.192190E-14   0.942243E-18   0.331737E-21   0.503672E-24   0.117346E-23   0.290769E-23   0.454225E-23
   0.250000E+01   0.334813E-29   0.542955E-29   0.449718E-29   0.713711E-29   0.113266E-28   0.356338E-28   0.285257E-28   0.452680E-28   0.718350E-28   0.227411E-27   0.180875E-27   0.286991E-27   0.455333E-27   0.722357E-27   0.114585E-26   0.280512E-10   0.479767E-10   0.693876E-10   0.252422E-11   0.223602E-13   0.109610E-16   0.385812E-20   0.581623E-23   0.135893E-22   0.338236E-22   0.528395E-22
   0.250000E+01   0.425731E-33   0.743112E-33   0.191609E-34   0.333831E-34   0.575740E-34   0.587325E-32   0.165875E-33   0.278454E-33   0.464749E-33   0.408890E-31   0.127818E-32   0.210872E-32   0.346818E-32   0.568409E-32   0.929981E-32   0.610632E-13   0.107940E-12   0.164549E-12   0.586774E-14   0.526044E-16   0.257251E-19   0.894201E-23   0.898307E-26   0.250182E-25   0.800110E-25   0.125328E-24
   0.250000E+01   0.231805E-32   0.407474E-32   0.105278E-33   0.184147E-33   0.318512E-33   0.327376E-31   0.920626E-33   0.154625E-32   0.258039E-32   0.229410E-30   0.708072E-32   0.116558E-31   0.191116E-31   0.311962E-31   0.507751E-31   0.343425E-12   0.607110E-12   0.925533E-12   0.329974E-13   0.295776E-15   0.144565E-18   0.502694E-22   0.506048E-25   0.140920E-24   0.450369E-24   0.705464E-24
   0.250000E+01   0.612385E-31   0.108408E-30   0.281436E-32   0.494428E-32   0.858119E-32   0.885387E-30   0.249193E-31   0.419171E-31   0.700273E-31   0.624507E-29   0.192372E-30   0.316698E-30   0.519171E-30   0.847014E-30   0.137745E-29   0.831763E-11   0.146150E-10   0.221689E-10   0.787737E-12   0.704822E-14   0.344694E-17   0.119850E-20   0.124255E-23   0.344609E-23   0.108073E-22   0.169242E-22
   0.250000E+01   0.703876E-27   0.117480E-26   0.640420E-28   0.113015E-27   0.196845E-27   0.823070E-26   0.574528E-27   0.968136E-27   0.161965E-26   0.540548E-25   0.445817E-26   0.734439E-26   0.120463E-25   0.196612E-25   0.319837E-25   0.255738E-07   0.452055E-07   0.691584E-07   0.245606E-08   0.220212E-10   0.107511E-13   0.372646E-17   0.356928E-20   0.101701E-19   0.334104E-19   0.523358E-19
   0.250000E+01   0.151797E-27   0.246948E-27   0.199680E-27   0.318679E-27   0.507839E-27   0.162888E-26   0.128584E-26   0.204424E-26   0.324865E-26   0.104074E-25   0.819741E-26   0.130171E-25   0.206665E-25   0.328040E-25   0.520598E-25   0.169619E-08   0.294733E-08   0.437709E-08   0.157617E-09   0.140387E-11   0.686519E-15   0.239862E-18   0.293941E-21   0.746709E-21   0.212120E-20   0.331786E-20
   0.250000E+01   0.732673E-29   0.118518E-28   0.972915E-29   0.154346E-28   0.244872E-28   0.772893E-28   0.616414E-28   0.978034E-28   0.155181E-27   0.491899E-27   0.390651E-27   0.619791E-27   0.983281E-27   0.155983E-26   0.247421E-26   0.624243E-10   0.107044E-09   0.155478E-09   0.564468E-11   0.500506E-13   0.245284E-16   0.862329E-20   0.126388E-22   0.297995E-22   0.756969E-22   0.118276E-21
   0.250000E+01   0.364343E-27   0.589169E-27   0.483312E-27   0.766571E-27   0.121596E-26   0.383915E-26   0.306017E-26   0.485499E-26   0.770268E-26   0.244262E-25   0.193888E-25   0.307603E-25   0.487989E-25   0.774105E-25   0.122786E-24   0.396937E-08   0.690079E-08   0.102531E-07   0.369144E-09   0.328825E-11   0.160794E-14   0.561705E-18   0.685353E-21   0.174416E-20   0.496770E-20   0.777034E-20
   0.250000E+01   0.000000E+00   0.000000E+00   0.000000E+00   0.000000E+00   0.000000E+00   0.000000E+00   0.000000E+00   0.000000E+00   0.000000E+00   0.000000E+00   0.000000E+00   0.000000E+00   0.000000E+00   0.000000E+00   0.000000E+00   0.000000E+00   0.000000E+00   0.000000E+00   0.000000E+00   0.000000E+00   0.000000E+00   0.000000E+00   0.000000E+00   0.000000E+00   0.000000E+00   0.000000E+00
   0.250000E+01   0.226687E-26   0.459326E-26   0.930413E-26   0.185815E-25   0.371201E-25   0.744350E-25   0.148231E-24   0.296282E-24   0.592278E-24   0.118777E-23   0.236746E-23   0.473374E-23   0.946560E-23   0.189282E-22   0.378516E-22   0.747133E-08   0.137432E-07   0.229167E-07   0.773153E-09   0.708492E-11   0.346048E-14   0.117509E-17   0.102220E-19   0.227764E-19   0.424267E-19   0.832594E-19
   0.266667E+01   0.204097E-25   0.417671E-25   0.875000E-25   0.175000E-24   0.350000E-24   0.693384E-24   0.140000E-23   0.280000E-23   0.560000E-23   0.111761E-22   0.224000E-22   0.448000E-22   0.896000E-22   0.179200E-21   0.358400E-21   0.429246E-07   0.822098E-07   0.145826E-06   0.818422E-08   0.137358E-09   0.186888E-12   0.691807E-17   0.904280E-19   0.205067E-18   0.367761E-18   0.735255E-18
   0.266667E+01   0.129540E-37   0.244110E-37   0.327075E-35   0.654159E-35   0.130831E-34   0.314337E-36   0.523327E-34   0.104665E-33   0.209327E-33   0.440970E-35   0.837321E-33   0.167464E-32   0.334927E-32   0.669850E-32   0.133970E-31   0.764470E-18   0.132717E-17   0.201656E-17   0.123239E-18   0.199432E-20   0.273132E-23   0.105207E-27   0.874603E-31   0.348829E-30   0.985025E-30   0.154151E-29
   0.266667E+01   0.669342E-36   0.112743E-35   0.327098E-35   0.654193E-35   0.130832E-34   0.829866E-35   0.523355E-34   0.104670E-33   0.209330E-33   0.580865E-34   0.837357E-33   0.167473E-32   0.334940E-32   0.669880E-32   0.133971E-31   0.885798E-16   0.153770E-15   0.233643E-15   0.142792E-16   0.231066E-18   0.316442E-21   0.121891E-25   0.256570E-30   0.403757E-28   0.114071E-27   0.178483E-27
   0.266667E+01   0.296425E-37   0.527133E-37   0.327095E-35   0.654186E-35   0.130831E-34   0.524019E-36   0.523349E-34   0.104671E-33   0.209330E-33   0.582704E-35   0.837354E-33   0.167472E-32   0.334942E-32   0.669886E-32   0.133970E-31   0.309683E-17   0.537762E-17   0.817273E-17   0.499536E-18   0.808450E-20   0.110728E-22   0.426594E-27   0.919930E-31   0.141360E-29   0.399350E-29   0.624887E-29
   0.266667E+01   0.223519E-35   0.381191E-35   0.327095E-35   0.654182E-35   0.130831E-34   0.286471E-34   0.523348E-34   0.104671E-33   0.209329E-33   0.197405E-33   0.837357E-33   0.167470E-32   0.334945E-32   0.669878E-32   0.133971E-31   0.318389E-15   0.553049E-15   0.840674E-15   0.513908E-16   0.831782E-18   0.113939E-20   0.439046E-25   0.700449E-30   0.145462E-27   0.410994E-27   0.643104E-27
   0.266667E+01   0.207764E-33   0.356600E-33   0.327113E-35   0.654219E-35   0.130837E-34   0.271157E-32   0.131834E-35   0.263574E-35   0.526057E-35   0.185898E-31   0.210889E-34   0.421718E-34   0.843497E-34   0.168736E-33   0.336749E-33   0.306850E-13   0.533169E-13   0.810618E-13   0.495581E-14   0.802177E-16   0.109886E-18   0.423483E-23   0.593702E-28   0.140353E-25   0.396568E-25   0.620546E-25
   0.266667E+01   0.202251E-31   0.342125E-31   0.105124E-36   0.211025E-36   0.422661E-36   0.251477E-30   0.169685E-35   0.339953E-35   0.679718E-35   0.170110E-29   0.272685E-34   0.545760E-34   0.109230E-33   0.218509E-33   0.436584E-33   0.266570E-11   0.460452E-11   0.696907E-11   0.423345E-12   0.682698E-14   0.932974E-17   0.362775E-21   0.537541E-26   0.122430E-23   0.340751E-23   0.533027E-23
   0.266667E+01   0.858566E-37   0.148739E-36   0.327092E-35   0.654186E-35   0.130830E-34   0.124570E-35   0.523352E-34   0.104670E-33   0.209329E-33   0.107547E-34   0.837357E-33   0.167472E-32   0.334945E-32   0.669884E-32   0.133971E-31   0.112080E-16   0.194683E-16   0.295928E-16   0.180900E-17   0.292793E-19   0.401069E-22   0.154544E-26   0.107635E-30   0.512053E-29   0.144674E-28   0.226380E-28
   0.266667E+01   0.742468E-35   0.127401E-34   0.327098E-35   0.654198E-35   0.130831E-34   0.969007E-34   0.523351E-34   0.104670E-33   0.209327E-33   0.666373E-33   0.837351E-33   0.167471E-32   0.334940E-32   0.669886E-32   0.133970E-31   0.109314E-14   0.189936E-14   0.288774E-14   0.176549E-15   0.285780E-17   0.391509E-20   0.150889E-24   0.219785E-29   0.499963E-27   0.141267E-26   0.221053E-26
   0.266667E+01   0.668108E-33   0.115429E-32   0.828724E-37   0.165851E-36   0.331043E-36   0.891249E-32   0.132699E-35   0.265323E-35   0.529894E-35   0.614819E-31   0.212319E-34   0.424637E-34   0.849395E-34   0.169843E-33   0.339132E-33   0.101715E-12   0.176746E-12   0.268726E-12   0.164256E-13   0.265836E-15   0.364023E-18   0.140223E-22   0.196893E-27   0.465864E-25   0.131552E-24   0.205855E-24
   0.266667E+01   0.542332E-31   0.943619E-31   0.141230E-36   0.286656E-36   0.579730E-36   0.740635E-30   0.235174E-35   0.473264E-35   0.950213E-35   0.514268E-29   0.383245E-34   0.768356E-34   0.153972E-33   0.308486E-33   0.617164E-33   0.743677E-11   0.127520E-10   0.191840E-10   0.116130E-11   0.187169E-13   0.256797E-16   0.100300E-20   0.164896E-25   0.346716E-23   0.941985E-23   0.147305E-22
   0.266667E+01   0.187247E-29   0.311144E-29   0.387009E-35   0.804972E-35   0.166078E-34   0.215562E-28   0.686888E-34   0.139538E-33   0.282540E-33   0.140623E-27   0.115033E-32   0.231497E-32   0.465282E-32   0.934206E-32   0.187415E-31   0.491795E-10   0.823442E-10   0.119882E-09   0.741839E-11   0.118989E-12   0.163661E-15   0.641243E-20   0.153407E-24   0.253970E-22   0.589275E-22   0.919947E-22
   0.266667E+01   0.178277E-29   0.289019E-29   0.217885E-33   0.445634E-33   0.907254E-33   0.189466E-28   0.367941E-32   0.742472E-32   0.149548E-31   0.120853E-27   0.604262E-31   0.121282E-30   0.243247E-30   0.487583E-30   0.976892E-30   0.328890E-10   0.545396E-10   0.784508E-10   0.487412E-11   0.779947E-13   0.107425E-15   0.422996E-20   0.107202E-24   0.176815E-22   0.386197E-22   0.602528E-22
   0.266667E+01   0.121557E-36   0.210845E-36   0.327093E-35   0.654191E-35   0.130830E-34   0.173223E-35   0.523350E-34   0.104669E-33   0.209328E-33   0.141277E-34   0.837363E-33   0.167470E-32   0.334940E-32   0.669881E-32   0.133971E-31   0.166038E-16   0.288489E-16   0.438604E-16   0.268149E-17   0.434049E-19   0.594626E-22   0.229169E-26   0.118112E-30   0.759377E-29   0.214560E-28   0.335743E-28
   0.266667E+01   0.107986E-34   0.186504E-34   0.327094E-35   0.654190E-35   0.130831E-34   0.143950E-33   0.523351E-34   0.104671E-33   0.209330E-33   0.994622E-33   0.837363E-33   0.167471E-32   0.840548E-34   0.168182E-33   0.335714E-33   0.162006E-14   0.281572E-14   0.428177E-14   0.261806E-15   0.423827E-17   0.580692E-20   0.223841E-24   0.322413E-29   0.741765E-27   0.209595E-26   0.327980E-26
   0.266667E+01   0.213194E-32   0.370766E-32   0.858464E-37   0.171975E-36   0.344114E-36   0.290636E-31   0.138106E-35   0.276476E-35   0.552388E-35   0.201674E-30   0.221542E-34   0.443325E-34   0.886650E-34   0.177342E-33   0.354130E-33   0.329455E-12   0.572327E-12   0.869987E-12   0.531447E-13   0.859727E-15   0.117616E-17   0.452984E-22   0.641325E-27   0.151176E-24   0.426189E-24   0.666902E-24
   0.266667E+01   0.158435E-30   0.277482E-30   0.357844E-36   0.744182E-36   0.153524E-35   0.221109E-29   0.636657E-35   0.129402E-34   0.262017E-34   0.154435E-28   0.106793E-33   0.214964E-33   0.429874E-33   0.863262E-33   0.173148E-32   0.174895E-10   0.296272E-10   0.440187E-10   0.267598E-11   0.430990E-13   0.593017E-16   0.232233E-20   0.459207E-25   0.838740E-23   0.216762E-22   0.338744E-22
   0.266667E+01   0.236806E-29   0.387499E-29   0.189453E-34   0.400315E-34   0.836424E-34   0.259213E-28   0.351740E-33   0.719128E-33   0.146360E-32   0.166646E-27   0.600221E-32   0.121101E-31   0.242275E-31   0.487239E-31   0.978762E-31   0.534957E-10   0.896800E-10   0.130675E-09   0.809143E-11   0.129793E-12   0.178456E-15   0.698568E-20   0.166651E-24   0.275740E-22   0.641684E-22   0.100181E-21
   0.266667E+01   0.183402E-29   0.297312E-29   0.102917E-32   0.218928E-32   0.459896E-32   0.194908E-28   0.194848E-31   0.399456E-31   0.814769E-31   0.124394E-27   0.335180E-30   0.677005E-30   0.135541E-29   0.272777E-29   0.548256E-29   0.340690E-10   0.565370E-10   0.813815E-10   0.505599E-11   0.809146E-13   0.111431E-15   0.438587E-20   0.110674E-24   0.182748E-22   0.400543E-22   0.624934E-22
   0.266667E+01   0.185983E-29   0.304903E-29   0.281623E-30   0.605841E-30   0.128443E-29   0.218273E-28   0.549564E-29   0.112087E-28   0.224300E-28   0.165837E-27   0.834845E-28   0.154797E-27   0.278946E-27   0.493362E-27   0.855498E-27   0.331508E-10   0.549669E-10   0.790562E-10   0.491175E-11   0.785954E-13   0.108254E-15   0.426294E-20   0.108146E-24   0.178342E-22   0.389179E-22   0.607177E-22
   0.266667E+01   0.805839E-38   0.186288E-38   0.821142E-37   0.164299E-36   0.328433E-36   0.189096E-37   0.131345E-35   0.262803E-35   0.525380E-35   0.199690E-36   0.210182E-34   0.420515E-34   0.840789E-34   0.168134E-33   0.336291E-33   0.117806E-18   0.204759E-18   0.311392E-18   0.190380E-19   0.308147E-21   0.422321E-24   0.162835E-28   0.862434E-31   0.542958E-31   0.153086E-30   0.239619E-30
   0.266667E+01   0.293900E-34   0.510795E-34   0.111925E-36   0.230620E-36   0.473019E-36   0.399700E-33   0.195678E-35   0.395719E-35   0.794672E-35   0.277107E-32   0.311986E-34   0.610219E-34   0.118439E-33   0.229234E-33   0.442627E-33   0.445932E-14   0.775266E-14   0.117915E-13   0.721067E-15   0.116742E-16   0.159967E-19   0.616737E-24   0.875489E-29   0.204399E-26   0.577567E-26   0.903815E-26
   0.266667E+01   0.298989E-32   0.523310E-32   0.314834E-35   0.702491E-35   0.153348E-34   0.416259E-31   0.684410E-34   0.141700E-33   0.287062E-33   0.290472E-30   0.108917E-32   0.203591E-32   0.369716E-32   0.658925E-32   0.115184E-31   0.461916E-12   0.801932E-12   0.121838E-11   0.743423E-13   0.120173E-14   0.164236E-17   0.633619E-22   0.912161E-27   0.212415E-24   0.597288E-24   0.934615E-24
   0.266667E+01   0.200791E-30   0.353412E-30   0.209072E-33   0.469881E-33   0.103140E-32   0.283754E-29   0.463697E-32   0.962375E-32   0.195283E-31   0.198189E-28   0.741694E-31   0.138549E-30   0.251211E-30   0.446666E-30   0.778161E-30   0.146986E-10   0.249043E-10   0.368587E-10   0.226100E-11   0.363934E-13   0.500092E-16   0.195022E-20   0.418712E-25   0.719662E-23   0.181289E-22   0.283265E-22
   0.266667E+01   0.248395E-29   0.404402E-29   0.341643E-31   0.771334E-31   0.169922E-30   0.269422E-28   0.767874E-30   0.159655E-29   0.324431E-29   0.176136E-27   0.123469E-28   0.230800E-28   0.418699E-28   0.744767E-28   0.129788E-27   0.536357E-10   0.900233E-10   0.131329E-09   0.813225E-11   0.130471E-12   0.179341E-15   0.701516E-20   0.166430E-24   0.275728E-22   0.644449E-22   0.100619E-21
   0.266667E+01   0.226401E-29   0.395008E-29   0.197802E-29   0.400941E-29   0.761417E-29   0.338645E-28   0.239417E-28   0.407280E-28   0.679418E-28   0.240471E-27   0.181865E-27   0.293880E-27   0.472321E-27   0.756652E-27   0.120896E-26   0.356554E-10   0.591957E-10   0.852395E-10   0.529598E-11   0.847590E-13   0.116714E-15   0.459262E-20   0.115565E-24   0.190963E-22   0.419448E-22   0.654446E-22
   0.266667E+01   0.375800E-29   0.610091E-29   0.505296E-29   0.802268E-29   0.127354E-28   0.400927E-28   0.320826E-28   0.509172E-28   0.808050E-28   0.255917E-27   0.203481E-27   0.322870E-27   0.512271E-27   0.812704E-27   0.128919E-26   0.351082E-10   0.582568E-10   0.838439E-10   0.520946E-11   0.833670E-13   0.114809E-15   0.451902E-20   0.114083E-24   0.188371E-22   0.412634E-22   0.643797E-22
   0.266667E+01   0.941837E-39   0.172260E-38   0.821671E-37   0.164287E-36   0.328551E-36   0.175589E-37   0.131383E-35   0.262765E-35   0.525643E-35   0.194435E-36   0.210152E-34   0.420394E-34   0.840729E-34   0.168098E-33   0.336219E-33   0.104042E-18   0.180859E-18   0.275086E-18   0.168225E-19   0.272379E-21   0.373118E-24   0.143920E-28   0.862008E-31   0.478267E-31   0.134890E-30   0.212187E-30
   0.266667E+01   0.127436E-36   0.222973E-36   0.854408E-37   0.170212E-36   0.338989E-36   0.177457E-35   0.134561E-35   0.268126E-35   0.534671E-35   0.124431E-34   0.212740E-34   0.424427E-34   0.847469E-34   0.169253E-33   0.338193E-33   0.194924E-16   0.338973E-16   0.515655E-16   0.315346E-17   0.510571E-19   0.699588E-22   0.269713E-26   0.124026E-30   0.894484E-29   0.252742E-28   0.395519E-28
   0.266667E+01   0.143989E-34   0.253627E-34   0.461958E-36   0.850929E-36   0.154768E-35   0.204706E-33   0.497338E-35   0.887188E-35   0.158284E-34   0.143653E-32   0.507753E-34   0.915328E-34   0.165847E-33   0.302648E-33   0.556329E-33   0.215889E-14   0.373312E-14   0.565387E-14   0.343441E-15   0.553988E-17   0.757363E-20   0.294270E-24   0.453794E-29   0.998708E-27   0.277506E-26   0.434145E-26
   0.266667E+01   0.429145E-30   0.738669E-30   0.133015E-31   0.241566E-31   0.430393E-31   0.554508E-29   0.129845E-30   0.221963E-30   0.376370E-30   0.373883E-28   0.106134E-29   0.176647E-29   0.292024E-29   0.480549E-29   0.786551E-29   0.181927E-10   0.308940E-10   0.457209E-10   0.281656E-11   0.453175E-13   0.621987E-16   0.241922E-20   0.529156E-25   0.893575E-23   0.224302E-22   0.350475E-22
   0.266667E+01   0.140137E-29   0.235088E-29   0.108194E-29   0.190808E-29   0.329382E-29   0.171979E-28   0.934615E-29   0.155117E-28   0.255659E-28   0.116204E-27   0.683800E-28   0.111120E-27   0.179830E-27   0.290205E-27   0.466941E-27   0.269683E-10   0.457830E-10   0.676998E-10   0.417709E-11   0.671875E-13   0.921888E-16   0.358430E-20   0.799783E-25   0.133108E-22   0.331145E-22   0.517377E-22
   0.266667E+01   0.325687E-30   0.529242E-30   0.436056E-30   0.693374E-30   0.110197E-29   0.348733E-29   0.278053E-29   0.441547E-29   0.701073E-29   0.222845E-28   0.176680E-28   0.280432E-28   0.445059E-28   0.706249E-28   0.112057E-27   0.305681E-11   0.507147E-11   0.729896E-11   0.453415E-12   0.725626E-14   0.999352E-17   0.393404E-21   0.995629E-26   0.164472E-23   0.359207E-23   0.560434E-23
   0.266667E+01   0.376475E-29   0.610745E-29   0.506038E-29   0.803088E-29   0.127449E-28   0.401009E-28   0.320974E-28   0.509360E-28   0.808293E-28   0.255924E-27   0.203521E-27   0.322923E-27   0.512340E-27   0.812794E-27   0.128931E-26   0.354049E-10   0.587939E-10   0.846917E-10   0.526101E-11   0.842072E-13   0.115952E-15   0.456203E-20   0.114668E-24   0.189925E-22   0.416701E-22   0.650166E-22
   0.266667E+01   0.470062E-33   0.821729E-33   0.230284E-34   0.401661E-34   0.691519E-34   0.651517E-32   0.198041E-33   0.331507E-33   0.551930E-33   0.453894E-31   0.151112E-32   0.248703E-32   0.407724E-32   0.666877E-32   0.108795E-31   0.710697E-13   0.123590E-12   0.188009E-12   0.114982E-13   0.186174E-15   0.255133E-18   0.983806E-23   0.138946E-27   0.326090E-25   0.921441E-25   0.144197E-24
   0.266667E+01   0.269388E-32   0.474252E-32   0.133248E-33   0.233351E-33   0.402956E-33   0.382232E-31   0.115804E-32   0.193983E-32   0.322989E-32   0.268036E-30   0.882826E-32   0.145034E-31   0.237154E-31   0.386560E-31   0.627804E-31   0.420665E-12   0.731586E-12   0.111295E-11   0.680520E-13   0.110171E-14   0.150915E-17   0.581216E-22   0.823212E-27   0.193294E-24   0.545845E-24   0.854206E-24
   0.266667E+01   0.688977E-31   0.122150E-30   0.344896E-32   0.606658E-32   0.105121E-31   0.100076E-29   0.303541E-31   0.509258E-31   0.848909E-31   0.706374E-29   0.232330E-30   0.381760E-30   0.624199E-30   0.101710E-29   0.165083E-29   0.983529E-11   0.170031E-10   0.257452E-10   0.156706E-11   0.253170E-13   0.346795E-16   0.134152E-20   0.217126E-25   0.455388E-23   0.126428E-22   0.197793E-22
   0.266667E+01   0.726415E-27   0.121161E-26   0.756309E-28   0.133629E-27   0.232377E-27   0.847634E-26   0.674403E-27   0.113347E-26   0.189210E-26   0.556320E-25   0.518861E-26   0.853170E-26   0.139573E-25   0.227522E-25   0.369400E-25   0.286678E-07   0.499511E-07   0.763135E-07   0.464952E-08   0.752965E-10   0.102990E-12   0.395561E-17   0.774937E-22   0.127561E-19   0.371530E-19   0.581462E-19
   0.266667E+01   0.162310E-27   0.263982E-27   0.214044E-27   0.341315E-27   0.543525E-27   0.173915E-26   0.137484E-26   0.218499E-26   0.347139E-26   0.111048E-25   0.875598E-26   0.139020E-25   0.220682E-25   0.350255E-25   0.555799E-25   0.201157E-08   0.341829E-08   0.505936E-08   0.311997E-09   0.501965E-11   0.688710E-14   0.267683E-18   0.595826E-23   0.989112E-21   0.247332E-20   0.386439E-20
   0.266667E+01   0.824031E-29   0.133332E-28   0.109465E-28   0.173653E-28   0.275493E-28   0.869672E-28   0.693462E-28   0.110026E-27   0.174571E-27   0.553447E-27   0.439456E-27   0.697216E-27   0.110611E-26   0.175467E-26   0.278324E-26   0.782450E-10   0.130341E-09   0.188503E-09   0.116912E-10   0.187286E-12   0.257784E-15   0.101270E-19   0.251383E-24   0.414635E-22   0.926355E-22   0.144563E-21
   0.266667E+01   0.386844E-27   0.625708E-27   0.513348E-27   0.814172E-27   0.129141E-26   0.407787E-26   0.324985E-26   0.515581E-26   0.817977E-26   0.259424E-25   0.205891E-25   0.326643E-25   0.518190E-25   0.822009E-25   0.130384E-24   0.469945E-08   0.799159E-08   0.118346E-07   0.729734E-09   0.117419E-10   0.161087E-13   0.625903E-18   0.138793E-22   0.230626E-20   0.578410E-20   0.903748E-20
   0.266667E+01   0.000000E+00   0.000000E+00   0.000000E+00   0.000000E+00   0.000000E+00   0.000000E+00   0.000000E+00   0.000000E+00   0.000000E+00   0.000000E+00   0.000000E+00   0.000000E+00   0.000000E+00   0.000000E+00   0.000000E+00   0.000000E+00   0.000000E+00   0.000000E+00   0.000000E+00   0.000000E+00   0.000000E+00   0.000000E+00   0.000000E+00   0.000000E+00   0.000000E+00   0.000000E+00
   0.266667E+01   0.226955E-26   0.459853E-26   0.930934E-26   0.185900E-25   0.371337E-25   0.744835E-25   0.148266E-24   0.296339E-24   0.592369E-24   0.118812E-23   0.236769E-23   0.473411E-23   0.946619E-23   0.189291E-22   0.378531E-22   0.769102E-08   0.141557E-07   0.237087E-07   0.137176E-08   0.227128E-10   0.309690E-13   0.116306E-17   0.955430E-20   0.230837E-19   0.428726E-19   0.839526E-19
   0.283333E+01   0.203677E-25   0.417126E-25   0.875000E-25   0.175000E-24   0.350000E-24   0.693242E-24   0.140000E-23   0.280000E-23   0.560000E-23   0.111759E-22   0.224000E-22   0.448000E-22   0.896000E-22   0.179200E-21   0.358400E-21   0.415561E-07   0.687589E-09   0.224839E-06   0.119102E-07   0.288344E-09   0.754161E-12   0.125122E-16   0.849178E-19   0.205076E-18   0.367798E-18   0.735318E-18
   0.283333E+01   0.140698E-37   0.263153E-37   0.327075E-35   0.654159E-35   0.130831E-34   0.328662E-36   0.523327E-34   0.104665E-33   0.209327E-33   0.450417E-35   0.837321E-33   0.167464E-32   0.334927E-32   0.669850E-32   0.133970E-31   0.966140E-18   0.137486E-19   0.415320E-17   0.224498E-18   0.525648E-20   0.139347E-22   0.239754E-27   0.100577E-30   0.479506E-30   0.123572E-29   0.193189E-29
   0.283333E+01   0.802029E-36   0.135302E-35   0.327098E-35   0.654193E-35   0.130832E-34   0.996201E-35   0.523355E-34   0.104670E-33   0.209330E-33   0.693311E-34   0.837357E-33   0.167473E-32   0.334940E-32   0.669880E-32   0.133971E-31   0.112223E-15   0.159733E-17   0.482412E-15   0.260744E-16   0.610563E-18   0.161850E-20   0.278466E-25   0.165287E-29   0.556570E-28   0.143483E-27   0.224287E-27
   0.283333E+01   0.339595E-37   0.601144E-37   0.327095E-35   0.654186E-35   0.130831E-34   0.579372E-36   0.523349E-34   0.104671E-33   0.209330E-33   0.620674E-35   0.837354E-33   0.167472E-32   0.334942E-32   0.669886E-32   0.133970E-31   0.389876E-17   0.555057E-19   0.167667E-16   0.906409E-18   0.212271E-19   0.562758E-22   0.968392E-27   0.141564E-30   0.193611E-29   0.499129E-29   0.780244E-29
   0.283333E+01   0.266946E-35   0.456081E-35   0.327095E-35   0.654182E-35   0.130831E-34   0.343548E-34   0.523348E-34   0.104671E-33   0.209329E-33   0.236500E-33   0.837357E-33   0.167470E-32   0.334945E-32   0.669878E-32   0.133971E-31   0.401536E-15   0.571861E-17   0.172751E-14   0.934097E-16   0.218777E-17   0.580070E-20   0.998345E-25   0.570154E-29   0.199592E-27   0.514585E-27   0.804419E-27
   0.283333E+01   0.248672E-33   0.427636E-33   0.327115E-35   0.654229E-35   0.130837E-34   0.326183E-32   0.131853E-35   0.263706E-35   0.526433E-35   0.223828E-31   0.210934E-34   0.421899E-34   0.843858E-34   0.168772E-33   0.336917E-33   0.387633E-13   0.552217E-15   0.166836E-12   0.902262E-14   0.211335E-15   0.560348E-18   0.964563E-23   0.542674E-27   0.192899E-25   0.497337E-25   0.777476E-25
   0.283333E+01   0.241842E-31   0.409889E-31   0.107987E-36   0.216879E-36   0.434698E-36   0.302229E-30   0.174528E-35   0.349696E-35   0.699203E-35   0.204626E-29   0.280614E-34   0.561800E-34   0.112408E-33   0.224828E-33   0.449319E-33   0.336027E-11   0.477920E-13   0.143517E-10   0.769636E-12   0.179503E-13   0.474121E-16   0.825335E-21   0.486737E-25   0.167682E-23   0.426427E-23   0.666385E-23
   0.283333E+01   0.100565E-36   0.174095E-36   0.327094E-35   0.654186E-35   0.130830E-34   0.143916E-35   0.523347E-34   0.104669E-33   0.209330E-33   0.120787E-34   0.837363E-33   0.167472E-32   0.334945E-32   0.669886E-32   0.133971E-31   0.140449E-16   0.200017E-18   0.604231E-16   0.326715E-17   0.765204E-19   0.202885E-21   0.349178E-26   0.283491E-30   0.698123E-29   0.179984E-28   0.281361E-28
   0.283333E+01   0.883437E-35   0.151877E-34   0.327094E-35   0.654193E-35   0.130831E-34   0.115852E-33   0.523355E-34   0.104670E-33   0.209330E-33   0.796964E-33   0.837355E-33   0.167472E-32   0.334939E-32   0.669883E-32   0.133971E-31   0.137301E-14   0.195595E-16   0.590932E-14   0.319588E-15   0.748592E-17   0.198503E-19   0.341692E-24   0.193044E-28   0.683204E-27   0.176149E-26   0.275369E-26
   0.283333E+01   0.796612E-33   0.137896E-32   0.829370E-37   0.165933E-36   0.331372E-36   0.106803E-31   0.132784E-35   0.265624E-35   0.530233E-35   0.737437E-31   0.212559E-34   0.425149E-34   0.850479E-34   0.170084E-33   0.339517E-33   0.127993E-12   0.182361E-14   0.550927E-12   0.297888E-13   0.697634E-15   0.184917E-17   0.318215E-22   0.179132E-26   0.637749E-25   0.164332E-24   0.256900E-24
   0.283333E+01   0.642747E-31   0.112048E-30   0.148077E-36   0.300880E-36   0.609000E-36   0.882184E-30   0.247221E-35   0.497695E-35   0.999678E-35   0.613107E-29   0.403272E-34   0.808891E-34   0.162079E-33   0.324736E-33   0.649640E-33   0.927884E-11   0.131457E-12   0.392280E-10   0.208832E-11   0.486533E-13   0.128966E-15   0.225872E-20   0.137059E-24   0.468958E-23   0.116661E-22   0.182242E-22
   0.283333E+01   0.208574E-29   0.346486E-29   0.422524E-35   0.878888E-35   0.181341E-34   0.239651E-28   0.750054E-34   0.152373E-33   0.308538E-33   0.156172E-27   0.125621E-32   0.252808E-32   0.508113E-32   0.102021E-31   0.204671E-31   0.595874E-10   0.822136E-12   0.239247E-09   0.128107E-10   0.297661E-12   0.793724E-15   0.139114E-19   0.852928E-24   0.331057E-22   0.703274E-22   0.109659E-21
   0.283333E+01   0.198556E-29   0.322100E-29   0.243276E-33   0.497591E-33   0.101308E-32   0.211320E-28   0.410884E-32   0.829146E-32   0.167009E-31   0.134799E-27   0.674833E-31   0.135447E-30   0.271660E-30   0.544539E-30   0.109101E-29   0.407073E-10   0.555884E-12   0.160464E-09   0.857381E-11   0.198820E-12   0.531113E-15   0.935689E-20   0.579675E-24   0.234503E-22   0.469962E-22   0.732289E-22
   0.283333E+01   0.138976E-36   0.241144E-36   0.327095E-35   0.654192E-35   0.130830E-34   0.196727E-35   0.523349E-34   0.104670E-33   0.209330E-33   0.157466E-34   0.837351E-33   0.167473E-32   0.334941E-32   0.669882E-32   0.133972E-31   0.201834E-16   0.287517E-18   0.868653E-16   0.469779E-17   0.110038E-18   0.291784E-21   0.502256E-26   0.369640E-30   0.100428E-28   0.258928E-28   0.404777E-28
   0.283333E+01   0.125089E-34   0.216449E-34   0.327097E-35   0.654195E-35   0.130831E-34   0.167551E-33   0.523352E-34   0.104670E-33   0.209330E-33   0.115833E-32   0.837366E-33   0.167471E-32   0.840608E-34   0.168146E-33   0.335690E-33   0.197967E-14   0.282093E-16   0.852363E-14   0.461062E-15   0.108008E-16   0.286432E-19   0.493125E-24   0.278294E-28   0.986123E-27   0.254257E-26   0.397483E-26
   0.283333E+01   0.253408E-32   0.441540E-32   0.865340E-37   0.173432E-36   0.346888E-36   0.347171E-31   0.139367E-35   0.279053E-35   0.557391E-35   0.241115E-30   0.223649E-34   0.447538E-34   0.894775E-34   0.179015E-33   0.357453E-33   0.412969E-12   0.588470E-14   0.177704E-11   0.960207E-13   0.224773E-14   0.595288E-17   0.102429E-21   0.580795E-26   0.206104E-24   0.530327E-24   0.829052E-24
   0.283333E+01   0.185906E-30   0.326212E-30   0.403283E-36   0.840279E-36   0.173588E-35   0.260731E-29   0.721076E-35   0.146653E-34   0.297169E-34   0.182268E-28   0.121198E-33   0.244033E-33   0.488163E-33   0.980563E-33   0.196698E-32   0.215709E-10   0.302097E-12   0.892762E-10   0.473800E-11   0.110390E-12   0.293873E-15   0.515886E-20   0.316359E-24   0.111478E-22   0.264882E-22   0.413489E-22
   0.283333E+01   0.259353E-29   0.424487E-29   0.217730E-34   0.460376E-34   0.962438E-34   0.283888E-28   0.405061E-33   0.828363E-33   0.168629E-32   0.182437E-27   0.691756E-32   0.139584E-31   0.279379E-31   0.561897E-31   0.112879E-30   0.644800E-10   0.890667E-12   0.259327E-09   0.139039E-10   0.323084E-12   0.861220E-15   0.150770E-19   0.922331E-24   0.358043E-22   0.761898E-22   0.118805E-21
   0.283333E+01   0.203712E-29   0.330447E-29   0.121409E-32   0.258473E-32   0.543315E-32   0.216807E-28   0.230417E-31   0.472531E-31   0.964074E-31   0.138384E-27   0.396748E-30   0.801468E-30   0.160538E-29   0.323110E-29   0.649464E-29   0.420740E-10   0.574983E-12   0.166064E-09   0.887638E-11   0.205859E-12   0.549831E-15   0.968180E-20   0.599184E-24   0.241904E-22   0.486425E-22   0.757975E-22
   0.283333E+01   0.208114E-29   0.341965E-29   0.359320E-30   0.774415E-30   0.164394E-29   0.247988E-28   0.702123E-29   0.142382E-28   0.282203E-28   0.190646E-27   0.102308E-27   0.187087E-27   0.332961E-27   0.582074E-27   0.999205E-27   0.410510E-10   0.560473E-12   0.161779E-09   0.864336E-11   0.200428E-12   0.535426E-15   0.943390E-20   0.584582E-24   0.236627E-22   0.473787E-22   0.738244E-22
   0.283333E+01   0.118342E-38   0.212943E-38   0.821259E-37   0.164287E-36   0.328574E-36   0.208149E-37   0.131383E-35   0.262709E-35   0.525493E-35   0.213948E-36   0.210197E-34   0.420274E-34   0.840488E-34   0.168074E-33   0.336123E-33   0.145792E-18   0.207449E-20   0.627886E-18   0.339641E-19   0.795668E-21   0.211033E-23   0.379058E-28   0.891392E-31   0.729844E-31   0.187734E-30   0.293019E-30
   0.283333E+01   0.336353E-34   0.585666E-34   0.122945E-36   0.255388E-36   0.527421E-36   0.459650E-33   0.219770E-35   0.444525E-35   0.889576E-35   0.318937E-32   0.344471E-34   0.667214E-34   0.128225E-33   0.245664E-33   0.469879E-33   0.537866E-14   0.766635E-16   0.231671E-13   0.125339E-14   0.293648E-16   0.778818E-19   0.134103E-23   0.755628E-28   0.268209E-26   0.691554E-26   0.108114E-25
   0.283333E+01   0.345905E-32   0.606551E-32   0.433592E-35   0.969991E-35   0.212130E-34   0.483906E-31   0.945707E-34   0.194732E-33   0.390818E-33   0.337961E-30   0.144464E-32   0.266295E-32   0.477490E-32   0.840848E-32   0.145433E-31   0.562995E-12   0.802692E-14   0.242075E-11   0.130631E-12   0.305545E-14   0.808251E-17   0.139340E-21   0.801421E-26   0.281497E-24   0.722677E-24   0.112972E-23
   0.283333E+01   0.227495E-30   0.400945E-30   0.284310E-33   0.640172E-33   0.140704E-32   0.322191E-29   0.631464E-32   0.130310E-31   0.261908E-31   0.224907E-28   0.968998E-31   0.178525E-30   0.319705E-30   0.561894E-30   0.969141E-30   0.174994E-10   0.244780E-12   0.720901E-10   0.385707E-11   0.898868E-13   0.239243E-15   0.417375E-20   0.253286E-24   0.922196E-23   0.213489E-22   0.333209E-22
   0.283333E+01   0.270017E-29   0.439948E-29   0.472903E-31   0.106967E-30   0.235953E-30   0.294013E-28   0.106438E-29   0.220042E-29   0.442891E-29   0.193119E-27   0.164189E-28   0.302706E-28   0.542381E-28   0.953643E-28   0.164531E-27   0.644039E-10   0.890723E-12   0.259556E-09   0.139263E-10   0.323656E-12   0.862503E-15   0.150864E-19   0.921322E-24   0.356856E-22   0.762476E-22   0.118904E-21
   0.283333E+01   0.261467E-29   0.460724E-29   0.261971E-29   0.512201E-29   0.942954E-29   0.389385E-28   0.283772E-28   0.475365E-28   0.783776E-28   0.270794E-27   0.206679E-27   0.332461E-27   0.532625E-27   0.851210E-27   0.135766E-26   0.439702E-10   0.601174E-12   0.173682E-09   0.928610E-11   0.215371E-12   0.575179E-15   0.101249E-19   0.626201E-24   0.252467E-22   0.508734E-22   0.792760E-22
   0.283333E+01   0.417764E-29   0.678541E-29   0.562563E-29   0.893063E-29   0.141755E-28   0.446213E-28   0.357076E-28   0.566689E-28   0.899315E-28   0.284844E-27   0.226458E-27   0.359325E-27   0.570107E-27   0.904454E-27   0.143472E-26   0.433666E-10   0.592574E-12   0.171137E-09   0.914743E-11   0.212137E-12   0.566608E-15   0.997779E-20   0.617575E-24   0.249395E-22   0.501219E-22   0.781025E-22
   0.283333E+01   0.104661E-38   0.190528E-38   0.821847E-37   0.164358E-36   0.328621E-36   0.189057E-37   0.131411E-35   0.262841E-35   0.525455E-35   0.201937E-36   0.210242E-34   0.420364E-34   0.840548E-34   0.168110E-33   0.336267E-33   0.125759E-18   0.178931E-20   0.541697E-18   0.293108E-19   0.686673E-21   0.182116E-23   0.327200E-28   0.888794E-31   0.628396E-31   0.162261E-30   0.254062E-30
   0.283333E+01   0.150515E-36   0.263809E-36   0.864400E-37   0.172022E-36   0.342186E-36   0.210501E-35   0.135464E-35   0.269630E-35   0.537229E-35   0.147571E-34   0.213492E-34   0.425691E-34   0.849335E-34   0.169554E-33   0.338530E-33   0.242524E-16   0.345759E-18   0.104497E-15   0.565414E-17   0.132471E-18   0.351328E-21   0.604988E-26   0.427913E-30   0.121070E-28   0.312154E-28   0.488018E-28
   0.283333E+01   0.170889E-34   0.301557E-34   0.580947E-36   0.106371E-35   0.191756E-35   0.244094E-33   0.604223E-35   0.106712E-34   0.188403E-34   0.171430E-32   0.590734E-34   0.105171E-33   0.188145E-33   0.338892E-33   0.614901E-33   0.269458E-14   0.383781E-16   0.115247E-13   0.618118E-15   0.144193E-16   0.380996E-19   0.662841E-24   0.413314E-28   0.135395E-26   0.343784E-26   0.537293E-26
   0.283333E+01   0.469219E-30   0.806914E-30   0.164321E-31   0.297628E-31   0.527709E-31   0.603523E-29   0.157821E-30   0.268943E-30   0.454893E-30   0.406119E-28   0.127694E-29   0.212015E-29   0.349651E-29   0.573923E-29   0.937114E-29   0.212785E-10   0.298234E-12   0.878105E-10   0.472203E-11   0.110024E-12   0.292573E-15   0.508551E-20   0.306539E-24   0.112794E-22   0.259493E-22   0.405020E-22
   0.283333E+01   0.152127E-29   0.256177E-29   0.129041E-29   0.225092E-29   0.384359E-29   0.187043E-28   0.107269E-28   0.176953E-28   0.290186E-28   0.125765E-27   0.769804E-28   0.124662E-27   0.201138E-27   0.323701E-27   0.519598E-27   0.314777E-10   0.440809E-12   0.129656E-09   0.698167E-11   0.162621E-12   0.432379E-15   0.751235E-20   0.452624E-24   0.168055E-22   0.381935E-22   0.596068E-22
   0.283333E+01   0.362975E-30   0.590138E-30   0.487119E-30   0.774307E-30   0.123026E-29   0.388996E-29   0.310314E-29   0.492719E-29   0.782248E-29   0.248547E-28   0.197108E-28   0.312838E-28   0.496463E-28   0.787784E-28   0.124989E-27   0.377949E-11   0.516321E-13   0.149107E-10   0.796794E-12   0.184786E-13   0.493583E-16   0.869355E-21   0.538394E-25   0.217840E-23   0.436678E-23   0.680445E-23
   0.283333E+01   0.417106E-29   0.677128E-29   0.561564E-29   0.891203E-29   0.141433E-28   0.445011E-28   0.356188E-28   0.565240E-28   0.896965E-28   0.284036E-27   0.225848E-27   0.358347E-27   0.568542E-27   0.901954E-27   0.143074E-26   0.436377E-10   0.596756E-12   0.172449E-09   0.922035E-11   0.213862E-12   0.571129E-15   0.100523E-19   0.621537E-24   0.250843E-22   0.505137E-22   0.787162E-22
   0.283333E+01   0.511398E-33   0.895605E-33   0.271052E-34   0.472197E-34   0.810703E-34   0.712120E-32   0.230905E-33   0.385705E-33   0.641019E-33   0.496505E-31   0.174889E-32   0.287264E-32   0.469955E-32   0.766902E-32   0.124816E-31   0.814063E-13   0.116059E-14   0.350760E-12   0.189802E-13   0.444712E-15   0.117958E-17   0.203139E-22   0.114210E-26   0.406339E-25   0.104773E-24   0.163801E-24
   0.283333E+01   0.307487E-32   0.542300E-32   0.164616E-33   0.287954E-33   0.495900E-33   0.438323E-31   0.141763E-32   0.236998E-32   0.393972E-32   0.307610E-30   0.107356E-31   0.176071E-31   0.287409E-31   0.467609E-31   0.758048E-31   0.505501E-12   0.720805E-14   0.217832E-11   0.117851E-12   0.276088E-14   0.732056E-17   0.125946E-21   0.710436E-26   0.252666E-24   0.651100E-24   0.101793E-23
   0.283333E+01   0.763621E-31   0.135627E-30   0.413779E-32   0.726998E-32   0.125635E-31   0.111434E-29   0.360882E-31   0.604286E-31   0.100573E-30   0.787162E-29   0.274445E-30   0.450240E-30   0.734980E-30   0.119556E-29   0.193725E-29   0.114502E-10   0.163384E-12   0.489462E-10   0.262950E-11   0.614484E-13   0.162832E-15   0.281794E-20   0.167521E-24   0.575803E-23   0.146100E-22   0.228340E-22
   0.283333E+01   0.742233E-27   0.123796E-26   0.873476E-28   0.154157E-27   0.267353E-27   0.865585E-26   0.771865E-27   0.129476E-26   0.215795E-26   0.567952E-25   0.590035E-26   0.968648E-26   0.158209E-25   0.257460E-25   0.417314E-25   0.317649E-07   0.453520E-09   0.137757E-06   0.744399E-08   0.174423E-09   0.461682E-12   0.791972E-17   0.465103E-21   0.153806E-19   0.409547E-19   0.640374E-19
   0.283333E+01   0.171627E-27   0.279180E-27   0.226983E-27   0.361693E-27   0.575660E-27   0.183856E-26   0.145507E-26   0.231194E-26   0.367239E-26   0.117352E-25   0.926033E-26   0.147011E-25   0.233346E-25   0.370323E-25   0.587603E-25   0.234589E-08   0.328076E-10   0.967686E-08   0.521013E-09   0.121382E-10   0.322705E-13   0.560539E-18   0.337557E-22   0.124839E-20   0.285002E-20   0.444801E-20
   0.283333E+01   0.914779E-29   0.148105E-28   0.121691E-28   0.193040E-28   0.306242E-28   0.966744E-28   0.770826E-28   0.122299E-27   0.194040E-27   0.615240E-27   0.488456E-27   0.774951E-27   0.122942E-26   0.195028E-26   0.309350E-26   0.959820E-10   0.131425E-11   0.381308E-09   0.203927E-10   0.473304E-12   0.126335E-14   0.222078E-19   0.136990E-23   0.546230E-22   0.111739E-21   0.174157E-21
   0.283333E+01   0.406393E-27   0.657714E-27   0.540037E-27   0.856461E-27   0.135844E-26   0.428944E-26   0.341831E-26   0.542295E-26   0.860344E-26   0.272887E-25   0.216550E-25   0.343549E-25   0.545006E-25   0.864542E-25   0.137129E-24   0.547038E-08   0.764492E-10   0.225940E-07   0.121678E-08   0.283512E-10   0.753651E-13   0.130854E-17   0.787288E-22   0.290544E-20   0.665453E-20   0.103860E-19
   0.283333E+01   0.000000E+00   0.000000E+00   0.000000E+00   0.000000E+00   0.000000E+00   0.000000E+00   0.000000E+00   0.000000E+00   0.000000E+00   0.000000E+00   0.000000E+00   0.000000E+00   0.000000E+00   0.000000E+00   0.000000E+00   0.000000E+00   0.000000E+00   0.000000E+00   0.000000E+00   0.000000E+00   0.000000E+00   0.000000E+00   0.000000E+00   0.000000E+00   0.000000E+00   0.000000E+00
   0.283333E+01   0.226937E-26   0.459979E-26   0.931415E-26   0.185978E-25   0.371463E-25   0.745153E-25   0.148298E-24   0.296391E-24   0.592452E-24   0.118839E-23   0.236791E-23   0.473445E-23   0.946674E-23   0.189300E-22   0.378544E-22   0.792661E-08   0.122888E-09   0.389239E-07   0.207741E-08   0.496325E-10   0.130463E-12   0.219543E-17   0.901557E-20   0.233987E-19   0.433319E-19   0.846650E-19
   0.300000E+01   0.203426E-25   0.416807E-25   0.875000E-25   0.175000E-24   0.350000E-24   0.693166E-24   0.140000E-23   0.280000E-23   0.560000E-23   0.111757E-22   0.224000E-22   0.448000E-22   0.896000E-22   0.179200E-21   0.358400E-21   0.398272E-07   0.596212E-09   0.222124E-06   0.162276E-07   0.505697E-09   0.157075E-11   0.219028E-15   0.637411E-19   0.205377E-18   0.366995E-18   0.738504E-18
   0.300000E+01   0.152672E-37   0.283670E-37   0.327075E-35   0.654159E-35   0.130831E-34   0.343991E-36   0.523327E-34   0.104665E-33   0.209327E-33   0.460772E-35   0.837321E-33   0.167464E-32   0.334927E-32   0.669850E-32   0.133970E-31   0.118425E-17   0.179361E-19   0.509625E-17   0.376217E-18   0.114127E-19   0.360463E-22   0.530776E-26   0.128946E-30   0.634817E-30   0.343594E-30   0.239375E-29
   0.300000E+01   0.944820E-36   0.159580E-35   0.327098E-35   0.654193E-35   0.130832E-34   0.117484E-34   0.523355E-34   0.104670E-33   0.209330E-33   0.814165E-34   0.837357E-33   0.167473E-32   0.334940E-32   0.669880E-32   0.133971E-31   0.137909E-15   0.208864E-17   0.593418E-15   0.438063E-16   0.132890E-17   0.419722E-20   0.618039E-24   0.466622E-29   0.738644E-28   0.348204E-30   0.278555E-27
   0.300000E+01   0.385485E-37   0.679721E-37   0.327095E-35   0.654186E-35   0.130831E-34   0.638627E-36   0.523349E-34   0.104671E-33   0.209330E-33   0.660754E-35   0.837354E-33   0.167472E-32   0.334942E-32   0.669886E-32   0.133970E-31   0.476086E-17   0.721157E-19   0.204942E-16   0.151317E-17   0.459081E-19   0.145018E-21   0.213565E-25   0.247810E-30   0.255313E-29   0.343865E-30   0.962827E-29
   0.300000E+01   0.313331E-35   0.536081E-35   0.327095E-35   0.654182E-35   0.130831E-34   0.404389E-34   0.523348E-34   0.104671E-33   0.209329E-33   0.278208E-33   0.837357E-33   0.167470E-32   0.334945E-32   0.669878E-32   0.133971E-31   0.491185E-15   0.744158E-17   0.211524E-14   0.156207E-15   0.473971E-17   0.149744E-19   0.220552E-23   0.164239E-28   0.263661E-27   0.359839E-30   0.994431E-27
   0.300000E+01   0.292480E-33   0.503714E-33   0.327116E-35   0.654229E-35   0.130839E-34   0.384988E-32   0.131919E-35   0.263894E-35   0.526509E-35   0.264404E-31   0.211025E-34   0.422110E-34   0.844520E-34   0.168844E-33   0.337014E-33   0.474966E-13   0.719721E-15   0.204618E-12   0.151129E-13   0.458593E-15   0.144884E-17   0.213433E-21   0.156713E-26   0.255238E-25   0.191503E-29   0.962689E-25
   0.300000E+01   0.284138E-31   0.482289E-31   0.110978E-36   0.223050E-36   0.446946E-36   0.356336E-30   0.179512E-35   0.359664E-35   0.719628E-35   0.241462E-29   0.288784E-34   0.578110E-34   0.115670E-33   0.231437E-33   0.462464E-33   0.411009E-11   0.617543E-13   0.175775E-10   0.128808E-11   0.388999E-13   0.122257E-15   0.182461E-19   0.137258E-24   0.221193E-23   0.142549E-27   0.823524E-23
   0.300000E+01   0.116122E-36   0.200918E-36   0.327094E-35   0.654186E-35   0.130831E-34   0.164322E-35   0.523354E-34   0.104669E-33   0.209331E-33   0.134756E-34   0.837357E-33   0.167473E-32   0.334945E-32   0.669884E-32   0.133971E-31   0.170701E-16   0.258613E-18   0.735091E-16   0.542842E-17   0.164711E-18   0.520373E-21   0.766433E-25   0.657278E-30   0.916269E-29   0.344383E-30   0.345576E-28
   0.300000E+01   0.103299E-34   0.177846E-34   0.327094E-35   0.654191E-35   0.130830E-34   0.135912E-33   0.523351E-34   0.104671E-33   0.209329E-33   0.935357E-33   0.837360E-33   0.167469E-32   0.334943E-32   0.669882E-32   0.133971E-31   0.167268E-14   0.253456E-16   0.720594E-14   0.532238E-15   0.161512E-16   0.510339E-19   0.751749E-23   0.557686E-28   0.898798E-27   0.398887E-30   0.339012E-26
   0.300000E+01   0.933372E-33   0.161807E-32   0.830604E-37   0.166180E-36   0.331701E-36   0.125577E-31   0.133010E-35   0.265944E-35   0.530910E-35   0.867784E-31   0.212815E-34   0.425631E-34   0.851321E-34   0.170276E-33   0.339927E-33   0.156218E-12   0.236830E-14   0.673061E-12   0.497031E-13   0.150799E-14   0.476210E-17   0.701461E-21   0.516247E-26   0.840506E-25   0.552028E-29   0.316851E-24
   0.300000E+01   0.748291E-31   0.130639E-30   0.155059E-36   0.315397E-36   0.638669E-36   0.103063E-29   0.259455E-35   0.522409E-35   0.104989E-34   0.716873E-29   0.423780E-34   0.849907E-34   0.170355E-33   0.341299E-33   0.682983E-33   0.112382E-10   0.167865E-12   0.476208E-10   0.346188E-11   0.104365E-12   0.328923E-15   0.495139E-19   0.373537E-24   0.611283E-23   0.429186E-27   0.222939E-22
   0.300000E+01   0.229139E-29   0.380497E-29   0.456501E-35   0.949625E-35   0.195943E-34   0.262726E-28   0.810488E-34   0.164654E-33   0.333413E-33   0.171057E-27   0.135751E-32   0.273197E-32   0.549098E-32   0.110250E-31   0.221181E-31   0.701822E-10   0.104703E-11   0.281120E-09   0.204688E-10   0.616836E-12   0.195972E-14   0.296347E-18   0.222811E-23   0.415954E-22   0.275342E-25   0.129699E-21
   0.300000E+01   0.218457E-29   0.354514E-29   0.268121E-33   0.548437E-33   0.111664E-32   0.232674E-28   0.452916E-32   0.913985E-32   0.184101E-31   0.148417E-27   0.743915E-31   0.149314E-30   0.299475E-30   0.600297E-30   0.120273E-29   0.488638E-10   0.728676E-12   0.192033E-09   0.139369E-10   0.419313E-12   0.133458E-14   0.203274E-18   0.153218E-23   0.299074E-22   0.142930E-24   0.881560E-22
   0.300000E+01   0.156645E-36   0.271888E-36   0.327095E-35   0.654193E-35   0.130831E-34   0.220502E-35   0.523350E-34   0.104670E-33   0.209330E-33   0.173942E-34   0.837361E-33   0.167471E-32   0.334944E-32   0.669880E-32   0.133971E-31   0.238346E-16   0.361155E-18   0.102677E-15   0.758375E-17   0.230132E-18   0.727158E-21   0.107112E-24   0.883035E-30   0.128068E-28   0.344457E-30   0.483046E-28
   0.300000E+01   0.142619E-34   0.247138E-34   0.327097E-35   0.654189E-35   0.130830E-34   0.191665E-33   0.523355E-34   0.104670E-33   0.209330E-33   0.132580E-32   0.837364E-33   0.167471E-32   0.840608E-34   0.168158E-33   0.335690E-33   0.235019E-14   0.356175E-16   0.101285E-13   0.748229E-15   0.227078E-16   0.717614E-19   0.105719E-22   0.784028E-28   0.126416E-26   0.430515E-30   0.476847E-26
   0.300000E+01   0.295965E-32   0.516437E-32   0.872511E-37   0.174937E-36   0.350039E-36   0.406860E-31   0.140636E-35   0.281724E-35   0.563109E-35   0.282799E-30   0.225936E-34   0.451992E-34   0.903983E-34   0.180869E-33   0.361040E-33   0.502110E-12   0.758829E-14   0.216269E-11   0.159613E-12   0.484040E-14   0.152687E-16   0.224942E-20   0.166702E-25   0.270528E-24   0.189698E-28   0.101856E-23
   0.300000E+01   0.214193E-30   0.376390E-30   0.451225E-36   0.941583E-36   0.194770E-35   0.301427E-29   0.810311E-35   0.164895E-34   0.334288E-34   0.210887E-28   0.136424E-33   0.274752E-33   0.549841E-33   0.110448E-32   0.221617E-32   0.258204E-10   0.383178E-12   0.107135E-09   0.774671E-11   0.233654E-12   0.740050E-15   0.111917E-18   0.843672E-24   0.142965E-22   0.139129E-26   0.499449E-22
   0.300000E+01   0.280789E-29   0.459581E-29   0.246581E-34   0.521692E-34   0.109114E-33   0.307209E-28   0.459556E-33   0.940032E-33   0.191398E-32   0.197353E-27   0.785369E-32   0.158488E-31   0.317343E-31   0.638289E-31   0.128232E-30   0.755896E-10   0.112118E-11   0.303198E-09   0.221094E-10   0.666364E-12   0.211650E-14   0.319562E-18   0.240099E-23   0.448161E-22   0.854655E-25   0.139845E-21
   0.300000E+01   0.223549E-29   0.362758E-29   0.140800E-32   0.299969E-32   0.630904E-32   0.238101E-28   0.267800E-31   0.549355E-31   0.112107E-30   0.151981E-27   0.461512E-30   0.932406E-30   0.186847E-29   0.376088E-29   0.755995E-29   0.504016E-10   0.747207E-12   0.198326E-09   0.144006E-10   0.433315E-12   0.137895E-14   0.209879E-18   0.158150E-23   0.307949E-22   0.151019E-24   0.910677E-22
   0.300000E+01   0.230132E-29   0.378926E-29   0.447517E-30   0.966014E-30   0.205249E-29   0.278267E-28   0.873093E-29   0.175788E-28   0.344818E-28   0.215817E-27   0.121900E-27   0.220180E-27   0.387658E-27   0.671052E-27   0.114232E-26   0.493082E-10   0.730957E-12   0.193706E-09   0.140566E-10   0.422903E-12   0.134604E-14   0.205056E-18   0.154574E-23   0.301933E-22   0.151504E-24   0.889162E-22
   0.300000E+01   0.132134E-38   0.237418E-38   0.821200E-37   0.164275E-36   0.328433E-36   0.226751E-37   0.131373E-35   0.262747E-35   0.525568E-35   0.223705E-36   0.210227E-34   0.420184E-34   0.840789E-34   0.168134E-33   0.336340E-33   0.175394E-18   0.265762E-20   0.755778E-18   0.558248E-19   0.169452E-20   0.535374E-23   0.788846E-27   0.954678E-31   0.947606E-31   0.343668E-30   0.355914E-30
   0.300000E+01   0.378893E-34   0.660670E-34   0.136463E-36   0.285739E-36   0.593742E-36   0.519504E-33   0.248819E-35   0.502322E-35   0.100088E-34   0.360747E-32   0.380973E-34   0.730740E-34   0.139004E-33   0.263636E-33   0.499490E-33   0.630330E-14   0.955385E-16   0.271750E-13   0.200787E-14   0.609426E-16   0.192616E-18   0.283798E-22   0.210355E-27   0.339405E-26   0.631278E-30   0.128031E-25
   0.300000E+01   0.393834E-32   0.691570E-32   0.580111E-35   0.130046E-34   0.284761E-34   0.552783E-31   0.126503E-33   0.258677E-33   0.513871E-33   0.386364E-30   0.185244E-32   0.337256E-32   0.598131E-32   0.104268E-31   0.178764E-31   0.666823E-12   0.996314E-14   0.286968E-11   0.211544E-12   0.640980E-14   0.201946E-16   0.298058E-20   0.222701E-25   0.359785E-24   0.312697E-28   0.135183E-23
   0.300000E+01   0.253365E-30   0.446922E-30   0.374301E-33   0.844140E-33   0.185701E-32   0.359064E-29   0.830092E-32   0.170081E-31   0.338327E-31   0.250500E-28   0.122071E-30   0.222152E-30   0.393586E-30   0.684996E-30   0.117166E-29   0.202629E-10   0.300723E-12   0.835176E-10   0.608619E-11   0.183821E-12   0.582702E-15   0.874702E-19   0.656279E-24   0.114197E-22   0.206046E-26   0.388849E-22
   0.300000E+01   0.290454E-29   0.473520E-29   0.632127E-31   0.143209E-30   0.316179E-30   0.317429E-28   0.142060E-29   0.291597E-29   0.580873E-29   0.209471E-27   0.210006E-28   0.382445E-28   0.677940E-28   0.118036E-27   0.201954E-27   0.752384E-10   0.111604E-11   0.302415E-09   0.220722E-10   0.665350E-12   0.211274E-14   0.318612E-18   0.239269E-23   0.445346E-22   0.155822E-24   0.139498E-21
   0.300000E+01   0.298620E-29   0.529113E-29   0.329247E-29   0.623946E-29   0.112026E-28   0.438343E-28   0.325987E-28   0.539934E-28   0.882805E-28   0.299907E-27   0.230374E-27   0.369422E-27   0.590550E-27   0.942235E-27   0.150103E-26   0.526029E-10   0.779858E-12   0.207158E-09   0.150469E-10   0.452787E-12   0.144077E-14   0.219191E-18   0.165137E-23   0.321031E-22   0.158207E-24   0.951312E-22
   0.300000E+01   0.458811E-29   0.745413E-29   0.618309E-29   0.981473E-29   0.155780E-28   0.490361E-28   0.392385E-28   0.622717E-28   0.988218E-28   0.313030E-27   0.248840E-27   0.394838E-27   0.626448E-27   0.993834E-27   0.157650E-26   0.519646E-10   0.770370E-12   0.204438E-09   0.148439E-10   0.446638E-12   0.142136E-14   0.216356E-18   0.163038E-23   0.317566E-22   0.157962E-24   0.938625E-22
   0.300000E+01   0.115191E-38   0.207181E-38   0.821847E-37   0.164334E-36   0.328692E-36   0.204401E-37   0.131458E-35   0.262765E-35   0.525568E-35   0.210943E-36   0.210257E-34   0.420485E-34   0.840789E-34   0.168110E-33   0.336267E-33   0.147829E-18   0.224060E-20   0.637365E-18   0.470903E-19   0.142953E-20   0.451701E-23   0.694982E-27   0.945521E-31   0.799227E-31   0.344136E-30   0.301257E-30
   0.300000E+01   0.174905E-36   0.306972E-36   0.876449E-37   0.174055E-36   0.345713E-36   0.245272E-35   0.136517E-35   0.271379E-35   0.539825E-35   0.171975E-34   0.214200E-34   0.427165E-34   0.851863E-34   0.169879E-33   0.339204E-33   0.293045E-16   0.444222E-18   0.126380E-15   0.933868E-17   0.283454E-18   0.895816E-21   0.132003E-24   0.106823E-29   0.157961E-28   0.345837E-30   0.595847E-28
   0.300000E+01   0.199516E-34   0.352559E-34   0.719244E-36   0.130813E-35   0.233987E-35   0.285900E-33   0.725816E-35   0.127177E-34   0.222674E-34   0.200938E-32   0.685044E-34   0.120632E-33   0.213357E-33   0.379830E-33   0.681009E-33   0.326819E-14   0.486141E-16   0.139939E-13   0.102552E-14   0.309744E-16   0.973799E-19   0.145268E-22   0.113375E-27   0.177029E-26   0.539007E-30   0.658165E-26
   0.300000E+01   0.505165E-30   0.867887E-30   0.197251E-31   0.355743E-31   0.627734E-31   0.646816E-29   0.186467E-30   0.317071E-30   0.535332E-30   0.434539E-28   0.149712E-29   0.248043E-29   0.408203E-29   0.668563E-29   0.108940E-28   0.242380E-10   0.359769E-12   0.999916E-10   0.732678E-11   0.221345E-12   0.701247E-15   0.104763E-18   0.784146E-24   0.137605E-22   0.614278E-26   0.464876E-22
   0.300000E+01   0.163506E-29   0.275904E-29   0.148884E-29   0.256948E-29   0.434738E-29   0.200508E-28   0.119788E-28   0.196706E-28   0.321345E-28   0.134252E-27   0.847031E-28   0.136795E-27   0.220195E-27   0.353620E-27   0.566594E-27   0.358226E-10   0.531693E-12   0.147333E-09   0.108092E-10   0.326466E-12   0.103429E-14   0.154488E-18   0.115609E-23   0.205116E-22   0.783875E-25   0.682764E-22
   0.300000E+01   0.399669E-30   0.649954E-30   0.537071E-30   0.853483E-30   0.135579E-29   0.428446E-29   0.341892E-29   0.542813E-29   0.861721E-29   0.273721E-28   0.217110E-28   0.344569E-28   0.546799E-28   0.867625E-28   0.137652E-27   0.453353E-11   0.672079E-13   0.178290E-10   0.129415E-11   0.389392E-13   0.123925E-15   0.188694E-19   0.142219E-24   0.277561E-23   0.138711E-25   0.818488E-23
   0.300000E+01   0.456625E-29   0.741588E-29   0.615290E-29   0.976463E-29   0.154963E-28   0.487621E-28   0.390260E-28   0.619308E-28   0.982763E-28   0.311243E-27   0.247450E-27   0.392622E-27   0.622922E-27   0.988223E-27   0.156758E-26   0.521769E-10   0.773549E-12   0.205575E-09   0.149330E-10   0.449387E-12   0.142990E-14   0.217494E-18   0.163846E-23   0.318705E-22   0.157048E-24   0.944102E-22
   0.300000E+01   0.549757E-33   0.964094E-33   0.312489E-34   0.543093E-34   0.929741E-34   0.767962E-32   0.263660E-33   0.439769E-33   0.729931E-33   0.535826E-31   0.198582E-32   0.325626E-32   0.531771E-32   0.866103E-32   0.140685E-31   0.909549E-13   0.137880E-14   0.392263E-12   0.289876E-13   0.879909E-15   0.278143E-17   0.409853E-21   0.301034E-26   0.490227E-25   0.598440E-29   0.184932E-24
   0.300000E+01   0.345805E-32   0.610708E-32   0.198601E-33   0.346591E-33   0.595197E-33   0.494504E-31   0.169436E-32   0.282872E-32   0.469687E-32   0.347288E-30   0.127669E-31   0.209079E-31   0.340781E-31   0.553568E-31   0.896025E-31   0.590828E-12   0.894662E-14   0.254833E-11   0.188287E-12   0.571454E-14   0.180546E-16   0.265855E-20   0.195904E-25   0.318848E-24   0.370522E-28   0.120218E-23
   0.300000E+01   0.836115E-31   0.148704E-30   0.486062E-32   0.852015E-32   0.146825E-31   0.122398E-29   0.420002E-31   0.702334E-31   0.116760E-30   0.865231E-29   0.317852E-30   0.520720E-30   0.848832E-30   0.137871E-29   0.223087E-29   0.130130E-10   0.193370E-12   0.556987E-10   0.408632E-11   0.123655E-12   0.390096E-15   0.578728E-19   0.433083E-24   0.705390E-23   0.918136E-27   0.262098E-22
   0.300000E+01   0.752918E-27   0.125567E-26   0.986643E-28   0.173726E-27   0.300444E-27   0.877398E-26   0.863803E-27   0.144703E-26   0.240902E-26   0.575649E-25   0.657109E-26   0.107725E-25   0.175700E-25   0.285499E-25   0.462113E-25   0.344501E-07   0.533760E-09   0.149800E-06   0.110645E-07   0.335807E-09   0.105877E-11   0.155264E-15   0.115475E-20   0.180340E-19   0.183913E-22   0.703445E-19
   0.300000E+01   0.179953E-27   0.292715E-27   0.238409E-27   0.379688E-27   0.604050E-27   0.192668E-26   0.152603E-26   0.242426E-26   0.385027E-26   0.122939E-25   0.970682E-26   0.154087E-25   0.244559E-25   0.388095E-25   0.615772E-25   0.266778E-08   0.402325E-10   0.109892E-07   0.806170E-09   0.243520E-10   0.771432E-13   0.115193E-16   0.861976E-22   0.152368E-20   0.624043E-23   0.509212E-20
   0.300000E+01   0.100518E-28   0.162798E-28   0.133813E-28   0.212262E-28   0.336726E-28   0.106303E-27   0.847520E-28   0.134465E-27   0.213340E-27   0.676501E-27   0.537029E-27   0.852008E-27   0.135166E-26   0.214418E-26   0.340105E-26   0.114402E-09   0.171874E-11   0.452969E-09   0.329162E-10   0.990987E-12   0.315174E-14   0.478708E-18   0.360493E-23   0.693194E-22   0.340689E-24   0.208173E-21
   0.300000E+01   0.423437E-27   0.685524E-27   0.563080E-27   0.892966E-27   0.141629E-26   0.447225E-26   0.356369E-26   0.565347E-26   0.896902E-26   0.284506E-25   0.225746E-25   0.358135E-25   0.568142E-25   0.901236E-25   0.142949E-24   0.620721E-08   0.948615E-10   0.256111E-07   0.187958E-08   0.567838E-10   0.179859E-12   0.268388E-16   0.200774E-21   0.353919E-20   0.143657E-22   0.118697E-19
   0.300000E+01   0.000000E+00   0.000000E+00   0.000000E+00   0.000000E+00   0.000000E+00   0.000000E+00   0.000000E+00   0.000000E+00   0.000000E+00   0.000000E+00   0.000000E+00   0.000000E+00   0.000000E+00   0.000000E+00   0.000000E+00   0.000000E+00   0.000000E+00   0.000000E+00   0.000000E+00   0.000000E+00   0.000000E+00   0.000000E+00   0.000000E+00   0.000000E+00   0.000000E+00   0.000000E+00
   0.300000E+01   0.227021E-26   0.460214E-26   0.931847E-26   0.186048E-25   0.371576E-25   0.745451E-25   0.148327E-24   0.296438E-24   0.592527E-24   0.118862E-23   0.236810E-23   0.473476E-23   0.946723E-23   0.189308E-22   0.378557E-22   0.808410E-08   0.122796E-09   0.401194E-07   0.294257E-08   0.906616E-10   0.283468E-12   0.404429E-16   0.685753E-20   0.237524E-19   0.387436E-19   0.857634E-19
   0.316667E+01   0.203196E-25   0.416516E-25   0.875000E-25   0.175000E-24   0.350000E-24   0.693099E-24   0.140000E-23   0.280000E-23   0.560000E-23   0.111756E-22   0.224000E-22   0.448000E-22   0.896000E-22   0.179200E-21   0.358400E-21   0.326735E-07   0.693424E-08   0.218381E-06   0.204845E-07   0.803635E-09   0.451458E-11   0.955898E-16   0.669016E-19   0.205913E-18   0.366994E-18   0.738501E-18
   0.316667E+01   0.165301E-37   0.305042E-37   0.327075E-35   0.654159E-35   0.130831E-34   0.360019E-36   0.523327E-34   0.104665E-33   0.209327E-33   0.471953E-35   0.837321E-33   0.167464E-32   0.334927E-32   0.669850E-32   0.133970E-31   0.122049E-17   0.259473E-18   0.612859E-17   0.578602E-18   0.221442E-19   0.126545E-21   0.277035E-26   0.164816E-30   0.815596E-30   0.343766E-30   0.290305E-29
   0.316667E+01   0.109581E-35   0.185267E-35   0.327098E-35   0.654193E-35   0.130832E-34   0.136384E-34   0.523355E-34   0.104670E-33   0.209330E-33   0.942209E-34   0.837357E-33   0.167473E-32   0.334940E-32   0.669880E-32   0.133971E-31   0.142482E-15   0.302895E-16   0.715414E-15   0.675429E-16   0.258494E-17   0.147720E-19   0.323387E-24   0.882579E-29   0.951587E-28   0.349509E-30   0.338739E-27
   0.316667E+01   0.433652E-37   0.762256E-37   0.327095E-35   0.654186E-35   0.130831E-34   0.700205E-36   0.523349E-34   0.104671E-33   0.209330E-33   0.702862E-35   0.837354E-33   0.167472E-32   0.334942E-32   0.669886E-32   0.133970E-31   0.488742E-17   0.103924E-17   0.245506E-16   0.231825E-17   0.887321E-19   0.507123E-21   0.111040E-25   0.389973E-30   0.326810E-29   0.343839E-30   0.116342E-28
   0.316667E+01   0.361991E-35   0.620055E-35   0.327095E-35   0.654182E-35   0.130831E-34   0.468250E-34   0.523348E-34   0.104671E-33   0.209329E-33   0.322040E-33   0.837357E-33   0.167470E-32   0.334945E-32   0.669878E-32   0.133971E-31   0.505112E-15   0.107429E-15   0.253833E-14   0.239731E-15   0.917680E-17   0.524528E-19   0.114873E-23   0.311240E-28   0.338095E-27   0.364350E-30   0.120367E-26
   0.316667E+01   0.338562E-33   0.583790E-33   0.327117E-35   0.654230E-35   0.130839E-34   0.446881E-32   0.131947E-35   0.263950E-35   0.526809E-35   0.307166E-31   0.211145E-34   0.422200E-34   0.844701E-34   0.168928E-33   0.337062E-33   0.489228E-13   0.104073E-13   0.245947E-12   0.232314E-13   0.889343E-15   0.508334E-17   0.111336E-21   0.298466E-26   0.327827E-25   0.235942E-29   0.116714E-24
   0.316667E+01   0.328518E-31   0.558302E-31   0.114064E-36   0.229339E-36   0.459689E-36   0.413143E-30   0.184665E-35   0.370083E-35   0.740430E-35   0.280187E-29   0.297255E-34   0.594932E-34   0.119053E-33   0.238238E-33   0.476186E-33   0.422851E-11   0.894761E-12   0.210989E-10   0.197824E-11   0.753573E-13   0.428553E-15   0.949902E-20   0.259022E-24   0.283332E-23   0.182550E-27   0.996684E-23
   0.316667E+01   0.132244E-36   0.228752E-36   0.327096E-35   0.654184E-35   0.130831E-34   0.185452E-35   0.523353E-34   0.104669E-33   0.209329E-33   0.149295E-34   0.837358E-33   0.167471E-32   0.334943E-32   0.669883E-32   0.133970E-31   0.174400E-16   0.370914E-17   0.876386E-16   0.827688E-17   0.316834E-18   0.181094E-20   0.396598E-25   0.116145E-29   0.116730E-28   0.344357E-30   0.415572E-28
   0.316667E+01   0.118876E-34   0.204911E-34   0.327097E-35   0.654192E-35   0.130830E-34   0.156818E-33   0.523353E-34   0.104670E-33   0.209327E-33   0.107977E-32   0.837354E-33   0.167472E-32   0.334942E-32   0.669888E-32   0.133971E-31   0.171298E-14   0.364399E-15   0.861154E-14   0.813447E-15   0.311416E-16   0.178016E-18   0.389933E-23   0.105438E-27   0.114776E-26   0.414244E-30   0.408646E-26
   0.316667E+01   0.107629E-32   0.186811E-32   0.831486E-37   0.166356E-36   0.332077E-36   0.145206E-31   0.133188E-35   0.266320E-35   0.531662E-35   0.100426E-30   0.213191E-34   0.426082E-34   0.852766E-34   0.170481E-33   0.340312E-33   0.160284E-12   0.340964E-13   0.805857E-12   0.761070E-13   0.291310E-14   0.166465E-16   0.364368E-21   0.979433E-26   0.107526E-24   0.695866E-29   0.382634E-24
   0.316667E+01   0.857176E-31   0.149831E-30   0.162101E-36   0.330032E-36   0.668833E-36   0.118386E-29   0.271840E-35   0.547705E-35   0.110064E-34   0.824134E-29   0.444408E-34   0.891435E-34   0.178726E-33   0.358030E-33   0.716542E-33   0.114570E-10   0.241494E-11   0.566495E-10   0.526937E-11   0.200269E-12   0.114089E-14   0.255048E-19   0.697240E-24   0.774189E-23   0.544726E-27   0.267192E-22
   0.316667E+01   0.248695E-29   0.412843E-29   0.488834E-35   0.101693E-34   0.209839E-34   0.284661E-28   0.868000E-34   0.176341E-33   0.357082E-33   0.185208E-27   0.145392E-32   0.292598E-32   0.588094E-32   0.118082E-31   0.236892E-31   0.697435E-10   0.146530E-10   0.324864E-09   0.301816E-10   0.114764E-11   0.659542E-14   0.147389E-18   0.405429E-23   0.508622E-22   0.341421E-25   0.150751E-21
   0.316667E+01   0.237709E-29   0.385888E-29   0.292237E-33   0.597794E-33   0.121718E-32   0.253356E-28   0.493725E-32   0.996359E-32   0.200697E-31   0.161607E-27   0.810994E-31   0.162779E-30   0.326484E-30   0.654440E-30   0.131121E-29   0.494053E-10   0.103634E-10   0.225666E-09   0.208869E-10   0.792983E-12   0.456471E-14   0.102570E-18   0.283460E-23   0.370591E-22   0.156843E-24   0.104133E-21
   0.316667E+01   0.174252E-36   0.302516E-36   0.327095E-35   0.654186E-35   0.130831E-34   0.244206E-35   0.523348E-34   0.104670E-33   0.209330E-33   0.190260E-34   0.837351E-33   0.167472E-32   0.334941E-32   0.669883E-32   0.133970E-31   0.236949E-16   0.504051E-17   0.119117E-15   0.112516E-16   0.430747E-18   0.246228E-20   0.539341E-25   0.154721E-29   0.158757E-28   0.344678E-30   0.565230E-28
   0.316667E+01   0.160271E-34   0.278057E-34   0.327095E-35   0.654190E-35   0.130832E-34   0.215954E-33   0.523353E-34   0.104671E-33   0.209331E-33   0.149470E-32   0.837366E-33   0.167473E-32   0.841150E-34   0.168170E-33   0.335786E-33   0.234888E-14   0.499781E-15   0.118130E-13   0.111604E-14   0.427302E-16   0.244283E-18   0.535184E-23   0.144694E-27   0.157548E-26   0.451098E-30   0.560958E-26
   0.316667E+01   0.340169E-32   0.594281E-32   0.880328E-37   0.176595E-36   0.353377E-36   0.468892E-31   0.142122E-35   0.284507E-35   0.568939E-35   0.326175E-30   0.228283E-34   0.456897E-34   0.913493E-34   0.182735E-33   0.365060E-33   0.513178E-12   0.109135E-12   0.257944E-11   0.243479E-12   0.931523E-14   0.531923E-16   0.116407E-20   0.314837E-25   0.344693E-24   0.239712E-28   0.122525E-23
   0.316667E+01   0.242763E-30   0.427105E-30   0.501160E-36   0.104718E-35   0.216865E-35   0.342555E-29   0.903335E-35   0.183913E-34   0.373036E-34   0.239850E-28   0.152332E-33   0.306858E-33   0.614227E-33   0.123402E-32   0.247638E-32   0.260432E-10   0.545935E-11   0.126084E-09   0.116500E-10   0.442978E-12   0.253597E-14   0.568654E-19   0.155860E-23   0.178352E-22   0.174023E-26   0.591478E-22
   0.316667E+01   0.300865E-29   0.492467E-29   0.275641E-34   0.583482E-34   0.122089E-33   0.329073E-28   0.514528E-33   0.105270E-32   0.214374E-32   0.211337E-27   0.879858E-32   0.177571E-31   0.355676E-31   0.715429E-31   0.143736E-30   0.748192E-10   0.156685E-10   0.348739E-09   0.324522E-10   0.123422E-11   0.709155E-14   0.158237E-18   0.434969E-23   0.545971E-22   0.100902E-24   0.161813E-21
   0.316667E+01   0.242636E-29   0.393865E-29   0.160833E-32   0.342869E-32   0.721503E-32   0.258616E-28   0.306498E-31   0.628902E-31   0.128367E-30   0.165081E-27   0.528608E-30   0.106807E-29   0.214114E-29   0.431001E-29   0.866425E-29   0.508824E-10   0.106351E-10   0.232594E-09   0.215401E-10   0.817893E-12   0.470751E-14   0.105708E-18   0.292019E-23   0.380917E-22   0.164547E-24   0.107366E-21
   0.316667E+01   0.251737E-29   0.415360E-29   0.545421E-30   0.117888E-29   0.250572E-29   0.308808E-28   0.105936E-28   0.211574E-28   0.410656E-28   0.240980E-27   0.141830E-27   0.253424E-27   0.442080E-27   0.758939E-27   0.128294E-26   0.499135E-10   0.104301E-10   0.227766E-09   0.210778E-10   0.800203E-12   0.460639E-14   0.103524E-18   0.286146E-23   0.374350E-22   0.165391E-24   0.105090E-21
   0.316667E+01   0.147408E-38   0.263831E-38   0.821083E-37   0.164264E-36   0.328457E-36   0.245351E-37   0.131354E-35   0.262747E-35   0.525681E-35   0.239467E-36   0.210242E-34   0.420274E-34   0.840488E-34   0.168062E-33   0.336243E-33   0.177562E-18   0.377871E-19   0.893173E-18   0.843712E-19   0.323106E-20   0.184683E-22   0.404642E-27   0.100946E-30   0.119448E-30   0.343544E-30   0.423797E-30
   0.316667E+01   0.420705E-34   0.734435E-34   0.152385E-36   0.321521E-36   0.672124E-36   0.578346E-33   0.282551E-35   0.568883E-35   0.112614E-34   0.401913E-32   0.421177E-34   0.799592E-34   0.150590E-33   0.282847E-33   0.530834E-33   0.621929E-14   0.132358E-14   0.312900E-13   0.295663E-14   0.113213E-15   0.647282E-18   0.141835E-22   0.383366E-27   0.417583E-26   0.693152E-30   0.148690E-25
   0.316667E+01   0.441922E-32   0.776916E-32   0.755749E-35   0.169700E-34   0.371830E-34   0.621900E-31   0.164228E-33   0.333165E-33   0.654962E-33   0.435004E-30   0.230673E-32   0.415418E-32   0.729861E-32   0.126153E-31   0.214713E-31   0.664778E-12   0.141275E-12   0.333907E-11   0.314846E-12   0.120356E-13   0.686472E-16   0.150517E-20   0.408724E-25   0.447103E-24   0.383313E-28   0.158632E-23
   0.316667E+01   0.277925E-30   0.490546E-30   0.478837E-33   0.108131E-32   0.237969E-32   0.393894E-29   0.105726E-31   0.214889E-31   0.422985E-31   0.274657E-28   0.149111E-30   0.268453E-30   0.471259E-30   0.813440E-30   0.138174E-29   0.198081E-10   0.415575E-11   0.951445E-10   0.885569E-11   0.337421E-12   0.193463E-14   0.430147E-19   0.117617E-23   0.137823E-22   0.247700E-26   0.445936E-22
   0.316667E+01   0.309461E-29   0.504818E-29   0.819250E-31   0.185844E-30   0.410472E-30   0.339567E-28   0.183303E-29   0.373236E-29   0.735718E-29   0.225091E-27   0.259877E-28   0.468195E-28   0.822330E-28   0.141996E-27   0.241264E-27   0.742300E-10   0.155474E-10   0.346702E-09   0.322950E-10   0.122847E-11   0.705700E-14   0.157299E-18   0.432098E-23   0.541031E-22   0.171590E-24   0.160909E-21
   0.316667E+01   0.336920E-29   0.598066E-29   0.396810E-29   0.732713E-29   0.128965E-28   0.484971E-28   0.365733E-28   0.600712E-28   0.976235E-28   0.327663E-27   0.252874E-27   0.404617E-27   0.645821E-27   0.102923E-26   0.163824E-26   0.530372E-10   0.110872E-10   0.242653E-09   0.224799E-10   0.853639E-12   0.491285E-14   0.110275E-18   0.304554E-23   0.396674E-22   0.171912E-24   0.112027E-21
   0.316667E+01   0.498371E-29   0.809922E-29   0.672116E-29   0.106682E-28   0.169321E-28   0.532996E-28   0.426480E-28   0.676818E-28   0.107407E-27   0.340252E-27   0.270454E-27   0.429131E-27   0.680855E-27   0.108014E-26   0.171341E-26   0.524782E-10   0.109689E-10   0.239839E-09   0.222096E-10   0.843287E-12   0.485372E-14   0.109003E-18   0.301141E-23   0.392938E-22   0.171937E-24   0.110697E-21
   0.316667E+01   0.125433E-38   0.225781E-38   0.821906E-37   0.164358E-36   0.328645E-36   0.217883E-37   0.131392E-35   0.262878E-35   0.525756E-35   0.220700E-36   0.210212E-34   0.420485E-34   0.840428E-34   0.168122E-33   0.336243E-33   0.146345E-18   0.311457E-19   0.736225E-18   0.695696E-19   0.266411E-20   0.152300E-22   0.333748E-27   0.990314E-31   0.985691E-31   0.344234E-30   0.350937E-30
   0.316667E+01   0.200248E-36   0.351841E-36   0.889673E-37   0.176406E-36   0.349662E-36   0.281483E-35   0.137589E-35   0.273279E-35   0.543210E-35   0.197391E-34   0.215117E-34   0.428519E-34   0.854030E-34   0.170252E-33   0.339710E-33   0.297990E-16   0.634290E-17   0.149972E-15   0.141722E-16   0.542684E-18   0.310261E-20   0.679770E-25   0.192837E-29   0.200294E-28   0.346255E-30   0.713159E-28
   0.316667E+01   0.229495E-34   0.405993E-34   0.875573E-36   0.158232E-35   0.281169E-35   0.329688E-33   0.861647E-35   0.150042E-34   0.260967E-34   0.231880E-32   0.789947E-34   0.137830E-33   0.241355E-33   0.425113E-33   0.754146E-33   0.333756E-14   0.705880E-15   0.166737E-13   0.156330E-14   0.595548E-16   0.338742E-18   0.750728E-23   0.209673E-27   0.225050E-26   0.587298E-30   0.790573E-26
   0.316667E+01   0.536657E-30   0.921212E-30   0.230788E-31   0.414308E-31   0.728075E-31   0.684465E-29   0.215208E-30   0.365396E-30   0.616078E-30   0.459237E-28   0.171732E-29   0.283983E-29   0.466474E-29   0.762549E-29   0.124036E-28   0.233307E-10   0.489894E-11   0.112089E-09   0.104927E-10   0.400016E-12   0.229283E-14   0.507234E-19   0.138426E-23   0.163670E-22   0.719568E-26   0.524889E-22
   0.316667E+01   0.174000E-29   0.293819E-29   0.167150E-29   0.285792E-29   0.479983E-29   0.212361E-28   0.130969E-28   0.214316E-28   0.349064E-28   0.141684E-27   0.915410E-28   0.147517E-27   0.237014E-27   0.380001E-27   0.608009E-27   0.344819E-10   0.723843E-11   0.164964E-09   0.154596E-10   0.589221E-12   0.337770E-14   0.747015E-19   0.203956E-23   0.244142E-22   0.821561E-25   0.769982E-22
   0.316667E+01   0.435276E-30   0.708023E-30   0.585567E-30   0.930361E-30   0.147770E-29   0.466779E-29   0.372568E-29   0.591480E-29   0.938934E-29   0.298187E-28   0.236545E-28   0.375400E-28   0.595708E-28   0.945206E-28   0.149957E-27   0.458355E-11   0.957952E-12   0.209381E-10   0.193825E-11   0.735914E-13   0.423589E-15   0.951602E-20   0.262957E-24   0.343713E-23   0.151262E-25   0.966240E-23
   0.316667E+01   0.494442E-29   0.803313E-29   0.666772E-29   0.105816E-28   0.167927E-28   0.528455E-28   0.422908E-28   0.671117E-28   0.106497E-27   0.337317E-27   0.268150E-27   0.425465E-27   0.675028E-27   0.107089E-26   0.169870E-26   0.525787E-10   0.109923E-10   0.240667E-09   0.222983E-10   0.846794E-12   0.487329E-14   0.109369E-18   0.302012E-23   0.393517E-22   0.170448E-24   0.111119E-21
   0.316667E+01   0.584580E-33   0.102631E-32   0.353599E-34   0.612881E-34   0.104656E-33   0.818640E-32   0.295842E-33   0.492939E-33   0.817387E-33   0.571590E-31   0.221839E-32   0.363224E-32   0.592262E-32   0.963058E-32   0.156177E-31   0.858630E-13   0.182769E-13   0.432142E-12   0.408397E-13   0.156395E-14   0.894247E-17   0.195985E-21   0.525398E-26   0.577071E-25   0.681279E-29   0.205488E-24
   0.316667E+01   0.383676E-32   0.678349E-32   0.234541E-33   0.408220E-33   0.699286E-33   0.550021E-31   0.198456E-32   0.331008E-32   0.549133E-32   0.386552E-30   0.148945E-31   0.243605E-31   0.396536E-31   0.643264E-31   0.103986E-30   0.581935E-12   0.123871E-12   0.292916E-11   0.276782E-12   0.105978E-13   0.605796E-16   0.132561E-20   0.356757E-25   0.391580E-24   0.442718E-28   0.139370E-23
   0.316667E+01   0.905435E-31   0.161212E-30   0.560287E-32   0.979508E-32   0.168377E-31   0.132874E-29   0.480187E-31   0.802237E-31   0.133256E-30   0.939947E-29   0.362007E-30   0.592315E-30   0.964338E-30   0.156431E-29   0.252816E-29   0.125087E-10   0.264004E-11   0.624497E-10   0.586022E-11   0.223661E-12   0.127637E-14   0.281401E-19   0.763856E-24   0.843695E-23   0.107227E-26   0.296237E-22
   0.316667E+01   0.759013E-27   0.126585E-26   0.109303E-27   0.191945E-27   0.331131E-27   0.884167E-26   0.949133E-27   0.158852E-26   0.264233E-26   0.580137E-25   0.719258E-26   0.117767E-25   0.191839E-25   0.311325E-25   0.503312E-25   0.316965E-07   0.674395E-08   0.160975E-06   0.152139E-07   0.582522E-09   0.332386E-11   0.725033E-16   0.195451E-20   0.207074E-19   0.203339E-22   0.762929E-19
   0.316667E+01   0.187270E-27   0.304620E-27   0.248461E-27   0.395525E-27   0.629048E-27   0.200440E-26   0.158856E-26   0.252327E-26   0.400711E-26   0.127871E-25   0.101006E-25   0.160327E-25   0.254451E-25   0.403773E-25   0.640623E-25   0.256657E-08   0.540886E-09   0.123009E-07   0.115267E-08   0.439366E-10   0.251843E-12   0.556947E-17   0.152030E-21   0.181412E-20   0.650111E-23   0.574098E-20
   0.316667E+01   0.109431E-28   0.177292E-28   0.145784E-28   0.231244E-28   0.366828E-28   0.115809E-27   0.923248E-28   0.146478E-27   0.232397E-27   0.736989E-27   0.584989E-27   0.928090E-27   0.147235E-26   0.233563E-26   0.370471E-26   0.115073E-09   0.241401E-10   0.529220E-09   0.490461E-10   0.186309E-11   0.107176E-13   0.240381E-18   0.663268E-23   0.855910E-22   0.371658E-24   0.244514E-21
   0.316667E+01   0.437872E-27   0.709124E-27   0.582692E-27   0.924032E-27   0.146551E-26   0.462772E-26   0.368737E-26   0.584956E-26   0.927998E-26   0.294390E-25   0.233567E-25   0.370541E-25   0.587819E-25   0.932445E-25   0.147898E-24   0.595726E-08   0.125850E-08   0.286101E-07   0.268239E-08   0.102261E-09   0.586083E-12   0.129525E-16   0.353385E-21   0.420492E-20   0.148941E-22   0.133568E-19
   0.316667E+01   0.000000E+00   0.000000E+00   0.000000E+00   0.000000E+00   0.000000E+00   0.000000E+00   0.000000E+00   0.000000E+00   0.000000E+00   0.000000E+00   0.000000E+00   0.000000E+00   0.000000E+00   0.000000E+00   0.000000E+00   0.000000E+00   0.000000E+00   0.000000E+00   0.000000E+00   0.000000E+00   0.000000E+00   0.000000E+00   0.000000E+00   0.000000E+00   0.000000E+00   0.000000E+00
   0.316667E+01   0.227053E-26   0.460359E-26   0.932231E-26   0.186110E-25   0.371676E-25   0.745680E-25   0.148353E-24   0.296479E-24   0.592594E-24   0.118880E-23   0.236827E-23   0.473504E-23   0.946766E-23   0.189315E-22   0.378568E-22   0.705574E-08   0.149790E-08   0.411309E-07   0.386766E-08   0.150062E-09   0.849133E-12   0.182425E-16   0.728252E-20   0.241376E-19   0.387437E-19   0.864954E-19
   0.333333E+01   0.202962E-25   0.416220E-25   0.875000E-25   0.175000E-24   0.350000E-24   0.693030E-24   0.140000E-23   0.280000E-23   0.560000E-23   0.111755E-22   0.224000E-22   0.448000E-22   0.896000E-22   0.179200E-21   0.358400E-21   0.269527E-07   0.117859E-07   0.214689E-06   0.246525E-07   0.119392E-08   0.826601E-11   0.112820E-13   0.390461E-17   0.207078E-18   0.366992E-18   0.738493E-18
   0.333333E+01   0.178499E-37   0.327444E-37   0.327075E-35   0.654159E-35   0.130831E-34   0.376463E-36   0.523327E-34   0.104665E-33   0.209327E-33   0.483209E-35   0.837321E-33   0.167464E-32   0.334927E-32   0.669850E-32   0.133970E-31   0.124984E-17   0.538832E-18   0.727281E-17   0.839546E-18   0.396732E-19   0.279768E-21   0.397150E-24   0.139151E-27   0.104277E-29   0.343789E-30   0.347303E-29
   0.333333E+01   0.125272E-35   0.211973E-35   0.327098E-35   0.654193E-35   0.130832E-34   0.156049E-34   0.523355E-34   0.104670E-33   0.209330E-33   0.107554E-33   0.837357E-33   0.167473E-32   0.334940E-32   0.669880E-32   0.133971E-31   0.146270E-15   0.630593E-16   0.851111E-15   0.982482E-16   0.464275E-17   0.327402E-19   0.464763E-22   0.162841E-25   0.121982E-27   0.351037E-30   0.406305E-27
   0.333333E+01   0.482996E-37   0.846958E-37   0.327095E-35   0.654186E-35   0.130831E-34   0.763539E-36   0.523349E-34   0.104671E-33   0.209330E-33   0.746245E-35   0.837354E-33   0.167472E-32   0.334942E-32   0.669886E-32   0.133970E-31   0.498535E-17   0.214978E-17   0.290213E-16   0.335062E-17   0.158353E-18   0.111681E-20   0.158551E-23   0.555588E-27   0.416247E-29   0.343838E-30   0.138655E-28
   0.333333E+01   0.412147E-35   0.706644E-35   0.327095E-35   0.654182E-35   0.130831E-34   0.534154E-34   0.523348E-34   0.104671E-33   0.209329E-33   0.367335E-33   0.837357E-33   0.167470E-32   0.334945E-32   0.669878E-32   0.133971E-31   0.516124E-15   0.222616E-15   0.300579E-14   0.347091E-15   0.164055E-16   0.115715E-18   0.164294E-21   0.575789E-25   0.431378E-27   0.369895E-30   0.143703E-26
   0.333333E+01   0.386194E-33   0.666594E-33   0.327121E-35   0.654240E-35   0.130840E-34   0.510934E-32   0.132050E-35   0.264082E-35   0.527148E-35   0.351469E-31   0.211281E-34   0.422591E-34   0.845243E-34   0.169037E-33   0.337447E-33   0.500704E-13   0.216012E-13   0.291716E-12   0.336898E-13   0.159246E-14   0.112323E-16   0.159464E-19   0.558994E-23   0.418955E-25   0.288498E-29   0.139566E-24
   0.333333E+01   0.374260E-31   0.636686E-31   0.117250E-36   0.235745E-36   0.472737E-36   0.471769E-30   0.189969E-35   0.380804E-35   0.761683E-35   0.320196E-29   0.305832E-34   0.612235E-34   0.122489E-33   0.245195E-33   0.489932E-33   0.432325E-11   0.185505E-11   0.249945E-10   0.286623E-11   0.134811E-12   0.945409E-15   0.134196E-17   0.473487E-21   0.361136E-23   0.229767E-27   0.118996E-22
   0.333333E+01   0.148660E-36   0.257104E-36   0.327095E-35   0.654190E-35   0.130831E-34   0.207001E-35   0.523349E-34   0.104669E-33   0.209329E-33   0.164120E-34   0.837354E-33   0.167471E-32   0.334944E-32   0.669881E-32   0.133971E-31   0.177032E-16   0.763568E-17   0.103097E-15   0.119049E-16   0.562690E-18   0.396887E-20   0.563500E-23   0.197484E-26   0.147957E-28   0.344529E-30   0.492880E-28
   0.333333E+01   0.134808E-34   0.232605E-34   0.327097E-35   0.654189E-35   0.130832E-34   0.178229E-33   0.523346E-34   0.104670E-33   0.209330E-33   0.122783E-32   0.837363E-33   0.167472E-32   0.334939E-32   0.669881E-32   0.133971E-31   0.174303E-14   0.751976E-15   0.101551E-13   0.117284E-14   0.554407E-16   0.391088E-18   0.555317E-21   0.194642E-24   0.145834E-26   0.432017E-30   0.485839E-26
   0.333333E+01   0.122298E-32   0.212487E-32   0.832368E-37   0.166579E-36   0.332500E-36   0.165380E-31   0.133273E-35   0.266715E-35   0.532452E-35   0.114467E-30   0.213432E-34   0.426744E-34   0.853488E-34   0.170698E-33   0.340793E-33   0.163403E-12   0.704947E-13   0.952094E-12   0.109940E-12   0.519596E-14   0.366393E-16   0.519951E-19   0.182330E-22   0.136869E-24   0.865108E-29   0.455757E-24
   0.333333E+01   0.967372E-31   0.169262E-30   0.169236E-36   0.344667E-36   0.699043E-36   0.133914E-29   0.284282E-35   0.572983E-35   0.115165E-34   0.932958E-29   0.465187E-34   0.933113E-34   0.187062E-33   0.374846E-33   0.750174E-33   0.116112E-10   0.495815E-11   0.665187E-10   0.756863E-11   0.355045E-12   0.249341E-14   0.356654E-17   0.126091E-20   0.975885E-23   0.679354E-27   0.316000E-22
   0.333333E+01   0.266975E-29   0.443103E-29   0.519211E-35   0.108016E-34   0.222896E-34   0.305207E-28   0.922034E-34   0.187320E-33   0.379320E-33   0.198468E-27   0.154448E-32   0.310826E-32   0.624732E-32   0.125439E-31   0.251653E-31   0.690498E-10   0.293184E-10   0.371677E-09   0.421590E-10   0.197911E-11   0.140344E-13   0.202560E-16   0.716119E-20   0.619130E-22   0.415293E-25   0.173380E-21
   0.333333E+01   0.256046E-29   0.415805E-29   0.315321E-33   0.645043E-33   0.131344E-32   0.273107E-28   0.532797E-32   0.107523E-31   0.216587E-31   0.174205E-27   0.875224E-31   0.175673E-30   0.352346E-30   0.706284E-30   0.141509E-29   0.497018E-10   0.210388E-10   0.262197E-09   0.296210E-10   0.138833E-11   0.986100E-14   0.142957E-16   0.506615E-20   0.456253E-22   0.170209E-24   0.121549E-21
   0.333333E+01   0.191452E-36   0.332465E-36   0.327097E-35   0.654198E-35   0.130831E-34   0.267397E-35   0.523347E-34   0.104669E-33   0.209329E-33   0.206315E-34   0.837355E-33   0.167471E-32   0.334940E-32   0.669887E-32   0.133971E-31   0.234372E-16   0.101111E-16   0.136544E-15   0.157697E-16   0.745431E-18   0.525835E-20   0.746644E-23   0.261701E-26   0.196081E-28   0.345120E-30   0.653233E-28
   0.333333E+01   0.177730E-34   0.308650E-34   0.327100E-35   0.654199E-35   0.130831E-34   0.240005E-33   0.523355E-34   0.104670E-33   0.209330E-33   0.166217E-32   0.837363E-33   0.167472E-32   0.840789E-34   0.168194E-33   0.335738E-33   0.233588E-14   0.100797E-14   0.136145E-13   0.157263E-14   0.743461E-16   0.524503E-18   0.744821E-21   0.261096E-24   0.195639E-26   0.474886E-30   0.651795E-26
   0.333333E+01   0.385243E-32   0.673692E-32   0.888380E-37   0.178311E-36   0.356951E-36   0.532224E-31   0.143589E-35   0.287629E-35   0.574920E-35   0.370509E-30   0.230841E-34   0.461922E-34   0.924085E-34   0.184913E-33   0.369225E-33   0.521141E-12   0.224771E-12   0.303576E-11   0.350372E-12   0.165520E-13   0.116625E-15   0.165327E-18   0.580108E-22   0.436978E-24   0.297996E-28   0.145371E-23
   0.333333E+01   0.271016E-30   0.477281E-30   0.552447E-36   0.115575E-35   0.239568E-35   0.383282E-29   0.998916E-35   0.203481E-34   0.412834E-34   0.268567E-28   0.168665E-33   0.339827E-33   0.680419E-33   0.136711E-32   0.274380E-32   0.261119E-10   0.110980E-10   0.146554E-09   0.165517E-10   0.776652E-12   0.548233E-14   0.788958E-17   0.279043E-20   0.221582E-22   0.213850E-26   0.691687E-22
   0.333333E+01   0.319333E-29   0.522758E-29   0.304334E-34   0.644521E-34   0.134910E-33   0.349248E-28   0.568880E-33   0.116412E-32   0.237097E-32   0.224246E-27   0.973325E-32   0.196449E-31   0.393610E-31   0.791768E-31   0.159078E-30   0.737348E-10   0.312951E-10   0.397225E-09   0.451343E-10   0.211929E-11   0.150261E-13   0.216688E-16   0.765635E-20   0.662162E-22   0.116439E-24   0.185311E-21
   0.333333E+01   0.260706E-29   0.423352E-29   0.181109E-32   0.386314E-32   0.813297E-32   0.278093E-28   0.345734E-31   0.709575E-31   0.144860E-30   0.177522E-27   0.596683E-30   0.120573E-29   0.241791E-29   0.486741E-29   0.978523E-29   0.510677E-10   0.216008E-10   0.269718E-09   0.304893E-10   0.142925E-11   0.101504E-13   0.147087E-16   0.521109E-20   0.468179E-22   0.177469E-24   0.125089E-21
   0.333333E+01   0.272623E-29   0.450761E-29   0.651183E-30   0.140888E-29   0.299408E-29   0.339126E-28   0.125587E-28   0.248710E-28   0.477834E-28   0.265656E-27   0.161602E-27   0.286076E-27   0.495137E-27   0.844145E-27   0.141875E-26   0.502339E-10   0.212379E-10   0.264813E-09   0.299104E-10   0.140183E-11   0.995710E-14   0.144370E-16   0.511675E-20   0.461172E-22   0.178791E-24   0.122743E-21
   0.333333E+01   0.164143E-38   0.289924E-38   0.821259E-37   0.164275E-36   0.328433E-36   0.267672E-37   0.131326E-35   0.262765E-35   0.525493E-35   0.255980E-36   0.210197E-34   0.420244E-34   0.840668E-34   0.168182E-33   0.336147E-33   0.178937E-18   0.772051E-19   0.104315E-17   0.120459E-18   0.569506E-20   0.401769E-22   0.570509E-25   0.199987E-28   0.150157E-30   0.343641E-30   0.498961E-30
   0.333333E+01   0.460986E-34   0.805531E-34   0.170664E-36   0.362605E-36   0.761838E-36   0.635108E-33   0.320459E-35   0.642591E-35   0.126363E-34   0.441676E-32   0.463833E-34   0.872386E-34   0.162729E-33   0.302720E-33   0.563551E-33   0.610639E-14   0.263558E-14   0.356050E-13   0.411340E-14   0.194481E-15   0.137217E-17   0.194869E-20   0.683201E-24   0.511966E-26   0.761607E-30   0.170576E-25
   0.333333E+01   0.489289E-32   0.861016E-32   0.959800E-35   0.215790E-34   0.472829E-34   0.690061E-31   0.207248E-33   0.416942E-33   0.811393E-33   0.483028E-30   0.279832E-32   0.499243E-32   0.870168E-32   0.149338E-31   0.252647E-31   0.659559E-12   0.284306E-12   0.383939E-11   0.442685E-12   0.208959E-13   0.147046E-15   0.208284E-18   0.731566E-22   0.553607E-24   0.462601E-28   0.183871E-23
   0.333333E+01   0.300665E-30   0.530915E-30   0.596281E-33   0.134789E-32   0.296589E-32   0.426048E-29   0.130738E-31   0.263496E-31   0.513414E-31   0.296948E-28   0.177239E-30   0.316146E-30   0.550663E-30   0.943966E-30   0.159429E-29   0.192774E-10   0.821104E-11   0.107302E-09   0.122023E-10   0.573998E-12   0.406018E-14   0.582819E-17   0.205489E-20   0.165927E-22   0.292877E-26   0.506076E-22
   0.333333E+01   0.326807E-29   0.533481E-29   0.103135E-30   0.234195E-30   0.517179E-30   0.360178E-28   0.229145E-29   0.462664E-29   0.902768E-29   0.239764E-27   0.312277E-28   0.557392E-28   0.971343E-28   0.166567E-27   0.281376E-27   0.729241E-10   0.309669E-10   0.393679E-09   0.447796E-10   0.210308E-11   0.149083E-13   0.214834E-16   0.758754E-20   0.654458E-22   0.186281E-24   0.183730E-21
   0.333333E+01   0.375189E-29   0.665419E-29   0.462218E-29   0.835708E-29   0.144811E-28   0.528688E-28   0.402652E-28   0.657250E-28   0.106340E-27   0.353787E-27   0.273989E-27   0.437717E-27   0.697886E-27   0.111129E-26   0.176777E-26   0.531654E-10   0.224938E-10   0.281054E-09   0.317832E-10   0.149003E-11   0.105812E-13   0.153286E-16   0.542981E-20   0.487064E-22   0.184971E-24   0.130373E-21
   0.333333E+01   0.535915E-29   0.871230E-29   0.723337E-29   0.114808E-28   0.182215E-28   0.573590E-28   0.458944E-28   0.728334E-28   0.115581E-27   0.366176E-27   0.291035E-27   0.461785E-27   0.732662E-27   0.116233E-26   0.184377E-26   0.526907E-10   0.222868E-10   0.278224E-09   0.314479E-10   0.147413E-11   0.104693E-13   0.151718E-16   0.537546E-20   0.483129E-22   0.185325E-24   0.129016E-21
   0.333333E+01   0.135514E-38   0.243514E-38   0.821847E-37   0.164346E-36   0.328621E-36   0.231361E-37   0.131401E-35   0.262822E-35   0.525606E-35   0.232709E-36   0.210182E-34   0.420394E-34   0.840969E-34   0.168110E-33   0.336315E-33   0.144196E-18   0.622430E-19   0.840916E-18   0.971438E-19   0.459312E-20   0.324079E-22   0.460129E-25   0.161301E-28   0.121262E-30   0.344184E-30   0.402310E-30
   0.333333E+01   0.226169E-36   0.397752E-36   0.904014E-37   0.178875E-36   0.353941E-36   0.318539E-35   0.138821E-35   0.275254E-35   0.546520E-35   0.223400E-34   0.216035E-34   0.429934E-34   0.856317E-34   0.170722E-33   0.340408E-33   0.301416E-16   0.130118E-16   0.175809E-15   0.203124E-16   0.960385E-18   0.677572E-20   0.962123E-23   0.337395E-26   0.252978E-28   0.346525E-30   0.842824E-28
   0.333333E+01   0.260385E-34   0.461071E-34   0.104780E-35   0.188277E-35   0.332801E-35   0.374850E-33   0.101055E-34   0.175113E-34   0.302864E-34   0.263823E-32   0.904435E-34   0.156566E-33   0.271791E-33   0.474296E-33   0.833470E-33   0.339070E-14   0.145577E-14   0.196297E-13   0.225087E-14   0.105868E-15   0.742535E-18   0.105467E-20   0.372120E-24   0.285002E-26   0.642343E-30   0.937886E-26
   0.333333E+01   0.563371E-30   0.966401E-30   0.263790E-31   0.471542E-31   0.825961E-31   0.716282E-29   0.243306E-30   0.412665E-30   0.694997E-30   0.480106E-28   0.193165E-29   0.318882E-29   0.522935E-29   0.853443E-29   0.138613E-28   0.223719E-10   0.954651E-11   0.124509E-09   0.142432E-10   0.670509E-12   0.474226E-14   0.679013E-17   0.238969E-20   0.194257E-22   0.829022E-26   0.587009E-22
   0.333333E+01   0.183347E-29   0.309533E-29   0.183418E-29   0.311199E-29   0.519643E-29   0.222537E-28   0.140733E-28   0.229663E-28   0.373165E-28   0.148033E-27   0.974589E-28   0.156781E-27   0.251526E-27   0.402746E-27   0.643699E-27   0.330890E-10   0.141123E-10   0.183167E-09   0.209739E-10   0.987079E-12   0.698265E-14   0.100009E-16   0.352012E-20   0.289976E-22   0.853895E-25   0.860673E-22
   0.333333E+01   0.469342E-30   0.763636E-30   0.632070E-30   0.100409E-29   0.159464E-29   0.503557E-29   0.401999E-29   0.638175E-29   0.101302E-28   0.321667E-28   0.255193E-28   0.404985E-28   0.642640E-28   0.101965E-27   0.161765E-27   0.460788E-11   0.194859E-11   0.243168E-10   0.274748E-11   0.128780E-12   0.914632E-15   0.132577E-17   0.469801E-21   0.422995E-23   0.163376E-25   0.112736E-22
   0.333333E+01   0.530029E-29   0.861471E-29   0.715363E-29   0.113527E-28   0.180164E-28   0.566994E-28   0.453723E-28   0.720016E-28   0.114257E-27   0.361931E-27   0.287687E-27   0.456464E-27   0.724209E-27   0.114891E-26   0.182246E-26   0.526756E-10   0.222896E-10   0.278598E-09   0.315097E-10   0.147730E-11   0.104905E-13   0.151953E-16   0.538216E-20   0.482862E-22   0.183178E-24   0.129249E-21
   0.333333E+01   0.615375E-33   0.108138E-32   0.393363E-34   0.680060E-34   0.115892E-33   0.863552E-32   0.326875E-33   0.544257E-33   0.901782E-33   0.603352E-31   0.244228E-32   0.399364E-32   0.650331E-32   0.105602E-31   0.171022E-31   0.809195E-13   0.349329E-13   0.471998E-12   0.545373E-13   0.257875E-14   0.181963E-16   0.258438E-19   0.906164E-23   0.679094E-25   0.767193E-29   0.226270E-24
   0.333333E+01   0.420429E-32   0.744015E-32   0.271651E-33   0.471613E-33   0.806266E-33   0.603953E-31   0.228329E-32   0.380585E-32   0.630940E-32   0.424739E-30   0.170809E-31   0.279044E-31   0.453706E-31   0.735151E-31   0.118711E-30   0.570867E-12   0.246445E-12   0.333022E-11   0.384741E-12   0.181896E-13   0.128311E-15   0.182148E-18   0.638855E-22   0.479621E-24   0.521445E-28   0.159740E-23
   0.333333E+01   0.970533E-31   0.172962E-30   0.634810E-32   0.110699E-31   0.189913E-31   0.142720E-29   0.540462E-31   0.902363E-31   0.149786E-30   0.101028E-28   0.406163E-30   0.663826E-30   0.107958E-29   0.174932E-29   0.282429E-29   0.119996E-10   0.514756E-11   0.694397E-10   0.796823E-11   0.375443E-12   0.264287E-14   0.376116E-17   0.132189E-20   0.100903E-22   0.123679E-26   0.331924E-22
   0.333333E+01   0.760909E-27   0.126916E-26   0.118969E-27   0.208392E-27   0.358789E-27   0.886405E-26   0.102625E-26   0.171648E-26   0.285326E-26   0.581731E-25   0.775244E-26   0.126793E-25   0.206316E-25   0.334451E-25   0.540151E-25   0.291883E-07   0.126026E-07   0.171987E-06   0.198815E-07   0.939998E-09   0.661819E-11   0.936469E-14   0.327544E-17   0.238579E-19   0.221330E-22   0.822336E-19
   0.333333E+01   0.193563E-27   0.314887E-27   0.257161E-27   0.409237E-27   0.650701E-27   0.207175E-26   0.164277E-26   0.260912E-26   0.414311E-26   0.132149E-25   0.104421E-25   0.165740E-25   0.263029E-25   0.417372E-25   0.662179E-25   0.246479E-08   0.105185E-08   0.136594E-07   0.156384E-08   0.736019E-10   0.520620E-12   0.745588E-15   0.262433E-18   0.215610E-20   0.673131E-23   0.641750E-20
   0.333333E+01   0.118127E-28   0.191450E-28   0.157502E-28   0.249825E-28   0.396294E-28   0.125111E-27   0.997375E-28   0.158236E-27   0.251050E-27   0.796193E-27   0.631932E-27   0.100256E-26   0.159049E-26   0.252301E-26   0.400192E-26   0.115337E-09   0.488146E-10   0.612202E-09   0.692423E-10   0.324689E-11   0.230477E-13   0.333657E-16   0.118165E-19   0.105147E-21   0.402126E-24   0.284182E-21
   0.333333E+01   0.449663E-27   0.728475E-27   0.598883E-27   0.949675E-27   0.150614E-26   0.475590E-26   0.378942E-26   0.601136E-26   0.953654E-26   0.302544E-25   0.240020E-25   0.380776E-25   0.604051E-25   0.958189E-25   0.151981E-24   0.570664E-08   0.243969E-08   0.316990E-07   0.363161E-08   0.170954E-09   0.120908E-11   0.173062E-14   0.608938E-18   0.498642E-20   0.153405E-22   0.148997E-19
   0.333333E+01   0.000000E+00   0.000000E+00   0.000000E+00   0.000000E+00   0.000000E+00   0.000000E+00   0.000000E+00   0.000000E+00   0.000000E+00   0.000000E+00   0.000000E+00   0.000000E+00   0.000000E+00   0.000000E+00   0.000000E+00   0.000000E+00   0.000000E+00   0.000000E+00   0.000000E+00   0.000000E+00   0.000000E+00   0.000000E+00   0.000000E+00   0.000000E+00   0.000000E+00   0.000000E+00
   0.333333E+01   0.227011E-26   0.460385E-26   0.932562E-26   0.186164E-25   0.371762E-25   0.745832E-25   0.148376E-24   0.296515E-24   0.592652E-24   0.118894E-23   0.236842E-23   0.473527E-23   0.946804E-23   0.189321E-22   0.378577E-22   0.619981E-08   0.268881E-08   0.421484E-07   0.484983E-08   0.232183E-09   0.162073E-11   0.225251E-14   0.784018E-18   0.246477E-19   0.387438E-19   0.872353E-19
   0.350000E+01   0.202748E-25   0.415953E-25   0.875000E-25   0.175000E-24   0.350000E-24   0.692971E-24   0.140000E-23   0.280000E-23   0.560000E-23   0.111755E-22   0.224000E-22   0.448000E-22   0.896000E-22   0.179200E-21   0.358400E-21   0.172751E-07   0.205464E-07   0.211061E-06   0.287022E-07   0.168052E-08   0.166199E-10   0.167077E-13   0.169874E-16   0.211689E-18   0.366991E-18   0.738481E-18
   0.350000E+01   0.191767E-37   0.350284E-37   0.327075E-35   0.654159E-35   0.130831E-34   0.393048E-36   0.523327E-34   0.104665E-33   0.209327E-33   0.494090E-35   0.837321E-33   0.167464E-32   0.334927E-32   0.669850E-32   0.133970E-31   0.980567E-18   0.114557E-17   0.852718E-17   0.116609E-17   0.665705E-19   0.669923E-21   0.682741E-24   0.715733E-27   0.144594E-29   0.343986E-30   0.404405E-29
   0.350000E+01   0.141331E-35   0.239302E-35   0.327098E-35   0.654193E-35   0.130832E-34   0.176187E-34   0.523355E-34   0.104670E-33   0.209330E-33   0.121222E-33   0.837357E-33   0.167473E-32   0.334940E-32   0.669880E-32   0.133971E-31   0.115048E-15   0.134405E-15   0.100044E-14   0.136808E-15   0.781011E-17   0.785951E-19   0.801007E-22   0.839710E-25   0.169594E-27   0.352687E-30   0.474293E-27
   0.350000E+01   0.532932E-37   0.932497E-37   0.327095E-35   0.654186E-35   0.130831E-34   0.827989E-36   0.523349E-34   0.104671E-33   0.209330E-33   0.790078E-35   0.837354E-33   0.167472E-32   0.334942E-32   0.669886E-32   0.133970E-31   0.389592E-17   0.455269E-17   0.338950E-16   0.463578E-17   0.264676E-18   0.266376E-20   0.271514E-23   0.284661E-26   0.574996E-29   0.344035E-30   0.160819E-28
   0.350000E+01   0.463028E-35   0.794484E-35   0.327095E-35   0.654182E-35   0.130831E-34   0.601052E-34   0.523348E-34   0.104671E-33   0.209329E-33   0.413335E-33   0.837357E-33   0.167470E-32   0.334945E-32   0.669878E-32   0.133971E-31   0.404018E-15   0.472263E-15   0.351671E-14   0.481058E-15   0.274686E-16   0.276476E-18   0.281846E-21   0.295520E-24   0.596944E-27   0.375564E-30   0.166964E-26
   0.350000E+01   0.434659E-33   0.750841E-33   0.327121E-35   0.654243E-35   0.130841E-34   0.576147E-32   0.132069E-35   0.264157E-35   0.527336E-35   0.396604E-31   0.211341E-34   0.422591E-34   0.845543E-34   0.169085E-33   0.337447E-33   0.392562E-13   0.458993E-13   0.341856E-12   0.467683E-13   0.267062E-14   0.268803E-16   0.273992E-19   0.287364E-22   0.580683E-25   0.345201E-29   0.162418E-24
   0.350000E+01   0.420661E-31   0.716192E-31   0.120465E-36   0.242305E-36   0.485973E-36   0.531276E-30   0.195358E-35   0.391562E-35   0.783425E-35   0.360833E-29   0.314589E-34   0.629749E-34   0.126016E-33   0.252213E-33   0.504112E-33   0.338929E-11   0.393907E-11   0.292585E-10   0.397561E-11   0.225906E-12   0.226209E-14   0.229118E-17   0.241890E-20   0.498647E-23   0.280580E-27   0.138422E-22
   0.350000E+01   0.165090E-36   0.285471E-36   0.327098E-35   0.654192E-35   0.130830E-34   0.228628E-35   0.523350E-34   0.104670E-33   0.209327E-33   0.178982E-34   0.837360E-33   0.167472E-32   0.334940E-32   0.669882E-32   0.133970E-31   0.137662E-16   0.160912E-16   0.119822E-15   0.163905E-16   0.935900E-18   0.941990E-20   0.960279E-23   0.100686E-25   0.203386E-28   0.344848E-30   0.568868E-28
   0.350000E+01   0.150839E-34   0.260468E-34   0.327095E-35   0.654192E-35   0.130832E-34   0.199785E-33   0.523347E-34   0.104670E-33   0.209329E-33   0.137700E-32   0.837363E-33   0.167472E-32   0.334943E-32   0.669881E-32   0.133973E-31   0.135865E-14   0.158857E-14   0.118316E-13   0.161872E-14   0.924385E-16   0.930492E-18   0.948680E-21   0.994796E-24   0.200961E-26   0.451244E-30   0.562116E-26
   0.350000E+01   0.137115E-32   0.238418E-32   0.833190E-37   0.166814E-36   0.333017E-36   0.185769E-31   0.133433E-35   0.267110E-35   0.533167E-35   0.128668E-30   0.213733E-34   0.427376E-34   0.855053E-34   0.170987E-33   0.341419E-33   0.127611E-12   0.149207E-12   0.111139E-11   0.152027E-12   0.868010E-14   0.873478E-16   0.889873E-19   0.933777E-22   0.188938E-24   0.104653E-28   0.528325E-24
   0.350000E+01   0.107696E-30   0.188586E-30   0.176260E-36   0.359396E-36   0.729065E-36   0.149368E-29   0.296667E-35   0.598167E-35   0.120254E-34   0.104134E-28   0.485801E-34   0.974731E-34   0.195464E-33   0.391602E-33   0.783877E-33   0.902893E-11   0.104437E-10   0.771973E-10   0.104095E-10   0.589798E-12   0.590836E-14   0.600266E-17   0.636169E-20   0.133099E-22   0.821833E-27   0.364367E-22
   0.350000E+01   0.283789E-29   0.470950E-29   0.547331E-35   0.113871E-34   0.234983E-34   0.324138E-28   0.972060E-34   0.197486E-33   0.399910E-33   0.210690E-27   0.162833E-32   0.327703E-32   0.658659E-32   0.132251E-31   0.265321E-31   0.525440E-10   0.604521E-10   0.421363E-09   0.565604E-10   0.320683E-11   0.324214E-13   0.331777E-16   0.352636E-19   0.809468E-22   0.489160E-25   0.194931E-21
   0.350000E+01   0.273271E-29   0.443928E-29   0.337083E-33   0.689589E-33   0.140419E-32   0.291689E-28   0.569639E-32   0.114960E-31   0.231572E-31   0.186058E-27   0.935796E-31   0.187832E-30   0.376736E-30   0.755178E-30   0.151306E-29   0.383830E-10   0.440166E-10   0.301501E-09   0.403015E-10   0.228127E-11   0.230948E-13   0.236615E-16   0.252393E-19   0.600664E-22   0.182753E-24   0.138527E-21
   0.350000E+01   0.207965E-36   0.361216E-36   0.327094E-35   0.654189E-35   0.130831E-34   0.289656E-35   0.523346E-34   0.104671E-33   0.209329E-33   0.221755E-34   0.837352E-33   0.167472E-32   0.334941E-32   0.669887E-32   0.133971E-31   0.177812E-16   0.207898E-16   0.154840E-15   0.211838E-16   0.120971E-17   0.121769E-19   0.124149E-22   0.130182E-25   0.262988E-28   0.345144E-30   0.735612E-28
   0.350000E+01   0.194716E-34   0.338408E-34   0.327099E-35   0.654197E-35   0.130831E-34   0.263416E-33   0.523356E-34   0.104670E-33   0.209332E-33   0.182530E-32   0.837363E-33   0.420605E-34   0.841270E-34   0.168158E-33   0.335930E-33   0.178173E-14   0.208381E-14   0.155231E-13   0.212407E-14   0.121309E-15   0.122121E-17   0.124524E-20   0.130588E-23   0.263825E-26   0.499585E-30   0.737994E-26
   0.350000E+01   0.430443E-32   0.753317E-32   0.896785E-37   0.180086E-36   0.360736E-36   0.595769E-31   0.145159E-35   0.290770E-35   0.581428E-35   0.415022E-30   0.233504E-34   0.467219E-34   0.934437E-34   0.186996E-33   0.373630E-33   0.405414E-12   0.473900E-12   0.352989E-11   0.482629E-12   0.275447E-13   0.277008E-15   0.281885E-18   0.296072E-21   0.600685E-24   0.360072E-28   0.167877E-23
   0.350000E+01   0.298403E-30   0.525917E-30   0.604163E-36   0.126526E-35   0.262481E-35   0.422792E-29   0.109557E-34   0.223252E-34   0.453109E-34   0.296447E-28   0.185187E-33   0.371452E-33   0.747351E-33   0.150180E-32   0.301432E-32   0.201130E-10   0.231494E-10   0.168451E-09   0.225350E-10   0.127688E-11   0.128483E-13   0.131110E-16   0.139212E-19   0.297446E-22   0.255139E-26   0.789245E-22
   0.350000E+01   0.336040E-29   0.550184E-29   0.332064E-34   0.703533E-34   0.147310E-33   0.367540E-28   0.621468E-33   0.127193E-32   0.259090E-32   0.235952E-27   0.106380E-31   0.213604E-31   0.430339E-31   0.865687E-31   0.173936E-30   0.559020E-10   0.642638E-10   0.448427E-09   0.603021E-10   0.341993E-11   0.345734E-13   0.353746E-16   0.375706E-19   0.862574E-22   0.130685E-24   0.207497E-21
   0.350000E+01   0.277573E-29   0.450895E-29   0.201191E-32   0.429366E-32   0.904294E-32   0.296302E-28   0.384653E-31   0.789614E-31   0.161227E-30   0.189155E-27   0.664250E-30   0.133527E-29   0.269270E-29   0.542087E-29   0.108983E-28   0.393777E-10   0.451036E-10   0.309558E-09   0.414058E-10   0.234420E-11   0.237298E-13   0.243096E-16   0.259205E-19   0.615485E-22   0.189579E-24   0.142302E-21
   0.350000E+01   0.292551E-29   0.484692E-29   0.762297E-30   0.165043E-29   0.350482E-29   0.368703E-28   0.145680E-28   0.286101E-28   0.544480E-28   0.289394E-27   0.180768E-27   0.316841E-27   0.545866E-27   0.925278E-27   0.154769E-26   0.388442E-10   0.444670E-10   0.304733E-09   0.407233E-10   0.230501E-11   0.233355E-13   0.239085E-16   0.255068E-19   0.607514E-22   0.191514E-24   0.139984E-21
   0.350000E+01   0.179224E-38   0.318236E-38   0.821318E-37   0.164240E-36   0.328574E-36   0.288595E-37   0.131439E-35   0.262822E-35   0.525643E-35   0.274745E-36   0.210167E-34   0.420304E-34   0.840668E-34   0.168122E-33   0.336267E-33   0.138286E-18   0.161725E-18   0.120485E-17   0.164862E-18   0.941491E-20   0.947694E-22   0.966391E-25   0.101340E-27   0.205037E-30   0.343591E-30   0.572560E-30
   0.350000E+01   0.499068E-34   0.872732E-34   0.190906E-36   0.408202E-36   0.861096E-36   0.688803E-33   0.361648E-35   0.721509E-35   0.140845E-34   0.479321E-32   0.508175E-34   0.945902E-34   0.175061E-33   0.323063E-33   0.596484E-33   0.459892E-14   0.538004E-14   0.400855E-13   0.548586E-14   0.313337E-15   0.315460E-17   0.321699E-20   0.337402E-23   0.681707E-26   0.830998E-30   0.190702E-25
   0.350000E+01   0.535167E-32   0.942457E-32   0.118967E-34   0.267708E-34   0.586238E-34   0.756109E-31   0.254683E-33   0.508147E-33   0.979584E-33   0.529597E-30   0.331646E-32   0.585798E-32   0.101624E-31   0.173381E-31   0.291871E-31   0.502016E-12   0.586462E-12   0.436765E-11   0.596617E-12   0.340238E-13   0.341816E-15   0.347337E-18   0.365187E-21   0.744163E-24   0.544166E-28   0.207798E-23
   0.350000E+01   0.321197E-30   0.567333E-30   0.723886E-33   0.163749E-32   0.360050E-32   0.455010E-29   0.157282E-31   0.314365E-31   0.606759E-31   0.317015E-28   0.205638E-30   0.363180E-30   0.629714E-30   0.107331E-29   0.180417E-29   0.144341E-10   0.166580E-10   0.119917E-09   0.161473E-10   0.917478E-12   0.925433E-14   0.945348E-17   0.100029E-19   0.216005E-22   0.337242E-26   0.561502E-22
   0.350000E+01   0.342358E-29   0.559259E-29   0.126313E-30   0.287029E-30   0.633393E-30   0.379025E-28   0.278108E-29   0.556863E-29   0.107634E-28   0.253281E-27   0.365509E-28   0.645944E-28   0.112048E-27   0.191029E-27   0.321148E-27   0.551198E-10   0.634032E-10   0.443105E-09   0.596548E-10   0.338403E-11   0.342058E-13   0.349928E-16   0.371421E-19   0.850592E-22   0.199285E-24   0.205144E-21
   0.350000E+01   0.412327E-29   0.729436E-29   0.523706E-29   0.931059E-29   0.159369E-28   0.569055E-28   0.436485E-28   0.709180E-28   0.114369E-27   0.378026E-27   0.293535E-27   0.468366E-27   0.746227E-27   0.118755E-26   0.188824E-26   0.409472E-10   0.469137E-10   0.322206E-09   0.431154E-10   0.244122E-11   0.247105E-13   0.253127E-16   0.269835E-19   0.639794E-22   0.197192E-24   0.148155E-21
   0.350000E+01   0.571070E-29   0.928685E-29   0.771378E-29   0.122430E-28   0.194309E-28   0.611672E-28   0.489397E-28   0.776657E-28   0.123249E-27   0.390499E-27   0.310341E-27   0.492417E-27   0.781260E-27   0.123943E-26   0.196607E-26   0.406484E-10   0.465558E-10   0.319455E-09   0.427244E-10   0.241874E-11   0.244845E-13   0.250831E-16   0.267474E-19   0.635371E-22   0.197935E-24   0.146827E-21
   0.350000E+01   0.145994E-38   0.261239E-38   0.821906E-37   0.164346E-36   0.328668E-36   0.248564E-37   0.131420E-35   0.262878E-35   0.525831E-35   0.244718E-36   0.210122E-34   0.420304E-34   0.840969E-34   0.168206E-33   0.336195E-33   0.109045E-18   0.127572E-18   0.950534E-18   0.130089E-18   0.743010E-20   0.747872E-22   0.762660E-25   0.799995E-28   0.162026E-30   0.344183E-30   0.452168E-30
   0.350000E+01   0.252282E-36   0.443991E-36   0.919648E-37   0.181626E-36   0.358502E-36   0.355838E-35   0.140110E-35   0.277548E-35   0.550319E-35   0.249717E-34   0.216998E-34   0.431559E-34   0.859326E-34   0.171119E-33   0.341106E-33   0.233763E-16   0.273526E-16   0.203832E-15   0.278970E-16   0.159342E-17   0.160416E-19   0.163558E-22   0.171591E-25   0.346880E-28   0.347190E-30   0.970338E-28
   0.350000E+01   0.291765E-34   0.517012E-34   0.123321E-35   0.220547E-35   0.388247E-35   0.420742E-33   0.117061E-34   0.202082E-34   0.347935E-34   0.296300E-32   0.102726E-33   0.176536E-33   0.304375E-33   0.526947E-33   0.918235E-33   0.264436E-14   0.307525E-14   0.228610E-13   0.310594E-14   0.176479E-15   0.176716E-17   0.179049E-20   0.189148E-23   0.391326E-26   0.701307E-30   0.108533E-25
   0.350000E+01   0.585215E-30   0.100331E-29   0.295219E-31   0.525835E-31   0.918817E-31   0.742210E-29   0.270035E-30   0.457632E-30   0.769983E-30   0.497105E-28   0.213442E-29   0.351609E-29   0.576127E-29   0.938931E-29   0.152305E-28   0.165138E-10   0.190995E-10   0.137169E-09   0.185834E-10   0.105687E-11   0.106618E-13   0.108879E-16   0.114938E-19   0.249300E-22   0.931847E-26   0.642337E-22
   0.350000E+01   0.191385E-29   0.322852E-29   0.197471E-29   0.332978E-29   0.553527E-29   0.231015E-28   0.149043E-28   0.242694E-28   0.393572E-28   0.153290E-27   0.102445E-27   0.164541E-27   0.263718E-27   0.421835E-27   0.673633E-27   0.244575E-10   0.282686E-10   0.201839E-09   0.273676E-10   0.155590E-11   0.157000E-13   0.160353E-16   0.169340E-19   0.371980E-22   0.880265E-25   0.941862E-22
   0.350000E+01   0.501546E-30   0.816246E-30   0.676083E-30   0.107389E-29   0.170534E-29   0.538386E-29   0.429865E-29   0.682389E-29   0.108317E-28   0.343906E-28   0.272852E-28   0.432999E-28   0.687083E-28   0.109015E-27   0.172947E-27   0.355966E-11   0.407588E-11   0.279550E-10   0.373707E-11   0.211545E-12   0.214148E-14   0.219391E-17   0.234005E-20   0.556785E-23   0.174890E-25   0.128449E-22
   0.350000E+01   0.563016E-29   0.915425E-29   0.760481E-29   0.120687E-28   0.191525E-28   0.602780E-28   0.482335E-28   0.765419E-28   0.121462E-27   0.384788E-27   0.305827E-27   0.485246E-27   0.769873E-27   0.122135E-26   0.193738E-26   0.405457E-10   0.464604E-10   0.319207E-09   0.427212E-10   0.241906E-11   0.244857E-13   0.250818E-16   0.267342E-19   0.633868E-22   0.195051E-24   0.146796E-21
   0.350000E+01   0.641869E-33   0.112875E-32   0.430919E-34   0.743359E-34   0.126485E-33   0.902248E-32   0.356222E-33   0.592808E-33   0.981583E-33   0.630759E-31   0.265344E-32   0.433229E-32   0.704972E-32   0.114342E-31   0.184966E-31   0.586649E-13   0.686456E-13   0.511555E-12   0.700180E-13   0.399959E-14   0.402702E-16   0.410722E-19   0.430798E-22   0.870473E-25   0.848084E-29   0.243518E-24
   0.350000E+01   0.455505E-32   0.806666E-32   0.309149E-33   0.535549E-33   0.914193E-33   0.655439E-31   0.258527E-32   0.430716E-32   0.713626E-32   0.461217E-30   0.192866E-31   0.314628E-31   0.511272E-31   0.827609E-31   0.133519E-30   0.429868E-12   0.503016E-12   0.374894E-11   0.513065E-12   0.293037E-13   0.294977E-15   0.300656E-18   0.315521E-21   0.638470E-24   0.600890E-28   0.178572E-23
   0.350000E+01   0.103065E-30   0.183808E-30   0.708135E-32   0.123218E-31   0.211074E-31   0.151815E-29   0.599844E-31   0.100104E-30   0.166071E-30   0.107528E-28   0.449577E-30   0.733753E-30   0.119267E-29   0.193074E-29   0.311453E-29   0.886678E-11   0.103118E-10   0.766394E-10   0.104192E-10   0.593017E-12   0.595626E-14   0.606175E-17   0.638133E-20   0.131301E-22   0.139812E-26   0.364108E-22
   0.350000E+01   0.759104E-27   0.126635E-26   0.127441E-27   0.222750E-27   0.382935E-27   0.884568E-26   0.109378E-26   0.182860E-26   0.303788E-26   0.580697E-25   0.824041E-26   0.134585E-25   0.218879E-25   0.354482E-25   0.572012E-25   0.207389E-07   0.242624E-07   0.182802E-06   0.250403E-07   0.143038E-08   0.143740E-10   0.146283E-13   0.152976E-16   0.301091E-19   0.235937E-22   0.868378E-19
   0.350000E+01   0.198867E-27   0.323559E-27   0.264531E-27   0.420856E-27   0.669058E-27   0.212887E-26   0.168874E-26   0.268193E-26   0.425847E-26   0.135781E-25   0.107318E-25   0.170331E-25   0.270308E-25   0.428910E-25   0.680469E-25   0.182265E-08   0.210824E-08   0.150584E-07   0.204126E-08   0.116051E-09   0.117094E-11   0.119588E-14   0.126292E-17   0.276894E-20   0.692914E-23   0.702047E-20
   0.350000E+01   0.126546E-28   0.205168E-28   0.168870E-28   0.267850E-28   0.424878E-28   0.134131E-27   0.106928E-27   0.169642E-27   0.269144E-27   0.853621E-27   0.677468E-27   0.107480E-26   0.170508E-26   0.270478E-26   0.429023E-26   0.888700E-10   0.101873E-09   0.701815E-09   0.939004E-10   0.531728E-11   0.538029E-13   0.550992E-16   0.587213E-19   0.138390E-21   0.431761E-24   0.322688E-21
   0.350000E+01   0.458892E-27   0.743682E-27   0.611686E-27   0.969948E-27   0.153825E-26   0.485712E-26   0.387007E-26   0.613922E-26   0.973928E-26   0.308988E-25   0.245119E-25   0.388861E-25   0.616875E-25   0.978528E-25   0.155207E-24   0.420812E-08   0.487406E-08   0.348603E-07   0.472940E-08   0.268942E-09   0.271331E-11   0.277079E-14   0.292455E-17   0.639045E-20   0.157010E-22   0.162570E-19
   0.350000E+01   0.000000E+00   0.000000E+00   0.000000E+00   0.000000E+00   0.000000E+00   0.000000E+00   0.000000E+00   0.000000E+00   0.000000E+00   0.000000E+00   0.000000E+00   0.000000E+00   0.000000E+00   0.000000E+00   0.000000E+00   0.000000E+00   0.000000E+00   0.000000E+00   0.000000E+00   0.000000E+00   0.000000E+00   0.000000E+00   0.000000E+00   0.000000E+00   0.000000E+00   0.000000E+00
   0.350000E+01   0.226926E-26   0.460333E-26   0.932841E-26   0.186208E-25   0.371834E-25   0.745923E-25   0.148394E-24   0.296546E-24   0.592701E-24   0.118903E-23   0.236854E-23   0.473547E-23   0.946836E-23   0.189326E-22   0.378585E-22   0.423058E-08   0.497731E-08   0.431686E-07   0.588410E-08   0.340262E-09   0.339260E-11   0.343223E-14   0.354214E-17   0.258809E-19   0.387439E-19   0.878335E-19
   0.366667E+01   0.202502E-25   0.415639E-25   0.875000E-25   0.175000E-24   0.350000E-24   0.692896E-24   0.140000E-23   0.280000E-23   0.560000E-23   0.111753E-22   0.224000E-22   0.448000E-22   0.896000E-22   0.179200E-21   0.358400E-21   0.167610E-07   0.201690E-07   0.207448E-06   0.326057E-07   0.226848E-08   0.295482E-10   0.235471E-13   0.353770E-16   0.231397E-18   0.366990E-18   0.738467E-18
   0.366667E+01   0.205027E-37   0.372914E-37   0.327075E-35   0.654159E-35   0.130831E-34   0.409948E-36   0.523327E-34   0.104665E-33   0.209327E-33   0.505870E-35   0.837321E-33   0.167464E-32   0.334927E-32   0.669850E-32   0.133970E-31   0.115775E-17   0.133714E-17   0.988509E-17   0.156429E-17   0.105990E-18   0.140309E-20   0.111899E-23   0.174419E-26   0.269410E-29   0.343788E-30   0.443295E-29
   0.366667E+01   0.157458E-35   0.266766E-35   0.327098E-35   0.654193E-35   0.130832E-34   0.196470E-34   0.523355E-34   0.104670E-33   0.209330E-33   0.134993E-33   0.837357E-33   0.167473E-32   0.334940E-32   0.669880E-32   0.133971E-31   0.136181E-15   0.157277E-15   0.116270E-14   0.183990E-15   0.124663E-16   0.165029E-18   0.131614E-21   0.205145E-24   0.316817E-27   0.354437E-30   0.521244E-27
   0.366667E+01   0.582340E-37   0.101767E-36   0.327095E-35   0.654186E-35   0.130831E-34   0.891663E-36   0.523349E-34   0.104671E-33   0.209330E-33   0.834059E-35   0.837354E-33   0.167472E-32   0.334942E-32   0.669886E-32   0.133970E-31   0.458198E-17   0.529327E-17   0.391393E-16   0.619452E-17   0.419755E-18   0.555722E-20   0.443257E-23   0.690975E-26   0.106720E-28   0.343985E-30   0.175600E-28
   0.366667E+01   0.513636E-35   0.881912E-35   0.327095E-35   0.654182E-35   0.130831E-34   0.667791E-34   0.523348E-34   0.104671E-33   0.209329E-33   0.459258E-33   0.837357E-33   0.167470E-32   0.334945E-32   0.669878E-32   0.133971E-31   0.476009E-15   0.550052E-15   0.406797E-14   0.643933E-15   0.436391E-16   0.577797E-18   0.460927E-21   0.718590E-24   0.110990E-26   0.381430E-30   0.182630E-26
   0.366667E+01   0.483019E-33   0.834967E-33   0.327125E-35   0.654246E-35   0.130843E-34   0.641411E-32   0.132173E-35   0.264326E-35   0.527411E-35   0.441799E-31   0.211476E-34   0.422832E-34   0.845905E-34   0.169169E-33   0.337591E-33   0.463270E-13   0.535464E-13   0.396081E-12   0.627036E-13   0.424959E-14   0.562662E-16   0.448799E-19   0.699870E-22   0.108133E-24   0.401699E-29   0.177944E-24
   0.366667E+01   0.466803E-31   0.795312E-31   0.123709E-36   0.248935E-36   0.499491E-36   0.590627E-30   0.200746E-35   0.402471E-35   0.805505E-35   0.401386E-29   0.323466E-34   0.647413E-34   0.129615E-33   0.259302E-33   0.518316E-33   0.399423E-11   0.459023E-11   0.338664E-10   0.532626E-11   0.359231E-12   0.473329E-14   0.375320E-17   0.587163E-20   0.922420E-23   0.331053E-27   0.151702E-22
   0.366667E+01   0.181198E-36   0.313293E-36   0.327097E-35   0.654185E-35   0.130830E-34   0.249864E-35   0.523351E-34   0.104671E-33   0.209330E-33   0.193573E-34   0.837360E-33   0.167471E-32   0.334943E-32   0.669884E-32   0.133970E-31   0.161104E-16   0.186160E-16   0.137675E-15   0.217928E-16   0.147688E-17   0.195543E-19   0.155989E-22   0.243188E-25   0.375618E-28   0.344848E-30   0.618070E-28
   0.366667E+01   0.166640E-34   0.287955E-34   0.327098E-35   0.654195E-35   0.130832E-34   0.221099E-33   0.523347E-34   0.104670E-33   0.209329E-33   0.152459E-32   0.837358E-33   0.167472E-32   0.334942E-32   0.669887E-32   0.133971E-31   0.159405E-14   0.184247E-14   0.136287E-13   0.215765E-14   0.146238E-15   0.193640E-17   0.154492E-20   0.240878E-23   0.372069E-26   0.470052E-30   0.612265E-26
   0.366667E+01   0.151780E-32   0.264104E-32   0.834601E-37   0.166991E-36   0.333323E-36   0.206011E-31   0.133658E-35   0.267392E-35   0.533844E-35   0.142774E-30   0.213929E-34   0.428038E-34   0.856016E-34   0.171179E-33   0.341853E-33   0.150008E-12   0.173388E-12   0.128266E-11   0.203033E-12   0.137585E-13   0.182133E-15   0.145203E-18   0.226542E-21   0.350334E-24   0.122587E-28   0.576596E-24
   0.366667E+01   0.118357E-30   0.207399E-30   0.183312E-36   0.373878E-36   0.758993E-36   0.164450E-29   0.308976E-35   0.623106E-35   0.125328E-34   0.114718E-28   0.506324E-34   0.101608E-33   0.203733E-33   0.408261E-33   0.817268E-33   0.105538E-10   0.120503E-10   0.886044E-10   0.138308E-10   0.929999E-12   0.122518E-13   0.973249E-17   0.152697E-19   0.242711E-22   0.960427E-27   0.396441E-22
   0.366667E+01   0.298851E-29   0.495961E-29   0.572925E-35   0.119198E-34   0.245982E-34   0.341225E-28   0.101758E-33   0.206737E-33   0.418646E-33   0.221734E-27   0.170464E-32   0.343061E-32   0.689530E-32   0.138450E-31   0.277756E-31   0.603569E-10   0.680566E-10   0.473488E-09   0.734893E-10   0.494400E-11   0.656915E-13   0.524003E-16   0.827314E-19   0.139300E-21   0.555871E-25   0.207495E-21
   0.366667E+01   0.289091E-29   0.469821E-29   0.357242E-33   0.730857E-33   0.148827E-32   0.308858E-28   0.603775E-32   0.121851E-31   0.245456E-31   0.197016E-27   0.991923E-31   0.199099E-30   0.399337E-30   0.800485E-30   0.160384E-29   0.447086E-10   0.501356E-10   0.343264E-09   0.530485E-10   0.356285E-11   0.473913E-13   0.378084E-16   0.598938E-19   0.103326E-21   0.194271E-24   0.149377E-21
   0.366667E+01   0.223454E-36   0.388194E-36   0.327095E-35   0.654187E-35   0.130830E-34   0.310625E-35   0.523351E-34   0.104669E-33   0.209328E-33   0.236308E-34   0.837351E-33   0.167471E-32   0.334942E-32   0.669882E-32   0.133971E-31   0.203289E-16   0.234966E-16   0.173802E-15   0.275155E-16   0.186488E-17   0.246934E-19   0.197011E-22   0.307170E-25   0.474470E-28   0.345415E-30   0.780769E-28
   0.366667E+01   0.210881E-34   0.366755E-34   0.327098E-35   0.654189E-35   0.130832E-34   0.285778E-33   0.523352E-34   0.104671E-33   0.209329E-33   0.198122E-32   0.837366E-33   0.420725E-34   0.841090E-34   0.168218E-33   0.335858E-33   0.204830E-14   0.236812E-14   0.175202E-13   0.277415E-14   0.188039E-15   0.249011E-17   0.198694E-20   0.309827E-23   0.478599E-26   0.522904E-30   0.787611E-26
   0.366667E+01   0.474826E-32   0.831566E-32   0.905248E-37   0.181896E-36   0.364521E-36   0.658362E-31   0.146673E-35   0.293987E-35   0.587860E-35   0.458893E-30   0.236152E-34   0.472545E-34   0.945391E-34   0.189223E-33   0.377964E-33   0.474686E-12   0.548545E-12   0.405791E-11   0.642051E-12   0.434912E-13   0.575411E-15   0.458264E-18   0.715446E-21   0.110861E-23   0.421184E-28   0.182517E-23
   0.366667E+01   0.324271E-30   0.571902E-30   0.655632E-36   0.137419E-35   0.285281E-35   0.460252E-29   0.119167E-34   0.242912E-34   0.493143E-34   0.322899E-28   0.201622E-33   0.404509E-33   0.813958E-33   0.163579E-32   0.328352E-32   0.233125E-10   0.263960E-10   0.191581E-09   0.296588E-10   0.199395E-11   0.263685E-13   0.210110E-16   0.330543E-19   0.532353E-22   0.294408E-26   0.851012E-22
   0.366667E+01   0.350709E-29   0.574345E-29   0.358200E-34   0.759171E-34   0.159004E-33   0.383736E-28   0.671085E-33   0.137367E-32   0.279845E-32   0.246326E-27   0.114920E-31   0.230807E-31   0.465018E-31   0.935481E-31   0.187964E-30   0.639473E-10   0.720956E-10   0.501865E-09   0.780415E-10   0.525188E-11   0.697827E-13   0.556602E-16   0.878347E-19   0.147867E-21   0.142807E-24   0.219986E-21
   0.366667E+01   0.292945E-29   0.476061E-29   0.220603E-32   0.470998E-32   0.992323E-32   0.313002E-28   0.422323E-31   0.867096E-31   0.177072E-30   0.199832E-27   0.729681E-30   0.146718E-29   0.295888E-29   0.595701E-29   0.119766E-28   0.457700E-10   0.512919E-10   0.351781E-09   0.544032E-10   0.365456E-11   0.486084E-13   0.387785E-16   0.614110E-19   0.105769E-21   0.200686E-24   0.153165E-21
   0.366667E+01   0.311159E-29   0.516565E-29   0.875577E-30   0.189641E-29   0.402221E-29   0.396960E-28   0.165583E-28   0.322630E-28   0.608772E-28   0.311761E-27   0.198912E-27   0.346395E-27   0.593387E-27   0.100105E-26   0.166788E-26   0.452808E-10   0.506932E-10   0.347220E-09   0.536441E-10   0.360259E-11   0.479198E-13   0.382297E-16   0.605698E-19   0.104558E-21   0.203370E-24   0.151062E-21
   0.366667E+01   0.194104E-38   0.345078E-38   0.821200E-37   0.164264E-36   0.328504E-36   0.307647E-37   0.131373E-35   0.262859E-35   0.525380E-35   0.286002E-36   0.210167E-34   0.420334E-34   0.841030E-34   0.168134E-33   0.336171E-33   0.161084E-18   0.186230E-18   0.137800E-17   0.218195E-18   0.147881E-19   0.195839E-21   0.156243E-24   0.243623E-27   0.376743E-30   0.343689E-30   0.619636E-30
   0.366667E+01   0.534138E-34   0.934691E-34   0.212688E-36   0.457126E-36   0.967126E-36   0.738470E-33   0.404916E-35   0.803380E-35   0.155692E-34   0.514168E-32   0.552847E-34   0.102071E-33   0.187459E-33   0.343393E-33   0.629514E-33   0.522105E-14   0.603778E-14   0.446779E-13   0.707532E-14   0.479629E-15   0.635199E-17   0.506898E-20   0.790503E-23   0.122121E-25   0.895583E-30   0.200980E-25
   0.366667E+01   0.578600E-32   0.101963E-31   0.144056E-34   0.324331E-34   0.709435E-34   0.818872E-31   0.305296E-33   0.604370E-33   0.115520E-32   0.573876E-30   0.384901E-32   0.675450E-32   0.116502E-31   0.197797E-31   0.331622E-31   0.575759E-12   0.664984E-12   0.491853E-11   0.777541E-12   0.526299E-13   0.695683E-15   0.553349E-18   0.864297E-21   0.134374E-23   0.621841E-28   0.221350E-23
   0.366667E+01   0.339066E-30   0.599061E-30   0.857729E-33   0.194100E-32   0.426266E-32   0.480309E-29   0.184428E-31   0.365731E-31   0.699908E-31   0.334548E-28   0.233461E-30   0.409673E-30   0.706305E-30   0.119817E-29   0.200626E-29   0.163002E-10   0.185104E-10   0.132857E-09   0.206958E-10   0.139549E-11   0.185034E-13   0.147569E-16   0.231853E-19   0.374746E-22   0.376954E-26   0.589598E-22
   0.366667E+01   0.355851E-29   0.581763E-29   0.150679E-30   0.342529E-30   0.754943E-30   0.395837E-28   0.328310E-29   0.652227E-29   0.124996E-28   0.265424E-27   0.417745E-28   0.733475E-28   0.126501E-27   0.214630E-27   0.359390E-27   0.628664E-10   0.709481E-10   0.494500E-09   0.769893E-10   0.518243E-11   0.688539E-13   0.549173E-16   0.866188E-19   0.145546E-21   0.210307E-24   0.216883E-21
   0.366667E+01   0.447169E-29   0.788521E-29   0.579998E-29   0.101744E-28   0.172495E-28   0.605658E-28   0.466999E-28   0.756128E-28   0.121646E-27   0.400123E-27   0.311324E-27   0.496343E-27   0.790322E-27   0.125717E-26   0.199827E-26   0.475400E-10   0.532981E-10   0.365763E-09   0.565900E-10   0.380185E-11   0.505653E-13   0.403393E-16   0.638697E-19   0.109889E-21   0.208387E-24   0.159296E-21
   0.366667E+01   0.603252E-29   0.981419E-29   0.815648E-29   0.129455E-28   0.205455E-28   0.646752E-28   0.517464E-28   0.821194E-28   0.130316E-27   0.412917E-27   0.328135E-27   0.520648E-27   0.826050E-27   0.131048E-26   0.207878E-26   0.472717E-10   0.529668E-10   0.363198E-09   0.561602E-10   0.377238E-11   0.501754E-13   0.400286E-16   0.633951E-19   0.109222E-21   0.209577E-24   0.158105E-21
   0.366667E+01   0.154658E-38   0.276398E-38   0.822258E-37   0.164369E-36   0.328598E-36   0.259708E-37   0.131439E-35   0.262972E-35   0.525606E-35   0.248469E-36   0.210197E-34   0.420364E-34   0.840849E-34   0.168158E-33   0.336219E-33   0.124340E-18   0.143793E-18   0.106401E-17   0.168495E-18   0.114242E-19   0.151279E-21   0.120724E-24   0.188265E-27   0.291174E-30   0.344207E-30   0.478663E-30
   0.366667E+01   0.278097E-36   0.489718E-36   0.936223E-37   0.184435E-36   0.363416E-36   0.392862E-35   0.141558E-35   0.279899E-35   0.554081E-35   0.275710E-34   0.218066E-34   0.433154E-34   0.861673E-34   0.171612E-33   0.341732E-33   0.273199E-16   0.315999E-16   0.233868E-15   0.370381E-16   0.251081E-17   0.332509E-19   0.265294E-22   0.413846E-25   0.639607E-28   0.347707E-30   0.105272E-27
   0.366667E+01   0.323065E-34   0.572850E-34   0.142871E-35   0.254524E-35   0.446683E-35   0.466644E-33   0.133962E-34   0.230553E-34   0.395466E-34   0.328798E-32   0.115661E-33   0.197615E-33   0.338506E-33   0.582209E-33   0.100692E-32   0.310381E-14   0.356921E-14   0.263529E-13   0.414382E-14   0.279452E-15   0.368186E-17   0.291992E-20   0.457129E-23   0.720031E-26   0.760346E-30   0.118469E-25
   0.366667E+01   0.601937E-30   0.103163E-29   0.324135E-31   0.575686E-31   0.100416E-30   0.762195E-29   0.294665E-30   0.499053E-30   0.838952E-30   0.510216E-28   0.232011E-29   0.381713E-29   0.624646E-29   0.101679E-28   0.164759E-28   0.183966E-10   0.209600E-10   0.149926E-09   0.235018E-10   0.158634E-11   0.210415E-13   0.167789E-16   0.263250E-19   0.426052E-22   0.101917E-25   0.665496E-22
   0.366667E+01   0.197933E-29   0.333589E-29   0.209200E-29   0.351043E-29   0.581543E-29   0.237775E-28   0.155879E-28   0.253378E-28   0.410248E-28   0.157451E-27   0.106497E-27   0.170862E-27   0.273585E-27   0.437266E-27   0.697809E-27   0.272995E-10   0.310610E-10   0.220778E-09   0.346323E-10   0.233664E-11   0.310026E-13   0.247202E-16   0.388094E-19   0.633640E-22   0.900421E-25   0.976440E-22
   0.366667E+01   0.531384E-30   0.865104E-30   0.717106E-30   0.113895E-29   0.180855E-29   0.570846E-29   0.455847E-29   0.723615E-29   0.114858E-28   0.364645E-28   0.289318E-28   0.459122E-28   0.728524E-28   0.115589E-27   0.183374E-27   0.414594E-11   0.464311E-11   0.318255E-10   0.491856E-11   0.330347E-12   0.439387E-14   0.350531E-17   0.555261E-20   0.957814E-23   0.185641E-25   0.138497E-22
   0.366667E+01   0.592845E-29   0.964340E-29   0.801563E-29   0.127206E-28   0.201871E-28   0.635347E-28   0.508387E-28   0.806761E-28   0.128022E-27   0.405603E-27   0.322344E-27   0.511453E-27   0.811452E-27   0.128731E-26   0.204201E-26   0.470438E-10   0.527541E-10   0.362144E-09   0.560408E-10   0.376524E-11   0.500778E-13   0.399503E-16   0.632474E-19   0.108805E-21   0.205885E-24   0.157742E-21
   0.366667E+01   0.663608E-33   0.116773E-32   0.465522E-34   0.801633E-34   0.136251E-33   0.934319E-32   0.383354E-33   0.637700E-33   0.105532E-32   0.653514E-31   0.284807E-32   0.464572E-32   0.755225E-32   0.122374E-31   0.197773E-31   0.642859E-13   0.743595E-13   0.550335E-12   0.871642E-13   0.590930E-14   0.782661E-16   0.624661E-19   0.974227E-22   0.150511E-24   0.917592E-29   0.247715E-24
   0.366667E+01   0.488193E-32   0.865113E-32   0.346251E-33   0.598774E-33   0.102102E-32   0.703611E-31   0.288474E-32   0.480433E-32   0.795587E-32   0.495368E-30   0.214693E-31   0.349939E-31   0.568152E-31   0.918915E-31   0.148136E-30   0.488314E-12   0.564852E-12   0.418090E-11   0.662112E-12   0.448825E-13   0.594328E-15   0.474032E-18   0.739747E-21   0.114396E-23   0.675683E-28   0.188313E-23
   0.366667E+01   0.108470E-30   0.193571E-30   0.778840E-32   0.135284E-31   0.231495E-31   0.160033E-29   0.657290E-31   0.109652E-30   0.181819E-30   0.113407E-28   0.491483E-30   0.801488E-30   0.130166E-29   0.210550E-29   0.339400E-29   0.989308E-11   0.113754E-10   0.839839E-10   0.132138E-10   0.892543E-12   0.117915E-13   0.938729E-17   0.146716E-19   0.229824E-22   0.154472E-26   0.377989E-22
   0.366667E+01   0.753716E-27   0.125773E-26   0.134550E-27   0.234764E-27   0.403155E-27   0.878963E-26   0.115051E-26   0.192275E-26   0.319268E-26   0.577232E-25   0.864755E-26   0.141118E-25   0.229309E-25   0.371077E-25   0.598362E-25   0.223043E-07   0.258412E-07   0.193315E-06   0.306506E-07   0.207822E-08   0.274769E-10   0.218972E-13   0.340448E-16   0.516600E-19   0.246186E-22   0.868249E-19
   0.366667E+01   0.203137E-27   0.330591E-27   0.270584E-27   0.430403E-27   0.684144E-27   0.217573E-26   0.172654E-26   0.274180E-26   0.435332E-26   0.138766E-25   0.109700E-25   0.174106E-25   0.276292E-25   0.438396E-25   0.695508E-25   0.203691E-08   0.231855E-08   0.164846E-07   0.258486E-08   0.174394E-09   0.231368E-11   0.184482E-14   0.289626E-17   0.472445E-20   0.709297E-23   0.728081E-20
   0.366667E+01   0.134578E-28   0.218284E-28   0.179786E-28   0.285158E-28   0.452326E-28   0.142787E-27   0.113833E-27   0.180595E-27   0.286519E-27   0.908761E-27   0.721194E-27   0.114416E-26   0.181512E-26   0.287933E-26   0.456708E-26   0.103379E-09   0.115912E-09   0.797553E-09   0.123339E-09   0.828608E-11   0.110169E-12   0.878825E-16   0.139108E-18   0.238560E-21   0.460226E-24   0.347252E-21
   0.366667E+01   0.465470E-27   0.754660E-27   0.621133E-27   0.984901E-27   0.156193E-26   0.493150E-26   0.392954E-26   0.623348E-26   0.988872E-26   0.313738E-25   0.248876E-25   0.394821E-25   0.626326E-25   0.993516E-25   0.157584E-24   0.468841E-08   0.534615E-08   0.380600E-07   0.597384E-08   0.403159E-09   0.534832E-11   0.426448E-14   0.669166E-17   0.108869E-19   0.159726E-22   0.168065E-19
   0.366667E+01   0.000000E+00   0.000000E+00   0.000000E+00   0.000000E+00   0.000000E+00   0.000000E+00   0.000000E+00   0.000000E+00   0.000000E+00   0.000000E+00   0.000000E+00   0.000000E+00   0.000000E+00   0.000000E+00   0.000000E+00   0.000000E+00   0.000000E+00   0.000000E+00   0.000000E+00   0.000000E+00   0.000000E+00   0.000000E+00   0.000000E+00   0.000000E+00   0.000000E+00   0.000000E+00
   0.366667E+01   0.226738E-26   0.460127E-26   0.933064E-26   0.186245E-25   0.371893E-25   0.745931E-25   0.148410E-24   0.296570E-24   0.592740E-24   0.118907E-23   0.236864E-23   0.473563E-23   0.946861E-23   0.189330E-22   0.378592E-22   0.438310E-08   0.514416E-08   0.441722E-07   0.696399E-08   0.477991E-09   0.627539E-11   0.500131E-14   0.765481E-17   0.304829E-19   0.387439E-19   0.879153E-19
   0.383333E+01   0.202185E-25   0.415234E-25   0.875000E-25   0.175000E-24   0.350000E-24   0.692795E-24   0.140000E-23   0.280000E-23   0.560000E-23   0.111752E-22   0.224000E-22   0.448000E-22   0.896000E-22   0.179200E-21   0.358400E-21   0.138580E-07   0.528804E-08   0.220670E-06   0.364601E-07   0.295684E-08   0.485184E-10   0.431915E-13   0.155289E-16   0.180695E-18   0.367005E-18   0.738454E-18
   0.383333E+01   0.218057E-37   0.395003E-37   0.327075E-35   0.654159E-35   0.130831E-34   0.426548E-36   0.523327E-34   0.104665E-33   0.209327E-33   0.516896E-35   0.837321E-33   0.167464E-32   0.334927E-32   0.669850E-32   0.133970E-31   0.114430E-17   0.426838E-18   0.126631E-16   0.204217E-17   0.161332E-18   0.268816E-20   0.241296E-23   0.889909E-27   0.178380E-30   0.230009E-31   0.479549E-29
   0.383333E+01   0.173314E-35   0.293819E-35   0.327098E-35   0.654193E-35   0.130832E-34   0.216513E-34   0.523355E-34   0.104670E-33   0.209330E-33   0.148609E-33   0.837357E-33   0.167473E-32   0.334940E-32   0.669880E-32   0.133971E-31   0.134943E-15   0.503339E-16   0.149324E-14   0.240809E-15   0.190239E-16   0.316980E-18   0.284530E-21   0.104936E-24   0.921204E-30   0.264400E-29   0.565297E-27
   0.383333E+01   0.630226E-37   0.109985E-36   0.327095E-35   0.654186E-35   0.130831E-34   0.954031E-36   0.523349E-34   0.104671E-33   0.209330E-33   0.876756E-35   0.837354E-33   0.167472E-32   0.334942E-32   0.669886E-32   0.133970E-31   0.451105E-17   0.168304E-17   0.499410E-16   0.805521E-17   0.636422E-18   0.106052E-19   0.952049E-23   0.351162E-26   0.197032E-30   0.891933E-31   0.189212E-28
   0.383333E+01   0.562865E-35   0.967117E-35   0.327095E-35   0.654182E-35   0.130831E-34   0.733068E-34   0.523348E-34   0.104671E-33   0.209329E-33   0.504192E-33   0.837357E-33   0.167470E-32   0.334945E-32   0.669878E-32   0.133971E-31   0.469459E-15   0.175194E-15   0.519967E-14   0.838824E-15   0.662804E-16   0.110457E-17   0.991705E-21   0.365834E-24   0.278409E-29   0.921738E-29   0.197130E-26
   0.383333E+01   0.530231E-33   0.917245E-33   0.327128E-35   0.654253E-35   0.130843E-34   0.705469E-32   0.132229E-35   0.264383E-35   0.527787E-35   0.486178E-31   0.211551E-34   0.422952E-34   0.846386E-34   0.169253E-33   0.337856E-33   0.457630E-13   0.170816E-13   0.507076E-12   0.818123E-13   0.646475E-14   0.107736E-15   0.967197E-19   0.356878E-22   0.255084E-27   0.899509E-27   0.192381E-24
   0.383333E+01   0.511668E-31   0.872385E-31   0.126995E-36   0.255588E-36   0.512962E-36   0.648653E-30   0.206201E-35   0.413511E-35   0.827661E-35   0.441051E-29   0.332419E-34   0.665439E-34   0.133196E-33   0.266573E-33   0.532736E-33   0.394241E-11   0.146543E-11   0.433343E-10   0.694510E-11   0.546187E-12   0.905937E-14   0.810516E-17   0.299684E-20   0.229113E-25   0.808458E-25   0.164095E-22
   0.383333E+01   0.196592E-36   0.339953E-36   0.327094E-35   0.654188E-35   0.130831E-34   0.270299E-35   0.523348E-34   0.104670E-33   0.209331E-33   0.207644E-34   0.837357E-33   0.167470E-32   0.334943E-32   0.669883E-32   0.133970E-31   0.157809E-16   0.588906E-17   0.174782E-15   0.281960E-16   0.222792E-17   0.371282E-19   0.333342E-22   0.122967E-25   0.259795E-30   0.310599E-30   0.662618E-28
   0.383333E+01   0.181855E-34   0.314472E-34   0.327099E-35   0.654195E-35   0.130831E-34   0.241741E-33   0.523352E-34   0.104670E-33   0.209331E-33   0.166758E-32   0.837355E-33   0.167472E-32   0.334941E-32   0.669886E-32   0.133971E-31   0.156545E-14   0.584327E-15   0.173461E-13   0.279877E-14   0.221169E-15   0.368609E-17   0.330979E-20   0.122110E-23   0.889128E-29   0.307687E-28   0.658072E-26
   0.383333E+01   0.165967E-32   0.288999E-32   0.835600E-37   0.167179E-36   0.333699E-36   0.225704E-31   0.133856E-35   0.267674E-35   0.534483E-35   0.156504E-30   0.214290E-34   0.428640E-34   0.857159E-34   0.171444E-33   0.342334E-33   0.147602E-12   0.550952E-13   0.163568E-11   0.263874E-12   0.208488E-13   0.347388E-15   0.311748E-18   0.115073E-21   0.823809E-27   0.290656E-26   0.620969E-24
   0.383333E+01   0.128462E-30   0.225269E-30   0.190160E-36   0.388219E-36   0.788333E-36   0.178837E-29   0.321070E-35   0.647538E-35   0.130260E-34   0.124819E-28   0.526621E-34   0.105658E-33   0.211858E-33   0.424716E-33   0.850226E-33   0.103278E-10   0.382925E-11   0.112478E-09   0.178889E-10   0.140244E-11   0.232492E-13   0.208827E-16   0.771768E-20   0.656280E-25   0.225247E-24   0.426035E-22
   0.383333E+01   0.311848E-29   0.517669E-29   0.595634E-35   0.123926E-34   0.255743E-34   0.356195E-28   0.105798E-33   0.214945E-33   0.435274E-33   0.231428E-27   0.177235E-32   0.356690E-32   0.716925E-32   0.143950E-31   0.288793E-31   0.580714E-10   0.213984E-10   0.592916E-09   0.931190E-10   0.730464E-11   0.122072E-12   0.110154E-15   0.409074E-19   0.455129E-24   0.174673E-23   0.218885E-21
   0.383333E+01   0.303194E-29   0.493009E-29   0.375475E-33   0.768183E-33   0.156432E-32   0.324336E-28   0.634655E-32   0.128085E-31   0.258016E-31   0.206906E-27   0.104270E-30   0.209292E-30   0.419783E-30   0.841474E-30   0.168598E-29   0.435500E-10   0.160041E-10   0.435803E-09   0.680244E-10   0.532736E-11   0.891076E-13   0.805197E-16   0.299577E-19   0.348598E-24   0.164603E-23   0.159563E-21
   0.383333E+01   0.237522E-36   0.412801E-36   0.327094E-35   0.654190E-35   0.130831E-34   0.329846E-35   0.523355E-34   0.104669E-33   0.209330E-33   0.249635E-34   0.837357E-33   0.167470E-32   0.334946E-32   0.669884E-32   0.133971E-31   0.194757E-16   0.726950E-17   0.215796E-15   0.348181E-16   0.275142E-17   0.458559E-19   0.411742E-22   0.151905E-25   0.280672E-30   0.383867E-30   0.818649E-28
   0.383333E+01   0.225863E-34   0.393090E-34   0.327100E-35   0.654191E-35   0.130833E-34   0.306653E-33   0.523356E-34   0.104671E-33   0.209331E-33   0.212685E-32   0.837364E-33   0.420515E-34   0.841330E-34   0.168194E-33   0.335738E-33   0.197325E-14   0.736712E-15   0.218742E-13   0.352994E-14   0.278974E-15   0.464987E-17   0.417559E-20   0.154070E-23   0.111954E-28   0.388609E-28   0.830415E-26
   0.383333E+01   0.517370E-32   0.906722E-32   0.913829E-37   0.183706E-36   0.368282E-36   0.718715E-31   0.148282E-35   0.297353E-35   0.594518E-35   0.501214E-30   0.238876E-34   0.477871E-34   0.956465E-34   0.191401E-33   0.382441E-33   0.465223E-12   0.173622E-12   0.515439E-11   0.831184E-12   0.656476E-13   0.109328E-14   0.980100E-18   0.362072E-21   0.261267E-26   0.921318E-26   0.195810E-23
   0.383333E+01   0.347934E-30   0.614073E-30   0.705737E-36   0.148031E-35   0.307474E-35   0.494773E-29   0.128532E-34   0.262077E-34   0.532173E-34   0.347292E-28   0.217638E-33   0.436747E-33   0.878850E-33   0.176636E-32   0.354588E-32   0.226110E-10   0.835403E-11   0.241371E-09   0.380173E-10   0.297947E-11   0.495574E-13   0.446881E-16   0.165331E-19   0.162696E-24   0.531933E-24   0.907604E-22
   0.383333E+01   0.363050E-29   0.594809E-29   0.382029E-34   0.809917E-34   0.169673E-33   0.397594E-28   0.716368E-33   0.146654E-32   0.298792E-32   0.255220E-27   0.122717E-31   0.246517E-31   0.496688E-31   0.999221E-31   0.200776E-30   0.612840E-10   0.225877E-10   0.625998E-09   0.985121E-10   0.773032E-11   0.129195E-12   0.116530E-15   0.432713E-19   0.478129E-24   0.191004E-23   0.231135E-21
   0.383333E+01   0.306523E-29   0.498399E-29   0.238798E-32   0.510035E-32   0.107489E-31   0.327930E-28   0.457669E-31   0.939810E-31   0.191945E-30   0.209388E-27   0.791104E-30   0.159104E-29   0.320882E-29   0.646045E-29   0.129892E-28   0.444928E-10   0.163506E-10   0.445730E-09   0.696388E-10   0.545492E-11   0.912383E-13   0.824278E-16   0.306639E-19   0.354832E-24   0.167190E-23   0.163303E-21
   0.383333E+01   0.328058E-29   0.545734E-29   0.986998E-30   0.213793E-29   0.452728E-29   0.423248E-28   0.184604E-28   0.357130E-28   0.668862E-28   0.332306E-27   0.215619E-27   0.373485E-27   0.636806E-27   0.107014E-26   0.177732E-26   0.441415E-10   0.162132E-10   0.441190E-09   0.688443E-10   0.539106E-11   0.901721E-13   0.814869E-16   0.303199E-19   0.353831E-24   0.169114E-23   0.161502E-21
   0.383333E+01   0.208333E-38   0.369008E-38   0.821259E-37   0.164275E-36   0.328598E-36   0.331335E-37   0.131401E-35   0.262803E-35   0.525568E-35   0.301009E-36   0.210167E-34   0.420304E-34   0.840849E-34   0.168158E-33   0.336171E-33   0.157260E-18   0.587110E-19   0.174338E-17   0.281303E-18   0.222311E-19   0.370547E-21   0.332744E-24   0.122756E-27   0.172872E-30   0.330346E-32   0.662768E-30
   0.383333E+01   0.565389E-34   0.990070E-34   0.235269E-36   0.507802E-36   0.107645E-35   0.783122E-33   0.448663E-35   0.885345E-35   0.170471E-34   0.545518E-32   0.596767E-34   0.109396E-33   0.199514E-33   0.363038E-33   0.661461E-33   0.496738E-14   0.185499E-14   0.550887E-13   0.889133E-14   0.702755E-15   0.117142E-16   0.105203E-19   0.388221E-23   0.280355E-28   0.980693E-28   0.209275E-25
   0.383333E+01   0.618605E-32   0.109089E-31   0.170496E-34   0.383936E-34   0.838553E-34   0.877105E-31   0.357470E-33   0.702642E-33   0.133308E-32   0.614981E-30   0.438214E-32   0.764870E-32   0.131301E-31   0.222041E-31   0.371044E-31   0.553434E-12   0.206436E-12   0.612763E-11   0.987293E-12   0.779218E-13   0.129658E-14   0.116122E-17   0.429254E-21   0.315303E-26   0.111021E-25   0.232952E-23
   0.383333E+01   0.353820E-30   0.625374E-30   0.992504E-33   0.224621E-32   0.492516E-32   0.501459E-29   0.211073E-31   0.415595E-31   0.789440E-31   0.349223E-28   0.259810E-30   0.453485E-30   0.778209E-30   0.131508E-29   0.219509E-29   0.154350E-10   0.571041E-11   0.163526E-09   0.258779E-10   0.203453E-11   0.339360E-13   0.305713E-16   0.113170E-19   0.115007E-24   0.374140E-24   0.613171E-22
   0.383333E+01   0.367006E-29   0.600564E-29   0.175153E-30   0.398203E-30   0.876269E-30   0.410288E-28   0.377462E-29   0.744545E-29   0.141630E-28   0.275941E-27   0.466981E-28   0.815496E-28   0.139979E-27   0.236557E-27   0.394813E-27   0.600818E-10   0.221562E-10   0.615048E-09   0.969244E-10   0.760786E-11   0.127142E-12   0.114643E-15   0.425621E-19   0.466964E-24   0.195620E-23   0.227234E-21
   0.383333E+01   0.478629E-29   0.841267E-29   0.630058E-29   0.109371E-28   0.184052E-28   0.638049E-28   0.493909E-28   0.797624E-28   0.128092E-27   0.419782E-27   0.327131E-27   0.521229E-27   0.829575E-27   0.131917E-26   0.209631E-26   0.461647E-10   0.169690E-10   0.462945E-09   0.723655E-10   0.566913E-11   0.948186E-13   0.856527E-16   0.318607E-19   0.367528E-24   0.172676E-23   0.169661E-21
   0.383333E+01   0.631862E-29   0.102852E-28   0.855505E-29   0.135779E-28   0.215490E-28   0.678301E-28   0.542734E-28   0.861294E-28   0.136679E-27   0.433102E-27   0.344155E-27   0.546067E-27   0.866377E-27   0.137446E-26   0.218026E-26   0.459777E-10   0.168953E-10   0.460439E-09   0.719220E-10   0.563341E-11   0.942230E-13   0.851282E-16   0.316694E-19   0.367084E-24   0.173764E-23   0.168656E-21
   0.383333E+01   0.162565E-38   0.291748E-38   0.822023E-37   0.164311E-36   0.328762E-36   0.271304E-37   0.131430E-35   0.262784E-35   0.525681E-35   0.261225E-36   0.210212E-34   0.420485E-34   0.841030E-34   0.168134E-33   0.336243E-33   0.118854E-18   0.443845E-19   0.131816E-17   0.212760E-18   0.168127E-19   0.280265E-21   0.251710E-24   0.969345E-28   0.172654E-30   0.308158E-32   0.502020E-30
   0.383333E+01   0.303072E-36   0.534079E-36   0.952327E-37   0.187268E-36   0.368376E-36   0.428851E-35   0.142921E-35   0.282194E-35   0.558219E-35   0.301009E-34   0.219120E-34   0.435110E-34   0.864502E-34   0.172022E-33   0.342623E-33   0.267477E-16   0.999024E-17   0.296737E-15   0.478967E-16   0.378571E-17   0.631019E-19   0.566630E-22   0.209150E-25   0.322631E-30   0.530131E-30   0.112803E-27
   0.383333E+01   0.353649E-34   0.627510E-34   0.163045E-35   0.289589E-35   0.507066E-35   0.511735E-33   0.151452E-34   0.259987E-34   0.444570E-34   0.360731E-32   0.128994E-33   0.219363E-33   0.373739E-33   0.639024E-33   0.109833E-32   0.305412E-14   0.113588E-14   0.336113E-13   0.538592E-14   0.423501E-15   0.702358E-17   0.628575E-20   0.232499E-23   0.183647E-28   0.638364E-28   0.127763E-25
   0.383333E+01   0.613288E-30   0.105105E-29   0.349619E-31   0.619583E-31   0.107942E-30   0.776120E-29   0.316427E-30   0.535623E-30   0.899737E-30   0.519374E-28   0.248304E-29   0.408073E-29   0.667055E-29   0.108474E-28   0.175616E-28   0.172013E-10   0.637431E-11   0.182253E-09   0.290152E-10   0.228386E-11   0.381153E-13   0.342898E-16   0.126920E-19   0.128222E-24   0.418617E-24   0.683079E-22
   0.383333E+01   0.202843E-29   0.341595E-29   0.218528E-29   0.365310E-29   0.603568E-29   0.242777E-28   0.161209E-28   0.261670E-28   0.423130E-28   0.160495E-27   0.109601E-27   0.175690E-27   0.281103E-27   0.448998E-27   0.716156E-27   0.255971E-10   0.945873E-11   0.268901E-09   0.428002E-10   0.336737E-11   0.562148E-13   0.505762E-16   0.187311E-19   0.193249E-24   0.744621E-24   0.100342E-21
   0.383333E+01   0.558325E-30   0.909412E-30   0.754575E-30   0.119838E-29   0.190284E-29   0.600474E-29   0.479585E-29   0.761281E-29   0.120835E-28   0.383595E-28   0.304362E-28   0.482990E-28   0.766389E-28   0.121596E-27   0.192901E-27   0.404101E-11   0.148139E-11   0.404066E-10   0.630763E-11   0.493981E-12   0.826206E-14   0.746556E-17   0.277756E-20   0.323632E-25   0.154161E-24   0.147957E-22
   0.383333E+01   0.618943E-29   0.100736E-28   0.838002E-29   0.132988E-28   0.211047E-28   0.664199E-28   0.531494E-28   0.843429E-28   0.133841E-27   0.424065E-27   0.336994E-27   0.534698E-27   0.848331E-27   0.134582E-26   0.213481E-26   0.456778E-10   0.167568E-10   0.458067E-09   0.716213E-10   0.561128E-11   0.938510E-13   0.847733E-16   0.315324E-19   0.363028E-24   0.170162E-23   0.167899E-21
   0.383333E+01   0.680176E-33   0.119770E-32   0.496459E-34   0.853746E-34   0.144998E-33   0.959340E-32   0.407715E-33   0.678003E-33   0.112147E-32   0.671312E-31   0.302229E-32   0.492597E-32   0.800122E-32   0.129545E-31   0.209203E-31   0.591795E-13   0.221042E-13   0.656565E-12   0.105985E-12   0.837764E-14   0.139657E-15   0.125436E-18   0.462933E-22   0.333967E-27   0.117197E-26   0.249575E-24
   0.383333E+01   0.517777E-32   0.918158E-32   0.382131E-33   0.659932E-33   0.112447E-32   0.747567E-31   0.317522E-32   0.528656E-32   0.875047E-32   0.526546E-30   0.235825E-31   0.384105E-31   0.623163E-31   0.100719E-30   0.162266E-30   0.465148E-12   0.173743E-12   0.516128E-11   0.833074E-12   0.658430E-13   0.109741E-14   0.985211E-18   0.363732E-21   0.262837E-26   0.923084E-26   0.196331E-23
   0.383333E+01   0.113156E-30   0.202069E-30   0.845458E-32   0.146659E-31   0.250773E-31   0.167240E-29   0.711633E-31   0.118684E-30   0.196707E-30   0.118567E-28   0.531044E-30   0.865392E-30   0.140444E-29   0.227025E-29   0.365740E-29   0.928456E-11   0.344927E-11   0.102111E-09   0.163723E-10   0.128934E-11   0.214373E-13   0.192431E-16   0.710409E-20   0.589606E-25   0.198947E-24   0.388667E-22
   0.383333E+01   0.744793E-27   0.124346E-26   0.140136E-27   0.244183E-27   0.419020E-27   0.869745E-26   0.119512E-26   0.199673E-26   0.331406E-26   0.571428E-25   0.896470E-26   0.146191E-25   0.237381E-25   0.383884E-25   0.618648E-25   0.202058E-07   0.754572E-08   0.226949E-06   0.367256E-07   0.290346E-08   0.483231E-10   0.433138E-13   0.159475E-16   0.146723E-21   0.404131E-21   0.861305E-19
   0.383333E+01   0.206320E-27   0.335918E-27   0.275300E-27   0.437843E-27   0.695904E-27   0.221208E-26   0.175600E-26   0.278848E-26   0.442728E-26   0.141093E-25   0.111557E-25   0.177050E-25   0.280958E-25   0.445793E-25   0.707233E-25   0.191220E-08   0.707647E-09   0.201005E-07   0.319770E-08   0.251561E-09   0.419919E-11   0.377839E-14   0.139927E-17   0.145035E-22   0.569570E-22   0.748943E-20
   0.383333E+01   0.142104E-28   0.230623E-28   0.190131E-28   0.301561E-28   0.478339E-28   0.150978E-27   0.120377E-27   0.190976E-27   0.302987E-27   0.961009E-27   0.762637E-27   0.120991E-26   0.191941E-26   0.304476E-26   0.482946E-26   0.100716E-09   0.369845E-10   0.101136E-08   0.158001E-09   0.123757E-10   0.206919E-12   0.186935E-15   0.695183E-19   0.808493E-24   0.384557E-23   0.370664E-21
   0.383333E+01   0.469297E-27   0.761296E-27   0.627197E-27   0.994497E-27   0.157712E-26   0.497877E-26   0.396766E-26   0.629391E-26   0.998450E-26   0.316780E-25   0.251284E-25   0.398639E-25   0.632381E-25   0.100312E-24   0.159106E-24   0.438608E-08   0.162534E-08   0.462684E-07   0.737016E-08   0.580007E-09   0.968146E-11   0.870882E-14   0.322436E-17   0.330749E-22   0.127342E-21   0.172289E-19
   0.383333E+01   0.000000E+00   0.000000E+00   0.000000E+00   0.000000E+00   0.000000E+00   0.000000E+00   0.000000E+00   0.000000E+00   0.000000E+00   0.000000E+00   0.000000E+00   0.000000E+00   0.000000E+00   0.000000E+00   0.000000E+00   0.000000E+00   0.000000E+00   0.000000E+00   0.000000E+00   0.000000E+00   0.000000E+00   0.000000E+00   0.000000E+00   0.000000E+00   0.000000E+00   0.000000E+00
   0.383333E+01   0.226410E-26   0.459717E-26   0.933231E-26   0.186271E-25   0.371936E-25   0.745842E-25   0.148421E-24   0.296589E-24   0.592770E-24   0.118907E-23   0.236872E-23   0.473575E-23   0.946880E-23   0.189333E-22   0.378597E-22   0.385242E-08   0.144859E-08   0.496876E-07   0.810182E-08   0.647962E-09   0.107151E-10   0.957770E-14   0.348958E-17   0.190917E-19   0.387948E-19   0.879204E-19
   0.400000E+01   0.201966E-25   0.414958E-25   0.875000E-25   0.175000E-24   0.350000E-24   0.692733E-24   0.140000E-23   0.280000E-23   0.560000E-23   0.111751E-22   0.224000E-22   0.448000E-22   0.896000E-22   0.179200E-21   0.358400E-21   0.960526E-08   0.908839E-08   0.216525E-06   0.402419E-07   0.374633E-08   0.752173E-10   0.905261E-13   0.731065E-18   0.182934E-18   0.367041E-18   0.738446E-18
   0.400000E+01   0.230599E-37   0.416649E-37   0.327075E-35   0.654159E-35   0.130831E-34   0.442562E-36   0.523327E-34   0.104665E-33   0.209327E-33   0.528226E-35   0.837321E-33   0.167464E-32   0.334927E-32   0.669850E-32   0.133970E-31   0.937431E-18   0.878398E-18   0.143894E-16   0.260431E-17   0.236509E-18   0.481871E-20   0.591179E-23   0.495751E-28   0.174162E-30   0.248167E-30   0.515789E-29
   0.400000E+01   0.188802E-35   0.320208E-35   0.327098E-35   0.654193E-35   0.130832E-34   0.236045E-34   0.523355E-34   0.104670E-33   0.209330E-33   0.161867E-33   0.837357E-33   0.167473E-32   0.334940E-32   0.669880E-32   0.133971E-31   0.110829E-15   0.103849E-15   0.170115E-14   0.307884E-15   0.279603E-16   0.569662E-18   0.698893E-21   0.586067E-26   0.450152E-30   0.292590E-28   0.609610E-27
   0.400000E+01   0.676346E-37   0.117904E-36   0.327095E-35   0.654186E-35   0.130831E-34   0.101369E-35   0.523349E-34   0.104671E-33   0.209330E-33   0.917283E-35   0.837354E-33   0.167472E-32   0.334942E-32   0.669886E-32   0.133970E-31   0.368078E-17   0.344993E-17   0.565264E-16   0.102322E-16   0.929324E-18   0.189356E-19   0.232334E-22   0.194853E-27   0.181071E-30   0.973506E-30   0.202719E-28
   0.400000E+01   0.610411E-35   0.104930E-34   0.327095E-35   0.654182E-35   0.130831E-34   0.795944E-34   0.523348E-34   0.104671E-33   0.209329E-33   0.547438E-33   0.837357E-33   0.167470E-32   0.334945E-32   0.669878E-32   0.133971E-31   0.383713E-15   0.359747E-15   0.589573E-14   0.106740E-14   0.969547E-16   0.197568E-17   0.242432E-20   0.203350E-25   0.113751E-29   0.101540E-27   0.211575E-26
   0.400000E+01   0.575998E-33   0.996899E-33   0.327130E-35   0.654253E-35   0.130844E-34   0.767406E-32   0.132238E-35   0.264571E-35   0.527900E-35   0.529058E-31   0.211642E-34   0.423253E-34   0.846627E-34   0.169362E-33   0.338073E-33   0.374629E-13   0.351317E-13   0.575878E-12   0.104272E-12   0.947166E-14   0.193008E-15   0.236822E-18   0.198657E-23   0.945604E-28   0.992550E-26   0.206809E-24
   0.400000E+01   0.554980E-31   0.946692E-31   0.130268E-36   0.262253E-36   0.526551E-36   0.704524E-30   0.211645E-35   0.424476E-35   0.849741E-35   0.479217E-29   0.341311E-34   0.683525E-34   0.136789E-33   0.273735E-33   0.547157E-33   0.322662E-11   0.301133E-11   0.491771E-10   0.884740E-11   0.799896E-12   0.162245E-13   0.198668E-16   0.168601E-21   0.847271E-26   0.871507E-24   0.176485E-22
   0.400000E+01   0.211198E-36   0.365195E-36   0.327096E-35   0.654191E-35   0.130832E-34   0.289613E-35   0.523355E-34   0.104669E-33   0.209328E-33   0.220944E-34   0.837358E-33   0.167472E-32   0.334938E-32   0.669882E-32   0.133970E-31   0.128101E-16   0.120098E-16   0.196820E-15   0.356331E-16   0.323662E-17   0.659535E-19   0.809298E-22   0.678826E-27   0.204085E-30   0.339032E-29   0.706289E-28
   0.400000E+01   0.196389E-34   0.339768E-34   0.327099E-35   0.654190E-35   0.130831E-34   0.261405E-33   0.523354E-34   0.104669E-33   0.209330E-33   0.180372E-32   0.837361E-33   0.167473E-32   0.334943E-32   0.669887E-32   0.133971E-31   0.127400E-14   0.119474E-14   0.195843E-13   0.354621E-14   0.322142E-15   0.656492E-17   0.805638E-20   0.675846E-25   0.338143E-29   0.337507E-27   0.703273E-26
   0.400000E+01   0.179589E-32   0.312870E-32   0.836305E-37   0.167320E-36   0.334217E-36   0.244561E-31   0.134006E-35   0.268050E-35   0.535235E-35   0.169643E-30   0.214546E-34   0.429151E-34   0.858423E-34   0.171709E-33   0.342695E-33   0.120356E-12   0.112870E-12   0.185034E-11   0.335002E-12   0.304272E-13   0.619929E-15   0.760425E-18   0.637629E-23   0.303953E-27   0.319457E-25   0.664953E-24
   0.400000E+01   0.137958E-30   0.242037E-30   0.196925E-36   0.402160E-36   0.817227E-36   0.192317E-29   0.332985E-35   0.671743E-35   0.135161E-34   0.134277E-28   0.546377E-34   0.109646E-33   0.219893E-33   0.440737E-33   0.882389E-33   0.838323E-11   0.780590E-11   0.126622E-09   0.226096E-10   0.203757E-11   0.412953E-13   0.508451E-16   0.433751E-21   0.241125E-25   0.233609E-23   0.455354E-22
   0.400000E+01   0.322975E-29   0.536247E-29   0.615375E-35   0.128036E-34   0.264228E-34   0.369015E-28   0.109310E-33   0.222082E-33   0.449727E-33   0.239735E-27   0.183121E-32   0.368539E-32   0.740739E-32   0.148733E-31   0.298388E-31   0.463973E-10   0.430541E-10   0.655785E-09   0.115495E-09   0.104170E-10   0.212737E-12   0.263696E-15   0.225418E-20   0.264459E-24   0.169346E-22   0.230410E-21
   0.400000E+01   0.315722E-29   0.513582E-29   0.391635E-33   0.801268E-33   0.163173E-32   0.338040E-28   0.662028E-32   0.133611E-31   0.269151E-31   0.215660E-27   0.108771E-30   0.218329E-30   0.437909E-30   0.877813E-30   0.175879E-29   0.351937E-10   0.325983E-10   0.487393E-09   0.853025E-10   0.768182E-11   0.156995E-12   0.195104E-15   0.167577E-20   0.216191E-24   0.144489E-22   0.169998E-21
   0.400000E+01   0.250215E-36   0.434914E-36   0.327094E-35   0.654192E-35   0.130832E-34   0.347103E-35   0.523356E-34   0.104669E-33   0.209329E-33   0.261583E-34   0.837364E-33   0.167471E-32   0.334942E-32   0.669881E-32   0.133971E-31   0.154782E-16   0.145149E-16   0.237926E-15   0.430818E-16   0.391357E-17   0.797539E-19   0.978722E-22   0.821040E-27   0.211018E-30   0.410118E-29   0.854365E-28
   0.400000E+01   0.239643E-34   0.417270E-34   0.327095E-35   0.654190E-35   0.130834E-34   0.325787E-33   0.523355E-34   0.104671E-33   0.209332E-33   0.226021E-32   0.837370E-33   0.420725E-34   0.841210E-34   0.168254E-33   0.335906E-33   0.157697E-14   0.147924E-14   0.242530E-13   0.439228E-14   0.399036E-15   0.813258E-17   0.998103E-20   0.837410E-25   0.417149E-29   0.418268E-27   0.871504E-26
   0.400000E+01   0.557813E-32   0.978066E-32   0.922822E-37   0.185564E-36   0.372091E-36   0.775929E-31   0.149946E-35   0.300569E-35   0.601326E-35   0.541304E-30   0.241614E-34   0.483469E-34   0.967178E-34   0.193652E-33   0.386895E-33   0.377842E-12   0.354274E-12   0.580766E-11   0.105107E-11   0.954312E-13   0.194340E-14   0.238186E-17   0.199774E-22   0.963661E-27   0.100744E-24   0.208865E-23
   0.400000E+01   0.369304E-30   0.652099E-30   0.753768E-36   0.158212E-35   0.328774E-35   0.525859E-29   0.137518E-34   0.280458E-34   0.569605E-34   0.369239E-28   0.233000E-33   0.467658E-33   0.941148E-33   0.189162E-32   0.379757E-32   0.181965E-10   0.169096E-10   0.269455E-09   0.476422E-10   0.429152E-11   0.872339E-13   0.107967E-15   0.922878E-21   0.651150E-25   0.536316E-23   0.963873E-22
   0.400000E+01   0.373330E-29   0.611841E-29   0.403117E-34   0.854840E-34   0.179120E-33   0.409116E-28   0.756481E-33   0.154881E-32   0.315579E-32   0.262613E-27   0.129627E-31   0.260440E-31   0.524758E-31   0.105572E-30   0.212132E-30   0.487788E-10   0.452818E-10   0.689798E-09   0.121736E-09   0.109840E-10   0.224344E-12   0.277877E-15   0.237226E-20   0.280629E-24   0.178900E-22   0.242341E-21
   0.400000E+01   0.318463E-29   0.518016E-29   0.255391E-32   0.545646E-32   0.115023E-31   0.341012E-28   0.489934E-31   0.100619E-30   0.205523E-30   0.217759E-27   0.847191E-30   0.170416E-29   0.343709E-29   0.692026E-29   0.139140E-28   0.358853E-10   0.332455E-10   0.497619E-09   0.871773E-10   0.785231E-11   0.160477E-12   0.199358E-15   0.171115E-20   0.218915E-24   0.145875E-22   0.173655E-21
   0.400000E+01   0.343341E-29   0.572154E-29   0.109313E-29   0.236747E-29   0.500446E-29   0.447187E-28   0.202237E-28   0.388799E-28   0.723561E-28   0.350784E-27   0.230656E-27   0.397785E-27   0.675666E-27   0.113188E-26   0.187506E-26   0.357036E-10   0.330642E-10   0.493876E-09   0.864065E-10   0.778030E-11   0.159004E-12   0.197631E-15   0.169806E-20   0.220225E-24   0.147591E-22   0.172228E-21
   0.400000E+01   0.222215E-38   0.394127E-38   0.821612E-37   0.164217E-36   0.328668E-36   0.348056E-37   0.131448E-35   0.262822E-35   0.525756E-35   0.313768E-36   0.210182E-34   0.420304E-34   0.840488E-34   0.168086E-33   0.336219E-33   0.127365E-18   0.119462E-18   0.195864E-17   0.354723E-18   0.322241E-19   0.656731E-21   0.805953E-24   0.706199E-29   0.172134E-30   0.340292E-31   0.704988E-30
   0.400000E+01   0.592900E-34   0.103873E-33   0.257915E-36   0.558430E-36   0.118532E-35   0.822285E-33   0.491658E-35   0.965279E-35   0.184724E-34   0.572987E-32   0.638672E-34   0.116404E-33   0.211082E-33   0.381900E-33   0.691818E-33   0.392084E-14   0.367878E-14   0.603286E-13   0.109273E-13   0.992833E-15   0.202359E-16   0.248371E-19   0.208410E-24   0.102147E-28   0.104123E-26   0.216927E-25
   0.400000E+01   0.655145E-32   0.115586E-31   0.197506E-34   0.444727E-34   0.969663E-34   0.930109E-31   0.409701E-33   0.800298E-33   0.150876E-32   0.652359E-30   0.490435E-32   0.852248E-32   0.145739E-31   0.245668E-31   0.409438E-31   0.441365E-12   0.413577E-12   0.677921E-11   0.122594E-11   0.111233E-12   0.226338E-14   0.277165E-17   0.232925E-22   0.114810E-26   0.118391E-24   0.244023E-23
   0.400000E+01   0.365662E-30   0.646465E-30   0.112333E-32   0.254194E-32   0.556375E-32   0.518416E-29   0.236314E-31   0.462396E-31   0.872791E-31   0.360989E-28   0.284053E-30   0.493643E-30   0.843929E-30   0.142170E-29   0.236708E-29   0.121507E-10   0.112927E-10   0.178423E-09   0.316842E-10   0.286378E-11   0.583839E-13   0.721174E-16   0.612508E-21   0.540922E-25   0.366429E-23   0.636031E-22
   0.400000E+01   0.376099E-29   0.615922E-29   0.198733E-30   0.451747E-30   0.992337E-30   0.422298E-28   0.423648E-29   0.830440E-29   0.156968E-28   0.284735E-27   0.511755E-28   0.889707E-28   0.152123E-27   0.256248E-27   0.426546E-27   0.477246E-10   0.442575E-10   0.675947E-09   0.119465E-09   0.107823E-10   0.220222E-12   0.272623E-15   0.232504E-20   0.273609E-24   0.174364E-22   0.237583E-21
   0.400000E+01   0.506559E-29   0.887535E-29   0.673541E-29   0.115963E-28   0.194026E-28   0.666168E-28   0.517179E-28   0.833578E-28   0.133688E-27   0.436904E-27   0.340885E-27   0.542898E-27   0.863771E-27   0.137321E-26   0.218178E-26   0.372211E-10   0.344385E-10   0.516338E-09   0.905046E-10   0.815293E-11   0.166619E-12   0.206945E-15   0.177560E-20   0.226106E-24   0.150374E-22   0.180229E-21
   0.400000E+01   0.657209E-29   0.107020E-28   0.890662E-29   0.141357E-28   0.224342E-28   0.706152E-28   0.565025E-28   0.896666E-28   0.142292E-27   0.450912E-27   0.358287E-27   0.568489E-27   0.901952E-27   0.143089E-26   0.226978E-26   0.371297E-10   0.343462E-10   0.514321E-09   0.900819E-10   0.811334E-11   0.165810E-12   0.206002E-15   0.176853E-20   0.226939E-24   0.151422E-22   0.179449E-21
   0.400000E+01   0.170663E-38   0.305490E-38   0.821964E-37   0.164416E-36   0.328739E-36   0.283377E-37   0.131383E-35   0.262841E-35   0.525531E-35   0.269480E-36   0.210287E-34   0.420455E-34   0.840548E-34   0.168158E-33   0.336436E-33   0.942848E-19   0.884579E-19   0.145067E-17   0.262783E-18   0.238706E-19   0.486652E-21   0.597237E-24   0.523288E-29   0.172158E-30   0.253000E-31   0.521766E-30
   0.400000E+01   0.327108E-36   0.576688E-36   0.969019E-37   0.190136E-36   0.373313E-36   0.463413E-35   0.144379E-35   0.284620E-35   0.562131E-35   0.325380E-34   0.220263E-34   0.436765E-34   0.867331E-34   0.172503E-33   0.343369E-33   0.217180E-16   0.203814E-16   0.334294E-15   0.605546E-16   0.550191E-17   0.112137E-18   0.137620E-21   0.115464E-26   0.228032E-30   0.577574E-29   0.120285E-27
   0.400000E+01   0.383390E-34   0.680589E-34   0.183509E-35   0.325191E-35   0.568420E-35   0.555456E-33   0.169237E-34   0.289922E-34   0.494513E-34   0.391669E-32   0.142517E-33   0.241391E-33   0.409483E-33   0.696645E-33   0.119097E-32   0.249442E-14   0.232793E-14   0.380577E-13   0.684530E-14   0.618755E-15   0.125481E-16   0.153717E-19   0.130486E-24   0.698625E-29   0.680464E-27   0.137122E-25
   0.400000E+01   0.620050E-30   0.106263E-29   0.371174E-31   0.656702E-31   0.114314E-30   0.784411E-29   0.334881E-30   0.566599E-30   0.951128E-30   0.524819E-28   0.262016E-29   0.430212E-29   0.702607E-29   0.114162E-28   0.184692E-28   0.133780E-10   0.124497E-10   0.196446E-09   0.350965E-10   0.317646E-11   0.648021E-13   0.798656E-16   0.675473E-21   0.656699E-25   0.401414E-23   0.699574E-22
   0.400000E+01   0.206319E-29   0.347162E-29   0.225560E-29   0.375962E-29   0.619891E-29   0.246133E-28   0.165106E-28   0.267690E-28   0.432416E-28   0.162488E-27   0.111811E-27   0.179109E-27   0.286403E-27   0.457237E-27   0.729001E-27   0.199534E-10   0.185483E-10   0.290308E-09   0.518407E-10   0.468971E-11   0.957028E-13   0.117991E-15   0.998827E-21   0.106751E-24   0.643160E-23   0.102938E-21
   0.400000E+01   0.582638E-30   0.949345E-30   0.788239E-30   0.125178E-29   0.198757E-29   0.627118E-29   0.500918E-29   0.795130E-29   0.126206E-28   0.400628E-28   0.317882E-28   0.504441E-28   0.800419E-28   0.126994E-27   0.201464E-27   0.326785E-11   0.302067E-11   0.452053E-10   0.791191E-11   0.712466E-12   0.145599E-13   0.180941E-16   0.155427E-21   0.201216E-25   0.134533E-23   0.157683E-22
   0.400000E+01   0.641630E-29   0.104471E-28   0.869537E-29   0.137993E-28   0.218988E-28   0.689188E-28   0.551492E-28   0.875163E-28   0.138876E-27   0.440046E-27   0.349673E-27   0.554815E-27   0.880247E-27   0.139645E-26   0.221512E-26   0.367913E-10   0.340280E-10   0.510571E-09   0.895193E-10   0.806490E-11   0.164821E-12   0.204687E-15   0.175581E-20   0.222861E-24   0.148038E-22   0.178236E-21
   0.400000E+01   0.692208E-33   0.121943E-32   0.523357E-34   0.899088E-34   0.152622E-33   0.977501E-32   0.428989E-33   0.713191E-33   0.117917E-32   0.684222E-31   0.317395E-32   0.516975E-32   0.839147E-32   0.135774E-31   0.219130E-31   0.452979E-13   0.425114E-13   0.697285E-12   0.126317E-12   0.114779E-13   0.233960E-15   0.287183E-18   0.241006E-23   0.117878E-27   0.120442E-25   0.250880E-24
   0.400000E+01   0.544337E-32   0.965690E-32   0.416165E-33   0.717985E-33   0.122278E-32   0.786871E-31   0.345166E-32   0.574542E-32   0.950626E-32   0.554394E-30   0.255904E-31   0.416558E-31   0.675401E-31   0.109100E-30   0.175678E-30   0.367791E-12   0.345182E-12   0.566242E-11   0.102569E-11   0.931904E-13   0.189923E-14   0.233041E-17   0.195327E-22   0.957778E-27   0.979964E-25   0.203883E-23
   0.400000E+01   0.117188E-30   0.209364E-30   0.907055E-32   0.157186E-31   0.268642E-31   0.173411E-29   0.762087E-31   0.127069E-30   0.210523E-30   0.122978E-28   0.567714E-30   0.924604E-30   0.149964E-29   0.242282E-29   0.390133E-29   0.724670E-11   0.676177E-11   0.110516E-09   0.198883E-10   0.180037E-11   0.365989E-13   0.449568E-16   0.379345E-21   0.213058E-25   0.197745E-23   0.398759E-22
   0.400000E+01   0.733448E-27   0.122501E-26   0.144199E-27   0.251010E-27   0.430525E-27   0.857517E-26   0.122752E-26   0.205039E-26   0.340179E-26   0.563623E-25   0.919182E-26   0.149805E-25   0.243106E-25   0.392928E-25   0.632916E-25   0.152563E-07   0.143054E-07   0.237896E-06   0.432187E-07   0.392774E-08   0.799405E-10   0.978517E-13   0.817455E-18   0.707529E-22   0.373535E-20   0.853890E-19
   0.400000E+01   0.208652E-27   0.339825E-27   0.278769E-27   0.443315E-27   0.704553E-27   0.223880E-26   0.177768E-26   0.282281E-26   0.448167E-26   0.142804E-25   0.112923E-25   0.179214E-25   0.284389E-25   0.451232E-25   0.715855E-25   0.149327E-08   0.138957E-08   0.217336E-07   0.387831E-08   0.350792E-09   0.715789E-11   0.882702E-14   0.747627E-19   0.807844E-23   0.489239E-21   0.769416E-20
   0.400000E+01   0.149205E-28   0.242250E-28   0.199858E-28   0.316985E-28   0.502798E-28   0.158683E-27   0.126531E-27   0.200737E-27   0.318471E-27   0.101014E-26   0.801607E-27   0.127173E-26   0.201748E-26   0.320033E-26   0.507621E-26   0.814976E-10   0.754088E-10   0.113156E-08   0.198144E-09   0.178432E-10   0.364521E-12   0.452898E-15   0.388971E-20   0.504261E-24   0.336693E-22   0.395052E-21
   0.400000E+01   0.470925E-27   0.764259E-27   0.630087E-27   0.999064E-27   0.158435E-26   0.500104E-26   0.398577E-26   0.632259E-26   0.100299E-25   0.318224E-25   0.252426E-25   0.400449E-25   0.635251E-25   0.100767E-24   0.159828E-24   0.341253E-08   0.317968E-08   0.498714E-07   0.891279E-08   0.806487E-09   0.164563E-10   0.202817E-13   0.171571E-18   0.181810E-22   0.108955E-20   0.176340E-19
   0.400000E+01   0.000000E+00   0.000000E+00   0.000000E+00   0.000000E+00   0.000000E+00   0.000000E+00   0.000000E+00   0.000000E+00   0.000000E+00   0.000000E+00   0.000000E+00   0.000000E+00   0.000000E+00   0.000000E+00   0.000000E+00   0.000000E+00   0.000000E+00   0.000000E+00   0.000000E+00   0.000000E+00   0.000000E+00   0.000000E+00   0.000000E+00   0.000000E+00   0.000000E+00   0.000000E+00
   0.400000E+01   0.226134E-26   0.459357E-26   0.933343E-26   0.186290E-25   0.371965E-25   0.745734E-25   0.148429E-24   0.296601E-24   0.592790E-24   0.118903E-23   0.236877E-23   0.473583E-23   0.946893E-23   0.189335E-22   0.378600E-22   0.283411E-08   0.266289E-08   0.507385E-07   0.929046E-08   0.853191E-09   0.172620E-10   0.209879E-13   0.173005E-18   0.193193E-19   0.392301E-19   0.879202E-19
