   0.000000E+00   0.000000E+00   0.000000E+00   0.000000E+00   0.000000E+00   0.000000E+00   0.000000E+00   0.000000E+00   0.000000E+00   0.000000E+00   0.316190E-54   0.725870E-40   0.467826E-28   0.846492E-19   0.430007E-12   0.613256E-08   0.245540E-06   0.276004E-07   0.871010E-11   0.771693E-17   0.191946E-25   0.134038E-36   0.262779E-50   0.000000E+00   0.000000E+00   0.000000E+00   0.000000E+00
   0.000000E+00   0.000000E+00   0.000000E+00   0.000000E+00   0.000000E+00   0.000000E+00   0.000000E+00   0.000000E+00   0.000000E+00   0.000000E+00   0.000000E+00   0.000000E+00   0.000000E+00   0.000000E+00   0.000000E+00   0.000000E+00   0.000000E+00   0.000000E+00   0.000000E+00   0.000000E+00   0.000000E+00   0.000000E+00   0.000000E+00   0.000000E+00   0.000000E+00   0.000000E+00   0.000000E+00
   0.000000E+00   0.000000E+00   0.000000E+00   0.000000E+00   0.000000E+00   0.000000E+00   0.000000E+00   0.000000E+00   0.000000E+00   0.000000E+00   0.000000E+00   0.000000E+00   0.000000E+00   0.000000E+00   0.000000E+00   0.000000E+00   0.000000E+00   0.000000E+00   0.000000E+00   0.000000E+00   0.000000E+00   0.000000E+00   0.000000E+00   0.000000E+00   0.000000E+00   0.000000E+00   0.000000E+00
   0.000000E+00   0.000000E+00   0.000000E+00   0.000000E+00   0.000000E+00   0.000000E+00   0.000000E+00   0.000000E+00   0.000000E+00   0.000000E+00   0.000000E+00   0.000000E+00   0.000000E+00   0.000000E+00   0.000000E+00   0.000000E+00   0.000000E+00   0.000000E+00   0.000000E+00   0.000000E+00   0.000000E+00   0.000000E+00   0.000000E+00   0.000000E+00   0.000000E+00   0.000000E+00   0.000000E+00
   0.000000E+00   0.000000E+00   0.000000E+00   0.000000E+00   0.000000E+00   0.000000E+00   0.000000E+00   0.000000E+00   0.000000E+00   0.000000E+00   0.000000E+00   0.000000E+00   0.000000E+00   0.000000E+00   0.000000E+00   0.000000E+00   0.000000E+00   0.000000E+00   0.000000E+00   0.000000E+00   0.000000E+00   0.000000E+00   0.000000E+00   0.000000E+00   0.000000E+00   0.000000E+00   0.000000E+00
   0.000000E+00   0.000000E+00   0.000000E+00   0.000000E+00   0.000000E+00   0.000000E+00   0.000000E+00   0.000000E+00   0.000000E+00   0.000000E+00   0.000000E+00   0.000000E+00   0.000000E+00   0.000000E+00   0.000000E+00   0.000000E+00   0.000000E+00   0.000000E+00   0.000000E+00   0.000000E+00   0.000000E+00   0.000000E+00   0.000000E+00   0.000000E+00   0.000000E+00   0.000000E+00   0.000000E+00
   0.000000E+00   0.000000E+00   0.000000E+00   0.000000E+00   0.000000E+00   0.000000E+00   0.000000E+00   0.000000E+00   0.000000E+00   0.000000E+00   0.000000E+00   0.000000E+00   0.000000E+00   0.000000E+00   0.000000E+00   0.000000E+00   0.000000E+00   0.000000E+00   0.000000E+00   0.000000E+00   0.000000E+00   0.000000E+00   0.000000E+00   0.000000E+00   0.000000E+00   0.000000E+00   0.000000E+00
   0.000000E+00   0.000000E+00   0.000000E+00   0.000000E+00   0.000000E+00   0.000000E+00   0.000000E+00   0.000000E+00   0.000000E+00   0.000000E+00   0.000000E+00   0.000000E+00   0.000000E+00   0.000000E+00   0.000000E+00   0.000000E+00   0.000000E+00   0.000000E+00   0.000000E+00   0.000000E+00   0.000000E+00   0.000000E+00   0.000000E+00   0.000000E+00   0.000000E+00   0.000000E+00   0.000000E+00
   0.000000E+00   0.000000E+00   0.000000E+00   0.000000E+00   0.000000E+00   0.000000E+00   0.000000E+00   0.000000E+00   0.000000E+00   0.000000E+00   0.000000E+00   0.000000E+00   0.000000E+00   0.000000E+00   0.000000E+00   0.000000E+00   0.000000E+00   0.000000E+00   0.000000E+00   0.000000E+00   0.000000E+00   0.000000E+00   0.000000E+00   0.000000E+00   0.000000E+00   0.000000E+00   0.000000E+00
   0.000000E+00   0.000000E+00   0.000000E+00   0.000000E+00   0.000000E+00   0.000000E+00   0.000000E+00   0.000000E+00   0.000000E+00   0.000000E+00   0.000000E+00   0.000000E+00   0.000000E+00   0.000000E+00   0.000000E+00   0.000000E+00   0.000000E+00   0.000000E+00   0.000000E+00   0.000000E+00   0.000000E+00   0.000000E+00   0.000000E+00   0.000000E+00   0.000000E+00   0.000000E+00   0.000000E+00
   0.000000E+00   0.000000E+00   0.000000E+00   0.000000E+00   0.000000E+00   0.000000E+00   0.000000E+00   0.000000E+00   0.000000E+00   0.000000E+00   0.000000E+00   0.000000E+00   0.000000E+00   0.000000E+00   0.000000E+00   0.000000E+00   0.000000E+00   0.000000E+00   0.000000E+00   0.000000E+00   0.000000E+00   0.000000E+00   0.000000E+00   0.000000E+00   0.000000E+00   0.000000E+00   0.000000E+00
   0.000000E+00   0.000000E+00   0.000000E+00   0.000000E+00   0.000000E+00   0.000000E+00   0.000000E+00   0.000000E+00   0.000000E+00   0.000000E+00   0.000000E+00   0.000000E+00   0.000000E+00   0.000000E+00   0.000000E+00   0.000000E+00   0.000000E+00   0.000000E+00   0.000000E+00   0.000000E+00   0.000000E+00   0.000000E+00   0.000000E+00   0.000000E+00   0.000000E+00   0.000000E+00   0.000000E+00
   0.000000E+00   0.000000E+00   0.000000E+00   0.000000E+00   0.000000E+00   0.000000E+00   0.000000E+00   0.000000E+00   0.000000E+00   0.000000E+00   0.000000E+00   0.000000E+00   0.000000E+00   0.000000E+00   0.000000E+00   0.000000E+00   0.000000E+00   0.000000E+00   0.000000E+00   0.000000E+00   0.000000E+00   0.000000E+00   0.000000E+00   0.000000E+00   0.000000E+00   0.000000E+00   0.000000E+00
   0.000000E+00   0.000000E+00   0.000000E+00   0.000000E+00   0.000000E+00   0.000000E+00   0.000000E+00   0.000000E+00   0.000000E+00   0.000000E+00   0.000000E+00   0.000000E+00   0.000000E+00   0.000000E+00   0.000000E+00   0.000000E+00   0.000000E+00   0.000000E+00   0.000000E+00   0.000000E+00   0.000000E+00   0.000000E+00   0.000000E+00   0.000000E+00   0.000000E+00   0.000000E+00   0.000000E+00
   0.000000E+00   0.000000E+00   0.000000E+00   0.000000E+00   0.000000E+00   0.000000E+00   0.000000E+00   0.000000E+00   0.000000E+00   0.000000E+00   0.000000E+00   0.000000E+00   0.000000E+00   0.000000E+00   0.000000E+00   0.000000E+00   0.000000E+00   0.000000E+00   0.000000E+00   0.000000E+00   0.000000E+00   0.000000E+00   0.000000E+00   0.000000E+00   0.000000E+00   0.000000E+00   0.000000E+00
   0.000000E+00   0.000000E+00   0.000000E+00   0.000000E+00   0.000000E+00   0.000000E+00   0.000000E+00   0.000000E+00   0.000000E+00   0.000000E+00   0.000000E+00   0.000000E+00   0.000000E+00   0.000000E+00   0.000000E+00   0.000000E+00   0.000000E+00   0.000000E+00   0.000000E+00   0.000000E+00   0.000000E+00   0.000000E+00   0.000000E+00   0.000000E+00   0.000000E+00   0.000000E+00   0.000000E+00
   0.000000E+00   0.000000E+00   0.000000E+00   0.000000E+00   0.000000E+00   0.000000E+00   0.000000E+00   0.000000E+00   0.000000E+00   0.000000E+00   0.000000E+00   0.000000E+00   0.000000E+00   0.000000E+00   0.000000E+00   0.000000E+00   0.000000E+00   0.000000E+00   0.000000E+00   0.000000E+00   0.000000E+00   0.000000E+00   0.000000E+00   0.000000E+00   0.000000E+00   0.000000E+00   0.000000E+00
   0.000000E+00   0.000000E+00   0.000000E+00   0.000000E+00   0.000000E+00   0.000000E+00   0.000000E+00   0.000000E+00   0.000000E+00   0.000000E+00   0.000000E+00   0.000000E+00   0.000000E+00   0.000000E+00   0.000000E+00   0.000000E+00   0.000000E+00   0.000000E+00   0.000000E+00   0.000000E+00   0.000000E+00   0.000000E+00   0.000000E+00   0.000000E+00   0.000000E+00   0.000000E+00   0.000000E+00
   0.000000E+00   0.000000E+00   0.000000E+00   0.000000E+00   0.000000E+00   0.000000E+00   0.000000E+00   0.000000E+00   0.000000E+00   0.000000E+00   0.000000E+00   0.000000E+00   0.000000E+00   0.000000E+00   0.000000E+00   0.000000E+00   0.000000E+00   0.000000E+00   0.000000E+00   0.000000E+00   0.000000E+00   0.000000E+00   0.000000E+00   0.000000E+00   0.000000E+00   0.000000E+00   0.000000E+00
   0.000000E+00   0.000000E+00   0.000000E+00   0.000000E+00   0.000000E+00   0.000000E+00   0.000000E+00   0.000000E+00   0.000000E+00   0.000000E+00   0.000000E+00   0.000000E+00   0.000000E+00   0.000000E+00   0.000000E+00   0.000000E+00   0.000000E+00   0.000000E+00   0.000000E+00   0.000000E+00   0.000000E+00   0.000000E+00   0.000000E+00   0.000000E+00   0.000000E+00   0.000000E+00   0.000000E+00
   0.000000E+00   0.000000E+00   0.000000E+00   0.000000E+00   0.000000E+00   0.000000E+00   0.000000E+00   0.000000E+00   0.000000E+00   0.000000E+00   0.000000E+00   0.000000E+00   0.000000E+00   0.000000E+00   0.000000E+00   0.000000E+00   0.000000E+00   0.000000E+00   0.000000E+00   0.000000E+00   0.000000E+00   0.000000E+00   0.000000E+00   0.000000E+00   0.000000E+00   0.000000E+00   0.000000E+00
   0.000000E+00   0.000000E+00   0.000000E+00   0.000000E+00   0.000000E+00   0.000000E+00   0.000000E+00   0.000000E+00   0.000000E+00   0.000000E+00   0.000000E+00   0.000000E+00   0.000000E+00   0.000000E+00   0.000000E+00   0.000000E+00   0.000000E+00   0.000000E+00   0.000000E+00   0.000000E+00   0.000000E+00   0.000000E+00   0.000000E+00   0.000000E+00   0.000000E+00   0.000000E+00   0.000000E+00
   0.000000E+00   0.000000E+00   0.000000E+00   0.000000E+00   0.000000E+00   0.000000E+00   0.000000E+00   0.000000E+00   0.000000E+00   0.000000E+00   0.000000E+00   0.000000E+00   0.000000E+00   0.000000E+00   0.000000E+00   0.000000E+00   0.000000E+00   0.000000E+00   0.000000E+00   0.000000E+00   0.000000E+00   0.000000E+00   0.000000E+00   0.000000E+00   0.000000E+00   0.000000E+00   0.000000E+00
   0.000000E+00   0.000000E+00   0.000000E+00   0.000000E+00   0.000000E+00   0.000000E+00   0.000000E+00   0.000000E+00   0.000000E+00   0.000000E+00   0.000000E+00   0.000000E+00   0.000000E+00   0.000000E+00   0.000000E+00   0.000000E+00   0.000000E+00   0.000000E+00   0.000000E+00   0.000000E+00   0.000000E+00   0.000000E+00   0.000000E+00   0.000000E+00   0.000000E+00   0.000000E+00   0.000000E+00
   0.000000E+00   0.000000E+00   0.000000E+00   0.000000E+00   0.000000E+00   0.000000E+00   0.000000E+00   0.000000E+00   0.000000E+00   0.000000E+00   0.000000E+00   0.000000E+00   0.000000E+00   0.000000E+00   0.000000E+00   0.000000E+00   0.000000E+00   0.000000E+00   0.000000E+00   0.000000E+00   0.000000E+00   0.000000E+00   0.000000E+00   0.000000E+00   0.000000E+00   0.000000E+00   0.000000E+00
   0.000000E+00   0.000000E+00   0.000000E+00   0.000000E+00   0.000000E+00   0.000000E+00   0.000000E+00   0.000000E+00   0.000000E+00   0.000000E+00   0.000000E+00   0.000000E+00   0.000000E+00   0.000000E+00   0.000000E+00   0.000000E+00   0.000000E+00   0.000000E+00   0.000000E+00   0.000000E+00   0.000000E+00   0.000000E+00   0.000000E+00   0.000000E+00   0.000000E+00   0.000000E+00   0.000000E+00
   0.000000E+00   0.000000E+00   0.000000E+00   0.000000E+00   0.000000E+00   0.000000E+00   0.000000E+00   0.000000E+00   0.000000E+00   0.000000E+00   0.000000E+00   0.000000E+00   0.000000E+00   0.000000E+00   0.000000E+00   0.000000E+00   0.000000E+00   0.000000E+00   0.000000E+00   0.000000E+00   0.000000E+00   0.000000E+00   0.000000E+00   0.000000E+00   0.000000E+00   0.000000E+00   0.000000E+00
   0.000000E+00   0.000000E+00   0.000000E+00   0.000000E+00   0.000000E+00   0.000000E+00   0.000000E+00   0.000000E+00   0.000000E+00   0.000000E+00   0.000000E+00   0.000000E+00   0.000000E+00   0.000000E+00   0.000000E+00   0.000000E+00   0.000000E+00   0.000000E+00   0.000000E+00   0.000000E+00   0.000000E+00   0.000000E+00   0.000000E+00   0.000000E+00   0.000000E+00   0.000000E+00   0.000000E+00
   0.000000E+00   0.000000E+00   0.000000E+00   0.000000E+00   0.000000E+00   0.000000E+00   0.000000E+00   0.000000E+00   0.000000E+00   0.000000E+00   0.000000E+00   0.000000E+00   0.000000E+00   0.000000E+00   0.000000E+00   0.000000E+00   0.000000E+00   0.000000E+00   0.000000E+00   0.000000E+00   0.000000E+00   0.000000E+00   0.000000E+00   0.000000E+00   0.000000E+00   0.000000E+00   0.000000E+00
   0.000000E+00   0.000000E+00   0.000000E+00   0.000000E+00   0.000000E+00   0.000000E+00   0.000000E+00   0.000000E+00   0.000000E+00   0.000000E+00   0.000000E+00   0.000000E+00   0.000000E+00   0.000000E+00   0.000000E+00   0.000000E+00   0.000000E+00   0.000000E+00   0.000000E+00   0.000000E+00   0.000000E+00   0.000000E+00   0.000000E+00   0.000000E+00   0.000000E+00   0.000000E+00   0.000000E+00
   0.000000E+00   0.000000E+00   0.000000E+00   0.000000E+00   0.000000E+00   0.000000E+00   0.000000E+00   0.000000E+00   0.000000E+00   0.000000E+00   0.000000E+00   0.000000E+00   0.000000E+00   0.000000E+00   0.000000E+00   0.000000E+00   0.000000E+00   0.000000E+00   0.000000E+00   0.000000E+00   0.000000E+00   0.000000E+00   0.000000E+00   0.000000E+00   0.000000E+00   0.000000E+00   0.000000E+00
   0.000000E+00   0.000000E+00   0.000000E+00   0.000000E+00   0.000000E+00   0.000000E+00   0.000000E+00   0.000000E+00   0.000000E+00   0.000000E+00   0.000000E+00   0.000000E+00   0.000000E+00   0.000000E+00   0.000000E+00   0.000000E+00   0.000000E+00   0.000000E+00   0.000000E+00   0.000000E+00   0.000000E+00   0.000000E+00   0.000000E+00   0.000000E+00   0.000000E+00   0.000000E+00   0.000000E+00
   0.000000E+00   0.000000E+00   0.000000E+00   0.000000E+00   0.000000E+00   0.000000E+00   0.000000E+00   0.000000E+00   0.000000E+00   0.000000E+00   0.000000E+00   0.000000E+00   0.000000E+00   0.000000E+00   0.000000E+00   0.000000E+00   0.000000E+00   0.000000E+00   0.000000E+00   0.000000E+00   0.000000E+00   0.000000E+00   0.000000E+00   0.000000E+00   0.000000E+00   0.000000E+00   0.000000E+00
   0.000000E+00   0.000000E+00   0.000000E+00   0.000000E+00   0.000000E+00   0.000000E+00   0.000000E+00   0.000000E+00   0.000000E+00   0.000000E+00   0.000000E+00   0.000000E+00   0.000000E+00   0.000000E+00   0.000000E+00   0.000000E+00   0.000000E+00   0.000000E+00   0.000000E+00   0.000000E+00   0.000000E+00   0.000000E+00   0.000000E+00   0.000000E+00   0.000000E+00   0.000000E+00   0.000000E+00
   0.000000E+00   0.000000E+00   0.000000E+00   0.000000E+00   0.000000E+00   0.000000E+00   0.000000E+00   0.000000E+00   0.000000E+00   0.000000E+00   0.000000E+00   0.000000E+00   0.000000E+00   0.000000E+00   0.000000E+00   0.000000E+00   0.000000E+00   0.000000E+00   0.000000E+00   0.000000E+00   0.000000E+00   0.000000E+00   0.000000E+00   0.000000E+00   0.000000E+00   0.000000E+00   0.000000E+00
   0.000000E+00   0.000000E+00   0.000000E+00   0.000000E+00   0.000000E+00   0.000000E+00   0.000000E+00   0.000000E+00   0.000000E+00   0.000000E+00   0.000000E+00   0.000000E+00   0.000000E+00   0.000000E+00   0.000000E+00   0.000000E+00   0.000000E+00   0.000000E+00   0.000000E+00   0.000000E+00   0.000000E+00   0.000000E+00   0.000000E+00   0.000000E+00   0.000000E+00   0.000000E+00   0.000000E+00
   0.000000E+00   0.000000E+00   0.000000E+00   0.000000E+00   0.000000E+00   0.000000E+00   0.000000E+00   0.000000E+00   0.000000E+00   0.000000E+00   0.000000E+00   0.000000E+00   0.000000E+00   0.000000E+00   0.000000E+00   0.000000E+00   0.000000E+00   0.000000E+00   0.000000E+00   0.000000E+00   0.000000E+00   0.000000E+00   0.000000E+00   0.000000E+00   0.000000E+00   0.000000E+00   0.000000E+00
   0.000000E+00   0.000000E+00   0.000000E+00   0.000000E+00   0.000000E+00   0.000000E+00   0.000000E+00   0.000000E+00   0.000000E+00   0.000000E+00   0.000000E+00   0.000000E+00   0.000000E+00   0.000000E+00   0.000000E+00   0.000000E+00   0.000000E+00   0.000000E+00   0.000000E+00   0.000000E+00   0.000000E+00   0.000000E+00   0.000000E+00   0.000000E+00   0.000000E+00   0.000000E+00   0.000000E+00
   0.000000E+00   0.000000E+00   0.000000E+00   0.000000E+00   0.000000E+00   0.000000E+00   0.000000E+00   0.000000E+00   0.000000E+00   0.000000E+00   0.000000E+00   0.000000E+00   0.000000E+00   0.000000E+00   0.000000E+00   0.000000E+00   0.000000E+00   0.000000E+00   0.000000E+00   0.000000E+00   0.000000E+00   0.000000E+00   0.000000E+00   0.000000E+00   0.000000E+00   0.000000E+00   0.000000E+00
   0.000000E+00   0.000000E+00   0.000000E+00   0.000000E+00   0.000000E+00   0.000000E+00   0.000000E+00   0.000000E+00   0.000000E+00   0.000000E+00   0.000000E+00   0.000000E+00   0.000000E+00   0.000000E+00   0.000000E+00   0.000000E+00   0.000000E+00   0.000000E+00   0.000000E+00   0.000000E+00   0.000000E+00   0.000000E+00   0.000000E+00   0.000000E+00   0.000000E+00   0.000000E+00   0.000000E+00
   0.000000E+00   0.000000E+00   0.000000E+00   0.000000E+00   0.000000E+00   0.000000E+00   0.000000E+00   0.000000E+00   0.000000E+00   0.000000E+00   0.000000E+00   0.000000E+00   0.000000E+00   0.000000E+00   0.000000E+00   0.000000E+00   0.000000E+00   0.000000E+00   0.000000E+00   0.000000E+00   0.000000E+00   0.000000E+00   0.000000E+00   0.000000E+00   0.000000E+00   0.000000E+00   0.000000E+00
   0.000000E+00   0.000000E+00   0.000000E+00   0.000000E+00   0.000000E+00   0.000000E+00   0.000000E+00   0.000000E+00   0.000000E+00   0.000000E+00   0.000000E+00   0.000000E+00   0.000000E+00   0.000000E+00   0.000000E+00   0.000000E+00   0.000000E+00   0.000000E+00   0.000000E+00   0.000000E+00   0.000000E+00   0.000000E+00   0.000000E+00   0.000000E+00   0.000000E+00   0.000000E+00   0.000000E+00
   0.000000E+00   0.000000E+00   0.000000E+00   0.000000E+00   0.000000E+00   0.000000E+00   0.000000E+00   0.000000E+00   0.000000E+00   0.000000E+00   0.000000E+00   0.000000E+00   0.000000E+00   0.000000E+00   0.000000E+00   0.000000E+00   0.000000E+00   0.000000E+00   0.000000E+00   0.000000E+00   0.000000E+00   0.000000E+00   0.000000E+00   0.000000E+00   0.000000E+00   0.000000E+00   0.000000E+00
   0.166667E+00   0.218750E-25   0.437501E-25   0.874999E-25   0.175000E-24   0.350000E-24   0.700000E-24   0.140000E-23   0.280000E-23   0.560000E-23   0.112000E-22   0.224000E-22   0.448000E-22   0.795752E-19   0.406167E-12   0.584104E-08   0.235136E-06   0.383044E-07   0.365211E-12   0.158631E-20   0.115852E-21   0.230889E-19   0.458741E-19   0.918971E-19   0.183500E-18   0.367172E-18   0.734003E-18
   0.166667E+00   0.455504E-40   0.901836E-40   0.327075E-35   0.364403E-39   0.658277E-39   0.131655E-38   0.150463E-38   0.526621E-38   0.105324E-37   0.210649E-37   0.431695E-37   0.167464E-32   0.148160E-33   0.756238E-27   0.971015E-23   0.390824E-21   0.551994E-22   0.000000E+00   0.233656E-34   0.000000E+00   0.130537E-33   0.171474E-29   0.240800E-33   0.685924E-29   0.715194E-33   0.274370E-28
   0.166667E+00   0.455504E-40   0.930753E-40   0.327077E-35   0.364403E-39   0.728807E-39   0.131655E-38   0.291523E-38   0.564237E-38   0.105324E-37   0.210649E-37   0.431454E-37   0.167464E-32   0.148160E-33   0.756238E-27   0.971015E-23   0.437723E-21   0.552121E-22   0.117413E-27   0.186016E-35   0.000000E+00   0.117874E-33   0.171473E-29   0.245369E-33   0.685912E-29   0.713315E-33   0.274369E-28
   0.166667E+00   0.455504E-40   0.930280E-40   0.327079E-35   0.364403E-39   0.728807E-39   0.131655E-38   0.291523E-38   0.564237E-38   0.105324E-37   0.210649E-37   0.431212E-37   0.167463E-32   0.148160E-33   0.756238E-27   0.971015E-23   0.437723E-21   0.803128E-22   0.176124E-27   0.183958E-35   0.000000E+00   0.114503E-33   0.171476E-29   0.243770E-33   0.685920E-29   0.686775E-33   0.274372E-28
   0.166667E+00   0.484891E-40   0.929805E-40   0.327078E-35   0.364403E-39   0.728807E-39   0.131655E-38   0.291523E-38   0.583045E-38   0.105324E-37   0.233218E-37   0.430968E-37   0.167463E-32   0.148160E-33   0.756238E-27   0.971015E-23   0.437723E-21   0.702792E-22   0.234835E-27   0.181138E-35   0.000000E+00   0.114227E-33   0.171476E-29   0.229830E-33   0.685920E-29   0.470233E-33   0.687245E-30
   0.166667E+00   0.499585E-40   0.929327E-40   0.327078E-35   0.364403E-39   0.728807E-39   0.131655E-38   0.291523E-38   0.583045E-38   0.105324E-37   0.210649E-37   0.376392E-37   0.419732E-34   0.148160E-33   0.756238E-27   0.971015E-23   0.437723E-21   0.702738E-22   0.000000E+00   0.221826E-35   0.000000E+00   0.480063E-34   0.429457E-31   0.174122E-33   0.171836E-30   0.544165E-33   0.687393E-30
   0.166667E+00   0.593625E-39   0.878726E-39   0.819378E-37   0.279768E-38   0.402019E-38   0.785230E-38   0.105324E-37   0.205006E-37   0.267072E-37   0.519098E-37   0.978239E-37   0.419792E-34   0.148160E-33   0.675212E-27   0.971015E-23   0.437723E-21   0.778096E-22   0.117423E-27   0.246895E-35   0.000000E+00   0.572511E-34   0.429580E-31   0.217268E-33   0.171823E-30   0.544118E-33   0.687344E-30
   0.166667E+00   0.499585E-40   0.957750E-40   0.327079E-35   0.364403E-39   0.658277E-39   0.131655E-38   0.291523E-38   0.583045E-38   0.105324E-37   0.233218E-37   0.430228E-37   0.167464E-32   0.148160E-33   0.675212E-27   0.854493E-23   0.437723E-21   0.627516E-22   0.117422E-27   0.240496E-35   0.000000E+00   0.114947E-33   0.171474E-29   0.268212E-33   0.685922E-29   0.802523E-33   0.274369E-28
   0.166667E+00   0.499585E-40   0.927878E-40   0.327081E-35   0.364403E-39   0.728807E-39   0.131655E-38   0.291523E-38   0.583045E-38   0.105324E-37   0.210649E-37   0.429979E-37   0.167464E-32   0.148160E-33   0.675212E-27   0.108754E-22   0.437723E-21   0.702821E-22   0.587102E-28   0.158597E-35   0.000000E+00   0.463216E-34   0.429642E-31   0.174001E-33   0.171811E-30   0.618003E-33   0.687344E-30
   0.166667E+00   0.499585E-40   0.911414E-40   0.819613E-37   0.364403E-39   0.728807E-39   0.145761E-38   0.291523E-38   0.526621E-38   0.105324E-37   0.210649E-37   0.376367E-37   0.419612E-34   0.148160E-33   0.675212E-27   0.108754E-22   0.437723E-21   0.627524E-22   0.290357E-33   0.148494E-35   0.000000E+00   0.524690E-34   0.429549E-31   0.192470E-33   0.171811E-30   0.617955E-33   0.687245E-30
   0.166667E+00   0.163981E-38   0.264196E-38   0.819378E-37   0.785230E-38   0.119430E-37   0.213470E-37   0.324436E-37   0.577403E-37   0.940396E-37   0.160243E-36   0.248285E-36   0.419552E-34   0.555600E-33   0.175555E-26   0.256348E-22   0.984877E-21   0.628387E-22   0.697827E-27   0.490763E-35   0.000000E+00   0.771973E-34   0.429642E-31   0.241786E-33   0.171774E-30   0.815187E-33   0.687196E-30
   0.166667E+00   0.130736E-36   0.210596E-36   0.821024E-37   0.618898E-36   0.101542E-35   0.165439E-35   0.267937E-35   0.432093E-35   0.694012E-35   0.111192E-34   0.177502E-34   0.420244E-34   0.401673E-31   0.109276E-24   0.125455E-20   0.403174E-19   0.532219E-20   0.624971E-25   0.266251E-33   0.000000E+00   0.190731E-32   0.430289E-31   0.481957E-32   0.172131E-30   0.123560E-31   0.688330E-30
   0.166667E+00   0.443170E-36   0.693510E-36   0.823316E-37   0.195549E-35   0.316229E-35   0.509248E-35   0.817307E-35   0.130815E-34   0.208896E-34   0.333066E-34   0.529390E-34   0.421809E-34   0.119100E-30   0.322778E-24   0.369607E-20   0.118295E-18   0.155624E-19   0.182883E-24   0.777570E-33   0.000000E+00   0.552732E-32   0.431583E-31   0.138456E-31   0.172686E-30   0.348458E-31   0.690697E-30
   0.166667E+00   0.455504E-40   0.110172E-39   0.327075E-35   0.364403E-39   0.658277E-39   0.131655E-38   0.263311E-38   0.526621E-38   0.105324E-37   0.210649E-37   0.428706E-37   0.167463E-32   0.148160E-33   0.675212E-27   0.971015E-23   0.390824E-21   0.702844E-22   0.587107E-28   0.198216E-35   0.000000E+00   0.993507E-34   0.171474E-29   0.233905E-33   0.685925E-29   0.618494E-33   0.274368E-28
   0.166667E+00   0.499585E-40   0.924894E-40   0.327081E-35   0.364403E-39   0.658277E-39   0.131655E-38   0.263311E-38   0.526621E-38   0.105324E-37   0.210649E-37   0.428448E-37   0.167463E-32   0.148160E-33   0.675212E-27   0.108754E-22   0.390824E-21   0.702850E-22   0.293553E-28   0.142061E-35   0.000000E+00   0.537889E-34   0.429519E-31   0.192269E-33   0.171836E-30   0.716356E-33   0.687443E-30
   0.166667E+00   0.113141E-39   0.937486E-40   0.819437E-37   0.364403E-39   0.728807E-39   0.131655E-38   0.263311E-38   0.583045E-38   0.105324E-37   0.210649E-37   0.421467E-37   0.419521E-34   0.148160E-33   0.675212E-27   0.100986E-22   0.422090E-21   0.828374E-22   0.146776E-27   0.186098E-35   0.000000E+00   0.475499E-34   0.429549E-31   0.186059E-33   0.171823E-30   0.716309E-33   0.687443E-30
   0.166667E+00   0.518393E-38   0.838425E-38   0.819260E-37   0.246384E-37   0.407426E-37   0.665800E-37   0.108616E-36   0.176418E-36   0.284376E-36   0.456656E-36   0.746314E-36   0.419521E-34   0.174617E-32   0.510460E-26   0.590377E-22   0.159456E-20   0.256054E-21   0.217228E-26   0.112913E-34   0.000000E+00   0.128019E-33   0.429642E-31   0.371106E-33   0.171823E-30   0.111082E-32   0.687295E-30
   0.166667E+00   0.420001E-36   0.681005E-36   0.822787E-37   0.201992E-35   0.332500E-35   0.543041E-35   0.881395E-35   0.142329E-34   0.228892E-34   0.366980E-34   0.585844E-34   0.421477E-34   0.132677E-30   0.359672E-24   0.412487E-20   0.132208E-18   0.174270E-19   0.205251E-24   0.871819E-33   0.000000E+00   0.621459E-32   0.431645E-31   0.155236E-31   0.172674E-30   0.391117E-31   0.690450E-30
   0.166667E+00   0.119639E-35   0.195250E-35   0.828312E-37   0.583019E-35   0.962152E-35   0.157449E-34   0.255915E-34   0.413750E-34   0.665984E-34   0.106849E-33   0.170677E-33   0.425209E-34   0.386671E-30   0.104752E-23   0.120118E-19   0.385228E-18   0.506717E-19   0.589216E-24   0.250098E-32   0.000000E+00   0.180704E-31   0.435404E-31   0.450882E-31   0.174116E-30   0.113116E-30   0.696613E-30
   0.166667E+00   0.316038E-34   0.488235E-34   0.154113E-36   0.131742E-33   0.210615E-33   0.336104E-33   0.535588E-33   0.852509E-33   0.135559E-32   0.215425E-32   0.341637E-32   0.826284E-34   0.764831E-29   0.207034E-22   0.236486E-18   0.756057E-17   0.988270E-18   0.114016E-22   0.480280E-31   0.000000E+00   0.352875E-30   0.132322E-29   0.878207E-30   0.837069E-29   0.219724E-29   0.445955E-28
   0.166667E+00   0.455504E-40   0.109812E-39   0.327075E-35   0.364403E-39   0.658277E-39   0.131655E-38   0.263311E-38   0.470198E-38   0.105324E-37   0.210649E-37   0.426857E-37   0.167465E-32   0.148160E-33   0.675212E-27   0.971015E-23   0.390824E-21   0.702869E-22   0.587104E-28   0.143166E-35   0.000000E+00   0.850185E-34   0.171475E-29   0.247319E-33   0.685919E-29   0.679038E-33   0.274367E-28
   0.166667E+00   0.455504E-40   0.112698E-39   0.327077E-35   0.364403E-39   0.658277E-39   0.131655E-38   0.291523E-38   0.526621E-38   0.105324E-37   0.210649E-37   0.421427E-37   0.419371E-34   0.148160E-33   0.675212E-27   0.971015E-23   0.390824E-21   0.728440E-22   0.187286E-25   0.125874E-35   0.000000E+00   0.519206E-34   0.429488E-31   0.179648E-33   0.171885E-30   0.716019E-33   0.687344E-30
   0.166667E+00   0.191018E-39   0.373243E-39   0.819378E-37   0.149288E-38   0.169271E-38   0.352648E-38   0.667681E-38   0.137298E-37   0.105324E-37   0.210649E-37   0.421420E-37   0.419491E-34   0.148160E-33   0.675212E-27   0.971015E-23   0.437723E-21   0.552260E-22   0.880654E-28   0.133244E-35   0.000000E+00   0.503266E-34   0.429519E-31   0.216625E-33   0.171762E-30   0.568011E-33   0.687295E-30
   0.166667E+00   0.160323E-37   0.260078E-37   0.819437E-37   0.771595E-37   0.127236E-36   0.208110E-36   0.338072E-36   0.548063E-36   0.882843E-36   0.142188E-35   0.227953E-35   0.419582E-34   0.521206E-32   0.145846E-25   0.156528E-21   0.514325E-20   0.677788E-21   0.792589E-26   0.343504E-34   0.000000E+00   0.284085E-33   0.429611E-31   0.759509E-33   0.171848E-30   0.199824E-32   0.687492E-30
   0.166667E+00   0.133020E-35   0.217115E-35   0.827606E-37   0.650086E-35   0.107365E-34   0.175811E-34   0.285915E-34   0.462445E-34   0.744632E-34   0.119503E-33   0.190921E-33   0.424396E-34   0.432659E-30   0.117203E-23   0.134400E-19   0.430938E-18   0.567307E-19   0.668739E-24   0.284013E-32   0.000000E+00   0.202054E-31   0.434726E-31   0.504124E-31   0.173845E-30   0.126284E-30   0.695381E-30
   0.166667E+00   0.365945E-35   0.598963E-35   0.842653E-37   0.178423E-34   0.294412E-34   0.481701E-34   0.782819E-34   0.126542E-33   0.203660E-33   0.326727E-33   0.521923E-33   0.433695E-34   0.118188E-29   0.320129E-23   0.367044E-19   0.117685E-17   0.154648E-18   0.177807E-23   0.751904E-32   0.000000E+00   0.552669E-31   0.444279E-31   0.137650E-30   0.177703E-30   0.344673E-30   0.710665E-30
   0.166667E+00   0.459656E-34   0.705304E-34   0.262670E-36   0.188774E-33   0.300911E-33   0.479105E-33   0.762100E-33   0.121138E-32   0.192423E-32   0.305539E-32   0.484216E-32   0.157553E-33   0.108296E-28   0.293143E-22   0.334741E-18   0.106985E-16   0.139851E-17   0.161607E-22   0.680846E-31   0.000000E+00   0.500394E-30   0.267809E-29   0.124323E-29   0.131231E-28   0.310896E-29   0.593898E-28
   0.166667E+00   0.455504E-40   0.106498E-39   0.327078E-35   0.364403E-39   0.658277E-39   0.131655E-38   0.291523E-38   0.526621E-38   0.105324E-37   0.210649E-37   0.439971E-37   0.167464E-32   0.148160E-33   0.756238E-27   0.971015E-23   0.422090E-21   0.702880E-22   0.117421E-27   0.118450E-35   0.000000E+00   0.753232E-34   0.171476E-29   0.192835E-33   0.685921E-29   0.640819E-33   0.274371E-28
   0.166667E+00   0.499585E-40   0.109381E-39   0.327078E-35   0.364403E-39   0.658277E-39   0.131655E-38   0.263311E-38   0.526621E-38   0.105324E-37   0.210649E-37   0.466517E-37   0.419521E-34   0.148160E-33   0.756238E-27   0.971015E-23   0.390824E-21   0.853499E-22   0.146776E-27   0.118450E-35   0.000000E+00   0.546976E-34   0.429734E-31   0.204043E-33   0.171860E-30   0.715679E-33   0.687245E-30
   0.166667E+00   0.499585E-40   0.108748E-39   0.819554E-37   0.364403E-39   0.728807E-39   0.131655E-38   0.291523E-38   0.526621E-38   0.105324E-37   0.210649E-37   0.421371E-37   0.419521E-34   0.148160E-33   0.756238E-27   0.971015E-23   0.390824E-21   0.627574E-22   0.293551E-28   0.740311E-36   0.000000E+00   0.484581E-34   0.429580E-31   0.179324E-33   0.171786E-30   0.690971E-33   0.687344E-30
   0.166667E+00   0.506506E-37   0.826491E-37   0.819672E-37   0.247430E-36   0.408696E-36   0.669421E-36   0.108935E-35   0.176230E-35   0.284037E-35   0.456280E-35   0.730049E-35   0.419582E-34   0.166310E-31   0.453472E-25   0.523571E-21   0.168836E-19   0.224170E-20   0.261554E-25   0.110751E-33   0.000000E+00   0.814863E-33   0.429611E-31   0.199315E-32   0.171823E-30   0.530233E-32   0.687689E-30
   0.166667E+00   0.406148E-35   0.667334E-35   0.837657E-37   0.201708E-34   0.334242E-34   0.548757E-34   0.894289E-34   0.144884E-33   0.233592E-33   0.375257E-33   0.600000E-33   0.430174E-34   0.136123E-29   0.368631E-23   0.422861E-19   0.135618E-17   0.178538E-18   0.210532E-23   0.894118E-32   0.000000E+00   0.636003E-31   0.440766E-31   0.158504E-30   0.176408E-30   0.396532E-30   0.705636E-30
   0.166667E+00   0.109664E-35   0.179099E-35   0.825020E-37   0.529114E-35   0.870945E-35   0.142214E-34   0.230768E-34   0.372594E-34   0.599216E-34   0.960716E-34   0.153452E-33   0.422802E-34   0.347552E-30   0.944433E-24   0.108423E-19   0.348256E-18   0.458357E-19   0.526338E-24   0.226787E-32   0.000000E+00   0.169908E-31   0.433155E-31   0.420400E-31   0.173339E-30   0.106334E-30   0.729597E-30
   0.166667E+00   0.549955E-34   0.839424E-34   0.466918E-36   0.223622E-33   0.355739E-33   0.565490E-33   0.898357E-33   0.142648E-32   0.226400E-32   0.359246E-32   0.569005E-32   0.491073E-33   0.127181E-28   0.344305E-22   0.393101E-18   0.125622E-16   0.164294E-17   0.189961E-22   0.800484E-31   0.000000E+00   0.589102E-30   0.355673E-29   0.146156E-29   0.157007E-28   0.365434E-29   0.665286E-28
   0.166667E+00   0.187932E-38   0.303897E-38   0.327077E-35   0.905131E-38   0.139649E-37   0.248735E-37   0.385562E-37   0.596211E-37   0.109838E-36   0.181308E-36   0.302592E-36   0.167463E-32   0.576766E-33   0.167453E-26   0.240812E-22   0.922345E-21   0.781639E-22   0.763233E-27   0.473799E-35   0.000000E+00   0.842008E-34   0.171474E-29   0.265496E-33   0.171823E-30   0.888005E-33   0.687196E-30
   0.166667E+00   0.146349E-38   0.239239E-38   0.327078E-35   0.721754E-38   0.111907E-37   0.200774E-37   0.327258E-37   0.479602E-37   0.759840E-37   0.152720E-36   0.252781E-36   0.419612E-34   0.523852E-33   0.175555E-26   0.229159E-22   0.969244E-21   0.702884E-22   0.158518E-26   0.414574E-35   0.000000E+00   0.698610E-34   0.429549E-31   0.259286E-33   0.171811E-30   0.838636E-33   0.686999E-30
   0.166667E+00   0.197404E-36   0.321948E-36   0.820318E-37   0.962812E-36   0.158943E-35   0.260222E-35   0.423112E-35   0.684326E-35   0.110188E-34   0.176877E-34   0.282555E-34   0.419822E-34   0.640898E-31   0.173962E-24   0.199679E-20   0.640639E-19   0.845219E-20   0.993965E-25   0.429677E-33   0.000000E+00   0.302725E-32   0.429827E-31   0.758874E-32   0.171996E-30   0.192349E-31   0.687788E-30
   0.166667E+00   0.691338E-32   0.113540E-31   0.208104E-35   0.342961E-31   0.568172E-31   0.932653E-31   0.151967E-30   0.246173E-30   0.396854E-30   0.637482E-30   0.101919E-29   0.113935E-32   0.231192E-26   0.626028E-20   0.718046E-16   0.230272E-14   0.303100E-15   0.357437E-20   0.151787E-28   0.000000E+00   0.107938E-27   0.130989E-29   0.268895E-27   0.523360E-29   0.672165E-27   0.207748E-28
   0.166667E+00   0.973971E-33   0.161124E-32   0.344907E-36   0.491661E-32   0.817444E-32   0.134565E-31   0.219756E-31   0.356621E-31   0.575722E-31   0.925847E-31   0.148155E-30   0.187360E-33   0.336498E-27   0.911233E-21   0.104562E-16   0.335438E-15   0.441618E-16   0.519972E-21   0.220487E-29   0.000000E+00   0.157384E-28   0.213219E-30   0.392127E-28   0.852066E-30   0.980287E-28   0.338451E-29
   0.166667E+00   0.377285E-33   0.609107E-33   0.231120E-36   0.175912E-32   0.287379E-32   0.466384E-32   0.752974E-32   0.121079E-31   0.194058E-31   0.310287E-31   0.494388E-31   0.124277E-33   0.111474E-27   0.301708E-21   0.345372E-17   0.110582E-15   0.144914E-16   0.167074E-21   0.703454E-30   0.000000E+00   0.515728E-29   0.141080E-30   0.128450E-28   0.581450E-30   0.320899E-28   0.317117E-29
   0.166667E+00   0.353891E-30   0.535304E-30   0.374821E-32   0.142767E-29   0.226625E-29   0.359592E-29   0.570349E-29   0.904365E-29   0.143341E-28   0.227178E-28   0.359387E-28   0.131660E-29   0.802681E-25   0.217180E-18   0.247805E-14   0.791400E-13   0.103714E-13   0.120212E-18   0.506924E-27   0.000000E+00   0.366509E-26   0.274859E-27   0.911757E-26   0.714088E-27   0.227678E-25   0.183784E-26
   0.166667E+00   0.000000E+00   0.000000E+00   0.000000E+00   0.000000E+00   0.000000E+00   0.000000E+00   0.000000E+00   0.000000E+00   0.000000E+00   0.000000E+00   0.000000E+00   0.000000E+00   0.000000E+00   0.000000E+00   0.000000E+00   0.000000E+00   0.000000E+00   0.000000E+00   0.000000E+00   0.000000E+00   0.000000E+00   0.000000E+00   0.000000E+00   0.000000E+00   0.000000E+00   0.000000E+00
   0.166667E+00   0.230916E-26   0.461831E-26   0.923651E-26   0.184732E-25   0.369463E-25   0.738924E-25   0.147785E-24   0.295569E-24   0.591138E-24   0.118228E-23   0.236455E-23   0.472909E-23   0.839997E-20   0.428751E-13   0.616581E-09   0.248209E-07   0.404341E-08   0.385517E-13   0.167451E-21   0.122294E-22   0.243726E-20   0.484247E-20   0.970067E-20   0.193703E-19   0.387587E-19   0.774814E-19
   0.333333E+00   0.218750E-25   0.437501E-25   0.874999E-25   0.175000E-24   0.350000E-24   0.700000E-24   0.140000E-23   0.280000E-23   0.560000E-23   0.112000E-22   0.224000E-22   0.448000E-22   0.748976E-19   0.384087E-12   0.556917E-08   0.225390E-06   0.483214E-07   0.110060E-11   0.191215E-16   0.115852E-21   0.232576E-19   0.458738E-19   0.920505E-19   0.183500E-18   0.367364E-18   0.734003E-18
   0.333333E+00   0.455504E-40   0.931200E-40   0.327075E-35   0.364403E-39   0.658277E-39   0.131655E-38   0.150463E-38   0.470198E-38   0.105324E-37   0.210649E-37   0.431682E-37   0.167464E-32   0.124510E-33   0.715126E-27   0.925820E-23   0.374566E-21   0.687676E-22   0.175038E-27   0.224474E-32   0.000000E+00   0.136311E-33   0.171475E-29   0.269250E-33   0.685922E-29   0.716859E-33   0.274369E-28
   0.333333E+00   0.455504E-40   0.930729E-40   0.327077E-35   0.364403E-39   0.658277E-39   0.131655E-38   0.263311E-38   0.526621E-38   0.105324E-37   0.210649E-37   0.401349E-37   0.167464E-32   0.139451E-33   0.715126E-27   0.925820E-23   0.374566E-21   0.875237E-22   0.000000E+00   0.000000E+00   0.000000E+00   0.131110E-33   0.171473E-29   0.242853E-33   0.685924E-29   0.665606E-33   0.274371E-28
   0.333333E+00   0.455504E-40   0.900869E-40   0.327079E-35   0.364403E-39   0.658277E-39   0.131655E-38   0.263311E-38   0.526621E-38   0.105324E-37   0.210649E-37   0.431199E-37   0.167463E-32   0.139451E-33   0.638506E-27   0.925820E-23   0.374566E-21   0.844050E-22   0.875588E-28   0.524209E-32   0.000000E+00   0.132135E-33   0.171474E-29   0.302924E-33   0.685919E-29   0.787030E-33   0.274367E-28
   0.333333E+00   0.455504E-40   0.929781E-40   0.327078E-35   0.364403E-39   0.658277E-39   0.131655E-38   0.291523E-38   0.526621E-38   0.105324E-37   0.210649E-37   0.430956E-37   0.167463E-32   0.139451E-33   0.715126E-27   0.925820E-23   0.374566E-21   0.969205E-22   0.525117E-27   0.675256E-32   0.000000E+00   0.131603E-33   0.171474E-29   0.276526E-33   0.685921E-29   0.470432E-33   0.687196E-30
   0.333333E+00   0.233630E-39   0.348600E-39   0.327078E-35   0.137533E-38   0.166920E-38   0.319734E-38   0.639469E-38   0.583045E-38   0.105324E-37   0.210649E-37   0.376392E-37   0.419732E-34   0.139451E-33   0.715126E-27   0.925820E-23   0.374566E-21   0.875394E-22   0.875745E-28   0.826972E-32   0.000000E+00   0.515799E-34   0.429516E-31   0.186745E-33   0.171860E-30   0.544390E-33   0.687295E-30
   0.333333E+00   0.186360E-37   0.256053E-37   0.819378E-37   0.809916E-37   0.130786E-36   0.210884E-36   0.338919E-36   0.543737E-36   0.871935E-36   0.139780E-35   0.222086E-35   0.419792E-34   0.478118E-32   0.134342E-25   0.152205E-21   0.515403E-20   0.807642E-21   0.252062E-25   0.377228E-30   0.000000E+00   0.278735E-33   0.429547E-31   0.686990E-33   0.171872E-30   0.177778E-32   0.687295E-30
   0.333333E+00   0.455504E-40   0.928340E-40   0.327079E-35   0.364403E-39   0.658277E-39   0.131655E-38   0.263311E-38   0.526621E-38   0.105324E-37   0.210649E-37   0.430216E-37   0.167464E-32   0.139451E-33   0.638506E-27   0.814721E-23   0.419514E-21   0.969212E-22   0.613246E-31   0.973771E-32   0.000000E+00   0.120669E-33   0.171473E-29   0.259091E-33   0.685921E-29   0.729992E-33   0.274372E-28
   0.333333E+00   0.499585E-40   0.927854E-40   0.327081E-35   0.364403E-39   0.658277E-39   0.131655E-38   0.291523E-38   0.526621E-38   0.105324E-37   0.210649E-37   0.429966E-37   0.167464E-32   0.139451E-33   0.638506E-27   0.925820E-23   0.419514E-21   0.875444E-22   0.366418E-31   0.652035E-32   0.000000E+00   0.545355E-34   0.429516E-31   0.186617E-33   0.171798E-30   0.618251E-33   0.687295E-30
   0.333333E+00   0.718521E-39   0.100509E-38   0.819613E-37   0.345595E-38   0.484304E-38   0.987415E-38   0.140119E-37   0.210649E-37   0.398728E-37   0.774886E-37   0.948127E-37   0.419612E-34   0.323726E-33   0.638506E-27   0.103692E-22   0.419514E-21   0.875505E-22   0.612709E-27   0.223127E-31   0.000000E+00   0.638209E-34   0.429609E-31   0.205104E-33   0.171848E-30   0.692209E-33   0.687492E-30
   0.333333E+00   0.554598E-37   0.782939E-37   0.819378E-37   0.257727E-36   0.422050E-36   0.686912E-36   0.111239E-35   0.179409E-35   0.288589E-35   0.462900E-35   0.735467E-35   0.419552E-34   0.157779E-31   0.433418E-25   0.502905E-21   0.163610E-19   0.285830E-20   0.790313E-25   0.129558E-29   0.000000E+00   0.824762E-33   0.429516E-31   0.209504E-32   0.171848E-30   0.557656E-32   0.687196E-30
   0.333333E+00   0.461307E-35   0.655454E-35   0.824550E-37   0.217910E-34   0.357993E-34   0.583971E-34   0.947197E-34   0.152941E-33   0.246049E-33   0.394710E-33   0.627152E-33   0.422711E-34   0.134173E-29   0.364638E-23   0.421185E-19   0.135641E-17   0.236536E-18   0.659305E-23   0.111476E-27   0.000000E+00   0.662921E-31   0.432721E-31   0.164868E-30   0.173043E-30   0.411278E-30   0.692028E-30
   0.333333E+00   0.279133E-34   0.386806E-34   0.847942E-37   0.122319E-33   0.197847E-33   0.318761E-33   0.511964E-33   0.820207E-33   0.131137E-32   0.209330E-32   0.331396E-32   0.435471E-34   0.704771E-29   0.191473E-22   0.220751E-18   0.709791E-17   0.123463E-17   0.339798E-22   0.570878E-27   0.000000E+00   0.345406E-30   0.446063E-31   0.858206E-30   0.178356E-30   0.213994E-29   0.712933E-30
   0.333333E+00   0.455504E-40   0.925375E-40   0.327076E-35   0.364403E-39   0.658277E-39   0.131655E-38   0.263311E-38   0.526621E-38   0.105324E-37   0.210649E-37   0.428694E-37   0.167465E-32   0.124510E-33   0.638506E-27   0.925820E-23   0.374566E-21   0.906748E-22   0.000000E+00   0.127246E-31   0.000000E+00   0.106578E-33   0.171474E-29   0.236555E-33   0.685918E-29   0.767694E-33   0.274371E-28
   0.333333E+00   0.499585E-40   0.924871E-40   0.327078E-35   0.364403E-39   0.658277E-39   0.131655E-38   0.263311E-38   0.526621E-38   0.105324E-37   0.210649E-37   0.428435E-37   0.167463E-32   0.124510E-33   0.638506E-27   0.925820E-23   0.374566E-21   0.969303E-22   0.425111E-31   0.111277E-31   0.000000E+00   0.604471E-34   0.429609E-31   0.192538E-33   0.171823E-30   0.667297E-33   0.687443E-30
   0.333333E+00   0.222462E-38   0.318562E-38   0.819613E-37   0.105912E-37   0.165980E-37   0.276476E-37   0.467377E-37   0.714701E-37   0.125637E-36   0.208392E-36   0.299439E-36   0.419582E-34   0.712196E-33   0.232416E-26   0.218493E-22   0.928924E-21   0.228269E-21   0.297570E-26   0.570447E-31   0.000000E+00   0.852941E-34   0.429454E-31   0.254260E-33   0.171823E-30   0.741254E-33   0.687344E-30
   0.333333E+00   0.180447E-36   0.256305E-36   0.819731E-37   0.851610E-36   0.139893E-35   0.228196E-35   0.370187E-35   0.597697E-35   0.961761E-35   0.154330E-34   0.245270E-34   0.419642E-34   0.525382E-31   0.143179E-24   0.165648E-20   0.534281E-19   0.933757E-20   0.259759E-24   0.439178E-29   0.000000E+00   0.259545E-32   0.429793E-31   0.659121E-32   0.171872E-30   0.167759E-31   0.687492E-30
   0.333333E+00   0.148296E-34   0.212112E-34   0.832778E-37   0.711882E-34   0.117341E-33   0.191916E-33   0.311938E-33   0.504512E-33   0.812725E-33   0.130511E-32   0.207540E-32   0.427857E-34   0.444515E-29   0.120801E-22   0.139593E-18   0.449659E-17   0.784278E-18   0.218659E-22   0.369755E-27   0.000000E+00   0.219901E-30   0.438175E-31   0.546755E-30   0.175287E-30   0.136376E-29   0.700360E-30
   0.333333E+00   0.703895E-34   0.101583E-33   0.889320E-37   0.335012E-33   0.550907E-33   0.899206E-33   0.145907E-32   0.235649E-32   0.379171E-32   0.608317E-32   0.967197E-32   0.462915E-34   0.206796E-28   0.561971E-22   0.649142E-18   0.209038E-16   0.363479E-17   0.998517E-22   0.167716E-26   0.000000E+00   0.102180E-29   0.474782E-31   0.253976E-29   0.189671E-30   0.633497E-29   0.757602E-30
   0.333333E+00   0.646626E-33   0.893938E-33   0.620908E-36   0.262391E-32   0.417626E-32   0.664266E-32   0.105602E-31   0.167812E-31   0.266580E-31   0.423366E-31   0.668287E-31   0.345710E-33   0.141122E-27   0.383289E-21   0.441016E-17   0.141581E-15   0.244450E-16   0.677546E-21   0.113838E-25   0.000000E+00   0.686473E-29   0.154644E-29   0.170404E-28   0.900000E-29   0.424776E-28   0.463201E-28
   0.333333E+00   0.455504E-40   0.921773E-40   0.327076E-35   0.364403E-39   0.658277E-39   0.131655E-38   0.263311E-38   0.470198E-38   0.105324E-37   0.210649E-37   0.426845E-37   0.167462E-32   0.139451E-33   0.638506E-27   0.814721E-23   0.374566E-21   0.875526E-22   0.175056E-27   0.951199E-32   0.000000E+00   0.935027E-34   0.171474E-29   0.193761E-33   0.685921E-29   0.828001E-33   0.274370E-28
   0.333333E+00   0.108733E-39   0.147961E-39   0.327079E-35   0.364403E-39   0.658277E-39   0.131655E-38   0.291523E-38   0.526621E-38   0.105324E-37   0.210649E-37   0.421427E-37   0.419401E-34   0.139451E-33   0.638506E-27   0.925820E-23   0.374566E-21   0.112570E-21   0.962695E-27   0.110908E-31   0.000000E+00   0.538561E-34   0.429670E-31   0.192240E-33   0.171786E-30   0.691622E-33   0.687492E-30
   0.333333E+00   0.672383E-38   0.958618E-38   0.819554E-37   0.318441E-37   0.525681E-37   0.863753E-37   0.139461E-36   0.228328E-36   0.367507E-36   0.596587E-36   0.953950E-36   0.419552E-34   0.213161E-32   0.572101E-26   0.622151E-22   0.200767E-20   0.406513E-21   0.892697E-26   0.167878E-30   0.000000E+00   0.147178E-33   0.429578E-31   0.408372E-33   0.171872E-30   0.125895E-32   0.687048E-30
   0.333333E+00   0.546665E-36   0.781592E-36   0.819966E-37   0.262145E-35   0.432029E-35   0.706472E-35   0.114825E-34   0.185702E-34   0.299144E-34   0.480452E-34   0.763963E-34   0.419552E-34   0.163686E-30   0.445268E-24   0.514793E-20   0.165933E-18   0.289470E-19   0.806574E-24   0.136393E-28   0.000000E+00   0.813224E-32   0.429732E-31   0.203026E-31   0.171946E-30   0.508923E-31   0.687837E-30
   0.333333E+00   0.468333E-34   0.674339E-34   0.853173E-37   0.228464E-33   0.377831E-33   0.619583E-33   0.100917E-32   0.163487E-32   0.263709E-32   0.423916E-32   0.674676E-32   0.439984E-34   0.144672E-28   0.393180E-22   0.454517E-18   0.146452E-16   0.255493E-17   0.711941E-22   0.120300E-26   0.000000E+00   0.716812E-30   0.450963E-31   0.178241E-29   0.180316E-30   0.444555E-29   0.721018E-30
   0.333333E+00   0.184154E-33   0.266313E-33   0.993762E-37   0.858869E-33   0.140568E-32   0.228548E-32   0.369670E-32   0.595504E-32   0.956210E-32   0.153153E-31   0.243287E-31   0.527223E-34   0.518929E-28   0.141005E-21   0.162768E-17   0.523875E-16   0.908455E-17   0.250133E-21   0.420090E-26   0.000000E+00   0.255732E-29   0.543127E-31   0.635412E-29   0.216911E-30   0.158458E-28   0.864838E-30
   0.333333E+00   0.786787E-33   0.108207E-32   0.144253E-35   0.316844E-32   0.503530E-32   0.799949E-32   0.127053E-31   0.201752E-31   0.320310E-31   0.508467E-31   0.802258E-31   0.816651E-33   0.169338E-27   0.459915E-21   0.529090E-17   0.169832E-15   0.293322E-16   0.813076E-21   0.136632E-25   0.000000E+00   0.823535E-29   0.300697E-29   0.204357E-28   0.139651E-28   0.509362E-28   0.615548E-28
   0.333333E+00   0.455504E-40   0.103557E-39   0.327079E-35   0.364403E-39   0.658277E-39   0.131655E-38   0.291523E-38   0.526621E-38   0.105324E-37   0.210649E-37   0.455006E-37   0.167463E-32   0.129490E-33   0.638506E-27   0.925820E-23   0.374566E-21   0.118894E-21   0.890039E-25   0.791879E-32   0.000000E+00   0.788633E-34   0.171475E-29   0.231229E-33   0.685918E-29   0.715504E-33   0.274368E-28
   0.333333E+00   0.455504E-40   0.100563E-39   0.327073E-35   0.364403E-39   0.658277E-39   0.131655E-38   0.263311E-38   0.526621E-38   0.105324E-37   0.210649E-37   0.406332E-37   0.419612E-34   0.134471E-33   0.638506E-27   0.925820E-23   0.374566E-21   0.844278E-22   0.123463E-31   0.126701E-31   0.000000E+00   0.628270E-34   0.429485E-31   0.167236E-33   0.171835E-30   0.765281E-33   0.687393E-30
   0.333333E+00   0.499585E-40   0.138135E-39   0.819260E-37   0.364403E-39   0.728807E-39   0.131655E-38   0.291523E-38   0.526621E-38   0.105324E-37   0.210649E-37   0.421371E-37   0.419642E-34   0.139451E-33   0.715126E-27   0.814721E-23   0.374566E-21   0.875552E-22   0.875224E-28   0.950255E-32   0.000000E+00   0.518810E-34   0.429639E-31   0.179546E-33   0.171848E-30   0.666557E-33   0.687245E-30
   0.333333E+00   0.172496E-35   0.248260E-35   0.820495E-37   0.840583E-35   0.138986E-34   0.227879E-34   0.371121E-34   0.601172E-34   0.969649E-34   0.155869E-33   0.248063E-33   0.420184E-34   0.531966E-30   0.144622E-23   0.167196E-19   0.538776E-18   0.940008E-19   0.262108E-23   0.443310E-28   0.000000E+00   0.263962E-31   0.430009E-31   0.656806E-31   0.172045E-30   0.164097E-30   0.688182E-30
   0.333333E+00   0.138579E-33   0.200947E-33   0.891494E-37   0.685661E-33   0.113713E-32   0.186883E-32   0.304919E-32   0.494648E-32   0.798737E-32   0.128507E-31   0.204676E-31   0.462434E-34   0.439273E-28   0.119387E-21   0.138056E-17   0.444949E-16   0.776109E-17   0.214913E-21   0.361981E-26   0.000000E+00   0.217937E-29   0.476446E-31   0.541939E-29   0.190435E-30   0.135170E-28   0.760560E-30
   0.333333E+00   0.335331E-34   0.481450E-34   0.853056E-37   0.150726E-33   0.244736E-33   0.395388E-33   0.636289E-33   0.102087E-32   0.163402E-32   0.261059E-32   0.413994E-32   0.439563E-34   0.880447E-29   0.239379E-22   0.276152E-18   0.888528E-17   0.153853E-17   0.424752E-22   0.713614E-27   0.000000E+00   0.437347E-30   0.451548E-31   0.108324E-29   0.180636E-30   0.270811E-29   0.760757E-30
   0.333333E+00   0.854292E-33   0.117115E-32   0.302149E-35   0.342660E-32   0.544130E-32   0.863918E-32   0.137147E-31   0.217696E-31   0.345521E-31   0.548357E-31   0.864982E-31   0.181233E-32   0.182540E-27   0.495773E-21   0.570294E-17   0.183046E-15   0.316235E-16   0.876508E-21   0.147305E-25   0.000000E+00   0.887790E-29   0.394450E-29   0.220253E-28   0.166534E-28   0.548957E-28   0.689119E-28
   0.333333E+00   0.308509E-37   0.437875E-37   0.327079E-35   0.145291E-36   0.238649E-36   0.389089E-36   0.631664E-36   0.102108E-35   0.164419E-35   0.263913E-35   0.420712E-35   0.167464E-32   0.906930E-32   0.242888E-25   0.281819E-21   0.948401E-20   0.158226E-20   0.433839E-25   0.764955E-30   0.000000E+00   0.495303E-33   0.171473E-29   0.129109E-32   0.171835E-30   0.340453E-32   0.687245E-30
   0.333333E+00   0.270026E-37   0.386153E-37   0.327076E-35   0.129398E-36   0.213235E-36   0.349075E-36   0.567529E-36   0.919331E-36   0.148244E-35   0.238710E-35   0.379469E-35   0.419491E-34   0.822263E-32   0.227819E-25   0.265895E-21   0.842025E-20   0.146969E-20   0.406957E-25   0.706356E-30   0.000000E+00   0.443747E-33   0.429763E-31   0.121693E-32   0.171823E-30   0.318247E-32   0.687393E-30
   0.333333E+00   0.336714E-35   0.484385E-35   0.820730E-37   0.163899E-34   0.270935E-34   0.444140E-34   0.723210E-34   0.117137E-33   0.188914E-33   0.303645E-33   0.483227E-33   0.420214E-34   0.103607E-29   0.281619E-23   0.325570E-19   0.104908E-17   0.183020E-18   0.510254E-23   0.862990E-28   0.000000E+00   0.513572E-31   0.430317E-31   0.127785E-30   0.172119E-30   0.318917E-30   0.688281E-30
   0.333333E+00   0.117970E-30   0.170915E-30   0.424658E-35   0.584194E-30   0.969140E-30   0.159316E-29   0.260001E-29   0.421864E-29   0.681320E-29   0.109631E-28   0.174616E-28   0.235116E-32   0.374852E-25   0.101879E-18   0.117817E-14   0.379734E-13   0.662633E-14   0.184795E-18   0.312583E-23   0.000000E+00   0.186014E-26   0.273334E-29   0.462566E-26   0.105304E-28   0.115372E-25   0.412001E-28
   0.333333E+00   0.323020E-31   0.471764E-31   0.120533E-35   0.161185E-30   0.267729E-30   0.440519E-30   0.719396E-30   0.116783E-29   0.188677E-29   0.303683E-29   0.483918E-29   0.674629E-33   0.103887E-25   0.282351E-19   0.326551E-15   0.105258E-13   0.183479E-14   0.505259E-19   0.849772E-24   0.000000E+00   0.515718E-27   0.789211E-30   0.128244E-26   0.303905E-29   0.319864E-26   0.118808E-28
   0.333333E+00   0.646434E-32   0.908934E-32   0.780340E-36   0.280497E-31   0.452145E-31   0.726255E-31   0.116338E-30   0.185971E-30   0.296793E-30   0.473054E-30   0.748461E-30   0.437460E-33   0.158775E-26   0.431282E-20   0.496892E-16   0.159680E-14   0.276644E-15   0.765331E-20   0.128696E-24   0.000000E+00   0.775636E-28   0.516861E-30   0.192644E-27   0.201376E-29   0.480132E-27   0.889179E-29
   0.333333E+00   0.286996E-29   0.382836E-29   0.164264E-31   0.114848E-28   0.182270E-28   0.289253E-28   0.459002E-28   0.728328E-28   0.115560E-27   0.183346E-27   0.288831E-27   0.564753E-29   0.610053E-24   0.165675E-17   0.190554E-13   0.611530E-12   0.106250E-12   0.293695E-17   0.494335E-22   0.000000E+00   0.295889E-25   0.107315E-26   0.734609E-25   0.275071E-26   0.183040E-24   0.698491E-26
   0.333333E+00   0.000000E+00   0.000000E+00   0.000000E+00   0.000000E+00   0.000000E+00   0.000000E+00   0.000000E+00   0.000000E+00   0.000000E+00   0.000000E+00   0.000000E+00   0.000000E+00   0.000000E+00   0.000000E+00   0.000000E+00   0.000000E+00   0.000000E+00   0.000000E+00   0.000000E+00   0.000000E+00   0.000000E+00   0.000000E+00   0.000000E+00   0.000000E+00   0.000000E+00   0.000000E+00
   0.333333E+00   0.230939E-26   0.461862E-26   0.923651E-26   0.184741E-25   0.369478E-25   0.738948E-25   0.147789E-24   0.295575E-24   0.591148E-24   0.118229E-23   0.236458E-23   0.472909E-23   0.790626E-20   0.405444E-13   0.587885E-09   0.237922E-07   0.510082E-08   0.116179E-12   0.201848E-17   0.122294E-22   0.245508E-20   0.484245E-20   0.971687E-20   0.193703E-19   0.387790E-19   0.774814E-19
   0.500000E+00   0.218750E-25   0.437501E-25   0.874999E-25   0.175000E-24   0.350000E-24   0.700000E-24   0.140000E-23   0.280000E-23   0.560000E-23   0.112000E-22   0.224000E-22   0.448000E-22   0.705769E-19   0.363595E-12   0.531515E-08   0.216243E-06   0.577193E-07   0.350366E-11   0.288870E-14   0.211306E-19   0.234948E-19   0.458736E-19   0.922081E-19   0.183500E-18   0.367557E-18   0.734003E-18
   0.500000E+00   0.455504E-40   0.930583E-40   0.327075E-35   0.364403E-39   0.658277E-39   0.131655E-38   0.150463E-38   0.470198E-38   0.105324E-37   0.210649E-37   0.431363E-37   0.167464E-32   0.117327E-33   0.604441E-27   0.883590E-23   0.359312E-21   0.110693E-21   0.000000E+00   0.537850E-29   0.624571E-32   0.144564E-33   0.171473E-29   0.227997E-33   0.685922E-29   0.765827E-33   0.274371E-28
   0.500000E+00   0.455504E-40   0.841951E-40   0.327077E-35   0.364403E-39   0.658277E-39   0.131655E-38   0.263311E-38   0.526621E-38   0.105324E-37   0.210649E-37   0.401029E-37   0.167464E-32   0.117327E-33   0.604441E-27   0.883590E-23   0.359312E-21   0.121807E-21   0.441335E-26   0.595476E-29   0.624571E-32   0.142214E-33   0.171473E-29   0.244761E-33   0.685919E-29   0.763874E-33   0.274373E-28
   0.500000E+00   0.455504E-40   0.929640E-40   0.327079E-35   0.364403E-39   0.658277E-39   0.131655E-38   0.263311E-38   0.526621E-38   0.105324E-37   0.210649E-37   0.400787E-37   0.167463E-32   0.117327E-33   0.604441E-27   0.883590E-23   0.359312E-21   0.125465E-21   0.000000E+00   0.537850E-29   0.624009E-32   0.132010E-33   0.171472E-29   0.267708E-33   0.685922E-29   0.687885E-33   0.274369E-28
   0.500000E+00   0.455504E-40   0.929165E-40   0.327078E-35   0.364403E-39   0.658277E-39   0.131655E-38   0.291523E-38   0.526621E-38   0.105324E-37   0.210649E-37   0.430636E-37   0.167463E-32   0.117327E-33   0.604441E-27   0.883590E-23   0.359312E-21   0.118092E-21   0.000000E+00   0.595476E-29   0.625134E-32   0.123376E-33   0.171472E-29   0.241188E-33   0.685922E-29   0.470579E-33   0.687048E-30
   0.500000E+00   0.160308E-38   0.158281E-38   0.327078E-35   0.724105E-38   0.122722E-37   0.193251E-37   0.307509E-37   0.509694E-37   0.853879E-37   0.133912E-36   0.201643E-36   0.419732E-34   0.464615E-33   0.149901E-26   0.208527E-22   0.847976E-21   0.125515E-21   0.616885E-26   0.595476E-29   0.626820E-32   0.663397E-34   0.429607E-31   0.217904E-33   0.171835E-30   0.544563E-33   0.687245E-30
   0.500000E+00   0.149014E-36   0.144066E-36   0.819378E-37   0.650554E-36   0.105202E-35   0.169502E-35   0.272235E-35   0.436381E-35   0.698037E-35   0.111493E-34   0.173755E-34   0.419792E-34   0.354562E-31   0.970732E-25   0.113170E-20   0.366642E-19   0.800809E-20   0.587252E-24   0.470234E-27   0.855993E-32   0.187244E-32   0.429699E-31   0.475644E-32   0.171823E-30   0.118961E-31   0.687443E-30
   0.500000E+00   0.455504E-40   0.839561E-40   0.327079E-35   0.364403E-39   0.658277E-39   0.131655E-38   0.263311E-38   0.526621E-38   0.105324E-37   0.210649E-37   0.429896E-37   0.167464E-32   0.117327E-33   0.604441E-27   0.777559E-23   0.359312E-21   0.121791E-21   0.000000E+00   0.537850E-29   0.624712E-32   0.125747E-33   0.171473E-29   0.279107E-33   0.685919E-29   0.803422E-33   0.274372E-28
   0.500000E+00   0.105794E-39   0.927238E-40   0.327081E-35   0.364403E-39   0.658277E-39   0.131655E-38   0.291523E-38   0.526621E-38   0.105324E-37   0.210649E-37   0.429647E-37   0.167464E-32   0.131406E-33   0.604441E-27   0.883590E-23   0.359312E-21   0.121811E-21   0.441335E-26   0.576268E-29   0.624009E-32   0.473155E-34   0.429422E-31   0.180670E-33   0.171872E-30   0.667802E-33   0.687147E-30
   0.500000E+00   0.528972E-38   0.528095E-38   0.819613E-37   0.244385E-37   0.402724E-37   0.658277E-37   0.106735E-36   0.168519E-36   0.274972E-36   0.442362E-36   0.720739E-36   0.419612E-34   0.139854E-32   0.413438E-26   0.494811E-22   0.189717E-20   0.365475E-21   0.223448E-25   0.190168E-28   0.633564E-32   0.125786E-33   0.429453E-31   0.372309E-33   0.171860E-30   0.106259E-32   0.687541E-30
   0.500000E+00   0.443639E-36   0.441063E-36   0.819495E-37   0.207445E-35   0.340212E-35   0.554283E-35   0.898247E-35   0.144951E-34   0.233101E-34   0.373834E-34   0.584535E-34   0.419552E-34   0.119725E-30   0.327269E-24   0.381181E-20   0.123388E-18   0.269023E-19   0.198463E-23   0.158570E-26   0.141537E-31   0.637665E-32   0.429792E-31   0.157441E-31   0.171835E-30   0.395100E-31   0.687492E-30
   0.500000E+00   0.369864E-34   0.370285E-34   0.831192E-37   0.175933E-33   0.289553E-33   0.473046E-33   0.768263E-33   0.124182E-32   0.199966E-32   0.321023E-32   0.502315E-32   0.426443E-34   0.102960E-28   0.281058E-22   0.327374E-18   0.105981E-16   0.230849E-17   0.170439E-21   0.136259E-24   0.688785E-30   0.545320E-30   0.437094E-31   0.134452E-29   0.174794E-30   0.334947E-29   0.698733E-30
   0.500000E+00   0.297675E-33   0.296520E-33   0.913652E-37   0.130420E-32   0.210991E-32   0.340010E-32   0.546209E-32   0.875257E-32   0.139969E-31   0.223474E-31   0.348711E-31   0.471762E-34   0.709157E-28   0.193525E-21   0.224939E-17   0.726979E-16   0.157692E-16   0.115322E-20   0.916015E-24   0.518175E-29   0.372308E-29   0.485965E-31   0.917265E-29   0.193603E-30   0.228425E-28   0.772689E-30
   0.500000E+00   0.455504E-40   0.924758E-40   0.327076E-35   0.364403E-39   0.658277E-39   0.131655E-38   0.263311E-38   0.470198E-38   0.105324E-37   0.210649E-37   0.413328E-37   0.167464E-32   0.117327E-33   0.604441E-27   0.883590E-23   0.359312E-21   0.107037E-21   0.000000E+00   0.537850E-29   0.625134E-32   0.111634E-33   0.171472E-29   0.212709E-33   0.685923E-29   0.668175E-33   0.274371E-28
   0.500000E+00   0.232160E-39   0.221730E-39   0.327077E-35   0.131655E-38   0.159867E-38   0.319734E-38   0.611257E-38   0.118490E-37   0.105324E-37   0.210649E-37   0.428115E-37   0.167465E-32   0.117327E-33   0.604441E-27   0.883590E-23   0.359312E-21   0.114422E-21   0.000000E+00   0.595476E-29   0.624993E-32   0.501035E-34   0.429391E-31   0.205134E-33   0.171823E-30   0.593473E-33   0.687443E-30
   0.500000E+00   0.173988E-37   0.173415E-37   0.819554E-37   0.814147E-37   0.133536E-36   0.218031E-36   0.353965E-36   0.572325E-36   0.923468E-36   0.148658E-35   0.232919E-35   0.419582E-34   0.469777E-32   0.135395E-25   0.148443E-21   0.514535E-20   0.112594E-20   0.799920E-25   0.662708E-28   0.655484E-32   0.296628E-33   0.429422E-31   0.804875E-33   0.171774E-30   0.209875E-32   0.687097E-30
   0.500000E+00   0.144319E-35   0.144422E-35   0.819731E-37   0.685742E-35   0.112835E-34   0.184311E-34   0.299297E-34   0.483743E-34   0.778915E-34   0.125043E-33   0.195658E-33   0.419762E-34   0.401066E-30   0.109515E-23   0.127598E-19   0.413166E-18   0.900156E-19   0.664348E-23   0.531223E-26   0.328163E-31   0.212860E-31   0.429853E-31   0.525039E-31   0.171885E-30   0.131088E-30   0.687590E-30
   0.500000E+00   0.118901E-33   0.119831E-33   0.850881E-37   0.574736E-33   0.949044E-33   0.155454E-32   0.252995E-32   0.409617E-32   0.660458E-32   0.106140E-31   0.166219E-31   0.438600E-34   0.341100E-28   0.931164E-22   0.108505E-17   0.351371E-16   0.765541E-17   0.564863E-21   0.451103E-24   0.227628E-29   0.180955E-29   0.450190E-31   0.446182E-29   0.179736E-30   0.111158E-28   0.718356E-30
   0.500000E+00   0.692591E-33   0.726618E-33   0.104913E-36   0.323839E-32   0.530533E-32   0.863343E-32   0.139752E-31   0.225280E-31   0.361951E-31   0.580015E-31   0.908972E-31   0.562010E-34   0.185349E-27   0.505905E-21   0.588838E-17   0.190516E-15   0.412541E-16   0.302180E-20   0.240027E-23   0.127579E-28   0.978782E-29   0.585186E-31   0.241219E-28   0.231419E-30   0.600835E-28   0.919072E-30
   0.500000E+00   0.342401E-32   0.353539E-32   0.183278E-35   0.137960E-31   0.219284E-31   0.348423E-31   0.553459E-31   0.878953E-31   0.139561E-30   0.221562E-30   0.345062E-30   0.102874E-32   0.695370E-27   0.189704E-20   0.220013E-16   0.709834E-15   0.152850E-15   0.112793E-19   0.896102E-23   0.458229E-28   0.361874E-28   0.214942E-29   0.890740E-28   0.106536E-28   0.221735E-27   0.508157E-28
   0.500000E+00   0.455504E-40   0.103871E-39   0.327076E-35   0.364403E-39   0.658277E-39   0.131655E-38   0.263311E-38   0.470198E-38   0.105324E-37   0.210649E-37   0.426526E-37   0.167464E-32   0.131406E-33   0.604441E-27   0.777559E-23   0.359312E-21   0.103353E-21   0.000000E+00   0.518641E-29   0.624150E-32   0.904506E-34   0.171472E-29   0.212506E-33   0.685920E-29   0.728248E-33   0.274373E-28
   0.500000E+00   0.658277E-39   0.668056E-39   0.327075E-35   0.331489E-38   0.557184E-38   0.907482E-38   0.140119E-37   0.270834E-37   0.376158E-37   0.812502E-37   0.112860E-36   0.419642E-34   0.290971E-33   0.604441E-27   0.883590E-23   0.359312E-21   0.114430E-21   0.193084E-26   0.537850E-29   0.625555E-32   0.638272E-34   0.429545E-31   0.211003E-33   0.171786E-30   0.716510E-33   0.687295E-30
   0.500000E+00   0.519333E-37   0.520069E-37   0.819907E-37   0.246630E-36   0.405969E-36   0.663402E-36   0.107722E-35   0.174274E-35   0.280915E-35   0.451164E-35   0.707028E-35   0.419642E-34   0.145439E-31   0.400140E-25   0.469717E-21   0.153067E-19   0.335925E-20   0.246044E-24   0.196699E-27   0.719276E-32   0.822372E-33   0.429607E-31   0.206597E-32   0.171848E-30   0.508437E-32   0.687245E-30
   0.500000E+00   0.425588E-35   0.428723E-35   0.820142E-37   0.205500E-34   0.339265E-34   0.555628E-34   0.904151E-34   0.146373E-33   0.235996E-33   0.379239E-33   0.593871E-33   0.420003E-34   0.121865E-29   0.332733E-23   0.387719E-19   0.125565E-17   0.273590E-18   0.202002E-22   0.161534E-25   0.871393E-31   0.646928E-31   0.430069E-31   0.159556E-30   0.172094E-30   0.397826E-30   0.688231E-30
   0.500000E+00   0.373440E-33   0.379496E-33   0.897313E-37   0.183139E-32   0.303290E-32   0.497925E-32   0.811811E-32   0.131624E-31   0.212466E-31   0.341748E-31   0.535673E-31   0.467038E-34   0.110014E-27   0.300339E-21   0.350090E-17   0.113400E-15   0.247035E-16   0.181398E-20   0.144424E-23   0.744090E-29   0.584454E-29   0.482268E-31   0.144120E-28   0.191939E-30   0.359064E-28   0.765490E-30
   0.500000E+00   0.155507E-32   0.166190E-32   0.139196E-36   0.702399E-32   0.114195E-31   0.184686E-31   0.297470E-31   0.477604E-31   0.764898E-31   0.122259E-30   0.191455E-30   0.773531E-34   0.388742E-27   0.106091E-20   0.123358E-16   0.398804E-15   0.860749E-16   0.632787E-20   0.502573E-23   0.260287E-28   0.204442E-28   0.826181E-31   0.503635E-28   0.322815E-30   0.125421E-27   0.127288E-29
   0.500000E+00   0.396317E-32   0.406616E-32   0.454021E-35   0.158970E-31   0.252454E-31   0.400847E-31   0.636381E-31   0.101020E-30   0.160346E-30   0.254490E-30   0.396176E-30   0.254945E-32   0.798301E-27   0.217781E-20   0.252550E-16   0.814740E-15   0.175497E-15   0.129485E-19   0.102882E-22   0.525041E-28   0.415329E-28   0.388280E-29   0.102218E-27   0.161704E-28   0.254442E-27   0.671965E-28
   0.500000E+00   0.455504E-40   0.976184E-40   0.327078E-35   0.364403E-39   0.658277E-39   0.131655E-38   0.263311E-38   0.526621E-38   0.105324E-37   0.210649E-37   0.454691E-37   0.167465E-32   0.117327E-33   0.604441E-27   0.883590E-23   0.359312E-21   0.132887E-21   0.193084E-26   0.576268E-29   0.624993E-32   0.771126E-34   0.171473E-29   0.212271E-33   0.685911E-29   0.763521E-33   0.274369E-28
   0.500000E+00   0.455504E-40   0.103441E-39   0.327077E-35   0.364403E-39   0.658277E-39   0.131655E-38   0.263311E-38   0.526621E-38   0.105324E-37   0.210649E-37   0.421370E-37   0.419642E-34   0.131406E-33   0.604441E-27   0.883590E-23   0.359312E-21   0.125649E-21   0.725169E-24   0.595476E-29   0.624571E-32   0.524206E-34   0.429545E-31   0.198321E-33   0.171823E-30   0.790189E-33   0.687295E-30
   0.500000E+00   0.232160E-39   0.264499E-39   0.819495E-37   0.132831E-38   0.159867E-38   0.305629E-38   0.639469E-38   0.122251E-37   0.105324E-37   0.210649E-37   0.421363E-37   0.419431E-34   0.131406E-33   0.676974E-27   0.777559E-23   0.359312E-21   0.140272E-21   0.724893E-24   0.729939E-29   0.624853E-32   0.492205E-34   0.429576E-31   0.198276E-33   0.171848E-30   0.642074E-33   0.687295E-30
   0.500000E+00   0.133793E-34   0.135677E-34   0.821670E-37   0.656520E-34   0.108747E-33   0.178569E-33   0.291186E-33   0.472189E-33   0.762293E-33   0.122626E-32   0.192187E-32   0.420725E-34   0.394842E-29   0.107796E-22   0.125660E-18   0.407059E-17   0.887114E-18   0.655135E-22   0.523962E-25   0.268778E-30   0.209831E-30   0.430839E-31   0.517494E-30   0.172402E-30   0.128965E-29   0.689365E-30
   0.500000E+00   0.105758E-32   0.108702E-32   0.986651E-37   0.523952E-32   0.869377E-32   0.142942E-31   0.233320E-31   0.378636E-31   0.611615E-31   0.984309E-31   0.154409E-30   0.519369E-34   0.317191E-27   0.865958E-21   0.100961E-16   0.327082E-15   0.712159E-16   0.520896E-20   0.414293E-23   0.213520E-28   0.168654E-28   0.545775E-31   0.415896E-28   0.215371E-30   0.103621E-27   0.855026E-30
   0.500000E+00   0.228560E-33   0.244137E-33   0.929463E-37   0.989406E-33   0.159442E-32   0.256060E-32   0.410144E-32   0.655612E-32   0.104633E-31   0.166782E-31   0.260684E-31   0.486448E-34   0.527542E-28   0.143988E-21   0.167269E-17   0.540408E-16   0.116467E-16   0.858100E-21   0.681617E-24   0.409312E-29   0.277567E-29   0.508059E-31   0.682605E-29   0.201368E-30   0.170122E-28   0.845560E-30
   0.500000E+00   0.420967E-32   0.430530E-32   0.100084E-34   0.168506E-31   0.267487E-31   0.424580E-31   0.673890E-31   0.106954E-30   0.169737E-30   0.269362E-30   0.419245E-30   0.541926E-32   0.844753E-27   0.230453E-20   0.267232E-16   0.862075E-15   0.185728E-15   0.137018E-19   0.108872E-22   0.555197E-28   0.439463E-28   0.496463E-29   0.108149E-27   0.191423E-28   0.269200E-27   0.751189E-28
   0.500000E+00   0.158392E-36   0.158351E-36   0.327079E-35   0.750365E-36   0.123382E-35   0.201466E-35   0.327041E-35   0.528634E-35   0.851096E-35   0.136628E-34   0.213915E-34   0.167463E-32   0.438521E-31   0.120187E-24   0.140067E-20   0.455464E-19   0.991875E-20   0.731789E-24   0.586256E-27   0.914024E-32   0.237181E-32   0.171473E-29   0.589300E-32   0.171860E-30   0.147574E-31   0.687393E-30
   0.500000E+00   0.154946E-36   0.156000E-36   0.327078E-35   0.746674E-36   0.123215E-35   0.201757E-35   0.328292E-35   0.531436E-35   0.856964E-35   0.137764E-34   0.215825E-34   0.419582E-34   0.443168E-31   0.121396E-24   0.141728E-20   0.460207E-19   0.100516E-19   0.740340E-24   0.592019E-27   0.917115E-32   0.239702E-32   0.429483E-31   0.595479E-32   0.171798E-30   0.149794E-31   0.687295E-30
   0.500000E+00   0.174131E-34   0.176504E-34   0.821670E-37   0.853514E-34   0.141345E-33   0.232055E-33   0.378349E-33   0.613460E-33   0.990272E-33   0.159288E-32   0.249630E-32   0.420605E-34   0.512810E-29   0.140002E-22   0.163197E-18   0.528640E-17   0.115209E-17   0.850779E-22   0.680428E-25   0.347180E-30   0.272488E-30   0.431024E-31   0.671968E-30   0.172316E-30   0.167456E-29   0.689168E-30
   0.500000E+00   0.610076E-30   0.622791E-30   0.706339E-35   0.304223E-29   0.505596E-29   0.832414E-29   0.136023E-28   0.220942E-28   0.357155E-28   0.575137E-28   0.902131E-28   0.400014E-32   0.185558E-24   0.506606E-18   0.590788E-14   0.191434E-12   0.417308E-13   0.308221E-17   0.246557E-20   0.123582E-25   0.987618E-26   0.477916E-29   0.243569E-25   0.168401E-28   0.606881E-25   0.634984E-28
   0.500000E+00   0.235668E-30   0.245335E-30   0.298669E-35   0.116877E-29   0.193890E-29   0.318704E-29   0.520057E-29   0.843720E-29   0.136253E-28   0.219231E-28   0.344087E-28   0.173094E-32   0.706129E-25   0.192776E-18   0.224731E-14   0.728000E-13   0.158296E-13   0.115725E-17   0.920209E-21   0.465016E-26   0.375282E-26   0.207120E-29   0.925385E-26   0.728516E-29   0.230551E-25   0.274131E-28
   0.500000E+00   0.288788E-31   0.292523E-31   0.207492E-35   0.121523E-30   0.194729E-30   0.311343E-30   0.496950E-30   0.792175E-30   0.126150E-29   0.200729E-29   0.312615E-29   0.121984E-32   0.632733E-26   0.172632E-19   0.200381E-15   0.646910E-14   0.139882E-14   0.102935E-18   0.818597E-22   0.412806E-27   0.330258E-27   0.147295E-29   0.813254E-27   0.519295E-29   0.202450E-26   0.206552E-28
   0.500000E+00   0.953880E-29   0.899904E-29   0.448518E-31   0.381388E-28   0.605261E-28   0.960521E-28   0.152426E-27   0.241879E-27   0.383815E-27   0.609018E-27   0.944495E-27   0.143911E-28   0.190959E-23   0.520931E-17   0.604041E-13   0.194844E-11   0.422892E-12   0.310427E-16   0.247090E-19   0.124281E-24   0.992288E-25   0.239192E-26   0.244310E-24   0.606328E-26   0.608085E-24   0.153042E-25
   0.500000E+00   0.000000E+00   0.000000E+00   0.000000E+00   0.000000E+00   0.000000E+00   0.000000E+00   0.000000E+00   0.000000E+00   0.000000E+00   0.000000E+00   0.000000E+00   0.000000E+00   0.000000E+00   0.000000E+00   0.000000E+00   0.000000E+00   0.000000E+00   0.000000E+00   0.000000E+00   0.000000E+00   0.000000E+00   0.000000E+00   0.000000E+00   0.000000E+00   0.000000E+00   0.000000E+00
   0.500000E+00   0.231005E-26   0.461913E-26   0.923651E-26   0.184768E-25   0.369520E-25   0.739016E-25   0.147799E-24   0.295592E-24   0.591175E-24   0.118233E-23   0.236464E-23   0.472909E-23   0.745030E-20   0.383817E-13   0.561074E-09   0.228269E-07   0.609290E-08   0.369850E-12   0.304934E-15   0.223056E-20   0.248013E-20   0.484242E-20   0.973353E-20   0.193703E-19   0.387995E-19   0.774814E-19
   0.666667E+00   0.218750E-25   0.437501E-25   0.875000E-25   0.175000E-24   0.350000E-24   0.700000E-24   0.140000E-23   0.280000E-23   0.560000E-23   0.112000E-22   0.224000E-22   0.448000E-22   0.665793E-19   0.344550E-12   0.507745E-08   0.207648E-06   0.665510E-07   0.483802E-11   0.307110E-14   0.209456E-19   0.237696E-19   0.458735E-19   0.923655E-19   0.183500E-18   0.367746E-18   0.734003E-18
   0.666667E+00   0.455504E-40   0.841228E-40   0.327075E-35   0.364403E-39   0.658277E-39   0.131655E-38   0.150463E-38   0.470198E-38   0.105324E-37   0.210649E-37   0.430745E-37   0.167464E-32   0.110681E-33   0.572780E-27   0.844075E-23   0.331181E-21   0.130444E-21   0.490354E-26   0.551396E-29   0.654486E-32   0.137347E-33   0.171472E-29   0.271157E-33   0.685925E-29   0.689195E-33   0.274370E-28
   0.666667E+00   0.455504E-40   0.840757E-40   0.327077E-35   0.364403E-39   0.658277E-39   0.131655E-38   0.263311E-38   0.526621E-38   0.105324E-37   0.210649E-37   0.430504E-37   0.167464E-32   0.110681E-33   0.572780E-27   0.844075E-23   0.331181E-21   0.134622E-21   0.000000E+00   0.571819E-29   0.654347E-32   0.145843E-33   0.171472E-29   0.219757E-33   0.685922E-29   0.711892E-33   0.274370E-28
   0.666667E+00   0.455504E-40   0.928447E-40   0.327079E-35   0.364403E-39   0.658277E-39   0.131655E-38   0.263311E-38   0.526621E-38   0.105324E-37   0.210649E-37   0.430262E-37   0.167463E-32   0.110681E-33   0.572780E-27   0.844075E-23   0.344980E-21   0.158868E-21   0.136696E-23   0.551396E-29   0.655182E-32   0.144811E-33   0.171473E-29   0.261210E-33   0.685918E-29   0.685215E-33   0.274372E-28
   0.666667E+00   0.104325E-39   0.927971E-40   0.327078E-35   0.364403E-39   0.658277E-39   0.131655E-38   0.291523E-38   0.526621E-38   0.105324E-37   0.210649E-37   0.430019E-37   0.167463E-32   0.110681E-33   0.572780E-27   0.844075E-23   0.344980E-21   0.170135E-21   0.136733E-23   0.124575E-28   0.654486E-32   0.127896E-33   0.171472E-29   0.246951E-33   0.685921E-29   0.470669E-33   0.687147E-30
   0.666667E+00   0.686048E-38   0.551472E-38   0.327078E-35   0.314797E-37   0.515102E-37   0.840243E-37   0.133160E-36   0.215915E-36   0.349827E-36   0.577779E-36   0.884745E-36   0.419732E-34   0.170449E-32   0.469680E-26   0.567218E-22   0.175250E-20   0.572391E-21   0.373424E-25   0.267529E-28   0.665768E-32   0.144973E-33   0.429575E-31   0.416216E-33   0.171823E-30   0.618736E-33   0.687492E-30
   0.666667E+00   0.659640E-36   0.516086E-36   0.819672E-37   0.290275E-35   0.470271E-35   0.758768E-35   0.122024E-34   0.195719E-34   0.313268E-34   0.500494E-34   0.770583E-34   0.419792E-34   0.150084E-30   0.411875E-24   0.482777E-20   0.156938E-18   0.410639E-19   0.361127E-23   0.221294E-26   0.165634E-31   0.849712E-32   0.429667E-31   0.208069E-31   0.171872E-30   0.519903E-31   0.687295E-30
   0.666667E+00   0.455504E-40   0.838368E-40   0.327079E-35   0.364403E-39   0.658277E-39   0.131655E-38   0.263311E-38   0.526621E-38   0.105324E-37   0.210649E-37   0.429279E-37   0.167464E-32   0.110681E-33   0.572780E-27   0.742786E-23   0.344980E-21   0.146977E-21   0.136507E-23   0.735195E-29   0.655322E-32   0.137502E-33   0.171474E-29   0.228929E-33   0.685923E-29   0.751278E-33   0.274368E-28
   0.666667E+00   0.287996E-39   0.268929E-39   0.327076E-35   0.128129E-38   0.235099E-38   0.507814E-38   0.639469E-38   0.110967E-37   0.233218E-37   0.210649E-37   0.429029E-37   0.167464E-32   0.123963E-33   0.572780E-27   0.844075E-23   0.344980E-21   0.138861E-21   0.000000E+00   0.571819E-29   0.654904E-32   0.558391E-34   0.429606E-31   0.205606E-33   0.171872E-30   0.618585E-33   0.687295E-30
   0.666667E+00   0.231602E-37   0.185817E-37   0.819319E-37   0.107499E-36   0.176183E-36   0.286868E-36   0.464932E-36   0.751564E-36   0.121085E-35   0.194022E-35   0.301831E-35   0.419612E-34   0.583513E-32   0.159462E-25   0.197851E-21   0.609925E-20   0.172981E-20   0.139677E-24   0.857728E-28   0.693485E-32   0.379763E-33   0.429606E-31   0.100410E-32   0.171823E-30   0.254404E-32   0.687147E-30
   0.666667E+00   0.196179E-35   0.157888E-35   0.820024E-37   0.924765E-35   0.151954E-34   0.247955E-34   0.402334E-34   0.649904E-34   0.104599E-33   0.167864E-33   0.259327E-33   0.419732E-34   0.507559E-30   0.139213E-23   0.163457E-19   0.531890E-18   0.139296E-18   0.122615E-22   0.751860E-26   0.406954E-31   0.288590E-31   0.429513E-31   0.704713E-31   0.171922E-30   0.175692E-30   0.687393E-30
   0.666667E+00   0.163784E-33   0.132748E-33   0.840478E-37   0.785433E-33   0.129519E-32   0.211937E-32   0.344658E-32   0.557709E-32   0.898860E-32   0.144406E-31   0.223278E-31   0.432130E-34   0.437519E-28   0.119971E-21   0.140909E-17   0.458588E-16   0.120101E-16   0.105737E-20   0.648120E-24   0.295680E-29   0.248795E-29   0.444273E-31   0.607212E-29   0.177296E-30   0.151123E-28   0.708298E-30
   0.666667E+00   0.153483E-32   0.126647E-32   0.103773E-36   0.671728E-32   0.108654E-31   0.175077E-31   0.281232E-31   0.450633E-31   0.720628E-31   0.115054E-30   0.177652E-30   0.540705E-34   0.344404E-27   0.944064E-21   0.110616E-16   0.359317E-15   0.935244E-16   0.818900E-20   0.499507E-23   0.235191E-28   0.193883E-28   0.570979E-31   0.472824E-28   0.223727E-30   0.117623E-27   0.886630E-30
   0.666667E+00   0.455504E-40   0.923565E-40   0.327079E-35   0.364403E-39   0.658277E-39   0.131655E-38   0.263311E-38   0.470198E-38   0.105324E-37   0.210649E-37   0.427757E-37   0.167463E-32   0.110681E-33   0.572780E-27   0.844075E-23   0.344980E-21   0.153887E-21   0.136507E-23   0.735195E-29   0.654625E-32   0.117003E-33   0.171473E-29   0.236199E-33   0.685922E-29   0.763891E-33   0.274370E-28
   0.666667E+00   0.822846E-39   0.753522E-39   0.327079E-35   0.379685E-38   0.681787E-38   0.110967E-37   0.170212E-37   0.263311E-37   0.534145E-37   0.722224E-37   0.146569E-36   0.167462E-32   0.247927E-33   0.572780E-27   0.844075E-23   0.344980E-21   0.155703E-21   0.226317E-26   0.633085E-29   0.657132E-32   0.681511E-34   0.429667E-31   0.217704E-33   0.171848E-30   0.766399E-33   0.687344E-30
   0.666667E+00   0.766187E-37   0.617194E-37   0.819672E-37   0.360983E-36   0.593013E-36   0.967996E-36   0.157149E-35   0.253813E-35   0.408959E-35   0.656246E-35   0.101518E-34   0.419521E-34   0.199271E-31   0.550786E-25   0.647912E-21   0.210714E-19   0.545026E-20   0.488468E-24   0.298775E-27   0.787500E-32   0.118300E-32   0.429790E-31   0.291043E-32   0.171823E-30   0.706129E-32   0.687245E-30
   0.666667E+00   0.637680E-35   0.516617E-35   0.820024E-37   0.305469E-34   0.503610E-34   0.823930E-34   0.133972E-33   0.216764E-33   0.349328E-33   0.561180E-33   0.867645E-33   0.419883E-34   0.170010E-29   0.466209E-23   0.547595E-19   0.178218E-17   0.466747E-18   0.410996E-22   0.252074E-25   0.121118E-30   0.967035E-31   0.429975E-31   0.236074E-30   0.171971E-30   0.587800E-30   0.688034E-30
   0.666667E+00   0.525910E-33   0.429471E-33   0.876624E-37   0.256093E-32   0.423615E-32   0.694883E-32   0.113223E-31   0.183494E-31   0.296096E-31   0.476151E-31   0.736905E-31   0.454369E-34   0.144530E-27   0.396333E-21   0.465674E-17   0.151597E-15   0.397029E-16   0.348420E-20   0.213050E-23   0.984181E-29   0.823136E-29   0.470804E-31   0.200914E-28   0.186787E-30   0.500062E-28   0.744191E-30
   0.666667E+00   0.328068E-32   0.287380E-32   0.134741E-36   0.150739E-31   0.246023E-31   0.399148E-31   0.644552E-31   0.103701E-30   0.166358E-30   0.266258E-30   0.412903E-30   0.747381E-34   0.800725E-27   0.219519E-20   0.257442E-16   0.836872E-15   0.217263E-15   0.190766E-19   0.116342E-22   0.539221E-28   0.452492E-28   0.821927E-31   0.110371E-27   0.313509E-30   0.274604E-27   0.122727E-29
   0.666667E+00   0.108430E-31   0.941799E-32   0.409120E-35   0.435532E-31   0.691848E-31   0.109877E-30   0.174471E-30   0.276999E-30   0.439723E-30   0.697964E-30   0.107629E-29   0.230168E-32   0.206574E-26   0.566070E-20   0.661762E-16   0.214582E-14   0.555010E-15   0.489796E-19   0.298702E-22   0.137093E-27   0.115220E-27   0.334835E-29   0.280748E-27   0.137965E-28   0.698112E-27   0.592460E-28
   0.666667E+00   0.455504E-40   0.831804E-40   0.327078E-35   0.364403E-39   0.658277E-39   0.131655E-38   0.263311E-38   0.470198E-38   0.105324E-37   0.210649E-37   0.425910E-37   0.167465E-32   0.123963E-33   0.572780E-27   0.742786E-23   0.344980E-21   0.130454E-21   0.000000E+00   0.530974E-29   0.655461E-32   0.100228E-33   0.171475E-29   0.216794E-33   0.685921E-29   0.724997E-33   0.274371E-28
   0.666667E+00   0.270217E-38   0.217551E-38   0.327079E-35   0.124015E-37   0.213470E-37   0.336662E-37   0.564237E-37   0.940396E-37   0.147454E-36   0.227200E-36   0.356609E-36   0.419612E-34   0.743780E-33   0.206201E-26   0.313996E-22   0.814153E-21   0.273549E-21   0.143334E-25   0.126617E-28   0.660336E-32   0.931029E-34   0.429636E-31   0.285466E-33   0.171774E-30   0.889473E-33   0.687295E-30
   0.666667E+00   0.223338E-36   0.180929E-36   0.819378E-37   0.106882E-35   0.176193E-35   0.288217E-35   0.468646E-35   0.758335E-35   0.122229E-34   0.196362E-34   0.303665E-34   0.419762E-34   0.595776E-31   0.163701E-24   0.192382E-20   0.627312E-19   0.164513E-19   0.144730E-23   0.886931E-27   0.105562E-31   0.343464E-32   0.429575E-31   0.829566E-32   0.171823E-30   0.205642E-31   0.687147E-30
   0.666667E+00   0.183292E-34   0.149483E-34   0.820906E-37   0.892275E-34   0.147594E-33   0.242109E-33   0.394495E-33   0.639345E-33   0.103171E-32   0.165911E-32   0.256727E-32   0.420515E-34   0.503630E-29   0.138110E-22   0.162276E-18   0.528294E-17   0.138396E-17   0.121887E-21   0.747634E-25   0.346500E-30   0.286877E-30   0.430869E-31   0.700272E-30   0.172255E-30   0.174321E-29   0.688774E-30
   0.666667E+00   0.163293E-32   0.134955E-32   0.962318E-37   0.805034E-32   0.133489E-31   0.219387E-31   0.357998E-31   0.580862E-31   0.938174E-31   0.150977E-30   0.233887E-30   0.506610E-34   0.458905E-27   0.125846E-20   0.147905E-16   0.481600E-15   0.126085E-15   0.110227E-19   0.673240E-23   0.312120E-28   0.261659E-28   0.537731E-31   0.638708E-28   0.210132E-30   0.158977E-27   0.831952E-30
   0.666667E+00   0.646098E-32   0.579541E-32   0.214763E-36   0.284840E-31   0.460783E-31   0.742267E-31   0.119181E-30   0.190877E-30   0.305095E-30   0.486898E-30   0.754531E-30   0.124240E-33   0.145606E-26   0.399114E-20   0.467538E-16   0.151849E-14   0.393074E-15   0.346275E-19   0.211134E-22   0.972226E-28   0.819002E-28   0.146181E-30   0.199687E-27   0.535031E-30   0.496712E-27   0.205730E-29
   0.666667E+00   0.122970E-31   0.106230E-31   0.104393E-34   0.492479E-31   0.781850E-31   0.124113E-30   0.197005E-30   0.312686E-30   0.496262E-30   0.787565E-30   0.121398E-29   0.585780E-32   0.233012E-26   0.638513E-20   0.746401E-16   0.242013E-14   0.626132E-15   0.552461E-19   0.336940E-22   0.154544E-27   0.129940E-27   0.557259E-29   0.316591E-27   0.203334E-28   0.787219E-27   0.777625E-28
   0.666667E+00   0.455504E-40   0.103432E-39   0.327076E-35   0.364403E-39   0.658277E-39   0.131655E-38   0.263311E-38   0.526621E-38   0.105324E-37   0.210649E-37   0.424264E-37   0.167464E-32   0.110681E-33   0.549869E-27   0.844075E-23   0.344980E-21   0.143086E-21   0.792111E-26   0.530974E-29   0.655182E-32   0.797170E-34   0.171473E-29   0.211632E-33   0.685918E-29   0.762092E-33   0.274370E-28
   0.666667E+00   0.455504E-40   0.115132E-39   0.327073E-35   0.364403E-39   0.658277E-39   0.131655E-38   0.263311E-38   0.526621E-38   0.105324E-37   0.210649E-37   0.391269E-37   0.419552E-34   0.110681E-33   0.549869E-27   0.844075E-23   0.344980E-21   0.151753E-21   0.136545E-23   0.735195E-29   0.654904E-32   0.466504E-34   0.429482E-31   0.192327E-33   0.171835E-30   0.741049E-33   0.687393E-30
   0.666667E+00   0.794928E-39   0.631840E-39   0.819378E-37   0.373807E-38   0.658277E-38   0.106735E-37   0.173033E-37   0.263311E-37   0.515337E-37   0.744793E-37   0.103561E-36   0.419672E-34   0.274490E-33   0.641514E-27   0.742786E-23   0.344980E-21   0.143086E-21   0.226317E-26   0.571819E-29   0.655461E-32   0.656435E-34   0.429544E-31   0.229422E-33   0.171835E-30   0.790369E-33   0.687245E-30
   0.666667E+00   0.574063E-34   0.471298E-34   0.823551E-37   0.283991E-33   0.471322E-33   0.775187E-33   0.126574E-32   0.205476E-32   0.332012E-32   0.534477E-32   0.827725E-32   0.421899E-34   0.162570E-28   0.445832E-22   0.524051E-18   0.170659E-16   0.447182E-17   0.393895E-21   0.241659E-24   0.110569E-29   0.927523E-30   0.432718E-31   0.226426E-29   0.172871E-30   0.563622E-29   0.691387E-30
   0.666667E+00   0.441655E-32   0.370037E-32   0.113218E-36   0.219083E-31   0.363630E-31   0.598030E-31   0.976349E-31   0.158472E-30   0.256020E-30   0.412080E-30   0.638956E-30   0.608563E-34   0.125296E-26   0.343604E-20   0.403854E-16   0.131508E-14   0.343964E-15   0.300391E-19   0.183436E-22   0.845516E-28   0.714584E-28   0.675808E-31   0.174430E-27   0.255159E-30   0.434164E-27   0.995246E-30
   0.666667E+00   0.833619E-33   0.747274E-33   0.108774E-36   0.352894E-32   0.566180E-32   0.906126E-32   0.144744E-31   0.230878E-31   0.367850E-31   0.585563E-31   0.905737E-31   0.584098E-34   0.174266E-27   0.477675E-21   0.559063E-17   0.181452E-15   0.469290E-16   0.413977E-20   0.252425E-23   0.122225E-28   0.978726E-29   0.647243E-31   0.238379E-28   0.245298E-30   0.593111E-28   0.101719E-29
   0.666667E+00   0.129543E-31   0.111627E-31   0.243967E-34   0.518132E-31   0.822368E-31   0.130519E-30   0.207142E-30   0.328734E-30   0.521682E-30   0.827845E-30   0.127586E-29   0.127919E-31   0.244894E-26   0.671070E-20   0.784436E-16   0.254340E-14   0.658111E-15   0.580622E-19   0.354126E-22   0.162387E-27   0.136556E-27   0.688769E-29   0.332698E-27   0.238132E-28   0.827262E-27   0.867227E-28
   0.666667E+00   0.506739E-36   0.410042E-36   0.327076E-35   0.241954E-35   0.398643E-35   0.651868E-35   0.105953E-34   0.171387E-34   0.276160E-34   0.443596E-34   0.685843E-34   0.167464E-32   0.134376E-30   0.368871E-24   0.433584E-20   0.141111E-18   0.369838E-19   0.325444E-23   0.199585E-26   0.155940E-31   0.767780E-32   0.429606E-31   0.188497E-31   0.171823E-30   0.469531E-31   0.687196E-30
   0.666667E+00   0.547845E-36   0.446456E-36   0.327075E-35   0.266115E-35   0.440004E-35   0.721528E-35   0.117544E-34   0.190466E-34   0.307321E-34   0.494189E-34   0.764670E-34   0.419642E-34   0.150004E-30   0.411921E-24   0.483891E-20   0.157670E-18   0.413395E-19   0.363692E-23   0.223132E-26   0.166637E-31   0.858939E-32   0.429544E-31   0.208315E-31   0.171835E-30   0.524334E-31   0.687097E-30
   0.666667E+00   0.560424E-34   0.459896E-34   0.822787E-37   0.276937E-33   0.459510E-33   0.755623E-33   0.123362E-32   0.200239E-32   0.323520E-32   0.520769E-32   0.806449E-32   0.421508E-34   0.158378E-28   0.434335E-22   0.510523E-18   0.166249E-16   0.435622E-17   0.383701E-21   0.235405E-24   0.107722E-29   0.903506E-30   0.432009E-31   0.220562E-29   0.172624E-30   0.549016E-29   0.690154E-30
   0.666667E+00   0.196313E-29   0.162246E-29   0.113806E-34   0.986919E-29   0.164337E-28   0.270998E-28   0.443418E-28   0.721022E-28   0.116657E-27   0.187992E-27   0.291380E-27   0.664466E-32   0.572960E-24   0.157136E-17   0.184778E-13   0.601922E-12   0.157763E-12   0.138924E-16   0.851832E-20   0.387968E-25   0.327431E-25   0.807912E-29   0.799395E-25   0.254620E-28   0.198993E-24   0.901451E-28
   0.666667E+00   0.934740E-30   0.797307E-30   0.653134E-35   0.459923E-29   0.761603E-29   0.125003E-28   0.203733E-28   0.330208E-28   0.532843E-28   0.856819E-28   0.132937E-27   0.394326E-32   0.260018E-24   0.713018E-18   0.837709E-14   0.272700E-12   0.711759E-13   0.622537E-17   0.380083E-20   0.173884E-25   0.148040E-25   0.471251E-29   0.361316E-25   0.148931E-28   0.899249E-25   0.526191E-28
   0.666667E+00   0.794207E-31   0.657629E-31   0.499514E-35   0.328794E-30   0.525217E-30   0.837707E-30   0.133458E-29   0.212429E-29   0.337895E-29   0.537171E-29   0.826588E-29   0.309740E-32   0.159456E-25   0.436985E-19   0.511149E-15   0.165815E-13   0.430929E-14   0.378961E-18   0.231351E-21   0.105626E-26   0.891272E-27   0.369153E-29   0.217235E-26   0.116535E-28   0.540215E-26   0.420149E-28
   0.666667E+00   0.222102E-28   0.169320E-28   0.107257E-30   0.887751E-28   0.140881E-27   0.223569E-27   0.354782E-27   0.562994E-27   0.893374E-27   0.141759E-26   0.217108E-26   0.294029E-28   0.419309E-23   0.114900E-16   0.134307E-12   0.435436E-11   0.113631E-11   0.996188E-16   0.608690E-19   0.277543E-24   0.233670E-24   0.421547E-26   0.569486E-24   0.105992E-25   0.141605E-23   0.266165E-25
   0.666667E+00   0.000000E+00   0.000000E+00   0.000000E+00   0.000000E+00   0.000000E+00   0.000000E+00   0.000000E+00   0.000000E+00   0.000000E+00   0.000000E+00   0.000000E+00   0.000000E+00   0.000000E+00   0.000000E+00   0.000000E+00   0.000000E+00   0.000000E+00   0.000000E+00   0.000000E+00   0.000000E+00   0.000000E+00   0.000000E+00   0.000000E+00   0.000000E+00   0.000000E+00   0.000000E+00
   0.666667E+00   0.231135E-26   0.461997E-26   0.923652E-26   0.184822E-25   0.369606E-25   0.739154E-25   0.147821E-24   0.295627E-24   0.591231E-24   0.118242E-23   0.236478E-23   0.472909E-23   0.702857E-20   0.363720E-13   0.535990E-09   0.219198E-07   0.702526E-08   0.510713E-12   0.324192E-15   0.221105E-20   0.250914E-20   0.484241E-20   0.975018E-20   0.193703E-19   0.388195E-19   0.774814E-19
   0.833333E+00   0.218750E-25   0.437500E-25   0.875000E-25   0.175000E-24   0.350000E-24   0.700000E-24   0.140000E-23   0.280000E-23   0.560000E-23   0.112000E-22   0.224000E-22   0.448000E-22   0.628750E-19   0.326823E-12   0.485471E-08   0.199559E-06   0.748597E-07   0.752283E-11   0.124304E-16   0.288951E-21   0.240324E-19   0.458735E-19   0.925214E-19   0.183500E-18   0.367931E-18   0.734003E-18
   0.833333E+00   0.455504E-40   0.611279E-36   0.327075E-35   0.364403E-39   0.658277E-39   0.131655E-38   0.150463E-38   0.470198E-38   0.105324E-37   0.210649E-37   0.313041E-33   0.167464E-32   0.104523E-33   0.543310E-27   0.807047E-23   0.331496E-21   0.135805E-21   0.127798E-25   0.445054E-35   0.470888E-36   0.153448E-33   0.171472E-29   0.256200E-33   0.685922E-29   0.760460E-33   0.274370E-28
   0.833333E+00   0.999170E-40   0.154300E-37   0.327077E-35   0.364403E-39   0.658277E-39   0.131655E-38   0.263311E-38   0.526621E-38   0.105324E-37   0.210649E-37   0.788814E-35   0.167464E-32   0.104523E-33   0.543310E-27   0.807047E-23   0.331496E-21   0.175400E-21   0.249329E-23   0.456459E-32   0.594805E-36   0.144130E-33   0.171472E-29   0.241839E-33   0.685922E-29   0.684353E-33   0.274371E-28
   0.833333E+00   0.455504E-40   0.611306E-36   0.327079E-35   0.364403E-39   0.658277E-39   0.131655E-38   0.263311E-38   0.526621E-38   0.105324E-37   0.210649E-37   0.313062E-33   0.167463E-32   0.104523E-33   0.543310E-27   0.807047E-23   0.318236E-21   0.131068E-21   0.000000E+00   0.342444E-32   0.594805E-36   0.142833E-33   0.171474E-29   0.246067E-33   0.685920E-29   0.731716E-33   0.274370E-28
   0.833333E+00   0.255670E-39   0.154299E-37   0.327078E-35   0.124602E-38   0.232748E-38   0.310331E-38   0.611257E-38   0.116609E-37   0.233218E-37   0.210649E-37   0.789562E-35   0.167463E-32   0.104523E-33   0.543310E-27   0.807047E-23   0.331496E-21   0.168531E-21   0.116217E-26   0.114036E-31   0.693940E-36   0.136723E-33   0.171474E-29   0.281281E-33   0.685918E-29   0.470751E-33   0.687393E-30
   0.833333E+00   0.192796E-37   0.154740E-37   0.327078E-35   0.100564E-36   0.164475E-36   0.267919E-36   0.434369E-36   0.701159E-36   0.112960E-35   0.177619E-35   0.272358E-36   0.419732E-34   0.514673E-32   0.142565E-25   0.170771E-21   0.590063E-20   0.171874E-20   0.199650E-24   0.319978E-30   0.798030E-35   0.361350E-33   0.429636E-31   0.906168E-33   0.171835E-30   0.237217E-32   0.687098E-30
   0.833333E+00   0.186492E-35   0.551017E-38   0.819672E-37   0.937626E-35   0.152190E-34   0.245943E-34   0.396031E-34   0.635856E-34   0.101852E-33   0.162091E-33   0.170477E-35   0.419792E-34   0.461584E-30   0.127132E-23   0.150266E-19   0.490813E-18   0.150273E-18   0.182243E-22   0.289591E-28   0.676715E-33   0.279048E-31   0.429698E-31   0.675313E-31   0.171823E-30   0.168121E-30   0.687344E-30
   0.833333E+00   0.455504E-40   0.611303E-36   0.327079E-35   0.364403E-39   0.658277E-39   0.131655E-38   0.263311E-38   0.470198E-38   0.105324E-37   0.210649E-37   0.789404E-35   0.167464E-32   0.104523E-33   0.543310E-27   0.710201E-23   0.331496E-21   0.145127E-21   0.127113E-30   0.684238E-32   0.520455E-36   0.129619E-33   0.171472E-29   0.225794E-33   0.685924E-29   0.723586E-33   0.274370E-28
   0.833333E+00   0.744690E-39   0.154386E-37   0.327076E-35   0.431406E-38   0.644171E-38   0.102503E-37   0.173033E-37   0.332900E-37   0.504052E-37   0.744793E-37   0.789402E-35   0.167464E-32   0.259218E-33   0.543310E-27   0.807047E-23   0.331496E-21   0.145135E-21   0.116198E-26   0.570414E-32   0.842641E-36   0.595668E-34   0.429698E-31   0.205746E-33   0.171860E-30   0.742185E-33   0.687098E-30
   0.833333E+00   0.652664E-37   0.678881E-39   0.819319E-37   0.345595E-36   0.567223E-36   0.924738E-36   0.149974E-35   0.242133E-35   0.389775E-35   0.622768E-35   0.303953E-36   0.419612E-34   0.179278E-31   0.497889E-25   0.581074E-21   0.193992E-19   0.594739E-20   0.720390E-24   0.114457E-29   0.267167E-34   0.113102E-32   0.429636E-31   0.272173E-32   0.171872E-30   0.661941E-32   0.687295E-30
   0.833333E+00   0.553982E-35   0.157722E-37   0.820024E-37   0.298358E-34   0.491202E-34   0.802794E-34   0.130432E-33   0.210909E-33   0.339738E-33   0.543092E-33   0.513683E-35   0.419732E-34   0.155986E-29   0.429626E-23   0.508588E-19   0.166346E-17   0.509827E-18   0.618740E-22   0.983812E-28   0.219448E-32   0.948705E-31   0.429790E-31   0.229592E-30   0.171946E-30   0.571110E-30   0.687393E-30
   0.833333E+00   0.463026E-33   0.128545E-35   0.853056E-37   0.253631E-32   0.419026E-32   0.686727E-32   0.111818E-31   0.181124E-31   0.292160E-31   0.467547E-31   0.421436E-33   0.439443E-34   0.134561E-27   0.370619E-21   0.438897E-17   0.143589E-15   0.440156E-16   0.533446E-20   0.847506E-26   0.189308E-30   0.819458E-29   0.455982E-31   0.198280E-28   0.180833E-30   0.493024E-28   0.721314E-30
   0.833333E+00   0.474358E-32   0.168979E-34   0.123486E-36   0.231303E-31   0.373950E-31   0.602309E-31   0.967201E-31   0.154940E-30   0.247722E-30   0.393880E-30   0.502259E-32   0.650061E-34   0.111751E-26   0.307674E-20   0.363358E-16   0.118621E-14   0.360687E-15   0.436756E-19   0.692268E-25   0.154427E-29   0.672833E-28   0.733799E-31   0.162645E-27   0.274991E-30   0.404197E-27   0.107334E-29
   0.833333E+00   0.455504E-40   0.154324E-37   0.327074E-35   0.364403E-39   0.658277E-39   0.131655E-38   0.263311E-38   0.470198E-38   0.105324E-37   0.210649E-37   0.789238E-35   0.167463E-32   0.104523E-33   0.543310E-27   0.807047E-23   0.331496E-21   0.181822E-21   0.249285E-23   0.684165E-32   0.495671E-36   0.117013E-33   0.171472E-29   0.251138E-33   0.685921E-29   0.760696E-33   0.274370E-28
   0.833333E+00   0.228340E-38   0.154412E-37   0.327080E-35   0.120253E-37   0.192311E-37   0.327728E-37   0.549191E-37   0.829429E-37   0.135793E-36   0.221933E-36   0.789838E-35   0.167463E-32   0.702397E-33   0.208631E-26   0.284081E-22   0.742551E-21   0.337130E-21   0.197526E-25   0.319226E-31   0.141266E-35   0.831921E-34   0.429667E-31   0.267420E-33   0.171811E-30   0.914739E-33   0.687344E-30
   0.833333E+00   0.215990E-36   0.109911E-38   0.819437E-37   0.116211E-35   0.191295E-35   0.312602E-35   0.507908E-35   0.821266E-35   0.132317E-34   0.211536E-34   0.449898E-36   0.419461E-34   0.608242E-31   0.167905E-24   0.198889E-20   0.651456E-19   0.199954E-19   0.242259E-23   0.385432E-29   0.901378E-34   0.374528E-32   0.429575E-31   0.904251E-32   0.171848E-30   0.225717E-31   0.687443E-30
   0.833333E+00   0.179917E-34   0.504199E-37   0.820260E-37   0.984696E-34   0.162655E-33   0.266536E-33   0.433952E-33   0.702869E-33   0.113369E-32   0.181417E-32   0.165871E-34   0.420244E-34   0.522091E-29   0.143801E-22   0.170292E-18   0.557128E-17   0.170801E-17   0.207322E-21   0.329694E-27   0.735568E-32   0.317968E-30   0.430530E-31   0.769412E-30   0.172131E-30   0.191365E-29   0.688379E-30
   0.833333E+00   0.148206E-32   0.415645E-35   0.910773E-37   0.822786E-32   0.136319E-31   0.223909E-31   0.365229E-31   0.592424E-31   0.956652E-31   0.153232E-30   0.139332E-32   0.474952E-34   0.441727E-27   0.121670E-20   0.144132E-16   0.471664E-15   0.144561E-15   0.174561E-19   0.277080E-25   0.619422E-30   0.269380E-28   0.505500E-31   0.651859E-28   0.196980E-30   0.162094E-27   0.780282E-30
   0.833333E+00   0.940274E-32   0.470700E-34   0.181914E-36   0.471978E-31   0.767668E-31   0.124202E-30   0.200121E-30   0.321404E-30   0.514874E-30   0.820043E-30   0.147316E-31   0.104006E-33   0.233263E-26   0.642272E-20   0.758918E-16   0.247864E-14   0.751552E-15   0.912826E-19   0.144625E-24   0.322473E-29   0.140762E-27   0.128672E-30   0.340288E-27   0.454259E-30   0.845727E-27   0.173032E-29
   0.833333E+00   0.234659E-31   0.513778E-33   0.765731E-35   0.104871E-30   0.166531E-30   0.264406E-30   0.419756E-30   0.666313E-30   0.105760E-29   0.167182E-29   0.365298E-31   0.431189E-32   0.469050E-26   0.129099E-19   0.152122E-15   0.495743E-14   0.149998E-14   0.182755E-18   0.289476E-24   0.645247E-29   0.279805E-27   0.540832E-29   0.675841E-27   0.189045E-28   0.167885E-26   0.726791E-28
   0.833333E+00   0.455504E-40   0.154203E-37   0.327081E-35   0.364403E-39   0.658277E-39   0.131655E-38   0.263311E-38   0.470198E-38   0.105324E-37   0.210649E-37   0.788919E-35   0.167463E-32   0.117066E-33   0.543310E-27   0.710201E-23   0.331496E-21   0.177932E-21   0.145238E-25   0.252747E-35   0.718723E-36   0.947762E-34   0.171472E-29   0.226879E-33   0.685922E-29   0.770943E-33   0.274369E-28
   0.833333E+00   0.729394E-38   0.154526E-37   0.327079E-35   0.392498E-37   0.647462E-37   0.106171E-36   0.170024E-36   0.277417E-36   0.455528E-36   0.720719E-36   0.789783E-35   0.419461E-34   0.217827E-32   0.601988E-26   0.755396E-22   0.251937E-20   0.781989E-21   0.824959E-25   0.132239E-30   0.371753E-35   0.182211E-33   0.429667E-31   0.502615E-33   0.171835E-30   0.138357E-32   0.687492E-30
   0.833333E+00   0.614615E-36   0.223640E-38   0.819437E-37   0.336019E-35   0.554942E-35   0.909236E-35   0.148018E-34   0.239735E-34   0.386646E-34   0.618773E-34   0.809501E-36   0.419461E-34   0.178120E-30   0.490935E-24   0.581558E-20   0.190372E-18   0.583779E-19   0.708128E-23   0.112629E-28   0.263449E-33   0.108559E-31   0.429451E-31   0.264128E-31   0.171860E-30   0.658855E-31   0.687147E-30
   0.833333E+00   0.504749E-34   0.142123E-36   0.821905E-37   0.280733E-33   0.465266E-33   0.764426E-33   0.124719E-32   0.202342E-32   0.326798E-32   0.523499E-32   0.474908E-34   0.420996E-34   0.150959E-28   0.415809E-22   0.492606E-18   0.161210E-16   0.494354E-17   0.600149E-21   0.954503E-27   0.213010E-31   0.920862E-30   0.431793E-31   0.222844E-29   0.172538E-30   0.554179E-29   0.689957E-30
   0.833333E+00   0.454715E-32   0.131438E-34   0.105177E-36   0.254708E-31   0.422818E-31   0.695524E-31   0.113580E-30   0.184397E-30   0.297972E-30   0.477567E-30   0.449114E-32   0.561288E-34   0.137799E-26   0.379566E-20   0.449729E-16   0.147195E-14   0.450867E-15   0.543360E-19   0.862312E-25   0.192507E-29   0.841048E-28   0.637013E-31   0.203529E-27   0.237533E-30   0.506117E-27   0.925333E-30
   0.833333E+00   0.166848E-31   0.148532E-33   0.337473E-36   0.800386E-31   0.128997E-30   0.207189E-30   0.331898E-30   0.530584E-30   0.846849E-30   0.134481E-29   0.286179E-31   0.200760E-33   0.380386E-26   0.104719E-19   0.123598E-15   0.403316E-14   0.122018E-14   0.148580E-18   0.235325E-24   0.524612E-29   0.228467E-27   0.278710E-30   0.552102E-27   0.912955E-30   0.137185E-26   0.336336E-29
   0.833333E+00   0.263294E-31   0.598064E-33   0.200820E-34   0.117485E-30   0.186483E-30   0.295987E-30   0.469769E-30   0.745551E-30   0.118318E-29   0.187006E-29   0.439211E-31   0.112874E-31   0.524549E-26   0.144373E-19   0.170112E-15   0.554348E-14   0.167768E-14   0.204372E-18   0.323729E-24   0.721575E-29   0.312862E-27   0.834093E-29   0.755653E-27   0.270174E-28   0.187709E-26   0.945507E-28
   0.833333E+00   0.455504E-40   0.154288E-37   0.327076E-35   0.364403E-39   0.658277E-39   0.131655E-38   0.263311E-38   0.470198E-38   0.105324E-37   0.210649E-37   0.789655E-35   0.167463E-32   0.104523E-33   0.543310E-27   0.807047E-23   0.331496E-21   0.145154E-21   0.122000E-25   0.114083E-32   0.446104E-36   0.773458E-34   0.171473E-29   0.208793E-33   0.685917E-29   0.659686E-33   0.274368E-28
   0.833333E+00   0.455504E-40   0.154258E-37   0.327079E-35   0.364403E-39   0.658277E-39   0.131655E-38   0.263311E-38   0.526621E-38   0.105324E-37   0.210649E-37   0.246765E-36   0.419491E-34   0.104523E-33   0.543310E-27   0.807047E-23   0.331496E-21   0.149836E-21   0.122000E-25   0.863348E-36   0.570022E-36   0.614666E-34   0.429636E-31   0.180066E-33   0.171749E-30   0.741203E-33   0.687344E-30
   0.833333E+00   0.204830E-38   0.520165E-39   0.819378E-37   0.115669E-37   0.190195E-37   0.308920E-37   0.494648E-37   0.812502E-37   0.130903E-36   0.212906E-36   0.255792E-36   0.419401E-34   0.689854E-33   0.202111E-26   0.290537E-22   0.782331E-21   0.318404E-21   0.214954E-25   0.330588E-31   0.141266E-35   0.870598E-34   0.429513E-31   0.291565E-33   0.171799E-30   0.938706E-33   0.687245E-30
   0.833333E+00   0.157497E-33   0.448202E-36   0.826255E-37   0.890185E-33   0.148023E-32   0.243843E-32   0.398671E-32   0.647874E-32   0.104775E-31   0.168016E-31   0.152358E-33   0.423584E-34   0.485478E-28   0.133730E-21   0.158491E-17   0.518844E-16   0.159147E-16   0.193220E-20   0.307321E-26   0.686065E-31   0.296637E-29   0.435768E-31   0.717924E-29   0.173709E-30   0.178540E-28   0.693556E-30
   0.833333E+00   0.117528E-31   0.363800E-34   0.134847E-36   0.657307E-31   0.109086E-30   0.179386E-30   0.292839E-30   0.475268E-30   0.767771E-30   0.123038E-29   0.126600E-31   0.743830E-34   0.354775E-26   0.977204E-20   0.115770E-15   0.378880E-14   0.115879E-14   0.139730E-18   0.221714E-24   0.494395E-29   0.216426E-27   0.922502E-31   0.523701E-27   0.317552E-30   0.130225E-26   0.119478E-29
   0.833333E+00   0.197212E-32   0.304587E-34   0.137662E-36   0.913747E-32   0.146191E-31   0.233455E-31   0.372282E-31   0.593020E-31   0.943839E-31   0.149536E-30   0.323341E-32   0.766550E-34   0.421219E-27   0.115956E-20   0.136750E-16   0.445956E-15   0.134868E-15   0.164343E-19   0.260284E-25   0.581509E-30   0.252478E-28   0.967829E-31   0.609687E-28   0.330384E-30   0.151509E-27   0.132460E-29
   0.833333E+00   0.276198E-31   0.646627E-33   0.508349E-34   0.123160E-30   0.195458E-30   0.310190E-30   0.492260E-30   0.781181E-30   0.123964E-29   0.195919E-29   0.536600E-31   0.260593E-31   0.549499E-26   0.151240E-19   0.178200E-15   0.580693E-14   0.175758E-14   0.214090E-18   0.339129E-24   0.755890E-29   0.327724E-27   0.994429E-29   0.791532E-27   0.312430E-28   0.196620E-26   0.105111E-27
   0.833333E+00   0.110605E-35   0.185347E-37   0.327078E-35   0.603338E-35   0.995949E-35   0.163118E-34   0.265467E-34   0.429847E-34   0.693143E-34   0.110900E-33   0.889396E-35   0.167463E-32   0.319106E-30   0.879228E-24   0.104138E-19   0.340791E-18   0.104479E-18   0.126764E-22   0.201599E-28   0.471656E-33   0.194728E-31   0.429667E-31   0.471667E-31   0.171799E-30   0.117472E-30   0.687344E-30
   0.833333E+00   0.130922E-35   0.191371E-37   0.327077E-35   0.726566E-35   0.120364E-34   0.197684E-34   0.322440E-34   0.523022E-34   0.844596E-34   0.135280E-33   0.148056E-35   0.419612E-34   0.390052E-30   0.107471E-23   0.127336E-19   0.416744E-18   0.127849E-18   0.155138E-22   0.246717E-28   0.577581E-33   0.238232E-31   0.429605E-31   0.577266E-31   0.171823E-30   0.143821E-30   0.687393E-30
   0.833333E+00   0.123035E-33   0.352108E-36   0.824785E-37   0.694631E-33   0.115480E-32   0.190198E-32   0.310920E-32   0.505214E-32   0.816965E-32   0.130998E-31   0.119050E-33   0.422651E-34   0.378464E-28   0.104251E-21   0.123551E-17   0.404453E-16   0.124057E-16   0.150624E-20   0.239584E-26   0.534793E-31   0.231222E-29   0.433673E-31   0.559608E-29   0.172982E-30   0.139168E-28   0.690993E-30
   0.833333E+00   0.430792E-29   0.123996E-31   0.185878E-34   0.247352E-28   0.412639E-28   0.681494E-28   0.111647E-27   0.181727E-27   0.294266E-27   0.472360E-27   0.429090E-29   0.111635E-31   0.136752E-23   0.376714E-17   0.446640E-13   0.146259E-11   0.448694E-12   0.543803E-16   0.864133E-22   0.193158E-26   0.836922E-25   0.142278E-28   0.202574E-24   0.382433E-28   0.503807E-24   0.124531E-27
   0.833333E+00   0.235984E-29   0.941112E-32   0.136268E-34   0.129065E-28   0.213250E-28   0.349373E-28   0.568575E-28   0.920440E-28   0.148385E-27   0.237438E-27   0.342524E-29   0.853051E-32   0.682234E-24   0.187899E-17   0.222454E-13   0.727636E-12   0.221955E-12   0.268300E-16   0.425554E-22   0.948371E-27   0.415001E-25   0.104351E-28   0.100395E-24   0.283043E-28   0.249608E-24   0.922152E-28
   0.833333E+00   0.151931E-30   0.269405E-32   0.115574E-34   0.699599E-30   0.111545E-29   0.177655E-29   0.282710E-29   0.449602E-29   0.714658E-29   0.113064E-28   0.204656E-30   0.750834E-32   0.317990E-25   0.875265E-19   0.103179E-14   0.336343E-13   0.102300E-13   0.124143E-17   0.196830E-23   0.438553E-28   0.189977E-26   0.891941E-29   0.459000E-26   0.241851E-28   0.114029E-25   0.785228E-28
   0.833333E+00   0.376331E-28   0.767616E-30   0.242270E-30   0.170251E-27   0.270168E-27   0.428724E-27   0.680330E-27   0.107958E-26   0.171310E-26   0.270594E-26   0.722723E-28   0.514320E-28   0.759297E-23   0.208982E-16   0.246232E-12   0.802328E-11   0.245105E-11   0.296418E-15   0.470361E-21   0.104776E-25   0.452641E-24   0.651990E-26   0.109360E-23   0.162922E-25   0.271668E-23   0.407448E-25
   0.833333E+00   0.000000E+00   0.000000E+00   0.000000E+00   0.000000E+00   0.000000E+00   0.000000E+00   0.000000E+00   0.000000E+00   0.000000E+00   0.000000E+00   0.000000E+00   0.000000E+00   0.000000E+00   0.000000E+00   0.000000E+00   0.000000E+00   0.000000E+00   0.000000E+00   0.000000E+00   0.000000E+00   0.000000E+00   0.000000E+00   0.000000E+00   0.000000E+00   0.000000E+00   0.000000E+00
   0.833333E+00   0.231305E-26   0.461833E-26   0.923653E-26   0.184914E-25   0.369755E-25   0.739392E-25   0.147859E-24   0.295688E-24   0.591328E-24   0.118258E-23   0.236456E-23   0.472910E-23   0.663794E-20   0.345018E-13   0.512492E-09   0.210664E-07   0.790248E-08   0.794144E-12   0.131221E-17   0.305029E-22   0.253691E-20   0.484241E-20   0.976669E-20   0.193703E-19   0.388392E-19   0.774814E-19
   0.100000E+01   0.218750E-25   0.437500E-25   0.875000E-25   0.175000E-24   0.350000E-24   0.700000E-24   0.140000E-23   0.280000E-23   0.560000E-23   0.112000E-22   0.224000E-22   0.448000E-22   0.594378E-19   0.310301E-12   0.464574E-08   0.191939E-06   0.826807E-07   0.160197E-10   0.986489E-17   0.217262E-19   0.243993E-19   0.458732E-19   0.926750E-19   0.183500E-18   0.368108E-18   0.734003E-18
   0.100000E+01   0.455504E-40   0.927520E-40   0.327075E-35   0.364403E-39   0.658277E-39   0.131655E-38   0.150463E-38   0.470198E-38   0.105324E-37   0.210649E-37   0.429777E-37   0.167464E-32   0.988094E-34   0.515844E-27   0.772308E-23   0.318796E-21   0.167004E-21   0.872940E-23   0.138638E-31   0.479529E-32   0.161331E-33   0.171472E-29   0.265413E-33   0.685919E-29   0.685524E-33   0.274370E-28
   0.100000E+01   0.214528E-39   0.110337E-39   0.327077E-35   0.799336E-39   0.145761E-38   0.277417E-38   0.611257E-38   0.526621E-38   0.105324E-37   0.210649E-37   0.474675E-37   0.167464E-32   0.988094E-34   0.515844E-27   0.772308E-23   0.318796E-21   0.194493E-21   0.502551E-25   0.000000E+00   0.479385E-32   0.162998E-33   0.171470E-29   0.281971E-33   0.685923E-29   0.782279E-33   0.274370E-28
   0.100000E+01   0.455504E-40   0.101474E-39   0.327079E-35   0.364403E-39   0.658277E-39   0.131655E-38   0.263311E-38   0.526621E-38   0.105324E-37   0.210649E-37   0.459386E-37   0.167463E-32   0.988094E-34   0.515844E-27   0.772308E-23   0.318796E-21   0.158582E-21   0.000000E+00   0.000000E+00   0.479529E-32   0.150008E-33   0.171471E-29   0.236488E-33   0.685918E-29   0.730817E-33   0.274372E-28
   0.100000E+01   0.548074E-39   0.280689E-39   0.327078E-35   0.313857E-38   0.510165E-38   0.846356E-38   0.128834E-37   0.263311E-37   0.364873E-37   0.752316E-37   0.474189E-37   0.167463E-32   0.221333E-33   0.515844E-27   0.772308E-23   0.318796E-21   0.173948E-21   0.612904E-26   0.277276E-32   0.481263E-32   0.159822E-33   0.171473E-29   0.265452E-33   0.685917E-29   0.470876E-33   0.687295E-30
   0.100000E+01   0.489784E-37   0.134579E-37   0.327078E-35   0.263581E-36   0.431900E-36   0.703651E-36   0.114042E-35   0.184054E-35   0.296225E-35   0.472680E-35   0.114805E-35   0.419732E-34   0.128926E-31   0.359853E-25   0.431257E-21   0.142820E-19   0.487728E-20   0.116330E-23   0.691341E-30   0.590490E-32   0.888325E-33   0.429665E-31   0.198255E-32   0.171860E-30   0.499140E-32   0.687295E-30
   0.100000E+01   0.475067E-35   0.127730E-35   0.819672E-37   0.246661E-34   0.401096E-34   0.649149E-34   0.104656E-33   0.168198E-33   0.269632E-33   0.428953E-33   0.995556E-34   0.419792E-34   0.115722E-29   0.320075E-23   0.381341E-19   0.125197E-17   0.439904E-18   0.102633E-21   0.606051E-28   0.105060E-30   0.753000E-31   0.429819E-31   0.179274E-30   0.171835E-30   0.445364E-30   0.687443E-30
   0.100000E+01   0.455504E-40   0.101282E-39   0.327079E-35   0.364403E-39   0.658277E-39   0.131655E-38   0.263311E-38   0.470198E-38   0.105324E-37   0.210649E-37   0.473449E-37   0.167464E-32   0.988094E-34   0.515844E-27   0.679631E-23   0.318796E-21   0.173944E-21   0.000000E+00   0.000000E+00   0.479096E-32   0.146910E-33   0.171472E-29   0.246875E-33   0.685923E-29   0.722558E-33   0.274370E-28
   0.100000E+01   0.189695E-38   0.644900E-39   0.327076E-35   0.103444E-37   0.169036E-37   0.286350E-37   0.447628E-37   0.712820E-37   0.125261E-36   0.191841E-36   0.518339E-37   0.167464E-32   0.541475E-33   0.185704E-26   0.172997E-22   0.714102E-21   0.332594E-21   0.355486E-25   0.240306E-31   0.483430E-32   0.916012E-34   0.429541E-31   0.280468E-33   0.171811E-30   0.767100E-33   0.687196E-30
   0.100000E+01   0.165903E-36   0.456592E-37   0.819319E-37   0.907070E-36   0.149086E-35   0.243398E-35   0.395079E-35   0.638529E-35   0.102812E-34   0.164140E-34   0.387595E-35   0.419612E-34   0.446342E-31   0.123761E-24   0.147943E-20   0.487120E-19   0.171741E-19   0.399859E-23   0.235962E-29   0.867169E-32   0.296637E-32   0.429572E-31   0.698680E-32   0.171848E-30   0.175895E-31   0.687295E-30
   0.100000E+01   0.140952E-34   0.389815E-35   0.820024E-37   0.783925E-34   0.129296E-33   0.211630E-33   0.344257E-33   0.557218E-33   0.898300E-33   0.143550E-32   0.334247E-33   0.419853E-34   0.390616E-29   0.108054E-22   0.128953E-18   0.423937E-17   0.149122E-17   0.348155E-21   0.205686E-27   0.345603E-30   0.255916E-30   0.430250E-31   0.609494E-30   0.171909E-30   0.151427E-29   0.687689E-30
   0.100000E+01   0.117863E-32   0.328500E-33   0.868572E-37   0.666154E-32   0.110240E-31   0.180917E-31   0.294913E-31   0.478138E-31   0.771822E-31   0.123469E-30   0.288452E-31   0.448802E-34   0.336636E-27   0.931236E-21   0.111178E-16   0.365610E-15   0.128606E-15   0.299390E-19   0.176667E-25   0.294610E-28   0.220877E-28   0.475515E-31   0.526056E-28   0.186023E-30   0.130686E-27   0.738472E-30
   0.100000E+01   0.124769E-31   0.384531E-32   0.151797E-36   0.616451E-31   0.995835E-31   0.160293E-30   0.257270E-30   0.411960E-30   0.658435E-30   0.104596E-29   0.291015E-30   0.807265E-34   0.280570E-26   0.775801E-20   0.923360E-16   0.302921E-14   0.105518E-14   0.246395E-18   0.145139E-24   0.241140E-27   0.181700E-27   0.103527E-30   0.432381E-27   0.356712E-30   0.107347E-26   0.135265E-29
   0.100000E+01   0.104325E-39   0.112741E-39   0.327078E-35   0.364403E-39   0.658277E-39   0.131655E-38   0.263311E-38   0.470198E-38   0.105324E-37   0.210649E-37   0.426788E-37   0.167465E-32   0.988094E-34   0.515844E-27   0.772308E-23   0.318796E-21   0.189312E-21   0.367753E-26   0.157123E-31   0.480107E-32   0.119452E-33   0.171468E-29   0.253127E-33   0.685924E-29   0.734789E-33   0.274369E-28
   0.100000E+01   0.556450E-38   0.161438E-38   0.327076E-35   0.305629E-37   0.502877E-37   0.810621E-37   0.134665E-36   0.212529E-36   0.353965E-36   0.574770E-36   0.135940E-36   0.167463E-32   0.160466E-32   0.404422E-26   0.491188E-22   0.158121E-20   0.736865E-21   0.129220E-24   0.768008E-31   0.492532E-32   0.144869E-33   0.429480E-31   0.435256E-33   0.171786E-30   0.123614E-32   0.687245E-30
   0.100000E+01   0.548802E-36   0.151798E-36   0.819378E-37   0.304902E-35   0.502780E-35   0.822855E-35   0.133841E-34   0.216613E-34   0.349233E-34   0.558038E-34   0.130392E-34   0.419431E-34   0.151894E-30   0.420413E-24   0.502093E-20   0.165072E-18   0.581272E-19   0.135538E-22   0.801050E-29   0.180354E-31   0.997476E-32   0.429511E-31   0.238921E-31   0.171761E-30   0.594848E-31   0.687245E-30
   0.100000E+01   0.457371E-34   0.127328E-34   0.821141E-37   0.258498E-33   0.427770E-33   0.702015E-33   0.114436E-32   0.185534E-32   0.299497E-32   0.479102E-32   0.111638E-32   0.420424E-34   0.130633E-28   0.361373E-22   0.431440E-18   0.141881E-16   0.499197E-17   0.116563E-20   0.688743E-27   0.114640E-29   0.857184E-30   0.431113E-31   0.204159E-29   0.172242E-30   0.507221E-29   0.689267E-30
   0.100000E+01   0.375342E-32   0.106136E-32   0.953208E-37   0.214706E-31   0.356235E-31   0.585814E-31   0.956460E-31   0.155264E-30   0.250879E-30   0.401666E-30   0.952279E-31   0.501133E-34   0.109671E-26   0.303396E-20   0.362323E-16   0.119179E-14   0.419105E-15   0.972901E-19   0.573944E-25   0.956588E-28   0.720463E-28   0.564443E-31   0.171607E-27   0.211660E-30   0.426339E-27   0.828106E-30
   0.100000E+01   0.230235E-31   0.768142E-32   0.249122E-36   0.115563E-30   0.187387E-30   0.302436E-30   0.486351E-30   0.779890E-30   0.124780E-29   0.198433E-29   0.598953E-30   0.145754E-33   0.532870E-26   0.147348E-19   0.175419E-15   0.575614E-14   0.199979E-14   0.468308E-18   0.275721E-24   0.457377E-27   0.345464E-27   0.216900E-30   0.822090E-27   0.681401E-30   0.204104E-26   0.248412E-29
   0.100000E+01   0.471718E-31   0.159183E-31   0.127572E-34   0.213387E-30   0.338766E-30   0.537763E-30   0.853589E-30   0.135481E-29   0.215020E-29   0.339673E-29   0.102683E-29   0.718709E-32   0.901285E-26   0.249137E-19   0.295882E-15   0.969025E-14   0.336360E-14   0.789055E-18   0.464480E-24   0.769607E-27   0.578516E-27   0.862374E-29   0.137551E-26   0.264831E-28   0.341357E-26   0.921290E-28
   0.100000E+01   0.455504E-40   0.112433E-39   0.327078E-35   0.364403E-39   0.658277E-39   0.131655E-38   0.263311E-38   0.470198E-38   0.105324E-37   0.210649E-37   0.410164E-37   0.167464E-32   0.110667E-33   0.515844E-27   0.679631E-23   0.306044E-21   0.163732E-21   0.000000E+00   0.000000E+00   0.479673E-32   0.100134E-33   0.171471E-29   0.234538E-33   0.685918E-29   0.771624E-33   0.274372E-28
   0.100000E+01   0.179322E-37   0.505828E-38   0.327078E-35   0.995996E-37   0.164475E-36   0.269329E-36   0.438695E-36   0.710751E-36   0.115029E-35   0.184167E-35   0.475473E-36   0.419401E-34   0.500371E-32   0.144230E-25   0.171143E-21   0.580208E-20   0.206732E-20   0.440102E-24   0.281897E-30   0.522729E-32   0.378940E-33   0.429480E-31   0.987093E-33   0.171848E-30   0.256976E-32   0.687196E-30
   0.100000E+01   0.152605E-35   0.424759E-36   0.819789E-37   0.861556E-35   0.142541E-34   0.233883E-34   0.381213E-34   0.617994E-34   0.997530E-34   0.159569E-33   0.372322E-34   0.419461E-34   0.435077E-30   0.120398E-23   0.143745E-19   0.472774E-18   0.166359E-18   0.388422E-22   0.229501E-28   0.427979E-31   0.285953E-31   0.429634E-31   0.681318E-31   0.171848E-30   0.169584E-30   0.687344E-30
   0.100000E+01   0.125394E-33   0.351420E-34   0.823669E-37   0.720192E-33   0.119576E-32   0.196755E-32   0.321403E-32   0.521955E-32   0.843675E-32   0.135103E-31   0.315082E-32   0.421718E-34   0.369120E-28   0.102116E-21   0.121963E-17   0.401210E-16   0.141202E-16   0.329754E-20   0.194866E-26   0.323571E-29   0.242613E-29   0.433732E-31   0.577900E-29   0.172969E-30   0.143578E-28   0.691190E-30
   0.100000E+01   0.113556E-31   0.329171E-32   0.116873E-36   0.653268E-31   0.108529E-30   0.178641E-30   0.291872E-30   0.474047E-30   0.766275E-30   0.122733E-29   0.298946E-30   0.633450E-34   0.335254E-26   0.927464E-20   0.110771E-15   0.364390E-14   0.128020E-14   0.296968E-18   0.175188E-24   0.291265E-27   0.220321E-27   0.815605E-31   0.524810E-27   0.278923E-30   0.130384E-26   0.105367E-29
   0.100000E+01   0.376128E-31   0.129285E-31   0.520409E-36   0.180190E-30   0.289588E-30   0.464088E-30   0.742125E-30   0.118474E-29   0.188886E-29   0.299538E-29   0.932190E-30   0.315455E-33   0.800024E-26   0.221188E-19   0.263042E-15   0.862401E-14   0.299155E-14   0.701837E-18   0.413093E-24   0.684689E-27   0.516359E-27   0.545832E-30   0.122828E-26   0.155343E-29   0.304887E-26   0.538644E-29
   0.100000E+01   0.526198E-31   0.177243E-31   0.345661E-34   0.237812E-30   0.377424E-30   0.598981E-30   0.950576E-30   0.150851E-29   0.239385E-29   0.378120E-29   0.114390E-29   0.194856E-31   0.100314E-25   0.277290E-19   0.329305E-15   0.107845E-13   0.374412E-14   0.878200E-18   0.516973E-24   0.856529E-27   0.643814E-27   0.124196E-28   0.153071E-26   0.367574E-28   0.379870E-26   0.118746E-27
   0.100000E+01   0.455504E-40   0.103300E-39   0.327080E-35   0.364403E-39   0.658277E-39   0.131655E-38   0.263311E-38   0.470198E-38   0.105324E-37   0.210649E-37   0.483766E-37   0.167464E-32   0.988094E-34   0.495210E-27   0.772308E-23   0.318796E-21   0.184210E-21   0.429031E-25   0.000000E+00   0.479385E-32   0.808104E-34   0.171472E-29   0.209724E-33   0.685922E-29   0.758958E-33   0.274370E-28
   0.100000E+01   0.116080E-39   0.123818E-39   0.327078E-35   0.364403E-39   0.658277E-39   0.131655E-38   0.263311E-38   0.526621E-38   0.105324E-37   0.210649E-37   0.421345E-37   0.419431E-34   0.988094E-34   0.515844E-27   0.772308E-23   0.318796E-21   0.194441E-21   0.453548E-25   0.000000E+00   0.479240E-32   0.494305E-34   0.429418E-31   0.223704E-33   0.171823E-30   0.692047E-33   0.687295E-30
   0.100000E+01   0.495177E-38   0.149289E-38   0.819496E-37   0.284940E-37   0.468787E-37   0.785230E-37   0.128552E-36   0.204254E-36   0.332524E-36   0.533392E-36   0.144449E-36   0.419522E-34   0.158095E-32   0.416802E-26   0.497366E-22   0.158123E-20   0.543014E-21   0.128822E-24   0.646977E-31   0.492532E-32   0.150339E-33   0.429480E-31   0.422177E-33   0.171798E-30   0.135897E-32   0.687048E-30
   0.100000E+01   0.389828E-33   0.109985E-33   0.830251E-37   0.227517E-32   0.379006E-32   0.625270E-32   0.102352E-31   0.166494E-31   0.269469E-31   0.431967E-31   0.100843E-31   0.426202E-34   0.118256E-27   0.327169E-21   0.390914E-17   0.128636E-15   0.452830E-16   0.105704E-19   0.624452E-26   0.103788E-28   0.778564E-29   0.441312E-31   0.185472E-28   0.174942E-30   0.460834E-28   0.697057E-30
   0.100000E+01   0.279441E-31   0.832616E-32   0.166756E-36   0.159346E-30   0.264298E-30   0.434408E-30   0.708860E-30   0.115007E-29   0.185736E-29   0.297333E-29   0.752329E-30   0.948430E-34   0.810780E-26   0.224288E-19   0.267793E-15   0.880712E-14   0.308791E-14   0.717402E-18   0.423095E-24   0.702343E-27   0.532086E-27   0.138405E-30   0.126735E-26   0.415753E-30   0.314838E-26   0.147487E-29
   0.100000E+01   0.419157E-32   0.144279E-32   0.187544E-36   0.194712E-31   0.310927E-31   0.495789E-31   0.789699E-31   0.125679E-30   0.199885E-30   0.316335E-30   0.978133E-31   0.108953E-33   0.841888E-27   0.232750E-20   0.276597E-16   0.906344E-15   0.314393E-15   0.737803E-19   0.434258E-25   0.724153E-28   0.542279E-28   0.168134E-30   0.128920E-27   0.489905E-30   0.320018E-27   0.184786E-29
   0.100000E+01   0.550698E-31   0.185504E-31   0.969022E-34   0.248793E-30   0.394802E-30   0.626499E-30   0.994169E-30   0.157760E-29   0.250336E-29   0.395399E-29   0.120697E-29   0.481718E-31   0.104891E-25   0.289943E-19   0.344326E-15   0.112763E-13   0.391518E-14   0.918265E-18   0.540566E-24   0.895597E-27   0.673163E-27   0.143205E-28   0.160047E-26   0.419340E-28   0.397179E-26   0.131501E-27
   0.100000E+01   0.226891E-35   0.631029E-36   0.327078E-35   0.127811E-34   0.211362E-34   0.346681E-34   0.564889E-34   0.915550E-34   0.147756E-33   0.236318E-33   0.551133E-34   0.167463E-32   0.644134E-30   0.178220E-23   0.212777E-19   0.699744E-18   0.246228E-18   0.574805E-22   0.339617E-28   0.610543E-31   0.422906E-31   0.429603E-31   0.100783E-30   0.171823E-30   0.250682E-30   0.687295E-30
   0.100000E+01   0.291784E-35   0.817207E-36   0.819554E-37   0.167214E-34   0.277505E-34   0.456456E-34   0.745423E-34   0.121029E-33   0.195595E-33   0.313177E-33   0.730951E-34   0.419522E-34   0.855492E-30   0.236686E-23   0.282705E-19   0.930054E-18   0.327322E-18   0.764388E-22   0.451692E-28   0.796518E-31   0.562647E-31   0.429665E-31   0.134054E-30   0.171798E-30   0.333189E-30   0.687393E-30
   0.100000E+01   0.253878E-33   0.716002E-34   0.828194E-37   0.148013E-32   0.246513E-32   0.406618E-32   0.665516E-32   0.108247E-31   0.175182E-31   0.280804E-31   0.655481E-32   0.424908E-34   0.768644E-28   0.212654E-21   0.254081E-17   0.836069E-16   0.294321E-16   0.687422E-20   0.406267E-26   0.674280E-29   0.506003E-29   0.436567E-31   0.120541E-28   0.173413E-30   0.299502E-28   0.692521E-30
   0.100000E+01   0.887864E-29   0.252368E-29   0.305395E-34   0.525986E-28   0.878917E-28   0.145355E-27   0.238394E-27   0.388381E-27   0.629351E-27   0.100985E-26   0.236628E-27   0.188766E-31   0.276963E-23   0.766289E-17   0.915926E-13   0.301485E-11   0.106138E-11   0.247095E-15   0.145838E-21   0.242356E-24   0.182622E-24   0.248250E-28   0.435094E-24   0.576062E-28   0.108112E-23   0.170951E-27
   0.100000E+01   0.529192E-29   0.163779E-29   0.273524E-34   0.291952E-28   0.481198E-28   0.786780E-28   0.127834E-27   0.206674E-27   0.332829E-27   0.531725E-27   0.142552E-27   0.177308E-31   0.144299E-23   0.399126E-17   0.476107E-13   0.156469E-11   0.547024E-12   0.127450E-15   0.751263E-22   0.124538E-24   0.943288E-25   0.218001E-28   0.224616E-24   0.514739E-28   0.557885E-24   0.153616E-27
   0.100000E+01   0.275997E-30   0.827946E-31   0.257152E-34   0.128697E-29   0.204945E-29   0.326099E-29   0.518553E-29   0.824193E-29   0.130949E-28   0.206928E-28   0.542118E-29   0.174553E-31   0.550243E-25   0.152107E-18   0.180703E-14   0.591933E-13   0.206599E-13   0.482588E-17   0.284371E-23   0.470994E-26   0.353611E-26   0.193309E-28   0.840912E-26   0.467230E-28   0.208705E-25   0.137406E-27
   0.100000E+01   0.623171E-28   0.167966E-28   0.504154E-30   0.288943E-27   0.458491E-27   0.727537E-27   0.115446E-26   0.183191E-26   0.290685E-26   0.458677E-26   0.110507E-26   0.796270E-28   0.121791E-22   0.336658E-16   0.399799E-12   0.130920E-10   0.459067E-11   0.106840E-14   0.630119E-21   0.104371E-23   0.781445E-24   0.925437E-26   0.185825E-23   0.230572E-25   0.461188E-23   0.574996E-25
   0.100000E+01   0.000000E+00   0.000000E+00   0.000000E+00   0.000000E+00   0.000000E+00   0.000000E+00   0.000000E+00   0.000000E+00   0.000000E+00   0.000000E+00   0.000000E+00   0.000000E+00   0.000000E+00   0.000000E+00   0.000000E+00   0.000000E+00   0.000000E+00   0.000000E+00   0.000000E+00   0.000000E+00   0.000000E+00   0.000000E+00   0.000000E+00   0.000000E+00   0.000000E+00   0.000000E+00
   0.100000E+01   0.231590E-26   0.462012E-26   0.923655E-26   0.185059E-25   0.369987E-25   0.739764E-25   0.147919E-24   0.295783E-24   0.591479E-24   0.118282E-23   0.236468E-23   0.472910E-23   0.627571E-20   0.327594E-13   0.490453E-09   0.202627E-07   0.872833E-08   0.169117E-11   0.104141E-17   0.229355E-20   0.257569E-20   0.484238E-20   0.978300E-20   0.193703E-19   0.388581E-19   0.774814E-19
   0.116667E+01   0.218750E-25   0.437500E-25   0.875000E-25   0.175000E-24   0.350000E-24   0.700000E-24   0.140000E-23   0.280000E-23   0.560000E-23   0.112000E-22   0.224000E-22   0.448000E-22   0.562438E-19   0.294881E-12   0.444942E-08   0.184751E-06   0.900641E-07   0.173729E-10   0.183317E-16   0.394451E-21   0.248098E-19   0.458729E-19   0.928324E-19   0.183500E-18   0.368286E-18   0.734003E-18
   0.116667E+01   0.455504E-40   0.868529E-40   0.327075E-35   0.364403E-39   0.658277E-39   0.131655E-38   0.150463E-38   0.470198E-38   0.105324E-37   0.210649E-37   0.429666E-37   0.167464E-32   0.934997E-34   0.490211E-27   0.739672E-23   0.306817E-21   0.170924E-21   0.000000E+00   0.000000E+00   0.000000E+00   0.181098E-33   0.171469E-29   0.249868E-33   0.685921E-29   0.760882E-33   0.274372E-28
   0.116667E+01   0.398199E-39   0.365986E-39   0.327077E-35   0.208063E-38   0.322085E-38   0.634767E-38   0.940396E-38   0.182437E-37   0.233218E-37   0.466436E-37   0.474564E-37   0.167464E-32   0.934997E-34   0.490211E-27   0.739672E-23   0.306817E-21   0.193005E-21   0.395175E-26   0.000000E+00   0.730636E-37   0.172537E-33   0.171468E-29   0.278778E-33   0.685923E-29   0.783505E-33   0.274370E-28
   0.116667E+01   0.455504E-40   0.926361E-40   0.327079E-35   0.364403E-39   0.658277E-39   0.131655E-38   0.263311E-38   0.526621E-38   0.105324E-37   0.210649E-37   0.414137E-37   0.167463E-32   0.934997E-34   0.490211E-27   0.739672E-23   0.306817E-21   0.198532E-21   0.526931E-26   0.000000E+00   0.000000E+00   0.167288E-33   0.171471E-29   0.251792E-33   0.685921E-29   0.731994E-33   0.274370E-28
   0.116667E+01   0.131508E-38   0.111821E-38   0.327078E-35   0.687664E-38   0.112612E-37   0.185728E-37   0.278357E-37   0.485244E-37   0.793694E-37   0.126389E-36   0.109098E-36   0.167463E-32   0.325379E-33   0.115690E-26   0.165687E-22   0.736362E-21   0.187556E-21   0.303004E-25   0.289039E-31   0.511445E-36   0.181903E-33   0.171471E-29   0.225151E-33   0.171811E-30   0.471054E-33   0.687443E-30
   0.116667E+01   0.117228E-36   0.955721E-37   0.327078E-35   0.600384E-36   0.985205E-36   0.160634E-35   0.260518E-35   0.420714E-35   0.677085E-35   0.108281E-34   0.798360E-35   0.419732E-34   0.278031E-31   0.775121E-25   0.934354E-21   0.305590E-19   0.123415E-19   0.281027E-23   0.288363E-29   0.604601E-34   0.199897E-32   0.429569E-31   0.470924E-32   0.171798E-30   0.120356E-31   0.687245E-30
   0.116667E+01   0.113844E-34   0.913965E-35   0.819672E-37   0.562537E-34   0.916264E-34   0.148495E-33   0.239672E-33   0.385535E-33   0.618484E-33   0.986517E-33   0.722711E-33   0.419792E-34   0.251613E-29   0.698844E-23   0.839288E-19   0.276954E-17   0.110011E-17   0.255095E-21   0.257393E-27   0.540130E-32   0.176314E-30   0.429847E-31   0.412772E-30   0.171959E-30   0.102429E-29   0.687541E-30
   0.116667E+01   0.102856E-39   0.101261E-39   0.327079E-35   0.364403E-39   0.658277E-39   0.131655E-38   0.263311E-38   0.470198E-38   0.105324E-37   0.210649E-37   0.428199E-37   0.167464E-32   0.934997E-34   0.490211E-27   0.650912E-23   0.306817E-21   0.204155E-21   0.790418E-25   0.336821E-36   0.730636E-37   0.151253E-33   0.171472E-29   0.261842E-33   0.685921E-29   0.748316E-33   0.274370E-28
   0.116667E+01   0.458884E-38   0.381871E-38   0.327080E-35   0.233571E-37   0.385327E-37   0.628654E-37   0.102691E-36   0.168895E-36   0.270082E-36   0.447628E-36   0.305709E-36   0.167464E-32   0.108086E-32   0.309813E-26   0.375754E-22   0.148500E-20   0.551651E-21   0.109344E-24   0.105415E-30   0.233803E-35   0.131378E-33   0.429662E-31   0.361571E-33   0.171761E-30   0.103919E-32   0.687245E-30
   0.116667E+01   0.396879E-36   0.325509E-36   0.819613E-37   0.206496E-35   0.339946E-35   0.555656E-35   0.902930E-35   0.146032E-34   0.235287E-34   0.376647E-34   0.277018E-34   0.419612E-34   0.967647E-31   0.269106E-24   0.323829E-20   0.107055E-18   0.425886E-19   0.987128E-23   0.996336E-29   0.209254E-33   0.686728E-32   0.429631E-31   0.159753E-31   0.171811E-30   0.403786E-31   0.687245E-30
   0.116667E+01   0.337381E-34   0.278610E-34   0.820201E-37   0.178561E-33   0.294996E-33   0.483503E-33   0.787388E-33   0.127562E-32   0.205794E-32   0.329727E-32   0.242407E-32   0.420093E-34   0.848263E-29   0.235649E-22   0.283494E-18   0.936764E-17   0.372531E-17   0.864378E-21   0.872606E-27   0.183305E-31   0.598621E-30   0.430432E-31   0.140203E-29   0.172107E-30   0.347997E-29   0.688281E-30
   0.116667E+01   0.281866E-32   0.234852E-32   0.887557E-37   0.151477E-31   0.251046E-31   0.412496E-31   0.673078E-31   0.109213E-30   0.176409E-30   0.282926E-30   0.209016E-30   0.460417E-34   0.729202E-27   0.202581E-20   0.243800E-16   0.805833E-15   0.320428E-15   0.740606E-19   0.746680E-25   0.157151E-29   0.515343E-28   0.508113E-31   0.120712E-27   0.192962E-30   0.299613E-27   0.760412E-30
   0.116667E+01   0.295111E-31   0.257853E-31   0.189654E-36   0.137684E-30   0.222203E-30   0.357382E-30   0.573229E-30   0.917426E-30   0.146571E-29   0.233204E-29   0.193376E-29   0.101755E-33   0.590425E-26   0.163947E-19   0.196632E-15   0.648205E-14   0.254879E-14   0.592715E-18   0.596467E-24   0.124822E-28   0.411143E-27   0.158310E-30   0.962392E-27   0.479860E-30   0.238697E-26   0.174979E-29
   0.116667E+01   0.160161E-39   0.123978E-39   0.327079E-35   0.775826E-39   0.145761E-38   0.305629E-38   0.583045E-38   0.114728E-37   0.105324E-37   0.210649E-37   0.426678E-37   0.167464E-32   0.934997E-34   0.490211E-27   0.739672E-23   0.306817E-21   0.176494E-21   0.000000E+00   0.000000E+00   0.000000E+00   0.132987E-33   0.171471E-29   0.255160E-33   0.685918E-29   0.686230E-33   0.274370E-28
   0.116667E+01   0.129319E-37   0.106804E-37   0.327076E-35   0.673793E-37   0.111037E-36   0.181872E-36   0.292557E-36   0.479978E-36   0.775262E-36   0.123380E-35   0.904797E-36   0.167463E-32   0.323509E-32   0.896105E-26   0.113318E-21   0.369408E-20   0.138462E-20   0.320128E-24   0.317941E-30   0.679491E-35   0.279830E-33   0.429600E-31   0.715262E-33   0.171848E-30   0.185433E-32   0.687048E-30
   0.116667E+01   0.131198E-35   0.108302E-35   0.819789E-37   0.693617E-35   0.114567E-34   0.187745E-34   0.305714E-34   0.495233E-34   0.798892E-34   0.127997E-33   0.941299E-34   0.419612E-34   0.329306E-30   0.915165E-24   0.110099E-19   0.363898E-18   0.144733E-18   0.335752E-22   0.338971E-28   0.712005E-33   0.232791E-31   0.429508E-31   0.545934E-31   0.171786E-30   0.135638E-30   0.687245E-30
   0.116667E+01   0.109381E-33   0.909251E-34   0.821846E-37   0.588278E-33   0.975110E-33   0.160244E-32   0.261504E-32   0.424358E-32   0.685517E-32   0.109950E-31   0.808986E-32   0.421056E-34   0.283430E-28   0.787412E-22   0.947659E-18   0.313237E-16   0.124604E-16   0.289154E-20   0.291944E-26   0.613427E-31   0.200343E-29   0.432188E-31   0.469277E-29   0.172550E-30   0.116481E-28   0.689809E-30
   0.116667E+01   0.891873E-32   0.751027E-32   0.100552E-36   0.484674E-31   0.805118E-31   0.132527E-30   0.216549E-30   0.351753E-30   0.568664E-30   0.912677E-30   0.679538E-30   0.532730E-34   0.235520E-26   0.654327E-20   0.787659E-16   0.260398E-14   0.103499E-14   0.238761E-18   0.240723E-24   0.505744E-29   0.166615E-27   0.665261E-31   0.390315E-27   0.232134E-30   0.968815E-27   0.890574E-30
   0.116667E+01   0.510084E-31   0.469189E-31   0.338613E-36   0.239806E-30   0.387810E-30   0.624578E-30   0.100269E-29   0.160569E-29   0.256632E-29   0.408551E-29   0.357545E-29   0.201326E-33   0.103445E-25   0.287245E-19   0.344532E-15   0.113583E-13   0.445617E-14   0.103881E-17   0.104489E-23   0.218682E-28   0.720477E-27   0.380955E-30   0.168650E-26   0.102797E-29   0.418285E-26   0.356333E-29
   0.116667E+01   0.906077E-31   0.823416E-31   0.195854E-34   0.387050E-30   0.614339E-30   0.975049E-30   0.154748E-29   0.245589E-29   0.389738E-29   0.616905E-29   0.541136E-29   0.110375E-31   0.154555E-25   0.429038E-19   0.513512E-15   0.169005E-13   0.663051E-14   0.154684E-17   0.155581E-23   0.325745E-28   0.106722E-26   0.132653E-28   0.249601E-26   0.369117E-28   0.618834E-26   0.118578E-27
   0.116667E+01   0.455504E-40   0.103595E-39   0.327077E-35   0.364403E-39   0.658277E-39   0.131655E-38   0.263311E-38   0.470198E-38   0.105324E-37   0.210649E-37   0.425100E-37   0.167462E-32   0.104720E-33   0.490211E-27   0.650912E-23   0.306817E-21   0.215138E-21   0.790433E-25   0.340064E-32   0.182659E-36   0.103128E-33   0.171470E-29   0.211189E-33   0.685923E-29   0.747598E-33   0.274368E-28
   0.116667E+01   0.416683E-37   0.344574E-37   0.327076E-35   0.220135E-36   0.363627E-36   0.596211E-36   0.971335E-36   0.157460E-35   0.254170E-35   0.407304E-35   0.303636E-35   0.419522E-34   0.104308E-31   0.296087E-25   0.355043E-21   0.119413E-19   0.476604E-20   0.110529E-23   0.111703E-29   0.232708E-34   0.794146E-33   0.429662E-31   0.189498E-32   0.171823E-30   0.494285E-32   0.687048E-30
   0.116667E+01   0.356879E-35   0.296539E-35   0.819613E-37   0.191727E-34   0.317731E-34   0.522047E-34   0.851821E-34   0.138216E-33   0.223259E-33   0.358065E-33   0.263484E-33   0.419612E-34   0.922947E-30   0.256445E-23   0.308627E-19   0.102025E-17   0.405869E-18   0.941806E-22   0.950784E-28   0.199767E-32   0.652750E-31   0.429631E-31   0.152934E-30   0.171786E-30   0.380003E-30   0.687344E-30
   0.116667E+01   0.293391E-33   0.245506E-33   0.825020E-37   0.160348E-32   0.266672E-32   0.439388E-32   0.718546E-32   0.116797E-31   0.188925E-31   0.303333E-31   0.223374E-31   0.422802E-34   0.783520E-28   0.217685E-21   0.262091E-17   0.866589E-16   0.344819E-16   0.800264E-20   0.808046E-26   0.169837E-30   0.554764E-29   0.436903E-31   0.129960E-28   0.173573E-30   0.322596E-28   0.692817E-30
   0.116667E+01   0.265311E-31   0.226206E-31   0.131849E-36   0.144595E-30   0.240322E-30   0.395706E-30   0.646693E-30   0.105055E-29   0.169845E-29   0.272620E-29   0.206045E-29   0.726557E-34   0.703419E-26   0.195424E-19   0.235242E-15   0.777701E-14   0.308688E-14   0.712278E-18   0.718073E-24   0.150580E-28   0.497541E-27   0.113319E-30   0.116562E-26   0.339295E-30   0.289317E-26   0.122771E-29
   0.116667E+01   0.780063E-31   0.726581E-31   0.779176E-36   0.350275E-30   0.561696E-30   0.898602E-30   0.143499E-29   0.228839E-29   0.364533E-29   0.578839E-29   0.516812E-29   0.478927E-33   0.145814E-25   0.404837E-19   0.485086E-15   0.159793E-13   0.626326E-14   0.146183E-17   0.147007E-23   0.307706E-28   0.101139E-26   0.106689E-29   0.236654E-26   0.258033E-29   0.586840E-26   0.840304E-29
   0.116667E+01   0.100735E-30   0.913748E-31   0.552376E-34   0.429994E-30   0.682333E-30   0.108276E-29   0.171817E-29   0.272644E-29   0.432632E-29   0.684738E-29   0.599861E-29   0.312553E-31   0.171528E-25   0.476152E-19   0.569886E-15   0.187554E-13   0.735935E-14   0.171667E-17   0.172668E-23   0.361528E-28   0.118431E-26   0.179864E-28   0.276978E-26   0.499433E-28   0.686704E-26   0.151426E-27
   0.116667E+01   0.455504E-40   0.103281E-39   0.327079E-35   0.364403E-39   0.658277E-39   0.131655E-38   0.263311E-38   0.470198E-38   0.105324E-37   0.210649E-37   0.423483E-37   0.167463E-32   0.934997E-34   0.490211E-27   0.739672E-23   0.306817E-21   0.170992E-21   0.000000E+00   0.000000E+00   0.730636E-37   0.765755E-34   0.171470E-29   0.216883E-33   0.685920E-29   0.741756E-33   0.687196E-30
   0.116667E+01   0.160161E-39   0.147310E-39   0.327078E-35   0.775826E-39   0.152814E-38   0.300927E-38   0.263311E-38   0.526621E-38   0.105324E-37   0.210649E-37   0.421343E-37   0.419612E-34   0.934997E-34   0.490211E-27   0.739672E-23   0.306817E-21   0.193059E-21   0.658696E-26   0.000000E+00   0.000000E+00   0.536070E-34   0.429662E-31   0.186702E-33   0.171798E-30   0.741702E-33   0.687196E-30
   0.116667E+01   0.114361E-37   0.963319E-38   0.819202E-37   0.625951E-37   0.104196E-36   0.171998E-36   0.278451E-36   0.454023E-36   0.735013E-36   0.118716E-35   0.875701E-36   0.419612E-34   0.304435E-32   0.854928E-26   0.105625E-21   0.386590E-20   0.138453E-20   0.307161E-24   0.285629E-30   0.646613E-35   0.275354E-33   0.429384E-31   0.714562E-33   0.171848E-30   0.195248E-32   0.687393E-30
   0.116667E+01   0.908726E-33   0.765521E-33   0.836716E-37   0.504562E-32   0.841855E-32   0.139068E-31   0.227886E-31   0.371017E-31   0.600908E-31   0.965787E-31   0.712242E-31   0.430144E-34   0.249953E-27   0.694481E-21   0.836475E-17   0.276661E-15   0.110103E-15   0.255174E-19   0.257463E-25   0.541972E-30   0.177264E-28   0.451724E-31   0.415311E-28   0.176741E-30   0.103098E-27   0.702184E-30
   0.116667E+01   0.618909E-31   0.535627E-31   0.213816E-36   0.332587E-30   0.551104E-30   0.905071E-30   0.147588E-29   0.239317E-29   0.386322E-29   0.619432E-29   0.480298E-29   0.125721E-33   0.159403E-25   0.442821E-19   0.532775E-15   0.176064E-13   0.697124E-14   0.161209E-17   0.162451E-23   0.340379E-28   0.112491E-26   0.221856E-30   0.263524E-26   0.563676E-30   0.654010E-26   0.184559E-29
   0.116667E+01   0.834251E-32   0.772983E-32   0.270987E-36   0.364198E-31   0.580766E-31   0.925065E-31   0.147222E-30   0.234146E-30   0.372202E-30   0.589993E-30   0.525158E-30   0.164309E-33   0.148165E-26   0.411342E-20   0.492580E-16   0.162183E-14   0.635833E-15   0.148405E-18   0.149246E-24   0.312451E-29   0.102580E-27   0.325935E-30   0.239905E-27   0.774264E-30   0.594900E-27   0.265146E-29
   0.116667E+01   0.105278E-30   0.954266E-31   0.174731E-33   0.449261E-30   0.712839E-30   0.113108E-29   0.179474E-29   0.284782E-29   0.451877E-29   0.715171E-29   0.627172E-29   0.827553E-31   0.179142E-25   0.497290E-19   0.595178E-15   0.195876E-13   0.768642E-14   0.179287E-17   0.180335E-23   0.377584E-28   0.123684E-26   0.201705E-28   0.289261E-26   0.562585E-28   0.717155E-26   0.166766E-27
   0.116667E+01   0.450964E-35   0.374385E-35   0.327078E-35   0.241738E-34   0.400426E-34   0.657680E-34   0.107282E-33   0.174035E-33   0.281064E-33   0.450708E-33   0.331612E-33   0.167464E-32   0.116142E-29   0.322676E-23   0.388343E-19   0.128354E-17   0.510622E-18   0.118485E-21   0.119618E-27   0.251335E-32   0.821086E-31   0.429508E-31   0.192385E-30   0.171798E-30   0.477635E-30   0.687245E-30
   0.116667E+01   0.625942E-35   0.523327E-35   0.819848E-37   0.341344E-34   0.567424E-34   0.934594E-34   0.152794E-33   0.248304E-33   0.401576E-33   0.644670E-33   0.474739E-33   0.419642E-34   0.166483E-29   0.462569E-23   0.556905E-19   0.184140E-17   0.732704E-18   0.170049E-21   0.171701E-27   0.360857E-32   0.117894E-30   0.429847E-31   0.276218E-30   0.171872E-30   0.686021E-30   0.687245E-30
   0.116667E+01   0.507613E-33   0.427395E-33   0.834424E-37   0.281609E-32   0.469786E-32   0.775957E-32   0.127143E-31   0.206985E-31   0.335220E-31   0.538747E-31   0.397050E-31   0.428489E-34   0.139423E-27   0.387379E-21   0.466576E-17   0.154317E-15   0.614190E-16   0.142565E-19   0.143972E-25   0.302654E-30   0.988726E-29   0.441494E-31   0.231646E-28   0.174264E-30   0.575046E-28   0.693852E-30
   0.116667E+01   0.177093E-28   0.150398E-28   0.517631E-34   0.997518E-28   0.166928E-27   0.276396E-27   0.453758E-27   0.739833E-27   0.119963E-26   0.192985E-26   0.142854E-26   0.316347E-31   0.500329E-23   0.139020E-16   0.167503E-12   0.554163E-11   0.220551E-11   0.509780E-15   0.514067E-21   0.108271E-25   0.355339E-24   0.422538E-28   0.832618E-24   0.851574E-28   0.206703E-23   0.229191E-27
   0.116667E+01   0.110117E-28   0.968552E-29   0.548085E-34   0.568988E-28   0.935437E-28   0.152633E-27   0.247583E-27   0.399741E-27   0.643058E-27   0.102846E-26   0.824692E-27   0.352655E-31   0.263151E-23   0.730919E-17   0.878423E-13   0.290037E-11   0.114515E-11   0.265574E-15   0.267466E-21   0.560280E-26   0.184824E-24   0.429288E-28   0.432856E-24   0.886000E-28   0.107401E-23   0.241279E-27
   0.116667E+01   0.489424E-30   0.409589E-30   0.570082E-34   0.214707E-29   0.341611E-29   0.543185E-29   0.863298E-29   0.137157E-28   0.217847E-28   0.344861E-28   0.272344E-28   0.386927E-31   0.865550E-25   0.240282E-18   0.287661E-14   0.946880E-13   0.373597E-13   0.867709E-17   0.873714E-23   0.183085E-27   0.598318E-26   0.365785E-28   0.139935E-25   0.820515E-28   0.346973E-25   0.221960E-27
   0.116667E+01   0.102861E-27   0.787769E-28   0.955336E-30   0.450795E-27   0.715258E-27   0.113490E-26   0.180078E-26   0.285737E-26   0.453387E-26   0.716826E-26   0.519423E-26   0.112533E-27   0.179737E-22   0.498945E-16   0.597156E-12   0.196511E-10   0.779142E-11   0.180262E-14   0.181684E-20   0.380973E-25   0.124109E-23   0.123792E-25   0.290224E-23   0.307960E-25   0.719620E-23   0.766605E-25
   0.116667E+01   0.000000E+00   0.000000E+00   0.000000E+00   0.000000E+00   0.000000E+00   0.000000E+00   0.000000E+00   0.000000E+00   0.000000E+00   0.000000E+00   0.000000E+00   0.000000E+00   0.000000E+00   0.000000E+00   0.000000E+00   0.000000E+00   0.000000E+00   0.000000E+00   0.000000E+00   0.000000E+00   0.000000E+00   0.000000E+00   0.000000E+00   0.000000E+00   0.000000E+00   0.000000E+00
   0.116667E+01   0.232080E-26   0.462745E-26   0.923659E-26   0.185269E-25   0.370325E-25   0.740307E-25   0.148006E-24   0.295923E-24   0.591702E-24   0.118317E-23   0.236521E-23   0.472910E-23   0.593937E-20   0.311340E-13   0.469757E-09   0.195048E-07   0.950817E-08   0.183411E-11   0.193533E-17   0.416431E-22   0.261909E-20   0.484235E-20   0.979977E-20   0.193703E-19   0.388773E-19   0.774814E-19
   0.133333E+01   0.218750E-25   0.437500E-25   0.875000E-25   0.175000E-24   0.350000E-24   0.700000E-24   0.140000E-23   0.280000E-23   0.560000E-23   0.112000E-22   0.224000E-22   0.448000E-22   0.532721E-19   0.280473E-12   0.426479E-08   0.177962E-06   0.970359E-07   0.187533E-10   0.383507E-16   0.142846E-18   0.253798E-19   0.458725E-19   0.929940E-19   0.183500E-18   0.368465E-18   0.734003E-18
   0.133333E+01   0.455504E-40   0.868210E-40   0.327075E-35   0.364403E-39   0.658277E-39   0.131655E-38   0.150463E-38   0.470198E-38   0.105324E-37   0.210649E-37   0.429511E-37   0.167464E-32   0.885595E-34   0.466259E-27   0.623901E-23   0.295508E-21   0.176431E-21   0.988601E-26   0.295961E-30   0.266020E-33   0.179732E-33   0.171469E-29   0.246779E-33   0.685924E-29   0.786845E-33   0.274370E-28
   0.133333E+01   0.790520E-39   0.868478E-39   0.327077E-35   0.358526E-38   0.606555E-38   0.982713E-38   0.163629E-37   0.252026E-37   0.519098E-37   0.744793E-37   0.650398E-37   0.167464E-32   0.198373E-33   0.466259E-27   0.708978E-23   0.295508E-21   0.199945E-21   0.422883E-26   0.105700E-31   0.294522E-33   0.185876E-33   0.171467E-29   0.281851E-33   0.685919E-29   0.809443E-33   0.274368E-28
   0.133333E+01   0.455504E-40   0.926041E-40   0.327079E-35   0.364403E-39   0.658277E-39   0.131655E-38   0.263311E-38   0.526621E-38   0.105324E-37   0.210649E-37   0.429028E-37   0.167463E-32   0.885595E-34   0.466259E-27   0.708978E-23   0.295508E-21   0.199966E-21   0.986630E-26   0.352335E-32   0.237518E-33   0.175068E-33   0.171470E-29   0.248528E-33   0.685920E-29   0.757884E-33   0.274371E-28
   0.133333E+01   0.274184E-38   0.287848E-38   0.327078E-35   0.134124E-37   0.218642E-37   0.356880E-37   0.582105E-37   0.942276E-37   0.155353E-36   0.242998E-36   0.291143E-36   0.167463E-32   0.665968E-33   0.167853E-26   0.238217E-22   0.661938E-21   0.388256E-21   0.549730E-25   0.102177E-30   0.589045E-33   0.978812E-34   0.429443E-31   0.268991E-33   0.171860E-30   0.471231E-33   0.686950E-30
   0.133333E+01   0.246293E-36   0.253291E-36   0.327078E-35   0.123087E-35   0.202281E-35   0.330168E-35   0.535988E-35   0.866123E-35   0.139472E-34   0.223370E-34   0.226809E-34   0.419732E-34   0.542551E-31   0.151534E-24   0.184051E-20   0.610992E-19   0.271766E-19   0.630074E-23   0.122859E-28   0.449954E-31   0.418421E-32   0.429474E-31   0.947734E-32   0.171811E-30   0.234100E-31   0.687097E-30
   0.133333E+01   0.239349E-34   0.242546E-34   0.819672E-37   0.115439E-33   0.188310E-33   0.305562E-33   0.493674E-33   0.794772E-33   0.127583E-32   0.203844E-32   0.206300E-32   0.419792E-34   0.492381E-29   0.137325E-22   0.166236E-18   0.551329E-17   0.244634E-17   0.567567E-21   0.110695E-26   0.404936E-29   0.374797E-30   0.429967E-31   0.854742E-30   0.171959E-30   0.211905E-29   0.687492E-30
   0.133333E+01   0.158692E-39   0.110045E-39   0.327079E-35   0.799336E-39   0.145761E-38   0.131655E-38   0.263311E-38   0.470198E-38   0.105324E-37   0.210649E-37   0.428045E-37   0.167464E-32   0.885595E-34   0.466259E-27   0.623901E-23   0.295508E-21   0.199978E-21   0.986644E-26   0.000000E+00   0.294522E-33   0.164042E-33   0.171469E-29   0.264454E-33   0.685921E-29   0.848240E-33   0.274371E-28
   0.133333E+01   0.955824E-38   0.988129E-38   0.327080E-35   0.479132E-37   0.780293E-37   0.129022E-36   0.207639E-36   0.333464E-36   0.538282E-36   0.881715E-36   0.885374E-36   0.167464E-32   0.216794E-32   0.643437E-26   0.765697E-22   0.263593E-20   0.128249E-20   0.243853E-24   0.465082E-30   0.186214E-32   0.222955E-33   0.429504E-31   0.567217E-33   0.171835E-30   0.150921E-32   0.687147E-30
   0.133333E+01   0.833173E-36   0.862375E-36   0.819613E-37   0.423067E-35   0.697505E-35   0.114145E-34   0.185660E-34   0.300503E-34   0.484473E-34   0.776714E-34   0.788413E-34   0.419612E-34   0.188894E-30   0.527208E-24   0.639187E-20   0.212293E-18   0.943144E-19   0.218903E-22   0.426924E-28   0.156353E-30   0.145017E-31   0.429597E-31   0.331541E-31   0.171798E-30   0.823894E-31   0.687344E-30
   0.133333E+01   0.708525E-34   0.738486E-34   0.820553E-37   0.365975E-33   0.605517E-33   0.993665E-33   0.161981E-32   0.262633E-32   0.423982E-32   0.680449E-32   0.691094E-32   0.420184E-34   0.165788E-28   0.462488E-22   0.560815E-18   0.186248E-16   0.827411E-17   0.192082E-20   0.374820E-26   0.137282E-28   0.127099E-29   0.431230E-31   0.289994E-29   0.172230E-30   0.719105E-29   0.688429E-30
   0.133333E+01   0.590810E-32   0.621346E-32   0.910126E-37   0.309617E-31   0.513792E-31   0.845109E-31   0.138017E-30   0.224101E-30   0.362189E-30   0.581813E-30   0.593470E-30   0.473899E-34   0.141996E-26   0.396134E-20   0.480516E-16   0.159624E-14   0.708940E-15   0.163853E-18   0.319339E-24   0.116931E-26   0.109003E-27   0.561724E-31   0.248742E-27   0.203155E-30   0.616828E-27   0.789304E-30
   0.133333E+01   0.598539E-31   0.646422E-31   0.237885E-36   0.270479E-30   0.436039E-30   0.700690E-30   0.112309E-29   0.179642E-29   0.286871E-29   0.456709E-29   0.507808E-29   0.128526E-33   0.109334E-25   0.304850E-19   0.368407E-15   0.122027E-13   0.535304E-14   0.124758E-17   0.242610E-23   0.885364E-26   0.825347E-27   0.254393E-30   0.188309E-26   0.669074E-30   0.466584E-26   0.229721E-29
   0.133333E+01   0.355587E-39   0.409500E-39   0.327077E-35   0.164569E-38   0.315033E-38   0.465496E-38   0.912184E-38   0.110967E-37   0.244503E-37   0.466436E-37   0.426523E-37   0.167462E-32   0.885595E-34   0.466259E-27   0.708978E-23   0.295508E-21   0.298846E-21   0.122826E-22   0.352335E-31   0.332525E-33   0.139868E-33   0.171470E-29   0.213709E-33   0.685917E-29   0.761222E-33   0.274370E-28
   0.133333E+01   0.265059E-37   0.274899E-37   0.327078E-35   0.134582E-36   0.222004E-36   0.363651E-36   0.592167E-36   0.959203E-36   0.154864E-35   0.248565E-35   0.251775E-35   0.167463E-32   0.611769E-32   0.173075E-25   0.201917E-21   0.690307E-20   0.309445E-20   0.707592E-24   0.137763E-29   0.510189E-32   0.508917E-33   0.429628E-31   0.121352E-32   0.171798E-30   0.321449E-32   0.687295E-30
   0.133333E+01   0.275190E-35   0.286705E-35   0.819554E-37   0.141989E-34   0.234875E-34   0.385367E-34   0.628115E-34   0.101831E-33   0.164377E-33   0.263797E-33   0.267936E-33   0.419431E-34   0.642691E-30   0.179321E-23   0.217461E-19   0.722210E-18   0.320879E-18   0.744831E-22   0.145345E-27   0.532382E-30   0.493079E-31   0.429443E-31   0.112566E-30   0.171860E-30   0.279349E-30   0.687196E-30
   0.133333E+01   0.229508E-33   0.240793E-33   0.822493E-37   0.120464E-32   0.199974E-32   0.329026E-32   0.537478E-32   0.872906E-32   0.141104E-31   0.226695E-31   0.230432E-31   0.421478E-34   0.553447E-28   0.154400E-21   0.187301E-17   0.622230E-16   0.276503E-16   0.641989E-20   0.125290E-25   0.459019E-28   0.425003E-29   0.434373E-31   0.969798E-29   0.172883E-30   0.240497E-28   0.690746E-30
   0.133333E+01   0.185635E-31   0.196966E-31   0.106641E-36   0.982499E-31   0.163360E-30   0.269106E-30   0.439989E-30   0.715056E-30   0.115646E-29   0.185877E-29   0.190716E-29   0.570015E-34   0.454091E-26   0.126683E-19   0.153699E-15   0.510658E-14   0.226655E-14   0.523276E-18   0.101991E-23   0.372934E-26   0.348824E-27   0.833896E-31   0.796142E-27   0.262468E-30   0.197431E-26   0.972566E-30
   0.133333E+01   0.975861E-31   0.109133E-30   0.452289E-36   0.442361E-30   0.713705E-30   0.114730E-29   0.183915E-29   0.294174E-29   0.469729E-29   0.747934E-29   0.863028E-29   0.271890E-33   0.178950E-25   0.498951E-19   0.602925E-15   0.199696E-13   0.874465E-14   0.204203E-17   0.396940E-23   0.144859E-25   0.135036E-26   0.674065E-30   0.308079E-26   0.157266E-29   0.763320E-26   0.506799E-29
   0.133333E+01   0.155416E-30   0.170523E-30   0.283105E-34   0.645834E-30   0.102488E-29   0.162636E-29   0.258082E-29   0.409538E-29   0.649862E-29   0.102962E-28   0.119142E-28   0.159589E-31   0.244044E-25   0.680270E-19   0.820497E-15   0.271353E-13   0.118898E-13   0.277660E-17   0.539767E-23   0.197024E-25   0.182811E-26   0.194866E-28   0.416665E-26   0.510007E-28   0.103204E-25   0.152992E-27
   0.133333E+01   0.455504E-40   0.100625E-39   0.327077E-35   0.364403E-39   0.658277E-39   0.131655E-38   0.263311E-38   0.470198E-38   0.105324E-37   0.210649E-37   0.424947E-37   0.167463E-32   0.885595E-34   0.466259E-27   0.623901E-23   0.295508E-21   0.182343E-21   0.000000E+00   0.000000E+00   0.266020E-33   0.107210E-33   0.171470E-29   0.237554E-33   0.685917E-29   0.772981E-33   0.274369E-28
   0.133333E+01   0.851587E-37   0.887299E-37   0.327078E-35   0.439118E-36   0.726314E-36   0.119167E-35   0.194314E-35   0.315033E-35   0.508792E-35   0.817166E-35   0.832364E-35   0.419612E-34   0.199684E-31   0.560257E-25   0.681470E-21   0.227187E-19   0.101302E-19   0.233984E-23   0.455569E-29   0.167403E-31   0.157150E-32   0.429504E-31   0.366297E-32   0.171811E-30   0.909727E-32   0.687048E-30
   0.133333E+01   0.733024E-35   0.768732E-35   0.819496E-37   0.384328E-34   0.637849E-34   0.104930E-33   0.171383E-33   0.278309E-33   0.449844E-33   0.722667E-33   0.734562E-33   0.419522E-34   0.176409E-29   0.492168E-23   0.597059E-19   0.198345E-17   0.881446E-18   0.204643E-21   0.399385E-27   0.146315E-29   0.135502E-30   0.429782E-31   0.309233E-30   0.171823E-30   0.767103E-30   0.687295E-30
   0.133333E+01   0.602914E-33   0.636745E-33   0.827019E-37   0.321572E-32   0.535587E-32   0.883546E-32   0.144633E-31   0.235285E-31   0.380835E-31   0.612483E-31   0.623117E-31   0.424005E-34   0.149832E-27   0.418021E-21   0.507301E-17   0.168583E-15   0.749346E-16   0.173965E-19   0.339478E-25   0.124427E-27   0.115252E-28   0.442107E-31   0.263020E-28   0.174424E-30   0.652298E-28   0.695381E-30
   0.133333E+01   0.541995E-31   0.580984E-31   0.150781E-36   0.286727E-30   0.476584E-30   0.784762E-30   0.128255E-29   0.208353E-29   0.336849E-29   0.541290E-29   0.562203E-29   0.845483E-34   0.132136E-25   0.368628E-19   0.447175E-15   0.148557E-13   0.658183E-14   0.152105E-17   0.296400E-23   0.108287E-25   0.101416E-26   0.167540E-30   0.231511E-26   0.432540E-30   0.574082E-26   0.146284E-29
   0.133333E+01   0.141384E-30   0.158539E-30   0.113315E-35   0.613888E-30   0.982673E-30   0.156989E-29   0.250424E-29   0.399007E-29   0.635174E-29   0.100899E-28   0.118032E-28   0.704421E-33   0.240268E-25   0.669832E-19   0.808666E-15   0.267643E-13   0.117147E-13   0.273752E-17   0.532064E-23   0.194182E-25   0.180638E-26   0.202930E-29   0.411930E-26   0.428148E-29   0.102046E-25   0.128097E-28
   0.133333E+01   0.172423E-30   0.188931E-30   0.837815E-34   0.716031E-30   0.113605E-29   0.180250E-29   0.285998E-29   0.453792E-29   0.720032E-29   0.114071E-28   0.131872E-28   0.476011E-31   0.270348E-25   0.753589E-19   0.908909E-15   0.300586E-13   0.131723E-13   0.307582E-17   0.597950E-23   0.218264E-25   0.202502E-26   0.251484E-28   0.461529E-26   0.671827E-28   0.114316E-25   0.193562E-27
   0.133333E+01   0.455504E-40   0.103252E-39   0.327079E-35   0.364403E-39   0.658277E-39   0.131655E-38   0.263311E-38   0.470198E-38   0.105324E-37   0.210649E-37   0.408300E-37   0.167463E-32   0.885595E-34   0.466259E-27   0.708978E-23   0.295508E-21   0.188230E-21   0.000000E+00   0.299484E-30   0.247019E-33   0.550696E-34   0.429474E-31   0.193200E-33   0.171823E-30   0.692568E-33   0.687295E-30
   0.133333E+01   0.290935E-39   0.235882E-39   0.327078E-35   0.123427E-38   0.235099E-38   0.489006E-38   0.583045E-38   0.116609E-37   0.233218E-37   0.549191E-37   0.421340E-37   0.419702E-34   0.885595E-34   0.466259E-27   0.708978E-23   0.295508E-21   0.252952E-21   0.930294E-25   0.352335E-32   0.342026E-33   0.583601E-34   0.429474E-31   0.193144E-33   0.171848E-30   0.643076E-33   0.687048E-30
   0.133333E+01   0.234144E-37   0.247824E-37   0.819613E-37   0.124932E-36   0.208274E-36   0.343432E-36   0.562827E-36   0.917450E-36   0.148658E-35   0.239086E-35   0.246158E-35   0.419612E-34   0.586973E-32   0.163564E-25   0.203619E-21   0.661938E-20   0.296481E-20   0.682217E-24   0.133182E-29   0.490237E-32   0.511010E-33   0.429597E-31   0.120658E-32   0.171860E-30   0.316435E-32   0.687344E-30
   0.133333E+01   0.186002E-32   0.197806E-32   0.845239E-37   0.100744E-31   0.168322E-31   0.278369E-31   0.456578E-31   0.743908E-31   0.120559E-30   0.194081E-30   0.197827E-30   0.435922E-34   0.475673E-27   0.132717E-20   0.161122E-16   0.535593E-15   0.238090E-15   0.551539E-19   0.107533E-24   0.394363E-27   0.366459E-28   0.468884E-31   0.836415E-28   0.179564E-30   0.207446E-27   0.708988E-30
   0.133333E+01   0.119719E-30   0.129612E-30   0.282841E-36   0.621135E-30   0.102791E-29   0.168632E-29   0.274744E-29   0.445184E-29   0.718232E-29   0.115233E-28   0.121991E-28   0.172037E-33   0.280306E-25   0.781909E-19   0.947857E-15   0.314720E-13   0.139054E-13   0.322185E-17   0.627474E-23   0.229162E-25   0.214449E-26   0.362242E-30   0.489554E-26   0.791926E-30   0.121376E-25   0.238852E-29
   0.133333E+01   0.146611E-31   0.163300E-31   0.407226E-36   0.620611E-31   0.988600E-31   0.157337E-30   0.250236E-30   0.397780E-30   0.632065E-30   0.100257E-29   0.117105E-29   0.256726E-33   0.238096E-26   0.663743E-20   0.800890E-16   0.264957E-14   0.116014E-14   0.271061E-18   0.526868E-24   0.192302E-26   0.178717E-27   0.653584E-30   0.407354E-27   0.129218E-29   0.100910E-26   0.404291E-29
   0.133333E+01   0.180024E-30   0.197143E-30   0.303150E-33   0.747420E-30   0.118576E-29   0.188126E-29   0.298482E-29   0.473583E-29   0.751412E-29   0.119039E-28   0.137651E-28   0.133624E-30   0.282111E-25   0.786379E-19   0.948448E-15   0.313660E-13   0.137461E-13   0.320964E-17   0.623973E-23   0.227764E-25   0.211308E-26   0.276142E-28   0.481594E-26   0.746279E-28   0.119285E-25   0.212172E-27
   0.133333E+01   0.803777E-35   0.842184E-35   0.327082E-35   0.420495E-34   0.697556E-34   0.114710E-33   0.187305E-33   0.304093E-33   0.491430E-33   0.789357E-33   0.802280E-33   0.167465E-32   0.192636E-29   0.537442E-23   0.651940E-19   0.216566E-17   0.962356E-18   0.223420E-21   0.436025E-27   0.159738E-29   0.147930E-30   0.429597E-31   0.337586E-30   0.171922E-30   0.837428E-30   0.687443E-30
   0.133333E+01   0.119739E-34   0.126346E-34   0.819848E-37   0.637244E-34   0.106087E-33   0.174947E-33   0.286300E-33   0.465642E-33   0.753560E-33   0.121175E-32   0.123266E-32   0.419853E-34   0.296355E-29   0.826852E-23   0.100340E-18   0.333441E-17   0.148209E-17   0.344149E-21   0.671698E-27   0.246150E-29   0.227963E-30   0.429689E-31   0.520270E-30   0.171946E-30   0.129058E-29   0.687443E-30
   0.133333E+01   0.910217E-33   0.967220E-33   0.845004E-37   0.492784E-32   0.823286E-32   0.136149E-31   0.223306E-31   0.363832E-31   0.589629E-31   0.949206E-31   0.966423E-31   0.434147E-34   0.232643E-27   0.649095E-21   0.788024E-17   0.261950E-15   0.116467E-15   0.270483E-19   0.527992E-25   0.193548E-27   0.179235E-28   0.448886E-31   0.409082E-28   0.175373E-30   0.101460E-27   0.696515E-30
   0.133333E+01   0.316496E-28   0.339127E-28   0.879586E-34   0.173831E-27   0.291263E-27   0.482769E-27   0.793232E-27   0.129422E-26   0.209974E-26   0.338323E-26   0.345660E-26   0.518125E-31   0.830573E-23   0.231747E-16   0.281442E-12   0.935799E-11   0.416013E-11   0.961508E-15   0.187429E-20   0.686634E-23   0.640740E-24   0.687414E-28   0.146263E-23   0.125583E-27   0.362779E-23   0.315336E-27
   0.133333E+01   0.200357E-28   0.218182E-28   0.107277E-33   0.994956E-28   0.163164E-27   0.265692E-27   0.430270E-27   0.693793E-27   0.111493E-26   0.178347E-26   0.192962E-26   0.667501E-31   0.431078E-23   0.120227E-16   0.145562E-12   0.482840E-11   0.212787E-11   0.494328E-15   0.962178E-21   0.351357E-23   0.328037E-24   0.787125E-28   0.748630E-24   0.148371E-27   0.185563E-23   0.380064E-27
   0.133333E+01   0.786095E-30   0.810444E-30   0.123047E-33   0.333884E-29   0.530868E-29   0.843671E-29   0.134032E-28   0.212875E-28   0.338023E-28   0.535585E-28   0.572745E-28   0.813462E-31   0.127134E-24   0.354396E-18   0.427532E-14   0.141407E-12   0.623177E-13   0.144873E-16   0.281964E-22   0.102981E-24   0.953440E-26   0.604624E-28   0.217252E-25   0.133611E-27   0.538164E-25   0.345853E-27
   0.133333E+01   0.155658E-27   0.149361E-27   0.158294E-29   0.661368E-27   0.104925E-26   0.166469E-26   0.264122E-26   0.419068E-26   0.664917E-26   0.105242E-25   0.104830E-25   0.148998E-27   0.249639E-22   0.695873E-16   0.839288E-12   0.277535E-10   0.122940E-10   0.284639E-14   0.554577E-20   0.202648E-22   0.187102E-23   0.158612E-25   0.426179E-23   0.394336E-25   0.105574E-22   0.980759E-25
   0.133333E+01   0.000000E+00   0.000000E+00   0.000000E+00   0.000000E+00   0.000000E+00   0.000000E+00   0.000000E+00   0.000000E+00   0.000000E+00   0.000000E+00   0.000000E+00   0.000000E+00   0.000000E+00   0.000000E+00   0.000000E+00   0.000000E+00   0.000000E+00   0.000000E+00   0.000000E+00   0.000000E+00   0.000000E+00   0.000000E+00   0.000000E+00   0.000000E+00   0.000000E+00   0.000000E+00
   0.133333E+01   0.232753E-26   0.463647E-26   0.923665E-26   0.185559E-25   0.370794E-25   0.741061E-25   0.148127E-24   0.296116E-24   0.592012E-24   0.118367E-23   0.236596E-23   0.472910E-23   0.562674E-20   0.296161E-13   0.450304E-09   0.187894E-07   0.102448E-07   0.197999E-11   0.404905E-17   0.150815E-19   0.267934E-20   0.484231E-20   0.981703E-20   0.193703E-19   0.388967E-19   0.774814E-19
   0.150000E+01   0.218750E-25   0.437500E-25   0.875000E-25   0.175000E-24   0.350000E-24   0.700000E-24   0.140000E-23   0.280000E-23   0.560000E-23   0.112000E-22   0.224000E-22   0.448000E-22   0.505033E-19   0.266992E-12   0.409092E-08   0.171544E-06   0.103621E-06   0.264520E-10   0.115059E-15   0.107773E-18   0.260605E-19   0.458721E-19   0.931596E-19   0.183500E-18   0.368645E-18   0.734003E-18
   0.150000E+01   0.455504E-40   0.838356E-40   0.327075E-35   0.364403E-39   0.658277E-39   0.131655E-38   0.150463E-38   0.470198E-38   0.105324E-37   0.203125E-37   0.429303E-37   0.167464E-32   0.839567E-34   0.443848E-27   0.598465E-23   0.284817E-21   0.230377E-21   0.171455E-24   0.000000E+00   0.333343E-32   0.196909E-33   0.171467E-29   0.262421E-33   0.685917E-29   0.738652E-33   0.274369E-28
   0.150000E+01   0.146643E-38   0.157079E-38   0.327077E-35   0.715876E-38   0.110261E-37   0.194662E-37   0.313152E-37   0.468317E-37   0.793694E-37   0.126389E-36   0.179828E-36   0.167464E-32   0.292169E-33   0.994220E-27   0.152337E-22   0.683561E-21   0.217674E-21   0.433635E-25   0.157132E-30   0.349831E-32   0.230776E-33   0.171468E-29   0.291218E-33   0.685918E-29   0.860133E-33   0.274369E-28
   0.150000E+01   0.999170E-40   0.925575E-40   0.327079E-35   0.364403E-39   0.658277E-39   0.131655E-38   0.263311E-38   0.526621E-38   0.105324E-37   0.210649E-37   0.428820E-37   0.167463E-32   0.839567E-34   0.443848E-27   0.680074E-23   0.284817E-21   0.246997E-21   0.195708E-22   0.314264E-31   0.334060E-32   0.196604E-33   0.171468E-29   0.276440E-33   0.685913E-29   0.709615E-33   0.274370E-28
   0.150000E+01   0.523683E-38   0.550272E-38   0.327078E-35   0.255317E-37   0.416830E-37   0.674264E-37   0.108804E-36   0.180180E-36   0.287761E-36   0.456656E-36   0.595058E-36   0.167463E-32   0.111494E-32   0.360405E-26   0.413485E-22   0.134434E-20   0.628199E-21   0.165570E-24   0.680905E-30   0.397144E-32   0.141104E-33   0.429470E-31   0.362735E-33   0.171835E-30   0.545590E-33   0.687097E-30
   0.150000E+01   0.471517E-36   0.500894E-36   0.327078E-35   0.232679E-35   0.382847E-35   0.625575E-35   0.101628E-34   0.164355E-34   0.264793E-34   0.424540E-34   0.501178E-34   0.419732E-34   0.977491E-31   0.274103E-24   0.334868E-20   0.111717E-18   0.548922E-19   0.168072E-22   0.695990E-28   0.655360E-31   0.818712E-32   0.429501E-31   0.181905E-31   0.171848E-30   0.452273E-31   0.687295E-30
   0.150000E+01   0.458447E-34   0.479968E-34   0.819672E-37   0.218362E-33   0.356678E-33   0.579400E-33   0.936937E-33   0.150949E-32   0.242459E-32   0.387840E-32   0.456753E-32   0.419853E-34   0.888349E-29   0.248774E-22   0.303515E-18   0.101163E-16   0.496532E-17   0.151981E-20   0.628983E-26   0.564166E-29   0.736848E-30   0.430271E-31   0.163030E-29   0.172045E-30   0.403785E-29   0.688084E-30
   0.150000E+01   0.223344E-39   0.295139E-39   0.327079E-35   0.123427E-38   0.228046E-38   0.305629E-38   0.583045E-38   0.110967E-37   0.105324E-37   0.210649E-37   0.427837E-37   0.167463E-32   0.839567E-34   0.443848E-27   0.598465E-23   0.284817E-21   0.211407E-21   0.394190E-26   0.000000E+00   0.336928E-32   0.176799E-33   0.171466E-29   0.298247E-33   0.685918E-29   0.750417E-33   0.274369E-28
   0.150000E+01   0.182099E-37   0.194028E-37   0.327080E-35   0.899606E-37   0.148112E-36   0.242105E-36   0.393744E-36   0.638152E-36   0.103218E-35   0.163779E-35   0.198223E-35   0.167465E-32   0.377133E-32   0.108832E-25   0.127582E-21   0.461404E-20   0.226395E-20   0.656358E-24   0.277600E-29   0.568476E-32   0.369198E-33   0.429470E-31   0.897833E-33   0.171761E-30   0.230099E-32   0.687196E-30
   0.150000E+01   0.159356E-35   0.170387E-35   0.819613E-37   0.799011E-35   0.131906E-34   0.216089E-34   0.351793E-34   0.569793E-34   0.919135E-34   0.147525E-33   0.174223E-33   0.419491E-34   0.340159E-30   0.953048E-24   0.116437E-19   0.388559E-18   0.190937E-18   0.584550E-22   0.242015E-27   0.220222E-30   0.284157E-31   0.429593E-31   0.629839E-31   0.171786E-30   0.156177E-30   0.687097E-30
   0.150000E+01   0.135563E-33   0.145962E-33   0.820730E-37   0.691417E-33   0.114547E-32   0.188178E-32   0.307030E-32   0.498175E-32   0.804705E-32   0.129299E-31   0.152815E-31   0.420394E-34   0.298729E-28   0.836762E-22   0.102264E-17   0.341316E-16   0.167730E-16   0.513703E-20   0.212711E-25   0.190944E-28   0.249570E-29   0.431904E-31   0.552454E-29   0.172378E-30   0.136868E-28   0.688922E-30
   0.150000E+01   0.112738E-31   0.122506E-31   0.936105E-37   0.582841E-31   0.968241E-31   0.159403E-30   0.260515E-30   0.423256E-30   0.684392E-30   0.110058E-29   0.130565E-29   0.489547E-34   0.254665E-26   0.713361E-20   0.872093E-16   0.291140E-14   0.143011E-14   0.435958E-18   0.180315E-23   0.161741E-26   0.212993E-27   0.650029E-31   0.471593E-27   0.217552E-30   0.116838E-26   0.825937E-30
   0.150000E+01   0.108969E-30   0.120703E-30   0.297036E-36   0.482365E-30   0.776731E-30   0.124701E-29   0.199725E-29   0.319275E-29   0.509607E-29   0.811459E-29   0.102847E-28   0.161381E-33   0.183921E-25   0.514893E-19   0.626921E-15   0.208636E-13   0.101133E-13   0.311339E-17   0.128448E-22   0.115017E-25   0.150940E-26   0.421579E-30   0.334404E-26   0.951558E-30   0.827735E-26   0.303800E-29
   0.150000E+01   0.614196E-39   0.650429E-39   0.327077E-35   0.299751E-38   0.503112E-38   0.832250E-38   0.125073E-37   0.250145E-37   0.383681E-37   0.714701E-37   0.628308E-37   0.167464E-32   0.188063E-33   0.443848E-27   0.680074E-23   0.284817E-21   0.217638E-21   0.197117E-26   0.419018E-31   0.339078E-32   0.154939E-33   0.171468E-29   0.278025E-33   0.685916E-29   0.885717E-33   0.274370E-28
   0.150000E+01   0.495897E-37   0.530598E-37   0.327077E-35   0.248464E-36   0.410271E-36   0.672524E-36   0.109537E-35   0.177471E-35   0.286407E-35   0.460041E-35   0.546380E-35   0.167463E-32   0.106491E-31   0.299154E-25   0.366424E-21   0.124522E-19   0.616350E-20   0.187248E-23   0.776232E-29   0.100361E-31   0.939023E-33   0.429470E-31   0.213000E-32   0.171872E-30   0.546573E-32   0.687245E-30
   0.150000E+01   0.525894E-35   0.565986E-35   0.819613E-37   0.267931E-34   0.443782E-34   0.728916E-34   0.118913E-33   0.192923E-33   0.311603E-33   0.500646E-33   0.591689E-33   0.419672E-34   0.115658E-29   0.323993E-23   0.395963E-19   0.132165E-17   0.649501E-18   0.198910E-21   0.823623E-27   0.742323E-30   0.966608E-31   0.429655E-31   0.214035E-30   0.171835E-30   0.530446E-30   0.687196E-30
   0.150000E+01   0.438740E-33   0.475504E-33   0.823316E-37   0.227382E-32   0.377953E-32   0.622537E-32   0.101785E-31   0.165426E-31   0.267567E-31   0.430372E-31   0.509068E-31   0.421778E-34   0.996335E-28   0.279096E-21   0.341232E-17   0.113926E-15   0.560014E-16   0.171537E-19   0.710375E-25   0.637791E-28   0.833778E-29   0.437574E-31   0.184588E-28   0.173438E-30   0.457333E-28   0.691781E-30
   0.150000E+01   0.351460E-31   0.385238E-31   0.113700E-36   0.183218E-30   0.304842E-30   0.502446E-30   0.821866E-30   0.133615E-29   0.216158E-29   0.347749E-29   0.414620E-29   0.613077E-34   0.805194E-26   0.225553E-19   0.275778E-15   0.920762E-14   0.451887E-14   0.137687E-17   0.569534E-23   0.510571E-26   0.673644E-27   0.111521E-30   0.149193E-26   0.306286E-30   0.369629E-26   0.107887E-29
   0.150000E+01   0.168947E-30   0.191614E-30   0.591697E-36   0.747772E-30   0.120397E-29   0.193227E-29   0.309345E-29   0.494294E-29   0.788633E-29   0.125554E-28   0.163356E-28   0.358442E-33   0.284287E-25   0.795850E-19   0.968834E-15   0.322380E-13   0.156064E-13   0.481172E-17   0.198446E-22   0.177668E-25   0.233140E-26   0.119144E-29   0.516446E-26   0.240236E-29   0.127827E-25   0.713643E-29
   0.150000E+01   0.247125E-30   0.273340E-30   0.390773E-34   0.101150E-29   0.160479E-29   0.254615E-29   0.403981E-29   0.640982E-29   0.101703E-28   0.161210E-28   0.210282E-28   0.220337E-31   0.361994E-25   0.101316E-18   0.123134E-14   0.409188E-13   0.198289E-13   0.611117E-17   0.252076E-22   0.225677E-25   0.295047E-26   0.274449E-28   0.652800E-26   0.690538E-28   0.161534E-25   0.196303E-27
   0.150000E+01   0.455504E-40   0.917625E-40   0.327078E-35   0.364403E-39   0.658277E-39   0.131655E-38   0.263311E-38   0.470198E-38   0.105324E-37   0.210649E-37   0.424740E-37   0.167462E-32   0.839567E-34   0.443848E-27   0.598465E-23   0.284817E-21   0.180333E-21   0.485628E-29   0.200081E-29   0.331193E-32   0.120861E-33   0.171465E-29   0.245331E-33   0.685918E-29   0.699469E-33   0.274369E-28
   0.150000E+01   0.158834E-36   0.170932E-36   0.327078E-35   0.808529E-36   0.133903E-35   0.219935E-35   0.358751E-35   0.582142E-35   0.940471E-35   0.151170E-34   0.178871E-34   0.419582E-34   0.349831E-31   0.983035E-25   0.120155E-20   0.402618E-19   0.197961E-19   0.605302E-23   0.250468E-28   0.255778E-31   0.298136E-32   0.429470E-31   0.664264E-32   0.171848E-30   0.161722E-31   0.687443E-30
   0.150000E+01   0.137306E-34   0.148746E-34   0.819437E-37   0.710820E-34   0.118125E-33   0.194533E-33   0.318017E-33   0.516801E-33   0.835819E-33   0.134429E-32   0.159004E-32   0.419612E-34   0.311174E-29   0.871707E-23   0.106574E-18   0.355819E-17   0.174906E-17   0.535737E-21   0.221859E-26   0.199483E-29   0.260415E-30   0.429840E-31   0.576587E-30   0.171835E-30   0.142883E-29   0.687344E-30
   0.150000E+01   0.112986E-32   0.123262E-32   0.829076E-37   0.594976E-32   0.992225E-32   0.163859E-31   0.268466E-31   0.437044E-31   0.707814E-31   0.113968E-30   0.134935E-30   0.425420E-34   0.264368E-27   0.740596E-21   0.905838E-17   0.302524E-15   0.148745E-15   0.455374E-19   0.188511E-24   0.169338E-27   0.221603E-28   0.450977E-31   0.490662E-28   0.175890E-30   0.121575E-27   0.698585E-30
   0.150000E+01   0.100537E-30   0.111292E-30   0.174432E-36   0.521941E-30   0.867325E-30   0.142785E-29   0.233312E-29   0.378960E-29   0.612594E-29   0.984950E-29   0.118642E-28   0.995073E-34   0.227738E-25   0.637919E-19   0.779748E-15   0.260286E-13   0.127458E-13   0.388972E-17   0.160837E-22   0.144129E-25   0.190212E-26   0.258970E-30   0.421420E-26   0.571638E-30   0.104399E-25   0.178125E-29
   0.150000E+01   0.234254E-30   0.264547E-30   0.160617E-35   0.996492E-30   0.159277E-29   0.254163E-29   0.405064E-29   0.644936E-29   0.102608E-28   0.163005E-28   0.214122E-28   0.100848E-32   0.367486E-25   0.102864E-18   0.125116E-14   0.416042E-13   0.201387E-13   0.621124E-17   0.256150E-22   0.229317E-25   0.300397E-26   0.376496E-29   0.665054E-26   0.698639E-29   0.164586E-25   0.191588E-28
   0.150000E+01   0.273772E-30   0.302502E-30   0.122304E-33   0.111990E-29   0.177648E-29   0.281820E-29   0.447101E-29   0.709343E-29   0.112542E-28   0.178382E-28   0.232530E-28   0.697635E-31   0.400518E-25   0.112098E-18   0.136236E-14   0.452718E-13   0.219407E-13   0.676144E-17   0.278905E-22   0.249698E-25   0.326431E-26   0.340277E-28   0.722215E-26   0.886896E-28   0.178710E-25   0.245998E-27
   0.150000E+01   0.455504E-40   0.112025E-39   0.327076E-35   0.364403E-39   0.658277E-39   0.131655E-38   0.263311E-38   0.470198E-38   0.105324E-37   0.210649E-37   0.423161E-37   0.167463E-32   0.839567E-34   0.443848E-27   0.598465E-23   0.284817E-21   0.236308E-21   0.118260E-25   0.104755E-31   0.330476E-32   0.654587E-34   0.429593E-31   0.174764E-33   0.171724E-30   0.742257E-33   0.687344E-30
   0.150000E+01   0.415831E-39   0.549849E-39   0.327075E-35   0.216291E-38   0.416125E-38   0.644171E-38   0.123192E-37   0.186198E-37   0.361112E-37   0.466436E-37   0.647030E-37   0.419762E-34   0.184705E-33   0.443848E-27   0.680074E-23   0.284817E-21   0.198999E-21   0.394205E-26   0.314264E-31   0.334777E-32   0.653457E-34   0.429593E-31   0.193380E-33   0.171872E-30   0.742201E-33   0.687295E-30
   0.150000E+01   0.438783E-37   0.478985E-37   0.819496E-37   0.230902E-36   0.385421E-36   0.636225E-36   0.104365E-35   0.169911E-35   0.275461E-35   0.444393E-35   0.528127E-35   0.419672E-34   0.103435E-31   0.287614E-25   0.350102E-21   0.117914E-19   0.583342E-20   0.179560E-23   0.751091E-29   0.986409E-32   0.927113E-33   0.429377E-31   0.209190E-32   0.171798E-30   0.536611E-32   0.687048E-30
   0.150000E+01   0.347065E-32   0.381370E-32   0.858228E-37   0.185507E-31   0.310311E-31   0.513695E-31   0.843239E-31   0.137480E-30   0.222922E-30   0.359275E-30   0.426165E-30   0.444559E-34   0.834915E-27   0.233903E-20   0.286195E-16   0.956084E-15   0.470103E-15   0.143561E-18   0.593846E-24   0.533286E-27   0.700882E-28   0.498429E-31   0.155209E-27   0.184038E-30   0.384595E-27   0.718553E-30
   0.150000E+01   0.210204E-30   0.234391E-30   0.383387E-36   0.106471E-29   0.175931E-29   0.288261E-29   0.469172E-29   0.759602E-29   0.122468E-28   0.196509E-28   0.240098E-28   0.240678E-33   0.452398E-25   0.126706E-18   0.154743E-14   0.516198E-13   0.252041E-13   0.771327E-17   0.318725E-22   0.285519E-25   0.376307E-26   0.598642E-30   0.833856E-26   0.114495E-29   0.206531E-25   0.314464E-29
   0.150000E+01   0.237161E-31   0.265630E-31   0.624975E-36   0.986256E-31   0.156969E-30   0.249649E-30   0.396842E-30   0.630564E-30   0.100162E-29   0.158917E-29   0.208581E-29   0.407229E-33   0.357424E-26   0.100043E-19   0.121629E-15   0.404297E-14   0.195792E-14   0.603708E-18   0.248987E-23   0.222936E-26   0.291779E-27   0.128449E-29   0.645650E-27   0.223303E-29   0.159780E-26   0.626976E-29
   0.150000E+01   0.285628E-30   0.315440E-30   0.510482E-33   0.116815E-29   0.185291E-29   0.293930E-29   0.466296E-29   0.739774E-29   0.117368E-28   0.186026E-28   0.242507E-28   0.204137E-30   0.417669E-25   0.116898E-18   0.142069E-14   0.472098E-13   0.228812E-13   0.705097E-17   0.290851E-22   0.260393E-25   0.340404E-26   0.367878E-28   0.753119E-26   0.973422E-28   0.186357E-25   0.268257E-27
   0.150000E+01   0.132745E-34   0.143677E-34   0.327078E-35   0.685699E-34   0.113899E-33   0.187504E-33   0.306438E-33   0.497872E-33   0.805061E-33   0.129464E-32   0.153114E-32   0.167465E-32   0.299596E-29   0.839246E-23   0.102604E-18   0.342539E-17   0.168372E-17   0.515705E-21   0.213561E-26   0.192032E-29   0.250681E-30   0.429655E-31   0.555013E-30   0.171884E-30   0.137525E-29   0.687344E-30
   0.150000E+01   0.211213E-34   0.230215E-34   0.819672E-37   0.110985E-33   0.185006E-33   0.305420E-33   0.500263E-33   0.814223E-33   0.131846E-32   0.212261E-32   0.251260E-32   0.419822E-34   0.492259E-29   0.137903E-22   0.168665E-18   0.563276E-17   0.276958E-17   0.848413E-21   0.351388E-26   0.315854E-29   0.412594E-30   0.429871E-31   0.913601E-30   0.171983E-30   0.226377E-29   0.687344E-30
   0.150000E+01   0.151246E-32   0.166012E-32   0.861931E-37   0.808450E-32   0.135242E-31   0.223895E-31   0.367549E-31   0.599279E-31   0.971767E-31   0.156622E-30   0.185560E-30   0.442663E-34   0.364006E-27   0.101977E-20   0.124778E-16   0.416849E-15   0.205019E-15   0.628153E-19   0.260192E-24   0.233727E-27   0.305615E-28   0.460190E-31   0.676745E-28   0.177061E-30   0.167693E-27   0.699916E-30
   0.150000E+01   0.523783E-28   0.579669E-28   0.148733E-33   0.283770E-27   0.475974E-27   0.789620E-27   0.129835E-26   0.211960E-26   0.344046E-26   0.554944E-26   0.659359E-26   0.821871E-31   0.129164E-22   0.361872E-16   0.442909E-12   0.147998E-10   0.727721E-11   0.221832E-14   0.917670E-20   0.823045E-23   0.108564E-23   0.109570E-27   0.240447E-23   0.184707E-27   0.595838E-23   0.431570E-27
   0.150000E+01   0.331878E-28   0.369704E-28   0.204799E-33   0.160314E-27   0.262263E-27   0.426229E-27   0.689169E-27   0.110987E-26   0.178178E-26   0.284961E-26   0.353113E-26   0.119911E-30   0.651573E-23   0.182455E-16   0.222529E-12   0.741535E-11   0.361276E-11   0.110817E-14   0.457664E-20   0.409882E-23   0.538883E-24   0.139156E-27   0.119368E-23   0.243473E-27   0.295575E-23   0.583815E-27
   0.150000E+01   0.118175E-29   0.124166E-29   0.258272E-33   0.492381E-29   0.782431E-29   0.124291E-28   0.197389E-28   0.313416E-28   0.497566E-28   0.788742E-28   0.968452E-28   0.161756E-30   0.177324E-24   0.496316E-18   0.603295E-14   0.200497E-12   0.977242E-13   0.299816E-16   0.123821E-21   0.110885E-24   0.144731E-25   0.910776E-28   0.320011E-25   0.202859E-27   0.791950E-25   0.508068E-27
   0.150000E+01   0.222059E-27   0.219240E-27   0.232915E-29   0.925884E-27   0.146868E-26   0.232987E-26   0.369624E-26   0.586416E-26   0.930383E-26   0.147355E-25   0.170617E-25   0.188356E-27   0.331102E-22   0.926714E-16   0.112626E-11   0.374223E-10   0.183390E-10   0.560241E-14   0.231640E-19   0.207496E-22   0.270227E-23   0.196776E-25   0.597066E-23   0.488956E-25   0.147767E-22   0.121535E-24
   0.150000E+01   0.000000E+00   0.000000E+00   0.000000E+00   0.000000E+00   0.000000E+00   0.000000E+00   0.000000E+00   0.000000E+00   0.000000E+00   0.000000E+00   0.000000E+00   0.000000E+00   0.000000E+00   0.000000E+00   0.000000E+00   0.000000E+00   0.000000E+00   0.000000E+00   0.000000E+00   0.000000E+00   0.000000E+00   0.000000E+00   0.000000E+00   0.000000E+00   0.000000E+00   0.000000E+00
   0.150000E+01   0.233644E-26   0.464617E-26   0.923671E-26   0.185946E-25   0.371419E-25   0.742068E-25   0.148289E-24   0.296375E-24   0.592426E-24   0.118433E-23   0.236696E-23   0.472911E-23   0.533580E-20   0.281968E-13   0.431997E-09   0.181135E-07   0.109408E-07   0.279307E-11   0.121489E-16   0.113795E-19   0.275134E-20   0.484227E-20   0.983479E-20   0.193703E-19   0.389163E-19   0.774814E-19
   0.166667E+01   0.218750E-25   0.437500E-25   0.875000E-25   0.175000E-24   0.350000E-24   0.700000E-24   0.140000E-23   0.280000E-23   0.560000E-23   0.112000E-22   0.224000E-22   0.448000E-22   0.479204E-19   0.254364E-12   0.392700E-08   0.165468E-06   0.109838E-06   0.477860E-10   0.325588E-15   0.194512E-18   0.267476E-19   0.458718E-19   0.933296E-19   0.183500E-18   0.368826E-18   0.734003E-18
   0.166667E+01   0.455504E-40   0.837681E-40   0.327075E-35   0.364403E-39   0.658277E-39   0.131655E-38   0.150463E-38   0.470198E-38   0.105324E-37   0.210649E-37   0.413987E-37   0.167464E-32   0.796628E-34   0.422855E-27   0.574485E-23   0.274700E-21   0.208806E-21   0.000000E+00   0.864034E-29   0.274328E-32   0.211938E-33   0.171466E-29   0.259477E-33   0.685920E-29   0.640969E-33   0.274371E-28
   0.166667E+01   0.259343E-38   0.247585E-38   0.327077E-35   0.120606E-37   0.205712E-37   0.337602E-37   0.535085E-37   0.823786E-37   0.140683E-36   0.212906E-36   0.295658E-36   0.167464E-32   0.497096E-33   0.147154E-26   0.227183E-22   0.615328E-21   0.437391E-21   0.156045E-24   0.822889E-30   0.323500E-32   0.258890E-33   0.171465E-29   0.356766E-33   0.685918E-29   0.960338E-33   0.274369E-28
   0.166667E+01   0.999170E-40   0.936452E-40   0.327079E-35   0.799336E-39   0.143410E-38   0.131655E-38   0.263311E-38   0.526621E-38   0.105324E-37   0.210649E-37   0.428550E-37   0.167463E-32   0.796628E-34   0.422855E-27   0.652824E-23   0.274700E-21   0.312269E-21   0.436596E-22   0.872850E-29   0.275622E-32   0.200072E-33   0.171465E-29   0.285791E-33   0.685922E-29   0.735531E-33   0.274369E-28
   0.166667E+01   0.928053E-38   0.882049E-38   0.327078E-35   0.449509E-37   0.732333E-37   0.120888E-36   0.196637E-36   0.318606E-36   0.506685E-36   0.814006E-36   0.103438E-35   0.167463E-32   0.183225E-32   0.526032E-26   0.665880E-22   0.204377E-20   0.112309E-20   0.688466E-24   0.349728E-29   0.487838E-32   0.216867E-33   0.429436E-31   0.506558E-33   0.171823E-30   0.916821E-33   0.687196E-30
   0.166667E+01   0.841021E-36   0.809661E-36   0.327078E-35   0.412232E-35   0.679081E-35   0.111064E-34   0.180585E-34   0.292203E-34   0.471007E-34   0.755852E-34   0.967615E-34   0.419732E-34   0.165128E-30   0.464650E-24   0.571926E-20   0.191785E-18   0.103368E-18   0.538421E-22   0.348523E-27   0.205707E-30   0.149835E-31   0.429652E-31   0.322897E-31   0.171810E-30   0.802426E-31   0.687295E-30
   0.166667E+01   0.818057E-34   0.776262E-34   0.820201E-37   0.387090E-33   0.633025E-33   0.102931E-32   0.166581E-32   0.268552E-32   0.431586E-32   0.690973E-32   0.882742E-32   0.419853E-34   0.150233E-28   0.422404E-22   0.519356E-18   0.173955E-16   0.936723E-17   0.488063E-20   0.315758E-25   0.184213E-28   0.135287E-29   0.430823E-31   0.291216E-29   0.172057E-30   0.720589E-29   0.687886E-30
   0.166667E+01   0.411423E-39   0.403804E-39   0.327079E-35   0.220993E-38   0.307980E-38   0.479602E-38   0.912184E-38   0.186198E-37   0.233218E-37   0.443867E-37   0.427566E-37   0.167463E-32   0.796628E-34   0.422855E-27   0.574485E-23   0.274700E-21   0.254517E-21   0.314995E-30   0.587778E-31   0.278210E-32   0.192477E-33   0.171466E-29   0.288555E-33   0.685922E-29   0.800947E-33   0.274371E-28
   0.166667E+01   0.323893E-37   0.312340E-37   0.327075E-35   0.158762E-36   0.261500E-36   0.428162E-36   0.696551E-36   0.112847E-35   0.182173E-35   0.289868E-35   0.372607E-35   0.167465E-32   0.632204E-32   0.181997E-25   0.227183E-21   0.776852E-20   0.402821E-20   0.206127E-23   0.133859E-28   0.105073E-31   0.628698E-33   0.429560E-31   0.140996E-32   0.171761E-30   0.363747E-32   0.687196E-30
   0.166667E+01   0.283968E-35   0.275154E-35   0.819084E-37   0.141424E-34   0.233741E-34   0.383285E-34   0.624468E-34   0.101212E-33   0.163344E-33   0.262402E-33   0.336143E-33   0.419491E-34   0.574283E-30   0.161529E-23   0.198863E-19   0.666840E-18   0.359479E-18   0.187352E-21   0.121267E-26   0.710277E-30   0.520466E-31   0.429591E-31   0.112140E-30   0.171823E-30   0.277530E-30   0.687196E-30
   0.166667E+01   0.241651E-33   0.235779E-33   0.821141E-37   0.122418E-32   0.203043E-32   0.333878E-32   0.545182E-32   0.885165E-32   0.143057E-31   0.230062E-31   0.294956E-31   0.420515E-34   0.504547E-28   0.141894E-21   0.174763E-17   0.586160E-16   0.316030E-16   0.164757E-19   0.106648E-24   0.622865E-28   0.457641E-29   0.433812E-31   0.985600E-29   0.172599E-30   0.243948E-28   0.689365E-30
   0.166667E+01   0.200289E-31   0.197426E-31   0.965903E-37   0.102741E-30   0.170829E-30   0.281445E-30   0.460248E-30   0.748131E-30   0.121019E-29   0.194762E-29   0.250551E-29   0.507272E-34   0.427700E-26   0.120286E-19   0.148189E-15   0.497136E-14   0.267868E-14   0.138986E-17   0.898784E-23   0.524336E-26   0.388274E-27   0.790838E-31   0.836446E-27   0.238000E-30   0.207036E-26   0.873416E-30
   0.166667E+01   0.182985E-30   0.184772E-30   0.367542E-36   0.798099E-30   0.128364E-29   0.205888E-29   0.329506E-29   0.526419E-29   0.839825E-29   0.133721E-28   0.181156E-28   0.200543E-33   0.287266E-25   0.807392E-19   0.990382E-15   0.331136E-13   0.175949E-13   0.922822E-17   0.595116E-22   0.346698E-25   0.255438E-26   0.701167E-30   0.550894E-26   0.136807E-29   0.136221E-25   0.403019E-29
   0.166667E+01   0.103003E-38   0.950113E-39   0.327078E-35   0.500761E-38   0.891025E-38   0.138708E-37   0.234158E-37   0.391205E-37   0.654515E-37   0.978011E-37   0.114571E-36   0.167463E-32   0.286786E-33   0.896453E-27   0.652824E-23   0.274700E-21   0.228438E-21   0.247142E-25   0.176333E-30   0.291150E-32   0.171219E-33   0.171465E-29   0.305144E-33   0.685918E-29   0.787680E-33   0.274369E-28
   0.166667E+01   0.865605E-37   0.839077E-37   0.327078E-35   0.430830E-36   0.711903E-36   0.116769E-35   0.190345E-35   0.308469E-35   0.497996E-35   0.800465E-35   0.102786E-34   0.167463E-32   0.175768E-31   0.496939E-25   0.608954E-21   0.204597E-19   0.110133E-19   0.582901E-23   0.382350E-28   0.242625E-31   0.164266E-32   0.429529E-31   0.356587E-32   0.171847E-30   0.893048E-32   0.687048E-30
   0.166667E+01   0.936321E-35   0.913169E-35   0.819672E-37   0.473811E-34   0.785689E-34   0.129174E-33   0.210896E-33   0.342374E-33   0.553284E-33   0.889727E-33   0.114065E-32   0.419612E-34   0.195103E-29   0.548714E-23   0.675819E-19   0.226673E-17   0.122212E-17   0.637122E-21   0.412400E-26   0.241076E-29   0.176989E-30   0.429745E-31   0.381233E-30   0.171872E-30   0.943724E-30   0.687344E-30
   0.166667E+01   0.781413E-33   0.767410E-33   0.824668E-37   0.402223E-32   0.669337E-32   0.110353E-31   0.180570E-31   0.293662E-31   0.475230E-31   0.765058E-31   0.981678E-31   0.422531E-34   0.168124E-27   0.472843E-21   0.582608E-17   0.195471E-15   0.105419E-15   0.549643E-19   0.355814E-24   0.207867E-27   0.152752E-28   0.442963E-31   0.329009E-28   0.174165E-30   0.814396E-28   0.693507E-30
   0.166667E+01   0.618949E-31   0.616094E-31   0.121687E-36   0.319565E-30   0.531923E-30   0.877025E-30   0.143498E-29   0.233344E-29   0.377567E-29   0.607775E-29   0.785402E-29   0.661827E-34   0.133509E-25   0.375484E-19   0.462611E-15   0.155203E-13   0.835295E-14   0.433393E-17   0.280289E-22   0.163448E-25   0.121189E-26   0.156760E-30   0.261165E-26   0.369025E-30   0.646423E-26   0.121716E-29
   0.166667E+01   0.271750E-30   0.278529E-30   0.757917E-36   0.118223E-29   0.190000E-29   0.304490E-29   0.486911E-29   0.777312E-29   0.123929E-28   0.197246E-28   0.272310E-28   0.461690E-33   0.423180E-25   0.118936E-18   0.145856E-14   0.487578E-13   0.258845E-13   0.135913E-16   0.876220E-22   0.510413E-25   0.375928E-26   0.206580E-29   0.810605E-26   0.364676E-29   0.200430E-25   0.995197E-29
   0.166667E+01   0.371714E-30   0.369051E-30   0.520099E-34   0.150740E-29   0.239095E-29   0.379268E-29   0.601658E-29   0.954497E-29   0.151430E-28   0.240089E-28   0.332096E-28   0.293334E-31   0.511292E-25   0.143671E-18   0.175933E-14   0.587427E-13   0.312250E-13   0.163848E-16   0.105650E-21   0.615437E-25   0.451828E-26   0.371499E-28   0.973024E-26   0.914067E-28   0.240536E-25   0.249371E-27
   0.166667E+01   0.455504E-40   0.916954E-40   0.327077E-35   0.364403E-39   0.658277E-39   0.131655E-38   0.263311E-38   0.470198E-38   0.105324E-37   0.210649E-37   0.424472E-37   0.167463E-32   0.796628E-34   0.422855E-27   0.574485E-23   0.274700E-21   0.228443E-21   0.000000E+00   0.866973E-29   0.270446E-32   0.130236E-33   0.171466E-29   0.234462E-33   0.685922E-29   0.749583E-33   0.274371E-28
   0.166667E+01   0.276322E-36   0.269424E-36   0.327075E-35   0.139691E-35   0.231605E-35   0.380719E-35   0.621601E-35   0.100916E-34   0.163080E-34   0.262303E-34   0.336451E-34   0.419582E-34   0.575548E-31   0.162072E-24   0.199895E-20   0.671477E-19   0.362630E-19   0.188745E-22   0.122052E-27   0.735768E-31   0.528312E-32   0.429591E-31   0.113930E-31   0.171761E-30   0.285699E-31   0.687492E-30
   0.166667E+01   0.239832E-34   0.235431E-34   0.819672E-37   0.123315E-33   0.205162E-33   0.338190E-33   0.553297E-33   0.899729E-33   0.145589E-32   0.234363E-32   0.300706E-32   0.419762E-34   0.514955E-29   0.144832E-22   0.178449E-18   0.598713E-17   0.322887E-17   0.168351E-20   0.108986E-25   0.636894E-29   0.467864E-30   0.430022E-31   0.100778E-29   0.171946E-30   0.249465E-29   0.687393E-30
   0.166667E+01   0.197430E-32   0.195177E-32   0.832191E-37   0.103241E-31   0.172361E-31   0.284904E-31   0.467139E-31   0.760942E-31   0.123301E-30   0.198700E-30   0.255231E-30   0.427195E-34   0.437509E-27   0.123055E-20   0.151680E-16   0.509059E-15   0.274592E-15   0.143025E-18   0.925269E-24   0.540686E-27   0.398150E-28   0.465118E-31   0.857685E-28   0.177764E-30   0.212317E-27   0.702234E-30
   0.166667E+01   0.173199E-30   0.174437E-30   0.203789E-36   0.887081E-30   0.147329E-29   0.242435E-29   0.395992E-29   0.642997E-29   0.103915E-28   0.167116E-28   0.217839E-28   0.118237E-33   0.366335E-25   0.103022E-18   0.126874E-14   0.425518E-13   0.228410E-13   0.118754E-16   0.767637E-22   0.447501E-25   0.331728E-26   0.406324E-30   0.715215E-26   0.775409E-30   0.177005E-25   0.220984E-29
   0.166667E+01   0.363565E-30   0.368836E-30   0.222732E-35   0.152516E-29   0.243471E-29   0.388128E-29   0.618083E-29   0.983494E-29   0.156396E-28   0.248429E-28   0.345285E-28   0.141139E-32   0.530879E-25   0.149189E-18   0.182815E-14   0.610747E-13   0.324290E-13   0.170293E-16   0.109783E-21   0.639492E-25   0.470255E-26   0.673372E-29   0.101338E-25   0.111830E-28   0.250536E-25   0.281964E-28
   0.166667E+01   0.411373E-30   0.408064E-30   0.173404E-33   0.166734E-29   0.264427E-29   0.419407E-29   0.665279E-29   0.105536E-28   0.167423E-28   0.265433E-28   0.366986E-28   0.992327E-31   0.565223E-25   0.158826E-18   0.194487E-14   0.649369E-13   0.345206E-13   0.181129E-16   0.116795E-21   0.680362E-25   0.499470E-26   0.446840E-28   0.107559E-25   0.114694E-27   0.265889E-25   0.309428E-27
   0.166667E+01   0.455504E-40   0.111963E-39   0.327074E-35   0.364403E-39   0.658277E-39   0.131655E-38   0.263311E-38   0.470198E-38   0.105324E-37   0.210649E-37   0.422919E-37   0.167463E-32   0.796628E-34   0.422855E-27   0.574485E-23   0.274700E-21   0.278961E-21   0.436411E-22   0.117556E-30   0.273034E-32   0.619654E-34   0.429591E-31   0.199913E-33   0.171847E-30   0.668301E-33   0.687295E-30
   0.166667E+01   0.743500E-39   0.784888E-39   0.327076E-35   0.405546E-38   0.700595E-38   0.101093E-37   0.199364E-37   0.331019E-37   0.481483E-37   0.707177E-37   0.102318E-36   0.419582E-34   0.178445E-33   0.422855E-27   0.652824E-23   0.274700E-21   0.248042E-21   0.141223E-25   0.117556E-30   0.287268E-32   0.833531E-34   0.429498E-31   0.237245E-33   0.171860E-30   0.866127E-33   0.687147E-30
   0.166667E+01   0.768274E-37   0.759781E-37   0.819143E-37   0.401514E-36   0.670408E-36   0.110830E-35   0.181807E-35   0.296168E-35   0.480128E-35   0.774284E-35   0.996820E-35   0.419642E-34   0.171052E-31   0.483239E-25   0.592503E-21   0.201740E-19   0.108228E-19   0.555532E-23   0.367361E-28   0.237578E-31   0.160893E-32   0.429621E-31   0.352771E-32   0.171835E-30   0.890503E-32   0.686999E-30
   0.166667E+01   0.603687E-32   0.601377E-32   0.877036E-37   0.320293E-31   0.536317E-31   0.888577E-31   0.145963E-30   0.238112E-30   0.386274E-30   0.623057E-30   0.801645E-30   0.457318E-34   0.137428E-26   0.386551E-20   0.476637E-16   0.160011E-14   0.863118E-15   0.448456E-18   0.289965E-23   0.169316E-26   0.125239E-27   0.545600E-31   0.269832E-27   0.190620E-30   0.668001E-27   0.731865E-30
   0.166667E+01   0.342883E-30   0.347699E-30   0.528302E-36   0.170522E-29   0.281296E-29   0.460272E-29   0.748307E-29   0.121044E-28   0.195015E-28   0.312863E-28   0.412139E-28   0.341007E-33   0.682375E-25   0.191872E-18   0.236056E-14   0.791080E-13   0.423398E-13   0.220767E-16   0.142598E-21   0.831057E-25   0.614954E-26   0.972778E-30   0.132614E-25   0.166332E-29   0.328124E-25   0.418481E-29
   0.166667E+01   0.361111E-31   0.362606E-31   0.965927E-36   0.148467E-30   0.236118E-30   0.375310E-30   0.596314E-30   0.947170E-30   0.150410E-29   0.238657E-29   0.331512E-29   0.646432E-33   0.508940E-26   0.143018E-19   0.175181E-15   0.585055E-14   0.310811E-14   0.163162E-17   0.105195E-22   0.612797E-26   0.450309E-27   0.228734E-29   0.969907E-27   0.378655E-29   0.239783E-26   0.969085E-29
   0.166667E+01   0.428917E-30   0.425253E-30   0.838065E-33   0.173813E-29   0.275639E-29   0.437173E-29   0.693438E-29   0.110000E-28   0.174502E-28   0.276651E-28   0.382486E-28   0.296708E-30   0.589096E-25   0.165534E-18   0.202700E-14   0.676788E-13   0.359801E-13   0.188779E-16   0.121729E-21   0.709108E-25   0.520561E-26   0.477746E-28   0.112099E-25   0.124575E-27   0.277112E-25   0.335601E-27
   0.166667E+01   0.207026E-34   0.203049E-34   0.327082E-35   0.106214E-33   0.176630E-33   0.291052E-33   0.476041E-33   0.773925E-33   0.125210E-32   0.201528E-32   0.258549E-32   0.167465E-32   0.442684E-29   0.124506E-22   0.153396E-18   0.514635E-17   0.277531E-17   0.144699E-20   0.936718E-26   0.547424E-29   0.402117E-30   0.429991E-31   0.866175E-30   0.171884E-30   0.214413E-29   0.687393E-30
   0.166667E+01   0.350338E-34   0.346008E-34   0.820789E-37   0.182831E-33   0.305117E-33   0.504187E-33   0.826482E-33   0.134604E-32   0.218076E-32   0.351390E-32   0.451212E-32   0.419943E-34   0.773544E-29   0.217571E-22   0.268171E-18   0.900002E-17   0.485500E-17   0.253167E-20   0.163912E-25   0.958008E-29   0.703891E-30   0.430268E-31   0.151630E-29   0.171909E-30   0.375372E-29   0.687640E-30
   0.166667E+01   0.237349E-32   0.236052E-32   0.890613E-37   0.125996E-31   0.211011E-31   0.349663E-31   0.574460E-31   0.937245E-31   0.152059E-30   0.245291E-30   0.315250E-30   0.454850E-34   0.541143E-27   0.152211E-20   0.187691E-16   0.630114E-15   0.340013E-15   0.177330E-18   0.114826E-23   0.671161E-27   0.493275E-28   0.476734E-31   0.106270E-27   0.179366E-30   0.263087E-27   0.703861E-30
   0.166667E+01   0.818112E-28   0.820759E-28   0.248928E-33   0.439714E-27   0.738178E-27   0.122548E-26   0.201621E-26   0.329312E-26   0.534737E-26   0.863185E-26   0.111211E-25   0.125755E-30   0.190668E-22   0.536324E-16   0.661503E-12   0.222123E-10   0.119815E-10   0.621651E-14   0.402042E-19   0.234540E-22   0.173952E-23   0.168778E-27   0.374843E-23   0.265882E-27   0.928010E-23   0.585472E-27
   0.166667E+01   0.512543E-28   0.516524E-28   0.381002E-33   0.242429E-27   0.395679E-27   0.641863E-27   0.103629E-26   0.166690E-26   0.267351E-26   0.427413E-26   0.568049E-26   0.204565E-30   0.925615E-23   0.260215E-16   0.319687E-12   0.107015E-10   0.571781E-11   0.298711E-14   0.192843E-19   0.112369E-22   0.829210E-24   0.234496E-27   0.178743E-23   0.385336E-27   0.442143E-23   0.875255E-27
   0.166667E+01   0.169287E-29   0.160227E-29   0.526864E-33   0.696586E-29   0.110636E-28   0.175678E-28   0.278910E-28   0.442744E-28   0.702742E-28   0.111425E-27   0.146993E-27   0.303045E-30   0.237528E-24   0.667467E-18   0.817455E-14   0.272957E-12   0.145937E-12   0.762346E-16   0.492170E-21   0.286777E-24   0.210237E-25   0.127084E-27   0.452311E-25   0.287458E-27   0.111827E-24   0.708187E-27
   0.166667E+01   0.303365E-27   0.270529E-27   0.313320E-29   0.124928E-26   0.198129E-26   0.314258E-26   0.498495E-26   0.790793E-26   0.125454E-25   0.198771E-25   0.249639E-25   0.230254E-27   0.423546E-22   0.119018E-15   0.145741E-11   0.486562E-10   0.261622E-10   0.136064E-13   0.879495E-19   0.512596E-22   0.375036E-23   0.238032E-25   0.806030E-23   0.591095E-25   0.199293E-22   0.146867E-24
   0.166667E+01   0.000000E+00   0.000000E+00   0.000000E+00   0.000000E+00   0.000000E+00   0.000000E+00   0.000000E+00   0.000000E+00   0.000000E+00   0.000000E+00   0.000000E+00   0.000000E+00   0.000000E+00   0.000000E+00   0.000000E+00   0.000000E+00   0.000000E+00   0.000000E+00   0.000000E+00   0.000000E+00   0.000000E+00   0.000000E+00   0.000000E+00   0.000000E+00   0.000000E+00   0.000000E+00
   0.166667E+01   0.234790E-26   0.465420E-26   0.923678E-26   0.186446E-25   0.372227E-25   0.743370E-25   0.148498E-24   0.296711E-24   0.592963E-24   0.118518E-23   0.236826E-23   0.472911E-23   0.506476E-20   0.268683E-13   0.414751E-09   0.174741E-07   0.115984E-07   0.504632E-11   0.343822E-16   0.205403E-19   0.282405E-20   0.484224E-20   0.985309E-20   0.193703E-19   0.389363E-19   0.774814E-19
   0.183333E+01   0.218750E-25   0.437500E-25   0.875000E-25   0.175000E-24   0.350000E-24   0.700000E-24   0.140000E-23   0.280000E-23   0.560000E-23   0.112000E-22   0.224000E-22   0.448000E-22   0.455083E-19   0.242523E-12   0.377231E-08   0.159713E-06   0.115758E-06   0.384624E-10   0.334756E-15   0.939730E-21   0.226599E-19   0.458749E-19   0.935039E-19   0.183500E-18   0.369008E-18   0.734003E-18
   0.183333E+01   0.455504E-40   0.837028E-40   0.327075E-35   0.364403E-39   0.658277E-39   0.131655E-38   0.150463E-38   0.470198E-38   0.105324E-37   0.210649E-37   0.428692E-37   0.167464E-32   0.756530E-34   0.403169E-27   0.551855E-23   0.265117E-21   0.197466E-21   0.000000E+00   0.207401E-28   0.237305E-32   0.846193E-30   0.171477E-29   0.275325E-33   0.685918E-29   0.765927E-33   0.274370E-28
   0.183333E+01   0.441986E-38   0.316051E-38   0.327077E-35   0.202420E-37   0.336191E-37   0.552482E-37   0.895257E-37   0.145385E-36   0.234723E-36   0.358103E-36   0.537869E-36   0.167464E-32   0.817052E-33   0.249965E-26   0.303520E-22   0.922607E-21   0.694904E-21   0.177544E-24   0.155849E-29   0.646205E-34   0.214090E-31   0.171478E-29   0.403830E-33   0.685916E-29   0.106062E-32   0.274372E-28
   0.183333E+01   0.218936E-39   0.117428E-39   0.327079E-35   0.799336E-39   0.145761E-38   0.291523E-38   0.554833E-38   0.526621E-38   0.105324E-37   0.210649E-37   0.428209E-37   0.167463E-32   0.756530E-34   0.403169E-27   0.627108E-23   0.265117E-21   0.314539E-21   0.310018E-22   0.207660E-28   0.612779E-34   0.214124E-31   0.171478E-29   0.295239E-33   0.685919E-29   0.711991E-33   0.274370E-28
   0.183333E+01   0.156017E-37   0.114418E-37   0.327078E-35   0.751023E-37   0.123686E-36   0.202044E-36   0.326035E-36   0.527562E-36   0.843723E-36   0.136922E-35   0.180789E-35   0.167463E-32   0.286876E-32   0.848269E-26   0.101341E-21   0.345712E-20   0.196234E-20   0.766517E-24   0.644324E-29   0.774605E-34   0.213770E-31   0.429526E-31   0.750558E-33   0.171847E-30   0.146150E-32   0.687295E-30
   0.183333E+01   0.141830E-35   0.103980E-35   0.327078E-35   0.692695E-35   0.114224E-34   0.186974E-34   0.304205E-34   0.492525E-34   0.794217E-34   0.127542E-33   0.170195E-33   0.419732E-34   0.264707E-30   0.747476E-24   0.927142E-20   0.312318E-18   0.183545E-18   0.729681E-22   0.601904E-27   0.168576E-32   0.214318E-31   0.429464E-31   0.545649E-31   0.171835E-30   0.135150E-30   0.687196E-30
   0.183333E+01   0.138007E-33   0.997435E-34   0.820201E-37   0.650775E-33   0.106533E-32   0.173373E-32   0.280780E-32   0.452920E-32   0.728225E-32   0.116669E-31   0.155392E-31   0.419943E-34   0.241007E-28   0.680286E-22   0.842854E-18   0.283682E-16   0.166512E-16   0.662180E-20   0.545948E-25   0.140747E-30   0.261980E-31   0.431097E-31   0.493005E-29   0.172192E-30   0.121873E-28   0.688034E-30
   0.183333E+01   0.602441E-39   0.562431E-39   0.327079E-35   0.303278E-38   0.481953E-38   0.851058E-38   0.125073E-37   0.240741E-37   0.361112E-37   0.699654E-37   0.758244E-37   0.167463E-32   0.160384E-33   0.403169E-27   0.551855E-23   0.265117E-21   0.258827E-21   0.845414E-26   0.900456E-31   0.618074E-34   0.214032E-31   0.171478E-29   0.303863E-33   0.685923E-29   0.727804E-33   0.274369E-28
   0.183333E+01   0.544812E-37   0.400032E-37   0.327075E-35   0.266026E-36   0.438695E-36   0.718321E-36   0.116929E-35   0.189396E-35   0.305629E-35   0.491488E-35   0.657280E-35   0.167464E-32   0.102404E-31   0.291733E-25   0.354191E-21   0.121636E-19   0.712669E-20   0.284340E-23   0.238842E-28   0.123913E-33   0.213770E-31   0.429680E-31   0.227271E-32   0.171823E-30   0.569240E-32   0.686999E-30
   0.183333E+01   0.478425E-35   0.353001E-35   0.819084E-37   0.237406E-34   0.392769E-34   0.644591E-34   0.105093E-33   0.170428E-33   0.275180E-33   0.442356E-33   0.590760E-33   0.419612E-34   0.919768E-30   0.259696E-23   0.322186E-19   0.108554E-17   0.637850E-18   0.253750E-21   0.209292E-26   0.571973E-32   0.215582E-31   0.429557E-31   0.189428E-30   0.171786E-30   0.468616E-30   0.687393E-30
   0.183333E+01   0.407271E-33   0.302569E-33   0.821553E-37   0.205560E-32   0.341282E-32   0.561663E-32   0.917762E-32   0.149094E-31   0.241072E-31   0.387951E-31   0.518551E-31   0.420846E-34   0.808357E-28   0.228228E-21   0.283255E-17   0.954665E-16   0.561055E-16   0.223249E-19   0.184158E-24   0.475116E-30   0.376658E-31   0.434579E-31   0.166639E-28   0.172920E-30   0.412066E-28   0.690056E-30
   0.183333E+01   0.336213E-31   0.252988E-31   0.999405E-37   0.171627E-30   0.285565E-30   0.470748E-30   0.770188E-30   0.125243E-29   0.202662E-29   0.326336E-29   0.437618E-29   0.527343E-34   0.680717E-26   0.192195E-19   0.238586E-15   0.804261E-14   0.472275E-14   0.187049E-17   0.154157E-22   0.397413E-28   0.143620E-29   0.872795E-31   0.140460E-26   0.266695E-30   0.347334E-26   0.934553E-30
   0.183333E+01   0.288590E-30   0.227182E-30   0.449826E-36   0.124430E-29   0.199893E-29   0.320311E-29   0.512237E-29   0.817846E-29   0.130411E-28   0.207612E-28   0.290192E-28   0.246206E-33   0.423131E-25   0.119386E-18   0.147524E-14   0.495531E-13   0.286806E-13   0.114921E-16   0.944075E-22   0.242933E-27   0.222282E-28   0.889672E-30   0.855140E-26   0.197226E-29   0.211233E-25   0.534764E-29
   0.183333E+01   0.165745E-38   0.124392E-38   0.327077E-35   0.811091E-38   0.138003E-37   0.216291E-37   0.350768E-37   0.601853E-37   0.936634E-37   0.151968E-36   0.220117E-36   0.167464E-32   0.378265E-33   0.854719E-27   0.125422E-22   0.562048E-21   0.238437E-21   0.619966E-25   0.509588E-30   0.658980E-34   0.214084E-31   0.171479E-29   0.326137E-33   0.685924E-29   0.862786E-33   0.274369E-28
   0.183333E+01   0.143039E-36   0.105554E-36   0.327078E-35   0.709176E-36   0.117317E-35   0.192527E-35   0.313876E-35   0.509168E-35   0.822319E-35   0.132174E-34   0.176723E-34   0.167464E-32   0.275316E-31   0.780697E-25   0.968005E-21   0.325033E-19   0.192601E-19   0.773829E-23   0.630808E-28   0.233685E-33   0.213784E-31   0.429618E-31   0.585997E-32   0.171823E-30   0.142285E-31   0.687196E-30
   0.183333E+01   0.157616E-34   0.117045E-34   0.819672E-37   0.794662E-34   0.131904E-33   0.217042E-33   0.354598E-33   0.575993E-33   0.931248E-33   0.149854E-32   0.200290E-32   0.419612E-34   0.312204E-29   0.881480E-23   0.109400E-18   0.368716E-17   0.216691E-17   0.862222E-21   0.711248E-26   0.193045E-31   0.220103E-31   0.429680E-31   0.643711E-30   0.171810E-30   0.159207E-29   0.687492E-30
   0.183333E+01   0.131584E-32   0.983886E-33   0.825432E-37   0.674786E-32   0.112401E-31   0.185469E-31   0.303690E-31   0.494173E-31   0.800085E-31   0.128890E-30   0.172424E-30   0.423012E-34   0.269105E-27   0.759820E-21   0.943396E-17   0.318059E-15   0.186976E-15   0.743995E-19   0.613718E-24   0.158388E-29   0.757513E-31   0.445888E-31   0.555748E-28   0.175212E-30   0.137436E-27   0.695676E-30
   0.183333E+01   0.102894E-30   0.784186E-31   0.130674E-36   0.527595E-30   0.878351E-30   0.144843E-29   0.237019E-29   0.385459E-29   0.623750E-29   0.100442E-28   0.135266E-28   0.716476E-34   0.209499E-25   0.591499E-19   0.734257E-15   0.247513E-13   0.145132E-13   0.575129E-17   0.473936E-22   0.122068E-27   0.466548E-29   0.182266E-30   0.432229E-26   0.457980E-30   0.106879E-25   0.139747E-29
   0.183333E+01   0.413083E-30   0.327552E-30   0.952050E-36   0.177325E-29   0.284514E-29   0.455361E-29   0.727412E-29   0.116030E-28   0.184868E-28   0.294141E-28   0.416812E-28   0.582266E-33   0.598585E-25   0.168884E-18   0.208627E-14   0.700616E-13   0.405297E-13   0.162519E-16   0.133484E-21   0.343526E-27   0.375228E-28   0.264354E-29   0.120810E-25   0.548015E-29   0.298405E-25   0.137543E-28
   0.183333E+01   0.535595E-30   0.407795E-30   0.672142E-34   0.215836E-29   0.342243E-29   0.542756E-29   0.860839E-29   0.136545E-28   0.216600E-28   0.343446E-28   0.487224E-28   0.379191E-31   0.694306E-25   0.195857E-18   0.241632E-14   0.810595E-13   0.469585E-13   0.188133E-16   0.154564E-21   0.397840E-27   0.462948E-28   0.468832E-28   0.139317E-25   0.118279E-27   0.344052E-25   0.312942E-27
   0.183333E+01   0.455504E-40   0.916305E-40   0.327078E-35   0.364403E-39   0.658277E-39   0.131655E-38   0.263311E-38   0.470198E-38   0.105324E-37   0.210649E-37   0.409087E-37   0.167462E-32   0.756530E-34   0.403169E-27   0.551855E-23   0.265117E-21   0.238475E-21   0.276162E-24   0.120015E-30   0.726402E-34   0.213862E-31   0.171478E-29   0.254798E-33   0.685916E-29   0.824473E-33   0.274371E-28
   0.183333E+01   0.454927E-36   0.337761E-36   0.327078E-35   0.229130E-35   0.380251E-35   0.625603E-35   0.102200E-34   0.166021E-34   0.268404E-34   0.431912E-34   0.577373E-34   0.419642E-34   0.900180E-31   0.254432E-24   0.315887E-20   0.106524E-18   0.626833E-19   0.249113E-22   0.205483E-27   0.629152E-33   0.213966E-31   0.429372E-31   0.186878E-31   0.171798E-30   0.461719E-31   0.687344E-30
   0.183333E+01   0.396398E-34   0.296269E-34   0.819613E-37   0.203058E-33   0.338164E-33   0.557892E-33   0.913372E-33   0.148610E-32   0.240584E-32   0.387543E-32   0.518408E-32   0.419702E-34   0.809033E-29   0.228431E-22   0.283617E-18   0.956181E-17   0.562102E-17   0.223690E-20   0.184544E-25   0.500213E-31   0.230092E-31   0.430173E-31   0.167076E-29   0.171897E-30   0.413208E-29   0.687541E-30
   0.183333E+01   0.326400E-32   0.245704E-32   0.835365E-37   0.170002E-31   0.284084E-31   0.469943E-31   0.771035E-31   0.125665E-30   0.203712E-30   0.328501E-30   0.439953E-30   0.429452E-34   0.687185E-27   0.194037E-20   0.241010E-16   0.812796E-15   0.477887E-15   0.189872E-18   0.156510E-23   0.404446E-29   0.160935E-30   0.472944E-31   0.142160E-27   0.180512E-30   0.351582E-27   0.707805E-30
   0.183333E+01   0.281290E-30   0.218055E-30   0.239807E-36   0.142513E-29   0.236505E-29   0.388924E-29   0.634928E-29   0.103052E-28   0.166485E-28   0.267742E-28   0.363299E-28   0.141481E-33   0.556900E-25   0.157221E-18   0.195056E-14   0.657241E-13   0.384230E-13   0.152640E-16   0.125700E-21   0.323629E-27   0.145575E-28   0.492859E-30   0.114601E-25   0.106775E-29   0.283332E-25   0.278344E-29
   0.183333E+01   0.536701E-30   0.418618E-30   0.303136E-35   0.222841E-29   0.355336E-29   0.565956E-29   0.900643E-29   0.143231E-28   0.227669E-28   0.361583E-28   0.514763E-28   0.193760E-32   0.733170E-25   0.206836E-18   0.255330E-14   0.856963E-13   0.495923E-13   0.198835E-16   0.163320E-21   0.420341E-27   0.480337E-28   0.881053E-29   0.147504E-25   0.175263E-28   0.364301E-25   0.409018E-28
   0.183333E+01   0.592295E-30   0.450579E-30   0.240241E-33   0.238571E-29   0.378250E-29   0.599804E-29   0.951253E-29   0.150878E-28   0.239326E-28   0.379466E-28   0.538146E-28   0.137740E-30   0.767075E-25   0.216384E-18   0.266953E-14   0.895528E-13   0.518826E-13   0.207848E-16   0.170765E-21   0.439542E-27   0.509219E-28   0.564476E-28   0.153910E-25   0.145361E-27   0.380089E-25   0.384398E-27
   0.183333E+01   0.455504E-40   0.108965E-39   0.327078E-35   0.364403E-39   0.658277E-39   0.131655E-38   0.263311E-38   0.470198E-38   0.101563E-37   0.210649E-37   0.422611E-37   0.167463E-32   0.756530E-34   0.403169E-27   0.551855E-23   0.265117E-21   0.204366E-21   0.309979E-25   0.600628E-31   0.901705E-34   0.213768E-31   0.429557E-31   0.212646E-33   0.171835E-30   0.668527E-33   0.686949E-30
   0.183333E+01   0.125484E-38   0.905320E-39   0.327077E-35   0.653575E-38   0.109556E-37   0.178205E-37   0.278357E-37   0.468317E-37   0.748555E-37   0.124132E-36   0.159494E-36   0.419612E-34   0.263272E-33   0.854719E-27   0.132947E-22   0.562048E-21   0.258868E-21   0.535421E-25   0.479565E-30   0.992618E-34   0.213661E-31   0.429495E-31   0.250019E-33   0.171847E-30   0.891162E-33   0.687245E-30
   0.183333E+01   0.127462E-36   0.959439E-37   0.819554E-37   0.663578E-36   0.110889E-35   0.183443E-35   0.301011E-35   0.490755E-35   0.795876E-35   0.128368E-34   0.172010E-34   0.419642E-34   0.269052E-31   0.756507E-25   0.940663E-21   0.317822E-19   0.189044E-19   0.741663E-23   0.619112E-28   0.273450E-33   0.213706E-31   0.429526E-31   0.573438E-32   0.171773E-30   0.144258E-31   0.687147E-30
   0.183333E+01   0.993380E-32   0.754192E-32   0.904131E-37   0.524750E-31   0.879409E-31   0.145805E-30   0.239649E-30   0.391134E-30   0.634764E-30   0.102451E-29   0.137418E-29   0.475945E-34   0.214676E-26   0.606199E-20   0.753201E-16   0.254082E-14   0.149383E-14   0.592127E-18   0.487976E-23   0.126058E-28   0.462681E-30   0.574601E-31   0.444774E-27   0.200111E-30   0.110005E-26   0.750453E-30
   0.183333E+01   0.527758E-30   0.412856E-30   0.734596E-36   0.258516E-29   0.425696E-29   0.695544E-29   0.112949E-28   0.182533E-28   0.293857E-28   0.471277E-28   0.644398E-28   0.485181E-33   0.974733E-25   0.275136E-18   0.340962E-14   0.114785E-12   0.669155E-13   0.266571E-16   0.219357E-21   0.564740E-27   0.346381E-28   0.119204E-29   0.199555E-25   0.240294E-29   0.493244E-25   0.559465E-29
   0.183333E+01   0.524824E-31   0.403973E-31   0.148897E-35   0.214043E-30   0.340173E-30   0.540412E-30   0.858269E-30   0.136279E-29   0.216352E-29   0.343278E-29   0.488429E-29   0.101734E-32   0.694780E-26   0.195999E-19   0.241865E-15   0.811538E-14   0.469903E-14   0.188329E-17   0.154709E-22   0.398263E-28   0.656858E-29   0.287487E-29   0.139577E-26   0.611467E-29   0.344715E-26   0.146699E-28
   0.183333E+01   0.617207E-30   0.469255E-30   0.134399E-32   0.248565E-29   0.394078E-29   0.624882E-29   0.991000E-29   0.157179E-28   0.249317E-28   0.395301E-28   0.560570E-28   0.412647E-30   0.799068E-25   0.225409E-18   0.278085E-14   0.932870E-13   0.540489E-13   0.216518E-16   0.177889E-21   0.457884E-27   0.529219E-28   0.603173E-28   0.160325E-25   0.156504E-27   0.395933E-25   0.414657E-27
   0.183333E+01   0.308667E-34   0.230502E-34   0.327102E-35   0.157771E-33   0.262626E-33   0.433116E-33   0.708888E-33   0.115313E-32   0.186646E-32   0.300615E-32   0.402083E-32   0.167466E-32   0.627390E-29   0.177143E-22   0.219927E-18   0.741427E-17   0.435832E-17   0.173439E-20   0.143081E-25   0.388687E-31   0.226482E-31   0.430111E-31   0.129536E-29   0.171921E-30   0.320361E-29   0.687541E-30
   0.183333E+01   0.553463E-34   0.416161E-34   0.823198E-37   0.287745E-33   0.480671E-33   0.794934E-33   0.130398E-32   0.212491E-32   0.344423E-32   0.555352E-32   0.743460E-32   0.420214E-34   0.116153E-28   0.327977E-22   0.407361E-18   0.137377E-16   0.807807E-17   0.321508E-20   0.265273E-25   0.719726E-31   0.237369E-31   0.430450E-31   0.240267E-29   0.171971E-30   0.594226E-29   0.687492E-30
   0.183333E+01   0.356111E-32   0.269617E-32   0.938691E-37   0.188315E-31   0.315687E-31   0.523547E-31   0.860721E-31   0.140508E-30   0.228067E-30   0.368149E-30   0.493284E-30   0.471552E-34   0.771651E-27   0.217900E-20   0.270757E-16   0.913400E-15   0.537260E-15   0.213863E-18   0.176478E-23   0.455588E-29   0.178997E-30   0.484314E-31   0.159918E-27   0.182349E-30   0.395531E-27   0.709629E-30
   0.183333E+01   0.122093E-27   0.933980E-28   0.410717E-33   0.652925E-27   0.109684E-26   0.182192E-26   0.299889E-26   0.490003E-26   0.795917E-26   0.128550E-25   0.172635E-25   0.185574E-30   0.269716E-22   0.761646E-16   0.946586E-12   0.319383E-10   0.187766E-10   0.743539E-14   0.612889E-19   0.158100E-24   0.566717E-26   0.195342E-27   0.559445E-23   0.374320E-27   0.138372E-22   0.785285E-27
   0.183333E+01   0.749753E-28   0.580168E-28   0.690250E-33   0.348625E-27   0.567755E-27   0.919380E-27   0.148225E-26   0.238159E-26   0.381636E-26   0.609837E-26   0.838090E-26   0.332457E-30   0.125217E-22   0.353377E-16   0.437290E-12   0.147045E-10   0.856176E-11   0.341565E-14   0.280961E-19   0.723390E-25   0.595450E-26   0.298503E-27   0.254685E-23   0.589731E-27   0.629345E-23   0.128164E-26
   0.183333E+01   0.233671E-29   0.168901E-29   0.104406E-32   0.953109E-29   0.151305E-28   0.240163E-28   0.381168E-28   0.604921E-28   0.959970E-28   0.152226E-27   0.207896E-27   0.529538E-30   0.307999E-24   0.868864E-18   0.107205E-13   0.359651E-12   0.209558E-12   0.835799E-16   0.687568E-21   0.177040E-26   0.180450E-27   0.160685E-27   0.618346E-25   0.385805E-27   0.152725E-24   0.944052E-27
   0.183333E+01   0.400840E-27   0.271391E-27   0.395796E-29   0.163623E-26   0.259438E-26   0.411423E-26   0.652524E-26   0.103501E-25   0.164180E-25   0.260187E-25   0.340728E-25   0.274477E-27   0.526262E-22   0.148459E-15   0.183155E-11   0.614348E-10   0.360095E-10   0.142956E-13   0.117762E-18   0.303332E-24   0.277547E-25   0.281065E-25   0.105600E-22   0.700149E-25   0.260846E-22   0.173915E-24
   0.183333E+01   0.000000E+00   0.000000E+00   0.000000E+00   0.000000E+00   0.000000E+00   0.000000E+00   0.000000E+00   0.000000E+00   0.000000E+00   0.000000E+00   0.000000E+00   0.000000E+00   0.000000E+00   0.000000E+00   0.000000E+00   0.000000E+00   0.000000E+00   0.000000E+00   0.000000E+00   0.000000E+00   0.000000E+00   0.000000E+00   0.000000E+00   0.000000E+00   0.000000E+00   0.000000E+00
   0.183333E+01   0.236228E-26   0.465587E-26   0.923686E-26   0.187074E-25   0.373245E-25   0.745012E-25   0.148762E-24   0.297135E-24   0.593641E-24   0.118627E-23   0.236986E-23   0.472912E-23   0.481204E-20   0.256238E-13   0.398491E-09   0.168689E-07   0.122251E-07   0.406232E-11   0.353552E-16   0.992455E-22   0.239199E-20   0.484256E-20   0.987194E-20   0.193702E-19   0.389566E-19   0.774814E-19
   0.200000E+01   0.218750E-25   0.437500E-25   0.875000E-25   0.175000E-24   0.350000E-24   0.700000E-24   0.140000E-23   0.280000E-23   0.560000E-23   0.112000E-22   0.224000E-22   0.448000E-22   0.432531E-19   0.231406E-12   0.362617E-08   0.154254E-06   0.118825E-06   0.257636E-08   0.455448E-13   0.972764E-17   0.215641E-19   0.458749E-19   0.936792E-19   0.183500E-18   0.369190E-18   0.734003E-18
   0.200000E+01   0.955089E-40   0.954273E-40   0.327075E-35   0.364403E-39   0.658277E-39   0.131655E-38   0.150463E-38   0.470198E-38   0.105324E-37   0.210649E-37   0.458450E-37   0.167464E-32   0.719040E-34   0.384690E-27   0.530477E-23   0.256030E-21   0.880701E-24   0.957896E-24   0.000000E+00   0.195359E-31   0.210133E-31   0.171477E-29   0.301076E-33   0.685918E-29   0.692969E-33   0.274371E-28
   0.200000E+01   0.688840E-38   0.369502E-39   0.327077E-35   0.327610E-37   0.536261E-37   0.883502E-37   0.142376E-36   0.228704E-36   0.363745E-36   0.604862E-36   0.608673E-37   0.167464E-32   0.118785E-32   0.344682E-26   0.448494E-22   0.152594E-20   0.726697E-21   0.175035E-22   0.356690E-27   0.952087E-31   0.210079E-31   0.171478E-29   0.510843E-33   0.685913E-29   0.138375E-32   0.274369E-28
   0.200000E+01   0.268894E-39   0.110027E-39   0.327079E-35   0.170447E-38   0.232748E-38   0.451390E-38   0.554833E-38   0.110967E-37   0.221933E-37   0.489006E-37   0.442921E-37   0.167463E-32   0.719040E-34   0.384690E-27   0.602815E-23   0.256030E-21   0.159079E-22   0.426102E-22   0.207378E-28   0.284807E-31   0.210053E-31   0.171477E-29   0.302081E-33   0.685914E-29   0.787454E-33   0.274369E-28
   0.200000E+01   0.243327E-37   0.147061E-38   0.327078E-35   0.120335E-36   0.198071E-36   0.323966E-36   0.526998E-36   0.846732E-36   0.136734E-35   0.221181E-35   0.164638E-36   0.167463E-32   0.437176E-32   0.122947E-25   0.153838E-21   0.516155E-20   0.328264E-20   0.785653E-22   0.148897E-26   0.311284E-30   0.209808E-31   0.429464E-31   0.110751E-32   0.171798E-30   0.232831E-32   0.687541E-30
   0.200000E+01   0.221672E-35   0.123402E-36   0.327078E-35   0.111380E-34   0.183823E-34   0.301108E-34   0.490194E-34   0.794044E-34   0.128095E-33   0.205592E-33   0.111870E-34   0.419732E-34   0.406134E-30   0.115116E-23   0.143849E-19   0.486856E-18   0.302711E-18   0.697903E-20   0.131046E-24   0.276765E-28   0.213582E-31   0.429526E-31   0.881116E-31   0.171847E-30   0.217914E-30   0.687196E-30
   0.200000E+01   0.215768E-33   0.118345E-34   0.820436E-37   0.104687E-32   0.171525E-32   0.279348E-32   0.452686E-32   0.730587E-32   0.117515E-31   0.188173E-31   0.101612E-32   0.420123E-34   0.370018E-28   0.104845E-21   0.130886E-17   0.442645E-16   0.275492E-16   0.611752E-18   0.118981E-22   0.251110E-26   0.552340E-31   0.431775E-31   0.798049E-29   0.172291E-30   0.197094E-28   0.688724E-30
   0.200000E+01   0.968314E-39   0.127467E-39   0.327078E-35   0.501936E-38   0.766422E-38   0.122722E-37   0.198423E-37   0.385562E-37   0.631946E-37   0.955442E-37   0.456984E-37   0.167465E-32   0.241597E-33   0.861705E-27   0.142264E-22   0.256030E-21   0.307539E-21   0.548591E-23   0.290329E-28   0.340748E-31   0.209994E-31   0.171479E-29   0.310331E-33   0.685918E-29   0.976392E-33   0.274371E-28
   0.200000E+01   0.849750E-37   0.484409E-38   0.327078E-35   0.426740E-36   0.704215E-36   0.115358E-35   0.187900E-35   0.304406E-35   0.491187E-35   0.788428E-35   0.480512E-36   0.167464E-32   0.156233E-31   0.444855E-25   0.550250E-21   0.189257E-19   0.118472E-19   0.264025E-21   0.510564E-26   0.107939E-29   0.209793E-31   0.429464E-31   0.354347E-32   0.171847E-30   0.839222E-32   0.687245E-30
   0.200000E+01   0.747024E-35   0.418188E-36   0.819848E-37   0.381338E-34   0.631427E-34   0.103701E-33   0.169174E-33   0.274481E-33   0.443371E-33   0.712343E-33   0.386119E-34   0.419552E-34   0.140988E-29   0.399580E-23   0.499490E-19   0.169104E-17   0.105352E-17   0.234068E-19   0.455356E-24   0.961886E-28   0.222845E-31   0.429741E-31   0.306022E-30   0.171810E-30   0.756187E-30   0.686999E-30
   0.200000E+01   0.636144E-33   0.358416E-34   0.821964E-37   0.330282E-32   0.548811E-32   0.903847E-32   0.147778E-31   0.240189E-31   0.388523E-31   0.624909E-31   0.338624E-32   0.421116E-34   0.123946E-27   0.351285E-21   0.439292E-17   0.148768E-15   0.927059E-16   0.206003E-17   0.400817E-22   0.846939E-26   0.136563E-30   0.437414E-31   0.269397E-28   0.173339E-30   0.665537E-28   0.691042E-30
   0.200000E+01   0.522905E-31   0.302787E-32   0.103649E-36   0.274119E-30   0.456326E-30   0.752568E-30   0.123171E-29   0.200353E-29   0.324280E-29   0.521835E-29   0.292866E-30   0.549672E-34   0.103586E-25   0.293586E-19   0.367199E-15   0.124371E-13   0.774258E-14   0.171250E-15   0.332986E-20   0.702513E-24   0.100499E-28   0.109337E-30   0.225305E-26   0.306323E-30   0.556604E-26   0.101280E-29
   0.200000E+01   0.420358E-30   0.307227E-31   0.544042E-36   0.184903E-29   0.296691E-29   0.474965E-29   0.758972E-29   0.121104E-28   0.193012E-28   0.306874E-28   0.229167E-29   0.298531E-33   0.594516E-25   0.168376E-18   0.209580E-14   0.707203E-13   0.433790E-13   0.959200E-15   0.188123E-19   0.396384E-23   0.817250E-28   0.136413E-29   0.126517E-25   0.283395E-29   0.312191E-25   0.708377E-29
   0.200000E+01   0.252584E-38   0.165375E-39   0.327075E-35   0.125660E-37   0.209708E-37   0.339013E-37   0.543549E-37   0.900899E-37   0.151968E-36   0.231713E-36   0.545740E-37   0.167464E-32   0.448681E-33   0.129256E-26   0.195312E-22   0.542775E-21   0.517225E-21   0.101150E-22   0.124427E-27   0.499719E-31   0.209897E-31   0.171478E-29   0.357042E-33   0.685913E-29   0.937946E-33   0.274370E-28
   0.200000E+01   0.219234E-36   0.123846E-37   0.327076E-35   0.111805E-35   0.185110E-35   0.304002E-35   0.495842E-35   0.804584E-35   0.129981E-34   0.208888E-34   0.118754E-35   0.167463E-32   0.413995E-31   0.117592E-24   0.146990E-20   0.495366E-19   0.308657E-19   0.685007E-21   0.134381E-25   0.283525E-29   0.210068E-31   0.429680E-31   0.914640E-32   0.171810E-30   0.225003E-31   0.687442E-30
   0.200000E+01   0.245897E-34   0.138508E-35   0.819672E-37   0.127529E-33   0.211860E-33   0.348855E-33   0.570291E-33   0.926814E-33   0.149905E-32   0.241094E-32   0.130701E-33   0.419612E-34   0.478130E-29   0.135512E-22   0.169460E-18   0.573872E-17   0.357609E-17   0.794646E-19   0.154609E-23   0.326686E-27   0.254278E-31   0.429772E-31   0.103928E-29   0.171884E-30   0.256776E-29   0.687344E-30
   0.200000E+01   0.205355E-32   0.116442E-33   0.826784E-37   0.108320E-31   0.180581E-31   0.298178E-31   0.488528E-31   0.795335E-31   0.128819E-30   0.207412E-30   0.112500E-31   0.423975E-34   0.412212E-27   0.116835E-20   0.146164E-16   0.495149E-15   0.308639E-15   0.685818E-17   0.133400E-21   0.281963E-25   0.406119E-30   0.454362E-31   0.897560E-28   0.176667E-30   0.221755E-27   0.698733E-30
   0.200000E+01   0.158383E-30   0.958919E-32   0.140554E-36   0.831916E-30   0.138493E-29   0.228371E-29   0.373694E-29   0.607719E-29   0.983395E-29   0.158221E-28   0.934209E-30   0.776902E-34   0.313915E-25   0.889682E-19   0.111264E-14   0.376825E-13   0.234178E-13   0.517573E-15   0.100782E-19   0.212556E-23   0.328050E-28   0.252828E-30   0.682429E-26   0.581868E-30   0.168579E-25   0.163087E-29
   0.200000E+01   0.582897E-30   0.434104E-31   0.117482E-35   0.254954E-29   0.408446E-29   0.652924E-29   0.104201E-28   0.166085E-28   0.264461E-28   0.420189E-28   0.316054E-29   0.720638E-33   0.812726E-25   0.230168E-18   0.286401E-14   0.966179E-13   0.592507E-13   0.131267E-14   0.257040E-19   0.541595E-23   0.110368E-27   0.413745E-29   0.172699E-25   0.812784E-29   0.426127E-25   0.188478E-28
   0.200000E+01   0.723712E-30   0.507931E-31   0.847806E-34   0.299055E-29   0.474033E-29   0.751542E-29   0.119171E-28   0.188991E-28   0.299749E-28   0.474787E-28   0.345335E-29   0.478439E-31   0.912886E-25   0.258495E-18   0.321273E-14   0.108279E-12   0.665011E-13   0.147374E-14   0.288307E-19   0.607510E-23   0.121433E-27   0.598195E-28   0.192974E-25   0.149790E-27   0.476079E-25   0.387610E-27
   0.200000E+01   0.455504E-40   0.100417E-39   0.327076E-35   0.364403E-39   0.658277E-39   0.131655E-38   0.263311E-38   0.470198E-38   0.105324E-37   0.210649E-37   0.453895E-37   0.167463E-32   0.719040E-34   0.384690E-27   0.530477E-23   0.256030E-21   0.251623E-21   0.180010E-22   0.248853E-28   0.251492E-31   0.209770E-31   0.171479E-29   0.228824E-33   0.685919E-29   0.726148E-33   0.274369E-28
   0.200000E+01   0.694757E-36   0.392385E-37   0.327078E-35   0.359946E-35   0.597852E-35   0.984303E-35   0.160889E-34   0.261460E-34   0.422862E-34   0.680132E-34   0.374052E-35   0.419522E-34   0.134912E-30   0.382613E-24   0.478539E-20   0.162138E-18   0.101089E-18   0.224658E-20   0.436737E-25   0.921169E-29   0.210880E-31   0.429618E-31   0.295291E-31   0.171823E-30   0.730922E-31   0.687541E-30
   0.200000E+01   0.607661E-34   0.344523E-35   0.819731E-37   0.320184E-33   0.533663E-33   0.881042E-33   0.144328E-32   0.234945E-32   0.380505E-32   0.612609E-32   0.332380E-33   0.419582E-34   0.121735E-28   0.345040E-22   0.431647E-18   0.146223E-16   0.911453E-17   0.202565E-18   0.394159E-23   0.833089E-27   0.323418E-31   0.430234E-31   0.265055E-29   0.172032E-30   0.654880E-29   0.687738E-30
   0.200000E+01   0.500421E-32   0.285791E-33   0.839538E-37   0.268007E-31   0.448198E-31   0.741910E-31   0.121792E-30   0.198589E-30   0.322050E-30   0.519042E-30   0.282355E-31   0.431980E-34   0.103349E-26   0.292942E-20   0.366617E-16   0.124233E-14   0.774484E-15   0.171908E-16   0.333943E-21   0.705585E-25   0.990727E-30   0.494945E-31   0.225415E-27   0.184432E-30   0.556954E-27   0.715003E-30
   0.200000E+01   0.422638E-30   0.270487E-31   0.283805E-36   0.218451E-29   0.362165E-29   0.595078E-29   0.970830E-29   0.157485E-28   0.254312E-28   0.408495E-28   0.257233E-29   0.170060E-33   0.807681E-25   0.228883E-18   0.286043E-14   0.968245E-13   0.599732E-13   0.132520E-14   0.258607E-19   0.545250E-23   0.965868E-28   0.724826E-30   0.175024E-25   0.147796E-29   0.432272E-25   0.354326E-29
   0.200000E+01   0.739164E-30   0.537579E-31   0.405931E-35   0.313607E-29   0.499554E-29   0.795011E-29   0.126434E-28   0.200968E-28   0.319313E-28   0.506493E-28   0.374087E-29   0.261601E-32   0.976418E-25   0.276503E-18   0.343834E-14   0.115932E-12   0.711316E-13   0.157520E-14   0.308529E-19   0.650082E-23   0.130818E-27   0.140008E-28   0.206882E-25   0.268518E-28   0.510424E-25   0.585130E-28
   0.200000E+01   0.799874E-30   0.561639E-31   0.326592E-33   0.330386E-29   0.523645E-29   0.830134E-29   0.131625E-28   0.208732E-28   0.331046E-28   0.524343E-28   0.387516E-29   0.187227E-30   0.100811E-24   0.285459E-18   0.354782E-14   0.119571E-12   0.734422E-13   0.162651E-14   0.318386E-19   0.670884E-23   0.133838E-27   0.707161E-28   0.213093E-25   0.180810E-27   0.525714E-25   0.471307E-27
   0.200000E+01   0.455504E-40   0.100125E-39   0.327077E-35   0.364403E-39   0.658277E-39   0.131655E-38   0.263311E-38   0.470198E-38   0.105324E-37   0.210649E-37   0.422317E-37   0.167462E-32   0.719040E-34   0.384690E-27   0.530477E-23   0.256030E-21   0.307539E-21   0.195442E-22   0.290329E-28   0.249268E-31   0.209645E-31   0.429587E-31   0.200422E-33   0.171860E-30   0.619251E-33   0.687245E-30
   0.200000E+01   0.189842E-38   0.155923E-39   0.327077E-35   0.972134E-38   0.162218E-37   0.277887E-37   0.470198E-37   0.759840E-37   0.116985E-36   0.201621E-36   0.526641E-37   0.419582E-34   0.440053E-33   0.124640E-26   0.127797E-22   0.542783E-21   0.545183E-21   0.114866E-22   0.118921E-27   0.455858E-31   0.209688E-31   0.429556E-31   0.281564E-33   0.171823E-30   0.916213E-33   0.687295E-30
   0.200000E+01   0.196299E-36   0.113200E-37   0.819437E-37   0.105097E-35   0.175772E-35   0.290949E-35   0.477712E-35   0.779080E-35   0.126370E-34   0.203735E-34   0.116007E-35   0.419401E-34   0.406085E-31   0.115330E-24   0.144579E-20   0.490758E-19   0.306700E-19   0.680108E-21   0.132431E-25   0.279792E-29   0.210095E-31   0.429649E-31   0.902071E-32   0.171835E-30   0.223263E-31   0.686999E-30
   0.200000E+01   0.151599E-31   0.875746E-33   0.943099E-37   0.823054E-31   0.138025E-30   0.228974E-30   0.376529E-30   0.614784E-30   0.998052E-30   0.160991E-29   0.884763E-31   0.502698E-34   0.321074E-26   0.910116E-20   0.113938E-15   0.386193E-14   0.240741E-14   0.534022E-16   0.103580E-20   0.218672E-24   0.306970E-29   0.649419E-31   0.701298E-27   0.213657E-30   0.173285E-26   0.775252E-30
   0.200000E+01   0.752415E-30   0.500952E-31   0.102444E-35   0.374643E-29   0.615790E-29   0.100464E-28   0.162948E-28   0.263078E-28   0.423198E-28   0.677702E-28   0.444719E-29   0.688682E-33   0.133176E-24   0.377332E-18   0.470982E-14   0.159272E-12   0.983834E-13   0.218728E-14   0.425035E-19   0.896048E-23   0.170543E-27   0.176681E-29   0.286979E-25   0.342981E-29   0.708589E-25   0.747421E-29
   0.200000E+01   0.713393E-31   0.506198E-32   0.227586E-35   0.297894E-30   0.473124E-30   0.751229E-30   0.119259E-29   0.189300E-29   0.300447E-29   0.476161E-29   0.346191E-30   0.157862E-32   0.916457E-26   0.259515E-19   0.322607E-15   0.108747E-13   0.667560E-14   0.148637E-15   0.289485E-20   0.610045E-24   0.141271E-28   0.426837E-29   0.193925E-26   0.928493E-29   0.478449E-26   0.214882E-28
   0.200000E+01   0.833077E-30   0.590758E-31   0.210518E-32   0.344052E-29   0.545285E-29   0.864415E-29   0.137057E-28   0.217343E-28   0.344699E-28   0.545961E-28   0.424731E-29   0.552322E-30   0.104966E-24   0.297223E-18   0.369400E-14   0.124497E-12   0.764654E-13   0.170050E-14   0.331498E-19   0.698579E-23   0.139206E-27   0.750656E-28   0.221871E-25   0.193270E-27   0.547368E-25   0.505771E-27
   0.200000E+01   0.430481E-34   0.244031E-35   0.327105E-35   0.226331E-33   0.377065E-33   0.622286E-33   0.101911E-32   0.165858E-32   0.268567E-32   0.432328E-32   0.234703E-33   0.420785E-34   0.858867E-29   0.243432E-22   0.304518E-18   0.103153E-16   0.642956E-17   0.142891E-18   0.278031E-23   0.587633E-27   0.290052E-31   0.430111E-31   0.186959E-29   0.171983E-30   0.461922E-29   0.687492E-30
   0.200000E+01   0.815164E-34   0.465204E-35   0.824433E-37   0.435904E-33   0.728766E-33   0.120608E-32   0.197957E-32   0.322741E-32   0.523335E-32   0.843384E-32   0.458209E-33   0.421478E-34   0.167909E-28   0.475937E-22   0.595622E-18   0.201831E-16   0.125841E-16   0.279718E-18   0.544323E-23   0.115078E-26   0.367077E-31   0.430697E-31   0.366203E-29   0.172045E-30   0.904840E-29   0.687541E-30
   0.200000E+01   0.499823E-32   0.287158E-33   0.101145E-36   0.271842E-31   0.456079E-31   0.756905E-31   0.124509E-30   0.203354E-30   0.330208E-30   0.532744E-30   0.289663E-31   0.494452E-34   0.106293E-26   0.301302E-20   0.377233E-16   0.127871E-14   0.797519E-15   0.177303E-16   0.345057E-21   0.729727E-25   0.101948E-29   0.506193E-31   0.232257E-27   0.186429E-30   0.573905E-27   0.716975E-30
   0.200000E+01   0.170378E-27   0.100303E-28   0.665623E-33   0.935661E-27   0.157254E-26   0.261315E-26   0.430273E-26   0.703244E-26   0.114255E-25   0.184414E-25   0.103522E-26   0.264154E-30   0.368207E-22   0.104375E-15   0.130697E-11   0.443078E-10   0.276172E-10   0.612658E-12   0.118769E-16   0.250589E-20   0.357962E-25   0.273705E-27   0.805046E-23   0.515593E-27   0.198927E-22   0.103970E-26
   0.200000E+01   0.101957E-27   0.693103E-29   0.121632E-32   0.481404E-27   0.782352E-27   0.126477E-26   0.203638E-26   0.326846E-26   0.523310E-26   0.834918E-26   0.556672E-27   0.516071E-30   0.162871E-22   0.461376E-16   0.575043E-12   0.194235E-10   0.119896E-10   0.266521E-12   0.518340E-17   0.109263E-20   0.207289E-25   0.450113E-27   0.348658E-23   0.875222E-27   0.860668E-23   0.183472E-26
   0.200000E+01   0.303891E-29   0.190325E-30   0.200764E-32   0.126878E-28   0.201319E-28   0.319421E-28   0.506802E-28   0.804101E-28   0.127580E-27   0.202095E-27   0.132977E-28   0.854141E-30   0.388860E-24   0.110115E-17   0.136871E-13   0.461305E-12   0.284956E-12   0.631281E-14   0.123168E-18   0.259609E-22   0.492034E-27   0.205139E-27   0.822385E-25   0.496525E-27   0.202918E-24   0.121297E-26
   0.200000E+01   0.500409E-27   0.294092E-28   0.478883E-29   0.209124E-26   0.331490E-26   0.525562E-26   0.833391E-26   0.132169E-25   0.209629E-25   0.331896E-25   0.201304E-26   0.320863E-27   0.638455E-22   0.180796E-15   0.224703E-11   0.757225E-10   0.470667E-10   0.104271E-11   0.202778E-16   0.427548E-20   0.773965E-25   0.327446E-25   0.134968E-22   0.815555E-25   0.333067E-22   0.202534E-24
   0.200000E+01   0.000000E+00   0.000000E+00   0.000000E+00   0.000000E+00   0.000000E+00   0.000000E+00   0.000000E+00   0.000000E+00   0.000000E+00   0.000000E+00   0.000000E+00   0.000000E+00   0.000000E+00   0.000000E+00   0.000000E+00   0.000000E+00   0.000000E+00   0.000000E+00   0.000000E+00   0.000000E+00   0.000000E+00   0.000000E+00   0.000000E+00   0.000000E+00   0.000000E+00   0.000000E+00
   0.200000E+01   0.237786E-26   0.462239E-26   0.923693E-26   0.187849E-25   0.374501E-25   0.747040E-25   0.149088E-24   0.297659E-24   0.594480E-24   0.118760E-23   0.236487E-23   0.472912E-23   0.457620E-20   0.244567E-13   0.383146E-09   0.162955E-07   0.125509E-07   0.272131E-09   0.481104E-14   0.102755E-17   0.227632E-20   0.484256E-20   0.989102E-20   0.193702E-19   0.389773E-19   0.774814E-19
   0.216667E+01   0.218750E-25   0.437500E-25   0.875000E-25   0.175000E-24   0.350000E-24   0.700000E-24   0.140000E-23   0.280000E-23   0.560000E-23   0.112000E-22   0.224000E-22   0.448000E-22   0.411424E-19   0.220960E-12   0.348798E-08   0.149072E-06   0.119400E-06   0.732162E-08   0.163176E-12   0.427930E-16   0.198730E-19   0.458749E-19   0.938583E-19   0.183499E-18   0.369373E-18   0.734003E-18
   0.216667E+01   0.911102E-40   0.163540E-35   0.327075E-35   0.764071E-39   0.145761E-38   0.131655E-38   0.441986E-38   0.470198E-38   0.105324E-37   0.210697E-37   0.837321E-33   0.167464E-32   0.683951E-34   0.367324E-27   0.510261E-23   0.247404E-21   0.384820E-23   0.293414E-23   0.331839E-27   0.403592E-31   0.203611E-31   0.171479E-29   0.279454E-33   0.685922E-29   0.766190E-33   0.274369E-28
   0.216667E+01   0.103723E-37   0.163549E-35   0.327077E-35   0.509929E-37   0.833896E-37   0.136075E-36   0.218924E-36   0.354905E-36   0.570632E-36   0.917074E-36   0.837357E-33   0.167464E-32   0.173450E-32   0.489276E-26   0.681894E-22   0.212768E-20   0.155570E-20   0.942834E-22   0.211547E-26   0.607041E-30   0.203587E-31   0.171479E-29   0.670745E-33   0.685919E-29   0.165524E-32   0.274371E-28
   0.216667E+01   0.379097E-39   0.163547E-35   0.327079E-35   0.208063E-38   0.322085E-38   0.611257E-38   0.874568E-38   0.174914E-37   0.221933E-37   0.466436E-37   0.837357E-33   0.167463E-32   0.683951E-34   0.367324E-27   0.579842E-23   0.247404E-21   0.296997E-21   0.180741E-22   0.442452E-27   0.111271E-30   0.203564E-31   0.171479E-29   0.311536E-33   0.685925E-29   0.811115E-33   0.274368E-28
   0.216667E+01   0.367357E-37   0.163550E-35   0.327078E-35   0.186140E-36   0.306357E-36   0.501137E-36   0.815229E-36   0.132013E-35   0.213094E-35   0.341627E-35   0.837357E-33   0.167463E-32   0.646744E-32   0.184103E-25   0.230777E-21   0.808517E-20   0.518330E-20   0.319481E-21   0.804710E-26   0.208507E-29   0.203412E-31   0.429742E-31   0.163425E-32   0.171872E-30   0.393843E-32   0.687393E-30
   0.216667E+01   0.335022E-35   0.163547E-35   0.327078E-35   0.172535E-34   0.284953E-34   0.467046E-34   0.760734E-34   0.123276E-33   0.198940E-33   0.319140E-33   0.210137E-34   0.419732E-34   0.600429E-30   0.170813E-23   0.215040E-19   0.731326E-18   0.472599E-18   0.293114E-19   0.736586E-24   0.190829E-27   0.216328E-31   0.429588E-31   0.137125E-30   0.171798E-30   0.338591E-30   0.687245E-30
   0.216667E+01   0.326193E-33   0.411071E-37   0.820436E-37   0.162239E-32   0.266017E-32   0.433506E-32   0.702867E-32   0.113484E-31   0.182604E-31   0.292257E-31   0.210543E-34   0.420123E-34   0.547377E-28   0.155680E-21   0.195807E-17   0.665344E-16   0.429587E-16   0.266392E-17   0.669276E-22   0.173287E-25   0.139229E-30   0.432977E-31   0.124365E-28   0.172538E-30   0.306851E-28   0.688576E-30
   0.216667E+01   0.143263E-38   0.163548E-35   0.327078E-35   0.708823E-38   0.124602E-37   0.201715E-37   0.309390E-37   0.526621E-37   0.932872E-37   0.147454E-36   0.837359E-33   0.167465E-32   0.322825E-33   0.822806E-27   0.115968E-22   0.524497E-21   0.417209E-21   0.268657E-22   0.331839E-27   0.159111E-30   0.203522E-31   0.171480E-29   0.331910E-33   0.685921E-29   0.925691E-33   0.274368E-28
   0.216667E+01   0.128195E-36   0.163549E-35   0.327078E-35   0.659699E-36   0.108935E-35   0.178543E-35   0.290855E-35   0.471364E-35   0.760930E-35   0.122116E-34   0.837351E-33   0.167464E-32   0.229999E-31   0.656775E-25   0.822911E-21   0.280952E-19   0.180390E-19   0.112597E-20   0.293263E-25   0.737404E-29   0.203774E-31   0.429434E-31   0.538649E-32   0.171835E-30   0.133964E-31   0.687442E-30
   0.216667E+01   0.112792E-34   0.410542E-37   0.819848E-37   0.590116E-34   0.977808E-34   0.160684E-33   0.262265E-33   0.425699E-33   0.687871E-33   0.110462E-32   0.210182E-34   0.419552E-34   0.208238E-29   0.592373E-23   0.746036E-19   0.253766E-17   0.164006E-17   0.101755E-18   0.255730E-23   0.662687E-27   0.248671E-31   0.429803E-31   0.476014E-30   0.171860E-30   0.117505E-29   0.687295E-30
   0.216667E+01   0.960849E-33   0.412158E-37   0.822552E-37   0.511255E-32   0.850107E-32   0.140088E-31   0.229157E-31   0.372614E-31   0.602937E-31   0.969308E-31   0.211055E-34   0.421387E-34   0.183117E-27   0.520930E-21   0.656331E-17   0.223324E-15   0.144371E-15   0.895885E-17   0.225181E-21   0.583693E-25   0.420936E-30   0.440835E-31   0.419276E-28   0.173980E-30   0.103481E-27   0.692176E-30
   0.216667E+01   0.785963E-31   0.533263E-37   0.107740E-36   0.421466E-30   0.701834E-30   0.115777E-29   0.189536E-29   0.308364E-29   0.499182E-29   0.802803E-29   0.287069E-34   0.574168E-34   0.151737E-25   0.431661E-19   0.543914E-15   0.185090E-13   0.119495E-13   0.741039E-15   0.185386E-19   0.479894E-23   0.346956E-28   0.140170E-30   0.347576E-26   0.360371E-30   0.857829E-26   0.111274E-29
   0.216667E+01   0.593122E-30   0.317557E-36   0.650324E-36   0.264157E-29   0.423354E-29   0.677084E-29   0.108111E-28   0.172397E-28   0.274625E-28   0.436175E-28   0.178266E-33   0.357546E-33   0.803666E-25   0.228450E-18   0.286413E-14   0.970847E-13   0.617346E-13   0.383276E-14   0.966814E-19   0.249961E-22   0.205486E-27   0.204743E-29   0.179945E-25   0.404117E-29   0.443560E-25   0.935524E-29
   0.216667E+01   0.371309E-38   0.163549E-35   0.327078E-35   0.191370E-37   0.316913E-37   0.512986E-37   0.864223E-37   0.138050E-36   0.215162E-36   0.346098E-36   0.837357E-33   0.167463E-32   0.705837E-33   0.227741E-26   0.259769E-22   0.831278E-21   0.770777E-21   0.454282E-22   0.774291E-27   0.300964E-30   0.203404E-31   0.171480E-29   0.390596E-33   0.685919E-29   0.113461E-32   0.274371E-28
   0.216667E+01   0.325176E-36   0.163548E-35   0.327078E-35   0.169960E-35   0.281566E-35   0.462656E-35   0.755053E-35   0.122566E-34   0.198062E-34   0.318064E-34   0.837365E-33   0.167464E-32   0.600071E-31   0.170938E-24   0.215376E-20   0.733801E-19   0.474699E-19   0.294212E-20   0.739310E-25   0.191120E-28   0.204579E-31   0.429742E-31   0.138355E-31   0.171810E-30   0.338055E-31   0.686999E-30
   0.216667E+01   0.370967E-34   0.410689E-37   0.819613E-37   0.197173E-33   0.327782E-33   0.540051E-33   0.883292E-33   0.143609E-32   0.232357E-32   0.373521E-32   0.210167E-34   0.419582E-34   0.705546E-29   0.200716E-22   0.252879E-18   0.860430E-17   0.556233E-17   0.345163E-18   0.867567E-23   0.224878E-26   0.357583E-31   0.430019E-31   0.161543E-29   0.171934E-30   0.398721E-29   0.687640E-30
   0.216667E+01   0.309906E-32   0.414744E-37   0.827900E-37   0.167510E-31   0.279442E-31   0.461683E-31   0.756778E-31   0.123255E-30   0.199702E-30   0.321382E-30   0.212725E-34   0.424667E-34   0.608351E-27   0.173072E-20   0.218144E-16   0.742495E-15   0.480117E-15   0.297929E-16   0.748244E-21   0.194009E-24   0.135383E-29   0.466226E-31   0.139540E-27   0.178713E-30   0.344424E-27   0.702135E-30
   0.216667E+01   0.235536E-30   0.739063E-37   0.151398E-36   0.126153E-29   0.209958E-29   0.346141E-29   0.566311E-29   0.920838E-29   0.148991E-28   0.239530E-28   0.420395E-34   0.842895E-34   0.452279E-25   0.128659E-18   0.162085E-14   0.551485E-13   0.355341E-13   0.219722E-14   0.551813E-19   0.142793E-22   0.110248E-27   0.351482E-30   0.103506E-25   0.751570E-30   0.255430E-25   0.193148E-29
   0.216667E+01   0.799725E-30   0.673479E-36   0.142688E-35   0.354087E-29   0.566453E-29   0.904482E-29   0.144218E-28   0.229703E-28   0.365553E-28   0.580142E-28   0.435445E-33   0.877219E-33   0.106716E-24   0.303340E-18   0.380175E-14   0.128832E-12   0.819404E-13   0.507545E-14   0.128330E-18   0.331754E-22   0.269536E-27   0.630144E-29   0.238573E-25   0.118759E-28   0.588051E-25   0.256095E-28
   0.216667E+01   0.957303E-30   0.506833E-34   0.104786E-33   0.403145E-29   0.638765E-29   0.101237E-28   0.160486E-28   0.254455E-28   0.403503E-28   0.638565E-28   0.294540E-31   0.591533E-31   0.116839E-24   0.332073E-18   0.415745E-14   0.140765E-12   0.896667E-13   0.555619E-14   0.140325E-18   0.362786E-22   0.291621E-27   0.745625E-28   0.259980E-25   0.185995E-27   0.640732E-25   0.473808E-27
   0.216667E+01   0.455504E-40   0.163548E-35   0.327079E-35   0.364403E-39   0.658277E-39   0.131655E-38   0.263311E-38   0.470198E-38   0.105324E-37   0.210649E-37   0.837362E-33   0.167464E-32   0.683951E-34   0.367324E-27   0.510261E-23   0.247404E-21   0.160029E-23   0.151427E-22   0.331839E-27   0.981711E-31   0.203222E-31   0.429434E-31   0.217857E-33   0.685916E-29   0.650175E-33   0.274369E-28
   0.216667E+01   0.102682E-35   0.163548E-35   0.327074E-35   0.545187E-35   0.906142E-35   0.149271E-34   0.244116E-34   0.396860E-34   0.642076E-34   0.103210E-33   0.210167E-34   0.419552E-34   0.194981E-30   0.554939E-24   0.699289E-20   0.237953E-18   0.153880E-18   0.955072E-20   0.239920E-24   0.622174E-28   0.207451E-31   0.429680E-31   0.447872E-31   0.171847E-30   0.110726E-30   0.687344E-30
   0.216667E+01   0.901414E-34   0.410689E-37   0.820025E-37   0.486731E-33   0.811801E-33   0.134101E-32   0.219787E-32   0.357929E-32   0.579883E-32   0.933153E-32   0.210242E-34   0.419732E-34   0.176619E-28   0.502472E-22   0.633315E-18   0.215558E-16   0.139388E-16   0.865092E-18   0.217464E-22   0.563831E-26   0.590326E-31   0.430728E-31   0.405096E-29   0.172020E-30   0.999918E-29   0.687590E-30
   0.216667E+01   0.742327E-32   0.422444E-37   0.845063E-37   0.407259E-31   0.681484E-31   0.112866E-30   0.185365E-30   0.302362E-30   0.490489E-30   0.790112E-30   0.218097E-34   0.435471E-34   0.149838E-26   0.426302E-20   0.537519E-16   0.183009E-14   0.118352E-14   0.734104E-16   0.183959E-20   0.476750E-24   0.332060E-29   0.524805E-31   0.344260E-27   0.189695E-30   0.849780E-27   0.724272E-30
   0.216667E+01   0.614029E-30   0.159638E-36   0.337114E-36   0.321822E-29   0.532911E-29   0.874789E-29   0.142604E-28   0.231180E-28   0.373125E-28   0.598712E-28   0.101772E-33   0.204955E-33   0.112581E-24   0.320215E-18   0.403074E-14   0.137057E-12   0.879901E-13   0.544825E-14   0.136964E-18   0.354320E-22   0.285155E-27   0.104583E-29   0.256675E-25   0.204094E-29   0.633270E-25   0.453782E-29
   0.216667E+01   0.993169E-30   0.247872E-35   0.535869E-35   0.427925E-29   0.680991E-29   0.108292E-28   0.172115E-28   0.273444E-28   0.434299E-28   0.688169E-28   0.172298E-32   0.348029E-32   0.126207E-24   0.358717E-18   0.449311E-14   0.152187E-12   0.968456E-13   0.600802E-14   0.151644E-18   0.392044E-22   0.316228E-27   0.213730E-28   0.281398E-25   0.401720E-28   0.693556E-25   0.825500E-28
   0.216667E+01   0.105757E-29   0.207349E-33   0.436905E-33   0.445208E-29   0.705353E-29   0.111783E-28   0.177194E-28   0.280935E-28   0.445480E-28   0.704975E-28   0.126976E-30   0.249779E-30   0.128985E-24   0.366590E-18   0.458956E-14   0.155394E-12   0.989836E-13   0.614145E-14   0.154910E-18   0.400506E-22   0.321687E-27   0.869137E-28   0.286991E-25   0.221130E-27   0.707302E-25   0.570435E-27
   0.216667E+01   0.455504E-40   0.163547E-35   0.327078E-35   0.364403E-39   0.658277E-39   0.131655E-38   0.263311E-38   0.470198E-38   0.105324E-37   0.210649E-37   0.837348E-33   0.167463E-32   0.683951E-34   0.367324E-27   0.510261E-23   0.247404E-21   0.164027E-23   0.151426E-22   0.304186E-27   0.976319E-31   0.203195E-31   0.429619E-31   0.175663E-33   0.171761E-30   0.768019E-33   0.687295E-30
   0.216667E+01   0.280502E-38   0.163547E-35   0.819378E-37   0.151874E-37   0.246854E-37   0.428350E-37   0.669562E-37   0.113412E-36   0.179051E-36   0.289642E-36   0.210122E-34   0.419642E-34   0.601877E-33   0.164561E-26   0.194827E-22   0.831278E-21   0.643492E-21   0.405433E-22   0.649851E-27   0.259863E-30   0.203221E-31   0.429588E-31   0.294425E-33   0.171798E-30   0.966039E-33   0.687147E-30
   0.216667E+01   0.292691E-36   0.410571E-37   0.819437E-37   0.160573E-35   0.268711E-35   0.445075E-35   0.731054E-35   0.119257E-34   0.193481E-34   0.311685E-34   0.210182E-34   0.419491E-34   0.591864E-31   0.168558E-24   0.212779E-20   0.724993E-19   0.469255E-19   0.289656E-20   0.731981E-25   0.189885E-28   0.204524E-31   0.429495E-31   0.137785E-31   0.171872E-30   0.337974E-31   0.687097E-30
   0.216667E+01   0.223842E-31   0.491034E-37   0.996525E-37   0.124427E-30   0.208765E-30   0.346478E-30   0.569967E-30   0.930915E-30   0.151166E-29   0.243707E-29   0.270623E-34   0.540073E-34   0.462871E-26   0.131696E-19   0.166104E-15   0.565671E-14   0.365686E-14   0.227881E-15   0.567455E-20   0.146979E-23   0.103544E-28   0.752310E-31   0.106491E-26   0.232034E-30   0.262877E-26   0.808237E-30
   0.216667E+01   0.103959E-29   0.645896E-36   0.141977E-35   0.522960E-29   0.857960E-29   0.139761E-28   0.226407E-28   0.365175E-28   0.586973E-28   0.938748E-28   0.486194E-33   0.970476E-33   0.175374E-24   0.498723E-18   0.626947E-14   0.212960E-12   0.136281E-12   0.857096E-14   0.212661E-18   0.550217E-22   0.441393E-27   0.254732E-29   0.397455E-25   0.482097E-29   0.980336E-25   0.993708E-29
   0.216667E+01   0.947466E-31   0.154155E-35   0.342161E-35   0.402645E-30   0.639071E-30   0.101418E-29   0.160935E-29   0.255367E-29   0.405196E-29   0.641557E-29   0.120560E-32   0.240785E-32   0.117491E-25   0.333934E-19   0.418150E-15   0.141600E-13   0.900884E-14   0.567291E-15   0.141111E-19   0.364957E-23   0.311008E-28   0.592089E-29   0.261659E-26   0.132723E-28   0.644897E-26   0.302895E-28
   0.216667E+01   0.110089E-29   0.149557E-32   0.319965E-32   0.463397E-29   0.734146E-29   0.116343E-28   0.184419E-28   0.292386E-28   0.463633E-28   0.733694E-28   0.429033E-30   0.715459E-30   0.134237E-24   0.381518E-18   0.477643E-14   0.161720E-12   0.102931E-12   0.648180E-14   0.161190E-18   0.416897E-22   0.334632E-27   0.917974E-28   0.298674E-25   0.234980E-27   0.736094E-25   0.609194E-27
   0.216667E+01   0.585155E-34   0.163553E-35   0.327108E-35   0.315277E-33   0.525602E-33   0.867930E-33   0.142210E-32   0.231540E-32   0.375052E-32   0.603450E-32   0.210573E-34   0.421116E-34   0.114184E-28   0.324846E-22   0.409414E-18   0.139344E-16   0.901011E-17   0.559188E-18   0.140563E-22   0.364435E-26   0.453594E-31   0.430543E-31   0.261834E-29   0.171995E-30   0.646295E-29   0.687492E-30
   0.216667E+01   0.116672E-33   0.412834E-37   0.826725E-37   0.639312E-33   0.106954E-32   0.177107E-32   0.290834E-32   0.474359E-32   0.769452E-32   0.123941E-31   0.211100E-34   0.422049E-34   0.235026E-28   0.668671E-22   0.843106E-18   0.287049E-16   0.185666E-16   0.115249E-17   0.289736E-22   0.751399E-26   0.719516E-31   0.431283E-31   0.539961E-29   0.172131E-30   0.133289E-28   0.687788E-30
   0.216667E+01   0.683810E-32   0.543431E-37   0.112172E-36   0.381072E-31   0.639755E-31   0.106234E-30   0.174837E-30   0.285668E-30   0.464029E-30   0.748278E-30   0.268171E-34   0.523100E-34   0.142200E-26   0.404594E-20   0.510359E-16   0.173819E-14   0.112462E-14   0.698211E-16   0.175543E-20   0.455388E-24   0.314998E-29   0.534419E-31   0.327321E-27   0.191458E-30   0.808033E-27   0.725899E-30
   0.216667E+01   0.231604E-27   0.461940E-33   0.105034E-32   0.130106E-26   0.218726E-26   0.363557E-26   0.598751E-26   0.978788E-26   0.159048E-25   0.256550E-25   0.206092E-30   0.365478E-30   0.487734E-22   0.138773E-15   0.175063E-11   0.596274E-10   0.385526E-10   0.238653E-11   0.597961E-16   0.154777E-19   0.111674E-24   0.373259E-27   0.112304E-22   0.695759E-27   0.277233E-22   0.135785E-26
   0.216667E+01   0.134768E-27   0.892883E-33   0.207037E-32   0.643017E-27   0.104291E-26   0.168330E-26   0.270682E-26   0.434014E-26   0.694338E-26   0.110626E-25   0.434514E-30   0.772429E-30   0.205168E-22   0.583339E-16   0.732245E-12   0.248435E-10   0.159097E-10   0.984796E-12   0.248195E-16   0.641842E-20   0.506472E-25   0.655947E-27   0.461917E-23   0.126353E-26   0.113907E-22   0.257091E-26
   0.216667E+01   0.387924E-29   0.156241E-32   0.372032E-32   0.165067E-28   0.261777E-28   0.415175E-28   0.658504E-28   0.104451E-27   0.165688E-27   0.262216E-27   0.744790E-30   0.127851E-29   0.480121E-24   0.136463E-17   0.170862E-13   0.578518E-12   0.370652E-12   0.229510E-13   0.578151E-18   0.149512E-21   0.117456E-26   0.253849E-27   0.106875E-24   0.618671E-27   0.263443E-24   0.151251E-26
   0.216667E+01   0.613719E-27   0.348979E-29   0.562284E-29   0.261865E-26   0.414950E-26   0.657700E-26   0.104268E-25   0.165330E-25   0.262186E-25   0.414730E-25   0.232580E-27   0.369292E-27   0.759281E-22   0.215813E-15   0.270192E-11   0.914713E-10   0.589867E-10   0.365395E-11   0.916702E-16   0.237146E-19   0.182398E-24   0.376182E-25   0.168959E-22   0.936780E-25   0.416541E-22   0.232588E-24
   0.216667E+01   0.000000E+00   0.000000E+00   0.000000E+00   0.000000E+00   0.000000E+00   0.000000E+00   0.000000E+00   0.000000E+00   0.000000E+00   0.000000E+00   0.000000E+00   0.000000E+00   0.000000E+00   0.000000E+00   0.000000E+00   0.000000E+00   0.000000E+00   0.000000E+00   0.000000E+00   0.000000E+00   0.000000E+00   0.000000E+00   0.000000E+00   0.000000E+00   0.000000E+00   0.000000E+00
   0.216667E+01   0.239635E-26   0.461857E-26   0.923700E-26   0.188789E-25   0.376024E-25   0.749500E-25   0.149484E-24   0.298295E-24   0.595499E-24   0.118923E-23   0.236457E-23   0.472912E-23   0.435590E-20   0.233613E-13   0.368653E-09   0.157517E-07   0.126139E-07   0.773496E-09   0.172405E-13   0.452129E-17   0.209783E-20   0.484256E-20   0.991061E-20   0.193702E-19   0.389982E-19   0.774814E-19
   0.233333E+01   0.218750E-25   0.437500E-25   0.875000E-25   0.175000E-24   0.350000E-24   0.700000E-24   0.140000E-23   0.280000E-23   0.560000E-23   0.112000E-22   0.224000E-22   0.448000E-22   0.391647E-19   0.211134E-12   0.335717E-08   0.144148E-06   0.121917E-06   0.985985E-08   0.284220E-12   0.804075E-16   0.145658E-19   0.458749E-19   0.940419E-19   0.183499E-18   0.369554E-18   0.734003E-18
   0.233333E+01   0.145467E-39   0.924055E-40   0.327075E-35   0.764071E-39   0.145761E-38   0.277417E-38   0.441986E-38   0.470198E-38   0.105324E-37   0.210649E-37   0.427638E-37   0.167464E-32   0.651075E-34   0.350989E-27   0.491124E-23   0.239209E-21   0.230578E-21   0.191936E-22   0.750965E-25   0.160917E-30   0.175561E-31   0.171477E-29   0.264139E-33   0.685917E-29   0.841770E-33   0.274369E-28
   0.233333E+01   0.152682E-37   0.232286E-38   0.327077E-35   0.757724E-37   0.124861E-36   0.203455E-36   0.329609E-36   0.525493E-36   0.861402E-36   0.135643E-35   0.253388E-36   0.167464E-32   0.245325E-32   0.730057E-26   0.888489E-22   0.303317E-20   0.207520E-20   0.170783E-21   0.540020E-26   0.158970E-29   0.175703E-31   0.171480E-29   0.856180E-33   0.685916E-29   0.212736E-32   0.274370E-28
   0.233333E+01   0.565707E-39   0.109944E-39   0.327079E-35   0.299751E-38   0.498410E-38   0.804038E-38   0.156106E-37   0.238860E-37   0.353589E-37   0.722224E-37   0.427155E-37   0.167463E-32   0.145841E-33   0.350989E-27   0.558096E-23   0.239209E-21   0.295428E-21   0.238253E-22   0.723241E-28   0.240033E-30   0.175536E-31   0.171480E-29   0.296056E-33   0.685919E-29   0.787565E-33   0.274371E-28
   0.233333E+01   0.541139E-37   0.837656E-38   0.327078E-35   0.278839E-36   0.459360E-36   0.751705E-36   0.122233E-35   0.197916E-35   0.319434E-35   0.512403E-35   0.960517E-36   0.167463E-32   0.919838E-32   0.265488E-25   0.333741E-21   0.114533E-19   0.779641E-20   0.642726E-21   0.211910E-25   0.585531E-29   0.175875E-31   0.429618E-31   0.235641E-32   0.171810E-30   0.577256E-32   0.687048E-30
   0.233333E+01   0.494213E-35   0.759550E-36   0.327078E-35   0.258864E-34   0.427766E-34   0.701458E-34   0.114300E-33   0.185288E-33   0.299094E-33   0.479666E-33   0.851051E-34   0.419732E-34   0.859921E-30   0.245521E-23   0.311373E-19   0.106379E-17   0.723819E-18   0.594291E-19   0.192030E-23   0.536380E-27   0.228758E-31   0.429772E-31   0.206653E-30   0.171761E-30   0.509748E-30   0.687245E-30
   0.233333E+01   0.481310E-33   0.729709E-34   0.820436E-37   0.243519E-32   0.399520E-32   0.651391E-32   0.105658E-31   0.170655E-31   0.274676E-31   0.439490E-31   0.777863E-32   0.420304E-34   0.784356E-28   0.223895E-21   0.283694E-17   0.968497E-16   0.658505E-16   0.540404E-17   0.174607E-21   0.487400E-25   0.503588E-30   0.434302E-31   0.187569E-28   0.172796E-30   0.462349E-28   0.689464E-30
   0.233333E+01   0.212177E-38   0.341912E-39   0.327078E-35   0.108028E-37   0.175384E-37   0.301867E-37   0.494648E-37   0.742912E-37   0.122628E-36   0.203878E-36   0.486357E-37   0.167464E-32   0.388041E-33   0.122144E-26   0.174126E-22   0.507123E-21   0.461155E-21   0.410363E-22   0.675025E-27   0.414477E-30   0.175513E-31   0.171480E-29   0.366144E-33   0.685915E-29   0.951567E-33   0.274370E-28
   0.233333E+01   0.188770E-36   0.291033E-37   0.327078E-35   0.987827E-36   0.163210E-35   0.267627E-35   0.436137E-35   0.706971E-35   0.114134E-34   0.183091E-34   0.329711E-35   0.167465E-32   0.328558E-31   0.940510E-25   0.118607E-20   0.405699E-19   0.276837E-19   0.226235E-20   0.731288E-25   0.206130E-28   0.177331E-31   0.429526E-31   0.803557E-32   0.171835E-30   0.200138E-31   0.687245E-30
   0.233333E+01   0.166230E-34   0.257011E-35   0.819848E-37   0.884477E-34   0.146635E-33   0.241080E-33   0.393645E-33   0.639167E-33   0.103310E-32   0.165853E-32   0.294372E-33   0.419672E-34   0.297922E-29   0.850587E-23   0.107918E-18   0.368804E-17   0.250999E-17   0.206087E-18   0.666107E-23   0.186094E-26   0.360882E-31   0.429680E-31   0.716776E-30   0.171896E-30   0.176731E-29   0.687295E-30
   0.233333E+01   0.141660E-32   0.220447E-33   0.823198E-37   0.766502E-32   0.127520E-31   0.210236E-31   0.344042E-31   0.559609E-31   0.905773E-31   0.145573E-30   0.258559E-31   0.421718E-34   0.262053E-27   0.748207E-21   0.949675E-17   0.324652E-15   0.221014E-15   0.181500E-16   0.586681E-21   0.163954E-24   0.165314E-29   0.445827E-31   0.631533E-28   0.174818E-30   0.155718E-27   0.693655E-30
   0.233333E+01   0.115234E-30   0.184673E-31   0.112207E-36   0.627150E-30   0.104447E-29   0.172321E-29   0.282133E-29   0.459059E-29   0.743190E-29   0.119471E-28   0.219305E-29   0.600890E-34   0.215096E-25   0.614130E-19   0.779525E-15   0.266497E-13   0.181128E-13   0.148828E-14   0.478426E-19   0.133514E-22   0.138150E-27   0.182568E-30   0.518440E-26   0.433106E-30   0.127825E-25   0.123950E-29
   0.233333E+01   0.815718E-30   0.155593E-30   0.768808E-36   0.365220E-29   0.584618E-29   0.934088E-29   0.149029E-28   0.237496E-28   0.378134E-28   0.600096E-28   0.138737E-28   0.423343E-33   0.105212E-24   0.300152E-18   0.379001E-14   0.129046E-12   0.862538E-13   0.721257E-14   0.230210E-18   0.641984E-22   0.667351E-27   0.301025E-29   0.247668E-25   0.570222E-29   0.609847E-25   0.123009E-28
   0.233333E+01   0.535291E-38   0.879404E-39   0.327075E-35   0.280591E-37   0.462204E-37   0.752316E-37   0.124790E-36   0.202373E-36   0.325001E-36   0.524365E-36   0.122211E-36   0.167464E-32   0.945361E-33   0.265348E-26   0.412991E-22   0.139698E-20   0.915105E-21   0.761177E-22   0.212151E-26   0.781836E-30   0.175500E-31   0.171479E-29   0.461865E-33   0.685923E-29   0.130894E-32   0.274371E-28
   0.233333E+01   0.471090E-36   0.729313E-37   0.327079E-35   0.250401E-35   0.415055E-35   0.682290E-35   0.111393E-34   0.180868E-34   0.292346E-34   0.469325E-34   0.837660E-35   0.167463E-32   0.843454E-31   0.241045E-24   0.305770E-20   0.104563E-18   0.712269E-19   0.584718E-20   0.189031E-24   0.527063E-28   0.180533E-31   0.429742E-31   0.204460E-31   0.171835E-30   0.500073E-31   0.687147E-30
   0.233333E+01   0.546273E-34   0.849775E-35   0.819672E-37   0.295261E-33   0.491105E-33   0.809518E-33   0.132455E-32   0.215423E-32   0.348649E-32   0.560300E-32   0.995190E-33   0.419491E-34   0.100848E-28   0.287941E-22   0.365466E-18   0.124935E-16   0.850506E-17   0.698445E-18   0.225773E-22   0.630925E-26   0.804642E-31   0.430173E-31   0.243026E-29   0.171921E-30   0.599258E-29   0.687590E-30
   0.233333E+01   0.456502E-32   0.714797E-33   0.829722E-37   0.250882E-31   0.418731E-31   0.692114E-31   0.113492E-30   0.184902E-30   0.299665E-30   0.482106E-30   0.857319E-31   0.425420E-34   0.869571E-27   0.248291E-20   0.315272E-16   0.107812E-14   0.734119E-15   0.602807E-16   0.194626E-20   0.544004E-24   0.545640E-29   0.482157E-31   0.209933E-27   0.181449E-30   0.517669E-27   0.706917E-30
   0.233333E+01   0.341303E-30   0.562609E-31   0.163147E-36   0.184980E-29   0.307716E-29   0.507114E-29   0.829418E-29   0.134832E-28   0.218115E-28   0.350437E-28   0.666902E-29   0.914606E-34   0.629988E-25   0.179860E-18   0.228233E-14   0.780095E-13   0.529157E-13   0.431392E-14   0.139902E-18   0.390212E-22   0.406799E-27   0.486878E-30   0.151640E-25   0.980128E-30   0.373833E-25   0.231604E-29
   0.233333E+01   0.107371E-29   0.205688E-30   0.170853E-35   0.477808E-29   0.763337E-29   0.121754E-28   0.193966E-28   0.308727E-28   0.491043E-28   0.778622E-28   0.178485E-28   0.105220E-32   0.136285E-24   0.388784E-18   0.490747E-14   0.167047E-12   0.111878E-12   0.914961E-14   0.298204E-18   0.830982E-22   0.861013E-27   0.936561E-29   0.320304E-25   0.170787E-28   0.788677E-25   0.344991E-28
   0.233333E+01   0.124722E-29   0.227062E-30   0.127294E-33   0.530984E-29   0.840920E-29   0.133224E-28   0.211125E-28   0.334657E-28   0.530572E-28   0.839122E-28   0.186011E-28   0.718854E-31   0.146174E-24   0.416948E-18   0.525794E-14   0.178837E-12   0.119953E-12   0.981742E-14   0.319494E-18   0.890387E-22   0.919874E-27   0.911337E-28   0.342087E-25   0.226905E-27   0.842219E-25   0.571806E-27
   0.233333E+01   0.455504E-40   0.915186E-40   0.327076E-35   0.364403E-39   0.658277E-39   0.131655E-38   0.263311E-38   0.470198E-38   0.105324E-37   0.210649E-37   0.408043E-37   0.167463E-32   0.651075E-34   0.350989E-27   0.491124E-23   0.239209E-21   0.187344E-21   0.205758E-22   0.750965E-25   0.223183E-30   0.175295E-31   0.429526E-31   0.182512E-33   0.171810E-30   0.749825E-33   0.274370E-28
   0.233333E+01   0.148238E-35   0.230632E-36   0.327076E-35   0.800373E-35   0.133098E-34   0.219360E-34   0.358871E-34   0.583623E-34   0.944469E-34   0.151777E-33   0.270052E-34   0.419552E-34   0.273196E-30   0.780206E-24   0.990419E-20   0.338605E-18   0.230563E-18   0.189380E-19   0.611910E-24   0.171000E-27   0.192314E-31   0.429742E-31   0.659941E-31   0.171835E-30   0.162849E-30   0.687196E-30
   0.233333E+01   0.130606E-33   0.204432E-34   0.819848E-37   0.717104E-33   0.119665E-32   0.197764E-32   0.324256E-32   0.528235E-32   0.856037E-32   0.137713E-31   0.244812E-32   0.419642E-34   0.248370E-28   0.709178E-22   0.900477E-18   0.307926E-16   0.209684E-16   0.172222E-17   0.556771E-22   0.155632E-25   0.172805E-30   0.431344E-31   0.599583E-29   0.172081E-30   0.147854E-28   0.688034E-30
   0.233333E+01   0.107542E-31   0.169691E-32   0.850705E-37   0.599698E-31   0.100394E-30   0.166336E-30   0.273274E-30   0.445887E-30   0.723492E-30   0.116508E-29   0.208118E-30   0.439262E-34   0.210524E-26   0.601144E-20   0.763590E-16   0.261196E-14   0.177875E-14   0.145980E-15   0.470384E-20   0.131395E-23   0.132583E-28   0.565881E-31   0.509076E-27   0.196647E-30   0.125539E-26   0.736204E-30
   0.233333E+01   0.868334E-30   0.149027E-30   0.401120E-36   0.458299E-29   0.757889E-29   0.124273E-28   0.202404E-28   0.327889E-28   0.528905E-28   0.847919E-28   0.170746E-28   0.247172E-33   0.151704E-24   0.433042E-18   0.548987E-14   0.187507E-12   0.126707E-12   0.103348E-13   0.335807E-18   0.936325E-22   0.974573E-27   0.148562E-29   0.363580E-25   0.278947E-29   0.896075E-25   0.582351E-29
   0.233333E+01   0.131029E-29   0.245045E-30   0.698342E-35   0.569033E-29   0.904685E-29   0.143754E-28   0.228339E-28   0.362593E-28   0.575667E-28   0.911476E-28   0.204973E-28   0.456878E-32   0.159103E-24   0.453848E-18   0.572562E-14   0.194809E-12   0.130554E-12   0.106844E-13   0.347889E-18   0.969477E-22   0.100252E-26   0.314882E-28   0.373021E-25   0.584272E-28   0.918419E-25   0.114803E-27
   0.233333E+01   0.137736E-29   0.250644E-30   0.576324E-33   0.586210E-29   0.928312E-29   0.147061E-28   0.233041E-28   0.369384E-28   0.585611E-28   0.926146E-28   0.206232E-28   0.327542E-30   0.161327E-24   0.460170E-18   0.580294E-14   0.197372E-12   0.132391E-12   0.108374E-13   0.352615E-18   0.982700E-22   0.101506E-26   0.105086E-27   0.377535E-25   0.266357E-27   0.929490E-25   0.681952E-27
   0.233333E+01   0.455504E-40   0.912440E-40   0.327076E-35   0.364403E-39   0.658277E-39   0.131655E-38   0.263311E-38   0.470198E-38   0.105324E-37   0.210649E-37   0.421947E-37   0.167464E-32   0.651075E-34   0.350989E-27   0.491124E-23   0.239209E-21   0.201755E-21   0.205182E-22   0.361621E-27   0.194692E-30   0.175265E-31   0.429495E-31   0.194682E-33   0.171786E-30   0.718739E-33   0.687245E-30
   0.233333E+01   0.403929E-38   0.714116E-39   0.819672E-37   0.221346E-37   0.365344E-37   0.613608E-37   0.996819E-37   0.160808E-36   0.273467E-36   0.437096E-36   0.130904E-36   0.419461E-34   0.854210E-33   0.248500E-26   0.325928E-22   0.110036E-20   0.807022E-21   0.655264E-22   0.166345E-26   0.643997E-30   0.175354E-31   0.429711E-31   0.382466E-33   0.171823E-30   0.121404E-32   0.687245E-30
   0.233333E+01   0.426461E-36   0.672912E-37   0.819554E-37   0.237867E-35   0.398258E-35   0.659932E-35   0.108431E-34   0.176939E-34   0.287137E-34   0.462487E-34   0.828752E-35   0.419431E-34   0.836293E-31   0.239052E-24   0.303760E-20   0.103932E-18   0.709098E-19   0.581795E-20   0.188139E-24   0.525909E-28   0.180522E-31   0.429557E-31   0.203889E-31   0.171847E-30   0.504773E-31   0.687245E-30
   0.233333E+01   0.322769E-31   0.516106E-32   0.107152E-36   0.182266E-30   0.305906E-30   0.507846E-30   0.835640E-30   0.136514E-29   0.221718E-29   0.357320E-29   0.645817E-30   0.591320E-34   0.646578E-26   0.184635E-19   0.234595E-15   0.802646E-14   0.546538E-14   0.447921E-15   0.144311E-19   0.402849E-23   0.410726E-28   0.893379E-31   0.156550E-26   0.256661E-30   0.386071E-26   0.851230E-30
   0.233333E+01   0.140116E-29   0.246111E-30   0.196789E-35   0.707340E-29   0.115824E-28   0.188385E-28   0.304799E-28   0.491125E-28   0.788793E-28   0.126017E-27   0.259457E-28   0.135314E-32   0.223924E-24   0.639076E-18   0.809068E-14   0.276036E-12   0.186128E-12   0.152201E-13   0.494114E-18   0.137752E-21   0.142439E-26   0.359611E-29   0.533319E-25   0.664460E-29   0.131405E-24   0.131114E-28
   0.233333E+01   0.123733E-30   0.226135E-31   0.510219E-35   0.530993E-30   0.842209E-30   0.133583E-29   0.211881E-29   0.336087E-29   0.533123E-29   0.843519E-29   0.186528E-29   0.360413E-32   0.147055E-25   0.419471E-19   0.529059E-15   0.179970E-13   0.120688E-13   0.988227E-15   0.321493E-19   0.895962E-23   0.938032E-28   0.781242E-29   0.344413E-26   0.179524E-28   0.847976E-26   0.410701E-28
   0.233333E+01   0.143302E-29   0.261186E-30   0.475146E-32   0.609863E-29   0.965743E-29   0.152987E-28   0.242429E-28   0.384259E-28   0.609188E-28   0.963423E-28   0.217416E-28   0.901431E-30   0.167818E-24   0.478686E-18   0.603641E-14   0.205312E-12   0.137724E-12   0.112773E-13   0.366810E-18   0.102228E-21   0.105580E-26   0.110549E-27   0.392720E-25   0.281699E-27   0.966878E-25   0.725090E-27
   0.233333E+01   0.781700E-34   0.122282E-34   0.327119E-35   0.428270E-33   0.714344E-33   0.118014E-32   0.193442E-32   0.315059E-32   0.510479E-32   0.821107E-32   0.145978E-32   0.421357E-34   0.148048E-28   0.422724E-22   0.536723E-18   0.183529E-16   0.124970E-16   0.102641E-17   0.331814E-22   0.927483E-26   0.110078E-30   0.430758E-31   0.357318E-29   0.172069E-30   0.881105E-29   0.687492E-30
   0.233333E+01   0.163675E-33   0.257713E-34   0.829311E-37   0.911907E-33   0.152635E-32   0.252864E-32   0.415399E-32   0.677751E-32   0.109968E-31   0.177080E-31   0.315088E-32   0.422711E-34   0.319968E-28   0.913663E-22   0.116056E-17   0.396980E-16   0.270399E-16   0.222122E-17   0.718160E-22   0.200794E-25   0.217916E-30   0.431899E-31   0.773730E-29   0.172303E-30   0.190809E-28   0.688182E-30
   0.233333E+01   0.919487E-32   0.145724E-32   0.128628E-36   0.520958E-31   0.875027E-31   0.145365E-30   0.239331E-30   0.391172E-30   0.635580E-30   0.102461E-29   0.182472E-30   0.558941E-34   0.185537E-26   0.529827E-20   0.673287E-16   0.230384E-14   0.156971E-14   0.128967E-15   0.416973E-20   0.116619E-23   0.116584E-28   0.569887E-31   0.449513E-27   0.197768E-30   0.110861E-26   0.737042E-30
   0.233333E+01   0.309224E-27   0.501732E-28   0.162311E-32   0.176297E-26   0.296406E-26   0.492720E-26   0.811546E-26   0.132676E-25   0.215607E-25   0.347626E-25   0.634187E-26   0.491988E-30   0.629522E-22   0.179767E-15   0.228445E-11   0.781698E-10   0.532176E-10   0.435799E-11   0.140509E-15   0.392061E-19   0.402037E-24   0.499297E-27   0.152520E-22   0.918683E-27   0.376137E-22   0.174926E-26
   0.233333E+01   0.174443E-27   0.301900E-28   0.342858E-32   0.835503E-27   0.135250E-26   0.217966E-26   0.350070E-26   0.560760E-26   0.896413E-26   0.142665E-25   0.285787E-26   0.111736E-29   0.251692E-22   0.718192E-16   0.907906E-12   0.309394E-10   0.208653E-10   0.170902E-11   0.554027E-16   0.154455E-19   0.158736E-24   0.932815E-27   0.595531E-23   0.177362E-26   0.146703E-22   0.353133E-26
   0.233333E+01   0.489343E-29   0.803679E-30   0.668846E-32   0.210607E-28   0.333813E-28   0.529183E-28   0.839024E-28   0.133046E-27   0.210996E-27   0.333690E-27   0.666844E-28   0.179004E-29   0.581694E-24   0.165932E-17   0.209265E-13   0.711768E-12   0.480115E-12   0.393424E-13   0.127479E-17   0.355396E-21   0.364865E-26   0.306856E-27   0.136182E-24   0.751348E-27   0.335342E-24   0.184073E-26
   0.233333E+01   0.745077E-27   0.107646E-27   0.646502E-29   0.322267E-26   0.510459E-26   0.808815E-26   0.128191E-25   0.203217E-25   0.322210E-25   0.509323E-25   0.889334E-26   0.419616E-27   0.887875E-22   0.253282E-15   0.319405E-11   0.108624E-09   0.737672E-10   0.605062E-11   0.195135E-15   0.544237E-19   0.555242E-24   0.427076E-25   0.207805E-22   0.106330E-24   0.511806E-22   0.263945E-24
   0.233333E+01   0.000000E+00   0.000000E+00   0.000000E+00   0.000000E+00   0.000000E+00   0.000000E+00   0.000000E+00   0.000000E+00   0.000000E+00   0.000000E+00   0.000000E+00   0.000000E+00   0.000000E+00   0.000000E+00   0.000000E+00   0.000000E+00   0.000000E+00   0.000000E+00   0.000000E+00   0.000000E+00   0.000000E+00   0.000000E+00   0.000000E+00   0.000000E+00   0.000000E+00   0.000000E+00
   0.233333E+01   0.241854E-26   0.463503E-26   0.923708E-26   0.189910E-25   0.377843E-25   0.752439E-25   0.149958E-24   0.299055E-24   0.596718E-24   0.119116E-23   0.236616E-23   0.472913E-23   0.414997E-20   0.223322E-13   0.354951E-09   0.152356E-07   0.128827E-07   0.104188E-08   0.300371E-13   0.849753E-17   0.153767E-20   0.484256E-20   0.993081E-20   0.193702E-19   0.390194E-19   0.774814E-19
   0.250000E+01   0.218750E-25   0.437500E-25   0.875000E-25   0.175000E-24   0.350000E-24   0.700000E-24   0.140000E-23   0.280000E-23   0.560000E-23   0.112000E-22   0.224000E-22   0.448000E-22   0.373099E-19   0.201881E-12   0.323323E-08   0.139464E-06   0.122850E-06   0.137339E-07   0.422939E-12   0.102639E-18   0.177023E-19   0.458749E-19   0.942231E-19   0.183499E-18   0.369736E-18   0.734003E-18
   0.250000E+01   0.186610E-39   0.101118E-39   0.327075E-35   0.119900E-38   0.232748E-38   0.277417E-38   0.441986E-38   0.105324E-37   0.248264E-37   0.210649E-37   0.427259E-37   0.167464E-32   0.620240E-34   0.335608E-27   0.472994E-23   0.231416E-21   0.232977E-21   0.305006E-23   0.000000E+00   0.162388E-32   0.193433E-31   0.171477E-29   0.261670E-33   0.685917E-29   0.768770E-33   0.274370E-28
   0.250000E+01   0.210781E-37   0.941550E-39   0.327077E-35   0.111084E-36   0.181990E-36   0.296366E-36   0.480824E-36   0.777143E-36   0.124283E-35   0.198837E-35   0.803176E-37   0.167464E-32   0.343861E-32   0.100548E-25   0.125773E-21   0.420251E-20   0.302143E-20   0.343356E-21   0.118277E-25   0.440760E-32   0.193223E-31   0.429588E-31   0.110509E-32   0.685916E-29   0.279802E-32   0.274371E-28
   0.250000E+01   0.775826E-39   0.118656E-39   0.327079E-35   0.441986E-38   0.672383E-38   0.118490E-37   0.187139E-37   0.304688E-37   0.477721E-37   0.101563E-36   0.471915E-37   0.167463E-32   0.138934E-33   0.751761E-27   0.537493E-23   0.231416E-21   0.305783E-21   0.357973E-22   0.214403E-27   0.172395E-32   0.193391E-31   0.171480E-29   0.337311E-33   0.685923E-29   0.887901E-33   0.274369E-28
   0.250000E+01   0.746556E-37   0.310436E-38   0.327078E-35   0.406568E-36   0.669844E-36   0.109608E-35   0.178337E-35   0.288720E-35   0.465872E-35   0.745546E-35   0.295432E-36   0.167463E-32   0.127869E-31   0.365947E-25   0.471704E-21   0.160325E-19   0.115469E-19   0.127880E-20   0.458812E-25   0.123513E-31   0.193572E-31   0.429680E-31   0.335597E-32   0.171884E-30   0.825206E-32   0.687048E-30
   0.250000E+01   0.682496E-35   0.275084E-36   0.327078E-35   0.377784E-34   0.624523E-34   0.102447E-33   0.166985E-33   0.270761E-33   0.437160E-33   0.699881E-33   0.260828E-34   0.419732E-34   0.119797E-29   0.343249E-23   0.438519E-19   0.150506E-17   0.106438E-17   0.119914E-18   0.416447E-23   0.983337E-30   0.233820E-31   0.429526E-31   0.302683E-30   0.171823E-30   0.745707E-30   0.687245E-30
   0.250000E+01   0.664855E-33   0.264362E-34   0.820554E-37   0.355532E-32   0.583539E-32   0.951779E-32   0.154432E-31   0.249499E-31   0.401670E-31   0.641586E-31   0.238236E-32   0.420364E-34   0.109329E-27   0.313190E-21   0.399749E-17   0.137101E-15   0.968924E-16   0.109117E-16   0.378865E-21   0.892701E-28   0.390182E-30   0.436398E-31   0.274952E-28   0.173092E-30   0.677079E-28   0.689760E-30
   0.250000E+01   0.284764E-38   0.156668E-39   0.327079E-35   0.157281E-37   0.260725E-37   0.426469E-37   0.675204E-37   0.111719E-36   0.185822E-36   0.289642E-36   0.531117E-37   0.167464E-32   0.533406E-33   0.158407E-26   0.240797E-22   0.777558E-21   0.626127E-21   0.688476E-22   0.160799E-26   0.205836E-32   0.193425E-31   0.171479E-29   0.375736E-33   0.685918E-29   0.977476E-33   0.274370E-28
   0.250000E+01   0.260231E-36   0.105950E-37   0.327076E-35   0.143904E-35   0.237857E-35   0.390128E-35   0.635877E-35   0.103092E-34   0.166476E-34   0.266568E-34   0.104614E-35   0.167465E-32   0.456521E-31   0.131102E-24   0.167612E-20   0.572430E-19   0.404875E-19   0.456518E-20   0.159405E-24   0.401856E-31   0.194641E-31   0.429495E-31   0.115810E-31   0.171810E-30   0.283170E-31   0.687245E-30
   0.250000E+01   0.229339E-34   0.929663E-36   0.819554E-37   0.128948E-33   0.213860E-33   0.351724E-33   0.574482E-33   0.933032E-33   0.150841E-32   0.241743E-32   0.900553E-34   0.419612E-34   0.414612E-29   0.118795E-22   0.151825E-18   0.521256E-17   0.368730E-17   0.415466E-18   0.144304E-22   0.340412E-29   0.334525E-31   0.429896E-31   0.104899E-29   0.171835E-30   0.258403E-29   0.687442E-30
   0.250000E+01   0.195511E-32   0.797509E-34   0.823669E-37   0.111781E-31   0.186033E-31   0.306806E-31   0.502221E-31   0.817104E-31   0.132283E-30   0.212237E-30   0.790832E-32   0.421989E-34   0.364786E-27   0.104523E-20   0.133641E-16   0.458975E-15   0.324769E-15   0.365994E-16   0.127121E-20   0.299833E-27   0.126568E-29   0.452329E-31   0.924526E-28   0.176001E-30   0.227738E-27   0.695676E-30
   0.250000E+01   0.158153E-30   0.671943E-32   0.117044E-36   0.907055E-30   0.151052E-29   0.249202E-29   0.407999E-29   0.663851E-29   0.107474E-28   0.172449E-28   0.680667E-30   0.629839E-34   0.296326E-25   0.849050E-19   0.108554E-14   0.372812E-13   0.263351E-13   0.295924E-14   0.102589E-18   0.241767E-25   0.106635E-27   0.238604E-30   0.750878E-26   0.529458E-30   0.184948E-25   0.139988E-29
   0.250000E+01   0.104841E-29   0.562455E-31   0.899476E-36   0.491221E-29   0.785347E-29   0.125356E-28   0.199838E-28   0.318260E-28   0.506459E-28   0.801960E-28   0.420062E-29   0.495897E-33   0.134077E-24   0.383840E-18   0.488112E-14   0.166935E-12   0.116084E-12   0.130875E-13   0.456542E-18   0.107449E-24   0.491331E-27   0.431273E-29   0.331565E-25   0.794661E-29   0.815561E-25   0.160877E-28
   0.250000E+01   0.722488E-38   0.373838E-39   0.327078E-35   0.396142E-37   0.658747E-37   0.107252E-36   0.178205E-36   0.284188E-36   0.472831E-36   0.732004E-36   0.619873E-37   0.167462E-32   0.125537E-32   0.396017E-26   0.462244E-22   0.163843E-20   0.139786E-20   0.136779E-21   0.414502E-26   0.276387E-32   0.193304E-31   0.171477E-29   0.571279E-33   0.685912E-29   0.153295E-32   0.274372E-28
   0.250000E+01   0.639290E-36   0.260260E-37   0.327075E-35   0.359069E-35   0.595400E-35   0.979074E-35   0.159903E-34   0.259681E-34   0.419800E-34   0.672819E-34   0.255965E-35   0.167463E-32   0.115399E-30   0.330963E-24   0.423007E-20   0.145283E-18   0.102787E-18   0.115858E-19   0.402210E-24   0.993153E-31   0.197031E-31   0.429588E-31   0.292788E-31   0.171835E-30   0.722973E-31   0.687147E-30
   0.250000E+01   0.753039E-34   0.307106E-35   0.819731E-37   0.430079E-33   0.715606E-33   0.117997E-32   0.193126E-32   0.314176E-32   0.508584E-32   0.815921E-32   0.304106E-33   0.419552E-34   0.140219E-28   0.401775E-22   0.513688E-18   0.176417E-16   0.124830E-16   0.140676E-17   0.488663E-22   0.115262E-28   0.672194E-31   0.430296E-31   0.355346E-29   0.171983E-30   0.875347E-29   0.687590E-30
   0.250000E+01   0.629463E-32   0.258366E-33   0.831133E-37   0.365467E-31   0.610172E-31   0.100885E-30   0.165474E-30   0.269654E-30   0.437105E-30   0.702010E-30   0.261995E-31   0.426623E-34   0.120894E-26   0.346420E-20   0.443096E-16   0.152224E-14   0.107736E-14   0.121391E-15   0.421007E-20   0.993583E-27   0.415999E-29   0.503604E-31   0.306934E-27   0.185172E-30   0.756120E-27   0.712932E-30
   0.250000E+01   0.462668E-30   0.207642E-31   0.175760E-36   0.263433E-29   0.437926E-29   0.721303E-29   0.117922E-28   0.191628E-28   0.309903E-28   0.496878E-28   0.208786E-29   0.991703E-34   0.852127E-25   0.244136E-18   0.312017E-14   0.107127E-12   0.754610E-13   0.848201E-14   0.294426E-18   0.693632E-25   0.315355E-27   0.665295E-30   0.215543E-25   0.128267E-29   0.530818E-25   0.280351E-29
   0.250000E+01   0.135182E-29   0.728545E-31   0.202013E-35   0.629310E-29   0.100404E-28   0.159977E-28   0.254644E-28   0.405031E-28   0.643872E-28   0.101865E-27   0.531466E-29   0.124580E-32   0.170023E-24   0.486731E-18   0.618737E-14   0.211549E-12   0.147171E-12   0.166027E-13   0.578745E-18   0.136210E-24   0.618774E-27   0.135270E-28   0.419785E-25   0.241596E-28   0.103253E-24   0.460624E-28
   0.250000E+01   0.153220E-29   0.790315E-31   0.152357E-33   0.685580E-29   0.108516E-28   0.171840E-28   0.272219E-28   0.431367E-28   0.683728E-28   0.107913E-27   0.551870E-29   0.860732E-31   0.179341E-24   0.513357E-18   0.652017E-14   0.222768E-12   0.155206E-12   0.175186E-13   0.609891E-18   0.143552E-24   0.648858E-27   0.109500E-27   0.441080E-25   0.272506E-27   0.108481E-24   0.681741E-27
   0.250000E+01   0.455504E-40   0.100232E-39   0.327079E-35   0.364403E-39   0.658277E-39   0.131655E-38   0.263311E-38   0.470198E-38   0.105324E-37   0.210649E-37   0.497945E-37   0.167463E-32   0.620240E-34   0.335608E-27   0.472994E-23   0.231416E-21   0.942636E-24   0.321283E-22   0.535994E-27   0.173150E-32   0.193017E-31   0.429588E-31   0.188958E-33   0.171749E-30   0.750436E-33   0.274369E-28
   0.250000E+01   0.200470E-35   0.818823E-37   0.327077E-35   0.114371E-34   0.190260E-34   0.313669E-34   0.513315E-34   0.834977E-34   0.135155E-33   0.216816E-33   0.814157E-35   0.419582E-34   0.372595E-30   0.106785E-23   0.136540E-19   0.468988E-18   0.331862E-18   0.373982E-19   0.129885E-23   0.317668E-30   0.205765E-31   0.429526E-31   0.945860E-31   0.171847E-30   0.233142E-30   0.687295E-30
   0.250000E+01   0.177252E-33   0.727482E-35   0.820083E-37   0.102829E-32   0.171653E-32   0.283774E-32   0.465413E-32   0.758377E-32   0.122925E-31   0.197414E-31   0.736563E-33   0.419853E-34   0.339947E-28   0.974114E-22   0.124595E-17   0.428035E-16   0.302958E-16   0.341472E-17   0.118629E-21   0.279849E-28   0.135665E-30   0.431745E-31   0.863044E-29   0.172229E-30   0.212610E-28   0.687985E-30
   0.250000E+01   0.145926E-31   0.603972E-33   0.858346E-37   0.859366E-31   0.143902E-30   0.238484E-30   0.391895E-30   0.639566E-30   0.103794E-29   0.166854E-29   0.626274E-31   0.444047E-34   0.287848E-26   0.824862E-20   0.105544E-15   0.362693E-14   0.256722E-14   0.289110E-15   0.100087E-19   0.236124E-26   0.994344E-29   0.619468E-31   0.731974E-27   0.205953E-30   0.180329E-26   0.751636E-30
   0.250000E+01   0.114755E-29   0.546290E-31   0.477421E-36   0.633856E-29   0.104665E-28   0.171414E-28   0.278907E-28   0.451463E-28   0.727771E-28   0.116400E-27   0.524040E-29   0.297797E-33   0.198555E-24   0.568764E-18   0.726136E-14   0.249107E-12   0.174840E-12   0.195891E-13   0.683690E-18   0.160980E-24   0.735765E-27   0.206150E-29   0.499822E-25   0.378632E-29   0.123053E-24   0.746479E-29
   0.250000E+01   0.162580E-29   0.857318E-31   0.899442E-35   0.740298E-29   0.117585E-28   0.186699E-28   0.296370E-28   0.470392E-28   0.746518E-28   0.117944E-27   0.606047E-29   0.592456E-32   0.196368E-24   0.562119E-18   0.714211E-14   0.244091E-12   0.170012E-12   0.190935E-13   0.668099E-18   0.157212E-24   0.711749E-27   0.444775E-28   0.483743E-25   0.830552E-28   0.118978E-24   0.157274E-27
   0.250000E+01   0.169161E-29   0.874094E-31   0.750752E-33   0.756706E-29   0.119766E-28   0.189645E-28   0.300412E-28   0.476028E-28   0.754498E-28   0.119080E-27   0.624974E-29   0.422634E-30   0.197893E-24   0.566459E-18   0.719456E-14   0.245808E-12   0.171350E-12   0.192472E-13   0.673060E-18   0.158388E-24   0.715760E-27   0.125233E-27   0.486691E-25   0.316587E-27   0.119698E-24   0.805952E-27
   0.250000E+01   0.101386E-39   0.100015E-39   0.327078E-35   0.364403E-39   0.658277E-39   0.131655E-38   0.263311E-38   0.470198E-38   0.105324E-37   0.210649E-37   0.421625E-37   0.167464E-32   0.620240E-34   0.335608E-27   0.472994E-23   0.231416E-21   0.247539E-21   0.275385E-22   0.714669E-28   0.188130E-32   0.193053E-31   0.429526E-31   0.194861E-33   0.171860E-30   0.619875E-33   0.687048E-30
   0.250000E+01   0.543225E-38   0.311508E-39   0.819672E-37   0.319382E-37   0.532499E-37   0.881151E-37   0.146326E-36   0.236227E-36   0.385938E-36   0.619909E-36   0.616905E-37   0.419522E-34   0.108666E-32   0.324868E-26   0.393445E-22   0.135147E-20   0.109208E-20   0.122089E-21   0.350182E-26   0.281170E-32   0.193077E-31   0.429372E-31   0.489446E-33   0.171847E-30   0.123921E-32   0.687245E-30
   0.250000E+01   0.582211E-36   0.241770E-37   0.819378E-37   0.343088E-35   0.574598E-35   0.952428E-35   0.156533E-34   0.255487E-34   0.414711E-34   0.666710E-34   0.255186E-35   0.419552E-34   0.115082E-30   0.330023E-24   0.422512E-20   0.145265E-18   0.102845E-18   0.115985E-19   0.402745E-24   0.999717E-31   0.197042E-31   0.429588E-31   0.294474E-31   0.171773E-30   0.728913E-31   0.687097E-30
   0.250000E+01   0.435972E-31   0.183157E-32   0.117473E-36   0.259802E-30   0.436097E-30   0.724086E-30   0.119162E-29   0.194693E-29   0.316245E-29   0.508754E-29   0.194202E-30   0.660955E-34   0.878822E-26   0.251844E-19   0.322327E-15   0.110789E-13   0.784065E-14   0.881658E-15   0.305304E-19   0.719812E-26   0.308732E-28   0.107768E-30   0.223740E-26   0.289424E-30   0.551221E-26   0.906943E-30
   0.250000E+01   0.176719E-29   0.861897E-31   0.270732E-35   0.931461E-29   0.152228E-28   0.247210E-28   0.399475E-28   0.643032E-28   0.103194E-27   0.164454E-27   0.752897E-29   0.186282E-32   0.278547E-24   0.797750E-18   0.101702E-13   0.348502E-12   0.244157E-12   0.274147E-13   0.956127E-18   0.225086E-24   0.101746E-26   0.494376E-29   0.696656E-25   0.903549E-29   0.171467E-24   0.171393E-28
   0.250000E+01   0.152161E-30   0.784193E-32   0.749761E-35   0.685713E-30   0.108683E-29   0.172282E-29   0.273134E-29   0.433082E-29   0.686773E-29   0.108435E-28   0.549594E-30   0.529060E-32   0.180334E-25   0.516210E-19   0.655732E-15   0.224063E-13   0.156166E-13   0.175480E-14   0.613484E-19   0.144370E-25   0.667947E-28   0.988020E-29   0.443823E-26   0.233051E-28   0.109159E-25   0.537079E-28
   0.250000E+01   0.175905E-29   0.929739E-31   0.683331E-32   0.786855E-29   0.124535E-28   0.197193E-28   0.312365E-28   0.494962E-28   0.784502E-28   0.123814E-27   0.692413E-29   0.110951E-29   0.205758E-24   0.588974E-18   0.748051E-14   0.255576E-12   0.178166E-12   0.200197E-13   0.699827E-18   0.164690E-24   0.744041E-27   0.131332E-27   0.506029E-25   0.333492E-27   0.124455E-24   0.853560E-27
   0.250000E+01   0.983364E-34   0.403664E-35   0.327131E-35   0.569249E-33   0.949826E-33   0.156968E-32   0.257367E-32   0.419278E-32   0.679485E-32   0.109108E-31   0.407423E-33   0.421839E-34   0.187831E-28   0.538224E-22   0.688382E-18   0.236478E-16   0.167370E-16   0.188642E-17   0.655333E-22   0.154582E-28   0.836137E-31   0.431128E-31   0.476748E-29   0.172081E-30   0.117447E-28   0.687935E-30
   0.250000E+01   0.215699E-33   0.891089E-35   0.834189E-37   0.126969E-32   0.212592E-32   0.352302E-32   0.578915E-32   0.944770E-32   0.153324E-31   0.246473E-31   0.921078E-33   0.423644E-34   0.425221E-28   0.121853E-21   0.155915E-17   0.535794E-16   0.379331E-16   0.427616E-17   0.148570E-21   0.350530E-28   0.165150E-30   0.432885E-31   0.108135E-28   0.172451E-30   0.266407E-28   0.688133E-30
   0.250000E+01   0.116432E-31   0.484077E-33   0.152080E-36   0.696922E-31   0.117096E-30   0.194586E-30   0.320455E-30   0.523890E-30   0.851396E-30   0.137016E-29   0.512457E-31   0.603087E-34   0.236892E-26   0.678885E-20   0.869030E-16   0.298739E-14   0.211565E-14   0.238531E-15   0.828632E-20   0.195583E-26   0.815871E-29   0.613459E-31   0.603578E-27   0.205657E-30   0.148711E-26   0.750255E-30
   0.250000E+01   0.388698E-27   0.167461E-28   0.243221E-32   0.233588E-26   0.392686E-26   0.652724E-26   0.107505E-25   0.175751E-25   0.285604E-25   0.459621E-25   0.180687E-26   0.646580E-30   0.794404E-22   0.227655E-15   0.291400E-11   0.100168E-09   0.708717E-10   0.796499E-11   0.275986E-15   0.650349E-22   0.284345E-24   0.652196E-27   0.202342E-22   0.119598E-26   0.498507E-22   0.222361E-26
   0.250000E+01   0.212022E-27   0.103485E-28   0.547550E-32   0.106073E-26   0.171391E-26   0.275799E-26   0.442432E-26   0.708040E-26   0.113100E-25   0.179556E-25   0.815195E-27   0.156912E-29   0.301988E-22   0.864737E-16   0.110084E-11   0.376784E-10   0.264134E-10   0.296973E-11   0.103427E-15   0.243483E-22   0.108824E-24   0.128941E-26   0.750406E-23   0.244459E-26   0.184662E-22   0.476170E-26
   0.250000E+01   0.584047E-29   0.274811E-30   0.115122E-31   0.264257E-28   0.418593E-28   0.663251E-28   0.105117E-27   0.166631E-27   0.264188E-27   0.416944E-27   0.201896E-28   0.237459E-29   0.693406E-24   0.198497E-17   0.252130E-13   0.861424E-12   0.603832E-12   0.679028E-13   0.236468E-17   0.556671E-24   0.248679E-26   0.363888E-27   0.170597E-24   0.894831E-27   0.419657E-24   0.219623E-26
   0.250000E+01   0.857766E-27   0.377865E-28   0.731724E-29   0.390748E-26   0.618642E-26   0.979851E-26   0.155249E-25   0.246049E-25   0.390040E-25   0.615260E-25   0.265508E-26   0.471691E-27   0.102336E-21   0.292969E-15   0.372107E-11   0.127118E-09   0.897337E-10   0.101002E-10   0.350064E-15   0.824449E-22   0.363687E-24   0.479903E-25   0.251720E-22   0.119463E-24   0.619350E-22   0.296480E-24
   0.250000E+01   0.000000E+00   0.000000E+00   0.000000E+00   0.000000E+00   0.000000E+00   0.000000E+00   0.000000E+00   0.000000E+00   0.000000E+00   0.000000E+00   0.000000E+00   0.000000E+00   0.000000E+00   0.000000E+00   0.000000E+00   0.000000E+00   0.000000E+00   0.000000E+00   0.000000E+00   0.000000E+00   0.000000E+00   0.000000E+00   0.000000E+00   0.000000E+00   0.000000E+00   0.000000E+00
   0.250000E+01   0.243906E-26   0.462405E-26   0.923715E-26   0.191233E-25   0.379988E-25   0.755905E-25   0.150516E-24   0.299952E-24   0.598155E-24   0.119343E-23   0.236502E-23   0.472913E-23   0.395730E-20   0.213646E-13   0.341989E-09   0.147454E-07   0.129847E-07   0.145162E-08   0.447104E-13   0.108498E-19   0.186872E-20   0.484256E-20   0.995090E-20   0.193702E-19   0.390410E-19   0.774814E-19
   0.266667E+01   0.218750E-25   0.437500E-25   0.875000E-25   0.175000E-24   0.350000E-24   0.700000E-24   0.140000E-23   0.280000E-23   0.560000E-23   0.112000E-22   0.224000E-22   0.448000E-22   0.355686E-19   0.193161E-12   0.311571E-08   0.135006E-06   0.123211E-06   0.179483E-07   0.568693E-12   0.140022E-15   0.124221E-19   0.458749E-19   0.944062E-19   0.183499E-18   0.369919E-18   0.734003E-18
   0.266667E+01   0.274772E-39   0.112798E-39   0.327075E-35   0.161043E-38   0.232748E-38   0.451390E-38   0.761720E-38   0.105324E-37   0.221933E-37   0.443867E-37   0.487141E-37   0.167464E-32   0.591293E-34   0.321112E-27   0.455800E-23   0.223999E-21   0.234444E-21   0.371718E-22   0.479592E-28   0.276155E-30   0.159899E-31   0.171479E-29   0.302571E-33   0.685917E-29   0.819687E-33   0.274371E-28
   0.266667E+01   0.275551E-37   0.967923E-39   0.327077E-35   0.158139E-36   0.258985E-36   0.421720E-36   0.683762E-36   0.110402E-35   0.177660E-35   0.283322E-35   0.802873E-37   0.167464E-32   0.465466E-32   0.132170E-25   0.169268E-21   0.598525E-20   0.446177E-20   0.652511E-21   0.231643E-25   0.566792E-29   0.160037E-31   0.429465E-31   0.133281E-32   0.171823E-30   0.369222E-32   0.274372E-28
   0.266667E+01   0.100652E-38   0.121520E-39   0.327079E-35   0.601853E-38   0.963905E-38   0.157516E-37   0.259549E-37   0.449509E-37   0.737270E-37   0.121875E-36   0.516750E-37   0.167463E-32   0.205770E-33   0.719290E-27   0.109806E-22   0.223994E-21   0.373646E-21   0.527677E-22   0.575511E-27   0.461033E-30   0.159929E-31   0.171480E-29   0.327884E-33   0.685918E-29   0.839641E-33   0.274372E-28
   0.266667E+01   0.975411E-37   0.309841E-38   0.327078E-35   0.578520E-36   0.953396E-36   0.156045E-35   0.253860E-35   0.411122E-35   0.663317E-35   0.105791E-34   0.319475E-36   0.167463E-32   0.173201E-31   0.500549E-25   0.644750E-21   0.220325E-19   0.160741E-19   0.235577E-20   0.877654E-25   0.205474E-28   0.160971E-31   0.429742E-31   0.464683E-32   0.171859E-30   0.115759E-31   0.686999E-30
   0.266667E+01   0.892488E-35   0.272860E-36   0.327078E-35   0.538141E-34   0.889814E-34   0.145996E-33   0.238016E-33   0.386001E-33   0.623315E-33   0.995022E-33   0.248881E-34   0.419732E-34   0.162900E-29   0.468350E-23   0.602655E-19   0.207796E-17   0.151850E-17   0.222814E-18   0.795572E-23   0.192841E-26   0.288079E-31   0.429680E-31   0.432382E-30   0.171847E-30   0.106415E-29   0.687097E-30
   0.266667E+01   0.869677E-33   0.262329E-34   0.821024E-37   0.506637E-32   0.831772E-32   0.135699E-31   0.220226E-31   0.355861E-31   0.572991E-31   0.912594E-31   0.227342E-32   0.420575E-34   0.148739E-27   0.427564E-21   0.549689E-17   0.189388E-15   0.138306E-15   0.202867E-16   0.724193E-21   0.175436E-24   0.118405E-29   0.439017E-31   0.393064E-28   0.173462E-30   0.966981E-28   0.690549E-30
   0.266667E+01   0.374395E-38   0.165409E-39   0.327078E-35   0.222286E-37   0.368870E-37   0.595741E-37   0.970488E-37   0.158927E-36   0.260678E-36   0.407003E-36   0.530813E-37   0.167463E-32   0.669343E-33   0.195236E-26   0.300414E-22   0.103039E-20   0.769271E-21   0.115138E-21   0.316531E-26   0.108298E-29   0.159943E-31   0.171477E-29   0.441271E-33   0.685923E-29   0.122649E-32   0.274368E-28
   0.266667E+01   0.339709E-36   0.104950E-37   0.327079E-35   0.204625E-35   0.338284E-35   0.554965E-35   0.904679E-35   0.146721E-34   0.236923E-34   0.378227E-34   0.100248E-35   0.167463E-32   0.619604E-31   0.178294E-24   0.229454E-20   0.791612E-19   0.579517E-19   0.846020E-20   0.303486E-24   0.732451E-28   0.164535E-31   0.429588E-31   0.165286E-31   0.171773E-30   0.403722E-31   0.686999E-30
   0.266667E+01   0.299608E-34   0.921079E-36   0.819731E-37   0.183495E-33   0.304390E-33   0.500717E-33   0.817991E-33   0.132874E-32   0.214845E-32   0.343321E-32   0.858032E-34   0.419371E-34   0.563188E-29   0.161924E-22   0.208443E-18   0.718903E-17   0.525497E-17   0.771206E-18   0.275396E-22   0.667717E-26   0.604314E-31   0.430019E-31   0.149710E-29   0.171872E-30   0.368423E-29   0.687196E-30
   0.266667E+01   0.255501E-32   0.790326E-34   0.824609E-37   0.159113E-31   0.264856E-31   0.436885E-31   0.715280E-31   0.116393E-30   0.188459E-30   0.301490E-30   0.753676E-32   0.422380E-34   0.495624E-27   0.142505E-20   0.183523E-16   0.633170E-15   0.462961E-15   0.679524E-16   0.242629E-20   0.588455E-24   0.393627E-29   0.460803E-31   0.131991E-27   0.177443E-30   0.324815E-27   0.698141E-30
   0.266667E+01   0.205544E-30   0.665019E-32   0.122228E-36   0.127956E-29   0.213028E-29   0.351379E-29   0.575197E-29   0.935791E-29   0.151486E-28   0.242344E-28   0.648468E-30   0.661015E-34   0.398107E-25   0.114460E-18   0.147391E-14   0.508475E-13   0.371113E-13   0.542379E-14   0.193622E-18   0.468768E-22   0.319956E-27   0.313121E-30   0.105965E-25   0.653751E-30   0.260737E-25   0.160104E-29
   0.266667E+01   0.128222E-29   0.533597E-31   0.104232E-35   0.645390E-29   0.103053E-28   0.164323E-28   0.261742E-28   0.416567E-28   0.662542E-28   0.104573E-27   0.382485E-29   0.575218E-33   0.166998E-24   0.479716E-18   0.614319E-14   0.211022E-12   0.151619E-12   0.222152E-13   0.798505E-18   0.193076E-21   0.131401E-26   0.607696E-29   0.433518E-25   0.109009E-28   0.106520E-24   0.209068E-28
   0.266667E+01   0.926290E-38   0.400212E-39   0.327078E-35   0.557537E-37   0.918766E-37   0.150322E-36   0.248358E-36   0.399292E-36   0.654515E-36   0.104572E-35   0.664709E-37   0.167462E-32   0.175732E-32   0.518916E-26   0.656767E-22   0.217727E-20   0.175101E-20   0.254265E-21   0.824899E-26   0.232105E-29   0.159955E-31   0.171478E-29   0.680376E-33   0.685913E-29   0.188104E-32   0.274369E-28
   0.266667E+01   0.821941E-36   0.253882E-37   0.327075E-35   0.502864E-35   0.834009E-35   0.137171E-34   0.224068E-34   0.363948E-34   0.588421E-34   0.940283E-34   0.240765E-35   0.167463E-32   0.154271E-30   0.443725E-24   0.571428E-20   0.197065E-18   0.144103E-18   0.211520E-19   0.755070E-24   0.183108E-27   0.171833E-31   0.429619E-31   0.411837E-31   0.171810E-30   0.101046E-30   0.687048E-30
   0.266667E+01   0.982938E-34   0.304001E-35   0.819613E-37   0.611468E-33   0.101761E-32   0.167828E-32   0.274734E-32   0.447010E-32   0.723714E-32   0.115769E-31   0.289496E-33   0.419582E-34   0.190290E-28   0.547132E-22   0.704601E-18   0.243088E-16   0.177739E-16   0.260888E-17   0.931739E-22   0.225963E-25   0.166462E-30   0.430666E-31   0.506724E-29   0.172020E-30   0.124700E-28   0.687590E-30
   0.266667E+01   0.821828E-32   0.255806E-33   0.833014E-37   0.519610E-31   0.867652E-31   0.143479E-30   0.235374E-30   0.383615E-30   0.621911E-30   0.995916E-30   0.249458E-31   0.427586E-34   0.164034E-26   0.471663E-20   0.607661E-16   0.209712E-14   0.153368E-14   0.225060E-15   0.802242E-20   0.194554E-23   0.130266E-28   0.532293E-31   0.437600E-27   0.189843E-30   0.107695E-26   0.720180E-30
   0.266667E+01   0.594413E-30   0.204865E-31   0.189284E-36   0.365683E-29   0.607371E-29   0.999683E-29   0.163338E-28   0.265309E-28   0.428900E-28   0.685521E-28   0.198059E-29   0.107383E-33   0.112329E-24   0.322926E-18   0.415634E-14   0.143336E-12   0.104300E-12   0.152348E-13   0.545086E-18   0.131921E-21   0.900904E-27   0.901645E-30   0.298332E-25   0.167271E-29   0.733932E-25   0.341493E-29
   0.266667E+01   0.162254E-29   0.678634E-31   0.236176E-35   0.811904E-29   0.129367E-28   0.205907E-28   0.327476E-28   0.520524E-28   0.827022E-28   0.130413E-27   0.476227E-29   0.145811E-32   0.207929E-24   0.597276E-18   0.764598E-14   0.262568E-12   0.188753E-12   0.276860E-13   0.993925E-18   0.240346E-21   0.163237E-26   0.191795E-28   0.538912E-25   0.335363E-28   0.132414E-24   0.609302E-28
   0.266667E+01   0.180007E-29   0.725907E-31   0.180020E-33   0.870080E-29   0.137632E-28   0.217834E-28   0.344932E-28   0.546399E-28   0.865810E-28   0.136226E-27   0.491619E-29   0.101745E-30   0.216354E-24   0.621426E-18   0.794880E-14   0.272789E-12   0.196376E-12   0.288249E-13   0.103335E-17   0.249911E-21   0.169473E-26   0.129724E-27   0.558769E-25   0.322714E-27   0.137283E-24   0.803625E-27
   0.266667E+01   0.955089E-40   0.100158E-39   0.327078E-35   0.364403E-39   0.658277E-39   0.131655E-38   0.263311E-38   0.470198E-38   0.105324E-37   0.210649E-37   0.452507E-37   0.167462E-32   0.591293E-34   0.321112E-27   0.455800E-23   0.223999E-21   0.227118E-21   0.299827E-22   0.000000E+00   0.349911E-30   0.159642E-31   0.429557E-31   0.176661E-33   0.171823E-30   0.769092E-33   0.687048E-30
   0.266667E+01   0.256865E-35   0.795753E-37   0.327079E-35   0.159620E-34   0.265585E-34   0.437936E-34   0.716810E-34   0.116617E-33   0.188789E-33   0.301980E-33   0.761345E-35   0.419371E-34   0.496336E-30   0.142730E-23   0.183822E-19   0.634257E-18   0.463797E-18   0.680716E-19   0.243096E-23   0.589497E-27   0.198879E-31   0.429619E-31   0.132336E-30   0.171810E-30   0.325837E-30   0.686949E-30
   0.266667E+01   0.227903E-33   0.709408E-35   0.819613E-37   0.144004E-32   0.240429E-32   0.397546E-32   0.652122E-32   0.106278E-31   0.172290E-31   0.275890E-31   0.690731E-33   0.420033E-34   0.454394E-28   0.130657E-21   0.168328E-17   0.580921E-16   0.424874E-16   0.623737E-17   0.222786E-21   0.540439E-25   0.375959E-30   0.432608E-31   0.121217E-28   0.172390E-30   0.298324E-28   0.688182E-30
   0.266667E+01   0.187591E-31   0.589074E-33   0.866868E-37   0.120254E-30   0.201385E-30   0.333784E-30   0.548564E-30   0.895344E-30   0.145318E-29   0.232925E-29   0.587415E-31   0.449705E-34   0.384303E-26   0.110507E-19   0.142420E-15   0.491649E-14   0.359592E-14   0.527377E-15   0.187700E-19   0.454883E-23   0.307333E-28   0.689787E-31   0.102682E-26   0.217847E-30   0.252718E-26   0.770421E-30
   0.266667E+01   0.144007E-29   0.529504E-31   0.567634E-36   0.854696E-29   0.140902E-28   0.230457E-28   0.374575E-28   0.605796E-28   0.975882E-28   0.155560E-27   0.484794E-29   0.358039E-33   0.253401E-24   0.728342E-18   0.936352E-14   0.322623E-12   0.233892E-12   0.340744E-13   0.122509E-17   0.296335E-21   0.201881E-26   0.281828E-29   0.669456E-25   0.506555E-29   0.164640E-24   0.948693E-29
   0.266667E+01   0.192622E-29   0.790537E-31   0.114588E-34   0.945225E-29   0.149988E-28   0.237960E-28   0.377502E-28   0.598857E-28   0.950004E-28   0.149613E-27   0.539574E-29   0.759590E-32   0.238000E-24   0.683623E-18   0.874727E-14   0.300273E-12   0.216127E-12   0.315781E-13   0.113722E-17   0.274950E-21   0.186564E-26   0.607806E-28   0.615574E-25   0.114596E-27   0.151243E-24   0.210994E-27
   0.266667E+01   0.198687E-29   0.803800E-31   0.966875E-33   0.960164E-29   0.151873E-28   0.240362E-28   0.380590E-28   0.602868E-28   0.955268E-28   0.150299E-27   0.563772E-29   0.537048E-30   0.238695E-24   0.685597E-18   0.876956E-14   0.300954E-12   0.216779E-12   0.316807E-13   0.114021E-17   0.275690E-21   0.186962E-26   0.147393E-27   0.616452E-25   0.371790E-27   0.151455E-24   0.942324E-27
   0.266667E+01   0.911008E-40   0.999523E-40   0.327079E-35   0.364403E-39   0.658277E-39   0.131655E-38   0.263311E-38   0.470198E-38   0.105324E-37   0.210649E-37   0.466526E-37   0.167462E-32   0.591293E-34   0.321112E-27   0.455800E-23   0.223999E-21   0.234444E-21   0.371790E-22   0.000000E+00   0.375665E-30   0.159659E-31   0.429650E-31   0.195112E-33   0.171798E-30   0.669652E-33   0.687393E-30
   0.266667E+01   0.703533E-38   0.346772E-39   0.819496E-37   0.444690E-37   0.745499E-37   0.124038E-36   0.201621E-36   0.331960E-36   0.539035E-36   0.860650E-36   0.646994E-37   0.419522E-34   0.139782E-32   0.439281E-26   0.515883E-22   0.186367E-20   0.144330E-20   0.208685E-21   0.685817E-26   0.198926E-29   0.159727E-31   0.429496E-31   0.546542E-33   0.171872E-30   0.161139E-32   0.687245E-30
   0.266667E+01   0.753200E-36   0.237185E-37   0.819554E-37   0.483411E-35   0.809723E-35   0.134236E-34   0.220654E-34   0.360211E-34   0.584723E-34   0.937379E-34   0.240440E-35   0.419582E-34   0.154739E-30   0.445202E-24   0.573935E-20   0.198212E-18   0.145019E-18   0.212979E-19   0.760394E-24   0.184561E-27   0.171927E-31   0.429372E-31   0.414467E-31   0.171798E-30   0.102012E-30   0.687344E-30
   0.266667E+01   0.557937E-31   0.178042E-32   0.131408E-36   0.361584E-30   0.606912E-30   0.100770E-29   0.165838E-29   0.270961E-29   0.440144E-29   0.705989E-29   0.181545E-30   0.753369E-34   0.116617E-25   0.335343E-19   0.432289E-15   0.149260E-13   0.109148E-13   0.159810E-14   0.569158E-19   0.137856E-22   0.936551E-28   0.131936E-30   0.311922E-26   0.331566E-30   0.767710E-26   0.976215E-30
   0.266667E+01   0.211924E-29   0.797473E-31   0.369175E-35   0.119882E-28   0.195539E-28   0.317046E-28   0.511676E-28   0.822803E-28   0.131936E-27   0.209518E-27   0.663178E-29   0.252867E-32   0.338859E-24   0.973788E-18   0.125006E-13   0.430210E-12   0.311393E-12   0.455128E-13   0.163318E-17   0.395042E-21   0.267840E-26   0.668092E-29   0.889307E-25   0.120570E-28   0.218652E-24   0.220715E-28
   0.266667E+01   0.178757E-30   0.717773E-32   0.108562E-34   0.869667E-30   0.137733E-29   0.218194E-29   0.345747E-29   0.547990E-29   0.868702E-29   0.136727E-28   0.487701E-30   0.761528E-32   0.217286E-25   0.624117E-19   0.798422E-15   0.274032E-13   0.197361E-13   0.288685E-14   0.103819E-18   0.251032E-22   0.171259E-27   0.121324E-28   0.561517E-26   0.291534E-28   0.137963E-25   0.677733E-28
   0.266667E+01   0.206493E-29   0.868318E-31   0.950283E-32   0.997927E-29   0.157843E-28   0.249806E-28   0.395541E-28   0.626544E-28   0.992776E-28   0.156198E-27   0.637021E-29   0.133899E-29   0.248064E-24   0.712506E-18   0.911374E-14   0.312765E-12   0.225281E-12   0.329506E-13   0.118497E-17   0.286527E-21   0.194291E-26   0.154168E-27   0.640641E-25   0.390365E-27   0.157398E-24   0.994597E-27
   0.266667E+01   0.117748E-33   0.366733E-35   0.327152E-35   0.742408E-33   0.123897E-32   0.204790E-32   0.335836E-32   0.547198E-32   0.886917E-32   0.142003E-31   0.355962E-33   0.422170E-34   0.233815E-28   0.672310E-22   0.866106E-18   0.298890E-16   0.218594E-16   0.320899E-17   0.114616E-21   0.278030E-25   0.201184E-30   0.431344E-31   0.623594E-29   0.172217E-30   0.153470E-28   0.687886E-30
   0.266667E+01   0.269969E-33   0.846130E-35   0.840831E-37   0.173080E-32   0.289845E-32   0.480407E-32   0.789554E-32   0.128872E-31   0.209172E-31   0.335274E-31   0.841084E-33   0.424848E-34   0.553233E-28   0.159085E-21   0.205030E-17   0.707794E-16   0.517805E-16   0.760279E-17   0.271582E-21   0.658973E-25   0.455009E-30   0.433871E-31   0.147833E-28   0.172624E-30   0.363851E-28   0.688675E-30
   0.266667E+01   0.140337E-31   0.442610E-33   0.183918E-36   0.914845E-31   0.153732E-30   0.255507E-30   0.420850E-30   0.688119E-30   0.111844E-29   0.179468E-29   0.450599E-31   0.656351E-34   0.296774E-26   0.853437E-20   0.110039E-15   0.379999E-14   0.278081E-14   0.408351E-15   0.145819E-19   0.353922E-23   0.236110E-28   0.667077E-31   0.794546E-27   0.215234E-30   0.195570E-26   0.766723E-30
   0.266667E+01   0.464945E-27   0.152564E-28   0.352609E-32   0.303475E-26   0.510014E-26   0.847557E-26   0.139571E-25   0.228145E-25   0.370712E-25   0.594773E-25   0.158526E-26   0.832094E-30   0.982807E-22   0.282617E-15   0.364345E-11   0.125807E-09   0.919700E-10   0.134587E-10   0.479669E-15   0.116139E-18   0.786355E-24   0.839568E-27   0.262949E-22   0.152891E-26   0.647173E-22   0.277842E-26
   0.266667E+01   0.245406E-27   0.930454E-29   0.842066E-32   0.132046E-26   0.212969E-26   0.342210E-26   0.548329E-26   0.876701E-26   0.139938E-25   0.221375E-25   0.700203E-27   0.214740E-29   0.355594E-22   0.102172E-15   0.130974E-11   0.450232E-10   0.326195E-10   0.477650E-11   0.171036E-15   0.413761E-19   0.279457E-24   0.175006E-26   0.927306E-23   0.329423E-26   0.227958E-22   0.628036E-26
   0.266667E+01   0.667447E-29   0.250100E-30   0.187058E-31   0.326802E-28   0.517320E-28   0.819231E-28   0.129779E-27   0.205650E-27   0.325956E-27   0.512784E-27   0.181285E-28   0.301964E-29   0.815021E-24   0.234113E-17   0.299479E-13   0.102775E-11   0.744300E-12   0.108995E-12   0.390367E-17   0.944326E-21   0.637944E-26   0.425113E-27   0.210559E-24   0.104835E-26   0.517429E-24   0.257686E-26
   0.266667E+01   0.945213E-27   0.338852E-28   0.818204E-29   0.467723E-26   0.740112E-26   0.117172E-25   0.185582E-25   0.294033E-25   0.465991E-25   0.732669E-25   0.230614E-26   0.525364E-27   0.116489E-21   0.334639E-15   0.428054E-11   0.146882E-09   0.107144E-09   0.157140E-10   0.559776E-15   0.135493E-18   0.911205E-24   0.534512E-25   0.300898E-22   0.133030E-24   0.739616E-22   0.330073E-24
   0.266667E+01   0.000000E+00   0.000000E+00   0.000000E+00   0.000000E+00   0.000000E+00   0.000000E+00   0.000000E+00   0.000000E+00   0.000000E+00   0.000000E+00   0.000000E+00   0.000000E+00   0.000000E+00   0.000000E+00   0.000000E+00   0.000000E+00   0.000000E+00   0.000000E+00   0.000000E+00   0.000000E+00   0.000000E+00   0.000000E+00   0.000000E+00   0.000000E+00   0.000000E+00   0.000000E+00
   0.266667E+01   0.245670E-26   0.462348E-26   0.923723E-26   0.192774E-25   0.382488E-25   0.759946E-25   0.151167E-24   0.300997E-24   0.599830E-24   0.119606E-23   0.236496E-23   0.472914E-23   0.377691E-20   0.204542E-13   0.329716E-09   0.142795E-07   0.130268E-07   0.189765E-08   0.601390E-13   0.148068E-16   0.131145E-20   0.484257E-20   0.997138E-20   0.193702E-19   0.390631E-19   0.774814E-19
   0.283333E+01   0.218750E-25   0.437500E-25   0.875000E-25   0.175000E-24   0.350000E-24   0.700000E-24   0.140000E-23   0.280000E-23   0.560000E-23   0.112000E-22   0.224000E-22   0.448000E-22   0.339324E-19   0.184936E-12   0.300416E-08   0.130758E-06   0.123381E-06   0.221375E-07   0.676643E-12   0.170389E-17   0.956116E-20   0.458749E-19   0.945938E-19   0.183499E-18   0.370100E-18   0.734003E-18
   0.283333E+01   0.348240E-39   0.152090E-37   0.327075E-35   0.208063E-38   0.315033E-38   0.625363E-38   0.110967E-37   0.169271E-37   0.221933E-37   0.443867E-37   0.788633E-35   0.167464E-32   0.564093E-34   0.307438E-27   0.439482E-23   0.216934E-21   0.235263E-21   0.000000E+00   0.918888E-32   0.527103E-32   0.136612E-31   0.171476E-29   0.312234E-33   0.685918E-29   0.716938E-33   0.274367E-28
   0.283333E+01   0.339659E-37   0.153118E-37   0.327077E-35   0.220464E-36   0.360994E-36   0.587794E-36   0.952715E-36   0.153773E-35   0.247813E-35   0.392483E-35   0.790436E-35   0.167464E-32   0.610123E-32   0.178191E-25   0.232926E-21   0.809597E-20   0.598468E-20   0.106280E-20   0.383055E-25   0.996970E-31   0.136975E-31   0.429526E-31   0.184356E-32   0.171847E-30   0.485476E-32   0.274371E-28
   0.283333E+01   0.123868E-38   0.151943E-37   0.327079E-35   0.809916E-38   0.137298E-37   0.236509E-37   0.367695E-37   0.596211E-37   0.101563E-36   0.149711E-36   0.789230E-35   0.167463E-32   0.273021E-33   0.688661E-27   0.105875E-22   0.459899E-21   0.345550E-21   0.342818E-22   0.114347E-26   0.905307E-32   0.136649E-31   0.171476E-29   0.343653E-33   0.685920E-29   0.835986E-33   0.274368E-28
   0.283333E+01   0.120169E-36   0.155792E-37   0.327078E-35   0.806037E-36   0.132847E-35   0.217401E-35   0.353749E-35   0.572889E-35   0.923995E-35   0.146807E-34   0.791184E-35   0.167463E-32   0.230105E-31   0.666648E-25   0.858788E-21   0.298327E-19   0.225931E-19   0.405866E-20   0.145274E-24   0.363933E-30   0.138551E-31   0.429588E-31   0.654422E-32   0.171798E-30   0.157446E-31   0.687196E-30
   0.283333E+01   0.110028E-34   0.505119E-37   0.327078E-35   0.750346E-34   0.124076E-33   0.203593E-33   0.331942E-33   0.538366E-33   0.869416E-33   0.138177E-32   0.294307E-35   0.419732E-34   0.216807E-29   0.625413E-23   0.810547E-19   0.280729E-17   0.211368E-17   0.383805E-18   0.131416E-22   0.324899E-28   0.342612E-31   0.429557E-31   0.604133E-30   0.171835E-30   0.148532E-29   0.687344E-30
   0.283333E+01   0.107255E-32   0.339807E-35   0.821435E-37   0.706681E-32   0.116030E-31   0.189316E-31   0.307273E-31   0.496565E-31   0.799610E-31   0.126792E-30   0.246256E-33   0.420575E-34   0.198060E-27   0.571258E-21   0.739684E-17   0.255998E-15   0.192620E-15   0.349638E-16   0.119690E-20   0.295713E-26   0.189058E-29   0.442530E-31   0.549534E-28   0.174041E-30   0.135058E-27   0.691633E-30
   0.283333E+01   0.457267E-38   0.152176E-37   0.327080E-35   0.307509E-37   0.507578E-37   0.821906E-37   0.134947E-36   0.216291E-36   0.353213E-36   0.558971E-36   0.789672E-35   0.167463E-32   0.877729E-33   0.266856E-26   0.353584E-22   0.124086E-20   0.102930E-20   0.189287E-21   0.537414E-26   0.191321E-31   0.136659E-31   0.171480E-29   0.532172E-33   0.685917E-29   0.129718E-32   0.274371E-28
   0.283333E+01   0.418110E-36   0.165282E-37   0.327080E-35   0.284828E-35   0.470908E-35   0.772587E-35   0.125951E-34   0.204258E-34   0.329861E-34   0.524282E-34   0.799299E-35   0.167463E-32   0.822786E-31   0.237625E-24   0.308017E-20   0.106731E-18   0.804325E-19   0.145976E-19   0.499736E-24   0.129182E-29   0.144191E-31   0.429711E-31   0.229591E-31   0.171785E-30   0.562529E-31   0.687393E-30
   0.283333E+01   0.368992E-34   0.119595E-36   0.819613E-37   0.255595E-33   0.424006E-33   0.697527E-33   0.113959E-32   0.185128E-32   0.299355E-32   0.476259E-32   0.951681E-35   0.419552E-34   0.748766E-29   0.216004E-22   0.280051E-18   0.970230E-17   0.730712E-17   0.132706E-17   0.454444E-22   0.112363E-27   0.849759E-31   0.430142E-31   0.208976E-29   0.171847E-30   0.513740E-29   0.687541E-30
   0.283333E+01   0.314763E-32   0.102226E-34   0.825314E-37   0.221696E-31   0.369033E-31   0.608754E-31   0.996730E-31   0.162203E-30   0.262647E-30   0.418321E-30   0.814706E-33   0.422772E-34   0.659079E-27   0.190140E-20   0.246623E-16   0.854706E-15   0.643890E-15   0.116951E-15   0.400378E-20   0.990344E-26   0.630458E-29   0.472266E-31   0.184284E-27   0.179243E-30   0.453053E-27   0.700902E-30
   0.283333E+01   0.251900E-30   0.858713E-33   0.127788E-36   0.176565E-29   0.293817E-29   0.484456E-29   0.792815E-29   0.128955E-28   0.208715E-28   0.332415E-28   0.700754E-31   0.694508E-34   0.523064E-25   0.150890E-18   0.195676E-14   0.678056E-13   0.510005E-13   0.919007E-14   0.315727E-18   0.779728E-24   0.499542E-27   0.408828E-30   0.146122E-25   0.814875E-30   0.359182E-25   0.184993E-29
   0.283333E+01   0.148643E-29   0.112137E-31   0.119731E-35   0.831066E-29   0.132528E-28   0.211100E-28   0.335960E-28   0.534317E-28   0.849344E-28   0.133447E-27   0.747776E-30   0.661259E-33   0.203963E-24   0.587839E-18   0.758014E-14   0.261515E-12   0.193781E-12   0.348582E-13   0.121008E-17   0.298346E-23   0.190619E-26   0.838435E-29   0.555399E-25   0.147914E-28   0.136322E-24   0.269775E-28
   0.283333E+01   0.111363E-37   0.152437E-37   0.327075E-35   0.762308E-37   0.125590E-36   0.205194E-36   0.336850E-36   0.544113E-36   0.876825E-36   0.139298E-35   0.788604E-35   0.167463E-32   0.218868E-32   0.673904E-26   0.850998E-22   0.296765E-20   0.231593E-20   0.412855E-21   0.136068E-25   0.402299E-31   0.136718E-31   0.171477E-29   0.852640E-33   0.685915E-29   0.224920E-32   0.274369E-28
   0.283333E+01   0.996794E-36   0.184146E-37   0.327078E-35   0.689723E-35   0.114395E-34   0.188157E-34   0.307366E-34   0.499282E-34   0.807299E-34   0.128435E-33   0.813879E-35   0.167465E-32   0.201932E-30   0.582718E-24   0.755670E-20   0.261848E-18   0.197243E-18   0.358229E-19   0.122632E-23   0.316817E-29   0.155603E-31   0.429619E-31   0.565181E-31   0.171810E-30   0.138515E-30   0.687344E-30
   0.283333E+01   0.120951E-33   0.393988E-36   0.819790E-37   0.850981E-33   0.141623E-32   0.233580E-32   0.382396E-32   0.622224E-32   0.100745E-31   0.160447E-31   0.315627E-34   0.419823E-34   0.252758E-28   0.729187E-22   0.945778E-18   0.327766E-16   0.246920E-16   0.448510E-17   0.153608E-21   0.379873E-27   0.254860E-30   0.431036E-31   0.706666E-29   0.172044E-30   0.173733E-28   0.687837E-30
   0.283333E+01   0.101147E-31   0.331171E-34   0.834895E-37   0.723101E-31   0.120740E-30   0.199662E-30   0.327552E-30   0.533871E-30   0.865544E-30   0.137995E-29   0.269873E-32   0.428760E-34   0.217825E-26   0.628439E-20   0.815434E-16   0.282686E-14   0.213003E-14   0.386772E-15   0.132175E-19   0.327004E-25   0.208713E-28   0.569178E-31   0.610097E-27   0.196018E-30   0.149999E-26   0.729647E-30
   0.283333E+01   0.720568E-30   0.269149E-32   0.203572E-36   0.496287E-29   0.823410E-29   0.135409E-28   0.221088E-28   0.358907E-28   0.579946E-28   0.922739E-28   0.224624E-30   0.116134E-33   0.144743E-24   0.417492E-18   0.541102E-14   0.187423E-12   0.140617E-12   0.251993E-13   0.871602E-18   0.215092E-23   0.137709E-26   0.120389E-29   0.403297E-25   0.217703E-29   0.991111E-25   0.417470E-29
   0.283333E+01   0.184909E-29   0.142025E-31   0.273339E-35   0.102903E-28   0.163747E-28   0.260351E-28   0.413710E-28   0.657142E-28   0.104351E-27   0.163790E-27   0.937062E-30   0.168909E-32   0.249963E-24   0.720402E-18   0.928633E-14   0.320287E-12   0.237413E-12   0.428291E-13   0.148255E-17   0.365596E-23   0.233292E-26   0.265733E-28   0.679593E-25   0.459499E-28   0.166803E-24   0.798313E-28
   0.283333E+01   0.201317E-29   0.150388E-31   0.210317E-33   0.108778E-28   0.171946E-28   0.271981E-28   0.430461E-28   0.681611E-28   0.107971E-27   0.169118E-27   0.101254E-29   0.118924E-30   0.257191E-24   0.741182E-18   0.954723E-14   0.329088E-12   0.244219E-12   0.441412E-13   0.152427E-17   0.375962E-23   0.239680E-26   0.151762E-27   0.696985E-25   0.377617E-27   0.171061E-24   0.937391E-27
   0.283333E+01   0.822846E-40   0.151993E-37   0.327077E-35   0.799336E-39   0.159867E-38   0.131655E-38   0.263311E-38   0.470198E-38   0.105324E-37   0.210649E-37   0.789040E-35   0.167464E-32   0.564093E-34   0.307438E-27   0.439482E-23   0.216934E-21   0.205860E-21   0.417306E-22   0.000000E+00   0.673412E-32   0.136326E-31   0.429434E-31   0.220899E-33   0.171835E-30   0.719705E-33   0.687048E-30
   0.283333E+01   0.310445E-35   0.253644E-37   0.327075E-35   0.218188E-34   0.363037E-34   0.598656E-34   0.979929E-34   0.159436E-33   0.258124E-33   0.411065E-33   0.106378E-35   0.419672E-34   0.647504E-30   0.186823E-23   0.242325E-19   0.839829E-18   0.632711E-18   0.114926E-18   0.393566E-23   0.973678E-29   0.198159E-31   0.429557E-31   0.181203E-30   0.171761E-30   0.445540E-30   0.687245E-30
   0.283333E+01   0.276370E-33   0.909921E-36   0.819966E-37   0.197505E-32   0.329752E-32   0.545260E-32   0.894477E-32   0.145785E-31   0.236349E-31   0.376800E-31   0.742446E-34   0.419973E-34   0.594779E-28   0.171598E-21   0.222657E-17   0.771882E-16   0.581657E-16   0.105670E-16   0.361944E-21   0.895287E-27   0.582238E-30   0.433501E-31   0.166588E-28   0.172587E-30   0.409579E-28   0.688478E-30
   0.283333E+01   0.227460E-31   0.755281E-34   0.877036E-37   0.164786E-30   0.275933E-30   0.457324E-30   0.751592E-30   0.122673E-29   0.199107E-29   0.317733E-29   0.629417E-32   0.456475E-34   0.502375E-26   0.144945E-19   0.188137E-15   0.652394E-14   0.491626E-14   0.892089E-15   0.304497E-19   0.752914E-25   0.479354E-28   0.779365E-31   0.140923E-26   0.233131E-30   0.346492E-26   0.794580E-30
   0.283333E+01   0.170746E-29   0.788845E-32   0.673576E-36   0.112720E-28   0.185503E-28   0.302975E-28   0.491876E-28   0.794769E-28   0.127934E-27   0.202973E-27   0.669740E-30   0.429076E-33   0.316356E-24   0.912293E-18   0.118093E-13   0.408644E-12   0.305427E-12   0.546542E-13   0.189746E-17   0.467996E-23   0.299126E-26   0.377919E-29   0.876459E-25   0.670870E-29   0.215315E-24   0.120504E-28
   0.283333E+01   0.216981E-29   0.163837E-31   0.144502E-34   0.118747E-28   0.188236E-28   0.298396E-28   0.473062E-28   0.750045E-28   0.118933E-27   0.186448E-27   0.106200E-29   0.963539E-32   0.283957E-24   0.818339E-18   0.105442E-13   0.363544E-12   0.269750E-12   0.485860E-13   0.168354E-17   0.415132E-23   0.264754E-26   0.802413E-28   0.770536E-25   0.154188E-27   0.189118E-24   0.279919E-27
   0.283333E+01   0.222162E-29   0.170464E-31   0.123216E-32   0.120021E-28   0.189708E-28   0.300065E-28   0.474894E-28   0.751949E-28   0.119111E-27   0.186562E-27   0.140193E-29   0.672554E-30   0.283713E-24   0.817612E-18   0.105317E-13   0.363019E-12   0.269526E-12   0.485741E-13   0.168164E-17   0.414698E-23   0.264389E-26   0.171551E-27   0.768837E-25   0.432005E-27   0.188696E-24   0.109133E-26
   0.283333E+01   0.822846E-40   0.152050E-37   0.327094E-35   0.799336E-39   0.145761E-38   0.310331E-38   0.263311E-38   0.470198E-38   0.105324E-37   0.210649E-37   0.788729E-35   0.167472E-32   0.564093E-34   0.307438E-27   0.439482E-23   0.216934E-21   0.205860E-21   0.462024E-22   0.114348E-27   0.763855E-32   0.136339E-31   0.429588E-31   0.182799E-33   0.171835E-30   0.645020E-33   0.687147E-30
   0.283333E+01   0.855466E-38   0.514279E-39   0.821083E-37   0.610904E-37   0.102738E-36   0.168237E-36   0.276100E-36   0.456844E-36   0.743289E-36   0.117587E-35   0.257292E-36   0.420394E-34   0.184571E-32   0.558307E-26   0.713160E-22   0.270733E-20   0.197037E-20   0.351739E-21   0.111483E-25   0.363556E-31   0.136519E-31   0.429310E-31   0.698056E-33   0.171872E-30   0.193415E-32   0.687541E-30
   0.283333E+01   0.919200E-36   0.357938E-38   0.821376E-37   0.667226E-35   0.111760E-34   0.185275E-34   0.304571E-34   0.497208E-34   0.807172E-34   0.128825E-33   0.510071E-36   0.420214E-34   0.203791E-30   0.588178E-24   0.763621E-20   0.264919E-18   0.199699E-18   0.362872E-19   0.124273E-23   0.321424E-29   0.155843E-31   0.429649E-31   0.572466E-31   0.171822E-30   0.141291E-30   0.687196E-30
   0.283333E+01   0.673532E-31   0.228912E-33   0.150152E-36   0.492751E-30   0.826865E-30   0.137266E-29   0.225875E-29   0.369028E-29   0.599409E-29   0.957183E-29   0.195130E-31   0.874914E-34   0.151495E-25   0.437098E-19   0.567474E-15   0.196815E-13   0.148285E-13   0.268538E-14   0.917659E-19   0.226779E-24   0.145231E-27   0.162575E-30   0.425370E-26   0.385602E-30   0.104588E-25   0.106447E-29
   0.283333E+01   0.240559E-29   0.146941E-31   0.498600E-35   0.151274E-28   0.246255E-28   0.398638E-28   0.642532E-28   0.103216E-27   0.165371E-27   0.261325E-27   0.115497E-29   0.338249E-32   0.404406E-24   0.116600E-17   0.150709E-13   0.520889E-12   0.388657E-12   0.699963E-13   0.241805E-17   0.596518E-23   0.380088E-26   0.884480E-29   0.111288E-24   0.158743E-28   0.273330E-24   0.282624E-28
   0.283333E+01   0.199722E-30   0.147987E-32   0.154912E-34   0.108581E-29   0.171822E-29   0.272010E-29   0.430784E-29   0.682460E-29   0.108147E-28   0.169442E-28   0.997915E-31   0.107516E-31   0.257836E-25   0.743056E-19   0.957245E-15   0.329987E-13   0.244991E-13   0.441895E-14   0.152865E-18   0.376992E-24   0.241084E-27   0.145302E-28   0.699113E-26   0.354884E-28   0.171590E-25   0.835497E-28
   0.283333E+01   0.230751E-29   0.233529E-31   0.127827E-31   0.124679E-28   0.197067E-28   0.311700E-28   0.493304E-28   0.781093E-28   0.123727E-27   0.193789E-27   0.206857E-29   0.158920E-29   0.294704E-24   0.849286E-18   0.109396E-13   0.377080E-12   0.279964E-12   0.504864E-13   0.174681E-17   0.430789E-23   0.274626E-26   0.179046E-27   0.798614E-25   0.452323E-27   0.196005E-24   0.114826E-26
   0.283333E+01   0.133529E-33   0.459968E-36   0.327169E-35   0.952197E-33   0.158907E-32   0.262668E-32   0.430774E-32   0.701932E-32   0.113778E-31   0.181365E-31   0.363565E-34   0.422531E-34   0.286206E-28   0.825722E-22   0.107136E-17   0.371390E-16   0.279852E-16   0.508398E-17   0.174133E-21   0.430705E-27   0.287203E-30   0.432053E-31   0.801429E-29   0.172242E-30   0.197042E-28   0.688083E-30
   0.283333E+01   0.319358E-33   0.107091E-35   0.849647E-37   0.231564E-32   0.387774E-32   0.642736E-32   0.105639E-31   0.172436E-31   0.279896E-31   0.446654E-31   0.892383E-34   0.426082E-34   0.706364E-28   0.203802E-21   0.264542E-17   0.917356E-16   0.691465E-16   0.125638E-16   0.430379E-21   0.106478E-26   0.690014E-30   0.435258E-31   0.198174E-28   0.172870E-30   0.487271E-28   0.689168E-30
   0.283333E+01   0.160195E-31   0.540283E-34   0.225395E-36   0.118107E-30   0.198459E-30   0.329846E-30   0.543315E-30   0.888399E-30   0.144403E-29   0.230691E-29   0.460045E-32   0.719545E-34   0.365605E-26   0.105491E-19   0.136990E-15   0.475203E-14   0.358292E-14   0.651072E-15   0.222898E-19   0.551716E-25   0.350879E-28   0.731356E-31   0.102769E-26   0.226796E-30   0.252706E-26   0.786099E-30
   0.283333E+01   0.526609E-27   0.185492E-29   0.494402E-32   0.387487E-26   0.650870E-26   0.108121E-25   0.177994E-25   0.290885E-25   0.472572E-25   0.754769E-25   0.161763E-27   0.105126E-29   0.119473E-21   0.344708E-15   0.447537E-11   0.155221E-09   0.116916E-09   0.211489E-10   0.723672E-15   0.178753E-20   0.113869E-23   0.106181E-26   0.335485E-22   0.193033E-26   0.824864E-22   0.344652E-26
   0.283333E+01   0.269300E-27   0.194316E-29   0.124745E-31   0.161636E-26   0.260226E-26   0.417545E-26   0.668273E-26   0.106750E-25   0.170268E-25   0.268015E-25   0.136046E-27   0.287316E-29   0.412055E-22   0.118789E-15   0.153326E-11   0.529334E-10   0.395282E-10   0.715472E-11   0.245903E-15   0.606846E-21   0.385713E-24   0.232626E-26   0.112688E-22   0.437170E-26   0.276733E-22   0.820014E-26
   0.283333E+01   0.726744E-29   0.620224E-31   0.283486E-31   0.399065E-28   0.631242E-28   0.999027E-28   0.158182E-27   0.250556E-27   0.397001E-27   0.621658E-27   0.540231E-29   0.371566E-29   0.946246E-24   0.272715E-17   0.351309E-13   0.121093E-11   0.903574E-12   0.163511E-12   0.562346E-17   0.138767E-22   0.882386E-26   0.490372E-27   0.256508E-24   0.121216E-26   0.629694E-24   0.298442E-26
   0.283333E+01   0.991563E-27   0.113483E-28   0.906080E-29   0.553609E-26   0.875477E-26   0.138532E-25   0.219320E-25   0.347368E-25   0.550365E-25   0.861191E-25   0.731711E-27   0.580475E-27   0.131164E-21   0.378062E-15   0.487000E-11   0.167845E-09   0.126124E-09   0.229297E-10   0.782160E-15   0.193169E-20   0.122429E-23   0.590690E-25   0.355518E-22   0.146984E-24   0.873004E-22   0.364614E-24
   0.283333E+01   0.000000E+00   0.000000E+00   0.000000E+00   0.000000E+00   0.000000E+00   0.000000E+00   0.000000E+00   0.000000E+00   0.000000E+00   0.000000E+00   0.000000E+00   0.000000E+00   0.000000E+00   0.000000E+00   0.000000E+00   0.000000E+00   0.000000E+00   0.000000E+00   0.000000E+00   0.000000E+00   0.000000E+00   0.000000E+00   0.000000E+00   0.000000E+00   0.000000E+00   0.000000E+00
   0.283333E+01   0.246854E-26   0.461961E-26   0.923731E-26   0.194554E-25   0.385374E-25   0.764607E-25   0.151917E-24   0.302202E-24   0.601760E-24   0.119905E-23   0.236464E-23   0.472914E-23   0.360789E-20   0.195968E-13   0.318088E-09   0.138363E-07   0.130492E-07   0.234139E-08   0.715825E-13   0.180248E-18   0.100952E-20   0.484257E-20   0.999248E-20   0.193702E-19   0.390854E-19   0.774814E-19
   0.300000E+01   0.218750E-25   0.437500E-25   0.875000E-25   0.175000E-24   0.350000E-24   0.700000E-24   0.140000E-23   0.280000E-23   0.560000E-23   0.112000E-22   0.224000E-22   0.448000E-22   0.323937E-19   0.177171E-12   0.289821E-08   0.126709E-06   0.118655E-06   0.310190E-07   0.104882E-11   0.566633E-17   0.228409E-20   0.458749E-19   0.947858E-19   0.183499E-18   0.370278E-18   0.734003E-18
   0.300000E+01   0.602535E-40   0.163540E-35   0.327075E-35   0.304453E-38   0.496059E-38   0.785261E-38   0.523327E-34   0.104665E-33   0.209328E-33   0.418657E-33   0.837321E-33   0.167464E-32   0.120627E-33   0.294529E-27   0.423982E-23   0.210198E-21   0.223778E-21   0.455711E-22   0.176402E-27   0.115345E-31   0.409130E-32   0.171479E-29   0.322000E-33   0.685922E-29   0.792612E-33   0.274369E-28
   0.300000E+01   0.158986E-38   0.163549E-35   0.327077E-35   0.301655E-36   0.493825E-36   0.803662E-36   0.523355E-34   0.104670E-33   0.209338E-33   0.418679E-33   0.837357E-33   0.167464E-32   0.798507E-32   0.231853E-25   0.305653E-21   0.107201E-19   0.778170E-20   0.204995E-20   0.805111E-25   0.442007E-30   0.413668E-32   0.429680E-31   0.243111E-32   0.171822E-30   0.595375E-32   0.687344E-30
   0.300000E+01   0.734684E-40   0.163547E-35   0.327079E-35   0.113435E-37   0.188549E-37   0.313622E-37   0.523349E-34   0.104670E-33   0.209339E-33   0.418675E-33   0.837357E-33   0.167463E-32   0.336032E-33   0.102496E-26   0.156103E-22   0.445620E-21   0.339277E-21   0.828741E-22   0.229281E-26   0.275864E-31   0.409213E-32   0.171480E-29   0.384703E-33   0.685919E-29   0.101081E-32   0.274370E-28
   0.300000E+01   0.543519E-38   0.163550E-35   0.327078E-35   0.110188E-35   0.181569E-35   0.297156E-35   0.523348E-34   0.104670E-33   0.209340E-33   0.418676E-33   0.837357E-33   0.167463E-32   0.300081E-31   0.870274E-25   0.113165E-20   0.395929E-19   0.295531E-19   0.773301E-20   0.306963E-24   0.164142E-29   0.430173E-32   0.429496E-31   0.876104E-32   0.171847E-30   0.220488E-31   0.687492E-30
   0.300000E+01   0.492265E-36   0.163547E-35   0.327078E-35   0.102654E-33   0.169723E-33   0.278473E-33   0.131336E-35   0.262822E-35   0.525568E-35   0.105069E-34   0.210137E-34   0.419732E-34   0.283080E-29   0.819265E-23   0.106928E-18   0.371978E-17   0.277105E-17   0.732115E-18   0.278077E-22   0.147124E-27   0.253827E-31   0.429773E-31   0.827463E-30   0.171896E-30   0.203209E-29   0.687492E-30
   0.300000E+01   0.480875E-34   0.411805E-37   0.821435E-37   0.967139E-32   0.158781E-31   0.259058E-31   0.131796E-35   0.263536E-35   0.527073E-35   0.105369E-34   0.210829E-34   0.420906E-34   0.258734E-27   0.748693E-21   0.976291E-17   0.339389E-15   0.252662E-15   0.667295E-16   0.253395E-20   0.133992E-25   0.194433E-29   0.446567E-31   0.753122E-28   0.174818E-30   0.184909E-27   0.692619E-30
   0.300000E+01   0.265956E-39   0.163547E-35   0.327080E-35   0.415420E-37   0.684373E-37   0.112001E-36   0.523355E-34   0.104670E-33   0.209340E-33   0.418681E-33   0.837362E-33   0.167463E-32   0.115888E-32   0.336941E-26   0.472162E-22   0.178248E-20   0.114055E-20   0.308708E-21   0.106701E-25   0.722166E-31   0.409840E-32   0.171480E-29   0.617071E-33   0.685914E-29   0.154638E-32   0.274369E-28
   0.300000E+01   0.187447E-37   0.163547E-35   0.327080E-35   0.389008E-35   0.643059E-35   0.105496E-34   0.523354E-34   0.104671E-33   0.209340E-33   0.418678E-33   0.837359E-33   0.167463E-32   0.107233E-30   0.310516E-24   0.405423E-20   0.141102E-18   0.105140E-18   0.277817E-19   0.105492E-23   0.585497E-29   0.488349E-32   0.429619E-31   0.313377E-31   0.171835E-30   0.769550E-31   0.687344E-30
   0.300000E+01   0.164765E-35   0.410718E-37   0.819613E-37   0.349324E-33   0.579402E-33   0.953079E-33   0.131420E-35   0.262859E-35   0.525643E-35   0.105151E-34   0.210122E-34   0.419612E-34   0.976619E-29   0.282653E-22   0.369054E-18   0.128427E-16   0.956960E-17   0.252877E-17   0.960600E-22   0.508331E-27   0.777029E-31   0.430297E-31   0.285941E-29   0.171933E-30   0.702252E-29   0.687442E-30
   0.300000E+01   0.140459E-33   0.413627E-37   0.825902E-37   0.303078E-31   0.504407E-31   0.831974E-31   0.132502E-35   0.265003E-35   0.530082E-35   0.106024E-34   0.212048E-34   0.423343E-34   0.859793E-27   0.248853E-20   0.325060E-16   0.113156E-14   0.843404E-15   0.222887E-15   0.846268E-20   0.448105E-25   0.649832E-29   0.486195E-31   0.252205E-27   0.181794E-30   0.619415E-27   0.704502E-30
   0.300000E+01   0.116441E-31   0.656485E-37   0.133695E-36   0.238900E-29   0.397272E-29   0.654688E-29   0.223391E-35   0.449772E-35   0.904171E-35   0.181587E-34   0.364437E-34   0.730048E-34   0.673699E-25   0.194973E-18   0.254611E-14   0.886147E-13   0.659688E-13   0.172569E-13   0.658935E-18   0.348046E-23   0.490974E-27   0.529899E-30   0.197367E-25   0.101903E-29   0.484643E-25   0.215048E-29
   0.300000E+01   0.830951E-31   0.664828E-36   0.136427E-35   0.105171E-28   0.167487E-28   0.266490E-28   0.229320E-34   0.462411E-34   0.930849E-34   0.187135E-33   0.375800E-33   0.753977E-33   0.244919E-24   0.708145E-18   0.919433E-14   0.318570E-12   0.233996E-12   0.607514E-13   0.235503E-17   0.124105E-22   0.175235E-26   0.113503E-28   0.699074E-25   0.197963E-28   0.171401E-24   0.344020E-28
   0.300000E+01   0.493708E-39   0.163549E-35   0.327075E-35   0.102350E-36   0.168542E-36   0.278122E-36   0.523352E-34   0.104670E-33   0.209340E-33   0.418679E-33   0.837356E-33   0.167463E-32   0.285196E-32   0.823502E-26   0.110235E-21   0.376675E-20   0.284415E-20   0.781088E-21   0.283063E-25   0.164202E-30   0.410896E-32   0.171478E-29   0.106943E-32   0.685918E-29   0.274645E-32   0.274370E-28
   0.300000E+01   0.439179E-37   0.163549E-35   0.327078E-35   0.928673E-35   0.154001E-34   0.253276E-34   0.523350E-34   0.104670E-33   0.209340E-33   0.418682E-33   0.837356E-33   0.167461E-32   0.259438E-30   0.751048E-24   0.980767E-20   0.341353E-18   0.254392E-18   0.672190E-19   0.255321E-23   0.141747E-28   0.603220E-32   0.429619E-31   0.761263E-31   0.171773E-30   0.187216E-30   0.687147E-30
   0.300000E+01   0.539204E-35   0.410865E-37   0.819672E-37   0.116203E-32   0.193354E-32   0.318867E-32   0.131448E-35   0.262897E-35   0.525719E-35   0.105151E-34   0.210257E-34   0.419732E-34   0.329365E-28   0.953294E-22   0.124519E-17   0.433452E-16   0.323072E-16   0.853866E-17   0.324392E-21   0.171700E-26   0.252794E-30   0.431622E-31   0.966040E-29   0.172167E-30   0.237263E-28   0.687935E-30
   0.300000E+01   0.450692E-33   0.418976E-37   0.836775E-37   0.987294E-31   0.164814E-30   0.272506E-30   0.134232E-35   0.268539E-35   0.537229E-35   0.107506E-34   0.215313E-34   0.429904E-34   0.283749E-26   0.821304E-20   0.107322E-15   0.373707E-14   0.278598E-14   0.736021E-15   0.278948E-19   0.147787E-24   0.208321E-28   0.615925E-31   0.833734E-27   0.203882E-30   0.204777E-26   0.740888E-30
   0.300000E+01   0.343022E-31   0.105727E-36   0.218689E-36   0.660171E-29   0.109392E-28   0.179710E-28   0.376882E-35   0.762473E-35   0.153905E-34   0.310097E-34   0.624137E-34   0.125351E-33   0.182777E-24   0.528892E-18   0.690214E-14   0.240103E-12   0.178365E-12   0.463207E-13   0.178323E-17   0.940849E-23   0.132758E-26   0.158430E-29   0.533852E-25   0.281361E-29   0.131055E-24   0.508805E-29
   0.300000E+01   0.102064E-30   0.147652E-35   0.313498E-35   0.128428E-28   0.204087E-28   0.324138E-28   0.568864E-34   0.115950E-33   0.235418E-33   0.476501E-33   0.962138E-33   0.193874E-32   0.296054E-24   0.855982E-18   0.111100E-13   0.384837E-12   0.282804E-12   0.735775E-13   0.284603E-17   0.150018E-22   0.211728E-26   0.360345E-28   0.843731E-25   0.619812E-28   0.206869E-24   0.103115E-27
   0.300000E+01   0.107648E-30   0.117602E-33   0.243277E-33   0.134214E-28   0.211980E-28   0.335081E-28   0.415066E-32   0.839064E-32   0.169246E-31   0.340785E-31   0.685235E-31   0.137630E-30   0.301806E-24   0.872563E-18   0.113176E-13   0.391812E-12   0.288247E-12   0.750991E-13   0.289940E-17   0.152869E-22   0.215666E-26   0.175613E-27   0.857567E-25   0.437103E-27   0.210251E-24   0.108254E-26
   0.300000E+01   0.558360E-40   0.163547E-35   0.327079E-35   0.799336E-39   0.152814E-38   0.291523E-38   0.523349E-34   0.104670E-33   0.209340E-33   0.418678E-33   0.837365E-33   0.167464E-32   0.538513E-34   0.294529E-27   0.423982E-23   0.210198E-21   0.209341E-21   0.580090E-22   0.881964E-28   0.137255E-31   0.407663E-32   0.429526E-31   0.221204E-33   0.171872E-30   0.744742E-33   0.687344E-30
   0.300000E+01   0.136127E-36   0.163547E-35   0.327079E-35   0.292789E-34   0.487076E-34   0.803119E-34   0.523345E-34   0.104670E-33   0.525531E-35   0.105069E-34   0.210197E-34   0.419491E-34   0.829150E-30   0.240001E-23   0.313496E-19   0.109133E-17   0.813462E-18   0.214987E-18   0.816691E-23   0.432312E-28   0.103368E-31   0.429403E-31   0.243340E-30   0.171785E-30   0.597855E-30   0.687541E-30
   0.300000E+01   0.121416E-34   0.410953E-37   0.820260E-37   0.265916E-32   0.443879E-32   0.733887E-32   0.131477E-35   0.263141E-35   0.526095E-35   0.105234E-34   0.210438E-34   0.420093E-34   0.764134E-28   0.221178E-21   0.289019E-17   0.100640E-15   0.750322E-16   0.198341E-16   0.753599E-21   0.398970E-26   0.582067E-30   0.435104E-31   0.224527E-28   0.172808E-30   0.551480E-28   0.688823E-30
   0.300000E+01   0.100134E-32   0.442779E-37   0.888967E-37   0.221645E-30   0.371032E-30   0.614816E-30   0.144379E-35   0.289379E-35   0.579321E-35   0.116090E-34   0.232300E-34   0.464029E-34   0.644496E-26   0.186555E-19   0.243857E-15   0.849363E-14   0.633273E-14   0.167177E-14   0.632981E-19   0.335097E-24   0.473055E-28   0.891285E-31   0.189652E-26   0.252335E-30   0.465836E-26   0.823373E-30
   0.300000E+01   0.837738E-31   0.370977E-36   0.796950E-36   0.145792E-28   0.239480E-28   0.390542E-28   0.149026E-34   0.305115E-34   0.617678E-34   0.125386E-33   0.253747E-33   0.512207E-33   0.387394E-24   0.112073E-17   0.146062E-13   0.507580E-12   0.375618E-12   0.975056E-13   0.376403E-17   0.198500E-22   0.280079E-26   0.497996E-29   0.112467E-24   0.876969E-29   0.275991E-24   0.151388E-28
   0.300000E+01   0.117560E-30   0.828068E-35   0.180490E-34   0.147084E-28   0.232906E-28   0.368887E-28   0.347583E-33   0.714531E-33   0.145015E-32   0.295115E-32   0.598439E-32   0.121006E-31   0.334166E-24   0.966142E-18   0.125348E-13   0.434048E-12   0.319091E-12   0.831752E-13   0.321093E-17   0.169291E-22   0.238858E-26   0.102801E-27   0.950657E-25   0.201950E-27   0.233078E-24   0.363531E-27
   0.300000E+01   0.118989E-30   0.731500E-33   0.155492E-32   0.148066E-28   0.233848E-28   0.369635E-28   0.282241E-31   0.573429E-31   0.114412E-30   0.226322E-30   0.438673E-30   0.830658E-30   0.332891E-24   0.962434E-18   0.124833E-13   0.432162E-12   0.317881E-12   0.828953E-13   0.319789E-17   0.168620E-22   0.237876E-26   0.197707E-27   0.945871E-25   0.497195E-27   0.231900E-24   0.125264E-26
   0.300000E+01   0.543666E-40   0.163547E-35   0.327096E-35   0.799336E-39   0.145761E-38   0.291523E-38   0.523350E-34   0.104669E-33   0.209341E-33   0.418679E-33   0.837362E-33   0.167471E-32   0.538513E-34   0.294529E-27   0.423982E-23   0.210198E-21   0.202122E-21   0.559378E-22   0.934519E-32   0.128276E-31   0.407609E-32   0.429526E-31   0.189336E-33   0.171859E-30   0.769230E-33   0.687048E-30
   0.300000E+01   0.445219E-39   0.410600E-37   0.821318E-37   0.825315E-37   0.137815E-36   0.227388E-36   0.131430E-35   0.262765E-35   0.525493E-35   0.105121E-34   0.210137E-34   0.420394E-34   0.236946E-32   0.703335E-26   0.903853E-22   0.313615E-20   0.247600E-20   0.617635E-21   0.237207E-25   0.143565E-30   0.409385E-32   0.429742E-31   0.919172E-33   0.171810E-30   0.243077E-32   0.687245E-30
   0.300000E+01   0.406912E-37   0.410688E-37   0.821670E-37   0.904236E-35   0.151423E-34   0.250996E-34   0.131401E-35   0.262803E-35   0.525531E-35   0.105091E-34   0.210137E-34   0.420274E-34   0.263494E-30   0.762959E-24   0.997553E-20   0.347508E-18   0.259222E-18   0.685249E-19   0.260363E-23   0.144639E-28   0.607138E-32   0.429711E-31   0.777303E-31   0.171810E-30   0.191258E-30   0.687048E-30
   0.300000E+01   0.298383E-32   0.823463E-37   0.174643E-36   0.659047E-30   0.110541E-29   0.183446E-29   0.321446E-35   0.655963E-35   0.132193E-34   0.265071E-34   0.525433E-34   0.102908E-33   0.193110E-25   0.558981E-19   0.730815E-15   0.254586E-13   0.189783E-13   0.499898E-14   0.189550E-18   0.100245E-23   0.141398E-27   0.200829E-30   0.568734E-26   0.453542E-30   0.139696E-25   0.117210E-29
   0.300000E+01   0.116009E-30   0.296141E-35   0.666651E-35   0.187643E-28   0.304843E-28   0.492682E-28   0.138445E-33   0.286730E-33   0.581700E-33   0.116951E-32   0.230682E-32   0.445770E-32   0.474686E-24   0.137304E-17   0.178677E-13   0.620170E-12   0.457809E-12   0.120133E-12   0.459746E-17   0.242663E-22   0.341989E-26   0.114983E-28   0.136877E-24   0.205843E-28   0.335819E-24   0.356596E-28
   0.300000E+01   0.105512E-31   0.961253E-35   0.217946E-34   0.133720E-29   0.211410E-29   0.334434E-29   0.459942E-33   0.954615E-33   0.193969E-32   0.390432E-32   0.770685E-32   0.148977E-31   0.301883E-25   0.872806E-19   0.113220E-14   0.391993E-13   0.287978E-13   0.756188E-14   0.289996E-18   0.153004E-23   0.215902E-27   0.170658E-28   0.858212E-26   0.422090E-28   0.210416E-25   0.100370E-27
   0.300000E+01   0.126705E-30   0.857131E-32   0.166632E-31   0.153733E-28   0.242794E-28   0.383772E-28   0.159281E-30   0.265420E-30   0.436550E-30   0.712231E-30   0.115385E-29   0.185960E-29   0.345614E-24   0.999217E-18   0.129603E-13   0.448677E-12   0.329606E-12   0.865274E-13   0.331917E-17   0.175116E-22   0.246961E-26   0.205959E-27   0.982013E-25   0.519336E-27   0.240762E-24   0.131440E-26
   0.300000E+01   0.551111E-35   0.163596E-35   0.837069E-37   0.120331E-32   0.200774E-32   0.331832E-32   0.133263E-35   0.266000E-35   0.531323E-35   0.106084E-34   0.211837E-34   0.423163E-34   0.345129E-28   0.998965E-22   0.130530E-17   0.454502E-16   0.338842E-16   0.895677E-17   0.340304E-21   0.180157E-26   0.265077E-30   0.432423E-31   0.101386E-28   0.172352E-30   0.249021E-28   0.688330E-30
   0.300000E+01   0.137114E-34   0.429908E-37   0.861108E-37   0.304694E-32   0.510122E-32   0.845415E-32   0.136132E-35   0.271022E-35   0.540088E-35   0.107596E-34   0.214440E-34   0.427737E-34   0.886838E-28   0.256707E-21   0.335571E-17   0.116885E-15   0.871665E-16   0.230454E-16   0.875693E-21   0.463708E-26   0.675920E-30   0.437107E-31   0.261020E-28   0.173166E-30   0.641155E-28   0.689809E-30
   0.300000E+01   0.664342E-33   0.134935E-36   0.277546E-36   0.150242E-30   0.252392E-30   0.419419E-30   0.365814E-35   0.676521E-35   0.124730E-34   0.230577E-34   0.427180E-34   0.793934E-34   0.443713E-26   0.128446E-19   0.167977E-15   0.585289E-14   0.436602E-14   0.115438E-14   0.438277E-19   0.232259E-24   0.326521E-28   0.807099E-31   0.130845E-26   0.240576E-30   0.321424E-26   0.808138E-30
   0.300000E+01   0.224219E-28   0.320626E-32   0.671285E-32   0.487182E-26   0.817736E-26   0.135765E-25   0.815766E-31   0.144198E-30   0.251891E-30   0.438265E-30   0.758583E-30   0.130669E-29   0.142978E-21   0.413864E-15   0.541078E-11   0.188487E-09   0.140463E-09   0.369722E-10   0.140330E-14   0.741762E-20   0.104423E-23   0.132220E-26   0.421036E-22   0.240382E-26   0.103415E-21   0.421143E-26
   0.300000E+01   0.126617E-28   0.832660E-32   0.178333E-31   0.195007E-26   0.313390E-26   0.502131E-26   0.229161E-30   0.408288E-30   0.717722E-30   0.125504E-29   0.218094E-29   0.376843E-29   0.470927E-22   0.136200E-15   0.177001E-11   0.613672E-10   0.453506E-10   0.119505E-10   0.455322E-15   0.240454E-20   0.338560E-24   0.303610E-26   0.134969E-22   0.570588E-26   0.331104E-22   0.105092E-25
   0.300000E+01   0.355239E-30   0.197893E-31   0.400591E-31   0.481907E-28   0.761651E-28   0.120460E-27   0.378950E-30   0.628586E-30   0.103303E-29   0.168886E-29   0.274839E-29   0.445611E-29   0.108675E-23   0.314223E-17   0.407591E-13   0.141104E-11   0.104164E-11   0.274302E-12   0.104639E-16   0.552496E-22   0.778172E-26   0.559668E-27   0.308883E-24   0.138594E-26   0.757478E-24   0.341619E-26
   0.300000E+01   0.431665E-28   0.626401E-29   0.995404E-29   0.648835E-26   0.102535E-25   0.162153E-25   0.632531E-28   0.100398E-27   0.159347E-27   0.252893E-27   0.401334E-27   0.636862E-27   0.146280E-21   0.423010E-15   0.548692E-11   0.189931E-09   0.141211E-09   0.373490E-10   0.141350E-14   0.747170E-20   0.105047E-23   0.648268E-25   0.415742E-22   0.161284E-24   0.101987E-21   0.399990E-24
   0.300000E+01   0.000000E+00   0.000000E+00   0.000000E+00   0.000000E+00   0.000000E+00   0.000000E+00   0.000000E+00   0.000000E+00   0.000000E+00   0.000000E+00   0.000000E+00   0.000000E+00   0.000000E+00   0.000000E+00   0.000000E+00   0.000000E+00   0.000000E+00   0.000000E+00   0.000000E+00   0.000000E+00   0.000000E+00   0.000000E+00   0.000000E+00   0.000000E+00   0.000000E+00   0.000000E+00
   0.300000E+01   0.231612E-26   0.461881E-26   0.923739E-26   0.196593E-25   0.388676E-25   0.769936E-25   0.147790E-24   0.295577E-24   0.591151E-24   0.118230E-23   0.236458E-23   0.472915E-23   0.344943E-20   0.187888E-13   0.307063E-09   0.134145E-07   0.125543E-07   0.328205E-08   0.111005E-12   0.599679E-18   0.241326E-21   0.484257E-20   0.100143E-19   0.193702E-19   0.391078E-19   0.774814E-19
   0.316667E+01   0.218750E-25   0.437500E-25   0.875000E-25   0.175000E-24   0.350000E-24   0.700000E-24   0.140000E-23   0.280000E-23   0.560000E-23   0.112000E-22   0.224000E-22   0.448000E-22   0.309453E-19   0.169834E-12   0.279748E-08   0.122844E-06   0.118671E-06   0.349677E-07   0.156625E-11   0.162922E-15   0.512014E-20   0.458749E-19   0.949752E-19   0.183499E-18   0.370457E-18   0.734003E-18
   0.316667E+01   0.817739E-36   0.163540E-35   0.327075E-35   0.654159E-35   0.130831E-34   0.261665E-34   0.523327E-34   0.104665E-33   0.209328E-33   0.418657E-33   0.837321E-33   0.167464E-32   0.115233E-33   0.282332E-27   0.409247E-23   0.203771E-21   0.224095E-21   0.584823E-22   0.526295E-27   0.273926E-30   0.895664E-32   0.171478E-29   0.318757E-33   0.685914E-29   0.744306E-33   0.274370E-28
   0.316667E+01   0.817740E-36   0.163549E-35   0.327098E-35   0.654193E-35   0.130838E-34   0.261675E-34   0.523355E-34   0.104670E-33   0.209338E-33   0.418679E-33   0.837357E-33   0.167464E-32   0.102743E-31   0.300401E-25   0.388599E-21   0.137016E-19   0.105903E-19   0.312148E-20   0.162625E-24   0.161658E-28   0.901546E-32   0.429557E-31   0.327191E-32   0.171835E-30   0.828762E-32   0.687196E-30
   0.316667E+01   0.817739E-36   0.163549E-35   0.327095E-35   0.654192E-35   0.130838E-34   0.261675E-34   0.523349E-34   0.104670E-33   0.209339E-33   0.418675E-33   0.837357E-33   0.167463E-32   0.388913E-33   0.133261E-26   0.150677E-22   0.660219E-21   0.549394E-21   0.159099E-21   0.526295E-26   0.974489E-30   0.895794E-32   0.171478E-29   0.387623E-33   0.685923E-29   0.106172E-32   0.274368E-28
   0.316667E+01   0.817742E-36   0.163549E-35   0.327095E-35   0.654190E-35   0.130838E-34   0.261675E-34   0.523348E-34   0.104670E-33   0.209340E-33   0.418676E-33   0.837357E-33   0.167463E-32   0.384633E-31   0.111905E-24   0.147050E-20   0.514319E-19   0.395058E-19   0.116593E-19   0.589582E-24   0.600405E-28   0.923220E-32   0.429557E-31   0.119154E-31   0.171761E-30   0.291013E-31   0.687196E-30
   0.316667E+01   0.817737E-36   0.163549E-35   0.327097E-35   0.654196E-35   0.130838E-34   0.261675E-34   0.131336E-35   0.262822E-35   0.525568E-35   0.105069E-34   0.210137E-34   0.419732E-34   0.363315E-29   0.105480E-22   0.138629E-18   0.484378E-17   0.371823E-17   0.109797E-17   0.555761E-22   0.565613E-26   0.367996E-31   0.429896E-31   0.111316E-29   0.171859E-30   0.273113E-29   0.687245E-30
   0.316667E+01   0.205903E-37   0.412040E-37   0.823786E-37   0.164757E-36   0.329491E-36   0.659076E-36   0.131862E-35   0.263536E-35   0.527148E-35   0.105437E-34   0.210889E-34   0.420906E-34   0.332231E-27   0.964412E-21   0.126637E-16   0.442164E-15   0.339200E-15   0.100126E-15   0.506684E-20   0.515368E-24   0.254746E-29   0.452052E-31   0.101374E-27   0.175693E-30   0.248645E-27   0.693704E-30
   0.316667E+01   0.817733E-36   0.163546E-35   0.327092E-35   0.654185E-35   0.130838E-34   0.261674E-34   0.523351E-34   0.104670E-33   0.209340E-33   0.418678E-33   0.837363E-33   0.167463E-32   0.149598E-32   0.442696E-26   0.595268E-22   0.197251E-20   0.164095E-20   0.496028E-21   0.219728E-25   0.259556E-29   0.896432E-32   0.171479E-29   0.726946E-33   0.685918E-29   0.182056E-32   0.274371E-28
   0.316667E+01   0.817736E-36   0.163547E-35   0.327095E-35   0.654192E-35   0.130838E-34   0.261675E-34   0.523352E-34   0.104671E-33   0.209339E-33   0.418683E-33   0.837354E-33   0.167463E-32   0.137375E-30   0.399014E-24   0.524469E-20   0.183378E-18   0.140775E-18   0.415730E-19   0.210347E-23   0.214148E-27   0.999079E-32   0.429434E-31   0.421428E-31   0.171822E-30   0.103401E-30   0.687196E-30
   0.316667E+01   0.817740E-36   0.410835E-37   0.821494E-37   0.164240E-36   0.328480E-36   0.657101E-36   0.131420E-35   0.262859E-35   0.525568E-35   0.105114E-34   0.210197E-34   0.419612E-34   0.125209E-28   0.363524E-22   0.477962E-18   0.167056E-16   0.128271E-16   0.378842E-17   0.191781E-21   0.195232E-25   0.105119E-30   0.430420E-31   0.384286E-29   0.171946E-30   0.942801E-29   0.687541E-30
   0.316667E+01   0.207019E-37   0.414009E-37   0.828430E-37   0.165780E-36   0.331513E-36   0.663214E-36   0.132624E-35   0.265323E-35   0.530571E-35   0.106114E-34   0.212274E-34   0.423735E-34   0.110247E-26   0.320101E-20   0.421046E-16   0.147212E-14   0.113066E-14   0.333948E-15   0.168937E-19   0.172057E-23   0.849443E-29   0.504036E-31   0.338996E-27   0.184666E-30   0.831733E-27   0.708791E-30
   0.316667E+01   0.336162E-37   0.686283E-37   0.140101E-36   0.284940E-36   0.577873E-36   0.116821E-35   0.234535E-35   0.472361E-35   0.949950E-35   0.190840E-34   0.383095E-34   0.767423E-34   0.852334E-25   0.247444E-18   0.325360E-14   0.113728E-12   0.872214E-13   0.255100E-13   0.129792E-17   0.131807E-21   0.645541E-27   0.681440E-30   0.261649E-25   0.127453E-29   0.641816E-25   0.252268E-29
   0.316667E+01   0.367758E-36   0.751826E-36   0.154329E-35   0.315103E-35   0.640661E-35   0.129817E-34   0.259466E-34   0.523232E-34   0.105333E-33   0.211761E-33   0.425286E-33   0.853265E-33   0.289784E-24   0.840472E-18   0.109867E-13   0.382294E-12   0.289592E-12   0.837584E-13   0.433797E-17   0.439364E-21   0.214837E-26   0.151179E-28   0.866387E-25   0.261478E-28   0.212193E-24   0.437235E-28
   0.316667E+01   0.817736E-36   0.163549E-35   0.327097E-35   0.654190E-35   0.130839E-34   0.261676E-34   0.523351E-34   0.104671E-33   0.209341E-33   0.418682E-33   0.837359E-33   0.167463E-32   0.357430E-32   0.104237E-25   0.139888E-21   0.483346E-20   0.367227E-20   0.114180E-20   0.559188E-25   0.588270E-29   0.897894E-32   0.171478E-29   0.133379E-32   0.685919E-29   0.339287E-32   0.274371E-28
   0.316667E+01   0.817740E-36   0.163548E-35   0.327095E-35   0.654194E-35   0.130837E-34   0.261675E-34   0.523347E-34   0.104670E-33   0.209340E-33   0.418681E-33   0.837357E-33   0.167463E-32   0.327812E-30   0.951988E-24   0.125166E-19   0.437579E-18   0.336034E-18   0.992445E-19   0.502256E-23   0.511397E-27   0.114553E-31   0.429619E-31   0.100796E-30   0.171835E-30   0.247510E-30   0.686949E-30
   0.316667E+01   0.205329E-37   0.410806E-37   0.821377E-37   0.164240E-36   0.328621E-36   0.657148E-36   0.131401E-35   0.262822E-35   0.525568E-35   0.105121E-34   0.210197E-34   0.419823E-34   0.421873E-28   0.122490E-21   0.161115E-17   0.563303E-16   0.432642E-16   0.127801E-16   0.647037E-21   0.658853E-25   0.333548E-30   0.432392E-31   0.129709E-28   0.172291E-30   0.318245E-28   0.688034E-30
   0.316667E+01   0.209738E-37   0.419857E-37   0.841007E-37   0.168331E-36   0.336897E-36   0.674028E-36   0.134881E-35   0.269856E-35   0.539900E-35   0.107980E-34   0.216020E-34   0.431258E-34   0.363300E-26   0.105489E-19   0.138806E-15   0.485461E-14   0.372929E-14   0.110112E-14   0.556027E-19   0.566288E-23   0.280854E-28   0.674873E-31   0.111897E-26   0.213669E-30   0.274558E-26   0.755087E-30
   0.316667E+01   0.546076E-37   0.113124E-36   0.234529E-36   0.482917E-36   0.988802E-36   0.201494E-35   0.405386E-35   0.820457E-35   0.165686E-34   0.333878E-34   0.672165E-34   0.135011E-33   0.226676E-24   0.657957E-18   0.864496E-14   0.302011E-12   0.231162E-12   0.670149E-13   0.344233E-17   0.349119E-21   0.170903E-26   0.205798E-29   0.693484E-25   0.360696E-29   0.170058E-24   0.622075E-29
   0.316667E+01   0.788993E-36   0.167920E-35   0.356639E-35   0.748179E-35   0.155425E-34   0.320385E-34   0.647422E-34   0.131972E-33   0.267962E-33   0.542396E-33   0.109522E-32   0.220696E-32   0.346105E-24   0.100381E-17   0.131176E-13   0.456313E-12   0.345772E-12   0.100309E-12   0.517982E-17   0.524824E-21   0.256415E-26   0.479149E-28   0.103322E-24   0.823646E-28   0.253056E-24   0.132566E-27
   0.316667E+01   0.655179E-34   0.134814E-33   0.278925E-33   0.573093E-33   0.117102E-32   0.238227E-32   0.476048E-32   0.962392E-32   0.194130E-31   0.390903E-31   0.786033E-31   0.157878E-30   0.350127E-24   0.101543E-17   0.132612E-13   0.461073E-12   0.349689E-12   0.101648E-12   0.523676E-17   0.530758E-21   0.259166E-26   0.201276E-27   0.104236E-24   0.501125E-27   0.255285E-24   0.123970E-26
   0.316667E+01   0.817734E-36   0.163549E-35   0.327093E-35   0.654191E-35   0.130838E-34   0.261677E-34   0.523351E-34   0.104670E-33   0.209340E-33   0.418679E-33   0.837363E-33   0.167463E-32   0.514435E-34   0.282332E-27   0.409247E-23   0.203771E-21   0.209637E-21   0.655085E-22   0.000000E+00   0.386764E-30   0.893839E-32   0.429650E-31   0.177321E-33   0.171847E-30   0.744988E-33   0.687196E-30
   0.316667E+01   0.817739E-36   0.163547E-35   0.327095E-35   0.654191E-35   0.130838E-34   0.261674E-34   0.523349E-34   0.262784E-35   0.525568E-35   0.105106E-34   0.210137E-34   0.419672E-34   0.104419E-29   0.303202E-23   0.398804E-19   0.139432E-17   0.107100E-17   0.316352E-18   0.160158E-22   0.163081E-26   0.169708E-31   0.429557E-31   0.321154E-30   0.171822E-30   0.788298E-30   0.687147E-30
   0.316667E+01   0.205594E-37   0.411188E-37   0.822317E-37   0.164440E-36   0.328833E-36   0.657901E-36   0.131552E-35   0.263160E-35   0.526321E-35   0.105226E-34   0.210483E-34   0.420184E-34   0.965401E-28   0.280318E-21   0.368857E-17   0.129004E-15   0.991086E-16   0.292814E-16   0.148263E-20   0.151011E-24   0.753023E-30   0.436706E-31   0.297356E-28   0.173018E-30   0.729623E-28   0.689217E-30
   0.316667E+01   0.223079E-37   0.449098E-37   0.904073E-37   0.181884E-36   0.365485E-36   0.733838E-36   0.146956E-35   0.294475E-35   0.590192E-35   0.118272E-34   0.236844E-34   0.473297E-34   0.812992E-26   0.236070E-19   0.310732E-15   0.108703E-13   0.835148E-14   0.246387E-14   0.124329E-18   0.126519E-22   0.619219E-28   0.103038E-30   0.250765E-26   0.276259E-30   0.615319E-26   0.859266E-30
   0.316667E+01   0.201718E-36   0.436317E-36   0.939773E-36   0.199473E-35   0.418375E-35   0.869128E-35   0.176623E-34   0.359667E-34   0.733287E-34   0.148919E-33   0.301473E-33   0.608726E-33   0.466371E-24   0.135339E-17   0.177574E-13   0.619678E-12   0.472727E-12   0.136725E-12   0.705300E-17   0.714857E-21   0.349552E-26   0.646487E-29   0.141775E-24   0.113213E-28   0.347530E-24   0.189559E-28
   0.316667E+01   0.465958E-35   0.102366E-34   0.223414E-34   0.479023E-34   0.101261E-33   0.211650E-33   0.431568E-33   0.881666E-33   0.180291E-32   0.366997E-32   0.744352E-32   0.150534E-31   0.388528E-24   0.112682E-17   0.147196E-13   0.511885E-12   0.388002E-12   0.112796E-12   0.581228E-17   0.589063E-21   0.287675E-26   0.128406E-27   0.115796E-24   0.257980E-27   0.283600E-24   0.465892E-27
   0.316667E+01   0.429151E-33   0.913260E-33   0.194434E-32   0.408805E-32   0.850889E-32   0.175625E-31   0.353951E-31   0.713274E-31   0.142788E-30   0.280684E-30   0.539631E-30   0.101255E-29   0.386152E-24   0.111991E-17   0.146256E-13   0.508508E-12   0.385614E-12   0.112169E-12   0.577537E-17   0.585387E-21   0.285827E-26   0.225855E-27   0.114959E-24   0.567329E-27   0.281545E-24   0.142637E-26
   0.316667E+01   0.817734E-36   0.163546E-35   0.327094E-35   0.654191E-35   0.130838E-34   0.261675E-34   0.523349E-34   0.104669E-33   0.209339E-33   0.418678E-33   0.837359E-33   0.167472E-32   0.514435E-34   0.282332E-27   0.409247E-23   0.203771E-21   0.202408E-21   0.772076E-22   0.131574E-27   0.438054E-30   0.893579E-32   0.429495E-31   0.208402E-33   0.171847E-30   0.744671E-33   0.687097E-30
   0.316667E+01   0.205256E-37   0.410600E-37   0.821612E-37   0.164228E-36   0.328457E-36   0.657101E-36   0.131411E-35   0.262652E-35   0.525531E-35   0.105076E-34   0.210167E-34   0.420184E-34   0.302488E-32   0.891039E-26   0.114403E-21   0.420584E-20   0.325299E-20   0.947569E-21   0.478928E-25   0.505803E-29   0.895864E-32   0.429526E-31   0.112813E-32   0.171859E-30   0.292771E-32   0.687097E-30
   0.316667E+01   0.205374E-37   0.410600E-37   0.821318E-37   0.164240E-36   0.328551E-36   0.657054E-36   0.131354E-35   0.262765E-35   0.525531E-35   0.105121E-34   0.210212E-34   0.420424E-34   0.335099E-30   0.973254E-24   0.128133E-19   0.448354E-18   0.344578E-18   0.101822E-18   0.515506E-23   0.525236E-27   0.115235E-31   0.429465E-31   0.103562E-30   0.171761E-30   0.254381E-30   0.687541E-30
   0.316667E+01   0.448730E-37   0.964758E-37   0.206599E-36   0.437448E-36   0.916815E-36   0.190463E-35   0.388355E-35   0.790083E-35   0.159852E-34   0.319388E-34   0.629448E-34   0.122306E-33   0.242005E-25   0.702718E-19   0.925117E-15   0.323678E-13   0.248629E-13   0.731735E-14   0.369891E-18   0.376070E-22   0.184210E-27   0.248043E-30   0.746995E-26   0.537605E-30   0.183293E-25   0.130522E-29
   0.316667E+01   0.170786E-35   0.390956E-35   0.882406E-35   0.194377E-34   0.419884E-34   0.892700E-34   0.184227E-33   0.378627E-33   0.771357E-33   0.154250E-32   0.302067E-32   0.578891E-32   0.549176E-24   0.159345E-17   0.208757E-13   0.727614E-12   0.553852E-12   0.161957E-12   0.828004E-17   0.840088E-21   0.409787E-26   0.147186E-28   0.165816E-24   0.263183E-28   0.406383E-24   0.446954E-28
   0.316667E+01   0.576419E-35   0.133096E-34   0.302491E-34   0.669962E-34   0.145343E-33   0.310053E-33   0.641474E-33   0.132104E-32   0.269555E-32   0.539648E-32   0.105755E-31   0.202735E-31   0.349307E-25   0.101308E-18   0.132317E-14   0.460081E-13   0.348557E-13   0.101956E-13   0.522460E-18   0.529851E-22   0.259008E-27   0.197378E-28   0.104039E-25   0.492758E-28   0.254813E-25   0.118505E-27
   0.316667E+01   0.558464E-32   0.111378E-31   0.211106E-31   0.381582E-31   0.666351E-31   0.113510E-30   0.189368E-30   0.312514E-30   0.511076E-30   0.829330E-30   0.133802E-29   0.214968E-29   0.400704E-24   0.116211E-17   0.151767E-13   0.527670E-12   0.399729E-12   0.116866E-12   0.599167E-17   0.607604E-21   0.296604E-26   0.234893E-27   0.119290E-24   0.591363E-27   0.292155E-24   0.149295E-26
   0.316667E+01   0.818043E-36   0.421003E-37   0.842124E-37   0.168249E-36   0.335933E-36   0.670173E-36   0.133743E-35   0.266828E-35   0.532715E-35   0.106272E-34   0.212304E-34   0.423855E-34   0.410627E-28   0.119231E-21   0.156881E-17   0.548653E-16   0.421491E-16   0.124525E-16   0.630506E-21   0.642169E-25   0.325370E-30   0.433193E-31   0.126448E-28   0.172513E-30   0.310265E-28   0.688428E-30
   0.316667E+01   0.217937E-37   0.437519E-37   0.875743E-37   0.174690E-36   0.347852E-36   0.691661E-36   0.137533E-35   0.273505E-35   0.544226E-35   0.108296E-34   0.215689E-34   0.429873E-34   0.109670E-27   0.318459E-21   0.419202E-17   0.146656E-15   0.112699E-15   0.333018E-16   0.168637E-20   0.171804E-24   0.855573E-30   0.439079E-31   0.338367E-28   0.173610E-30   0.830312E-28   0.690302E-30
   0.316667E+01   0.793929E-37   0.168340E-36   0.341111E-36   0.663237E-36   0.125319E-35   0.232597E-35   0.425802E-35   0.778234E-35   0.142301E-34   0.260535E-34   0.478203E-34   0.880300E-34   0.531328E-26   0.154295E-19   0.203190E-15   0.711091E-14   0.546596E-14   0.161522E-14   0.817006E-19   0.832732E-23   0.403058E-28   0.895691E-31   0.164242E-26   0.256723E-30   0.403058E-26   0.834565E-30
   0.316667E+01   0.198618E-32   0.432572E-32   0.885186E-32   0.171302E-31   0.318603E-31   0.576638E-31   0.101954E-30   0.178755E-30   0.311678E-30   0.540377E-30   0.932321E-30   0.160078E-29   0.168720E-21   0.489911E-15   0.644918E-11   0.225632E-09   0.173269E-09   0.509353E-10   0.257840E-14   0.262032E-18   0.127805E-23   0.162515E-26   0.520618E-22   0.295627E-26   0.127742E-21   0.511013E-26
   0.316667E+01   0.526146E-32   0.117856E-31   0.246843E-31   0.486880E-31   0.919692E-31   0.168556E-30   0.301044E-30   0.532112E-30   0.933811E-30   0.162737E-29   0.281919E-29   0.485606E-29   0.531795E-22   0.154287E-15   0.201864E-11   0.702824E-10   0.535432E-10   0.157589E-10   0.800497E-15   0.812845E-19   0.395797E-24   0.390083E-26   0.159619E-22   0.733631E-26   0.391167E-22   0.133472E-25
   0.316667E+01   0.130546E-31   0.277396E-31   0.532946E-31   0.956704E-31   0.164977E-30   0.277719E-30   0.459878E-30   0.755214E-30   0.123301E-29   0.200364E-29   0.324403E-29   0.523658E-29   0.123615E-23   0.358546E-17   0.468279E-13   0.162811E-11   0.123875E-11   0.363988E-12   0.185307E-16   0.188105E-20   0.916582E-26   0.633004E-27   0.368121E-24   0.156961E-26   0.901800E-24   0.387349E-26
   0.316667E+01   0.430268E-29   0.683833E-29   0.108615E-28   0.172457E-28   0.273777E-28   0.434580E-28   0.689777E-28   0.109478E-27   0.173751E-27   0.275745E-27   0.437587E-27   0.694372E-27   0.161764E-21   0.469268E-15   0.612881E-11   0.213065E-09   0.163194E-09   0.483094E-10   0.243377E-14   0.247425E-18   0.120247E-23   0.707091E-25   0.481719E-22   0.175888E-24   0.118053E-21   0.436100E-24
   0.316667E+01   0.000000E+00   0.000000E+00   0.000000E+00   0.000000E+00   0.000000E+00   0.000000E+00   0.000000E+00   0.000000E+00   0.000000E+00   0.000000E+00   0.000000E+00   0.000000E+00   0.000000E+00   0.000000E+00   0.000000E+00   0.000000E+00   0.000000E+00   0.000000E+00   0.000000E+00   0.000000E+00   0.000000E+00   0.000000E+00   0.000000E+00   0.000000E+00   0.000000E+00   0.000000E+00
   0.316667E+01   0.230951E-26   0.461886E-26   0.923748E-26   0.184746E-25   0.369485E-25   0.738960E-25   0.147790E-24   0.295578E-24   0.591152E-24   0.118230E-23   0.236459E-23   0.472915E-23   0.330076E-20   0.180268E-13   0.296603E-09   0.130128E-07   0.125616E-07   0.370143E-08   0.165851E-12   0.172506E-16   0.540739E-21   0.484257E-20   0.100359E-19   0.193702E-19   0.391308E-19   0.774814E-19
   0.333333E+01   0.218750E-25   0.422222E-25   0.875000E-25   0.172174E-24   0.346152E-24   0.700000E-24   0.139279E-23   0.280000E-23   0.558607E-23   0.112000E-22   0.223712E-22   0.448000E-22   0.295809E-19   0.162896E-12   0.270166E-08   0.119154E-06   0.118559E-06   0.388642E-07   0.233011E-11   0.195364E-16   0.123966E-20   0.458749E-19   0.951655E-19   0.183499E-18   0.370636E-18   0.734002E-18
   0.333333E+01   0.771565E-38   0.267652E-39   0.327075E-35   0.994598E-39   0.122009E-36   0.261665E-34   0.826666E-38   0.104665E-33   0.197118E-35   0.418657E-33   0.788971E-35   0.167464E-32   0.178998E-33   0.606586E-27   0.952143E-23   0.197636E-21   0.224139E-21   0.650162E-22   0.977305E-27   0.367156E-31   0.226462E-32   0.171478E-29   0.315726E-33   0.685914E-29   0.844900E-33   0.274370E-28
   0.333333E+01   0.783320E-38   0.780940E-39   0.327077E-35   0.250963E-38   0.122915E-36   0.261661E-34   0.145334E-37   0.104664E-33   0.197417E-35   0.418656E-33   0.789569E-35   0.167464E-32   0.129842E-31   0.379550E-25   0.497629E-21   0.174710E-19   0.137593E-19   0.452105E-20   0.318561E-24   0.263320E-29   0.232301E-32   0.429403E-31   0.412648E-32   0.171822E-30   0.106478E-31   0.687294E-30
   0.333333E+01   0.772300E-38   0.281738E-39   0.327079E-35   0.109868E-38   0.122101E-36   0.261664E-34   0.863786E-38   0.104665E-33   0.197004E-35   0.418661E-33   0.787613E-35   0.167463E-32   0.513389E-33   0.164645E-26   0.195818E-22   0.996085E-21   0.549503E-21   0.176881E-21   0.113960E-25   0.112275E-30   0.226635E-32   0.171480E-29   0.453843E-33   0.685918E-29   0.118714E-32   0.274370E-28
   0.333333E+01   0.815352E-38   0.215919E-38   0.327078E-35   0.634924E-38   0.125100E-36   0.261664E-34   0.315574E-37   0.104664E-33   0.198767E-35   0.418657E-33   0.793321E-35   0.167463E-32   0.485517E-31   0.141605E-24   0.187321E-20   0.658127E-19   0.520365E-19   0.169574E-19   0.115385E-23   0.987975E-29   0.251527E-32   0.429619E-31   0.155886E-31   0.171822E-30   0.382181E-31   0.687245E-30
   0.333333E+01   0.479249E-37   0.176438E-36   0.327078E-35   0.495726E-36   0.410580E-36   0.261664E-34   0.216104E-35   0.262295E-35   0.201457E-35   0.104880E-34   0.523992E-35   0.419732E-34   0.459097E-29   0.133694E-22   0.176922E-18   0.620865E-17   0.490398E-17   0.159925E-17   0.108895E-21   0.891486E-27   0.271312E-31   0.429958E-31   0.147334E-29   0.171859E-30   0.361096E-29   0.687738E-30
   0.333333E+01   0.393294E-35   0.169795E-34   0.822317E-37   0.466930E-34   0.270337E-34   0.657759E-36   0.200024E-33   0.263217E-35   0.179656E-33   0.105242E-34   0.457796E-33   0.421086E-34   0.420023E-27   0.122299E-20   0.161699E-16   0.567034E-15   0.447596E-15   0.145913E-15   0.993274E-20   0.812764E-25   0.227011E-29   0.458646E-31   0.134244E-27   0.176864E-30   0.328935E-27   0.695528E-30
   0.333333E+01   0.772594E-38   0.338269E-39   0.327079E-35   0.126060E-38   0.122262E-36   0.261662E-34   0.919305E-38   0.104664E-33   0.197002E-35   0.418657E-33   0.789106E-35   0.167462E-32   0.182145E-32   0.538345E-26   0.698837E-22   0.245858E-20   0.214017E-20   0.630430E-21   0.437772E-25   0.397581E-30   0.227344E-32   0.171478E-29   0.887764E-33   0.685919E-29   0.216938E-32   0.274371E-28
   0.333333E+01   0.923939E-38   0.691516E-38   0.327078E-35   0.197069E-37   0.133097E-36   0.261659E-34   0.900234E-37   0.104665E-33   0.204130E-35   0.418660E-33   0.807136E-35   0.167464E-32   0.173288E-30   0.504832E-24   0.668099E-20   0.234531E-18   0.185327E-18   0.604248E-19   0.411309E-23   0.352815E-28   0.319107E-32   0.429527E-31   0.557815E-31   0.171810E-30   0.136389E-30   0.687097E-30
   0.333333E+01   0.142020E-36   0.592506E-36   0.819731E-37   0.167966E-35   0.986441E-36   0.655597E-36   0.738574E-35   0.262239E-35   0.675438E-35   0.104895E-34   0.174043E-34   0.419612E-34   0.158049E-28   0.460275E-22   0.609344E-18   0.213899E-16   0.168997E-16   0.551223E-17   0.375377E-21   0.307377E-26   0.880413E-31   0.430852E-31   0.508091E-29   0.171983E-30   0.124529E-28   0.687640E-30
   0.333333E+01   0.114550E-34   0.508815E-34   0.827078E-37   0.145698E-33   0.855528E-34   0.662508E-36   0.646014E-33   0.265116E-35   0.587544E-33   0.106024E-34   0.150904E-32   0.424066E-34   0.139179E-26   0.405340E-20   0.536841E-16   0.188512E-14   0.148979E-14   0.485933E-15   0.330614E-19   0.270943E-24   0.728741E-29   0.526285E-31   0.448259E-27   0.188438E-30   0.109870E-26   0.714264E-30
   0.333333E+01   0.948361E-33   0.424259E-32   0.146514E-36   0.122720E-31   0.723138E-32   0.122486E-35   0.548838E-31   0.495626E-35   0.500707E-31   0.200417E-34   0.128853E-30   0.807145E-34   0.106105E-24   0.308969E-18   0.409025E-14   0.143583E-12   0.113298E-12   0.365796E-13   0.250489E-17   0.204690E-22   0.551471E-27   0.868146E-30   0.341039E-25   0.159000E-29   0.835675E-25   0.297228E-29
   0.333333E+01   0.112164E-31   0.345003E-31   0.173354E-35   0.900711E-31   0.722566E-31   0.145868E-34   0.368838E-30   0.587944E-34   0.466968E-30   0.237973E-33   0.118049E-29   0.959001E-33   0.338448E-24   0.984564E-18   0.129571E-13   0.452753E-12   0.353146E-12   0.112562E-12   0.785408E-17   0.639893E-22   0.172676E-26   0.198208E-28   0.105915E-24   0.340950E-28   0.259123E-24   0.551139E-28
   0.333333E+01   0.775826E-38   0.440072E-39   0.327075E-35   0.151503E-38   0.122306E-36   0.261660E-34   0.103998E-37   0.104664E-33   0.197035E-35   0.418661E-33   0.789091E-35   0.167465E-32   0.446511E-32   0.130308E-25   0.176416E-21   0.614252E-20   0.471416E-20   0.154508E-20   0.107879E-24   0.913782E-30   0.227738E-32   0.429711E-31   0.165250E-32   0.685915E-29   0.426306E-32   0.274369E-28
   0.333333E+01   0.111981E-37   0.156047E-37   0.327078E-35   0.444909E-37   0.147441E-36   0.261661E-34   0.199100E-36   0.104665E-33   0.214295E-35   0.418658E-33   0.832216E-35   0.167464E-32   0.408025E-30   0.118843E-23   0.157334E-19   0.552289E-18   0.436407E-18   0.142353E-18   0.969385E-23   0.793783E-28   0.446727E-32   0.429681E-31   0.131336E-30   0.171859E-30   0.322111E-30   0.686999E-30
   0.333333E+01   0.440039E-36   0.194969E-35   0.819731E-37   0.557940E-35   0.328442E-35   0.655973E-36   0.247265E-34   0.262314E-35   0.225794E-34   0.104926E-34   0.580748E-34   0.419732E-34   0.532027E-28   0.154946E-21   0.205210E-17   0.720583E-16   0.569474E-16   0.185779E-16   0.126528E-20   0.103631E-25   0.291510E-30   0.433163E-31   0.171339E-28   0.172463E-30   0.419959E-28   0.688281E-30
   0.333333E+01   0.367693E-34   0.164159E-33   0.841301E-37   0.474534E-33   0.280021E-33   0.674922E-36   0.212108E-32   0.270100E-35   0.193795E-32   0.108130E-34   0.498661E-32   0.432762E-34   0.457954E-26   0.133379E-19   0.176715E-15   0.620720E-14   0.490646E-14   0.159983E-14   0.108659E-18   0.890587E-24   0.239969E-28   0.747473E-31   0.147740E-26   0.226056E-30   0.362137E-26   0.772590E-30
   0.333333E+01   0.290777E-32   0.130467E-31   0.251086E-36   0.380157E-31   0.226090E-31   0.216249E-35   0.170883E-30   0.881113E-35   0.157764E-30   0.358742E-34   0.406757E-30   0.145113E-33   0.276598E-24   0.805275E-18   0.106518E-13   0.373683E-12   0.294280E-12   0.941493E-13   0.651043E-17   0.531237E-22   0.143214E-26   0.263668E-29   0.885686E-25   0.458230E-29   0.216954E-24   0.758514E-29
   0.333333E+01   0.136015E-31   0.417868E-31   0.402708E-35   0.108632E-30   0.872413E-31   0.361881E-34   0.443154E-30   0.149085E-33   0.562455E-30   0.612777E-33   0.142094E-29   0.249347E-32   0.399993E-24   0.116360E-17   0.153084E-13   0.534768E-12   0.417210E-12   0.133442E-12   0.928020E-17   0.756411E-22   0.204033E-26   0.624168E-28   0.124993E-24   0.107835E-27   0.305803E-24   0.168770E-27
   0.333333E+01   0.141631E-31   0.432592E-31   0.317253E-33   0.111334E-30   0.897039E-31   0.271046E-32   0.452738E-30   0.109511E-31   0.587363E-30   0.444846E-31   0.151437E-29   0.179676E-30   0.402061E-24   0.116957E-17   0.153781E-13   0.536948E-12   0.419213E-12   0.134387E-12   0.932274E-17   0.760139E-22   0.204969E-26   0.228718E-27   0.125321E-24   0.569603E-27   0.306595E-24   0.140820E-26
   0.333333E+01   0.772006E-38   0.275279E-39   0.327075E-35   0.101773E-38   0.122071E-36   0.261659E-34   0.842551E-38   0.104664E-33   0.196881E-35   0.418659E-33   0.788775E-35   0.167462E-32   0.491752E-34   0.270798E-27   0.395229E-23   0.197636E-21   0.202449E-21   0.936367E-22   0.684009E-26   0.227323E-31   0.225320E-32   0.429588E-31   0.221721E-33   0.171859E-30   0.645971E-33   0.687147E-30
   0.333333E+01   0.185126E-37   0.479077E-37   0.327080E-35   0.137347E-36   0.202451E-36   0.261661E-34   0.611760E-36   0.262257E-35   0.615365E-36   0.104865E-34   0.167100E-35   0.419491E-34   0.129530E-29   0.377257E-23   0.499638E-19   0.175443E-17   0.138658E-17   0.452311E-18   0.308054E-22   0.252302E-27   0.929448E-32   0.429742E-31   0.417257E-30   0.171835E-30   0.102289E-29   0.687294E-30
   0.333333E+01   0.970008E-36   0.431094E-35   0.820377E-37   0.124537E-34   0.738049E-35   0.656490E-36   0.556364E-34   0.262615E-35   0.510873E-34   0.105084E-34   0.131525E-33   0.420274E-34   0.120136E-27   0.349900E-21   0.463593E-17   0.162840E-15   0.128728E-15   0.420019E-16   0.286091E-20   0.234373E-25   0.656500E-30   0.438678E-31   0.387594E-28   0.173400E-30   0.950080E-28   0.689710E-30
   0.333333E+01   0.799783E-34   0.358058E-33   0.918355E-37   0.104488E-32   0.621126E-33   0.747191E-36   0.470822E-32   0.300231E-35   0.433214E-32   0.120619E-34   0.111681E-31   0.483860E-34   0.101003E-25   0.294180E-19   0.389884E-15   0.136983E-13   0.108289E-13   0.352791E-14   0.239492E-18   0.196119E-23   0.528447E-28   0.119962E-30   0.326300E-26   0.305619E-30   0.799851E-26   0.902111E-30
   0.333333E+01   0.826518E-32   0.337213E-31   0.110345E-35   0.962874E-31   0.649533E-31   0.102453E-34   0.424206E-30   0.424707E-34   0.453888E-30   0.176007E-33   0.117016E-29   0.719970E-33   0.553032E-24   0.160968E-17   0.212609E-13   0.745025E-12   0.584955E-12   0.186534E-12   0.129622E-16   0.105687E-21   0.284991E-26   0.826695E-29   0.175915E-24   0.144380E-28   0.430742E-24   0.235396E-28
   0.333333E+01   0.154783E-31   0.474167E-31   0.274163E-34   0.122317E-30   0.979589E-31   0.260320E-33   0.496243E-30   0.108602E-32   0.629635E-30   0.452298E-32   0.159169E-29   0.185587E-31   0.446919E-24   0.130009E-17   0.170980E-13   0.597115E-12   0.465970E-12   0.149359E-12   0.103649E-16   0.845068E-22   0.227889E-26   0.156802E-27   0.139443E-24   0.322080E-27   0.341151E-24   0.586651E-27
   0.333333E+01   0.160638E-31   0.486039E-31   0.241018E-32   0.126972E-30   0.107871E-30   0.218258E-31   0.536574E-30   0.884520E-31   0.798489E-30   0.343977E-30   0.222395E-29   0.121901E-29   0.443390E-24   0.128980E-17   0.169588E-13   0.592138E-12   0.462252E-12   0.148265E-12   0.102808E-16   0.838301E-22   0.226038E-26   0.255965E-27   0.138200E-24   0.642336E-27   0.338105E-24   0.161219E-26
   0.333333E+01   0.772153E-38   0.246742E-39   0.327095E-35   0.105242E-38   0.122070E-36   0.261676E-34   0.832644E-38   0.104671E-33   0.196804E-35   0.418678E-33   0.788015E-35   0.167472E-32   0.491752E-34   0.270798E-27   0.395229E-23   0.197636E-21   0.202449E-21   0.884320E-22   0.390870E-27   0.227093E-31   0.225377E-32   0.429711E-31   0.214980E-33   0.171810E-30   0.819361E-33   0.687097E-30
   0.333333E+01   0.287996E-39   0.269430E-39   0.821376E-37   0.902078E-39   0.423176E-38   0.657007E-36   0.486489E-38   0.262709E-35   0.656639E-37   0.105121E-34   0.247945E-36   0.420334E-34   0.382583E-32   0.110052E-25   0.145157E-21   0.520968E-20   0.404897E-20   0.133432E-20   0.922438E-25   0.788121E-30   0.227318E-32   0.429588E-31   0.143231E-32   0.171847E-30   0.362350E-32   0.687393E-30
   0.333333E+01   0.357644E-38   0.148839E-37   0.821083E-37   0.435657E-37   0.297851E-37   0.657101E-36   0.197870E-36   0.262690E-35   0.243144E-36   0.105076E-34   0.716787E-36   0.420394E-34   0.419844E-30   0.122305E-23   0.162116E-19   0.569689E-18   0.450535E-18   0.147032E-18   0.100135E-22   0.820667E-28   0.454983E-32   0.429711E-31   0.135865E-30   0.171835E-30   0.333328E-30   0.687492E-30
   0.333333E+01   0.238407E-33   0.106930E-32   0.247806E-36   0.315012E-32   0.188856E-32   0.232386E-35   0.143094E-31   0.966313E-35   0.132762E-31   0.388105E-34   0.342911E-31   0.146368E-33   0.298654E-25   0.869850E-19   0.115299E-14   0.405143E-13   0.320208E-13   0.104052E-13   0.707770E-18   0.579066E-23   0.155945E-27   0.305269E-30   0.965406E-26   0.640365E-30   0.236642E-25   0.146600E-29
   0.333333E+01   0.136836E-31   0.457421E-31   0.115623E-34   0.126226E-30   0.998321E-31   0.117460E-33   0.539717E-30   0.497652E-33   0.673978E-30   0.200679E-32   0.172186E-29   0.741041E-32   0.627343E-24   0.182575E-17   0.240786E-13   0.842735E-12   0.660417E-12   0.212902E-12   0.146619E-16   0.119676E-21   0.322375E-26   0.185554E-28   0.198204E-24   0.332040E-28   0.485241E-24   0.554260E-28
   0.333333E+01   0.137700E-32   0.420897E-32   0.414357E-34   0.108674E-31   0.880751E-32   0.426359E-33   0.444656E-31   0.181450E-32   0.587551E-31   0.733638E-32   0.153029E-30   0.271142E-31   0.399966E-25   0.116351E-18   0.152997E-14   0.534246E-13   0.416752E-13   0.134299E-13   0.927502E-18   0.756673E-23   0.204031E-27   0.225360E-28   0.124720E-25   0.566555E-28   0.305139E-25   0.137574E-27
   0.333333E+01   0.232776E-31   0.623776E-31   0.260751E-31   0.171011E-30   0.179225E-30   0.133935E-30   0.728730E-30   0.363091E-30   0.123221E-29   0.954039E-30   0.315379E-29   0.245889E-29   0.459857E-24   0.133770E-17   0.175886E-13   0.614128E-12   0.479010E-12   0.154250E-12   0.106607E-16   0.869632E-22   0.234437E-26   0.265813E-27   0.143332E-24   0.668319E-27   0.350661E-24   0.168368E-26
   0.333333E+01   0.397319E-36   0.174820E-35   0.847884E-37   0.504398E-35   0.301861E-35   0.673135E-36   0.225101E-34   0.267674E-35   0.208988E-34   0.106573E-34   0.538507E-34   0.424788E-34   0.482665E-28   0.140576E-21   0.186243E-17   0.654164E-16   0.517107E-16   0.168720E-16   0.114919E-20   0.941413E-26   0.265050E-30   0.433902E-31   0.155684E-28   0.172587E-30   0.381614E-28   0.688478E-30
   0.333333E+01   0.106579E-35   0.472463E-35   0.893669E-37   0.137699E-34   0.826374E-35   0.701347E-36   0.619804E-34   0.276288E-35   0.576289E-34   0.109139E-34   0.148630E-33   0.432221E-34   0.133779E-27   0.389652E-21   0.516454E-17   0.181462E-15   0.143486E-15   0.468248E-16   0.318973E-20   0.261366E-25   0.731911E-30   0.441575E-31   0.432333E-28   0.174053E-30   0.105982E-27   0.691091E-30
   0.333333E+01   0.484933E-34   0.216547E-33   0.416548E-36   0.637528E-33   0.383792E-33   0.273067E-35   0.289440E-32   0.896704E-35   0.269698E-32   0.295186E-34   0.696539E-32   0.979516E-34   0.628582E-26   0.183094E-19   0.242779E-15   0.853318E-14   0.674922E-14   0.220256E-14   0.149828E-18   0.122882E-23   0.330589E-28   0.998182E-31   0.203522E-26   0.275544E-30   0.498947E-26   0.865182E-30
   0.333333E+01   0.162806E-29   0.732195E-29   0.113672E-31   0.217754E-28   0.131554E-28   0.712525E-31   0.997157E-28   0.218680E-30   0.932102E-28   0.657079E-30   0.241211E-27   0.193562E-29   0.196587E-21   0.572562E-15   0.758855E-11   0.266627E-09   0.210673E-09   0.683760E-10   0.465783E-14   0.380893E-19   0.102468E-23   0.197183E-26   0.635142E-22   0.359353E-26   0.155681E-21   0.613690E-26
   0.333333E+01   0.163434E-29   0.502161E-29   0.331836E-31   0.133401E-28   0.109472E-28   0.218264E-30   0.553307E-28   0.682456E-30   0.717619E-28   0.207515E-29   0.182198E-27   0.615886E-29   0.594267E-22   0.172936E-15   0.227781E-11   0.796374E-10   0.624522E-10   0.202911E-10   0.138680E-14   0.113311E-19   0.304930E-24   0.493348E-26   0.186675E-22   0.930192E-26   0.456997E-22   0.167383E-25
   0.333333E+01   0.622265E-31   0.169156E-30   0.675633E-31   0.460278E-30   0.473074E-30   0.331784E-30   0.193636E-29   0.888359E-30   0.320256E-29   0.233326E-29   0.820479E-29   0.605399E-29   0.139407E-23   0.405579E-17   0.533307E-13   0.186209E-11   0.145813E-11   0.472490E-12   0.323980E-16   0.264588E-21   0.712412E-26   0.710301E-27   0.434652E-24   0.176303E-26   0.106367E-23   0.435484E-26
   0.333333E+01   0.935626E-29   0.213566E-28   0.117816E-28   0.550505E-28   0.587520E-28   0.471243E-28   0.222990E-27   0.118705E-27   0.375898E-27   0.298970E-27   0.947692E-27   0.752825E-27   0.177542E-21   0.516622E-15   0.679323E-11   0.237168E-09   0.186887E-09   0.611474E-10   0.414147E-14   0.338839E-19   0.910604E-24   0.766970E-25   0.553574E-22   0.190750E-24   0.135525E-21   0.472830E-24
   0.333333E+01   0.000000E+00   0.000000E+00   0.000000E+00   0.000000E+00   0.000000E+00   0.000000E+00   0.000000E+00   0.000000E+00   0.000000E+00   0.000000E+00   0.000000E+00   0.000000E+00   0.000000E+00   0.000000E+00   0.000000E+00   0.000000E+00   0.000000E+00   0.000000E+00   0.000000E+00   0.000000E+00   0.000000E+00   0.000000E+00   0.000000E+00   0.000000E+00   0.000000E+00   0.000000E+00
   0.333333E+01   0.231025E-26   0.445999E-26   0.923756E-26   0.181827E-25   0.365473E-25   0.738963E-25   0.147057E-24   0.295579E-24   0.589715E-24   0.118230E-23   0.236163E-23   0.472916E-23   0.316119E-20   0.173077E-13   0.286672E-09   0.126299E-07   0.125561E-07   0.411585E-08   0.246874E-12   0.206969E-17   0.131058E-21   0.484257E-20   0.100579E-19   0.193702E-19   0.391544E-19   0.774814E-19
   0.350000E+01   0.218750E-25   0.422346E-25   0.875000E-25   0.172199E-24   0.350000E-24   0.700000E-24   0.139286E-23   0.280000E-23   0.560000E-23   0.112000E-22   0.224000E-22   0.448000E-22   0.282944E-19   0.156329E-12   0.261043E-08   0.115628E-06   0.118334E-06   0.427073E-07   0.202075E-11   0.239497E-15   0.274852E-20   0.458749E-19   0.953601E-19   0.183499E-18   0.370817E-18   0.734002E-18
   0.350000E+01   0.817739E-36   0.149063E-37   0.327075E-35   0.608065E-37   0.130831E-34   0.261665E-34   0.491566E-36   0.104665E-33   0.209328E-33   0.418657E-33   0.837321E-33   0.167464E-32   0.163687E-33   0.582135E-27   0.919992E-23   0.191753E-21   0.223940E-21   0.713876E-22   0.118401E-26   0.417942E-30   0.535418E-32   0.171477E-29   0.369622E-33   0.685914E-29   0.871124E-33   0.274370E-28
   0.350000E+01   0.817744E-36   0.151389E-37   0.327077E-35   0.613154E-37   0.130838E-34   0.261661E-34   0.493343E-36   0.104670E-33   0.209338E-33   0.418679E-33   0.837357E-33   0.167464E-32   0.160978E-31   0.473609E-25   0.626289E-21   0.222765E-19   0.181030E-19   0.643775E-20   0.358077E-24   0.402593E-28   0.544922E-32   0.429557E-31   0.544008E-32   0.171847E-30   0.138039E-31   0.687442E-30
   0.350000E+01   0.817733E-36   0.149091E-37   0.327079E-35   0.607139E-37   0.130838E-34   0.261664E-34   0.491004E-36   0.104670E-33   0.209339E-33   0.418675E-33   0.837357E-33   0.167463E-32   0.630291E-33   0.193352E-26   0.243017E-22   0.836134E-21   0.772955E-21   0.277025E-21   0.120092E-25   0.200429E-29   0.535635E-32   0.171478E-29   0.495054E-33   0.685919E-29   0.126303E-32   0.274370E-28
   0.350000E+01   0.817734E-36   0.157317E-37   0.327078E-35   0.629926E-37   0.130839E-34   0.261664E-34   0.500079E-36   0.104670E-33   0.209340E-33   0.418676E-33   0.837357E-33   0.167463E-32   0.604571E-31   0.176678E-24   0.235483E-20   0.829844E-19   0.673916E-19   0.240475E-19   0.129716E-23   0.149880E-27   0.575140E-32   0.429526E-31   0.203827E-31   0.171835E-30   0.500465E-31   0.687097E-30
   0.350000E+01   0.817747E-36   0.924000E-37   0.327078E-35   0.273080E-36   0.130838E-34   0.261664E-34   0.923626E-36   0.262822E-35   0.525568E-35   0.105069E-34   0.210137E-34   0.419732E-34   0.571992E-29   0.167062E-22   0.222586E-18   0.784443E-17   0.636714E-17   0.227120E-17   0.122577E-21   0.141650E-25   0.446006E-31   0.429989E-31   0.192126E-29   0.171872E-30   0.470387E-29   0.687492E-30
   0.350000E+01   0.206049E-37   0.747381E-35   0.822434E-37   0.200542E-34   0.329820E-36   0.658183E-36   0.842289E-34   0.263800E-35   0.527524E-35   0.105520E-34   0.211085E-34   0.421177E-34   0.523563E-27   0.152898E-20   0.203534E-16   0.716789E-15   0.581434E-15   0.207322E-15   0.111859E-19   0.129193E-23   0.358607E-29   0.466874E-31   0.175144E-27   0.178219E-30   0.428718E-27   0.697747E-30
   0.350000E+01   0.817744E-36   0.149202E-37   0.327078E-35   0.608296E-37   0.130838E-34   0.261660E-34   0.491846E-36   0.104670E-33   0.209340E-33   0.418678E-33   0.837354E-33   0.167464E-32   0.232549E-32   0.662179E-26   0.942557E-22   0.314509E-20   0.261504E-20   0.973877E-21   0.495591E-25   0.607047E-29   0.536679E-32   0.171479E-29   0.102380E-32   0.685912E-29   0.266740E-32   0.274370E-28
   0.350000E+01   0.817740E-36   0.178224E-37   0.327080E-35   0.687297E-37   0.130839E-34   0.261662E-34   0.525154E-36   0.104669E-33   0.209338E-33   0.418681E-33   0.837354E-33   0.167464E-32   0.215535E-30   0.629673E-24   0.839154E-20   0.295723E-18   0.240064E-18   0.856409E-19   0.462151E-23   0.534009E-27   0.681640E-32   0.429588E-31   0.725369E-31   0.171884E-30   0.177964E-30   0.687048E-30
   0.350000E+01   0.817743E-36   0.260806E-36   0.819672E-37   0.722043E-36   0.328504E-36   0.655597E-36   0.311892E-35   0.262822E-35   0.525643E-35   0.105129E-34   0.210212E-34   0.419612E-34   0.196704E-28   0.574539E-22   0.765798E-18   0.269970E-16   0.219187E-16   0.781993E-17   0.422089E-21   0.487895E-25   0.140581E-30   0.431036E-31   0.661855E-29   0.172093E-30   0.162049E-28   0.687492E-30
   0.350000E+01   0.207343E-37   0.223651E-34   0.828253E-37   0.624876E-34   0.332336E-36   0.663261E-36   0.271636E-33   0.265869E-35   0.531925E-35   0.106408E-34   0.212725E-34   0.424728E-34   0.173232E-26   0.506004E-20   0.674729E-16   0.237944E-14   0.193237E-14   0.689394E-15   0.371690E-19   0.429867E-23   0.119424E-28   0.553124E-31   0.583959E-27   0.193023E-30   0.142985E-26   0.720476E-30
   0.350000E+01   0.366593E-37   0.185892E-32   0.153437E-36   0.524650E-32   0.635708E-36   0.128576E-35   0.230034E-31   0.521242E-35   0.104877E-34   0.210792E-34   0.423314E-34   0.848552E-34   0.130164E-24   0.380133E-18   0.506620E-14   0.178591E-12   0.144801E-12   0.511138E-13   0.277568E-17   0.319956E-21   0.868981E-27   0.109509E-29   0.437711E-25   0.197533E-29   0.107142E-24   0.351018E-29
   0.350000E+01   0.460977E-36   0.198252E-31   0.193536E-35   0.515023E-31   0.803832E-35   0.162889E-34   0.210187E-30   0.656650E-34   0.132204E-33   0.265799E-33   0.533806E-33   0.107109E-32   0.390778E-24   0.114009E-17   0.151040E-13   0.529969E-12   0.425034E-12   0.147990E-12   0.819109E-17   0.941289E-21   0.255665E-26   0.256091E-28   0.127915E-24   0.439198E-28   0.312608E-24   0.688937E-28
   0.350000E+01   0.817736E-36   0.149738E-37   0.327077E-35   0.608874E-37   0.130839E-34   0.261663E-34   0.491753E-36   0.104670E-33   0.209339E-33   0.418678E-33   0.837359E-33   0.167464E-32   0.543179E-32   0.159256E-25   0.210383E-21   0.767863E-20   0.611863E-20   0.222476E-20   0.119415E-24   0.139032E-28   0.537530E-32   0.429434E-31   0.206681E-32   0.685916E-29   0.518347E-32   0.274368E-28
   0.350000E+01   0.817734E-36   0.215640E-37   0.327081E-35   0.791629E-37   0.130837E-34   0.261663E-34   0.570250E-36   0.104670E-33   0.209338E-33   0.418676E-33   0.837363E-33   0.167463E-32   0.500884E-30   0.146318E-23   0.195030E-19   0.687609E-18   0.558283E-18   0.199161E-18   0.107494E-22   0.124266E-26   0.878060E-32   0.429588E-31   0.168699E-30   0.171822E-30   0.413343E-30   0.687097E-30
   0.350000E+01   0.205418E-37   0.857925E-36   0.819966E-37   0.239617E-35   0.328668E-36   0.655455E-36   0.104177E-34   0.262841E-35   0.525531E-35   0.105136E-34   0.210197E-34   0.419642E-34   0.661529E-28   0.193231E-21   0.257658E-17   0.908623E-16   0.737911E-16   0.263309E-16   0.142140E-20   0.164343E-24   0.460926E-30   0.434179E-31   0.222983E-28   0.172623E-30   0.545989E-28   0.688182E-30
   0.350000E+01   0.210796E-37   0.722069E-34   0.843770E-37   0.203669E-33   0.338895E-36   0.677085E-36   0.892536E-33   0.271586E-35   0.543097E-35   0.108680E-34   0.217374E-34   0.434026E-34   0.569145E-26   0.166252E-19   0.221769E-15   0.782302E-14   0.635441E-14   0.226623E-14   0.121983E-18   0.141045E-22   0.382667E-28   0.836928E-31   0.192172E-26   0.241155E-30   0.470569E-26   0.793248E-30
   0.350000E+01   0.621337E-37   0.570641E-32   0.268307E-36   0.162592E-31   0.113567E-35   0.231601E-35   0.718680E-31   0.944176E-35   0.190739E-34   0.384592E-34   0.774555E-34   0.155609E-33   0.332625E-24   0.971191E-18   0.129318E-13   0.455555E-12   0.368627E-12   0.128938E-12   0.707038E-17   0.813783E-21   0.221033E-26   0.333769E-29   0.111394E-24   0.576757E-29   0.272568E-24   0.921216E-29
   0.350000E+01   0.998474E-36   0.237665E-31   0.451677E-35   0.616125E-31   0.196949E-34   0.406009E-34   0.250898E-30   0.167280E-33   0.339681E-33   0.687601E-33   0.138848E-32   0.279806E-32   0.457580E-24   0.133500E-17   0.176806E-13   0.620214E-12   0.497492E-12   0.173852E-12   0.958935E-17   0.110252E-20   0.299291E-26   0.797839E-28   0.149572E-24   0.139128E-27   0.365542E-24   0.212787E-27
   0.350000E+01   0.841018E-34   0.244697E-31   0.358275E-33   0.631137E-31   0.150487E-32   0.306192E-32   0.258197E-30   0.123729E-31   0.249603E-31   0.502641E-31   0.101077E-30   0.203028E-30   0.457495E-24   0.133471E-17   0.176674E-13   0.619477E-12   0.497193E-12   0.174156E-12   0.958234E-17   0.110212E-20   0.299070E-26   0.257918E-27   0.149192E-24   0.642462E-27   0.364605E-24   0.158779E-26
   0.350000E+01   0.817739E-36   0.149111E-37   0.327078E-35   0.606908E-37   0.130838E-34   0.261660E-34   0.490817E-36   0.104671E-33   0.209341E-33   0.418679E-33   0.837359E-33   0.167463E-32   0.470366E-34   0.259882E-27   0.381883E-23   0.191774E-21   0.202269E-21   0.942387E-22   0.338287E-27   0.598639E-30   0.533967E-32   0.429588E-31   0.222025E-33   0.171847E-30   0.770305E-33   0.687294E-30
   0.350000E+01   0.817744E-36   0.356123E-37   0.327077E-35   0.118582E-36   0.130838E-34   0.261662E-34   0.741839E-36   0.262709E-35   0.525418E-35   0.105053E-34   0.210137E-34   0.419672E-34   0.158493E-29   0.462964E-23   0.617328E-19   0.217703E-17   0.176797E-17   0.630876E-18   0.340547E-22   0.393730E-26   0.162505E-31   0.429619E-31   0.534338E-30   0.171822E-30   0.130852E-29   0.687196E-30
   0.350000E+01   0.205638E-37   0.188003E-35   0.820906E-37   0.530046E-35   0.329162E-36   0.656678E-36   0.232238E-34   0.263273E-35   0.526509E-35   0.105324E-34   0.210604E-34   0.420454E-34   0.147460E-27   0.430749E-21   0.574601E-17   0.202696E-15   0.164659E-15   0.587656E-16   0.317264E-20   0.366920E-24   0.102258E-29   0.440805E-31   0.497943E-28   0.173819E-30   0.121933E-27   0.690351E-30
   0.350000E+01   0.230265E-37   0.156106E-33   0.936340E-37   0.444539E-33   0.380860E-36   0.764259E-36   0.196398E-32   0.307867E-35   0.617351E-35   0.123786E-34   0.248054E-34   0.495957E-34   0.123758E-25   0.361517E-19   0.482385E-15   0.170205E-13   0.138266E-13   0.492663E-14   0.265105E-18   0.306261E-22   0.832287E-28   0.140410E-30   0.418434E-26   0.341118E-30   0.102465E-25   0.953831E-30
   0.350000E+01   0.274496E-36   0.161384E-31   0.129025E-35   0.461406E-31   0.577690E-35   0.120222E-34   0.204094E-30   0.499235E-34   0.101881E-33   0.207050E-33   0.419409E-33   0.847271E-33   0.647039E-24   0.188874E-17   0.251114E-13   0.883568E-12   0.712990E-12   0.248489E-12   0.136950E-16   0.157501E-20   0.427635E-26   0.104354E-28   0.215209E-24   0.182022E-28   0.526377E-24   0.289886E-28
   0.350000E+01   0.692250E-35   0.267982E-31   0.333700E-34   0.690667E-31   0.151743E-33   0.317520E-33   0.280187E-30   0.132647E-32   0.271402E-32   0.552710E-32   0.112142E-31   0.226854E-31   0.509196E-24   0.148557E-17   0.196684E-13   0.689759E-12   0.553391E-12   0.193799E-12   0.106673E-16   0.122683E-20   0.332939E-26   0.187885E-27   0.166206E-24   0.393937E-27   0.406191E-24   0.726245E-27
   0.350000E+01   0.649617E-33   0.281305E-31   0.296326E-32   0.749097E-31   0.130212E-31   0.268921E-31   0.331615E-30   0.108598E-30   0.215141E-30   0.416731E-30   0.787346E-30   0.145053E-29   0.504483E-24   0.147179E-17   0.194819E-13   0.683096E-12   0.548206E-12   0.192108E-12   0.105663E-16   0.121535E-20   0.329785E-26   0.288011E-27   0.164512E-24   0.722146E-27   0.402045E-24   0.180990E-26
   0.350000E+01   0.817739E-36   0.149081E-37   0.327097E-35   0.606677E-37   0.130838E-34   0.261672E-34   0.491285E-36   0.104669E-33   0.209339E-33   0.418680E-33   0.837360E-33   0.167473E-32   0.470366E-34   0.259882E-27   0.381883E-23   0.191774E-21   0.202269E-21   0.942398E-22   0.000000E+00   0.675260E-30   0.533843E-32   0.429526E-31   0.227894E-33   0.171798E-30   0.844451E-33   0.687245E-30
   0.350000E+01   0.205329E-37   0.550367E-39   0.821024E-37   0.213985E-38   0.328480E-36   0.656960E-36   0.169344E-37   0.262747E-35   0.525531E-35   0.105121E-34   0.210212E-34   0.420274E-34   0.468861E-32   0.137945E-25   0.180179E-21   0.643593E-20   0.518674E-20   0.186485E-20   0.102501E-24   0.120377E-28   0.536996E-32   0.429588E-31   0.176252E-32   0.171847E-30   0.454314E-32   0.687196E-30
   0.350000E+01   0.205359E-37   0.702711E-38   0.821141E-37   0.205888E-37   0.328504E-36   0.657007E-36   0.983318E-37   0.262690E-35   0.525418E-35   0.105061E-34   0.210197E-34   0.420154E-34   0.518897E-30   0.151605E-23   0.202320E-19   0.714066E-18   0.580179E-18   0.207120E-18   0.111801E-22   0.129352E-26   0.892276E-32   0.429434E-31   0.175715E-30   0.171835E-30   0.430521E-30   0.687196E-30
   0.350000E+01   0.627978E-37   0.466925E-33   0.300292E-36   0.134257E-32   0.136555E-35   0.285913E-35   0.598055E-32   0.118992E-34   0.239523E-34   0.473704E-34   0.920008E-34   0.175684E-33   0.363456E-25   0.106170E-18   0.141682E-14   0.499959E-13   0.406042E-13   0.144289E-13   0.778145E-18   0.898142E-22   0.243892E-27   0.374045E-30   0.122945E-25   0.764252E-30   0.301052E-25   0.165799E-29
   0.350000E+01   0.287307E-35   0.249619E-31   0.150015E-34   0.686173E-31   0.718322E-34   0.152940E-33   0.292706E-30   0.646368E-33   0.130510E-32   0.257599E-32   0.496542E-32   0.935604E-32   0.708660E-24   0.206842E-17   0.274592E-13   0.965005E-12   0.777444E-12   0.273886E-12   0.149592E-16   0.172256E-20   0.466919E-26   0.230897E-28   0.234123E-24   0.413783E-28   0.572568E-24   0.680312E-28
   0.350000E+01   0.105774E-34   0.237632E-32   0.560552E-34   0.616822E-32   0.270921E-33   0.578704E-33   0.256305E-31   0.245663E-32   0.496774E-32   0.981560E-32   0.189305E-31   0.356626E-31   0.453708E-25   0.132370E-18   0.175231E-14   0.614455E-13   0.492841E-13   0.173415E-13   0.950449E-18   0.109375E-21   0.296887E-27   0.254605E-28   0.148015E-25   0.643290E-28   0.361746E-25   0.157462E-27
   0.350000E+01   0.915475E-32   0.444070E-31   0.315035E-31   0.124998E-30   0.933479E-31   0.155656E-30   0.540979E-30   0.416648E-30   0.674500E-30   0.108609E-29   0.174211E-29   0.278674E-29   0.522936E-24   0.152563E-17   0.201945E-13   0.708083E-12   0.567858E-12   0.199628E-12   0.109512E-16   0.126007E-20   0.341863E-26   0.298684E-27   0.170529E-24   0.750116E-27   0.416753E-24   0.188633E-26
   0.350000E+01   0.213822E-37   0.729440E-36   0.854819E-37   0.205503E-35   0.339718E-36   0.676520E-36   0.900152E-35   0.268577E-35   0.535837E-35   0.106821E-34   0.213207E-34   0.425450E-34   0.561128E-28   0.163911E-21   0.218639E-17   0.771234E-16   0.626486E-16   0.223582E-16   0.120705E-20   0.139592E-24   0.392348E-30   0.434857E-31   0.189436E-28   0.172808E-30   0.463875E-28   0.688823E-30
   0.350000E+01   0.228957E-37   0.204203E-35   0.915357E-37   0.581032E-35   0.360125E-36   0.713102E-36   0.256581E-34   0.279674E-35   0.554833E-35   0.110124E-34   0.218774E-34   0.435110E-34   0.161166E-27   0.470807E-21   0.628271E-17   0.221694E-15   0.180140E-15   0.643005E-16   0.347180E-20   0.401618E-24   0.111886E-29   0.444718E-31   0.545137E-28   0.174583E-30   0.133499E-27   0.691781E-30
   0.350000E+01   0.124984E-36   0.908984E-34   0.504128E-36   0.261246E-33   0.175598E-35   0.319255E-35   0.116328E-32   0.103231E-34   0.185781E-34   0.334698E-34   0.603900E-34   0.109233E-33   0.735506E-26   0.214871E-19   0.286856E-15   0.101255E-13   0.822976E-14   0.293759E-14   0.158344E-18   0.183262E-22   0.495316E-28   0.111605E-30   0.249248E-26   0.297225E-30   0.610428E-26   0.899695E-30
   0.350000E+01   0.348522E-32   0.305540E-29   0.142609E-31   0.887059E-29   0.486313E-31   0.866163E-31   0.398407E-28   0.263884E-30   0.457476E-30   0.789174E-30   0.135460E-29   0.231299E-29   0.226440E-21   0.661441E-15   0.882551E-11   0.311394E-09   0.252827E-09   0.897405E-10   0.484656E-14   0.559168E-18   0.151473E-23   0.236640E-26   0.765425E-22   0.432178E-26   0.187419E-21   0.729895E-26
   0.350000E+01   0.100708E-31   0.279727E-29   0.434758E-31   0.739567E-29   0.153700E-30   0.277360E-30   0.306112E-28   0.861215E-30   0.150316E-29   0.260707E-29   0.449415E-29   0.769982E-29   0.657983E-22   0.192041E-15   0.254626E-11   0.893910E-10   0.720613E-10   0.256061E-10   0.138704E-14   0.159912E-18   0.432890E-24   0.615383E-26   0.216168E-22   0.116430E-25   0.528652E-22   0.207457E-25
   0.350000E+01   0.242542E-31   0.119453E-30   0.825373E-31   0.330770E-30   0.235626E-30   0.388003E-30   0.140541E-29   0.102699E-29   0.166056E-29   0.267675E-29   0.430407E-29   0.690636E-29   0.156009E-23   0.455210E-17   0.602594E-13   0.211287E-11   0.170052E-11   0.602029E-12   0.327502E-16   0.377324E-20   0.102227E-25   0.791526E-27   0.508905E-24   0.196607E-26   0.124406E-23   0.485984E-26
   0.350000E+01   0.504256E-29   0.154720E-28   0.127128E-28   0.397300E-28   0.320309E-28   0.508388E-28   0.160577E-27   0.128055E-27   0.203225E-27   0.322506E-27   0.511774E-27   0.812067E-27   0.193549E-21   0.564873E-15   0.747773E-11   0.262166E-09   0.212261E-09   0.760071E-10   0.407868E-14   0.470928E-18   0.127298E-23   0.827743E-25   0.631423E-22   0.205831E-24   0.154428E-21   0.510079E-24
   0.350000E+01   0.000000E+00   0.000000E+00   0.000000E+00   0.000000E+00   0.000000E+00   0.000000E+00   0.000000E+00   0.000000E+00   0.000000E+00   0.000000E+00   0.000000E+00   0.000000E+00   0.000000E+00   0.000000E+00   0.000000E+00   0.000000E+00   0.000000E+00   0.000000E+00   0.000000E+00   0.000000E+00   0.000000E+00   0.000000E+00   0.000000E+00   0.000000E+00   0.000000E+00   0.000000E+00
   0.350000E+01   0.230958E-26   0.446019E-26   0.923764E-26   0.181823E-25   0.369489E-25   0.738966E-25   0.147052E-24   0.295580E-24   0.591155E-24   0.118230E-23   0.236459E-23   0.472917E-23   0.303005E-20   0.166285E-13   0.277237E-09   0.122648E-07   0.125392E-07   0.452524E-08   0.214230E-12   0.253873E-16   0.290421E-21   0.484257E-20   0.100806E-19   0.193702E-19   0.391787E-19   0.774814E-19
   0.366667E+01   0.207707E-25   0.437500E-25   0.854566E-25   0.175000E-24   0.350000E-24   0.700000E-24   0.139293E-23   0.280000E-23   0.560000E-23   0.112000E-22   0.224000E-22   0.448000E-22   0.270805E-19   0.150110E-12   0.252352E-08   0.112257E-06   0.118006E-06   0.464926E-07   0.296234E-11   0.207027E-15   0.805871E-20   0.458749E-19   0.955591E-19   0.183499E-18   0.370998E-18   0.734002E-18
   0.366667E+01   0.134460E-39   0.163540E-35   0.301247E-37   0.654159E-35   0.130831E-34   0.261665E-34   0.490842E-36   0.104665E-33   0.209328E-33   0.418657E-33   0.837321E-33   0.167464E-32   0.217890E-33   0.558977E-27   0.889359E-23   0.394679E-21   0.223523E-21   0.784024E-22   0.395792E-26   0.496070E-30   0.129608E-31   0.171477E-29   0.328901E-33   0.685917E-29   0.894679E-33   0.274368E-28
   0.366667E+01   0.599035E-39   0.163539E-35   0.305896E-37   0.654193E-35   0.130838E-34   0.261661E-34   0.494771E-36   0.104670E-33   0.209338E-33   0.418679E-33   0.837357E-33   0.167464E-32   0.198748E-31   0.583532E-25   0.782301E-21   0.275158E-19   0.229147E-19   0.892180E-20   0.676062E-24   0.443148E-28   0.130902E-31   0.429650E-31   0.701529E-32   0.171884E-30   0.169867E-31   0.687097E-30
   0.366667E+01   0.145574E-39   0.163538E-35   0.301591E-37   0.654192E-35   0.130838E-34   0.261664E-34   0.491215E-36   0.104670E-33   0.209339E-33   0.418675E-33   0.837357E-33   0.167463E-32   0.738306E-33   0.219598E-26   0.291978E-22   0.106489E-20   0.995038E-21   0.394219E-21   0.235001E-25   0.205667E-29   0.129645E-31   0.171477E-29   0.530142E-33   0.685921E-29   0.131144E-32   0.274370E-28
   0.366667E+01   0.177513E-38   0.163539E-35   0.317893E-37   0.654190E-35   0.130839E-34   0.261664E-34   0.503004E-36   0.104670E-33   0.209340E-33   0.418676E-33   0.837357E-33   0.167463E-32   0.743006E-31   0.217801E-24   0.292163E-20   0.103443E-18   0.861429E-19   0.333230E-19   0.243165E-23   0.165376E-27   0.135210E-31   0.429526E-31   0.262136E-31   0.171847E-30   0.636455E-31   0.687147E-30
   0.366667E+01   0.150843E-36   0.163539E-35   0.183652E-36   0.654196E-35   0.130838E-34   0.261664E-34   0.109611E-35   0.262822E-35   0.525568E-35   0.105069E-34   0.210137E-34   0.419732E-34   0.703516E-29   0.206060E-22   0.276394E-18   0.978189E-17   0.814893E-17   0.315444E-17   0.230119E-21   0.156576E-25   0.684998E-31   0.430112E-31   0.247139E-29   0.171958E-30   0.604463E-29   0.687442E-30
   0.366667E+01   0.147539E-34   0.411305E-37   0.146403E-34   0.164992E-36   0.329985E-36   0.658418E-36   0.100273E-33   0.263969E-35   0.528089E-35   0.105535E-34   0.211190E-34   0.421387E-34   0.644262E-27   0.188683E-20   0.252860E-16   0.894264E-15   0.744512E-15   0.288085E-15   0.210091E-19   0.142872E-23   0.508274E-29   0.476580E-31   0.225411E-27   0.179957E-30   0.551196E-27   0.700015E-30
   0.366667E+01   0.183148E-39   0.163539E-35   0.302222E-37   0.654192E-35   0.130838E-34   0.261663E-34   0.491683E-36   0.104671E-33   0.209341E-33   0.418677E-33   0.837357E-33   0.167463E-32   0.280917E-32   0.828483E-26   0.114442E-21   0.412551E-20   0.343937E-20   0.127269E-20   0.932585E-25   0.667442E-29   0.129766E-31   0.171480E-29   0.125512E-32   0.685917E-29   0.311337E-32   0.274371E-28
   0.366667E+01   0.580574E-38   0.163539E-35   0.358993E-37   0.654187E-35   0.130838E-34   0.261663E-34   0.531448E-36   0.104670E-33   0.209340E-33   0.418680E-33   0.837354E-33   0.167464E-32   0.264650E-30   0.775311E-24   0.104005E-19   0.368109E-18   0.306681E-18   0.118716E-18   0.865918E-23   0.589255E-27   0.150256E-31   0.429434E-31   0.931299E-31   0.171785E-30   0.227361E-30   0.687147E-30
   0.366667E+01   0.502445E-36   0.409777E-37   0.518841E-36   0.164311E-36   0.328621E-36   0.655691E-36   0.370432E-35   0.262784E-35   0.525531E-35   0.105129E-34   0.210182E-34   0.419612E-34   0.241677E-28   0.707905E-22   0.949911E-18   0.336290E-16   0.280227E-16   0.108494E-16   0.791565E-21   0.538732E-25   0.204134E-30   0.431283E-31   0.850478E-29   0.172081E-30   0.208018E-28   0.687738E-30
   0.366667E+01   0.428589E-34   0.414362E-37   0.447491E-34   0.166321E-36   0.332618E-36   0.664107E-36   0.322947E-33   0.266226E-35   0.532565E-35   0.106558E-34   0.213026E-34   0.425209E-34   0.212847E-26   0.623488E-20   0.836983E-16   0.296409E-14   0.247060E-14   0.956476E-15   0.696919E-19   0.474456E-23   0.168916E-28   0.585541E-31   0.750412E-27   0.198606E-30   0.183554E-26   0.728364E-30
   0.366667E+01   0.352485E-32   0.784084E-37   0.372740E-32   0.328116E-36   0.666788E-36   0.134942E-35   0.272537E-31   0.547254E-35   0.110181E-34   0.221489E-34   0.444800E-34   0.891886E-34   0.157560E-24   0.461432E-18   0.619057E-14   0.219133E-12   0.182339E-12   0.698191E-13   0.512723E-17   0.347974E-21   0.124271E-26   0.136770E-29   0.553920E-25   0.244106E-29   0.135442E-24   0.414778E-29
   0.366667E+01   0.275509E-31   0.104613E-35   0.362877E-31   0.438830E-35   0.892433E-35   0.180852E-34   0.237804E-30   0.729083E-34   0.146789E-33   0.295128E-33   0.592737E-33   0.118932E-32   0.446623E-24   0.130666E-17   0.174250E-13   0.613929E-12   0.505589E-12   0.190890E-12   0.142860E-16   0.966417E-21   0.343950E-26   0.326405E-28   0.152815E-24   0.559255E-28   0.373053E-24   0.854041E-28
   0.366667E+01   0.265317E-39   0.163539E-35   0.302854E-37   0.654190E-35   0.130838E-34   0.261662E-34   0.491870E-36   0.104670E-33   0.209341E-33   0.418681E-33   0.837356E-33   0.167464E-32   0.655652E-32   0.193246E-25   0.257579E-21   0.935315E-20   0.783052E-20   0.299233E-20   0.213566E-24   0.150042E-28   0.129860E-31   0.429526E-31   0.249931E-32   0.171896E-30   0.632796E-32   0.274370E-28
   0.366667E+01   0.127913E-37   0.163539E-35   0.432123E-37   0.654194E-35   0.130839E-34   0.261664E-34   0.584125E-36   0.104670E-33   0.209339E-33   0.418679E-33   0.837353E-33   0.167464E-32   0.607261E-30   0.177889E-23   0.238711E-19   0.845120E-18   0.704271E-18   0.272662E-18   0.198920E-22   0.135377E-26   0.177406E-31   0.429403E-31   0.213804E-30   0.171761E-30   0.523232E-30   0.687245E-30
   0.366667E+01   0.163938E-35   0.409924E-37   0.171432E-35   0.164217E-36   0.328715E-36   0.655832E-36   0.123707E-34   0.262897E-35   0.525719E-35   0.105151E-34   0.210288E-34   0.419823E-34   0.812013E-28   0.237862E-21   0.319306E-17   0.113077E-15   0.942525E-16   0.364975E-16   0.266313E-20   0.181298E-24   0.656416E-30   0.435504E-31   0.286264E-28   0.172833E-30   0.700219E-28   0.688921E-30
   0.366667E+01   0.137088E-33   0.422443E-37   0.145113E-33   0.169824E-36   0.340024E-36   0.679294E-36   0.106019E-32   0.272395E-35   0.545166E-35   0.109071E-34   0.218097E-34   0.435772E-34   0.698240E-26   0.204542E-19   0.274680E-15   0.973034E-14   0.811190E-14   0.313937E-14   0.228392E-18   0.155422E-22   0.548763E-28   0.944564E-31   0.246570E-26   0.259373E-30   0.603155E-26   0.818097E-30
   0.366667E+01   0.106329E-31   0.137518E-36   0.114386E-31   0.590792E-36   0.121295E-35   0.247484E-35   0.846694E-31   0.100944E-34   0.203968E-34   0.411397E-34   0.828602E-34   0.166494E-33   0.394759E-24   0.115582E-17   0.154913E-13   0.547956E-12   0.455038E-12   0.172666E-12   0.128023E-16   0.867501E-21   0.309488E-26   0.417464E-29   0.138166E-24   0.718553E-29   0.337705E-24   0.111335E-28
   0.366667E+01   0.327357E-31   0.236941E-35   0.430692E-31   0.105666E-34   0.219584E-34   0.452701E-34   0.281398E-30   0.186537E-33   0.378797E-33   0.766789E-33   0.154840E-32   0.312037E-32   0.518710E-24   0.151759E-17   0.202317E-13   0.712635E-12   0.586949E-12   0.222426E-12   0.165888E-16   0.112278E-20   0.399220E-26   0.100086E-27   0.177240E-24   0.176727E-27   0.432692E-24   0.265724E-27
   0.366667E+01   0.337540E-31   0.194201E-33   0.440328E-31   0.826263E-33   0.168887E-32   0.343662E-32   0.288811E-30   0.138889E-31   0.280201E-31   0.564279E-31   0.113476E-30   0.227938E-30   0.516303E-24   0.151051E-17   0.201274E-13   0.708669E-12   0.583965E-12   0.221811E-12   0.165034E-16   0.111741E-20   0.397098E-26   0.288841E-27   0.176032E-24   0.719596E-27   0.429734E-24   0.177819E-26
   0.366667E+01   0.127044E-39   0.163538E-35   0.301074E-37   0.654188E-35   0.130838E-34   0.261663E-34   0.490935E-36   0.104670E-33   0.209340E-33   0.418678E-33   0.837360E-33   0.167463E-32   0.450187E-34   0.249543E-27   0.369168E-23   0.186169E-21   0.201892E-21   0.102433E-21   0.108843E-25   0.601334E-30   0.129371E-31   0.429711E-31   0.203364E-33   0.171798E-30   0.795391E-33   0.687196E-30
   0.366667E+01   0.389789E-37   0.163539E-35   0.708917E-37   0.654192E-35   0.130838E-34   0.261658E-34   0.784541E-36   0.262765E-35   0.525531E-35   0.105038E-34   0.210182E-34   0.419431E-34   0.191528E-29   0.561059E-23   0.753141E-19   0.266716E-17   0.222315E-17   0.860850E-18   0.628119E-22   0.427611E-26   0.281115E-31   0.429865E-31   0.675298E-30   0.171872E-30   0.165201E-29   0.687196E-30
   0.366667E+01   0.351101E-35   0.410571E-37   0.373080E-35   0.164628E-36   0.329233E-36   0.657054E-36   0.272464E-34   0.263311E-35   0.526697E-35   0.105377E-34   0.210679E-34   0.420575E-34   0.178745E-27   0.523622E-21   0.703192E-17   0.249104E-15   0.207692E-15   0.804387E-16   0.587003E-20   0.399719E-24   0.143181E-29   0.443763E-31   0.631276E-28   0.174287E-30   0.154425E-27   0.691091E-30
   0.366667E+01   0.289505E-33   0.473342E-37   0.311494E-33   0.193580E-36   0.390076E-36   0.783866E-36   0.230406E-32   0.315898E-35   0.634128E-35   0.127111E-34   0.254870E-34   0.509800E-34   0.149737E-25   0.438648E-19   0.589235E-15   0.208781E-13   0.174070E-13   0.673022E-14   0.489570E-18   0.332933E-22   0.118534E-27   0.164806E-30   0.529459E-26   0.383556E-30   0.129519E-25   0.101487E-29
   0.366667E+01   0.265191E-31   0.693312E-36   0.320673E-31   0.320241E-35   0.674012E-35   0.140386E-34   0.237214E-30   0.583814E-34   0.119188E-33   0.242301E-33   0.490936E-33   0.991986E-33   0.747985E-24   0.218948E-17   0.292999E-13   0.103513E-11   0.857379E-12   0.324160E-12   0.241534E-16   0.163529E-20   0.582219E-26   0.130080E-28   0.259959E-24   0.226782E-28   0.635128E-24   0.354016E-28
   0.366667E+01   0.369840E-31   0.184048E-34   0.482386E-31   0.866390E-34   0.183529E-33   0.384225E-33   0.313407E-30   0.160715E-32   0.328912E-32   0.669962E-32   0.135953E-31   0.275057E-31   0.575200E-24   0.168284E-17   0.224281E-13   0.789802E-12   0.650618E-12   0.247066E-12   0.183895E-16   0.124504E-20   0.442495E-26   0.221432E-27   0.196280E-24   0.472898E-27   0.479172E-24   0.884667E-27
   0.366667E+01   0.378617E-31   0.169072E-32   0.516301E-31   0.762699E-32   0.159137E-31   0.328606E-31   0.376339E-30   0.132029E-30   0.259889E-30   0.499328E-30   0.935008E-30   0.170726E-29   0.569289E-24   0.166553E-17   0.221929E-13   0.781392E-12   0.643843E-12   0.244642E-12   0.181967E-16   0.123211E-20   0.437844E-26   0.321958E-27   0.194094E-24   0.806665E-27   0.473828E-24   0.201924E-26
   0.366667E+01   0.128358E-39   0.163549E-35   0.301132E-37   0.654185E-35   0.130838E-34   0.261676E-34   0.490841E-36   0.104670E-33   0.209341E-33   0.418677E-33   0.837356E-33   0.167472E-32   0.450187E-34   0.249543E-27   0.369168E-23   0.186169E-21   0.201892E-21   0.111740E-21   0.742110E-27   0.556963E-30   0.129353E-31   0.429465E-31   0.202903E-33   0.171835E-30   0.795061E-33   0.687294E-30
   0.366667E+01   0.170213E-39   0.410806E-37   0.109638E-38   0.164252E-36   0.328410E-36   0.657054E-36   0.167481E-37   0.262784E-35   0.525455E-35   0.105121E-34   0.210227E-34   0.420364E-34   0.568316E-32   0.168891E-25   0.227877E-21   0.793826E-20   0.658311E-20   0.259803E-20   0.191959E-24   0.130727E-28   0.129803E-31   0.429434E-31   0.219477E-32   0.171810E-30   0.563720E-32   0.687048E-30
   0.366667E+01   0.121689E-37   0.410718E-37   0.140865E-37   0.164299E-36   0.328480E-36   0.657054E-36   0.112746E-36   0.262747E-35   0.525531E-35   0.105069E-34   0.210182E-34   0.420244E-34   0.633438E-30   0.185588E-23   0.249350E-19   0.883627E-18   0.737013E-18   0.285468E-18   0.208283E-22   0.141881E-26   0.179728E-31   0.429588E-31   0.224301E-30   0.171798E-30   0.548908E-30   0.687048E-30
   0.366667E+01   0.852526E-33   0.166929E-36   0.933547E-33   0.791402E-36   0.168378E-35   0.353584E-35   0.699238E-32   0.146997E-34   0.294558E-34   0.578734E-34   0.111484E-33   0.210949E-33   0.436726E-25   0.127933E-18   0.171867E-14   0.609014E-13   0.507622E-13   0.195714E-13   0.142706E-17   0.969760E-22   0.346100E-27   0.455546E-30   0.154475E-25   0.911521E-30   0.377865E-25   0.188459E-29
   0.366667E+01   0.340270E-31   0.848570E-35   0.464261E-31   0.426836E-34   0.925523E-34   0.197099E-33   0.324725E-30   0.829666E-33   0.166570E-32   0.326354E-32   0.623905E-32   0.116582E-31   0.792615E-24   0.231997E-17   0.310002E-13   0.109388E-11   0.904798E-12   0.345774E-12   0.255313E-16   0.173085E-20   0.614120E-26   0.283751E-28   0.273643E-24   0.509352E-28   0.668501E-24   0.826843E-28
   0.366667E+01   0.325273E-32   0.327722E-34   0.427955E-32   0.166772E-33   0.363085E-33   0.775708E-33   0.287903E-31   0.327964E-32   0.659409E-32   0.129315E-31   0.247250E-31   0.461523E-31   0.510369E-25   0.149320E-18   0.198983E-14   0.700642E-13   0.577064E-13   0.220077E-13   0.163172E-17   0.110537E-21   0.393290E-27   0.285056E-28   0.174072E-25   0.722698E-28   0.424975E-25   0.178082E-27
   0.366667E+01   0.489840E-31   0.209841E-31   0.860441E-31   0.642301E-31   0.107954E-30   0.178573E-30   0.610471E-30   0.473032E-30   0.762996E-30   0.122525E-29   0.196135E-29   0.313273E-29   0.589788E-24   0.172551E-17   0.229921E-13   0.809530E-12   0.666636E-12   0.253961E-12   0.188499E-16   0.127673E-20   0.453629E-26   0.333464E-27   0.201082E-24   0.836648E-27   0.490892E-24   0.210064E-26
   0.366667E+01   0.128208E-35   0.432229E-37   0.137475E-35   0.171799E-36   0.341881E-36   0.680611E-36   0.100339E-34   0.269856E-35   0.537681E-35   0.107167E-34   0.213703E-34   0.426353E-34   0.645831E-28   0.189191E-21   0.254057E-17   0.899954E-16   0.750312E-16   0.290587E-16   0.212052E-20   0.144392E-24   0.525521E-30   0.435689E-31   0.228034E-28   0.172981E-30   0.557818E-28   0.689316E-30
   0.366667E+01   0.368950E-35   0.473401E-37   0.400511E-35   0.186269E-36   0.367930E-36   0.726314E-36   0.295991E-34   0.283604E-35   0.561567E-35   0.111313E-34   0.220775E-34   0.438360E-34   0.191962E-27   0.562366E-21   0.755505E-17   0.267716E-15   0.223267E-15   0.864847E-16   0.631187E-20   0.429912E-24   0.153921E-29   0.447923E-31   0.679092E-28   0.175236E-30   0.166133E-27   0.692915E-30
   0.366667E+01   0.158664E-33   0.312573E-36   0.174405E-33   0.112763E-35   0.205944E-35   0.371527E-35   0.130553E-32   0.118603E-34   0.212078E-34   0.379446E-34   0.679763E-34   0.121962E-33   0.852039E-26   0.249623E-19   0.335492E-15   0.118922E-13   0.992041E-14   0.384270E-14   0.279911E-18   0.190666E-22   0.669424E-28   0.124985E-30   0.301981E-26   0.322025E-30   0.738819E-26   0.939286E-30
   0.366667E+01   0.526233E-29   0.906771E-32   0.585852E-29   0.324982E-31   0.586003E-31   0.103820E-30   0.444322E-28   0.314630E-30   0.544428E-30   0.937353E-30   0.160538E-29   0.273437E-29   0.258115E-21   0.756094E-15   0.101555E-10   0.359810E-09   0.299819E-09   0.115475E-09   0.843119E-14   0.572724E-18   0.203354E-23   0.281006E-26   0.912174E-22   0.514261E-26   0.223116E-21   0.860250E-26
   0.366667E+01   0.361545E-29   0.281026E-31   0.494635E-29   0.105351E-30   0.193126E-30   0.346750E-30   0.331063E-28   0.107140E-29   0.186675E-29   0.323176E-29   0.555919E-29   0.950151E-29   0.722609E-22   0.211503E-15   0.282274E-11   0.995035E-10   0.823510E-10   0.317581E-10   0.232477E-14   0.157812E-18   0.558662E-24   0.756871E-26   0.248124E-22   0.143826E-25   0.606174E-22   0.254316E-25
   0.366667E+01   0.131408E-30   0.563811E-31   0.228306E-30   0.165038E-30   0.272844E-30   0.446202E-30   0.157761E-29   0.117079E-29   0.188698E-29   0.303343E-29   0.486613E-29   0.779237E-29   0.173378E-23   0.507321E-17   0.676044E-13   0.238026E-11   0.196654E-11   0.754829E-12   0.555444E-16   0.376735E-20   0.133577E-25   0.876608E-27   0.591304E-24   0.217856E-26   0.144396E-23   0.538806E-26
   0.366667E+01   0.154434E-28   0.860083E-29   0.266793E-28   0.216715E-28   0.343968E-28   0.545924E-28   0.172425E-27   0.137505E-27   0.218218E-27   0.346296E-27   0.549518E-27   0.871949E-27   0.209721E-21   0.613828E-15   0.817996E-11   0.287980E-09   0.239277E-09   0.930211E-10   0.674536E-14   0.458605E-18   0.162037E-23   0.889258E-25   0.715367E-22   0.221094E-24   0.174781E-21   0.547753E-24
   0.366667E+01   0.000000E+00   0.000000E+00   0.000000E+00   0.000000E+00   0.000000E+00   0.000000E+00   0.000000E+00   0.000000E+00   0.000000E+00   0.000000E+00   0.000000E+00   0.000000E+00   0.000000E+00   0.000000E+00   0.000000E+00   0.000000E+00   0.000000E+00   0.000000E+00   0.000000E+00   0.000000E+00   0.000000E+00   0.000000E+00   0.000000E+00   0.000000E+00   0.000000E+00   0.000000E+00
   0.366667E+01   0.219474E-26   0.461902E-26   0.902417E-26   0.184750E-25   0.369492E-25   0.738970E-25   0.147061E-24   0.295581E-24   0.591156E-24   0.118230E-23   0.236460E-23   0.472917E-23   0.290677E-20   0.159866E-13   0.268269E-09   0.119164E-07   0.125121E-07   0.492917E-08   0.314265E-12   0.219597E-16   0.851054E-21   0.484257E-20   0.101039E-19   0.193702E-19   0.392035E-19   0.774814E-19
   0.383333E+01   0.218750E-25   0.437500E-25   0.875001E-25   0.175000E-24   0.350000E-24   0.700000E-24   0.140000E-23   0.280000E-23   0.560000E-23   0.112000E-22   0.224000E-22   0.448000E-22   0.259343E-19   0.144216E-12   0.244065E-08   0.109031E-06   0.117587E-06   0.502210E-07   0.257430E-11   0.163778E-16   0.733732E-20   0.458749E-19   0.957629E-19   0.183499E-18   0.371174E-18   0.734003E-18
   0.383333E+01   0.128352E-39   0.163540E-35   0.548660E-39   0.654159E-35   0.212408E-38   0.261665E-34   0.491672E-36   0.104665E-33   0.321045E-37   0.418657E-33   0.128417E-36   0.167464E-32   0.270751E-33   0.834311E-27   0.860155E-23   0.383312E-21   0.453012E-21   0.177310E-21   0.536017E-26   0.429622E-31   0.118020E-31   0.171478E-29   0.414803E-33   0.685917E-29   0.943155E-33   0.274369E-28
   0.383333E+01   0.676402E-39   0.163539E-35   0.204732E-38   0.654152E-35   0.614389E-38   0.261661E-34   0.494961E-36   0.104664E-33   0.603103E-37   0.418656E-33   0.199111E-36   0.167464E-32   0.241641E-31   0.710794E-25   0.956233E-21   0.341365E-19   0.289856E-19   0.121292E-19   0.743129E-24   0.457230E-29   0.120620E-31   0.429650E-31   0.884159E-32   0.171785E-30   0.219351E-31   0.687442E-30
   0.383333E+01   0.151814E-39   0.163538E-35   0.589613E-39   0.654155E-35   0.228789E-38   0.261664E-34   0.491198E-36   0.104665E-33   0.335971E-37   0.418661E-33   0.131378E-36   0.167463E-32   0.900204E-33   0.277145E-26   0.383012E-22   0.125841E-20   0.124399E-20   0.528628E-21   0.265862E-25   0.179821E-30   0.118096E-31   0.171478E-29   0.616061E-33   0.685914E-29   0.158350E-32   0.274370E-28
   0.383333E+01   0.205903E-38   0.163539E-35   0.602618E-38   0.654152E-35   0.169812E-37   0.261664E-34   0.504739E-36   0.104664E-33   0.136282E-36   0.418657E-33   0.391656E-36   0.167463E-32   0.902532E-31   0.265186E-24   0.358068E-20   0.127238E-18   0.108687E-18   0.453623E-19   0.266933E-23   0.165113E-28   0.128393E-31   0.429557E-31   0.330793E-31   0.171810E-30   0.808791E-31   0.687393E-30
   0.383333E+01   0.176839E-36   0.163539E-35   0.511888E-36   0.654157E-35   0.140167E-35   0.261664E-34   0.129126E-35   0.262295E-35   0.965147E-35   0.104880E-34   0.248069E-34   0.419732E-34   0.855118E-29   0.251151E-22   0.339117E-18   0.120517E-16   0.102925E-16   0.429569E-17   0.252954E-21   0.156381E-26   0.111963E-30   0.430235E-31   0.313949E-29   0.171933E-30   0.767062E-29   0.687442E-30
   0.383333E+01   0.173066E-34   0.411629E-37   0.487873E-34   0.164687E-36   0.131333E-33   0.658747E-36   0.118443E-33   0.263555E-35   0.888844E-33   0.105399E-34   0.227345E-32   0.421839E-34   0.783470E-27   0.230081E-20   0.310391E-16   0.110230E-14   0.940810E-15   0.392500E-15   0.231036E-19   0.142775E-24   0.915716E-29   0.488044E-31   0.286486E-27   0.181979E-30   0.699820E-27   0.702579E-30
   0.383333E+01   0.198738E-39   0.163537E-35   0.747922E-39   0.654160E-35   0.270954E-38   0.261661E-34   0.492133E-36   0.104664E-33   0.373341E-37   0.418659E-33   0.141813E-36   0.167464E-32   0.336455E-32   0.102515E-25   0.134704E-21   0.476609E-20   0.418497E-20   0.170635E-20   0.102699E-24   0.653404E-30   0.118374E-31   0.171477E-29   0.153144E-32   0.685915E-29   0.370871E-32   0.274369E-28
   0.383333E+01   0.677414E-38   0.163539E-35   0.197732E-37   0.654154E-35   0.547600E-37   0.261663E-34   0.539151E-36   0.104664E-33   0.394302E-36   0.418657E-33   0.106112E-35   0.167463E-32   0.321133E-30   0.943337E-24   0.127374E-19   0.452756E-18   0.386678E-18   0.161368E-18   0.950278E-23   0.587542E-28   0.155452E-31   0.429557E-31   0.118058E-30   0.171822E-30   0.288637E-30   0.687147E-30
   0.383333E+01   0.588448E-36   0.409777E-37   0.172326E-35   0.163946E-36   0.475234E-35   0.655597E-36   0.436541E-35   0.262257E-35   0.329774E-34   0.104895E-34   0.848764E-34   0.419612E-34   0.293443E-28   0.861891E-22   0.116423E-17   0.413880E-16   0.353563E-16   0.147590E-16   0.869186E-21   0.537467E-26   0.356140E-30   0.431776E-31   0.107924E-28   0.172241E-30   0.263699E-28   0.687886E-30
   0.383333E+01   0.502061E-34   0.414891E-37   0.148928E-33   0.166109E-36   0.413989E-33   0.665000E-36   0.380955E-33   0.266057E-35   0.289579E-32   0.106385E-34   0.746648E-32   0.425811E-34   0.258443E-26   0.759125E-20   0.102584E-15   0.364803E-14   0.311719E-14   0.130112E-14   0.765106E-19   0.473329E-24   0.304178E-28   0.623382E-31   0.952268E-27   0.205250E-30   0.232688E-26   0.737141E-30
   0.383333E+01   0.411343E-32   0.819790E-37   0.123581E-31   0.343409E-36   0.346299E-31   0.141581E-35   0.320272E-31   0.573867E-35   0.244234E-30   0.232383E-34   0.630993E-30   0.936995E-34   0.188409E-24   0.553266E-18   0.747130E-14   0.265553E-12   0.226507E-12   0.934758E-13   0.554337E-17   0.341976E-22   0.218116E-26   0.168124E-29   0.691981E-25   0.299801E-29   0.169016E-24   0.489646E-29
   0.383333E+01   0.317391E-31   0.115496E-35   0.824495E-31   0.484534E-35   0.211052E-30   0.199731E-34   0.268146E-30   0.805149E-34   0.135744E-29   0.325933E-33   0.342861E-29   0.131360E-32   0.505825E-24   0.148384E-17   0.199171E-13   0.704591E-12   0.595099E-12   0.242150E-12   0.146288E-16   0.899378E-22   0.573219E-26   0.408226E-28   0.180788E-24   0.704373E-28   0.440854E-24   0.104995E-27
   0.383333E+01   0.294099E-39   0.163539E-35   0.100006E-38   0.654157E-35   0.343597E-38   0.261662E-34   0.492781E-36   0.104664E-33   0.421861E-37   0.418657E-33   0.149184E-36   0.167463E-32   0.787937E-32   0.229771E-25   0.315498E-21   0.112245E-19   0.948450E-20   0.396133E-20   0.241847E-24   0.150438E-29   0.118732E-31   0.429465E-31   0.309776E-32   0.171797E-30   0.771892E-32   0.274370E-28
   0.383333E+01   0.147688E-37   0.163538E-35   0.433707E-37   0.654159E-35   0.120186E-36   0.261664E-34   0.600361E-36   0.104664E-33   0.849791E-36   0.418658E-33   0.223458E-35   0.167464E-32   0.727827E-30   0.213787E-23   0.288787E-19   0.102665E-17   0.877054E-18   0.366111E-18   0.215601E-22   0.133325E-27   0.203233E-31   0.429680E-31   0.267836E-30   0.171834E-30   0.654548E-30   0.687048E-30
   0.383333E+01   0.191845E-35   0.409865E-37   0.568606E-35   0.164017E-36   0.157980E-34   0.656067E-36   0.145759E-34   0.262314E-35   0.110453E-33   0.104963E-34   0.284779E-33   0.419943E-34   0.985020E-28   0.289331E-21   0.390980E-17   0.139037E-15   0.118807E-15   0.496029E-16   0.292154E-20   0.180695E-25   0.116964E-29   0.436953E-31   0.362924E-28   0.173092E-30   0.886817E-28   0.689168E-30
   0.383333E+01   0.160437E-33   0.423854E-37   0.481604E-33   0.170070E-36   0.134885E-32   0.681692E-36   0.124952E-32   0.272884E-35   0.950803E-32   0.109251E-34   0.245616E-31   0.437066E-34   0.846525E-26   0.248658E-19   0.336143E-15   0.119572E-13   0.102192E-13   0.426397E-14   0.250379E-18   0.154842E-23   0.984665E-28   0.106924E-30   0.312414E-26   0.281423E-30   0.763427E-26   0.847384E-30
   0.383333E+01   0.123339E-31   0.146205E-36   0.372984E-31   0.629218E-36   0.104733E-30   0.263870E-35   0.989316E-31   0.107694E-34   0.738739E-30   0.439014E-34   0.190795E-29   0.177751E-33   0.462933E-24   0.135905E-17   0.183335E-13   0.651114E-12   0.554263E-12   0.226705E-12   0.135715E-16   0.835856E-22   0.533001E-26   0.513067E-29   0.169219E-24   0.887988E-29   0.413142E-24   0.133811E-28
   0.383333E+01   0.375902E-31   0.262598E-35   0.971035E-31   0.117135E-34   0.247695E-30   0.501907E-34   0.315023E-30   0.206819E-33   0.158746E-29   0.850232E-33   0.400605E-29   0.346011E-32   0.583220E-24   0.171092E-17   0.229585E-13   0.811983E-12   0.685869E-12   0.280105E-12   0.168645E-16   0.103737E-21   0.660708E-26   0.122727E-27   0.208178E-24   0.221478E-27   0.507665E-24   0.328682E-27
   0.383333E+01   0.387301E-31   0.216573E-33   0.987892E-31   0.921725E-33   0.250792E-30   0.383452E-32   0.322681E-30   0.154991E-31   0.161498E-29   0.629755E-31   0.411589E-29   0.254405E-30   0.578349E-24   0.169660E-17   0.227558E-13   0.804508E-12   0.679827E-12   0.278261E-12   0.167156E-16   0.102858E-21   0.654840E-26   0.321395E-27   0.206019E-24   0.800950E-27   0.502392E-24   0.197911E-26
   0.383333E+01   0.135259E-39   0.163538E-35   0.523394E-39   0.654149E-35   0.214057E-38   0.261663E-34   0.491832E-36   0.104665E-33   0.346251E-37   0.418657E-33   0.129472E-36   0.167463E-32   0.431132E-34   0.239744E-27   0.357045E-23   0.180808E-21   0.201339E-21   0.103709E-21   0.214423E-27   0.226843E-31   0.117824E-31   0.429465E-31   0.216320E-33   0.171834E-30   0.696225E-33   0.687492E-30
   0.383333E+01   0.449142E-37   0.163538E-35   0.133172E-36   0.654155E-35   0.370376E-36   0.261661E-34   0.357162E-36   0.262220E-35   0.258947E-35   0.104865E-34   0.669261E-35   0.419582E-34   0.228816E-29   0.672118E-23   0.908234E-19   0.322969E-17   0.275983E-17   0.115223E-17   0.678632E-22   0.419730E-27   0.386744E-31   0.429865E-31   0.843123E-30   0.171834E-30   0.206047E-29   0.687344E-30
   0.383333E+01   0.405995E-35   0.410629E-37   0.121765E-34   0.164240E-36   0.340850E-34   0.657195E-36   0.317277E-34   0.263010E-35   0.240142E-33   0.105226E-34   0.620282E-33   0.420785E-34   0.214197E-27   0.629193E-21   0.850585E-17   0.302574E-15   0.258621E-15   0.107995E-15   0.636144E-20   0.393538E-25   0.253382E-29   0.446906E-31   0.790611E-28   0.174941E-30   0.193203E-27   0.692126E-30
   0.383333E+01   0.334712E-33   0.484068E-37   0.101672E-32   0.198141E-36   0.286897E-32   0.805872E-36   0.268283E-32   0.324606E-35   0.203798E-31   0.130775E-34   0.527448E-31   0.525538E-34   0.179089E-25   0.526065E-19   0.711350E-15   0.253097E-13   0.216325E-13   0.901715E-14   0.529508E-18   0.327297E-23   0.208788E-27   0.192700E-30   0.661767E-26   0.434202E-30   0.161716E-25   0.108641E-29
   0.383333E+01   0.304395E-31   0.802154E-36   0.888966E-31   0.371474E-35   0.243731E-30   0.163132E-34   0.273383E-30   0.679234E-34   0.167606E-29   0.282088E-33   0.430158E-29   0.115544E-32   0.855415E-24   0.251065E-17   0.338148E-13   0.119944E-11   0.101853E-11   0.415171E-12   0.249691E-16   0.153646E-21   0.978948E-26   0.159324E-28   0.310443E-24   0.279940E-28   0.757626E-24   0.428778E-28
   0.383333E+01   0.424120E-31   0.220430E-34   0.108564E-30   0.103940E-33   0.275625E-30   0.461449E-33   0.350104E-30   0.193235E-32   0.176050E-29   0.805869E-32   0.444339E-29   0.330947E-31   0.644763E-24   0.189145E-17   0.253738E-13   0.897198E-12   0.757959E-12   0.310161E-12   0.186387E-16   0.114685E-21   0.730184E-26   0.256746E-27   0.229859E-24   0.558938E-27   0.560535E-24   0.106151E-26
   0.383333E+01   0.434635E-31   0.204476E-32   0.112615E-30   0.924562E-32   0.293262E-30   0.398321E-31   0.426213E-30   0.158980E-30   0.205359E-29   0.592030E-30   0.548853E-29   0.198910E-29   0.637657E-24   0.187058E-17   0.250893E-13   0.887002E-12   0.749489E-12   0.306864E-12   0.184294E-16   0.113408E-21   0.721986E-26   0.357726E-27   0.227142E-24   0.895804E-27   0.553903E-24   0.223996E-26
   0.383333E+01   0.136651E-39   0.163548E-35   0.523095E-39   0.654189E-35   0.216291E-38   0.261675E-34   0.491921E-36   0.104670E-33   0.319735E-37   0.418681E-33   0.123380E-36   0.167470E-32   0.965736E-34   0.239744E-27   0.357045E-23   0.180808E-21   0.201339E-21   0.103711E-21   0.643215E-27   0.271495E-31   0.117803E-31   0.429526E-31   0.215844E-33   0.171822E-30   0.646211E-33   0.687196E-30
   0.383333E+01   0.192487E-39   0.410571E-37   0.634767E-39   0.164287E-36   0.199834E-38   0.657007E-36   0.171152E-37   0.262728E-35   0.236980E-37   0.105084E-34   0.737270E-37   0.420304E-34   0.679809E-32   0.202824E-25   0.271841E-21   0.959726E-20   0.830523E-20   0.343258E-20   0.209256E-24   0.131130E-29   0.118627E-31   0.429557E-31   0.269782E-32   0.171797E-30   0.688088E-32   0.687245E-30
   0.383333E+01   0.141838E-37   0.410629E-37   0.430819E-37   0.164264E-36   0.121828E-36   0.656819E-36   0.129116E-36   0.262803E-35   0.871183E-36   0.105129E-34   0.228102E-35   0.420304E-34   0.764526E-30   0.224603E-23   0.303765E-19   0.108100E-17   0.924268E-18   0.385996E-18   0.227306E-22   0.140681E-27   0.207970E-31   0.429742E-31   0.282861E-30   0.171871E-30   0.691559E-30   0.687393E-30
   0.383333E+01   0.982154E-33   0.203284E-36   0.301892E-32   0.975037E-36   0.858263E-32   0.438093E-35   0.811400E-32   0.181564E-34   0.614375E-31   0.705800E-34   0.159305E-30   0.252784E-33   0.518695E-25   0.152358E-18   0.206031E-14   0.733091E-13   0.626395E-13   0.260337E-13   0.153266E-17   0.946740E-23   0.603666E-27   0.548354E-30   0.191707E-25   0.108614E-29   0.468443E-25   0.214945E-29
   0.383333E+01   0.381173E-31   0.107840E-34   0.106048E-30   0.544211E-34   0.282056E-30   0.251464E-33   0.358550E-30   0.105264E-32   0.188042E-29   0.408263E-32   0.478970E-29   0.143476E-31   0.878722E-24   0.257898E-17   0.346844E-13   0.122881E-11   0.104227E-11   0.429431E-12   0.255913E-16   0.157688E-21   0.100229E-25   0.342873E-28   0.316817E-24   0.620916E-28   0.773144E-24   0.995527E-28
   0.383333E+01   0.371569E-32   0.432418E-34   0.952722E-32   0.220738E-33   0.243610E-31   0.102732E-32   0.323309E-31   0.431916E-32   0.160580E-30   0.167837E-31   0.414441E-30   0.587879E-31   0.569783E-25   0.167154E-18   0.224213E-14   0.792722E-13   0.669620E-13   0.275100E-13   0.164724E-17   0.101412E-22   0.645916E-27   0.316459E-28   0.203038E-25   0.804919E-28   0.495154E-25   0.199366E-27
   0.383333E+01   0.564346E-31   0.248654E-31   0.153568E-30   0.740120E-31   0.403737E-30   0.202602E-30   0.685469E-30   0.532113E-30   0.265046E-29   0.137127E-29   0.671656E-29   0.349633E-29   0.660247E-24   0.193686E-17   0.259783E-13   0.918429E-12   0.775662E-12   0.318269E-12   0.190808E-16   0.117448E-21   0.747585E-26   0.370073E-27   0.235189E-24   0.927800E-27   0.573530E-24   0.232630E-26
   0.383333E+01   0.141172E-35   0.437019E-37   0.422652E-35   0.173244E-36   0.118182E-34   0.684749E-36   0.111273E-34   0.271060E-35   0.831754E-34   0.107559E-34   0.214803E-33   0.427346E-34   0.736524E-28   0.216349E-21   0.292459E-17   0.104030E-15   0.889152E-16   0.371283E-16   0.218699E-20   0.135289E-25   0.878841E-30   0.436799E-31   0.271789E-28   0.173178E-30   0.664168E-28   0.689562E-30
   0.383333E+01   0.419898E-35   0.489975E-37   0.127322E-34   0.191464E-36   0.358882E-34   0.742019E-36   0.339299E-34   0.288156E-35   0.254656E-33   0.112637E-34   0.658917E-33   0.442181E-34   0.226269E-27   0.664686E-21   0.898903E-17   0.319856E-15   0.273465E-15   0.114212E-15   0.672829E-20   0.416318E-25   0.268021E-29   0.451805E-31   0.836572E-28   0.175914E-30   0.204448E-27   0.694296E-30
   0.383333E+01   0.175880E-33   0.375852E-36   0.540138E-33   0.132426E-35   0.153475E-32   0.430221E-35   0.145772E-32   0.135906E-34   0.109802E-31   0.429866E-34   0.284673E-31   0.136223E-33   0.978034E-26   0.287320E-19   0.388723E-15   0.138365E-13   0.118327E-13   0.494176E-14   0.290495E-18   0.179784E-23   0.113787E-27   0.139569E-30   0.362271E-26   0.350251E-30   0.885407E-26   0.983512E-30
   0.383333E+01   0.579459E-29   0.111069E-31   0.180235E-28   0.388748E-31   0.516239E-28   0.122930E-30   0.492826E-28   0.371169E-30   0.372374E-27   0.110220E-29   0.967332E-27   0.320083E-29   0.291433E-21   0.856009E-15   0.115730E-10   0.411714E-09   0.351684E-09   0.146031E-09   0.860765E-14   0.531475E-19   0.337706E-23   0.328791E-26   0.107598E-21   0.606864E-26   0.262904E-21   0.100524E-25
   0.383333E+01   0.400161E-29   0.357830E-31   0.106064E-28   0.131108E-30   0.274426E-28   0.427369E-30   0.357859E-28   0.131608E-29   0.178414E-27   0.395780E-29   0.452085E-27   0.115857E-28   0.787846E-22   0.231229E-15   0.310612E-11   0.109937E-09   0.932992E-10   0.388016E-10   0.229197E-14   0.141423E-19   0.897326E-24   0.914144E-26   0.282564E-22   0.175769E-25   0.689593E-22   0.308542E-25
   0.383333E+01   0.150476E-30   0.667424E-31   0.405240E-30   0.189646E-30   0.105412E-29   0.506285E-30   0.176209E-29   0.131954E-29   0.687578E-29   0.340283E-29   0.174360E-28   0.871101E-29   0.191471E-23   0.561787E-17   0.753552E-13   0.266407E-11   0.225674E-11   0.933247E-12   0.554642E-16   0.341893E-21   0.217239E-25   0.965343E-27   0.682269E-24   0.240042E-26   0.166431E-23   0.593906E-26
   0.383333E+01   0.166990E-28   0.919842E-29   0.429937E-28   0.231746E-28   0.109381E-27   0.583762E-28   0.184933E-27   0.147031E-27   0.698364E-27   0.370280E-27   0.176009E-26   0.932324E-27   0.226001E-21   0.663308E-15   0.889763E-11   0.314537E-09   0.267893E-09   0.112326E-09   0.657343E-14   0.406247E-19   0.257327E-23   0.951261E-25   0.805493E-22   0.236501E-24   0.196601E-21   0.585758E-24
   0.383333E+01   0.000000E+00   0.000000E+00   0.000000E+00   0.000000E+00   0.000000E+00   0.000000E+00   0.000000E+00   0.000000E+00   0.000000E+00   0.000000E+00   0.000000E+00   0.000000E+00   0.000000E+00   0.000000E+00   0.000000E+00   0.000000E+00   0.000000E+00   0.000000E+00   0.000000E+00   0.000000E+00   0.000000E+00   0.000000E+00   0.000000E+00   0.000000E+00   0.000000E+00   0.000000E+00
   0.383333E+01   0.231150E-26   0.461908E-26   0.924293E-26   0.184751E-25   0.369629E-25   0.738973E-25   0.147808E-24   0.295582E-24   0.591249E-24   0.118231E-23   0.236483E-23   0.472918E-23   0.279079E-20   0.153795E-13   0.259737E-09   0.115838E-07   0.124760E-07   0.532782E-08   0.273301E-12   0.173846E-17   0.775139E-21   0.484257E-20   0.101280E-19   0.193702E-19   0.392283E-19   0.774815E-19
   0.400000E+01   0.218750E-25   0.437500E-25   0.875001E-25   0.175000E-24   0.346286E-24   0.700000E-24   0.140000E-23   0.280000E-23   0.558663E-23   0.112000E-22   0.223725E-22   0.448000E-22   0.248511E-19   0.138625E-12   0.236159E-08   0.105942E-06   0.117086E-06   0.538893E-07   0.288820E-11   0.244815E-15   0.939930E-20   0.458749E-19   0.959656E-19   0.183499E-18   0.371350E-18   0.734002E-18
   0.400000E+01   0.817739E-36   0.163540E-35   0.327076E-35   0.654159E-35   0.122141E-36   0.261665E-34   0.523328E-34   0.104665E-33   0.196987E-35   0.418657E-33   0.787962E-35   0.167464E-32   0.256138E-33   0.801967E-27   0.127199E-22   0.372429E-21   0.451415E-21   0.189775E-21   0.743665E-26   0.890877E-30   0.143995E-31   0.171478E-29   0.414572E-33   0.685913E-29   0.994259E-33   0.274371E-28
   0.400000E+01   0.817740E-36   0.163549E-35   0.327098E-35   0.654152E-35   0.123792E-36   0.261675E-34   0.523355E-34   0.104664E-33   0.197887E-35   0.418656E-33   0.791416E-35   0.167464E-32   0.290543E-31   0.853495E-25   0.116003E-20   0.414240E-19   0.360850E-19   0.162150E-19   0.104425E-23   0.824395E-28   0.145946E-31   0.429619E-31   0.112747E-31   0.171773E-30   0.275077E-31   0.687442E-30
   0.400000E+01   0.817739E-36   0.163549E-35   0.327093E-35   0.654155E-35   0.122094E-36   0.261675E-34   0.523349E-34   0.104665E-33   0.196873E-35   0.418661E-33   0.788558E-35   0.167463E-32   0.110883E-32   0.329083E-26   0.485242E-22   0.165836E-20   0.149038E-20   0.691096E-21   0.374231E-25   0.356124E-29   0.144004E-31   0.171480E-29   0.698264E-33   0.685918E-29   0.173409E-32   0.274368E-28
   0.400000E+01   0.817742E-36   0.163549E-35   0.327097E-35   0.654152E-35   0.128235E-36   0.261675E-34   0.523347E-34   0.104664E-33   0.200813E-35   0.418657E-33   0.799375E-35   0.167463E-32   0.108439E-30   0.319450E-24   0.434048E-20   0.154902E-18   0.135482E-18   0.606058E-19   0.374231E-23   0.307751E-27   0.151933E-31   0.429588E-31   0.416740E-31   0.171798E-30   0.101876E-30   0.687245E-30
   0.400000E+01   0.817737E-36   0.163549E-35   0.327096E-35   0.654157E-35   0.691161E-36   0.261675E-34   0.131383E-35   0.262295E-35   0.391321E-35   0.104880E-34   0.101017E-34   0.419732E-34   0.102816E-28   0.302769E-22   0.411499E-18   0.146841E-16   0.128424E-16   0.574739E-17   0.354912E-21   0.291960E-25   0.923877E-31   0.430512E-31   0.394224E-29   0.172032E-30   0.962177E-29   0.687640E-30
   0.400000E+01   0.206343E-37   0.412775E-37   0.825433E-37   0.164793E-36   0.534216E-34   0.660722E-36   0.132041E-35   0.263649E-35   0.355275E-33   0.105452E-34   0.905803E-33   0.421929E-34   0.942455E-27   0.277499E-20   0.376820E-16   0.134372E-14   0.117445E-14   0.525385E-15   0.324290E-19   0.266633E-23   0.713978E-29   0.502187E-31   0.359917E-27   0.184358E-30   0.878282E-27   0.705931E-30
   0.400000E+01   0.817746E-36   0.163547E-35   0.327096E-35   0.654151E-35   0.122327E-36   0.261675E-34   0.523350E-34   0.104664E-33   0.197096E-35   0.418656E-33   0.789299E-35   0.167463E-32   0.405028E-32   0.119742E-25   0.166929E-21   0.593779E-20   0.503013E-20   0.233827E-20   0.143935E-24   0.119700E-28   0.144210E-31   0.171480E-29   0.182354E-32   0.685914E-29   0.455548E-32   0.274371E-28
   0.400000E+01   0.817736E-36   0.163547E-35   0.327097E-35   0.654149E-35   0.143424E-36   0.261675E-34   0.523353E-34   0.104664E-33   0.211205E-35   0.418662E-33   0.825664E-35   0.167463E-32   0.385470E-30   0.113533E-23   0.154299E-19   0.550647E-18   0.481659E-18   0.215534E-18   0.133087E-22   0.109485E-26   0.172952E-31   0.429403E-31   0.147961E-30   0.171810E-30   0.361430E-30   0.687048E-30
   0.400000E+01   0.817734E-36   0.410777E-37   0.821318E-37   0.163911E-36   0.193343E-35   0.657007E-36   0.131439E-35   0.262257E-35   0.132155E-34   0.104895E-34   0.339885E-34   0.419612E-34   0.352447E-28   0.103792E-21   0.141122E-17   0.503747E-16   0.440687E-16   0.197256E-16   0.121823E-20   0.100240E-24   0.282250E-30   0.432207E-31   0.135377E-28   0.172266E-30   0.330432E-28   0.687787E-30
   0.400000E+01   0.207930E-37   0.416272E-37   0.832897E-37   0.166356E-36   0.168158E-33   0.667211E-36   0.133423E-35   0.266527E-35   0.115575E-32   0.106558E-34   0.297026E-32   0.426473E-34   0.310410E-26   0.914163E-20   0.124346E-15   0.444011E-14   0.388528E-14   0.173891E-14   0.107214E-18   0.882308E-23   0.236724E-28   0.670528E-31   0.119449E-26   0.213262E-30   0.291572E-26   0.747692E-30
   0.400000E+01   0.417418E-37   0.857788E-37   0.176166E-36   0.359689E-36   0.140084E-31   0.148587E-35   0.298623E-35   0.602079E-35   0.970746E-31   0.243976E-34   0.249975E-30   0.983699E-34   0.222794E-24   0.655928E-18   0.891506E-14   0.318150E-12   0.277879E-12   0.122919E-12   0.764736E-17   0.627312E-21   0.169720E-26   0.207205E-29   0.854239E-25   0.365748E-29   0.208418E-24   0.576967E-29
   0.400000E+01   0.620423E-36   0.126904E-35   0.260657E-35   0.532433E-35   0.116977E-30   0.219509E-34   0.438742E-34   0.884837E-34   0.754110E-30   0.358209E-33   0.190532E-29   0.144370E-32   0.568212E-24   0.167114E-17   0.225763E-13   0.801883E-12   0.693813E-12   0.302663E-12   0.191721E-16   0.156737E-20   0.422142E-26   0.510804E-28   0.212001E-24   0.877893E-28   0.516395E-24   0.128050E-27
   0.400000E+01   0.817744E-36   0.163547E-35   0.327093E-35   0.654153E-35   0.122652E-36   0.261676E-34   0.523349E-34   0.104665E-33   0.197242E-35   0.418658E-33   0.789435E-35   0.167462E-32   0.931349E-32   0.275987E-25   0.372333E-21   0.133864E-19   0.118228E-19   0.518494E-20   0.333210E-24   0.267766E-28   0.144391E-31   0.429557E-31   0.375467E-32   0.171847E-30   0.936180E-32   0.274369E-28
   0.400000E+01   0.817737E-36   0.163548E-35   0.327097E-35   0.654157E-35   0.169545E-36   0.261677E-34   0.523353E-34   0.104664E-33   0.229251E-35   0.418659E-33   0.871033E-35   0.167464E-32   0.863197E-30   0.254218E-23   0.345641E-19   0.123387E-17   0.107942E-17   0.483160E-18   0.298387E-22   0.245512E-26   0.209305E-31   0.429680E-31   0.331690E-30   0.171884E-30   0.809899E-30   0.687344E-30
   0.400000E+01   0.205447E-37   0.410659E-37   0.821847E-37   0.164040E-36   0.642658E-35   0.657383E-36   0.131486E-35   0.262427E-35   0.441813E-34   0.104978E-34   0.113621E-33   0.419853E-34   0.118198E-27   0.348096E-21   0.473481E-17   0.169067E-15   0.147944E-15   0.662328E-16   0.409090E-20   0.336703E-24   0.914264E-30   0.438863E-31   0.454817E-28   0.173449E-30   0.111020E-27   0.689464E-30
   0.400000E+01   0.212676E-37   0.425852E-37   0.853468E-37   0.170623E-36   0.548431E-33   0.685407E-36   0.137110E-35   0.273787E-35   0.379861E-32   0.109650E-34   0.978057E-32   0.438961E-34   0.101518E-25   0.298982E-19   0.406824E-15   0.145309E-13   0.127175E-13   0.568977E-14   0.350350E-18   0.288172E-22   0.769095E-28   0.122550E-30   0.391271E-26   0.307825E-30   0.955128E-26   0.882192E-30
   0.400000E+01   0.744514E-37   0.155174E-36   0.323625E-36   0.668962E-36   0.428174E-31   0.280764E-35   0.565610E-35   0.114629E-34   0.299005E-30   0.467497E-34   0.771396E-30   0.189325E-33   0.537019E-24   0.158058E-17   0.214589E-13   0.765157E-12   0.666961E-12   0.292463E-12   0.183636E-16   0.150386E-20   0.406273E-26   0.631687E-29   0.204872E-24   0.108747E-28   0.499625E-24   0.159895E-28
   0.400000E+01   0.135920E-35   0.289535E-35   0.615420E-35   0.129176E-34   0.136592E-30   0.553580E-34   0.111893E-33   0.228124E-33   0.878796E-30   0.937857E-33   0.221910E-29   0.381684E-32   0.650935E-24   0.191450E-17   0.258567E-13   0.918182E-12   0.794500E-12   0.347823E-12   0.219604E-16   0.179631E-20   0.483345E-26   0.149507E-27   0.242562E-24   0.273551E-27   0.590861E-24   0.402782E-27
   0.400000E+01   0.116632E-33   0.240224E-33   0.497420E-33   0.102270E-32   0.138897E-30   0.425559E-32   0.850726E-32   0.172034E-31   0.909536E-30   0.699071E-31   0.234575E-29   0.282424E-30   0.643486E-24   0.189257E-17   0.255495E-13   0.906947E-12   0.785038E-12   0.344410E-12   0.216992E-16   0.177559E-20   0.477546E-26   0.355710E-27   0.239329E-24   0.886392E-27   0.582981E-24   0.219024E-26
   0.400000E+01   0.817747E-36   0.163547E-35   0.327097E-35   0.654153E-35   0.122071E-36   0.261675E-34   0.523352E-34   0.104664E-33   0.196788E-35   0.418657E-33   0.788668E-35   0.167464E-32   0.925400E-34   0.230450E-27   0.345480E-23   0.175674E-21   0.200629E-21   0.125317E-21   0.239892E-27   0.628716E-30   0.143699E-31   0.429434E-31   0.248227E-33   0.171822E-30   0.820686E-33   0.687245E-30
   0.400000E+01   0.817737E-36   0.163547E-35   0.327096E-35   0.654151E-35   0.270310E-36   0.261677E-34   0.131345E-35   0.262276E-35   0.108037E-35   0.104895E-34   0.286882E-35   0.419522E-34   0.270508E-29   0.796667E-23   0.108360E-18   0.386926E-17   0.338582E-17   0.151575E-17   0.936190E-22   0.770534E-26   0.349636E-31   0.429865E-31   0.104098E-29   0.171834E-30   0.254109E-29   0.687294E-30
   0.400000E+01   0.205873E-37   0.411599E-37   0.823728E-37   0.164405E-36   0.137654E-34   0.659123E-36   0.131787E-35   0.263123E-35   0.953360E-34   0.105264E-34   0.245520E-33   0.420996E-34   0.253989E-27   0.748043E-21   0.101790E-16   0.363579E-15   0.318243E-15   0.142498E-15   0.880239E-20   0.724673E-24   0.195142E-29   0.451127E-31   0.979089E-28   0.175643E-30   0.239012E-27   0.692767E-30
   0.400000E+01   0.244988E-37   0.497028E-37   0.100846E-36   0.203795E-36   0.115809E-32   0.832062E-36   0.166854E-35   0.335006E-35   0.808398E-32   0.135093E-34   0.208536E-31   0.543172E-34   0.211934E-25   0.624177E-19   0.849548E-15   0.303507E-13   0.265648E-13   0.118725E-13   0.731192E-18   0.601078E-22   0.161907E-27   0.227169E-30   0.817826E-26   0.493859E-30   0.199642E-25   0.116929E-29
   0.400000E+01   0.422612E-36   0.924024E-36   0.200750E-35   0.428912E-35   0.116885E-30   0.188655E-34   0.382877E-34   0.786394E-34   0.811265E-30   0.326776E-33   0.208828E-29   0.133895E-32   0.968838E-24   0.285084E-17   0.386421E-13   0.137611E-11   0.119672E-11   0.523116E-12   0.329864E-16   0.269917E-20   0.727293E-26   0.195307E-28   0.366916E-24   0.342172E-28   0.894442E-24   0.515230E-28
   0.400000E+01   0.118513E-34   0.262171E-34   0.575134E-34   0.123816E-33   0.151674E-30   0.550242E-33   0.111976E-32   0.230659E-32   0.974804E-30   0.962319E-32   0.246586E-29   0.395294E-31   0.717703E-24   0.211088E-17   0.285014E-13   0.101187E-11   0.875677E-12   0.384085E-12   0.242066E-16   0.198065E-20   0.532721E-26   0.295236E-27   0.267129E-24   0.651290E-27   0.650708E-24   0.125620E-26
   0.400000E+01   0.114358E-32   0.245588E-32   0.526472E-32   0.111289E-31   0.173734E-30   0.479063E-31   0.953807E-31   0.189655E-30   0.133031E-29   0.694977E-30   0.370455E-29   0.229568E-29   0.709424E-24   0.208651E-17   0.281675E-13   0.999877E-12   0.865431E-12   0.379774E-12   0.239225E-16   0.195758E-20   0.526474E-26   0.395383E-27   0.263850E-24   0.989440E-27   0.642711E-24   0.247173E-26
   0.400000E+01   0.817734E-36   0.163549E-35   0.327096E-35   0.654197E-35   0.122048E-36   0.261674E-34   0.523348E-34   0.104670E-33   0.196861E-35   0.418675E-33   0.788361E-35   0.420424E-34   0.925400E-34   0.230450E-27   0.345480E-23   0.175674E-21   0.200629E-21   0.121738E-21   0.479784E-27   0.839405E-30   0.143718E-31   0.429465E-31   0.222475E-33   0.171773E-30   0.770652E-33   0.687344E-30
   0.400000E+01   0.205374E-37   0.410600E-37   0.820966E-37   0.164264E-36   0.437296E-38   0.656866E-36   0.131392E-35   0.262822E-35   0.660458E-37   0.105046E-34   0.262987E-36   0.420334E-34   0.809064E-32   0.241420E-25   0.326007E-21   0.115734E-19   0.103539E-19   0.465839E-20   0.291708E-24   0.235722E-28   0.144304E-31   0.429619E-31   0.332259E-32   0.171761E-30   0.829933E-32   0.687294E-30
   0.400000E+01   0.205374E-37   0.410747E-37   0.821142E-37   0.164299E-36   0.534990E-37   0.657195E-36   0.131392E-35   0.262709E-35   0.407908E-36   0.105091E-34   0.114212E-35   0.420424E-34   0.913188E-30   0.268973E-23   0.366174E-19   0.130837E-17   0.114560E-17   0.513018E-18   0.316753E-22   0.260861E-26   0.213515E-31   0.429526E-31   0.352835E-30   0.171859E-30   0.861706E-30   0.687147E-30
   0.400000E+01   0.110426E-36   0.248229E-36   0.551883E-36   0.120267E-35   0.347324E-32   0.542528E-35   0.110357E-34   0.223697E-34   0.244372E-31   0.857565E-34   0.631596E-31   0.301715E-33   0.609503E-25   0.179498E-18   0.244315E-14   0.872858E-13   0.763734E-13   0.340293E-13   0.210142E-17   0.172623E-21   0.466498E-27   0.661894E-30   0.235217E-25   0.129007E-29   0.574148E-25   0.245700E-29
   0.400000E+01   0.585547E-35   0.135848E-34   0.309721E-34   0.687617E-34   0.150078E-30   0.317685E-33   0.649152E-33   0.132045E-32   0.100287E-29   0.504595E-32   0.255638E-29   0.174419E-31   0.966523E-24   0.284407E-17   0.384949E-13   0.136925E-11   0.118961E-11   0.525644E-12   0.328399E-16   0.269128E-20   0.722302E-26   0.414333E-28   0.363687E-24   0.749334E-28   0.886570E-24   0.118804E-27
   0.400000E+01   0.241403E-34   0.564533E-34   0.129528E-33   0.289016E-33   0.136885E-31   0.134484E-32   0.275467E-32   0.561373E-32   0.946042E-31   0.214682E-31   0.250576E-30   0.736835E-31   0.631775E-25   0.185822E-18   0.250875E-14   0.890588E-13   0.770674E-13   0.339284E-13   0.213111E-17   0.174472E-21   0.469764E-27   0.349446E-28   0.235052E-25   0.889707E-28   0.572604E-25   0.221269E-27
   0.400000E+01   0.162154E-31   0.289877E-31   0.500718E-31   0.842512E-31   0.293024E-30   0.227673E-30   0.368471E-30   0.593778E-30   0.194281E-29   0.152393E-29   0.493113E-29   0.387693E-29   0.734137E-24   0.215920E-17   0.291489E-13   0.103471E-11   0.895211E-12   0.393567E-12   0.247544E-16   0.202614E-20   0.544838E-26   0.408554E-27   0.273041E-24   0.102344E-26   0.665107E-24   0.256297E-26
   0.400000E+01   0.221860E-37   0.442603E-37   0.880504E-37   0.174878E-36   0.460736E-35   0.689592E-36   0.137025E-35   0.272583E-35   0.319084E-34   0.107935E-34   0.822158E-34   0.428429E-34   0.832902E-28   0.245303E-21   0.333777E-17   0.119216E-15   0.104346E-15   0.467212E-16   0.288601E-20   0.237589E-24   0.649505E-30   0.438062E-31   0.320993E-28   0.173388E-30   0.783592E-28   0.690203E-30
   0.400000E+01   0.256126E-37   0.509430E-37   0.100505E-36   0.197495E-36   0.144359E-34   0.759746E-36   0.149137E-35   0.293516E-35   0.100728E-33   0.114134E-34   0.259874E-33   0.446455E-34   0.264160E-27   0.778032E-21   0.105910E-16   0.378409E-15   0.331309E-15   0.148372E-15   0.916620E-20   0.754807E-24   0.203232E-29   0.456643E-31   0.102000E-27   0.176777E-30   0.249016E-27   0.695528E-30
   0.400000E+01   0.227837E-36   0.446852E-36   0.842418E-36   0.154312E-35   0.601880E-33   0.495734E-35   0.876317E-35   0.155278E-34   0.423301E-32   0.486139E-34   0.109393E-31   0.152028E-33   0.111326E-25   0.327904E-19   0.446543E-15   0.159599E-13   0.139770E-13   0.625917E-14   0.385769E-18   0.317603E-22   0.842434E-28   0.156893E-30   0.430652E-26   0.382027E-30   0.105144E-25   0.103306E-29
   0.400000E+01   0.678119E-32   0.133680E-31   0.251883E-31   0.458867E-31   0.201041E-28   0.144015E-30   0.250017E-30   0.433726E-30   0.142561E-27   0.128417E-29   0.369158E-27   0.371208E-29   0.326198E-21   0.960619E-15   0.130716E-10   0.466909E-09   0.408408E-09   0.181833E-09   0.112410E-13   0.923099E-18   0.248050E-23   0.385088E-26   0.125732E-21   0.709981E-26   0.306882E-21   0.116535E-25
   0.400000E+01   0.219796E-31   0.446905E-31   0.863877E-31   0.160709E-30   0.148718E-28   0.520185E-30   0.913164E-30   0.159835E-29   0.972962E-28   0.479355E-29   0.247143E-27   0.139695E-28   0.853425E-22   0.251137E-15   0.339531E-11   0.120654E-09   0.104882E-09   0.467847E-10   0.289695E-14   0.237771E-18   0.636623E-24   0.109875E-25   0.319503E-22   0.212310E-25   0.778926E-22   0.370691E-25
   0.400000E+01   0.443665E-31   0.773350E-31   0.130208E-30   0.214898E-30   0.753805E-30   0.568199E-30   0.915996E-30   0.147311E-29   0.496044E-29   0.378460E-29   0.126047E-28   0.966131E-29   0.210245E-23   0.618481E-17   0.835000E-13   0.296402E-11   0.257157E-11   0.113960E-11   0.710577E-16   0.582499E-20   0.156302E-25   0.105807E-26   0.782212E-24   0.263141E-26   0.190605E-23   0.651238E-26
   0.400000E+01   0.617320E-29   0.979916E-29   0.155537E-28   0.246863E-28   0.775353E-28   0.621820E-28   0.986852E-28   0.156614E-27   0.495851E-27   0.394405E-27   0.125000E-26   0.993054E-27   0.242335E-21   0.713143E-15   0.962854E-11   0.341761E-09   0.298057E-09   0.134042E-09   0.822498E-14   0.676180E-18   0.180726E-23   0.101392E-24   0.901873E-22   0.252018E-24   0.219899E-21   0.624009E-24
   0.400000E+01   0.000000E+00   0.000000E+00   0.000000E+00   0.000000E+00   0.000000E+00   0.000000E+00   0.000000E+00   0.000000E+00   0.000000E+00   0.000000E+00   0.000000E+00   0.000000E+00   0.000000E+00   0.000000E+00   0.000000E+00   0.000000E+00   0.000000E+00   0.000000E+00   0.000000E+00   0.000000E+00   0.000000E+00   0.000000E+00   0.000000E+00   0.000000E+00   0.000000E+00   0.000000E+00
   0.400000E+01   0.230968E-26   0.461913E-26   0.923791E-26   0.184752E-25   0.365641E-25   0.738977E-25   0.147793E-24   0.295582E-24   0.589792E-24   0.118231E-23   0.236181E-23   0.472918E-23   0.268160E-20   0.148049E-13   0.251617E-09   0.112661E-07   0.124320E-07   0.572089E-08   0.306873E-12   0.260065E-16   0.992630E-21   0.484257E-20   0.101522E-19   0.193702E-19   0.392537E-19   0.774815E-19
