   0.000000E+00   0.000000E+00   0.000000E+00   0.000000E+00   0.000000E+00   0.000000E+00   0.000000E+00   0.000000E+00   0.000000E+00   0.000000E+00   0.316190E-54   0.725870E-40   0.467826E-28   0.846492E-19   0.430007E-12   0.613256E-08   0.245540E-06   0.276004E-07   0.871010E-11   0.771693E-17   0.191946E-25   0.134038E-36   0.262779E-50   0.000000E+00   0.000000E+00   0.000000E+00   0.000000E+00
   0.000000E+00   0.000000E+00   0.000000E+00   0.000000E+00   0.000000E+00   0.000000E+00   0.000000E+00   0.000000E+00   0.000000E+00   0.000000E+00   0.000000E+00   0.000000E+00   0.000000E+00   0.000000E+00   0.000000E+00   0.000000E+00   0.000000E+00   0.000000E+00   0.000000E+00   0.000000E+00   0.000000E+00   0.000000E+00   0.000000E+00   0.000000E+00   0.000000E+00   0.000000E+00   0.000000E+00
   0.000000E+00   0.000000E+00   0.000000E+00   0.000000E+00   0.000000E+00   0.000000E+00   0.000000E+00   0.000000E+00   0.000000E+00   0.000000E+00   0.000000E+00   0.000000E+00   0.000000E+00   0.000000E+00   0.000000E+00   0.000000E+00   0.000000E+00   0.000000E+00   0.000000E+00   0.000000E+00   0.000000E+00   0.000000E+00   0.000000E+00   0.000000E+00   0.000000E+00   0.000000E+00   0.000000E+00
   0.000000E+00   0.000000E+00   0.000000E+00   0.000000E+00   0.000000E+00   0.000000E+00   0.000000E+00   0.000000E+00   0.000000E+00   0.000000E+00   0.000000E+00   0.000000E+00   0.000000E+00   0.000000E+00   0.000000E+00   0.000000E+00   0.000000E+00   0.000000E+00   0.000000E+00   0.000000E+00   0.000000E+00   0.000000E+00   0.000000E+00   0.000000E+00   0.000000E+00   0.000000E+00   0.000000E+00
   0.000000E+00   0.000000E+00   0.000000E+00   0.000000E+00   0.000000E+00   0.000000E+00   0.000000E+00   0.000000E+00   0.000000E+00   0.000000E+00   0.000000E+00   0.000000E+00   0.000000E+00   0.000000E+00   0.000000E+00   0.000000E+00   0.000000E+00   0.000000E+00   0.000000E+00   0.000000E+00   0.000000E+00   0.000000E+00   0.000000E+00   0.000000E+00   0.000000E+00   0.000000E+00   0.000000E+00
   0.000000E+00   0.000000E+00   0.000000E+00   0.000000E+00   0.000000E+00   0.000000E+00   0.000000E+00   0.000000E+00   0.000000E+00   0.000000E+00   0.000000E+00   0.000000E+00   0.000000E+00   0.000000E+00   0.000000E+00   0.000000E+00   0.000000E+00   0.000000E+00   0.000000E+00   0.000000E+00   0.000000E+00   0.000000E+00   0.000000E+00   0.000000E+00   0.000000E+00   0.000000E+00   0.000000E+00
   0.000000E+00   0.000000E+00   0.000000E+00   0.000000E+00   0.000000E+00   0.000000E+00   0.000000E+00   0.000000E+00   0.000000E+00   0.000000E+00   0.000000E+00   0.000000E+00   0.000000E+00   0.000000E+00   0.000000E+00   0.000000E+00   0.000000E+00   0.000000E+00   0.000000E+00   0.000000E+00   0.000000E+00   0.000000E+00   0.000000E+00   0.000000E+00   0.000000E+00   0.000000E+00   0.000000E+00
   0.000000E+00   0.000000E+00   0.000000E+00   0.000000E+00   0.000000E+00   0.000000E+00   0.000000E+00   0.000000E+00   0.000000E+00   0.000000E+00   0.000000E+00   0.000000E+00   0.000000E+00   0.000000E+00   0.000000E+00   0.000000E+00   0.000000E+00   0.000000E+00   0.000000E+00   0.000000E+00   0.000000E+00   0.000000E+00   0.000000E+00   0.000000E+00   0.000000E+00   0.000000E+00   0.000000E+00
   0.000000E+00   0.000000E+00   0.000000E+00   0.000000E+00   0.000000E+00   0.000000E+00   0.000000E+00   0.000000E+00   0.000000E+00   0.000000E+00   0.000000E+00   0.000000E+00   0.000000E+00   0.000000E+00   0.000000E+00   0.000000E+00   0.000000E+00   0.000000E+00   0.000000E+00   0.000000E+00   0.000000E+00   0.000000E+00   0.000000E+00   0.000000E+00   0.000000E+00   0.000000E+00   0.000000E+00
   0.000000E+00   0.000000E+00   0.000000E+00   0.000000E+00   0.000000E+00   0.000000E+00   0.000000E+00   0.000000E+00   0.000000E+00   0.000000E+00   0.000000E+00   0.000000E+00   0.000000E+00   0.000000E+00   0.000000E+00   0.000000E+00   0.000000E+00   0.000000E+00   0.000000E+00   0.000000E+00   0.000000E+00   0.000000E+00   0.000000E+00   0.000000E+00   0.000000E+00   0.000000E+00   0.000000E+00
   0.000000E+00   0.000000E+00   0.000000E+00   0.000000E+00   0.000000E+00   0.000000E+00   0.000000E+00   0.000000E+00   0.000000E+00   0.000000E+00   0.000000E+00   0.000000E+00   0.000000E+00   0.000000E+00   0.000000E+00   0.000000E+00   0.000000E+00   0.000000E+00   0.000000E+00   0.000000E+00   0.000000E+00   0.000000E+00   0.000000E+00   0.000000E+00   0.000000E+00   0.000000E+00   0.000000E+00
   0.000000E+00   0.000000E+00   0.000000E+00   0.000000E+00   0.000000E+00   0.000000E+00   0.000000E+00   0.000000E+00   0.000000E+00   0.000000E+00   0.000000E+00   0.000000E+00   0.000000E+00   0.000000E+00   0.000000E+00   0.000000E+00   0.000000E+00   0.000000E+00   0.000000E+00   0.000000E+00   0.000000E+00   0.000000E+00   0.000000E+00   0.000000E+00   0.000000E+00   0.000000E+00   0.000000E+00
   0.000000E+00   0.000000E+00   0.000000E+00   0.000000E+00   0.000000E+00   0.000000E+00   0.000000E+00   0.000000E+00   0.000000E+00   0.000000E+00   0.000000E+00   0.000000E+00   0.000000E+00   0.000000E+00   0.000000E+00   0.000000E+00   0.000000E+00   0.000000E+00   0.000000E+00   0.000000E+00   0.000000E+00   0.000000E+00   0.000000E+00   0.000000E+00   0.000000E+00   0.000000E+00   0.000000E+00
   0.000000E+00   0.000000E+00   0.000000E+00   0.000000E+00   0.000000E+00   0.000000E+00   0.000000E+00   0.000000E+00   0.000000E+00   0.000000E+00   0.000000E+00   0.000000E+00   0.000000E+00   0.000000E+00   0.000000E+00   0.000000E+00   0.000000E+00   0.000000E+00   0.000000E+00   0.000000E+00   0.000000E+00   0.000000E+00   0.000000E+00   0.000000E+00   0.000000E+00   0.000000E+00   0.000000E+00
   0.000000E+00   0.000000E+00   0.000000E+00   0.000000E+00   0.000000E+00   0.000000E+00   0.000000E+00   0.000000E+00   0.000000E+00   0.000000E+00   0.000000E+00   0.000000E+00   0.000000E+00   0.000000E+00   0.000000E+00   0.000000E+00   0.000000E+00   0.000000E+00   0.000000E+00   0.000000E+00   0.000000E+00   0.000000E+00   0.000000E+00   0.000000E+00   0.000000E+00   0.000000E+00   0.000000E+00
   0.000000E+00   0.000000E+00   0.000000E+00   0.000000E+00   0.000000E+00   0.000000E+00   0.000000E+00   0.000000E+00   0.000000E+00   0.000000E+00   0.000000E+00   0.000000E+00   0.000000E+00   0.000000E+00   0.000000E+00   0.000000E+00   0.000000E+00   0.000000E+00   0.000000E+00   0.000000E+00   0.000000E+00   0.000000E+00   0.000000E+00   0.000000E+00   0.000000E+00   0.000000E+00   0.000000E+00
   0.000000E+00   0.000000E+00   0.000000E+00   0.000000E+00   0.000000E+00   0.000000E+00   0.000000E+00   0.000000E+00   0.000000E+00   0.000000E+00   0.000000E+00   0.000000E+00   0.000000E+00   0.000000E+00   0.000000E+00   0.000000E+00   0.000000E+00   0.000000E+00   0.000000E+00   0.000000E+00   0.000000E+00   0.000000E+00   0.000000E+00   0.000000E+00   0.000000E+00   0.000000E+00   0.000000E+00
   0.000000E+00   0.000000E+00   0.000000E+00   0.000000E+00   0.000000E+00   0.000000E+00   0.000000E+00   0.000000E+00   0.000000E+00   0.000000E+00   0.000000E+00   0.000000E+00   0.000000E+00   0.000000E+00   0.000000E+00   0.000000E+00   0.000000E+00   0.000000E+00   0.000000E+00   0.000000E+00   0.000000E+00   0.000000E+00   0.000000E+00   0.000000E+00   0.000000E+00   0.000000E+00   0.000000E+00
   0.000000E+00   0.000000E+00   0.000000E+00   0.000000E+00   0.000000E+00   0.000000E+00   0.000000E+00   0.000000E+00   0.000000E+00   0.000000E+00   0.000000E+00   0.000000E+00   0.000000E+00   0.000000E+00   0.000000E+00   0.000000E+00   0.000000E+00   0.000000E+00   0.000000E+00   0.000000E+00   0.000000E+00   0.000000E+00   0.000000E+00   0.000000E+00   0.000000E+00   0.000000E+00   0.000000E+00
   0.000000E+00   0.000000E+00   0.000000E+00   0.000000E+00   0.000000E+00   0.000000E+00   0.000000E+00   0.000000E+00   0.000000E+00   0.000000E+00   0.000000E+00   0.000000E+00   0.000000E+00   0.000000E+00   0.000000E+00   0.000000E+00   0.000000E+00   0.000000E+00   0.000000E+00   0.000000E+00   0.000000E+00   0.000000E+00   0.000000E+00   0.000000E+00   0.000000E+00   0.000000E+00   0.000000E+00
   0.000000E+00   0.000000E+00   0.000000E+00   0.000000E+00   0.000000E+00   0.000000E+00   0.000000E+00   0.000000E+00   0.000000E+00   0.000000E+00   0.000000E+00   0.000000E+00   0.000000E+00   0.000000E+00   0.000000E+00   0.000000E+00   0.000000E+00   0.000000E+00   0.000000E+00   0.000000E+00   0.000000E+00   0.000000E+00   0.000000E+00   0.000000E+00   0.000000E+00   0.000000E+00   0.000000E+00
   0.000000E+00   0.000000E+00   0.000000E+00   0.000000E+00   0.000000E+00   0.000000E+00   0.000000E+00   0.000000E+00   0.000000E+00   0.000000E+00   0.000000E+00   0.000000E+00   0.000000E+00   0.000000E+00   0.000000E+00   0.000000E+00   0.000000E+00   0.000000E+00   0.000000E+00   0.000000E+00   0.000000E+00   0.000000E+00   0.000000E+00   0.000000E+00   0.000000E+00   0.000000E+00   0.000000E+00
   0.000000E+00   0.000000E+00   0.000000E+00   0.000000E+00   0.000000E+00   0.000000E+00   0.000000E+00   0.000000E+00   0.000000E+00   0.000000E+00   0.000000E+00   0.000000E+00   0.000000E+00   0.000000E+00   0.000000E+00   0.000000E+00   0.000000E+00   0.000000E+00   0.000000E+00   0.000000E+00   0.000000E+00   0.000000E+00   0.000000E+00   0.000000E+00   0.000000E+00   0.000000E+00   0.000000E+00
   0.000000E+00   0.000000E+00   0.000000E+00   0.000000E+00   0.000000E+00   0.000000E+00   0.000000E+00   0.000000E+00   0.000000E+00   0.000000E+00   0.000000E+00   0.000000E+00   0.000000E+00   0.000000E+00   0.000000E+00   0.000000E+00   0.000000E+00   0.000000E+00   0.000000E+00   0.000000E+00   0.000000E+00   0.000000E+00   0.000000E+00   0.000000E+00   0.000000E+00   0.000000E+00   0.000000E+00
   0.000000E+00   0.000000E+00   0.000000E+00   0.000000E+00   0.000000E+00   0.000000E+00   0.000000E+00   0.000000E+00   0.000000E+00   0.000000E+00   0.000000E+00   0.000000E+00   0.000000E+00   0.000000E+00   0.000000E+00   0.000000E+00   0.000000E+00   0.000000E+00   0.000000E+00   0.000000E+00   0.000000E+00   0.000000E+00   0.000000E+00   0.000000E+00   0.000000E+00   0.000000E+00   0.000000E+00
   0.000000E+00   0.000000E+00   0.000000E+00   0.000000E+00   0.000000E+00   0.000000E+00   0.000000E+00   0.000000E+00   0.000000E+00   0.000000E+00   0.000000E+00   0.000000E+00   0.000000E+00   0.000000E+00   0.000000E+00   0.000000E+00   0.000000E+00   0.000000E+00   0.000000E+00   0.000000E+00   0.000000E+00   0.000000E+00   0.000000E+00   0.000000E+00   0.000000E+00   0.000000E+00   0.000000E+00
   0.000000E+00   0.000000E+00   0.000000E+00   0.000000E+00   0.000000E+00   0.000000E+00   0.000000E+00   0.000000E+00   0.000000E+00   0.000000E+00   0.000000E+00   0.000000E+00   0.000000E+00   0.000000E+00   0.000000E+00   0.000000E+00   0.000000E+00   0.000000E+00   0.000000E+00   0.000000E+00   0.000000E+00   0.000000E+00   0.000000E+00   0.000000E+00   0.000000E+00   0.000000E+00   0.000000E+00
   0.000000E+00   0.000000E+00   0.000000E+00   0.000000E+00   0.000000E+00   0.000000E+00   0.000000E+00   0.000000E+00   0.000000E+00   0.000000E+00   0.000000E+00   0.000000E+00   0.000000E+00   0.000000E+00   0.000000E+00   0.000000E+00   0.000000E+00   0.000000E+00   0.000000E+00   0.000000E+00   0.000000E+00   0.000000E+00   0.000000E+00   0.000000E+00   0.000000E+00   0.000000E+00   0.000000E+00
   0.000000E+00   0.000000E+00   0.000000E+00   0.000000E+00   0.000000E+00   0.000000E+00   0.000000E+00   0.000000E+00   0.000000E+00   0.000000E+00   0.000000E+00   0.000000E+00   0.000000E+00   0.000000E+00   0.000000E+00   0.000000E+00   0.000000E+00   0.000000E+00   0.000000E+00   0.000000E+00   0.000000E+00   0.000000E+00   0.000000E+00   0.000000E+00   0.000000E+00   0.000000E+00   0.000000E+00
   0.000000E+00   0.000000E+00   0.000000E+00   0.000000E+00   0.000000E+00   0.000000E+00   0.000000E+00   0.000000E+00   0.000000E+00   0.000000E+00   0.000000E+00   0.000000E+00   0.000000E+00   0.000000E+00   0.000000E+00   0.000000E+00   0.000000E+00   0.000000E+00   0.000000E+00   0.000000E+00   0.000000E+00   0.000000E+00   0.000000E+00   0.000000E+00   0.000000E+00   0.000000E+00   0.000000E+00
   0.000000E+00   0.000000E+00   0.000000E+00   0.000000E+00   0.000000E+00   0.000000E+00   0.000000E+00   0.000000E+00   0.000000E+00   0.000000E+00   0.000000E+00   0.000000E+00   0.000000E+00   0.000000E+00   0.000000E+00   0.000000E+00   0.000000E+00   0.000000E+00   0.000000E+00   0.000000E+00   0.000000E+00   0.000000E+00   0.000000E+00   0.000000E+00   0.000000E+00   0.000000E+00   0.000000E+00
   0.000000E+00   0.000000E+00   0.000000E+00   0.000000E+00   0.000000E+00   0.000000E+00   0.000000E+00   0.000000E+00   0.000000E+00   0.000000E+00   0.000000E+00   0.000000E+00   0.000000E+00   0.000000E+00   0.000000E+00   0.000000E+00   0.000000E+00   0.000000E+00   0.000000E+00   0.000000E+00   0.000000E+00   0.000000E+00   0.000000E+00   0.000000E+00   0.000000E+00   0.000000E+00   0.000000E+00
   0.000000E+00   0.000000E+00   0.000000E+00   0.000000E+00   0.000000E+00   0.000000E+00   0.000000E+00   0.000000E+00   0.000000E+00   0.000000E+00   0.000000E+00   0.000000E+00   0.000000E+00   0.000000E+00   0.000000E+00   0.000000E+00   0.000000E+00   0.000000E+00   0.000000E+00   0.000000E+00   0.000000E+00   0.000000E+00   0.000000E+00   0.000000E+00   0.000000E+00   0.000000E+00   0.000000E+00
   0.000000E+00   0.000000E+00   0.000000E+00   0.000000E+00   0.000000E+00   0.000000E+00   0.000000E+00   0.000000E+00   0.000000E+00   0.000000E+00   0.000000E+00   0.000000E+00   0.000000E+00   0.000000E+00   0.000000E+00   0.000000E+00   0.000000E+00   0.000000E+00   0.000000E+00   0.000000E+00   0.000000E+00   0.000000E+00   0.000000E+00   0.000000E+00   0.000000E+00   0.000000E+00   0.000000E+00
   0.000000E+00   0.000000E+00   0.000000E+00   0.000000E+00   0.000000E+00   0.000000E+00   0.000000E+00   0.000000E+00   0.000000E+00   0.000000E+00   0.000000E+00   0.000000E+00   0.000000E+00   0.000000E+00   0.000000E+00   0.000000E+00   0.000000E+00   0.000000E+00   0.000000E+00   0.000000E+00   0.000000E+00   0.000000E+00   0.000000E+00   0.000000E+00   0.000000E+00   0.000000E+00   0.000000E+00
   0.000000E+00   0.000000E+00   0.000000E+00   0.000000E+00   0.000000E+00   0.000000E+00   0.000000E+00   0.000000E+00   0.000000E+00   0.000000E+00   0.000000E+00   0.000000E+00   0.000000E+00   0.000000E+00   0.000000E+00   0.000000E+00   0.000000E+00   0.000000E+00   0.000000E+00   0.000000E+00   0.000000E+00   0.000000E+00   0.000000E+00   0.000000E+00   0.000000E+00   0.000000E+00   0.000000E+00
   0.000000E+00   0.000000E+00   0.000000E+00   0.000000E+00   0.000000E+00   0.000000E+00   0.000000E+00   0.000000E+00   0.000000E+00   0.000000E+00   0.000000E+00   0.000000E+00   0.000000E+00   0.000000E+00   0.000000E+00   0.000000E+00   0.000000E+00   0.000000E+00   0.000000E+00   0.000000E+00   0.000000E+00   0.000000E+00   0.000000E+00   0.000000E+00   0.000000E+00   0.000000E+00   0.000000E+00
   0.000000E+00   0.000000E+00   0.000000E+00   0.000000E+00   0.000000E+00   0.000000E+00   0.000000E+00   0.000000E+00   0.000000E+00   0.000000E+00   0.000000E+00   0.000000E+00   0.000000E+00   0.000000E+00   0.000000E+00   0.000000E+00   0.000000E+00   0.000000E+00   0.000000E+00   0.000000E+00   0.000000E+00   0.000000E+00   0.000000E+00   0.000000E+00   0.000000E+00   0.000000E+00   0.000000E+00
   0.000000E+00   0.000000E+00   0.000000E+00   0.000000E+00   0.000000E+00   0.000000E+00   0.000000E+00   0.000000E+00   0.000000E+00   0.000000E+00   0.000000E+00   0.000000E+00   0.000000E+00   0.000000E+00   0.000000E+00   0.000000E+00   0.000000E+00   0.000000E+00   0.000000E+00   0.000000E+00   0.000000E+00   0.000000E+00   0.000000E+00   0.000000E+00   0.000000E+00   0.000000E+00   0.000000E+00
   0.000000E+00   0.000000E+00   0.000000E+00   0.000000E+00   0.000000E+00   0.000000E+00   0.000000E+00   0.000000E+00   0.000000E+00   0.000000E+00   0.000000E+00   0.000000E+00   0.000000E+00   0.000000E+00   0.000000E+00   0.000000E+00   0.000000E+00   0.000000E+00   0.000000E+00   0.000000E+00   0.000000E+00   0.000000E+00   0.000000E+00   0.000000E+00   0.000000E+00   0.000000E+00   0.000000E+00
   0.000000E+00   0.000000E+00   0.000000E+00   0.000000E+00   0.000000E+00   0.000000E+00   0.000000E+00   0.000000E+00   0.000000E+00   0.000000E+00   0.000000E+00   0.000000E+00   0.000000E+00   0.000000E+00   0.000000E+00   0.000000E+00   0.000000E+00   0.000000E+00   0.000000E+00   0.000000E+00   0.000000E+00   0.000000E+00   0.000000E+00   0.000000E+00   0.000000E+00   0.000000E+00   0.000000E+00
   0.000000E+00   0.000000E+00   0.000000E+00   0.000000E+00   0.000000E+00   0.000000E+00   0.000000E+00   0.000000E+00   0.000000E+00   0.000000E+00   0.000000E+00   0.000000E+00   0.000000E+00   0.000000E+00   0.000000E+00   0.000000E+00   0.000000E+00   0.000000E+00   0.000000E+00   0.000000E+00   0.000000E+00   0.000000E+00   0.000000E+00   0.000000E+00   0.000000E+00   0.000000E+00   0.000000E+00
   0.000000E+00   0.000000E+00   0.000000E+00   0.000000E+00   0.000000E+00   0.000000E+00   0.000000E+00   0.000000E+00   0.000000E+00   0.000000E+00   0.000000E+00   0.000000E+00   0.000000E+00   0.000000E+00   0.000000E+00   0.000000E+00   0.000000E+00   0.000000E+00   0.000000E+00   0.000000E+00   0.000000E+00   0.000000E+00   0.000000E+00   0.000000E+00   0.000000E+00   0.000000E+00   0.000000E+00
   0.166667E+00   0.218750E-25   0.437500E-25   0.875001E-25   0.175000E-24   0.350000E-24   0.700000E-24   0.140000E-23   0.280000E-23   0.560000E-23   0.112000E-22   0.224000E-22   0.448000E-22   0.795752E-19   0.406167E-12   0.584104E-08   0.235136E-06   0.383036E-07   0.106395E-11   0.155341E-14   0.115852E-21   0.230863E-19   0.458741E-19   0.918958E-19   0.183500E-18   0.367094E-18   0.734075E-18
   0.166667E+00   0.509384E-40   0.163540E-35   0.186120E-39   0.654159E-35   0.744483E-39   0.261665E-34   0.297807E-38   0.104665E-33   0.105324E-37   0.210649E-37   0.431373E-37   0.167464E-32   0.148160E-33   0.756238E-27   0.971015E-23   0.390824E-21   0.660614E-22   0.152747E-24   0.279951E-29   0.000000E+00   0.121161E-33   0.171474E-29   0.239137E-33   0.685922E-29   0.468490E-33   0.936864E-33
   0.166667E+00   0.509148E-40   0.163539E-35   0.186026E-39   0.654152E-35   0.744106E-39   0.261661E-34   0.297657E-38   0.104664E-33   0.105324E-37   0.210649E-37   0.431132E-37   0.167464E-32   0.148160E-33   0.756238E-27   0.100986E-22   0.390824E-21   0.752815E-22   0.855248E-28   0.310486E-29   0.000000E+00   0.120879E-33   0.171474E-29   0.268386E-33   0.685922E-29   0.443833E-33   0.108479E-32
   0.166667E+00   0.464831E-40   0.163538E-35   0.185931E-39   0.654155E-35   0.743728E-39   0.261663E-34   0.269293E-38   0.104665E-33   0.105324E-37   0.210649E-37   0.415843E-37   0.167463E-32   0.148160E-33   0.756238E-27   0.104870E-22   0.437723E-21   0.702689E-22   0.171050E-27   0.320556E-29   0.000000E+00   0.111310E-33   0.171474E-29   0.242109E-33   0.685918E-29   0.542462E-33   0.108479E-32
   0.166667E+00   0.508674E-40   0.163539E-35   0.185836E-39   0.654152E-35   0.743348E-39   0.261663E-34   0.297353E-38   0.104664E-33   0.105324E-37   0.210649E-37   0.430646E-37   0.167463E-32   0.148160E-33   0.756238E-27   0.108754E-22   0.437723E-21   0.702802E-22   0.855248E-27   0.299750E-29   0.000000E+00   0.115672E-33   0.171474E-29   0.259018E-33   0.685925E-29   0.542462E-33   0.936864E-33
   0.166667E+00   0.698835E-39   0.163539E-35   0.199600E-38   0.654156E-35   0.629130E-38   0.261663E-34   0.152358E-37   0.262295E-35   0.443867E-37   0.820025E-37   0.950236E-37   0.419732E-34   0.349235E-33   0.756238E-27   0.108754E-22   0.437723E-21   0.627513E-22   0.684198E-27   0.382302E-29   0.000000E+00   0.556926E-34   0.429581E-31   0.223435E-33   0.171799E-30   0.542462E-33   0.936864E-33
   0.166667E+00   0.613623E-37   0.409748E-37   0.180715E-36   0.163899E-36   0.499750E-36   0.655408E-36   0.133217E-35   0.262276E-35   0.349827E-35   0.561002E-35   0.895560E-35   0.419792E-34   0.203138E-31   0.554755E-25   0.638539E-21   0.205261E-19   0.272154E-20   0.923668E-25   0.131289E-27   0.000000E+00   0.981308E-33   0.429457E-31   0.232523E-32   0.171799E-30   0.599174E-32   0.105520E-31
   0.166667E+00   0.507953E-40   0.163539E-35   0.185548E-39   0.654158E-35   0.671665E-39   0.261661E-34   0.296891E-38   0.104664E-33   0.105324E-37   0.203125E-37   0.414860E-37   0.167464E-32   0.148160E-33   0.648204E-27   0.971015E-23   0.390824E-21   0.839007E-22   0.152491E-24   0.320249E-29   0.000000E+00   0.105538E-33   0.171474E-29   0.260385E-33   0.685918E-29   0.468490E-33   0.936864E-33
   0.166667E+00   0.507710E-40   0.163539E-35   0.203083E-39   0.654155E-35   0.741806E-39   0.261662E-34   0.296735E-38   0.104665E-33   0.105324E-37   0.210649E-37   0.474796E-37   0.167464E-32   0.148160E-33   0.675213E-27   0.971015E-23   0.437723E-21   0.962251E-22   0.153004E-24   0.340893E-29   0.000000E+00   0.524595E-34   0.429611E-31   0.167789E-33   0.171811E-30   0.517805E-33   0.103548E-32
   0.166667E+00   0.222023E-38   0.409836E-37   0.683558E-38   0.163899E-36   0.196076E-37   0.655267E-36   0.538859E-37   0.262163E-35   0.148582E-36   0.224943E-36   0.398748E-36   0.419612E-34   0.836047E-33   0.275487E-26   0.252464E-22   0.101614E-20   0.163168E-21   0.307889E-26   0.764396E-29   0.000000E+00   0.880159E-34   0.429519E-31   0.272631E-33   0.171811E-30   0.542462E-33   0.123272E-32
   0.166667E+00   0.183067E-36   0.409895E-37   0.567082E-36   0.163899E-36   0.161917E-35   0.655502E-36   0.440162E-35   0.262276E-35   0.116955E-34   0.188327E-34   0.301333E-34   0.419552E-34   0.685453E-31   0.185954E-24   0.213546E-20   0.686131E-19   0.904014E-20   0.309429E-24   0.441486E-27   0.000000E+00   0.322563E-32   0.429488E-31   0.812023E-32   0.171811E-30   0.204656E-31   0.326423E-31
   0.166667E+00   0.152172E-34   0.415478E-37   0.477389E-34   0.166438E-36   0.137386E-33   0.666035E-36   0.375298E-33   0.266527E-35   0.999918E-33   0.161135E-32   0.257968E-32   0.426864E-34   0.587014E-29   0.158808E-22   0.182251E-18   0.584630E-17   0.770686E-18   0.264043E-22   0.376828E-25   0.000000E+00   0.273150E-30   0.437161E-31   0.682647E-30   0.174868E-30   0.170439E-29   0.268914E-29
   0.166667E+00   0.446910E-34   0.427292E-37   0.130351E-33   0.171352E-36   0.357867E-33   0.685971E-36   0.948560E-33   0.274501E-35   0.247762E-32   0.396647E-32   0.631913E-32   0.439653E-34   0.142662E-28   0.385812E-22   0.441636E-18   0.141383E-16   0.185625E-17   0.619022E-22   0.868385E-25   0.000000E+00   0.656829E-30   0.450657E-31   0.164021E-29   0.180143E-30   0.409347E-29   0.645815E-29
   0.166667E+00   0.462390E-40   0.163538E-35   0.184955E-39   0.654150E-35   0.692803E-39   0.261661E-34   0.286535E-38   0.104664E-33   0.105324E-37   0.210649E-37   0.428384E-37   0.167464E-32   0.148160E-33   0.756238E-27   0.854493E-23   0.390824E-21   0.778125E-22   0.000000E+00   0.330546E-29   0.000000E+00   0.976489E-34   0.171474E-29   0.226083E-33   0.685921E-29   0.468490E-33   0.936864E-33
   0.166667E+00   0.128498E-39   0.163537E-35   0.461095E-39   0.654159E-35   0.739419E-39   0.261663E-34   0.418029E-38   0.104665E-33   0.105324E-37   0.210649E-37   0.428125E-37   0.167463E-32   0.148160E-33   0.756238E-27   0.971015E-23   0.390824E-21   0.828362E-22   0.855248E-27   0.320217E-29   0.000000E+00   0.521846E-34   0.429611E-31   0.198396E-33   0.171848E-30   0.468490E-33   0.641012E-33
   0.166667E+00   0.722784E-38   0.409660E-37   0.224461E-37   0.163946E-36   0.642293E-37   0.655643E-36   0.175855E-36   0.262239E-35   0.469822E-36   0.762849E-36   0.123382E-35   0.419642E-34   0.288383E-32   0.821058E-26   0.831189E-22   0.301716E-20   0.374042E-21   0.122300E-25   0.200394E-28   0.000000E+00   0.179070E-33   0.429519E-31   0.500663E-33   0.171823E-30   0.130684E-32   0.123273E-32
   0.166667E+00   0.596480E-36   0.409836E-37   0.186975E-35   0.163981E-36   0.537836E-35   0.655925E-36   0.146887E-34   0.262314E-35   0.391299E-34   0.630599E-34   0.100949E-33   0.419702E-34   0.229781E-30   0.622033E-24   0.714046E-20   0.229273E-18   0.302145E-19   0.103536E-23   0.147723E-26   0.000000E+00   0.107407E-31   0.429796E-31   0.268754E-31   0.171910E-30   0.673886E-31   0.106507E-30
   0.166667E+00   0.489085E-34   0.425147E-37   0.155273E-33   0.170752E-36   0.450223E-33   0.684984E-36   0.123572E-32   0.274257E-35   0.330218E-32   0.532697E-32   0.853525E-32   0.439684E-34   0.194453E-28   0.526078E-22   0.603982E-18   0.193808E-16   0.255547E-17   0.875617E-22   0.124954E-24   0.000000E+00   0.906245E-30   0.450627E-31   0.226499E-29   0.180143E-30   0.565494E-29   0.892195E-29
   0.166667E+00   0.101315E-33   0.451566E-37   0.305994E-33   0.182472E-36   0.856070E-33   0.735201E-36   0.229327E-32   0.295115E-35   0.602428E-32   0.966557E-32   0.154284E-31   0.474531E-34   0.349055E-28   0.944073E-22   0.108151E-17   0.346443E-16   0.454269E-17   0.151531E-21   0.212697E-24   0.000000E+00   0.161243E-29   0.487789E-31   0.402689E-29   0.194602E-30   0.100504E-28   0.158571E-28
   0.166667E+00   0.424507E-33   0.376631E-36   0.112819E-32   0.158782E-35   0.291729E-32   0.656645E-35   0.744218E-32   0.264778E-34   0.189520E-31   0.300886E-31   0.476412E-31   0.432922E-33   0.106480E-27   0.287835E-21   0.328418E-17   0.104868E-15   0.136969E-16   0.461377E-21   0.649770E-24   0.000000E+00   0.484004E-29   0.163464E-29   0.120719E-28   0.922841E-29   0.301088E-28   0.475046E-28
   0.166667E+00   0.519364E-40   0.163538E-35   0.195990E-39   0.654155E-35   0.807471E-39   0.261661E-34   0.322996E-38   0.104665E-33   0.105324E-37   0.210649E-37   0.426535E-37   0.167463E-32   0.148160E-33   0.675213E-27   0.108754E-22   0.390824E-21   0.780150E-22   0.152918E-24   0.351205E-29   0.000000E+00   0.848259E-34   0.171477E-29   0.220994E-33   0.685922E-29   0.468490E-33   0.108479E-32
   0.166667E+00   0.294356E-39   0.163538E-35   0.930569E-39   0.654156E-35   0.237309E-38   0.261663E-34   0.905873E-38   0.104664E-33   0.244503E-37   0.489006E-37   0.434833E-37   0.419582E-34   0.148160E-33   0.756238E-27   0.971015E-23   0.390824E-21   0.778167E-22   0.256574E-27   0.382194E-29   0.000000E+00   0.534112E-34   0.429396E-31   0.191944E-33   0.171848E-30   0.542462E-33   0.108479E-32
   0.166667E+00   0.227576E-37   0.409777E-37   0.712997E-37   0.163934E-36   0.205312E-36   0.655737E-36   0.561605E-36   0.262163E-35   0.149937E-35   0.242321E-35   0.388949E-35   0.419552E-34   0.892665E-32   0.245237E-25   0.285090E-21   0.923909E-20   0.123758E-20   0.418216E-25   0.594983E-28   0.000000E+00   0.457382E-33   0.429488E-31   0.117903E-32   0.171836E-30   0.310683E-32   0.473363E-32
   0.166667E+00   0.186024E-35   0.410277E-37   0.590107E-35   0.164158E-36   0.171018E-34   0.656584E-36   0.469248E-34   0.262577E-35   0.125374E-33   0.202238E-33   0.324039E-33   0.420093E-34   0.738229E-30   0.199760E-23   0.229358E-19   0.736047E-18   0.970684E-19   0.332580E-23   0.474778E-26   0.000000E+00   0.344427E-31   0.430320E-31   0.861398E-31   0.172094E-30   0.215407E-30   0.339884E-30
   0.166667E+00   0.154883E-33   0.448333E-37   0.497408E-33   0.181073E-36   0.145232E-32   0.729276E-36   0.400295E-32   0.292519E-35   0.107241E-31   0.173153E-31   0.277643E-31   0.469265E-34   0.633153E-28   0.171302E-21   0.196735E-17   0.631456E-16   0.832633E-17   0.283640E-21   0.402085E-24   0.000000E+00   0.295487E-29   0.482858E-31   0.738574E-29   0.192790E-30   0.184401E-28   0.290936E-28
   0.166667E+00   0.216386E-33   0.513485E-37   0.629019E-33   0.210637E-36   0.171606E-32   0.857123E-36   0.452312E-32   0.345332E-35   0.117549E-31   0.187933E-31   0.299195E-31   0.556714E-34   0.674015E-28   0.182260E-21   0.208504E-17   0.667169E-16   0.872841E-17   0.292282E-21   0.410722E-24   0.000000E+00   0.309591E-29   0.576657E-31   0.772774E-29   0.229533E-30   0.192814E-28   0.304176E-28
   0.166667E+00   0.486672E-33   0.886337E-36   0.128970E-32   0.378529E-35   0.332876E-32   0.157807E-34   0.848176E-32   0.636153E-34   0.215838E-31   0.342572E-31   0.542278E-31   0.103802E-32   0.121166E-27   0.327527E-21   0.373665E-17   0.119306E-15   0.155851E-16   0.525093E-21   0.739655E-24   0.000000E+00   0.550756E-29   0.313313E-29   0.137320E-28   0.142644E-28   0.342466E-28   0.540574E-28
   0.166667E+00   0.502793E-40   0.163539E-35   0.201116E-39   0.654156E-35   0.733938E-39   0.261661E-34   0.293580E-38   0.104664E-33   0.101563E-37   0.210649E-37   0.439650E-37   0.167464E-32   0.132286E-33   0.756238E-27   0.971015E-23   0.437723E-21   0.627558E-22   0.171050E-27   0.340876E-29   0.000000E+00   0.781860E-34   0.171475E-29   0.203535E-33   0.685924E-29   0.468490E-33   0.788938E-33
   0.166667E+00   0.517213E-40   0.163539E-35   0.212762E-39   0.654152E-35   0.780520E-39   0.261660E-34   0.321616E-38   0.104665E-33   0.101563E-37   0.210649E-37   0.421370E-37   0.419401E-34   0.148160E-33   0.675213E-27   0.971015E-23   0.390824E-21   0.778175E-22   0.000000E+00   0.330546E-29   0.000000E+00   0.530903E-34   0.429519E-31   0.154644E-33   0.171823E-30   0.468490E-33   0.887555E-33
   0.166667E+00   0.136658E-39   0.409806E-37   0.293899E-39   0.163899E-36   0.117560E-38   0.655549E-36   0.470239E-38   0.262276E-35   0.105324E-37   0.233218E-37   0.556780E-37   0.419642E-34   0.148160E-33   0.756238E-27   0.108754E-22   0.390824E-21   0.828384E-22   0.171050E-27   0.330546E-29   0.000000E+00   0.499487E-34   0.429704E-31   0.173113E-33   0.171836E-30   0.517805E-33   0.887555E-33
   0.166667E+00   0.589278E-35   0.410835E-37   0.189171E-34   0.164428E-36   0.552363E-34   0.657759E-36   0.152277E-33   0.263085E-35   0.408063E-33   0.658921E-33   0.105659E-32   0.420906E-34   0.240991E-29   0.652042E-23   0.748901E-19   0.240396E-17   0.317067E-18   0.108654E-22   0.155127E-25   0.000000E+00   0.112524E-30   0.431090E-31   0.281363E-30   0.172341E-30   0.702686E-30   0.110895E-29
   0.166667E+00   0.467300E-33   0.494912E-37   0.150664E-32   0.202220E-36   0.440458E-32   0.821059E-36   0.121442E-31   0.329985E-35   0.325285E-31   0.525234E-31   0.842299E-31   0.527765E-34   0.192059E-27   0.519621E-21   0.596761E-17   0.191540E-15   0.252363E-16   0.848247E-21   0.119474E-23   0.000000E+00   0.896271E-29   0.550218E-31   0.224016E-28   0.219130E-30   0.559298E-28   0.882408E-28
   0.166667E+00   0.305996E-34   0.429349E-37   0.858116E-34   0.172786E-36   0.228960E-33   0.694388E-36   0.595204E-33   0.278112E-35   0.153355E-32   0.244453E-32   0.388293E-32   0.444920E-34   0.871967E-29   0.235920E-22   0.269679E-18   0.862507E-17   0.112832E-17   0.378961E-22   0.533399E-25   0.000000E+00   0.403021E-30   0.457960E-31   0.100363E-29   0.183138E-30   0.250743E-29   0.396560E-29
   0.166667E+00   0.515037E-33   0.186558E-35   0.136321E-32   0.806369E-35   0.351579E-32   0.338737E-34   0.895388E-32   0.136089E-33   0.227792E-31   0.361502E-31   0.572174E-31   0.226444E-32   0.127831E-27   0.345547E-21   0.394206E-17   0.125862E-15   0.164430E-16   0.554033E-21   0.780485E-24   0.000000E+00   0.591283E-29   0.408925E-29   0.145276E-28   0.169880E-28   0.367770E-28   0.610168E-28
   0.166667E+00   0.211683E-36   0.163538E-35   0.661951E-36   0.654156E-35   0.190132E-35   0.261663E-34   0.518817E-35   0.104665E-33   0.138182E-34   0.222656E-34   0.356389E-34   0.167462E-32   0.811600E-31   0.220011E-24   0.252464E-20   0.811664E-19   0.107113E-19   0.366645E-24   0.523296E-27   0.000000E+00   0.382228E-32   0.171476E-29   0.960617E-32   0.171823E-30   0.242382E-31   0.383621E-31
   0.166667E+00   0.163316E-36   0.163538E-35   0.517224E-36   0.654156E-35   0.149763E-35   0.655690E-36   0.410812E-35   0.262257E-35   0.109748E-34   0.177088E-34   0.283834E-34   0.419612E-34   0.646878E-31   0.175555E-24   0.201699E-20   0.648769E-19   0.856001E-20   0.292751E-24   0.417521E-27   0.000000E+00   0.305275E-32   0.429426E-31   0.772442E-32   0.171823E-30   0.194793E-31   0.310644E-31
   0.166667E+00   0.230168E-34   0.412804E-37   0.738283E-34   0.165251E-36   0.215460E-33   0.661239E-36   0.593789E-33   0.264571E-35   0.159086E-32   0.256866E-32   0.411866E-32   0.423072E-34   0.939295E-29   0.254133E-22   0.291869E-18   0.936828E-17   0.123554E-17   0.423395E-22   0.604515E-25   0.000000E+00   0.438426E-30   0.433679E-31   0.109588E-29   0.173438E-30   0.273630E-29   0.431731E-29
   0.166667E+00   0.806310E-30   0.998723E-35   0.261946E-29   0.451685E-34   0.770626E-29   0.188556E-33   0.213454E-28   0.762644E-33   0.573706E-28   0.927361E-28   0.148827E-27   0.118941E-31   0.339844E-24   0.919516E-18   0.105650E-13   0.339221E-12   0.447505E-13   0.153377E-17   0.219035E-20   0.000000E+00   0.158896E-25   0.141631E-28   0.397213E-25   0.532565E-28   0.991806E-25   0.156482E-24
   0.166667E+00   0.105928E-30   0.161940E-35   0.339079E-30   0.755624E-35   0.985317E-30   0.321447E-34   0.270459E-29   0.131501E-33   0.721941E-29   0.116450E-28   0.186623E-28   0.207016E-32   0.424917E-25   0.114954E-18   0.131961E-14   0.423400E-13   0.556944E-14   0.186242E-18   0.261966E-21   0.000000E+00   0.197916E-26   0.246315E-29   0.494592E-26   0.933333E-29   0.123471E-25   0.194792E-25
   0.166667E+00   0.929031E-32   0.974975E-36   0.255963E-31   0.461358E-35   0.675399E-31   0.197600E-34   0.174319E-30   0.810950E-34   0.447285E-30   0.711643E-30   0.112828E-29   0.127688E-32   0.252854E-26   0.683523E-20   0.780475E-16   0.249358E-14   0.326572E-15   0.110128E-19   0.155426E-22   0.000000E+00   0.115158E-27   0.153669E-29   0.287321E-27   0.591004E-29   0.716549E-27   0.113005E-26
   0.166667E+00   0.333782E-29   0.270477E-31   0.891386E-29   0.112750E-30   0.230879E-28   0.437385E-30   0.589139E-28   0.160687E-29   0.150190E-27   0.238330E-27   0.376969E-27   0.174020E-28   0.842571E-24   0.227742E-17   0.259790E-13   0.829371E-12   0.108760E-12   0.367056E-17   0.518633E-20   0.000000E+00   0.382164E-25   0.279751E-26   0.953291E-25   0.711175E-26   0.237707E-24   0.374858E-24
   0.166667E+00   0.000000E+00   0.000000E+00   0.000000E+00   0.000000E+00   0.000000E+00   0.000000E+00   0.000000E+00   0.000000E+00   0.000000E+00   0.000000E+00   0.000000E+00   0.000000E+00   0.000000E+00   0.000000E+00   0.000000E+00   0.000000E+00   0.000000E+00   0.000000E+00   0.000000E+00   0.000000E+00   0.000000E+00   0.000000E+00   0.000000E+00   0.000000E+00   0.000000E+00   0.000000E+00
   0.166667E+00   0.230951E-26   0.461826E-26   0.923757E-26   0.184730E-25   0.369489E-25   0.738921E-25   0.147792E-24   0.295568E-24   0.591156E-24   0.118230E-23   0.236460E-23   0.472909E-23   0.840008E-20   0.428754E-13   0.616585E-09   0.248211E-07   0.404334E-08   0.112311E-12   0.163979E-15   0.122294E-22   0.243700E-20   0.484248E-20   0.970054E-20   0.193703E-19   0.387505E-19   0.774891E-19
   0.333333E+00   0.205320E-25   0.437500E-25   0.849841E-25   0.175000E-24   0.345284E-24   0.700000E-24   0.139105E-23   0.280000E-23   0.560000E-23   0.112000E-22   0.223628E-22   0.448000E-22   0.748975E-19   0.384086E-12   0.556916E-08   0.225389E-06   0.483190E-07   0.390379E-11   0.108746E-14   0.115852E-21   0.232606E-19   0.458742E-19   0.920400E-19   0.183500E-18   0.367165E-18   0.734165E-18
   0.333333E+00   0.725777E-40   0.163540E-35   0.271744E-39   0.654159E-35   0.918307E-39   0.261665E-34   0.351247E-38   0.104665E-33   0.105324E-37   0.210649E-37   0.564643E-37   0.167464E-32   0.139451E-33   0.638504E-27   0.925818E-23   0.374565E-21   0.988574E-22   0.151669E-23   0.160763E-29   0.000000E+00   0.115256E-33   0.171474E-29   0.285184E-33   0.685920E-29   0.468579E-33   0.887665E-33
   0.333333E+00   0.615209E-40   0.163539E-35   0.237399E-39   0.654152E-35   0.894737E-39   0.261661E-34   0.360440E-38   0.104664E-33   0.105324E-37   0.210649E-37   0.504316E-37   0.167464E-32   0.139451E-33   0.638504E-27   0.925818E-23   0.374565E-21   0.106281E-21   0.931438E-27   0.217966E-29   0.000000E+00   0.110076E-33   0.171473E-29   0.227914E-33   0.685922E-29   0.443917E-33   0.936980E-33
   0.333333E+00   0.628764E-40   0.163538E-35   0.248721E-39   0.654155E-35   0.101032E-38   0.261664E-34   0.350945E-38   0.104665E-33   0.105324E-37   0.210649E-37   0.579181E-37   0.167463E-32   0.139451E-33   0.638504E-27   0.962850E-23   0.374565E-21   0.844017E-22   0.000000E+00   0.210338E-29   0.000000E+00   0.106454E-33   0.171474E-29   0.232403E-33   0.685920E-29   0.468579E-33   0.936980E-33
   0.333333E+00   0.711276E-40   0.163539E-35   0.277168E-39   0.654152E-35   0.986751E-39   0.261664E-34   0.397512E-38   0.104664E-33   0.244503E-37   0.496529E-37   0.563916E-37   0.167463E-32   0.139451E-33   0.715125E-27   0.103692E-22   0.419513E-21   0.106292E-21   0.620959E-27   0.275179E-29   0.000000E+00   0.115291E-33   0.171475E-29   0.249244E-33   0.685917E-29   0.517903E-33   0.936980E-33
   0.333333E+00   0.189848E-38   0.163539E-35   0.606546E-38   0.654156E-35   0.183812E-37   0.261664E-34   0.536346E-37   0.262295E-35   0.223175E-35   0.362541E-35   0.435638E-36   0.419732E-34   0.127348E-31   0.350666E-25   0.408100E-21   0.133046E-19   0.223838E-20   0.228823E-24   0.600243E-28   0.000000E+00   0.644636E-33   0.429427E-31   0.157690E-32   0.171860E-30   0.443917E-32   0.690406E-32
   0.333333E+00   0.177696E-36   0.409836E-37   0.550234E-36   0.163934E-36   0.161867E-35   0.655455E-36   0.458135E-35   0.262351E-35   0.202569E-33   0.328088E-33   0.336463E-34   0.419792E-34   0.113844E-29   0.309537E-23   0.359028E-19   0.116015E-17   0.202836E-18   0.199489E-22   0.539931E-26   0.000000E+00   0.572808E-31   0.429612E-31   0.142538E-30   0.171922E-30   0.355873E-30   0.561547E-30
   0.333333E+00   0.641597E-40   0.163539E-35   0.231212E-39   0.654153E-35   0.939211E-39   0.261661E-34   0.340987E-38   0.104665E-33   0.105324E-37   0.210649E-37   0.563176E-37   0.167464E-32   0.139451E-33   0.638504E-27   0.925818E-23   0.374565E-21   0.106320E-21   0.838295E-26   0.260420E-29   0.000000E+00   0.102866E-33   0.171475E-29   0.225650E-33   0.685919E-29   0.468579E-33   0.887665E-33
   0.333333E+00   0.104131E-39   0.163539E-35   0.390952E-39   0.654155E-35   0.130991E-38   0.261663E-34   0.471644E-38   0.104665E-33   0.970488E-37   0.170024E-36   0.623012E-37   0.167464E-32   0.512979E-33   0.158349E-26   0.229603E-22   0.943905E-21   0.879515E-22   0.869343E-26   0.462870E-29   0.000000E+00   0.760486E-34   0.429704E-31   0.248149E-33   0.171860E-30   0.542565E-33   0.936980E-33
   0.333333E+00   0.630688E-38   0.409718E-37   0.203165E-37   0.163923E-36   0.613691E-37   0.655784E-36   0.177346E-36   0.262126E-35   0.777444E-35   0.126412E-34   0.134443E-35   0.419612E-34   0.442258E-31   0.120779E-24   0.140206E-20   0.455621E-19   0.798075E-20   0.782098E-24   0.212030E-27   0.000000E+00   0.227966E-32   0.429489E-31   0.574480E-32   0.171823E-30   0.146246E-31   0.230793E-31
   0.333333E+00   0.529708E-36   0.410130E-37   0.172580E-35   0.164028E-36   0.524238E-35   0.656161E-36   0.151383E-34   0.262445E-35   0.678299E-33   0.110350E-32   0.113446E-33   0.419853E-34   0.386221E-29   0.105027E-22   0.122029E-18   0.394802E-17   0.691048E-18   0.680121E-22   0.184232E-25   0.000000E+00   0.195632E-30   0.429951E-31   0.486897E-30   0.171934E-30   0.121525E-29   0.191745E-29
   0.333333E+00   0.440830E-34   0.433346E-37   0.145462E-33   0.174149E-36   0.445397E-33   0.699372E-36   0.129261E-32   0.280125E-35   0.578720E-31   0.942240E-31   0.973490E-32   0.449163E-34   0.330246E-27   0.898046E-21   0.104370E-16   0.337731E-15   0.591018E-16   0.577905E-20   0.155628E-23   0.000000E+00   0.167429E-28   0.472259E-31   0.416703E-28   0.185727E-30   0.103988E-27   0.164063E-27
   0.333333E+00   0.213762E-33   0.545811E-37   0.634387E-33   0.221063E-36   0.179935E-32   0.891636E-36   0.494360E-32   0.357388E-35   0.132856E-30   0.212687E-30   0.348687E-31   0.574830E-34   0.720807E-27   0.195822E-20   0.226034E-16   0.727463E-15   0.125810E-15   0.122904E-19   0.329322E-23   0.000000E+00   0.355054E-28   0.651567E-31   0.881695E-28   0.243967E-30   0.219737E-27   0.346538E-27
   0.333333E+00   0.557366E-40   0.163537E-35   0.213494E-39   0.654147E-35   0.890453E-39   0.261660E-34   0.358723E-38   0.104665E-33   0.105324E-37   0.210649E-37   0.546633E-37   0.167464E-32   0.139451E-33   0.638504E-27   0.814720E-23   0.374565E-21   0.115698E-21   0.900391E-26   0.231418E-29   0.000000E+00   0.982563E-34   0.171473E-29   0.234028E-33   0.685925E-29   0.468579E-33   0.789035E-33
   0.333333E+00   0.292926E-39   0.163538E-35   0.984037E-39   0.654156E-35   0.228054E-38   0.261660E-34   0.760344E-38   0.104665E-33   0.284376E-36   0.470198E-36   0.891864E-37   0.167462E-32   0.171823E-32   0.459723E-26   0.555491E-22   0.199269E-20   0.318962E-21   0.282536E-25   0.969034E-29   0.000000E+00   0.128689E-33   0.429581E-31   0.389945E-33   0.171860E-30   0.125776E-32   0.221916E-32
   0.333333E+00   0.207687E-37   0.409777E-37   0.676854E-37   0.163817E-36   0.205723E-36   0.655408E-36   0.594733E-36   0.262295E-35   0.264958E-34   0.431055E-34   0.448989E-35   0.419431E-34   0.150916E-30   0.410865E-24   0.477574E-20   0.154636E-18   0.270775E-19   0.266360E-23   0.721205E-27   0.000000E+00   0.768811E-32   0.429396E-31   0.191837E-31   0.171848E-30   0.480417E-31   0.762899E-31
   0.333333E+00   0.172477E-35   0.410659E-37   0.568665E-35   0.164216E-36   0.174034E-34   0.656913E-36   0.504923E-34   0.262765E-35   0.226947E-32   0.369600E-32   0.380163E-33   0.420515E-34   0.129618E-28   0.352483E-22   0.409711E-18   0.132592E-16   0.232145E-17   0.228511E-21   0.619106E-25   0.000000E+00   0.657553E-30   0.431245E-31   0.163668E-29   0.172316E-30   0.408475E-29   0.644474E-29
   0.333333E+00   0.141592E-33   0.473753E-37   0.472818E-33   0.192146E-36   0.145866E-32   0.775920E-36   0.425336E-32   0.311515E-35   0.184561E-30   0.300410E-30   0.321889E-31   0.502066E-34   0.105214E-26   0.286105E-20   0.332453E-16   0.107563E-14   0.188035E-15   0.182560E-19   0.490074E-23   0.000000E+00   0.533014E-28   0.552869E-31   0.132647E-27   0.210786E-30   0.331005E-27   0.522226E-27
   0.333333E+00   0.397155E-33   0.730540E-37   0.118178E-32   0.307168E-36   0.334719E-32   0.126972E-35   0.915922E-32   0.515468E-35   0.214903E-30   0.343266E-30   0.638254E-31   0.843226E-34   0.115809E-26   0.314577E-20   0.362768E-16   0.116664E-14   0.201473E-15   0.197437E-19   0.529493E-23   0.000000E+00   0.568169E-28   0.107095E-30   0.141045E-27   0.373377E-30   0.351448E-27   0.554221E-27
   0.333333E+00   0.842966E-33   0.262704E-35   0.224248E-32   0.111350E-34   0.580093E-32   0.461983E-34   0.148171E-31   0.186431E-33   0.300276E-30   0.476349E-30   0.955944E-31   0.305438E-32   0.158612E-26   0.430691E-20   0.495380E-16   0.158983E-14   0.274554E-15   0.269693E-19   0.724239E-23   0.000000E+00   0.769818E-28   0.459658E-29   0.190962E-27   0.163704E-28   0.475608E-27   0.749915E-27
   0.333333E+00   0.541775E-40   0.163538E-35   0.247025E-39   0.654154E-35   0.841190E-39   0.261661E-34   0.348225E-38   0.104664E-33   0.105324E-37   0.210649E-37   0.529765E-37   0.167463E-32   0.139451E-33   0.638504E-27   0.925818E-23   0.374565E-21   0.126270E-21   0.151669E-23   0.152514E-27   0.000000E+00   0.827398E-34   0.171476E-29   0.191275E-33   0.685927E-29   0.443917E-33   0.887665E-33
   0.333333E+00   0.825098E-39   0.163538E-35   0.270156E-38   0.654155E-35   0.844810E-38   0.261661E-34   0.257188E-37   0.104665E-33   0.984406E-36   0.160168E-35   0.163609E-36   0.419582E-34   0.570752E-32   0.152475E-25   0.188126E-21   0.614287E-20   0.100066E-20   0.106494E-24   0.263229E-28   0.000000E+00   0.332396E-33   0.429673E-31   0.871381E-33   0.171786E-30   0.199763E-32   0.261374E-32
   0.333333E+00   0.637927E-37   0.409630E-37   0.210203E-36   0.163934E-36   0.643144E-36   0.655408E-36   0.186624E-35   0.262257E-35   0.837136E-34   0.136326E-33   0.140765E-34   0.419642E-34   0.478122E-30   0.130068E-23   0.151186E-19   0.489392E-18   0.856871E-19   0.843293E-23   0.228511E-26   0.000000E+00   0.242926E-31   0.429519E-31   0.605075E-31   0.171749E-30   0.151252E-30   0.239028E-30
   0.333333E+00   0.522702E-35   0.411805E-37   0.174401E-34   0.164769E-36   0.537755E-34   0.659170E-36   0.156754E-33   0.263743E-35   0.706621E-32   0.115199E-31   0.118592E-32   0.421929E-34   0.404819E-28   0.110092E-21   0.128017E-17   0.414424E-16   0.725764E-17   0.714508E-21   0.193621E-24   0.000000E+00   0.205704E-29   0.433525E-31   0.512056E-29   0.173031E-30   0.127797E-28   0.201638E-28
   0.333333E+00   0.446169E-33   0.571143E-37   0.150706E-32   0.236051E-36   0.467908E-32   0.965080E-36   0.136851E-31   0.389399E-35   0.536911E-30   0.872213E-30   0.103696E-30   0.628816E-34   0.304215E-26   0.827137E-20   0.960290E-16   0.310479E-14   0.541621E-15   0.525202E-19   0.140857E-22   0.000000E+00   0.153537E-27   0.772759E-31   0.381976E-27   0.274967E-30   0.952998E-27   0.150345E-26
   0.333333E+00   0.639695E-33   0.122713E-36   0.185400E-32   0.533016E-36   0.512371E-32   0.224942E-35   0.136545E-31   0.919217E-35   0.290561E-30   0.462491E-30   0.914519E-31   0.150469E-33   0.154985E-26   0.420912E-20   0.484742E-16   0.155724E-14   0.268777E-15   0.263860E-19   0.708081E-23   0.000000E+00   0.756126E-28   0.224035E-30   0.187628E-27   0.711107E-30   0.467403E-27   0.737013E-27
   0.333333E+00   0.943896E-33   0.674096E-35   0.250204E-32   0.289145E-34   0.646754E-32   0.120873E-33   0.165425E-31   0.487850E-33   0.332862E-30   0.527988E-30   0.107859E-30   0.786950E-32   0.175773E-26   0.477286E-20   0.548954E-16   0.176171E-14   0.304264E-15   0.298867E-19   0.802615E-23   0.000000E+00   0.853018E-28   0.700446E-29   0.211589E-27   0.233660E-28   0.526969E-27   0.830920E-27
   0.333333E+00   0.498803E-40   0.163538E-35   0.246386E-39   0.654154E-35   0.861828E-39   0.261661E-34   0.328513E-38   0.104665E-33   0.105324E-37   0.210649E-37   0.513101E-37   0.167463E-32   0.124510E-33   0.638504E-27   0.925818E-23   0.374565E-21   0.969348E-22   0.869343E-26   0.253105E-29   0.000000E+00   0.656590E-34   0.171474E-29   0.199603E-33   0.685918E-29   0.468579E-33   0.789035E-33
   0.333333E+00   0.608865E-40   0.163539E-35   0.229153E-39   0.654152E-35   0.838203E-39   0.261663E-34   0.355095E-38   0.262276E-35   0.105324E-37   0.210649E-37   0.540818E-37   0.419642E-34   0.139451E-33   0.638504E-27   0.925818E-23   0.374565E-21   0.969321E-22   0.000000E+00   0.245874E-29   0.000000E+00   0.501994E-34   0.429581E-31   0.197934E-33   0.171823E-30   0.468579E-33   0.789035E-33
   0.333333E+00   0.264802E-39   0.409748E-37   0.913372E-39   0.163911E-36   0.299197E-38   0.655502E-36   0.971781E-38   0.262239E-35   0.280990E-36   0.461922E-36   0.706045E-37   0.419582E-34   0.162859E-32   0.462277E-26   0.551787E-22   0.200767E-20   0.331454E-21   0.285641E-25   0.940105E-29   0.000000E+00   0.129575E-33   0.429581E-31   0.383174E-33   0.171836E-30   0.542565E-33   0.789047E-33
   0.333333E+00   0.164974E-34   0.414714E-37   0.557038E-34   0.166133E-36   0.173052E-33   0.665235E-36   0.506831E-33   0.266075E-35   0.229101E-31   0.373886E-31   0.385300E-32   0.425841E-34   0.131648E-27   0.358041E-21   0.416500E-17   0.134874E-15   0.236254E-16   0.232439E-20   0.629043E-24   0.000000E+00   0.670056E-29   0.440674E-31   0.166813E-28   0.174966E-30   0.416355E-28   0.656932E-28
   0.333333E+00   0.128653E-32   0.787111E-37   0.429586E-32   0.335392E-36   0.131331E-31   0.139893E-35   0.378635E-31   0.561453E-35   0.127594E-29   0.206393E-29   0.281220E-30   0.911957E-34   0.713673E-26   0.193993E-19   0.224821E-15   0.725851E-14   0.126242E-14   0.122804E-18   0.329449E-22   0.000000E+00   0.357468E-27   0.131660E-30   0.888793E-27   0.419279E-30   0.221667E-26   0.349662E-26
   0.333333E+00   0.705211E-34   0.575610E-37   0.197937E-33   0.240024E-36   0.528314E-33   0.987932E-36   0.137205E-32   0.396188E-35   0.282915E-31   0.449458E-31   0.894220E-32   0.640672E-34   0.150074E-27   0.407592E-21   0.469093E-17   0.150623E-15   0.260090E-16   0.255418E-20   0.685760E-24   0.000000E+00   0.731536E-29   0.841444E-31   0.181404E-28   0.287157E-30   0.451959E-28   0.712989E-28
   0.333333E+00   0.992227E-33   0.161072E-34   0.263273E-32   0.703220E-34   0.682935E-32   0.297320E-33   0.175717E-31   0.116860E-32   0.347725E-30   0.551545E-30   0.117093E-30   0.175679E-31   0.183602E-26   0.498545E-20   0.573396E-16   0.184013E-14   0.317822E-15   0.312178E-19   0.838375E-23   0.000000E+00   0.891999E-28   0.828036E-29   0.221043E-27   0.269654E-28   0.551057E-27   0.871856E-27
   0.333333E+00   0.294771E-36   0.163539E-35   0.969527E-36   0.654155E-35   0.296280E-35   0.261663E-34   0.858770E-35   0.104665E-33   0.385427E-33   0.627561E-33   0.646188E-34   0.167463E-32   0.220002E-29   0.598299E-23   0.695400E-19   0.225039E-17   0.394001E-18   0.387789E-22   0.105061E-25   0.000000E+00   0.111603E-30   0.429735E-31   0.277807E-30   0.171897E-30   0.693620E-30   0.109474E-29
   0.333333E+00   0.257925E-36   0.163539E-35   0.859228E-36   0.163934E-36   0.264677E-35   0.655596E-36   0.771078E-35   0.262351E-35   0.347165E-33   0.565893E-33   0.583263E-34   0.419702E-34   0.198813E-29   0.540708E-23   0.628734E-19   0.203537E-17   0.356472E-18   0.350888E-22   0.950873E-26   0.000000E+00   0.101043E-30   0.429673E-31   0.251571E-30   0.171910E-30   0.628192E-30   0.991078E-30
   0.333333E+00   0.322320E-34   0.418535E-37   0.108743E-33   0.167849E-36   0.337652E-33   0.672806E-36   0.988576E-33   0.269197E-35   0.446697E-31   0.728951E-31   0.751265E-32   0.430596E-34   0.256643E-27   0.697983E-21   0.811929E-17   0.262921E-15   0.460555E-16   0.453458E-20   0.122907E-23   0.000000E+00   0.130613E-28   0.448285E-31   0.325166E-28   0.176643E-30   0.811588E-28   0.128053E-27
   0.333333E+00   0.112871E-29   0.294642E-34   0.385685E-29   0.133682E-33   0.120722E-28   0.588112E-33   0.355242E-28   0.234608E-32   0.160159E-26   0.261539E-26   0.271372E-27   0.378893E-31   0.921941E-23   0.250746E-16   0.291747E-12   0.944916E-11   0.165477E-11   0.161785E-15   0.435973E-19   0.000000E+00   0.469647E-24   0.647790E-28   0.116926E-23   0.163371E-27   0.291846E-23   0.460484E-23
   0.333333E+00   0.286593E-30   0.112223E-34   0.921941E-30   0.534603E-34   0.273117E-29   0.243077E-33   0.768702E-29   0.988151E-33   0.200338E-27   0.322218E-27   0.553857E-28   0.162878E-31   0.110169E-23   0.299368E-17   0.346147E-13   0.111553E-11   0.193468E-12   0.189017E-16   0.507446E-20   0.000000E+00   0.546501E-25   0.233785E-28   0.135781E-24   0.641288E-28   0.338492E-24   0.533862E-24
   0.333333E+00   0.950522E-32   0.819911E-35   0.256326E-31   0.401221E-34   0.666651E-31   0.185832E-33   0.170567E-30   0.762710E-33   0.425458E-29   0.675425E-29   0.109709E-29   0.127064E-31   0.225216E-25   0.611561E-19   0.703604E-15   0.225851E-13   0.391838E-14   0.384128E-18   0.103349E-21   0.000000E+00   0.109398E-26   0.170055E-28   0.271435E-26   0.464785E-28   0.676061E-26   0.106592E-25
   0.333333E+00   0.262651E-29   0.239831E-30   0.710443E-29   0.977368E-30   0.188609E-28   0.357557E-29   0.494729E-28   0.112420E-28   0.116856E-26   0.185345E-26   0.331277E-27   0.934339E-28   0.616980E-23   0.167530E-16   0.192681E-12   0.618324E-11   0.107460E-11   0.105248E-15   0.283336E-19   0.000000E+00   0.299271E-24   0.112752E-25   0.742517E-24   0.282090E-25   0.184930E-23   0.291565E-23
   0.333333E+00   0.000000E+00   0.000000E+00   0.000000E+00   0.000000E+00   0.000000E+00   0.000000E+00   0.000000E+00   0.000000E+00   0.000000E+00   0.000000E+00   0.000000E+00   0.000000E+00   0.000000E+00   0.000000E+00   0.000000E+00   0.000000E+00   0.000000E+00   0.000000E+00   0.000000E+00   0.000000E+00   0.000000E+00   0.000000E+00   0.000000E+00   0.000000E+00   0.000000E+00   0.000000E+00
   0.333333E+00   0.216771E-26   0.461827E-26   0.897199E-26   0.184731E-25   0.364512E-25   0.738924E-25   0.146847E-24   0.295569E-24   0.591399E-24   0.118270E-23   0.236068E-23   0.472910E-23   0.790764E-20   0.405481E-13   0.587927E-09   0.237936E-07   0.510081E-08   0.412109E-12   0.114799E-15   0.122294E-22   0.245546E-20   0.484248E-20   0.971594E-20   0.193703E-19   0.387584E-19   0.774993E-19
   0.500000E+00   0.218750E-25   0.437500E-25   0.875001E-25   0.175000E-24   0.350000E-24   0.700000E-24   0.140000E-23   0.280000E-23   0.560000E-23   0.112000E-22   0.224000E-22   0.448000E-22   0.705767E-19   0.363593E-12   0.531511E-08   0.216242E-06   0.577145E-07   0.978893E-11   0.331328E-15   0.665590E-21   0.235208E-19   0.458739E-19   0.921815E-19   0.183500E-18   0.367235E-18   0.734255E-18
   0.500000E+00   0.817739E-36   0.163540E-35   0.327076E-35   0.654159E-35   0.485757E-35   0.261665E-34   0.523327E-34   0.104665E-33   0.209328E-33   0.418657E-33   0.837321E-33   0.167464E-32   0.131406E-33   0.604437E-27   0.883584E-23   0.359310E-21   0.127569E-21   0.519252E-23   0.464353E-30   0.245972E-36   0.128850E-33   0.171474E-29   0.237377E-33   0.685919E-29   0.468667E-33   0.789132E-33
   0.500000E+00   0.817740E-36   0.163549E-35   0.327098E-35   0.654152E-35   0.122581E-36   0.261675E-34   0.523355E-34   0.104670E-33   0.209338E-33   0.418679E-33   0.837358E-33   0.167464E-32   0.661723E-33   0.149900E-26   0.208526E-22   0.804853E-21   0.114925E-21   0.200410E-25   0.667624E-30   0.215226E-35   0.154873E-33   0.171475E-29   0.309783E-33   0.685913E-29   0.444000E-33   0.887773E-33
   0.500000E+00   0.817739E-36   0.163549E-35   0.327093E-35   0.654155E-35   0.122628E-36   0.261675E-34   0.523349E-34   0.104670E-33   0.209339E-33   0.418675E-33   0.837358E-33   0.167463E-32   0.131406E-33   0.604437E-27   0.883584E-23   0.359310E-21   0.135643E-21   0.519048E-23   0.870876E-31   0.553438E-36   0.125781E-33   0.171475E-29   0.233811E-33   0.685921E-29   0.468667E-33   0.789132E-33
   0.500000E+00   0.817742E-36   0.163549E-35   0.327097E-35   0.654152E-35   0.122722E-36   0.261675E-34   0.523348E-34   0.104670E-33   0.209340E-33   0.418676E-33   0.837358E-33   0.167463E-32   0.204149E-32   0.609272E-26   0.735142E-22   0.235707E-20   0.538988E-21   0.940356E-25   0.307662E-29   0.670275E-35   0.173331E-33   0.429579E-31   0.434075E-33   0.171823E-30   0.123333E-32   0.221943E-32
   0.500000E+00   0.817737E-36   0.163549E-35   0.327096E-35   0.654156E-35   0.135017E-36   0.261675E-34   0.131336E-35   0.262822E-35   0.525568E-35   0.105069E-34   0.210137E-34   0.419732E-34   0.190557E-30   0.521145E-24   0.613243E-20   0.200164E-18   0.437297E-19   0.897186E-23   0.293494E-27   0.590395E-33   0.105930E-31   0.429517E-31   0.261345E-31   0.171799E-30   0.654900E-31   0.103722E-30
   0.500000E+00   0.205403E-37   0.410982E-37   0.821671E-37   0.164028E-36   0.115325E-35   0.657478E-36   0.131496E-35   0.262841E-35   0.525832E-35   0.105181E-34   0.210303E-34   0.419853E-34   0.172750E-28   0.472041E-22   0.554744E-18   0.180870E-16   0.394606E-17   0.809879E-21   0.264882E-25   0.532654E-31   0.953062E-30   0.430411E-31   0.234762E-29   0.171984E-30   0.585547E-29   0.923935E-29
   0.500000E+00   0.817740E-36   0.163547E-35   0.327096E-35   0.654153E-35   0.122698E-36   0.261676E-34   0.523350E-34   0.104670E-33   0.209339E-33   0.418679E-33   0.837361E-33   0.167463E-32   0.131406E-33   0.604437E-27   0.883584E-23   0.359310E-21   0.125485E-21   0.770978E-27   0.116105E-30   0.737917E-36   0.119639E-33   0.171474E-29   0.239035E-33   0.685923E-29   0.468667E-33   0.789132E-33
   0.500000E+00   0.817742E-36   0.163548E-35   0.327095E-35   0.654149E-35   0.123074E-36   0.261677E-34   0.523348E-34   0.104670E-33   0.209340E-33   0.418675E-33   0.837364E-33   0.167465E-32   0.755584E-32   0.210586E-25   0.239628E-21   0.819226E-20   0.169945E-20   0.369199E-24   0.121030E-28   0.240438E-34   0.462844E-33   0.429548E-31   0.115106E-32   0.171811E-30   0.291067E-32   0.503072E-32
   0.500000E+00   0.817742E-36   0.410571E-37   0.821084E-37   0.163899E-36   0.470198E-37   0.657195E-36   0.131401E-35   0.262728E-35   0.525568E-35   0.105091E-34   0.210137E-34   0.419491E-34   0.667552E-30   0.182482E-23   0.214732E-19   0.700898E-18   0.153090E-18   0.314289E-22   0.102832E-26   0.206949E-32   0.370731E-31   0.429302E-31   0.913656E-31   0.171811E-30   0.228241E-30   0.360633E-30
   0.500000E+00   0.205667E-37   0.411305E-37   0.822553E-37   0.164169E-36   0.372244E-35   0.658230E-36   0.131618E-35   0.263348E-35   0.526471E-35   0.105294E-34   0.210543E-34   0.420394E-34   0.585373E-28   0.159991E-21   0.188345E-17   0.614924E-16   0.134311E-16   0.275826E-20   0.902693E-25   0.181703E-30   0.325287E-29   0.432599E-31   0.801644E-29   0.172514E-30   0.200005E-28   0.315618E-28
   0.500000E+00   0.230999E-37   0.464644E-37   0.935107E-37   0.187656E-36   0.315530E-33   0.757348E-36   0.151705E-35   0.303936E-35   0.608662E-35   0.121920E-34   0.244082E-34   0.487922E-34   0.460494E-26   0.125838E-19   0.147968E-15   0.482647E-14   0.105140E-14   0.213509E-18   0.695016E-23   0.140442E-28   0.254588E-27   0.692269E-31   0.627206E-27   0.225355E-30   0.156442E-26   0.246853E-26
   0.500000E+00   0.420812E-37   0.851587E-37   0.172804E-36   0.349204E-36   0.217806E-32   0.142174E-35   0.284253E-35   0.571065E-35   0.114657E-34   0.229976E-34   0.461005E-34   0.922881E-34   0.531683E-26   0.145056E-19   0.168621E-15   0.545026E-14   0.117184E-14   0.241331E-18   0.785153E-23   0.158381E-28   0.280047E-27   0.237912E-30   0.687557E-27   0.566524E-30   0.171124E-26   0.269821E-26
   0.500000E+00   0.817742E-36   0.163546E-35   0.327096E-35   0.654152E-35   0.122675E-36   0.261677E-34   0.523347E-34   0.104669E-33   0.209340E-33   0.418676E-33   0.837350E-33   0.167462E-32   0.290970E-33   0.147483E-26   0.183786E-22   0.359310E-21   0.114421E-21   0.462465E-26   0.203174E-30   0.104538E-35   0.116720E-33   0.171474E-29   0.259216E-33   0.685920E-29   0.468667E-33   0.789132E-33
   0.500000E+00   0.817749E-36   0.163547E-35   0.327097E-35   0.654149E-35   0.124156E-36   0.261675E-34   0.523354E-34   0.104669E-33   0.209340E-33   0.418678E-33   0.837357E-33   0.167463E-32   0.240051E-31   0.660528E-25   0.779321E-21   0.254822E-19   0.559638E-20   0.114150E-23   0.374117E-28   0.768664E-34   0.138528E-32   0.429610E-31   0.338267E-32   0.171774E-30   0.828800E-32   0.135139E-31
   0.500000E+00   0.205344E-37   0.410659E-37   0.821319E-37   0.163923E-36   0.149076E-36   0.656913E-36   0.131354E-35   0.262765E-35   0.525380E-35   0.105084E-34   0.210227E-34   0.419522E-34   0.228251E-29   0.623875E-23   0.734449E-19   0.239790E-17   0.523764E-18   0.107556E-21   0.351991E-26   0.708499E-32   0.126862E-30   0.429702E-31   0.312704E-30   0.171799E-30   0.780281E-30   0.123198E-29
   0.500000E+00   0.206123E-37   0.412599E-37   0.825021E-37   0.164698E-36   0.123424E-34   0.660252E-36   0.131749E-35   0.263574E-35   0.527223E-35   0.105445E-34   0.211356E-34   0.421929E-34   0.196273E-27   0.536472E-21   0.631801E-17   0.206340E-15   0.450806E-16   0.925801E-20   0.302978E-24   0.610112E-30   0.109250E-28   0.439501E-31   0.269269E-28   0.173783E-30   0.671850E-28   0.106023E-27
   0.500000E+00   0.274551E-37   0.556361E-37   0.113141E-36   0.228669E-36   0.102952E-32   0.931697E-36   0.186800E-35   0.375538E-35   0.754235E-35   0.151351E-34   0.303936E-34   0.608383E-34   0.127756E-25   0.349024E-19   0.409658E-15   0.133429E-13   0.289810E-14   0.589797E-18   0.191918E-22   0.387703E-28   0.700785E-27   0.125570E-30   0.172555E-26   0.332208E-30   0.430242E-26   0.678801E-26
   0.500000E+00   0.693762E-37   0.145074E-36   0.303495E-36   0.628736E-36   0.389399E-32   0.264834E-35   0.533900E-35   0.108347E-34   0.219244E-34   0.442573E-34   0.892082E-34   0.179403E-33   0.683363E-26   0.186412E-19   0.216462E-15   0.699059E-14   0.150354E-14   0.309829E-18   0.100851E-22   0.203297E-28   0.358342E-27   0.659782E-30   0.879451E-27   0.136034E-29   0.218841E-26   0.345036E-26
   0.500000E+00   0.412753E-35   0.848119E-35   0.175262E-34   0.359740E-34   0.509099E-32   0.149320E-33   0.298233E-33   0.602654E-33   0.121522E-32   0.244630E-32   0.491795E-32   0.987617E-32   0.736837E-26   0.200960E-19   0.233015E-15   0.751639E-14   0.161894E-14   0.333453E-18   0.108608E-22   0.218785E-28   0.384086E-27   0.146186E-28   0.942180E-27   0.394147E-28   0.234392E-26   0.369522E-26
   0.500000E+00   0.817747E-36   0.163540E-35   0.327095E-35   0.654149E-35   0.122604E-36   0.261675E-34   0.523349E-34   0.104670E-33   0.209341E-33   0.418655E-33   0.837362E-33   0.167464E-32   0.131406E-33   0.604437E-27   0.883584E-23   0.359310E-21   0.118127E-21   0.354538E-25   0.551446E-30   0.553438E-36   0.901753E-34   0.171473E-29   0.211364E-33   0.685914E-29   0.444000E-33   0.887773E-33
   0.500000E+00   0.817739E-36   0.163539E-35   0.327093E-35   0.654151E-35   0.127776E-36   0.261675E-34   0.523351E-34   0.104664E-33   0.209340E-33   0.418661E-33   0.837360E-33   0.419522E-34   0.810024E-31   0.221901E-24   0.261188E-20   0.854726E-19   0.186455E-19   0.382757E-23   0.125266E-27   0.259316E-33   0.454857E-32   0.429610E-31   0.112651E-31   0.171836E-30   0.282433E-31   0.436000E-31
   0.500000E+00   0.205374E-37   0.409689E-37   0.821201E-37   0.163911E-36   0.447440E-36   0.655973E-36   0.131129E-35   0.262295E-35   0.525681E-35   0.104903E-34   0.210107E-34   0.419582E-34   0.704042E-29   0.192439E-22   0.226631E-18   0.740155E-17   0.161704E-17   0.332120E-21   0.108708E-25   0.218863E-31   0.391889E-30   0.429949E-31   0.965946E-30   0.171897E-30   0.241035E-29   0.380376E-29
   0.500000E+00   0.207534E-37   0.414391E-37   0.831134E-37   0.165933E-36   0.371423E-34   0.664389E-36   0.132887E-35   0.265887E-35   0.532903E-35   0.106347E-34   0.213192E-34   0.425359E-34   0.594867E-27   0.162601E-20   0.191547E-16   0.625712E-15   0.136696E-15   0.279642E-19   0.913439E-24   0.184283E-29   0.331490E-28   0.458729E-31   0.817086E-28   0.177284E-30   0.203879E-27   0.321742E-27
   0.500000E+00   0.387913E-37   0.799013E-37   0.165081E-36   0.338401E-36   0.328062E-32   0.140627E-35   0.282758E-35   0.571215E-35   0.115338E-34   0.232097E-34   0.467174E-34   0.929622E-34   0.289959E-25   0.791828E-19   0.926672E-15   0.301123E-13   0.651749E-14   0.133226E-17   0.433586E-22   0.875105E-28   0.157085E-26   0.301057E-30   0.386454E-26   0.647025E-30   0.963024E-26   0.151909E-25
   0.500000E+00   0.152482E-36   0.324013E-36   0.688999E-36   0.144670E-35   0.518824E-32   0.620816E-35   0.125301E-34   0.255543E-34   0.519313E-34   0.105148E-33   0.212441E-33   0.421790E-33   0.800117E-26   0.218236E-19   0.253204E-15   0.817166E-14   0.175856E-14   0.362372E-18   0.117992E-22   0.237758E-28   0.418122E-27   0.203329E-29   0.102588E-26   0.379924E-29   0.255240E-26   0.402400E-26
   0.500000E+00   0.113370E-34   0.234486E-34   0.488770E-34   0.101021E-33   0.574463E-32   0.423534E-33   0.845328E-33   0.171303E-32   0.346197E-32   0.697990E-32   0.140348E-31   0.276265E-31   0.812996E-26   0.221731E-19   0.257095E-15   0.829300E-14   0.178632E-14   0.367913E-18   0.119834E-22   0.241394E-28   0.423762E-27   0.176534E-28   0.103949E-26   0.491798E-28   0.258598E-26   0.407683E-26
   0.500000E+00   0.817749E-36   0.163539E-35   0.327095E-35   0.654149E-35   0.122604E-36   0.261675E-34   0.523348E-34   0.104671E-33   0.209340E-33   0.418659E-33   0.837353E-33   0.167463E-32   0.117327E-33   0.604437E-27   0.883584E-23   0.359310E-21   0.125505E-21   0.369952E-25   0.530461E-36   0.307465E-36   0.477083E-34   0.429610E-31   0.198200E-33   0.171836E-30   0.468667E-33   0.789132E-33
   0.500000E+00   0.817737E-36   0.163539E-35   0.327096E-35   0.654153E-35   0.122510E-36   0.261673E-34   0.131401E-35   0.262201E-35   0.525418E-35   0.104843E-34   0.210167E-34   0.419582E-34   0.290970E-33   0.604437E-27   0.883584E-23   0.359310E-21   0.125501E-21   0.231226E-26   0.174142E-30   0.122986E-35   0.586732E-34   0.429517E-31   0.235250E-33   0.171811E-30   0.468667E-33   0.789132E-33
   0.500000E+00   0.205418E-37   0.409748E-37   0.821025E-37   0.163911E-36   0.540727E-38   0.657054E-36   0.131326E-35   0.262201E-35   0.525606E-35   0.104918E-34   0.210167E-34   0.419401E-34   0.224470E-31   0.618218E-25   0.730901E-21   0.239588E-19   0.524900E-20   0.107596E-23   0.352346E-28   0.720084E-34   0.128849E-32   0.429610E-31   0.322753E-32   0.171786E-30   0.781933E-32   0.127248E-31
   0.500000E+00   0.212015E-37   0.423971E-37   0.851764E-37   0.170376E-36   0.119198E-33   0.683950E-36   0.137016E-35   0.273768E-35   0.549041E-35   0.109620E-34   0.219767E-34   0.438570E-34   0.188149E-26   0.514273E-20   0.605743E-16   0.197851E-14   0.431901E-15   0.878355E-19   0.286290E-23   0.578303E-29   0.104777E-27   0.522052E-31   0.258256E-27   0.188007E-30   0.644373E-27   0.101688E-26
   0.500000E+00   0.704944E-37   0.148959E-36   0.315979E-36   0.662144E-36   0.953212E-32   0.283769E-35   0.565281E-35   0.115230E-34   0.234211E-34   0.474095E-34   0.957880E-34   0.189743E-33   0.489251E-25   0.133548E-18   0.155803E-14   0.505025E-13   0.109080E-13   0.223800E-17   0.728791E-22   0.146912E-27   0.261596E-26   0.783574E-30   0.642941E-26   0.145727E-29   0.160125E-25   0.252532E-25
   0.500000E+00   0.531617E-37   0.111986E-36   0.236927E-36   0.495377E-36   0.482732E-33   0.211782E-35   0.422285E-35   0.860349E-35   0.174801E-34   0.353664E-34   0.714490E-34   0.141622E-33   0.719562E-27   0.196264E-20   0.227629E-16   0.734425E-15   0.158152E-15   0.325783E-19   0.106102E-23   0.213854E-29   0.375730E-28   0.906960E-30   0.921582E-28   0.154367E-29   0.229297E-27   0.361557E-27
   0.500000E+00   0.336064E-34   0.705466E-34   0.149508E-33   0.313163E-33   0.640927E-32   0.133731E-32   0.261938E-32   0.529004E-32   0.105233E-31   0.205283E-31   0.391517E-31   0.718941E-31   0.847687E-26   0.231192E-19   0.268063E-15   0.864676E-14   0.186257E-14   0.383611E-18   0.124948E-22   0.251694E-28   0.441937E-27   0.189311E-28   0.108386E-26   0.534392E-28   0.269690E-26   0.425464E-26
   0.500000E+00   0.817749E-36   0.163550E-35   0.327099E-35   0.654163E-35   0.147995E-35   0.261679E-34   0.523357E-34   0.104671E-33   0.209343E-33   0.418685E-33   0.837360E-33   0.167463E-32   0.214319E-28   0.585794E-22   0.689834E-18   0.225279E-16   0.492158E-17   0.101080E-20   0.330835E-25   0.666050E-31   0.119258E-29   0.430473E-31   0.293932E-29   0.172070E-30   0.733394E-29   0.115737E-28
   0.500000E+00   0.817744E-36   0.410953E-37   0.821553E-37   0.163993E-36   0.135960E-35   0.657383E-36   0.131439E-35   0.262972E-35   0.525869E-35   0.105181E-34   0.210288E-34   0.419822E-34   0.216524E-28   0.591855E-22   0.697271E-18   0.227787E-16   0.497778E-17   0.102250E-20   0.334719E-25   0.674034E-31   0.120703E-29   0.430627E-31   0.297531E-29   0.171984E-30   0.742442E-29   0.117166E-28
   0.500000E+00   0.217760E-37   0.437695E-37   0.880622E-37   0.176794E-36   0.155618E-33   0.714560E-36   0.142780E-35   0.286219E-35   0.573077E-35   0.114623E-34   0.228975E-34   0.455452E-34   0.251423E-26   0.687289E-20   0.810049E-16   0.264718E-14   0.578647E-15   0.118879E-18   0.389214E-23   0.783968E-29   0.140407E-27   0.548121E-31   0.346139E-27   0.191619E-30   0.863769E-27   0.136316E-26
   0.500000E+00   0.420659E-34   0.921661E-34   0.204417E-33   0.444055E-33   0.554767E-29   0.199908E-32   0.397757E-32   0.818776E-32   0.166404E-31   0.333484E-31   0.658748E-31   0.125646E-30   0.828722E-22   0.226497E-15   0.266610E-11   0.870362E-10   0.189796E-10   0.385754E-14   0.125710E-18   0.253685E-24   0.460199E-23   0.424274E-27   0.113409E-22   0.699512E-27   0.282927E-22   0.446464E-22
   0.500000E+00   0.264802E-34   0.603449E-34   0.138321E-33   0.308657E-33   0.265254E-29   0.144532E-32   0.291462E-32   0.606781E-32   0.124426E-31   0.251103E-31   0.498678E-31   0.954639E-31   0.557949E-23   0.152246E-16   0.177159E-12   0.573070E-11   0.123746E-11   0.254315E-15   0.828715E-20   0.166884E-25   0.295140E-24   0.218427E-27   0.724788E-24   0.393008E-27   0.180425E-23   0.284499E-23
   0.500000E+00   0.237554E-34   0.555562E-34   0.130170E-33   0.295746E-33   0.427043E-31   0.142214E-32   0.289394E-32   0.607124E-32   0.125256E-31   0.253982E-31   0.506232E-31   0.971453E-31   0.765075E-25   0.208668E-18   0.241983E-14   0.780620E-13   0.169103E-13   0.347024E-17   0.113214E-21   0.227712E-27   0.399005E-26   0.880720E-28   0.978840E-26   0.204801E-27   0.243526E-25   0.383912E-25
   0.500000E+00   0.686153E-30   0.131350E-29   0.244399E-29   0.435926E-29   0.172183E-28   0.127484E-28   0.210537E-28   0.346655E-28   0.565449E-28   0.915920E-28   0.147601E-27   0.236691E-27   0.191870E-22   0.523303E-16   0.606762E-12   0.195712E-10   0.424814E-11   0.870581E-15   0.284169E-19   0.571303E-25   0.100005E-23   0.250383E-25   0.245325E-23   0.624726E-25   0.610341E-23   0.962169E-23
   0.500000E+00   0.000000E+00   0.000000E+00   0.000000E+00   0.000000E+00   0.000000E+00   0.000000E+00   0.000000E+00   0.000000E+00   0.000000E+00   0.000000E+00   0.000000E+00   0.000000E+00   0.000000E+00   0.000000E+00   0.000000E+00   0.000000E+00   0.000000E+00   0.000000E+00   0.000000E+00   0.000000E+00   0.000000E+00   0.000000E+00   0.000000E+00   0.000000E+00   0.000000E+00   0.000000E+00
   0.500000E+00   0.230919E-26   0.461837E-26   0.923674E-26   0.184734E-25   0.369483E-25   0.738932E-25   0.147786E-24   0.295571E-24   0.591142E-24   0.118228E-23   0.236456E-23   0.472911E-23   0.745958E-20   0.384068E-13   0.561368E-09   0.228364E-07   0.609451E-08   0.103376E-11   0.349894E-16   0.702886E-22   0.248338E-20   0.484246E-20   0.973197E-20   0.193703E-19   0.387685E-19   0.775131E-19
   0.666667E+00   0.218750E-25   0.437500E-25   0.875000E-25   0.175000E-24   0.350000E-24   0.700000E-24   0.140000E-23   0.280000E-23   0.560001E-23   0.112000E-22   0.224000E-22   0.448000E-22   0.665823E-19   0.344553E-12   0.507746E-08   0.207647E-06   0.665422E-07   0.147663E-10   0.662805E-14   0.703665E-19   0.239486E-19   0.458738E-19   0.923273E-19   0.183500E-18   0.367304E-18   0.734343E-18
   0.666667E+00   0.543666E-40   0.133789E-39   0.327075E-35   0.464583E-39   0.130831E-34   0.145761E-38   0.371677E-38   0.104665E-33   0.126109E-37   0.418657E-33   0.534606E-37   0.167464E-32   0.123969E-33   0.572785E-27   0.844077E-23   0.344979E-21   0.147240E-21   0.806588E-26   0.123655E-28   0.378358E-32   0.131987E-33   0.171473E-29   0.252447E-33   0.685920E-29   0.468753E-33   0.789227E-33
   0.666667E+00   0.259637E-38   0.595124E-39   0.327077E-35   0.203956E-38   0.130832E-34   0.572701E-37   0.110503E-37   0.104664E-33   0.212565E-37   0.418656E-33   0.760060E-37   0.167464E-32   0.383861E-32   0.110433E-25   0.125936E-21   0.441573E-20   0.121226E-20   0.284610E-24   0.128954E-27   0.136903E-32   0.273555E-33   0.429609E-31   0.706995E-33   0.171848E-30   0.185034E-32   0.217040E-32
   0.666667E+00   0.113141E-39   0.113124E-39   0.327079E-35   0.487715E-39   0.130831E-34   0.366754E-38   0.343163E-38   0.104665E-33   0.137273E-37   0.418661E-33   0.519076E-37   0.167463E-32   0.261220E-33   0.572785E-27   0.844077E-23   0.344979E-21   0.168283E-21   0.345681E-26   0.110406E-28   0.131277E-33   0.137941E-33   0.171475E-29   0.267170E-33   0.685920E-29   0.468753E-33   0.789227E-33
   0.666667E+00   0.918208E-38   0.184693E-38   0.327078E-35   0.598884E-38   0.130831E-34   0.210884E-36   0.311718E-37   0.104664E-33   0.874482E-37   0.418657E-33   0.253504E-36   0.167463E-32   0.147169E-31   0.408281E-25   0.472345E-21   0.155654E-19   0.408283E-20   0.111770E-23   0.472539E-27   0.499789E-32   0.908299E-33   0.429547E-31   0.225415E-32   0.171860E-30   0.520570E-32   0.971736E-32
   0.666667E+00   0.829132E-36   0.156466E-36   0.327078E-35   0.511968E-36   0.130831E-34   0.194529E-34   0.255336E-35   0.262295E-35   0.697887E-35   0.104880E-34   0.185025E-34   0.419732E-34   0.136675E-29   0.374961E-23   0.444501E-19   0.145734E-17   0.380531E-18   0.102198E-21   0.443294E-25   0.469267E-30   0.818880E-31   0.429640E-31   0.197560E-30   0.171811E-30   0.492561E-30   0.777586E-30
   0.666667E+00   0.804211E-34   0.149482E-34   0.820436E-37   0.478931E-34   0.328174E-36   0.179755E-32   0.234581E-33   0.262577E-35   0.636399E-33   0.105001E-34   0.167848E-32   0.420123E-34   0.124051E-27   0.340239E-21   0.402958E-17   0.132016E-15   0.344473E-16   0.924957E-20   0.401027E-23   0.424324E-28   0.740070E-29   0.435094E-31   0.178480E-28   0.172661E-30   0.444592E-28   0.701414E-28
   0.666667E+00   0.423178E-39   0.148197E-39   0.327078E-35   0.557478E-39   0.130830E-34   0.846356E-38   0.408376E-38   0.104664E-33   0.152074E-37   0.418661E-33   0.533139E-37   0.167465E-32   0.562287E-33   0.219949E-26   0.199202E-22   0.772752E-21   0.168337E-21   0.322635E-25   0.216396E-28   0.234423E-33   0.157883E-33   0.171474E-29   0.315175E-33   0.685921E-29   0.468753E-33   0.789227E-33
   0.666667E+00   0.322394E-37   0.619901E-38   0.327078E-35   0.203056E-37   0.130832E-34   0.755749E-36   0.102354E-36   0.104664E-33   0.283778E-36   0.418660E-33   0.769494E-36   0.167464E-32   0.530896E-31   0.145946E-24   0.173373E-20   0.569215E-19   0.148695E-19   0.398224E-23   0.172940E-26   0.183365E-31   0.318718E-32   0.429485E-31   0.779311E-32   0.171823E-30   0.196630E-31   0.306812E-31
   0.666667E+00   0.281713E-35   0.534791E-36   0.819848E-37   0.176623E-35   0.327822E-36   0.675606E-34   0.887912E-35   0.262220E-35   0.243231E-34   0.104903E-34   0.645578E-34   0.419552E-34   0.478556E-29   0.131282E-22   0.155686E-18   0.510586E-17   0.133345E-17   0.358212E-21   0.155406E-24   0.164547E-29   0.287101E-30   0.429701E-31   0.692705E-30   0.171897E-30   0.172622E-29   0.272357E-29
   0.666667E+00   0.239300E-33   0.457348E-34   0.821964E-37   0.152577E-33   0.328856E-36   0.587514E-32   0.773508E-33   0.263160E-35   0.212539E-32   0.105287E-34   0.565085E-32   0.420906E-34   0.419770E-27   0.115159E-20   0.136621E-16   0.448204E-15   0.117085E-15   0.314475E-19   0.136364E-22   0.144486E-27   0.252239E-28   0.448128E-31   0.608619E-28   0.174634E-30   0.151654E-27   0.239284E-27
   0.666667E+00   0.188719E-31   0.379895E-32   0.102474E-36   0.127730E-31   0.415937E-36   0.433421E-30   0.649404E-31   0.336342E-35   0.178372E-30   0.135191E-34   0.473896E-30   0.542510E-34   0.276916E-25   0.759348E-19   0.898358E-15   0.294066E-13   0.764588E-14   0.203950E-17   0.880392E-21   0.933261E-26   0.164368E-26   0.201773E-30   0.396397E-26   0.412203E-30   0.987175E-26   0.155731E-25
   0.666667E+00   0.343544E-31   0.958690E-32   0.288208E-36   0.259140E-31   0.118577E-35   0.399618E-30   0.108619E-30   0.963754E-35   0.277532E-30   0.388947E-34   0.704539E-30   0.156473E-33   0.183633E-25   0.502816E-19   0.588486E-15   0.190994E-13   0.492817E-14   0.132738E-17   0.572599E-21   0.606264E-26   0.104235E-26   0.153925E-29   0.250496E-26   0.242860E-29   0.622607E-26   0.981518E-26
   0.666667E+00   0.118284E-38   0.218430E-39   0.327078E-35   0.732616E-39   0.130831E-34   0.280238E-37   0.501465E-38   0.104665E-33   0.178024E-37   0.418657E-33   0.621895E-37   0.167463E-32   0.189938E-32   0.570494E-26   0.661756E-22   0.231826E-20   0.576571E-21   0.137120E-24   0.684519E-28   0.726710E-33   0.214312E-33   0.171476E-29   0.495469E-33   0.685922E-29   0.108553E-32   0.202240E-32
   0.666667E+00   0.982375E-37   0.187559E-37   0.327076E-35   0.620227E-37   0.130830E-34   0.235273E-35   0.312711E-36   0.104665E-33   0.861895E-36   0.418660E-33   0.229805E-35   0.167463E-32   0.166561E-30   0.457403E-24   0.542437E-20   0.178064E-18   0.465091E-19   0.124906E-22   0.541830E-26   0.573538E-31   0.100291E-31   0.429609E-31   0.242927E-31   0.171836E-30   0.606419E-31   0.960884E-31
   0.666667E+00   0.934019E-35   0.178451E-35   0.819731E-37   0.594953E-35   0.327798E-36   0.228968E-33   0.301465E-34   0.262295E-35   0.828214E-34   0.104933E-34   0.220184E-33   0.419461E-34   0.163509E-28   0.448569E-22   0.532161E-18   0.174580E-16   0.456056E-17   0.122529E-20   0.531688E-24   0.563084E-29   0.982474E-30   0.430163E-31   0.237059E-29   0.171947E-30   0.590718E-29   0.932097E-29
   0.666667E+00   0.777673E-33   0.149607E-33   0.826607E-37   0.503850E-33   0.330925E-36   0.195164E-31   0.257498E-32   0.264834E-35   0.709648E-32   0.105919E-34   0.189031E-31   0.423644E-34   0.140031E-26   0.384169E-20   0.455886E-16   0.149591E-14   0.390747E-15   0.104561E-18   0.452058E-22   0.479668E-27   0.842323E-28   0.491422E-31   0.203262E-27   0.181018E-30   0.506504E-27   0.799190E-27
   0.666667E+00   0.531007E-31   0.116296E-31   0.137362E-36   0.380365E-31   0.567811E-36   0.109333E-29   0.186850E-30   0.464894E-35   0.505597E-30   0.188071E-34   0.132998E-29   0.757432E-34   0.638186E-25   0.174935E-18   0.206411E-14   0.674239E-13   0.174809E-13   0.467928E-17   0.201952E-20   0.213973E-25   0.374567E-26   0.555536E-30   0.902665E-26   0.929892E-30   0.224684E-25   0.354389E-25
   0.666667E+00   0.419772E-31   0.124120E-31   0.586948E-36   0.330179E-31   0.253218E-35   0.466033E-30   0.136619E-30   0.213594E-34   0.347481E-30   0.875267E-34   0.879645E-30   0.355511E-33   0.214877E-25   0.588328E-19   0.688097E-15   0.223201E-13   0.576531E-14   0.155204E-17   0.669668E-21   0.708965E-26   0.121650E-26   0.495804E-29   0.292236E-26   0.741488E-29   0.726270E-26   0.114489E-25
   0.666667E+00   0.436976E-31   0.133991E-31   0.401035E-34   0.347109E-31   0.168109E-33   0.459017E-30   0.141307E-30   0.137965E-32   0.358233E-30   0.560079E-32   0.907581E-30   0.226129E-31   0.213839E-25   0.585440E-19   0.684197E-15   0.221800E-13   0.573731E-14   0.154303E-17   0.665967E-21   0.704995E-26   0.120711E-26   0.324718E-28   0.289862E-26   0.845751E-28   0.720280E-26   0.113539E-25
   0.666667E+00   0.455504E-40   0.100574E-39   0.327075E-35   0.449271E-39   0.130831E-34   0.159867E-38   0.350017E-38   0.104665E-33   0.132492E-37   0.418658E-33   0.530043E-37   0.167464E-32   0.123969E-33   0.572785E-27   0.742787E-23   0.344979E-21   0.143071E-21   0.103704E-25   0.110406E-28   0.126588E-33   0.587264E-34   0.429640E-31   0.186300E-33   0.171860E-30   0.444082E-33   0.789227E-33
   0.666667E+00   0.321611E-36   0.615348E-37   0.327078E-35   0.205114E-36   0.130831E-34   0.787243E-35   0.103991E-35   0.104665E-33   0.286001E-35   0.418659E-33   0.761947E-35   0.419552E-34   0.561858E-30   0.154171E-23   0.182935E-19   0.600208E-18   0.156815E-18   0.421235E-22   0.182789E-25   0.193581E-30   0.337930E-31   0.429732E-31   0.816028E-31   0.171725E-30   0.203562E-30   0.321413E-30
   0.666667E+00   0.272388E-34   0.523868E-35   0.819613E-37   0.176313E-34   0.327845E-36   0.682557E-33   0.900572E-34   0.262333E-35   0.248145E-33   0.104858E-34   0.660921E-33   0.419552E-34   0.491395E-28   0.134815E-21   0.160002E-17   0.525068E-16   0.137200E-16   0.368671E-20   0.160008E-23   0.169493E-28   0.295754E-29   0.431612E-31   0.713699E-29   0.172156E-30   0.177852E-28   0.280629E-28
   0.666667E+00   0.223239E-32   0.432365E-33   0.838891E-37   0.146995E-32   0.336262E-36   0.570077E-31   0.757303E-32   0.269329E-35   0.209331E-31   0.107852E-34   0.558649E-31   0.431167E-34   0.404311E-26   0.110919E-19   0.131622E-15   0.431882E-14   0.112754E-14   0.300485E-18   0.129752E-21   0.137666E-26   0.243148E-27   0.613260E-31   0.586772E-27   0.198657E-30   0.146214E-26   0.230704E-26
   0.666667E+00   0.124325E-30   0.292392E-31   0.245378E-36   0.902479E-31   0.104713E-35   0.212383E-29   0.420145E-30   0.876279E-35   0.111375E-29   0.358035E-34   0.289182E-29   0.143722E-33   0.114687E-24   0.314247E-18   0.369660E-14   0.120456E-12   0.311810E-13   0.836976E-17   0.361221E-20   0.382540E-25   0.664703E-26   0.168038E-29   0.160015E-25   0.255448E-29   0.398077E-25   0.627752E-25
   0.666667E+00   0.482841E-31   0.146242E-31   0.163204E-35   0.382429E-31   0.720778E-35   0.517610E-30   0.156391E-30   0.617379E-34   0.396267E-30   0.254879E-33   0.100097E-29   0.102551E-32   0.239768E-25   0.656447E-19   0.767417E-15   0.248839E-13   0.643233E-14   0.173080E-17   0.746912E-21   0.790704E-26   0.135504E-26   0.149424E-28   0.325439E-26   0.237997E-28   0.808724E-26   0.127483E-25
   0.666667E+00   0.481761E-31   0.148065E-31   0.126206E-33   0.384161E-31   0.538398E-33   0.506178E-30   0.157077E-30   0.446986E-32   0.400327E-30   0.182351E-31   0.102260E-29   0.720151E-31   0.235677E-25   0.645227E-19   0.754063E-15   0.244447E-13   0.632334E-14   0.170060E-17   0.733976E-21   0.776990E-26   0.133035E-26   0.364310E-28   0.319452E-26   0.966133E-28   0.793806E-26   0.125129E-25
   0.666667E+00   0.499585E-40   0.103204E-39   0.327077E-35   0.436287E-39   0.130831E-34   0.145761E-38   0.320821E-38   0.104665E-33   0.139621E-37   0.418655E-33   0.558559E-37   0.167464E-32   0.110686E-33   0.572785E-27   0.844077E-23   0.344979E-21   0.162346E-21   0.133871E-22   0.167817E-28   0.196915E-33   0.551801E-34   0.429609E-31   0.186058E-33   0.171737E-30   0.468753E-33   0.789227E-33
   0.666667E+00   0.861050E-39   0.182502E-39   0.327076E-35   0.741725E-39   0.130832E-34   0.206417E-37   0.442008E-38   0.262182E-35   0.165519E-37   0.104880E-34   0.601891E-37   0.419672E-34   0.162488E-32   0.398658E-26   0.536833E-22   0.171109E-20   0.429241E-21   0.100247E-24   0.507869E-28   0.539172E-33   0.129051E-33   0.429763E-31   0.408815E-33   0.171848E-30   0.108553E-32   0.789268E-33
   0.666667E+00   0.838230E-37   0.163335E-37   0.819437E-37   0.555539E-37   0.327798E-36   0.214725E-35   0.287479E-36   0.262276E-35   0.797833E-36   0.104865E-34   0.215614E-35   0.419491E-34   0.155873E-30   0.428077E-24   0.508539E-20   0.166983E-18   0.436645E-19   0.117278E-22   0.509061E-26   0.539453E-31   0.943222E-32   0.429547E-31   0.228316E-31   0.171799E-30   0.571632E-31   0.904652E-31
   0.666667E+00   0.692419E-32   0.135983E-32   0.899782E-37   0.466696E-32   0.363909E-36   0.175441E-30   0.242374E-31   0.293253E-35   0.671940E-31   0.117783E-34   0.179654E-30   0.471341E-34   0.120657E-25   0.330975E-19   0.392492E-15   0.128718E-13   0.335606E-14   0.893416E-18   0.385751E-21   0.409085E-26   0.723472E-27   0.102845E-30   0.174574E-26   0.258179E-30   0.434950E-26   0.686257E-26
   0.666667E+00   0.206861E-30   0.519652E-31   0.689074E-36   0.150736E-30   0.309037E-35   0.288577E-29   0.666279E-30   0.265703E-34   0.173347E-29   0.110293E-33   0.444896E-29   0.442807E-33   0.153406E-24   0.420217E-18   0.493059E-14   0.160341E-12   0.415356E-13   0.111563E-16   0.481632E-20   0.509865E-25   0.880118E-26   0.477457E-29   0.211639E-25   0.696635E-29   0.526275E-25   0.829778E-25
   0.666667E+00   0.425455E-32   0.129744E-32   0.621707E-36   0.337028E-32   0.280670E-35   0.449896E-31   0.137247E-31   0.242616E-34   0.347396E-31   0.100931E-33   0.877325E-31   0.405673E-33   0.209990E-26   0.574924E-20   0.671990E-16   0.217865E-14   0.563493E-15   0.151564E-18   0.654132E-22   0.692466E-27   0.118634E-27   0.452717E-29   0.284864E-27   0.102618E-28   0.707902E-27   0.111597E-26
   0.666667E+00   0.502132E-31   0.155712E-31   0.534210E-33   0.407358E-31   0.235032E-32   0.528888E-30   0.169864E-30   0.185207E-31   0.440298E-30   0.661223E-31   0.113963E-29   0.211464E-30   0.245528E-25   0.672196E-19   0.785579E-15   0.254663E-13   0.658776E-14   0.177169E-17   0.764661E-21   0.809471E-26   0.138604E-26   0.381128E-28   0.332805E-26   0.101638E-27   0.827041E-26   0.130397E-25
   0.666667E+00   0.620859E-34   0.119358E-34   0.327089E-35   0.401169E-34   0.130835E-34   0.155104E-32   0.204671E-33   0.104669E-33   0.563710E-33   0.418677E-33   0.150098E-32   0.167470E-32   0.111536E-27   0.305998E-21   0.363145E-17   0.119166E-15   0.311368E-16   0.836650E-20   0.363110E-23   0.384624E-28   0.671134E-29   0.434631E-31   0.161951E-28   0.172575E-30   0.403572E-28   0.636781E-28
   0.666667E+00   0.671302E-34   0.129958E-34   0.821611E-37   0.441231E-34   0.328833E-36   0.171687E-32   0.227057E-33   0.262991E-35   0.627360E-33   0.105181E-34   0.167383E-32   0.420575E-34   0.124538E-27   0.341691E-21   0.405678E-17   0.133168E-15   0.348055E-16   0.935375E-20   0.406043E-23   0.430199E-28   0.750728E-29   0.435340E-31   0.181181E-28   0.172649E-30   0.451526E-28   0.712468E-28
   0.666667E+00   0.686760E-32   0.133877E-32   0.102221E-36   0.459154E-32   0.423389E-36   0.179811E-30   0.238323E-31   0.343620E-35   0.660585E-31   0.136034E-34   0.176600E-30   0.528968E-34   0.131555E-25   0.360963E-19   0.428739E-15   0.140785E-13   0.368059E-14   0.988699E-18   0.428823E-21   0.454717E-26   0.794418E-27   0.102475E-30   0.191748E-26   0.257008E-30   0.477895E-26   0.754093E-26
   0.666667E+00   0.226690E-27   0.466178E-28   0.703748E-33   0.160837E-27   0.334379E-32   0.549595E-26   0.833927E-27   0.286785E-31   0.230553E-26   0.109932E-30   0.614916E-26   0.386171E-30   0.364981E-21   0.100101E-14   0.118551E-10   0.388384E-09   0.101162E-09   0.269905E-13   0.116586E-16   0.123522E-21   0.217636E-22   0.212265E-26   0.524953E-22   0.302444E-26   0.130760E-21   0.206292E-21
   0.666667E+00   0.231582E-28   0.674694E-29   0.708925E-33   0.185234E-28   0.355566E-32   0.278883E-27   0.782885E-28   0.319755E-31   0.200457E-27   0.124747E-30   0.509447E-27   0.442882E-30   0.148633E-22   0.407055E-16   0.476746E-12   0.154810E-10   0.401744E-11   0.107823E-14   0.465672E-18   0.492865E-23   0.846637E-24   0.157503E-26   0.203410E-23   0.235126E-26   0.505662E-23   0.797178E-23
   0.666667E+00   0.309806E-30   0.919721E-31   0.845371E-33   0.239102E-30   0.442508E-32   0.326435E-29   0.981722E-30   0.413125E-31   0.251049E-29   0.162294E-30   0.642117E-29   0.566552E-30   0.179142E-24   0.490492E-18   0.573278E-14   0.185847E-12   0.483787E-13   0.129539E-16   0.559772E-20   0.592416E-25   0.101210E-25   0.195613E-27   0.242941E-25   0.478716E-27   0.603734E-25   0.951655E-25
   0.666667E+00   0.695692E-28   0.230071E-28   0.597586E-29   0.605675E-28   0.159672E-28   0.737209E-27   0.248654E-27   0.661123E-28   0.630581E-27   0.168216E-27   0.159312E-26   0.425845E-27   0.420374E-22   0.115102E-15   0.134520E-11   0.436063E-10   0.113785E-10   0.304149E-14   0.131490E-17   0.139146E-22   0.237481E-23   0.434385E-25   0.569950E-23   0.108393E-24   0.141640E-22   0.223263E-22
   0.666667E+00   0.000000E+00   0.000000E+00   0.000000E+00   0.000000E+00   0.000000E+00   0.000000E+00   0.000000E+00   0.000000E+00   0.000000E+00   0.000000E+00   0.000000E+00   0.000000E+00   0.000000E+00   0.000000E+00   0.000000E+00   0.000000E+00   0.000000E+00   0.000000E+00   0.000000E+00   0.000000E+00   0.000000E+00   0.000000E+00   0.000000E+00   0.000000E+00   0.000000E+00   0.000000E+00
   0.666667E+00   0.233731E-26   0.462500E-26   0.923703E-26   0.184942E-25   0.369474E-25   0.744661E-25   0.147887E-24   0.295574E-24   0.591414E-24   0.118229E-23   0.236528E-23   0.472913E-23   0.706561E-20   0.364730E-13   0.537182E-09   0.219587E-07   0.703447E-08   0.156147E-11   0.700841E-15   0.744044E-20   0.253022E-20   0.484245E-20   0.975139E-20   0.193703E-19   0.387858E-19   0.775382E-19
   0.833333E+00   0.218750E-25   0.437500E-25   0.875000E-25   0.175000E-24   0.350000E-24   0.700000E-24   0.140000E-23   0.280000E-23   0.560000E-23   0.112000E-22   0.224000E-22   0.448000E-22   0.628879E-19   0.326846E-12   0.485489E-08   0.199561E-06   0.748330E-07   0.323287E-10   0.125827E-14   0.281598E-19   0.228278E-19   0.458751E-19   0.924747E-19   0.183500E-18   0.367371E-18   0.734431E-18
   0.833333E+00   0.602537E-40   0.163540E-35   0.327075E-35   0.654160E-35   0.130831E-34   0.174004E-38   0.523327E-34   0.104665E-33   0.209328E-33   0.418657E-33   0.837321E-33   0.167464E-32   0.259271E-33   0.543348E-27   0.807078E-23   0.331500E-21   0.177812E-21   0.250511E-26   0.556564E-30   0.753514E-34   0.214719E-31   0.171478E-29   0.271012E-33   0.685921E-29   0.468839E-33   0.789322E-33
   0.833333E+00   0.944804E-39   0.163549E-35   0.327098E-35   0.654194E-35   0.130832E-34   0.160808E-37   0.523355E-34   0.104670E-33   0.209338E-33   0.418679E-33   0.837357E-33   0.167464E-32   0.152803E-31   0.424029E-25   0.494254E-21   0.163629E-19   0.511870E-20   0.266761E-23   0.100054E-27   0.234827E-32   0.214440E-31   0.429589E-31   0.237434E-32   0.171823E-30   0.574945E-32   0.952120E-32
   0.833333E+00   0.734687E-40   0.163549E-35   0.327095E-35   0.654187E-35   0.130831E-34   0.202186E-38   0.523349E-34   0.104670E-33   0.209339E-33   0.418675E-33   0.837357E-33   0.167463E-32   0.685814E-33   0.195605E-26   0.180785E-22   0.782340E-21   0.360457E-21   0.825825E-25   0.367278E-29   0.146723E-33   0.214727E-31   0.171479E-29   0.341115E-33   0.685915E-29   0.468839E-33   0.789322E-33
   0.833333E+00   0.323114E-38   0.163549E-35   0.327095E-35   0.654182E-35   0.130831E-34   0.554363E-37   0.523348E-34   0.104670E-33   0.209340E-33   0.418676E-33   0.837357E-33   0.167463E-32   0.580768E-31   0.160136E-24   0.190761E-20   0.628524E-19   0.191706E-19   0.100071E-22   0.375394E-27   0.889212E-32   0.214501E-31   0.429497E-31   0.880522E-32   0.171836E-30   0.224302E-31   0.345328E-31
   0.833333E+00   0.287902E-36   0.163549E-35   0.327097E-35   0.654189E-35   0.130831E-34   0.500972E-35   0.131336E-35   0.262822E-35   0.525568E-35   0.105069E-34   0.210137E-34   0.419732E-34   0.544405E-29   0.149699E-22   0.178421E-18   0.586733E-17   0.178775E-17   0.934179E-21   0.350402E-25   0.794589E-30   0.217967E-31   0.429682E-31   0.823330E-30   0.171910E-30   0.204804E-29   0.323089E-29
   0.833333E+00   0.279385E-34   0.411335E-37   0.822787E-37   0.164511E-36   0.328409E-36   0.462988E-33   0.131646E-35   0.263160E-35   0.526509E-35   0.105272E-34   0.210574E-34   0.420364E-34   0.494323E-27   0.135909E-20   0.161840E-16   0.531817E-15   0.161941E-15   0.845893E-19   0.317141E-23   0.718842E-28   0.539939E-31   0.448695E-31   0.744460E-28   0.174880E-30   0.185142E-27   0.292011E-27
   0.833333E+00   0.183671E-39   0.163549E-35   0.327096E-35   0.654185E-35   0.130830E-34   0.263312E-38   0.523346E-34   0.104670E-33   0.209340E-33   0.418676E-33   0.837356E-33   0.167464E-32   0.228744E-32   0.634631E-26   0.790936E-22   0.259896E-20   0.861506E-21   0.372856E-24   0.145795E-28   0.406344E-33   0.214682E-31   0.171478E-29   0.611419E-33   0.685920E-29   0.108573E-32   0.187464E-32
   0.833333E+00   0.112216E-37   0.163548E-35   0.327094E-35   0.654188E-35   0.130830E-34   0.195602E-36   0.523348E-34   0.104670E-33   0.209339E-33   0.418678E-33   0.837360E-33   0.167465E-32   0.210696E-30   0.579731E-24   0.691214E-20   0.227224E-18   0.692697E-19   0.361965E-22   0.135788E-26   0.308328E-31   0.214592E-31   0.429466E-31   0.320198E-31   0.171823E-30   0.799741E-31   0.126292E-30
   0.833333E+00   0.976974E-36   0.410659E-37   0.821259E-37   0.164181E-36   0.327775E-36   0.173766E-34   0.131373E-35   0.262765E-35   0.525643E-35   0.105084E-34   0.210137E-34   0.419612E-34   0.190428E-28   0.523655E-22   0.624370E-18   0.205383E-16   0.625956E-17   0.327141E-20   0.122724E-24   0.278352E-29   0.227061E-31   0.430452E-31   0.288468E-29   0.171885E-30   0.717598E-29   0.113193E-28
   0.833333E+00   0.829684E-34   0.412599E-37   0.825256E-37   0.165028E-36   0.329538E-36   0.151081E-32   0.132126E-35   0.264157E-35   0.528615E-35   0.105708E-34   0.211371E-34   0.421839E-34   0.166729E-26   0.458498E-20   0.546879E-16   0.179945E-14   0.548475E-15   0.286009E-18   0.107111E-22   0.243279E-27   0.132191E-30   0.494516E-31   0.252962E-27   0.182091E-30   0.629290E-27   0.992637E-27
   0.833333E+00   0.669563E-32   0.563620E-37   0.114311E-36   0.231255E-36   0.466083E-36   0.118617E-30   0.188625E-35   0.379017E-35   0.760893E-35   0.152668E-34   0.306103E-34   0.612476E-34   0.908078E-25   0.249560E-18   0.296626E-14   0.973316E-13   0.294972E-13   0.153550E-16   0.574636E-21   0.130290E-25   0.932810E-29   0.586918E-30   0.135589E-25   0.103237E-29   0.337066E-25   0.531567E-25
   0.833333E+00   0.133860E-31   0.229280E-36   0.469093E-36   0.955243E-36   0.193740E-35   0.143275E-30   0.783754E-35   0.157877E-34   0.317575E-34   0.638070E-34   0.128070E-33   0.256808E-33   0.442060E-25   0.121364E-18   0.143034E-14   0.466186E-13   0.140705E-13   0.736536E-17   0.275331E-21   0.624415E-26   0.332100E-28   0.618738E-29   0.635646E-26   0.987475E-29   0.157778E-25   0.248689E-25
   0.833333E+00   0.443749E-39   0.163549E-35   0.327095E-35   0.654195E-35   0.130831E-34   0.851059E-38   0.523348E-34   0.104670E-33   0.209339E-33   0.418679E-33   0.837359E-33   0.167463E-32   0.710069E-32   0.195171E-25   0.236635E-21   0.791623E-20   0.243471E-20   0.126118E-23   0.474107E-28   0.116929E-32   0.214423E-31   0.429497E-31   0.131734E-32   0.685922E-29   0.325720E-32   0.473593E-32
   0.833333E+00   0.332518E-37   0.163548E-35   0.327094E-35   0.654194E-35   0.130831E-34   0.591180E-36   0.523345E-34   0.104670E-33   0.209341E-33   0.418675E-33   0.837356E-33   0.167464E-32   0.645590E-30   0.177564E-23   0.211738E-19   0.696601E-18   0.212339E-18   0.110950E-21   0.416188E-26   0.944334E-31   0.214806E-31   0.429528E-31   0.979467E-31   0.171860E-30   0.243747E-30   0.384943E-30
   0.833333E+00   0.323592E-35   0.410718E-37   0.821318E-37   0.164275E-36   0.327892E-36   0.588355E-34   0.131420E-35   0.262765E-35   0.525455E-35   0.105091E-34   0.210167E-34   0.419642E-34   0.650049E-28   0.178764E-21   0.213231E-17   0.701633E-16   0.213898E-16   0.111805E-19   0.419484E-24   0.951660E-29   0.257534E-31   0.432055E-31   0.986452E-29   0.172193E-30   0.245402E-28   0.387102E-28
   0.833333E+00   0.269206E-33   0.415949E-37   0.832720E-37   0.166509E-36   0.332571E-36   0.501134E-32   0.133075E-35   0.266226E-35   0.532565E-35   0.106536E-34   0.213477E-34   0.426232E-34   0.549365E-26   0.151073E-19   0.180225E-15   0.593089E-14   0.180730E-14   0.939024E-18   0.351418E-22   0.797982E-27   0.392440E-30   0.645416E-31   0.834103E-27   0.205695E-30   0.207503E-26   0.327318E-26
   0.833333E+00   0.186926E-31   0.817733E-37   0.168231E-36   0.344561E-36   0.701417E-36   0.295057E-30   0.286172E-35   0.577760E-35   0.116432E-34   0.234279E-34   0.471342E-34   0.945481E-34   0.180476E-24   0.495832E-18   0.587869E-14   0.192513E-12   0.582351E-13   0.303956E-16   0.113692E-20   0.257797E-25   0.302142E-28   0.179831E-29   0.266471E-25   0.292320E-29   0.662125E-25   0.104403E-24
   0.833333E+00   0.162752E-31   0.487604E-36   0.103177E-35   0.215877E-35   0.447424E-35   0.170221E-30   0.185957E-34   0.378671E-34   0.768250E-34   0.155412E-33   0.313672E-33   0.631792E-33   0.497439E-25   0.136568E-18   0.160887E-14   0.524207E-13   0.158382E-13   0.828484E-17   0.309742E-21   0.702416E-26   0.401201E-28   0.195651E-28   0.714052E-26   0.319460E-28   0.177230E-25   0.279340E-25
   0.833333E+00   0.167678E-31   0.366405E-34   0.757444E-34   0.155520E-33   0.317593E-33   0.169849E-30   0.129000E-32   0.260709E-32   0.525761E-32   0.105847E-31   0.212804E-31   0.427373E-31   0.480673E-25   0.131963E-18   0.155399E-14   0.506155E-13   0.153091E-13   0.800173E-17   0.299202E-21   0.678472E-26   0.400347E-28   0.588516E-28   0.688775E-26   0.151772E-27   0.170945E-25   0.269428E-25
   0.833333E+00   0.573054E-40   0.163548E-35   0.327095E-35   0.654189E-35   0.130832E-34   0.145761E-38   0.523346E-34   0.104670E-33   0.209339E-33   0.418676E-33   0.837369E-33   0.167463E-32   0.117090E-33   0.543348E-27   0.710228E-23   0.331500E-21   0.163846E-21   0.400346E-25   0.222677E-30   0.106037E-33   0.214346E-31   0.429497E-31   0.180257E-33   0.171774E-30   0.444163E-33   0.789322E-33
   0.833333E+00   0.108300E-36   0.163548E-35   0.327095E-35   0.654192E-35   0.130830E-34   0.196693E-35   0.523355E-34   0.104670E-33   0.209341E-33   0.418680E-33   0.210137E-34   0.419612E-34   0.216963E-29   0.596681E-23   0.711736E-19   0.234204E-17   0.713972E-18   0.373179E-21   0.140012E-25   0.317668E-30   0.215818E-31   0.429651E-31   0.329370E-30   0.171811E-30   0.819777E-30   0.129296E-29
   0.833333E+00   0.920482E-35   0.410894E-37   0.821612E-37   0.164334E-36   0.328010E-36   0.171087E-33   0.131496E-35   0.262916E-35   0.525756E-35   0.105136E-34   0.210348E-34   0.419762E-34   0.190548E-27   0.524035E-21   0.625323E-17   0.205827E-15   0.627650E-16   0.328120E-19   0.123125E-23   0.279394E-28   0.341133E-31   0.437016E-31   0.289677E-28   0.172970E-30   0.720688E-28   0.113684E-27
   0.833333E+00   0.752693E-33   0.426763E-37   0.855642E-37   0.171481E-36   0.342962E-36   0.143235E-31   0.137683E-35   0.275668E-35   0.551636E-35   0.110372E-34   0.220760E-34   0.440948E-34   0.150776E-25   0.414603E-19   0.494519E-15   0.162715E-13   0.495461E-14   0.256981E-17   0.962106E-22   0.218257E-26   0.109289E-29   0.105957E-30   0.228727E-26   0.270492E-30   0.568988E-26   0.897518E-26
   0.833333E+00   0.412711E-31   0.177605E-36   0.375194E-36   0.784361E-36   0.162460E-35   0.565242E-30   0.675430E-35   0.137565E-34   0.279139E-34   0.564771E-34   0.112887E-33   0.227347E-33   0.279254E-24   0.767046E-18   0.907213E-14   0.296515E-12   0.897067E-13   0.468656E-16   0.175259E-20   0.397403E-25   0.905167E-28   0.566444E-29   0.407913E-25   0.896094E-29   0.101316E-24   0.159728E-24
   0.833333E+00   0.185904E-31   0.161706E-35   0.348541E-35   0.739946E-35   0.155186E-34   0.190194E-30   0.653484E-34   0.133864E-33   0.272875E-33   0.554068E-33   0.110798E-32   0.223713E-32   0.544853E-25   0.149584E-18   0.176177E-14   0.573907E-13   0.173504E-13   0.907185E-17   0.339194E-21   0.769178E-26   0.446872E-28   0.433209E-28   0.781272E-26   0.871984E-28   0.193907E-25   0.305620E-25
   0.833333E+00   0.185204E-31   0.133738E-33   0.281013E-33   0.584621E-33   0.120656E-32   0.188798E-30   0.496064E-32   0.100794E-31   0.204050E-31   0.411296E-31   0.813382E-31   0.161156E-30   0.529587E-25   0.145392E-18   0.171211E-14   0.557657E-13   0.168672E-13   0.881594E-17   0.329648E-21   0.747511E-26   0.438874E-28   0.652339E-28   0.758851E-26   0.169081E-27   0.188337E-25   0.296839E-25
   0.833333E+00   0.573054E-40   0.163549E-35   0.327098E-35   0.654189E-35   0.130832E-34   0.173973E-38   0.523354E-34   0.104670E-33   0.209340E-33   0.418678E-33   0.837350E-33   0.167462E-32   0.104545E-33   0.543348E-27   0.807078E-23   0.331500E-21   0.159167E-21   0.250224E-26   0.111371E-30   0.124563E-33   0.214422E-31   0.429559E-31   0.223360E-33   0.171836E-30   0.468839E-33   0.789322E-33
   0.833333E+00   0.335016E-39   0.163547E-35   0.327095E-35   0.164217E-36   0.327845E-36   0.503315E-38   0.131411E-35   0.262747E-35   0.525531E-35   0.105076E-34   0.210122E-34   0.419461E-34   0.564960E-32   0.161483E-25   0.185628E-21   0.645762E-20   0.198499E-20   0.104094E-23   0.368372E-28   0.995166E-33   0.214360E-31   0.429435E-31   0.103493E-32   0.171811E-30   0.246757E-32   0.350262E-32
   0.833333E+00   0.286233E-37   0.410630E-37   0.821259E-37   0.164252E-36   0.327845E-36   0.544630E-36   0.131392E-35   0.262765E-35   0.525380E-35   0.105099E-34   0.210212E-34   0.419612E-34   0.609308E-30   0.167614E-23   0.200113E-19   0.658983E-18   0.201032E-18   0.105067E-21   0.394190E-26   0.939520E-31   0.214836E-31   0.429651E-31   0.929342E-31   0.171749E-30   0.231508E-30   0.365555E-30
   0.833333E+00   0.233389E-32   0.501319E-37   0.102074E-36   0.207016E-36   0.418546E-36   0.452932E-31   0.170193E-35   0.342793E-35   0.689536E-35   0.138449E-34   0.276868E-34   0.553013E-34   0.422463E-25   0.116147E-18   0.138399E-14   0.455033E-13   0.138304E-13   0.717987E-17   0.268815E-21   0.609531E-26   0.345367E-29   0.248472E-30   0.637998E-26   0.494072E-30   0.158678E-25   0.250282E-25
   0.833333E+00   0.634594E-31   0.721560E-36   0.158617E-35   0.340172E-35   0.722893E-35   0.768172E-30   0.309920E-34   0.639249E-34   0.130995E-33   0.266820E-33   0.532890E-33   0.106919E-32   0.326982E-24   0.898073E-18   0.106029E-13   0.346054E-12   0.104927E-12   0.547584E-16   0.204810E-20   0.464359E-25   0.164151E-27   0.160317E-28   0.473956E-25   0.252097E-28   0.117687E-24   0.185516E-24
   0.833333E+00   0.162234E-32   0.797306E-36   0.176439E-35   0.380350E-35   0.811728E-35   0.164708E-31   0.349967E-34   0.723392E-34   0.148486E-33   0.302841E-33   0.605251E-33   0.121520E-32   0.471315E-26   0.129397E-19   0.152387E-15   0.496372E-14   0.150134E-14   0.784726E-18   0.293425E-22   0.665377E-27   0.593128E-29   0.814209E-29   0.675648E-27   0.224081E-28   0.167693E-26   0.264314E-26
   0.833333E+00   0.195194E-31   0.784389E-33   0.169289E-32   0.354765E-32   0.727916E-32   0.207180E-30   0.274413E-31   0.511932E-31   0.927852E-31   0.163997E-30   0.282447E-30   0.480411E-30   0.551338E-25   0.151364E-18   0.178243E-14   0.580560E-13   0.175604E-13   0.917810E-17   0.343191E-21   0.778220E-26   0.455676E-28   0.679550E-28   0.790020E-26   0.176364E-27   0.196078E-25   0.309069E-25
   0.833333E+00   0.167445E-34   0.163564E-35   0.327134E-35   0.654276E-35   0.130855E-34   0.310246E-33   0.523427E-34   0.104684E-33   0.209363E-33   0.418727E-33   0.837440E-33   0.167478E-32   0.344991E-27   0.948769E-21   0.113209E-16   0.372615E-15   0.113621E-15   0.593964E-19   0.222873E-23   0.505727E-28   0.444777E-31   0.443672E-31   0.524334E-28   0.174030E-30   0.130448E-27   0.205772E-27
   0.833333E+00   0.198207E-34   0.413803E-37   0.828430E-37   0.165839E-36   0.331912E-36   0.375997E-33   0.132699E-35   0.265304E-35   0.530345E-35   0.105994E-34   0.211792E-34   0.422501E-34   0.421767E-27   0.115998E-20   0.138470E-16   0.455914E-15   0.139061E-15   0.727069E-19   0.272861E-23   0.619313E-28   0.496615E-31   0.446753E-31   0.642257E-28   0.174486E-30   0.159798E-27   0.252078E-27
   0.833333E+00   0.186174E-32   0.709999E-37   0.150205E-36   0.313093E-36   0.645628E-36   0.361589E-31   0.259568E-35   0.511199E-35   0.994901E-35   0.192029E-34   0.367537E-34   0.703385E-34   0.408163E-25   0.112260E-18   0.134055E-14   0.441501E-13   0.134676E-13   0.702353E-17   0.263042E-21   0.597783E-26   0.276398E-29   0.209257E-30   0.622504E-26   0.433071E-30   0.154892E-25   0.244345E-25
   0.833333E+00   0.626601E-28   0.102402E-32   0.234148E-32   0.514560E-32   0.110034E-31   0.116353E-26   0.447018E-31   0.867308E-31   0.164044E-30   0.304043E-30   0.550542E-30   0.993035E-30   0.945471E-21   0.259907E-14   0.309270E-10   0.101569E-08   0.308679E-09   0.160568E-12   0.600960E-17   0.136241E-21   0.964564E-25   0.584456E-26   0.141900E-21   0.916892E-26   0.352838E-21   0.556478E-21
   0.833333E+00   0.739407E-29   0.135687E-32   0.322829E-32   0.732709E-32   0.160824E-31   0.805487E-28   0.678486E-31   0.133417E-30   0.255049E-30   0.476716E-30   0.868948E-30   0.157552E-29   0.292661E-22   0.803751E-16   0.947790E-12   0.309035E-10   0.939221E-11   0.489372E-14   0.183090E-18   0.415061E-23   0.179695E-25   0.613323E-26   0.421994E-23   0.996020E-26   0.104766E-22   0.165133E-22
   0.833333E+00   0.996155E-31   0.196685E-32   0.484688E-32   0.113131E-31   0.252742E-31   0.104692E-29   0.104978E-30   0.199267E-30   0.363224E-30   0.642365E-30   0.110669E-29   0.188509E-29   0.343761E-24   0.943975E-18   0.111171E-13   0.362108E-12   0.110253E-12   0.573536E-16   0.214646E-20   0.486545E-25   0.228448E-27   0.326113E-27   0.492899E-25   0.813970E-27   0.122344E-24   0.192824E-24
   0.833333E+00   0.234733E-28   0.618065E-29   0.995227E-29   0.159363E-28   0.254384E-28   0.241355E-27   0.644545E-28   0.102457E-27   0.162778E-27   0.258525E-27   0.410476E-27   0.651639E-27   0.760654E-22   0.208899E-15   0.246014E-11   0.801295E-10   0.244673E-10   0.127016E-13   0.475541E-18   0.107774E-22   0.461047E-25   0.658980E-25   0.109071E-22   0.164495E-24   0.270740E-22   0.426703E-22
   0.833333E+00   0.000000E+00   0.000000E+00   0.000000E+00   0.000000E+00   0.000000E+00   0.000000E+00   0.000000E+00   0.000000E+00   0.000000E+00   0.000000E+00   0.000000E+00   0.000000E+00   0.000000E+00   0.000000E+00   0.000000E+00   0.000000E+00   0.000000E+00   0.000000E+00   0.000000E+00   0.000000E+00   0.000000E+00   0.000000E+00   0.000000E+00   0.000000E+00   0.000000E+00   0.000000E+00
   0.833333E+00   0.231739E-26   0.461880E-26   0.923739E-26   0.184744E-25   0.369483E-25   0.740231E-25   0.147790E-24   0.295577E-24   0.591151E-24   0.118230E-23   0.236459E-23   0.472915E-23   0.673104E-20   0.347563E-13   0.515508E-09   0.211650E-07   0.792956E-08   0.342832E-11   0.133410E-15   0.298587E-20   0.240972E-20   0.484259E-20   0.977548E-20   0.193703E-19   0.388141E-19   0.775808E-19
   0.100000E+01   0.218750E-25   0.437500E-25   0.875000E-25   0.175000E-24   0.350000E-24   0.700000E-24   0.140000E-23   0.280000E-23   0.560000E-23   0.112000E-22   0.224000E-22   0.448000E-22   0.594710E-19   0.310365E-12   0.464629E-08   0.191947E-06   0.826377E-07   0.508666E-10   0.869946E-15   0.308584E-18   0.227514E-19   0.458751E-19   0.926227E-19   0.183500E-18   0.367438E-18   0.734517E-18
   0.100000E+01   0.750701E-38   0.163540E-35   0.327075E-35   0.611426E-37   0.130831E-34   0.245867E-36   0.523328E-34   0.104665E-33   0.197161E-35   0.418657E-33   0.788642E-35   0.167464E-32   0.383594E-33   0.121764E-26   0.163749E-22   0.714137E-21   0.204612E-21   0.742895E-25   0.131031E-29   0.128560E-32   0.214512E-31   0.171478E-29   0.280007E-33   0.685921E-29   0.468923E-33   0.789416E-33
   0.100000E+01   0.760251E-38   0.163549E-35   0.327077E-35   0.615774E-37   0.130832E-34   0.247089E-36   0.523355E-34   0.104664E-33   0.197537E-35   0.418656E-33   0.789391E-35   0.167464E-32   0.419304E-31   0.115676E-24   0.138661E-20   0.458068E-19   0.160127E-19   0.118976E-22   0.195318E-27   0.676872E-31   0.214337E-31   0.429558E-31   0.667498E-32   0.171860E-30   0.168072E-31   0.273829E-31
   0.100000E+01   0.750994E-38   0.163547E-35   0.327079E-35   0.611775E-37   0.130831E-34   0.245866E-36   0.523349E-34   0.104665E-33   0.197197E-35   0.418661E-33   0.788486E-35   0.167463E-32   0.174002E-32   0.474675E-26   0.627188E-22   0.206590E-20   0.752111E-21   0.430081E-24   0.737050E-29   0.336105E-32   0.214520E-31   0.171479E-29   0.498509E-33   0.685917E-29   0.108593E-32   0.197354E-32
   0.100000E+01   0.788022E-38   0.163550E-35   0.327078E-35   0.627760E-37   0.130831E-34   0.250051E-36   0.523347E-34   0.104664E-33   0.198927E-35   0.418657E-33   0.792998E-35   0.167463E-32   0.160034E-30   0.440911E-24   0.528444E-20   0.174351E-18   0.609335E-19   0.452473E-22   0.743601E-27   0.258022E-30   0.214383E-31   0.429404E-31   0.254177E-31   0.171811E-30   0.633047E-31   0.989731E-31
   0.100000E+01   0.412040E-37   0.163547E-35   0.327078E-35   0.215884E-36   0.130831E-34   0.654327E-36   0.131383E-35   0.262295E-35   0.176494E-35   0.104880E-34   0.459516E-35   0.419732E-34   0.150292E-28   0.413811E-22   0.495906E-18   0.163573E-16   0.571672E-17   0.424809E-20   0.698105E-25   0.242155E-28   0.231550E-31   0.430021E-31   0.237604E-29   0.171873E-30   0.590081E-29   0.930530E-29
   0.100000E+01   0.327291E-35   0.411541E-37   0.821435E-37   0.144997E-34   0.328598E-36   0.377958E-34   0.131712E-35   0.262934E-35   0.155433E-33   0.105136E-34   0.395741E-33   0.420785E-34   0.136469E-26   0.375705E-20   0.449838E-16   0.148271E-14   0.517849E-15   0.384412E-18   0.631160E-23   0.218881E-26   0.177939E-30   0.482899E-31   0.214866E-27   0.180217E-30   0.533513E-27   0.841243E-27
   0.100000E+01   0.752169E-38   0.163549E-35   0.327080E-35   0.611885E-37   0.130830E-34   0.245960E-36   0.523348E-34   0.104665E-33   0.197157E-35   0.418657E-33   0.789229E-35   0.167464E-32   0.620474E-32   0.177281E-25   0.213800E-21   0.680980E-20   0.241000E-20   0.176719E-23   0.284174E-28   0.107856E-31   0.214536E-31   0.171479E-29   0.120840E-32   0.685917E-29   0.246802E-32   0.473650E-32
   0.100000E+01   0.880298E-38   0.163547E-35   0.327080E-35   0.670893E-37   0.130829E-34   0.261571E-36   0.523352E-34   0.104664E-33   0.203928E-35   0.418657E-33   0.805777E-35   0.167463E-32   0.580442E-30   0.159854E-23   0.191573E-19   0.631973E-18   0.220889E-18   0.164120E-21   0.269703E-26   0.935771E-30   0.214902E-31   0.429651E-31   0.918858E-31   0.171848E-30   0.228563E-30   0.360615E-30
   0.100000E+01   0.121765E-36   0.410718E-37   0.819613E-37   0.535015E-36   0.327728E-36   0.142432E-35   0.131345E-35   0.262220E-35   0.598167E-35   0.104918E-34   0.154090E-34   0.419612E-34   0.525165E-28   0.144603E-21   0.173360E-17   0.572001E-16   0.199965E-16   0.148614E-19   0.244253E-24   0.847492E-28   0.274752E-31   0.431654E-31   0.831687E-29   0.172131E-30   0.206561E-28   0.325736E-28
   0.100000E+01   0.970188E-35   0.413627E-37   0.825549E-37   0.460432E-34   0.330220E-36   0.123113E-33   0.132455E-35   0.264326E-35   0.517331E-33   0.105715E-34   0.132759E-32   0.422922E-34   0.457704E-26   0.126028E-19   0.151137E-15   0.498798E-14   0.174358E-14   0.129126E-17   0.211843E-22   0.735637E-26   0.553149E-30   0.610719E-31   0.725810E-27   0.200062E-30   0.180271E-26   0.284282E-26
   0.100000E+01   0.778229E-33   0.630007E-37   0.128094E-36   0.375738E-32   0.526151E-36   0.101107E-31   0.213479E-35   0.429083E-35   0.427151E-31   0.173146E-34   0.109830E-30   0.696314E-34   0.209865E-24   0.577376E-18   0.689787E-14   0.226969E-12   0.788181E-13   0.584664E-16   0.959164E-21   0.331990E-24   0.439617E-28   0.154082E-29   0.327035E-25   0.250732E-29   0.811628E-25   0.127960E-24
   0.100000E+01   0.450744E-32   0.353518E-36   0.724269E-36   0.184727E-31   0.299979E-35   0.468920E-31   0.121429E-34   0.244687E-34   0.188599E-30   0.989612E-34   0.476045E-30   0.398616E-33   0.872540E-25   0.239887E-18   0.284674E-14   0.931724E-13   0.322634E-13   0.240217E-16   0.393713E-21   0.136266E-24   0.654267E-28   0.195013E-28   0.131996E-25   0.306837E-28   0.327194E-25   0.515628E-25
   0.100000E+01   0.754814E-38   0.163548E-35   0.327079E-35   0.613519E-37   0.130831E-34   0.246290E-36   0.523351E-34   0.104665E-33   0.197304E-35   0.418656E-33   0.789816E-35   0.167462E-32   0.192114E-31   0.532255E-25   0.630895E-21   0.208885E-19   0.734746E-20   0.549308E-23   0.902476E-28   0.316359E-31   0.214336E-31   0.429528E-31   0.321360E-32   0.171762E-30   0.804574E-32   0.122853E-31
   0.100000E+01   0.112906E-37   0.163547E-35   0.327078E-35   0.788313E-37   0.130832E-34   0.292604E-36   0.523345E-34   0.104664E-33   0.216675E-35   0.418659E-33   0.838864E-35   0.167463E-32   0.173675E-29   0.478239E-23   0.573342E-19   0.189188E-17   0.661382E-18   0.491500E-21   0.807814E-26   0.280304E-29   0.216246E-31   0.429774E-31   0.275202E-30   0.171749E-30   0.683616E-30   0.107854E-29
   0.100000E+01   0.378718E-36   0.410777E-37   0.819613E-37   0.179617E-35   0.327892E-36   0.480312E-35   0.131402E-35   0.262314E-35   0.202065E-34   0.104888E-34   0.519354E-34   0.419672E-34   0.179106E-27   0.493187E-21   0.591501E-17   0.195228E-15   0.682678E-16   0.507439E-19   0.834098E-24   0.289492E-27   0.421054E-31   0.436584E-31   0.284149E-28   0.172945E-30   0.705768E-28   0.111298E-27
   0.100000E+01   0.314472E-34   0.418300E-37   0.835482E-37   0.151666E-33   0.334804E-36   0.407956E-33   0.134260E-35   0.267994E-35   0.172294E-32   0.107273E-34   0.442958E-32   0.429241E-34   0.149026E-25   0.410326E-19   0.492137E-15   0.162437E-13   0.567594E-14   0.419259E-17   0.688082E-22   0.238643E-25   0.179918E-29   0.103492E-30   0.236436E-26   0.265759E-30   0.587251E-26   0.926081E-26
   0.100000E+01   0.243735E-32   0.993029E-37   0.205100E-36   0.119590E-31   0.861096E-36   0.323729E-31   0.352724E-35   0.712744E-35   0.137462E-30   0.289657E-34   0.354109E-30   0.117036E-33   0.375144E-24   0.103189E-17   0.123007E-13   0.404039E-12   0.140161E-12   0.104162E-15   0.170793E-20   0.591215E-24   0.134000E-27   0.486651E-29   0.578915E-25   0.765215E-29   0.143617E-24   0.226393E-24
   0.100000E+01   0.554699E-32   0.784088E-36   0.166216E-35   0.225836E-31   0.722651E-35   0.572007E-31   0.300725E-34   0.612651E-34   0.229651E-30   0.251626E-33   0.579321E-30   0.102343E-32   0.964199E-25   0.265096E-18   0.314514E-14   0.102919E-12   0.356682E-13   0.265406E-16   0.435043E-21   0.150587E-24   0.730657E-28   0.519367E-28   0.145716E-25   0.941476E-28   0.361194E-25   0.569200E-25
   0.100000E+01   0.573562E-32   0.612330E-34   0.126609E-33   0.230672E-31   0.531053E-33   0.585179E-31   0.215753E-32   0.436066E-32   0.238300E-30   0.177063E-31   0.613353E-30   0.714979E-31   0.920506E-25   0.253088E-18   0.300195E-14   0.982136E-13   0.340630E-13   0.253316E-16   0.415270E-21   0.143756E-24   0.701252E-28   0.959980E-28   0.138974E-25   0.244943E-27   0.344471E-25   0.542837E-25
   0.100000E+01   0.750112E-38   0.163549E-35   0.327078E-35   0.611509E-37   0.130830E-34   0.245537E-36   0.523350E-34   0.104664E-33   0.196999E-35   0.418660E-33   0.788295E-35   0.167464E-32   0.110728E-33   0.515951E-27   0.679711E-23   0.318811E-21   0.194355E-21   0.000000E+00   0.000000E+00   0.108724E-32   0.214213E-31   0.429558E-31   0.205265E-33   0.171860E-30   0.444243E-33   0.789416E-33
   0.100000E+01   0.198409E-37   0.163548E-35   0.327079E-35   0.119573E-36   0.130830E-34   0.401878E-36   0.523344E-34   0.104664E-33   0.262521E-35   0.104903E-34   0.192894E-35   0.419491E-34   0.581298E-29   0.160070E-22   0.191977E-18   0.633627E-17   0.221563E-17   0.164685E-20   0.270697E-25   0.939533E-29   0.220954E-31   0.429959E-31   0.922267E-30   0.171811E-30   0.229104E-29   0.361296E-29
   0.100000E+01   0.105377E-35   0.411012E-37   0.819907E-37   0.507760E-35   0.328127E-36   0.136548E-34   0.131505E-35   0.262483E-35   0.576786E-34   0.104986E-34   0.148354E-33   0.420003E-34   0.512585E-27   0.141152E-20   0.169358E-16   0.559150E-15   0.195579E-15   0.145392E-18   0.239008E-23   0.829791E-27   0.807662E-31   0.450050E-31   0.814665E-28   0.174979E-30   0.202361E-27   0.319126E-27
   0.100000E+01   0.858428E-34   0.437872E-37   0.877506E-37   0.420743E-33   0.353424E-36   0.113852E-32   0.142131E-35   0.284187E-35   0.483290E-32   0.113871E-34   0.124484E-31   0.456084E-34   0.389443E-25   0.107215E-18   0.128553E-14   0.424207E-13   0.148067E-13   0.109325E-16   0.179501E-21   0.621858E-25   0.502021E-29   0.215691E-30   0.616967E-26   0.440614E-30   0.153228E-25   0.241633E-25
   0.100000E+01   0.741160E-32   0.272253E-36   0.580130E-36   0.364722E-31   0.254520E-35   0.986012E-31   0.106520E-34   0.217493E-34   0.417707E-30   0.888606E-34   0.107471E-29   0.362237E-33   0.528544E-24   0.145381E-17   0.172973E-13   0.567294E-12   0.196996E-12   0.146385E-15   0.240000E-20   0.831020E-24   0.275865E-27   0.154873E-28   0.808938E-25   0.241895E-28   0.200621E-24   0.316211E-24
   0.100000E+01   0.633631E-32   0.318425E-35   0.689683E-35   0.255012E-31   0.309248E-34   0.643772E-31   0.130833E-33   0.268413E-33   0.257942E-30   0.110227E-32   0.650640E-30   0.451176E-32   0.104758E-24   0.288024E-18   0.341665E-14   0.111790E-12   0.387602E-13   0.288315E-16   0.472623E-21   0.163604E-24   0.793884E-28   0.869229E-28   0.158220E-25   0.192956E-27   0.392178E-25   0.618020E-25
   0.100000E+01   0.641416E-32   0.270965E-33   0.572001E-33   0.263121E-31   0.247270E-32   0.683216E-31   0.102162E-31   0.207828E-31   0.294546E-30   0.836662E-31   0.801347E-30   0.325162E-30   0.101407E-24   0.278813E-18   0.330708E-14   0.108196E-12   0.375257E-13   0.279064E-16   0.457480E-21   0.158368E-24   0.770261E-28   0.105996E-27   0.153099E-25   0.270994E-27   0.379481E-25   0.598007E-25
   0.100000E+01   0.750112E-38   0.163548E-35   0.327076E-35   0.611380E-37   0.130831E-34   0.245913E-36   0.523346E-34   0.104665E-33   0.197109E-35   0.418657E-33   0.787983E-35   0.167462E-32   0.233320E-33   0.515951E-27   0.772399E-23   0.318811E-21   0.209717E-21   0.781930E-26   0.409472E-30   0.972192E-33   0.214258E-31   0.429497E-31   0.205027E-33   0.171823E-30   0.468923E-33   0.789416E-33
   0.100000E+01   0.753786E-38   0.410542E-37   0.819319E-37   0.210415E-38   0.327775E-36   0.855760E-38   0.131439E-35   0.262201E-35   0.650757E-37   0.104873E-34   0.255789E-36   0.419401E-34   0.154070E-31   0.420603E-25   0.506693E-21   0.171393E-19   0.582529E-20   0.444130E-23   0.730498E-28   0.255997E-31   0.214197E-31   0.429528E-31   0.260521E-32   0.171774E-30   0.644153E-32   0.107558E-31
   0.100000E+01   0.357350E-38   0.410600E-37   0.819378E-37   0.183025E-37   0.327798E-36   0.520979E-37   0.131373E-35   0.262257E-35   0.249769E-36   0.104895E-34   0.732757E-36   0.419582E-34   0.165888E-29   0.456864E-23   0.548378E-19   0.181122E-17   0.633660E-18   0.470520E-21   0.772764E-26   0.268778E-29   0.216107E-31   0.429743E-31   0.264287E-30   0.171885E-30   0.656912E-30   0.103601E-29
   0.100000E+01   0.264739E-33   0.623424E-37   0.129116E-36   0.131889E-32   0.546558E-36   0.359052E-32   0.225808E-35   0.457352E-35   0.153202E-31   0.185393E-34   0.395365E-31   0.741302E-34   0.102846E-24   0.283062E-18   0.339008E-14   0.111766E-12   0.389251E-13   0.287921E-16   0.472628E-21   0.163643E-24   0.158787E-28   0.602420E-30   0.162064E-25   0.104857E-29   0.402399E-25   0.634515E-25
   0.100000E+01   0.157788E-31   0.162828E-35   0.362146E-35   0.717985E-31   0.168800E-34   0.188351E-30   0.731415E-34   0.151349E-33   0.777488E-30   0.625594E-33   0.198080E-29   0.250290E-32   0.570037E-24   0.156816E-17   0.186343E-13   0.610518E-12   0.212608E-12   0.157704E-15   0.258623E-20   0.895897E-24   0.331087E-27   0.430709E-28   0.867859E-25   0.675639E-28   0.215199E-24   0.339158E-24
   0.100000E+01   0.551271E-33   0.216641E-35   0.485175E-35   0.221503E-32   0.228367E-34   0.560330E-32   0.995359E-34   0.206412E-33   0.226286E-31   0.855603E-33   0.576242E-31   0.342832E-32   0.899879E-26   0.247422E-19   0.293486E-15   0.960219E-14   0.333061E-14   0.247674E-17   0.406023E-22   0.140557E-25   0.886455E-29   0.123051E-28   0.135896E-26   0.344481E-28   0.336848E-26   0.530840E-26
   0.100000E+01   0.751590E-32   0.221372E-32   0.471270E-32   0.355092E-31   0.187420E-31   0.100348E-30   0.631675E-31   0.111514E-30   0.453127E-30   0.325230E-30   0.119986E-29   0.896888E-30   0.105498E-24   0.290062E-18   0.344050E-14   0.112561E-12   0.390409E-13   0.290326E-16   0.475944E-21   0.164760E-24   0.799722E-28   0.110204E-27   0.159276E-25   0.281879E-27   0.394797E-25   0.622173E-25
   0.100000E+01   0.161593E-35   0.163598E-35   0.327211E-35   0.779628E-35   0.130887E-34   0.210307E-34   0.523539E-34   0.267994E-35   0.877679E-34   0.106806E-34   0.225656E-33   0.425630E-34   0.773176E-27   0.212911E-20   0.255441E-16   0.843326E-15   0.294966E-15   0.219275E-18   0.360462E-23   0.125141E-26   0.111180E-30   0.461637E-31   0.122853E-27   0.176889E-30   0.305159E-27   0.481239E-27
   0.100000E+01   0.206863E-35   0.421121E-37   0.844945E-37   0.101217E-34   0.338707E-36   0.273742E-34   0.135154E-35   0.269649E-35   0.116167E-33   0.107303E-34   0.299240E-33   0.427316E-34   0.102692E-26   0.282800E-20   0.339436E-16   0.112101E-14   0.392206E-15   0.291606E-18   0.479433E-23   0.166493E-26   0.140855E-30   0.472484E-31   0.163484E-27   0.178492E-30   0.406118E-27   0.640471E-27
   0.100000E+01   0.179767E-33   0.133357E-36   0.290276E-36   0.894806E-33   0.124024E-35   0.243524E-32   0.466568E-35   0.881921E-35   0.103880E-31   0.304846E-34   0.268054E-31   0.104229E-33   0.915555E-25   0.252132E-18   0.302717E-14   0.999982E-13   0.349848E-13   0.259164E-16   0.425167E-21   0.147741E-24   0.107609E-28   0.427654E-30   0.145945E-25   0.777395E-30   0.362565E-25   0.571795E-25
   0.100000E+01   0.601658E-29   0.310577E-32   0.704512E-32   0.304681E-28   0.311078E-31   0.834504E-28   0.114917E-30   0.212588E-30   0.357911E-27   0.687269E-30   0.925418E-27   0.214179E-29   0.180910E-20   0.497951E-14   0.595602E-10   0.196158E-08   0.683839E-09   0.506416E-12   0.830850E-17   0.287828E-20   0.370181E-24   0.132667E-25   0.283501E-21   0.208713E-25   0.703784E-21   0.110965E-20
   0.100000E+01   0.218315E-29   0.532347E-32   0.125955E-31   0.907044E-29   0.591611E-31   0.231281E-28   0.227460E-30   0.426798E-30   0.934373E-28   0.140806E-29   0.236392E-27   0.444426E-29   0.489556E-22   0.134679E-15   0.159905E-11   0.523546E-10   0.182738E-10   0.135318E-13   0.221979E-18   0.769178E-22   0.295150E-25   0.167258E-25   0.742706E-23   0.294040E-25   0.184145E-22   0.290200E-22
   0.100000E+01   0.335902E-31   0.951468E-32   0.226620E-31   0.167297E-30   0.945401E-31   0.472355E-30   0.301500E-30   0.514079E-30   0.205996E-29   0.142251E-29   0.535584E-29   0.380889E-29   0.582740E-24   0.160293E-17   0.190151E-13   0.622141E-12   0.217238E-12   0.160771E-15   0.263776E-20   0.913972E-24   0.371047E-27   0.488902E-27   0.880674E-25   0.122348E-26   0.218320E-24   0.344037E-24
   0.100000E+01   0.110681E-28   0.890388E-29   0.141834E-28   0.449351E-28   0.358412E-28   0.113550E-27   0.903801E-28   0.143481E-27   0.454669E-27   0.361489E-27   0.114543E-26   0.910445E-27   0.122041E-21   0.335777E-15   0.398335E-11   0.130328E-09   0.456620E-10   0.337108E-13   0.553327E-18   0.191813E-21   0.709167E-25   0.919100E-25   0.184509E-22   0.229373E-24   0.457430E-22   0.720830E-22
   0.100000E+01   0.000000E+00   0.000000E+00   0.000000E+00   0.000000E+00   0.000000E+00   0.000000E+00   0.000000E+00   0.000000E+00   0.000000E+00   0.000000E+00   0.000000E+00   0.000000E+00   0.000000E+00   0.000000E+00   0.000000E+00   0.000000E+00   0.000000E+00   0.000000E+00   0.000000E+00   0.000000E+00   0.000000E+00   0.000000E+00   0.000000E+00   0.000000E+00   0.000000E+00   0.000000E+00
   0.100000E+01   0.231083E-26   0.461904E-26   0.923776E-26   0.184805E-25   0.369492E-25   0.739116E-25   0.147792E-24   0.295581E-24   0.591217E-24   0.118231E-23   0.236475E-23   0.472917E-23   0.645222E-20   0.332424E-13   0.496202E-09   0.204508E-07   0.878913E-08   0.541827E-11   0.926319E-16   0.328514E-19   0.240169E-20   0.484259E-20   0.980452E-20   0.193703E-19   0.388544E-19   0.776424E-19
   0.116667E+01   0.218750E-25   0.437500E-25   0.851127E-25   0.175000E-24   0.345545E-24   0.700000E-24   0.140000E-23   0.280000E-23   0.558356E-23   0.112000E-22   0.223656E-22   0.448000E-22   0.563099E-19   0.295013E-12   0.445056E-08   0.184767E-06   0.900014E-07   0.620577E-10   0.362562E-14   0.313225E-19   0.226788E-19   0.458751E-19   0.927768E-19   0.183500E-18   0.367502E-18   0.734602E-18
   0.116667E+01   0.771327E-38   0.163540E-35   0.300227E-37   0.654159E-35   0.121786E-36   0.261665E-34   0.523328E-34   0.104665E-33   0.196692E-35   0.418657E-33   0.788021E-35   0.167464E-32   0.917373E-33   0.255023E-26   0.361052E-22   0.110466E-20   0.419220E-21   0.303040E-24   0.139023E-28   0.261463E-33   0.214345E-31   0.171479E-29   0.406732E-33   0.685916E-29   0.469007E-33   0.789511E-33
   0.116667E+01   0.790573E-38   0.163539E-35   0.305429E-37   0.654152E-35   0.123109E-36   0.261675E-34   0.523355E-34   0.104664E-33   0.197929E-35   0.418656E-33   0.790573E-35   0.167464E-32   0.922877E-31   0.254493E-24   0.306391E-20   0.101445E-18   0.401064E-19   0.332623E-22   0.186119E-26   0.164650E-31   0.214285E-31   0.429559E-31   0.151513E-31   0.171835E-30   0.378414E-31   0.598548E-31
   0.116667E+01   0.772498E-38   0.163538E-35   0.300511E-37   0.654155E-35   0.121972E-36   0.261675E-34   0.523349E-34   0.104665E-33   0.196916E-35   0.418661E-33   0.788918E-35   0.167463E-32   0.356839E-32   0.100440E-25   0.118674E-21   0.422227E-20   0.163828E-20   0.127074E-23   0.725620E-28   0.763749E-33   0.214337E-31   0.171478E-29   0.842124E-33   0.685921E-29   0.175260E-32   0.320739E-32
   0.116667E+01   0.841555E-38   0.163539E-35   0.318347E-37   0.654152E-35   0.126800E-36   0.261675E-34   0.523347E-34   0.104664E-33   0.199916E-35   0.418657E-33   0.796728E-35   0.167463E-32   0.352279E-30   0.970382E-24   0.116913E-19   0.386890E-18   0.152897E-18   0.127001E-21   0.710562E-26   0.599650E-31   0.214818E-31   0.429713E-31   0.582222E-31   0.171848E-30   0.144553E-30   0.228267E-30
   0.116667E+01   0.714455E-37   0.163539E-35   0.199540E-36   0.654157E-35   0.578317E-36   0.261675E-34   0.131383E-35   0.262295E-35   0.315345E-35   0.104880E-34   0.815760E-35   0.419732E-34   0.331197E-28   0.912102E-22   0.109923E-17   0.363732E-16   0.143782E-16   0.119479E-19   0.668518E-24   0.563151E-29   0.273390E-31   0.430791E-31   0.546991E-29   0.172033E-30   0.135634E-28   0.213830E-28
   0.116667E+01   0.618973E-35   0.411158E-37   0.160395E-34   0.164452E-36   0.424869E-34   0.659452E-36   0.131825E-35   0.263217E-35   0.282745E-33   0.105242E-34   0.720561E-33   0.421086E-34   0.300509E-26   0.827490E-20   0.996352E-16   0.329452E-14   0.130132E-14   0.107948E-17   0.603286E-22   0.508481E-27   0.558040E-30   0.550199E-31   0.494266E-27   0.190731E-30   0.122538E-26   0.193169E-26
   0.116667E+01   0.773664E-38   0.163539E-35   0.300736E-37   0.654159E-35   0.122042E-36   0.261676E-34   0.523346E-34   0.104664E-33   0.196913E-35   0.418657E-33   0.788307E-35   0.167462E-32   0.136483E-31   0.378611E-25   0.453387E-21   0.148393E-19   0.606745E-20   0.496909E-23   0.272142E-27   0.256298E-32   0.214147E-31   0.429620E-31   0.248901E-32   0.685924E-29   0.599835E-32   0.917806E-32
   0.116667E+01   0.101831E-37   0.163537E-35   0.365967E-37   0.654157E-35   0.139357E-36   0.261674E-34   0.523348E-34   0.104665E-33   0.208727E-35   0.418660E-33   0.817750E-35   0.167464E-32   0.127686E-29   0.351655E-23   0.423831E-19   0.140247E-17   0.554443E-18   0.460671E-21   0.257756E-25   0.217234E-30   0.216417E-31   0.429682E-31   0.211029E-30   0.171811E-30   0.523411E-30   0.825433E-30
   0.116667E+01   0.223542E-36   0.410042E-37   0.582053E-36   0.163946E-36   0.158053E-35   0.656960E-36   0.131373E-35   0.262239E-35   0.108169E-34   0.104895E-34   0.278184E-34   0.419612E-34   0.115609E-27   0.318393E-21   0.383865E-17   0.127060E-15   0.502403E-16   0.417542E-19   0.233655E-23   0.196874E-28   0.421383E-31   0.434181E-31   0.191269E-28   0.172550E-30   0.474311E-28   0.747770E-28
   0.116667E+01   0.183163E-34   0.413480E-37   0.499435E-34   0.165627E-36   0.136609E-33   0.664060E-36   0.132746E-35   0.265116E-35   0.939529E-33   0.106024E-34   0.241346E-32   0.424276E-34   0.100218E-25   0.275991E-19   0.332833E-15   0.110192E-13   0.435603E-14   0.360534E-17   0.201447E-21   0.169970E-26   0.184129E-29   0.837855E-31   0.165989E-26   0.235905E-30   0.411636E-26   0.648969E-26
   0.116667E+01   0.144391E-32   0.706002E-37   0.398759E-32   0.293556E-36   0.109950E-31   0.120629E-35   0.242180E-35   0.487444E-35   0.762414E-31   0.197017E-34   0.196235E-30   0.793363E-34   0.395422E-24   0.108774E-17   0.130659E-13   0.431227E-12   0.169207E-12   0.140597E-15   0.785243E-20   0.660408E-25   0.144589E-27   0.335756E-29   0.642953E-25   0.536814E-29   0.159309E-24   0.251096E-24
   0.116667E+01   0.730657E-32   0.517358E-36   0.180957E-31   0.216587E-35   0.465603E-31   0.891777E-35   0.178248E-34   0.359319E-34   0.300237E-30   0.145384E-33   0.758436E-30   0.585741E-33   0.151984E-24   0.417864E-18   0.499192E-14   0.164038E-12   0.641925E-13   0.535006E-16   0.298575E-20   0.251075E-25   0.112928E-27   0.465159E-28   0.241215E-25   0.763353E-28   0.597087E-25   0.940775E-25
   0.116667E+01   0.779526E-38   0.163539E-35   0.302617E-37   0.654152E-35   0.122506E-36   0.261677E-34   0.523350E-34   0.104665E-33   0.197285E-35   0.418659E-33   0.788743E-35   0.167464E-32   0.410646E-31   0.113466E-24   0.136845E-20   0.454140E-19   0.177533E-19   0.152250E-22   0.834118E-27   0.748813E-32   0.214192E-31   0.429497E-31   0.689289E-32   0.171823E-30   0.168102E-31   0.265473E-31
   0.116667E+01   0.147130E-37   0.163537E-35   0.488307E-37   0.654155E-35   0.172803E-36   0.261675E-34   0.523350E-34   0.104665E-33   0.231489E-35   0.418656E-33   0.876476E-35   0.167462E-32   0.373334E-29   0.102821E-22   0.123962E-18   0.410316E-17   0.162243E-17   0.134834E-20   0.754516E-25   0.635834E-30   0.220761E-31   0.429805E-31   0.617743E-30   0.171786E-30   0.153224E-29   0.241570E-29
   0.116667E+01   0.714548E-36   0.409954E-37   0.194717E-35   0.164017E-36   0.532448E-35   0.657289E-36   0.131420E-35   0.262314E-35   0.366341E-34   0.104948E-34   0.941728E-34   0.419672E-34   0.393911E-27   0.108489E-20   0.130850E-16   0.433255E-15   0.171358E-15   0.142434E-18   0.797152E-23   0.671832E-28   0.921699E-31   0.445459E-31   0.652860E-28   0.174276E-30   0.161909E-27   0.255261E-27
   0.116667E+01   0.592510E-34   0.420357E-37   0.163502E-33   0.168589E-36   0.450602E-33   0.676427E-36   0.135361E-35   0.270194E-35   0.312299E-32   0.108198E-34   0.803724E-32   0.432823E-34   0.322661E-25   0.888497E-19   0.107157E-14   0.354789E-13   0.140173E-13   0.115815E-16   0.647462E-21   0.545491E-26   0.609200E-29   0.179367E-30   0.534535E-26   0.385160E-30   0.132559E-25   0.208988E-25
   0.116667E+01   0.450130E-32   0.119333E-36   0.125797E-31   0.510258E-36   0.349446E-31   0.213145E-35   0.429121E-35   0.868380E-35   0.244145E-30   0.353536E-34   0.629535E-30   0.142994E-33   0.654306E-24   0.179980E-17   0.215775E-13   0.711055E-12   0.278869E-12   0.231994E-15   0.129522E-19   0.108945E-24   0.344441E-27   0.106945E-28   0.105499E-24   0.168188E-28   0.261317E-24   0.411827E-24
   0.116667E+01   0.867847E-32   0.117630E-35   0.214551E-31   0.523489E-35   0.551274E-31   0.224006E-34   0.452657E-34   0.922466E-34   0.354905E-30   0.379031E-33   0.896182E-30   0.154200E-32   0.166373E-24   0.457452E-18   0.546400E-14   0.179529E-12   0.703001E-13   0.585622E-16   0.326855E-20   0.274877E-25   0.123555E-27   0.100305E-27   0.263894E-25   0.201429E-27   0.653215E-25   0.102920E-24
   0.116667E+01   0.877001E-32   0.940427E-34   0.215616E-31   0.399532E-33   0.554352E-31   0.166013E-32   0.331690E-32   0.670463E-32   0.363309E-30   0.272279E-31   0.936562E-30   0.109957E-30   0.157979E-24   0.434386E-18   0.518771E-14   0.170429E-12   0.667709E-13   0.555999E-16   0.310348E-20   0.261008E-25   0.117433E-27   0.144969E-27   0.250428E-25   0.367400E-27   0.619869E-25   0.976650E-25
   0.116667E+01   0.771724E-38   0.163540E-35   0.300267E-37   0.654151E-35   0.121926E-36   0.261675E-34   0.523355E-34   0.104664E-33   0.196643E-35   0.418655E-33   0.787676E-35   0.167463E-32   0.220918E-33   0.109856E-26   0.156851E-22   0.306851E-21   0.226052E-21   0.331907E-25   0.237368E-29   0.281194E-33   0.214115E-31   0.429651E-31   0.236610E-33   0.171811E-30   0.444322E-33   0.789511E-33
   0.116667E+01   0.303999E-37   0.163539E-35   0.917771E-37   0.654151E-35   0.290528E-36   0.261676E-34   0.523352E-34   0.104665E-33   0.122343E-35   0.104903E-34   0.322848E-35   0.419612E-34   0.124443E-28   0.342738E-22   0.413370E-18   0.136868E-16   0.541323E-17   0.449944E-20   0.251815E-24   0.212233E-29   0.236382E-31   0.429959E-31   0.206239E-29   0.171872E-30   0.511503E-29   0.806441E-29
   0.116667E+01   0.194416E-35   0.410453E-37   0.536121E-35   0.164111E-36   0.147693E-34   0.658042E-36   0.131561E-35   0.262615E-35   0.102348E-33   0.105091E-34   0.263451E-33   0.420274E-34   0.110165E-26   0.303424E-20   0.366108E-16   0.121259E-14   0.479724E-15   0.398726E-18   0.223129E-22   0.188150E-27   0.219769E-30   0.474856E-31   0.182908E-27   0.178947E-30   0.453643E-27   0.715219E-27
   0.116667E+01   0.157655E-33   0.453623E-37   0.440297E-33   0.183824E-36   0.122264E-32   0.743524E-36   0.148930E-35   0.298275E-35   0.853988E-32   0.119603E-34   0.220194E-31   0.479707E-34   0.804554E-25   0.221496E-18   0.267027E-14   0.883834E-13   0.348690E-13   0.288243E-16   0.161165E-20   0.135647E-25   0.166448E-28   0.422856E-30   0.133020E-25   0.769062E-30   0.329838E-25   0.519998E-25
   0.116667E+01   0.133528E-31   0.417386E-36   0.370651E-31   0.189704E-35   0.102167E-30   0.823664E-35   0.167131E-34   0.342007E-34   0.705769E-30   0.140342E-33   0.181343E-29   0.573220E-33   0.866173E-24   0.238299E-17   0.285259E-13   0.938881E-12   0.368761E-12   0.306568E-15   0.171167E-19   0.144013E-24   0.524613E-27   0.341311E-28   0.138769E-24   0.537437E-28   0.343650E-24   0.541525E-24
   0.116667E+01   0.975444E-32   0.590314E-35   0.239799E-31   0.274563E-34   0.614318E-31   0.120853E-33   0.246025E-33   0.505417E-33   0.394755E-30   0.208345E-32   0.997328E-30   0.853788E-32   0.180043E-24   0.495051E-18   0.591255E-14   0.194252E-12   0.760903E-13   0.633695E-16   0.353705E-20   0.297468E-25   0.133455E-27   0.143594E-27   0.285472E-25   0.334645E-27   0.706616E-25   0.111333E-24
   0.116667E+01   0.985567E-32   0.514252E-33   0.246044E-31   0.228542E-32   0.648437E-31   0.977627E-32   0.196886E-31   0.400529E-31   0.464687E-30   0.159789E-30   0.128178E-29   0.600830E-30   0.174031E-24   0.478524E-18   0.571483E-14   0.187746E-12   0.735560E-13   0.612494E-16   0.341883E-20   0.287530E-25   0.129138E-27   0.159873E-27   0.275873E-25   0.405532E-27   0.682850E-25   0.107588E-24
   0.116667E+01   0.771273E-38   0.163538E-35   0.300091E-37   0.654191E-35   0.121833E-36   0.261677E-34   0.523351E-34   0.104670E-33   0.196903E-35   0.418677E-33   0.788567E-35   0.167470E-32   0.348227E-33   0.109856E-26   0.165729E-22   0.760991E-21   0.226073E-21   0.711218E-25   0.542521E-29   0.340956E-33   0.214084E-31   0.429620E-31   0.261176E-33   0.171798E-30   0.469007E-33   0.789511E-33
   0.116667E+01   0.312976E-39   0.409924E-37   0.114914E-38   0.164252E-36   0.436360E-38   0.656960E-36   0.131402E-35   0.262746E-35   0.675097E-37   0.105061E-34   0.264408E-36   0.420334E-34   0.333999E-31   0.922203E-25   0.111660E-20   0.370553E-19   0.144776E-19   0.124082E-22   0.682548E-27   0.626156E-32   0.214160E-31   0.429651E-31   0.571254E-32   0.171823E-30   0.143911E-31   0.216622E-31
   0.116667E+01   0.649167E-38   0.409748E-37   0.183977E-37   0.164252E-36   0.521311E-37   0.656866E-36   0.131420E-35   0.262709E-35   0.400182E-36   0.105121E-34   0.111923E-35   0.420214E-34   0.361474E-29   0.995645E-23   0.120177E-18   0.398166E-17   0.157538E-17   0.130694E-20   0.730543E-25   0.619402E-30   0.220546E-31   0.429713E-31   0.601328E-30   0.171860E-30   0.149169E-29   0.235249E-29
   0.116667E+01   0.481936E-33   0.885705E-37   0.136238E-32   0.396059E-36   0.381220E-32   0.171020E-35   0.347909E-35   0.710770E-35   0.268375E-31   0.288957E-34   0.693308E-31   0.113491E-33   0.201478E-24   0.554468E-18   0.667605E-14   0.220751E-12   0.868705E-13   0.719791E-16   0.402269E-20   0.338419E-25   0.522186E-28   0.126285E-29   0.331150E-25   0.210716E-29   0.820896E-25   0.129406E-24
   0.116667E+01   0.244951E-31   0.357199E-35   0.642859E-31   0.175700E-34   0.170906E-30   0.801691E-34   0.165139E-33   0.342231E-33   0.113682E-29   0.140760E-32   0.289311E-29   0.547946E-32   0.882651E-24   0.242916E-17   0.290522E-13   0.955489E-12   0.376448E-12   0.312287E-15   0.174431E-19   0.146817E-24   0.535546E-27   0.929881E-28   0.140906E-24   0.147691E-27   0.348912E-24   0.549782E-24
   0.116667E+01   0.843559E-33   0.557092E-35   0.207500E-32   0.277334E-34   0.533451E-32   0.127501E-33   0.263296E-33   0.546792E-33   0.348986E-31   0.225525E-32   0.896547E-31   0.879131E-32   0.154005E-25   0.423471E-19   0.505750E-15   0.166156E-13   0.651056E-14   0.542081E-17   0.302584E-21   0.254486E-26   0.134457E-28   0.173011E-28   0.244177E-26   0.478234E-28   0.604406E-26   0.952306E-26
   0.116667E+01   0.125367E-31   0.547489E-32   0.350873E-31   0.212062E-31   0.100503E-30   0.689277E-31   0.118463E-30   0.200747E-30   0.731113E-30   0.551518E-30   0.190229E-29   0.146132E-29   0.180919E-24   0.497467E-18   0.594106E-14   0.195179E-12   0.764710E-13   0.636749E-16   0.355423E-20   0.298920E-25   0.134026E-27   0.166012E-27   0.286795E-25   0.421176E-27   0.709891E-25   0.111852E-24
   0.116667E+01   0.255935E-35   0.163690E-35   0.705748E-35   0.173844E-36   0.193475E-34   0.690673E-36   0.137495E-35   0.273674E-35   0.133954E-33   0.108401E-34   0.344715E-33   0.430325E-34   0.142698E-26   0.393026E-20   0.474196E-16   0.157052E-14   0.621311E-15   0.516497E-18   0.289090E-22   0.243696E-27   0.278772E-30   0.490695E-31   0.236867E-27   0.181610E-30   0.587465E-27   0.926203E-27
   0.116667E+01   0.354169E-35   0.441574E-37   0.987948E-35   0.177605E-36   0.274142E-34   0.705109E-36   0.140119E-35   0.278282E-35   0.191363E-33   0.109846E-34   0.493398E-33   0.434718E-34   0.204558E-26   0.563429E-20   0.680080E-16   0.225317E-14   0.891635E-15   0.741327E-18   0.414988E-22   0.349918E-27   0.390985E-30   0.517443E-31   0.340196E-27   0.185825E-30   0.843803E-27   0.133038E-26
   0.116667E+01   0.286658E-33   0.293809E-36   0.809858E-33   0.127074E-35   0.226526E-32   0.465096E-35   0.852553E-35   0.155156E-34   0.159406E-31   0.502291E-34   0.411758E-31   0.161787E-33   0.169066E-24   0.465658E-18   0.562215E-14   0.186306E-12   0.737168E-13   0.610327E-16   0.341005E-20   0.287895E-25   0.309716E-28   0.778863E-30   0.281486E-25   0.134538E-29   0.698208E-25   0.110085E-24
   0.116667E+01   0.939398E-29   0.833590E-32   0.268800E-28   0.368626E-31   0.757924E-28   0.133897E-30   0.242293E-30   0.433713E-30   0.537769E-27   0.133965E-29   0.139189E-26   0.404333E-29   0.291011E-20   0.801176E-14   0.963572E-10   0.318325E-08   0.125531E-08   0.104021E-11   0.581183E-16   0.489229E-21   0.100702E-23   0.248412E-25   0.476147E-21   0.396054E-25   0.118018E-20   0.186030E-20
   0.116667E+01   0.299064E-29   0.177950E-31   0.748196E-29   0.852354E-31   0.193714E-28   0.326132E-30   0.601208E-30   0.109227E-29   0.125925E-27   0.344619E-29   0.319168E-27   0.105415E-28   0.740700E-22   0.203869E-15   0.243676E-11   0.801023E-10   0.316232E-10   0.261922E-13   0.146347E-17   0.123206E-22   0.450363E-25   0.314606E-25   0.117953E-22   0.620303E-25   0.292056E-22   0.460173E-22
   0.116667E+01   0.563415E-31   0.322099E-31   0.164455E-30   0.115072E-30   0.458467E-30   0.332727E-30   0.547872E-30   0.894463E-30   0.312853E-29   0.234154E-29   0.800729E-29   0.605337E-29   0.907770E-24   0.249787E-17   0.298364E-13   0.980290E-12   0.386665E-12   0.320386E-15   0.179008E-19   0.150674E-24   0.585209E-27   0.686723E-27   0.144116E-24   0.171847E-26   0.356785E-24   0.562139E-24
   0.116667E+01   0.148567E-28   0.117980E-28   0.364400E-28   0.297558E-28   0.931825E-28   0.749824E-28   0.119013E-27   0.188889E-27   0.596971E-27   0.475739E-27   0.150533E-26   0.119795E-26   0.180347E-21   0.496483E-15   0.593089E-11   0.194871E-09   0.771680E-10   0.637576E-13   0.356430E-17   0.300161E-22   0.106492E-24   0.120912E-24   0.286560E-22   0.301675E-24   0.709508E-22   0.111787E-21
   0.116667E+01   0.000000E+00   0.000000E+00   0.000000E+00   0.000000E+00   0.000000E+00   0.000000E+00   0.000000E+00   0.000000E+00   0.000000E+00   0.000000E+00   0.000000E+00   0.000000E+00   0.000000E+00   0.000000E+00   0.000000E+00   0.000000E+00   0.000000E+00   0.000000E+00   0.000000E+00   0.000000E+00   0.000000E+00   0.000000E+00   0.000000E+00   0.000000E+00   0.000000E+00   0.000000E+00
   0.116667E+01   0.231154E-26   0.461930E-26   0.899077E-26   0.184757E-25   0.364925E-25   0.738988E-25   0.147795E-24   0.295585E-24   0.589513E-24   0.118232E-23   0.236120E-23   0.472920E-23   0.622291E-20   0.319092E-13   0.479029E-09   0.198088E-07   0.962075E-08   0.665040E-11   0.388284E-15   0.335324E-20   0.239408E-20   0.484259E-20   0.983905E-20   0.193703E-19   0.389064E-19   0.777225E-19
   0.133333E+01   0.218750E-25   0.437500E-25   0.875001E-25   0.175000E-24   0.345582E-24   0.700000E-24   0.140000E-23   0.280000E-23   0.558374E-23   0.112000E-22   0.223660E-22   0.448000E-22   0.533851E-19   0.280701E-12   0.426677E-08   0.177993E-06   0.969383E-07   0.838267E-10   0.333430E-14   0.410120E-19   0.226700E-19   0.458751E-19   0.929420E-19   0.183500E-18   0.367565E-18   0.734686E-18
   0.133333E+01   0.771566E-38   0.163540E-35   0.327076E-35   0.654159E-35   0.121869E-36   0.261665E-34   0.523328E-34   0.104665E-33   0.196848E-35   0.418657E-33   0.788337E-35   0.167464E-32   0.161520E-32   0.440505E-26   0.544748E-22   0.190346E-20   0.876340E-21   0.805439E-24   0.294737E-28   0.509944E-33   0.214408E-31   0.171478E-29   0.538545E-33   0.685920E-29   0.106162E-32   0.187531E-32
   0.133333E+01   0.804332E-38   0.163549E-35   0.327098E-35   0.654152E-35   0.124004E-36   0.261675E-34   0.523355E-34   0.104664E-33   0.198310E-35   0.418656E-33   0.791339E-35   0.167464E-32   0.175450E-30   0.482932E-24   0.584611E-20   0.193999E-18   0.856652E-19   0.890860E-22   0.338262E-26   0.408914E-31   0.214406E-31   0.429589E-31   0.302053E-31   0.171811E-30   0.751282E-31   0.118589E-30
   0.133333E+01   0.773475E-38   0.163549E-35   0.327093E-35   0.654155E-35   0.121962E-36   0.261675E-34   0.523349E-34   0.104665E-33   0.197034E-35   0.418661E-33   0.788332E-35   0.167463E-32   0.678740E-32   0.183295E-25   0.227546E-21   0.767295E-20   0.341130E-20   0.341559E-23   0.133716E-27   0.176067E-32   0.214370E-31   0.171477E-29   0.140254E-32   0.685921E-29   0.313549E-32   0.458958E-32
   0.133333E+01   0.888233E-38   0.163549E-35   0.327097E-35   0.654152E-35   0.130110E-36   0.261675E-34   0.523347E-34   0.104664E-33   0.202247E-35   0.418657E-33   0.802752E-35   0.167463E-32   0.669155E-30   0.184111E-23   0.223077E-19   0.740280E-18   0.327051E-18   0.340324E-21   0.129236E-25   0.155955E-30   0.215319E-31   0.429651E-31   0.115221E-30   0.171823E-30   0.285477E-30   0.450272E-30
   0.133333E+01   0.114229E-36   0.163549E-35   0.327096E-35   0.654157E-35   0.884234E-36   0.261675E-34   0.131383E-35   0.262295E-35   0.522880E-35   0.104880E-34   0.134791E-34   0.419732E-34   0.629556E-28   0.173199E-21   0.209913E-17   0.696823E-16   0.307878E-16   0.320468E-19   0.121709E-23   0.146811E-28   0.334479E-31   0.432055E-31   0.108457E-28   0.172230E-30   0.268523E-28   0.423223E-28
   0.133333E+01   0.103466E-34   0.412510E-37   0.824669E-37   0.164663E-36   0.709634E-34   0.660111E-36   0.131975E-35   0.263555E-35   0.472655E-33   0.105384E-34   0.120535E-32   0.421658E-34   0.570508E-26   0.156935E-19   0.190027E-15   0.630350E-14   0.278273E-14   0.289013E-17   0.109627E-21   0.132309E-26   0.111102E-29   0.664706E-31   0.978777E-27   0.209232E-30   0.242284E-26   0.381840E-26
   0.133333E+01   0.777296E-38   0.163547E-35   0.327097E-35   0.654151E-35   0.122124E-36   0.261675E-34   0.523347E-34   0.104664E-33   0.197032E-35   0.418656E-33   0.788172E-35   0.167462E-32   0.257580E-31   0.711155E-25   0.863936E-21   0.285046E-19   0.127094E-19   0.133754E-22   0.512525E-27   0.640636E-32   0.214161E-31   0.429559E-31   0.456401E-32   0.171835E-30   0.113569E-31   0.179635E-31
   0.133333E+01   0.118269E-37   0.163547E-35   0.327094E-35   0.654161E-35   0.151350E-36   0.261678E-34   0.523348E-34   0.104664E-33   0.216535E-35   0.418654E-33   0.839249E-35   0.167463E-32   0.242293E-29   0.666602E-23   0.807915E-19   0.268197E-17   0.118500E-17   0.123341E-20   0.468431E-25   0.565126E-30   0.218686E-31   0.429713E-31   0.417536E-30   0.171835E-30   0.103399E-29   0.162970E-29
   0.133333E+01   0.368027E-36   0.410659E-37   0.821553E-37   0.163946E-36   0.263395E-35   0.657007E-36   0.131439E-35   0.262257E-35   0.180182E-34   0.104910E-34   0.463099E-34   0.419612E-34   0.219522E-27   0.603951E-21   0.732263E-17   0.243157E-15   0.107464E-15   0.111874E-18   0.424933E-23   0.512694E-28   0.634367E-31   0.438495E-31   0.378848E-28   0.173265E-30   0.938028E-28   0.147847E-27
   0.133333E+01   0.305595E-34   0.415743E-37   0.831898E-37   0.166133E-36   0.227744E-33   0.666129E-36   0.133207E-35   0.266057E-35   0.156770E-32   0.106415E-34   0.402998E-32   0.425691E-34   0.189268E-25   0.520655E-19   0.631416E-15   0.209709E-13   0.926467E-14   0.960287E-17   0.364308E-21   0.439826E-26   0.370958E-29   0.122437E-30   0.326929E-26   0.298286E-30   0.809493E-26   0.127589E-25
   0.133333E+01   0.236571E-32   0.793077E-37   0.162553E-36   0.331301E-36   0.180002E-31   0.136602E-35   0.274483E-35   0.552896E-35   0.124930E-30   0.223799E-34   0.321787E-30   0.902238E-34   0.654946E-24   0.179895E-17   0.217277E-13   0.719312E-12   0.315166E-12   0.328535E-15   0.124513E-19   0.149961E-24   0.272434E-27   0.637530E-29   0.110959E-24   0.102433E-28   0.274483E-24   0.432516E-24
   0.133333E+01   0.108409E-31   0.723376E-36   0.148481E-35   0.303119E-35   0.688369E-31   0.124883E-34   0.249618E-34   0.503294E-34   0.443294E-30   0.203690E-33   0.111949E-29   0.820789E-33   0.242856E-24   0.666706E-18   0.801525E-14   0.264378E-12   0.115486E-12   0.120740E-15   0.457261E-20   0.550602E-25   0.169237E-27   0.896043E-28   0.403070E-25   0.158314E-27   0.996228E-25   0.156934E-24
   0.133333E+01   0.785818E-38   0.163547E-35   0.327097E-35   0.654154E-35   0.122751E-36   0.261676E-34   0.523352E-34   0.104664E-33   0.197403E-35   0.418659E-33   0.789358E-35   0.167464E-32   0.759429E-31   0.209333E-24   0.253875E-20   0.844024E-19   0.372728E-19   0.396924E-22   0.147397E-26   0.187132E-31   0.214267E-31   0.429620E-31   0.131417E-31   0.171798E-30   0.323918E-31   0.515711E-31
   0.133333E+01   0.191268E-37   0.163547E-35   0.327093E-35   0.654154E-35   0.205018E-36   0.261675E-34   0.523350E-34   0.104664E-33   0.253625E-35   0.418659E-33   0.933882E-35   0.167463E-32   0.692871E-29   0.190625E-22   0.231120E-18   0.767451E-17   0.339174E-17   0.353088E-20   0.134112E-24   0.161819E-29   0.227309E-31   0.429682E-31   0.119576E-29   0.171811E-30   0.296079E-29   0.466706E-29
   0.133333E+01   0.119187E-35   0.410923E-37   0.821612E-37   0.163946E-36   0.887307E-35   0.657478E-36   0.131477E-35   0.262351E-35   0.610825E-34   0.104918E-34   0.157093E-33   0.419762E-34   0.747267E-27   0.205595E-20   0.249372E-16   0.828330E-15   0.366186E-15   0.381263E-18   0.144833E-22   0.174789E-27   0.164777E-30   0.460497E-31   0.129189E-27   0.176778E-30   0.319895E-27   0.504212E-27
   0.133333E+01   0.986326E-34   0.424589E-37   0.850529E-37   0.169976E-36   0.749517E-33   0.682774E-36   0.136527E-35   0.272865E-35   0.519939E-32   0.109199E-34   0.133907E-31   0.437066E-34   0.602819E-25   0.165796E-18   0.201070E-14   0.667817E-13   0.294801E-13   0.305275E-16   0.115864E-20   0.139716E-25   0.122929E-28   0.308253E-30   0.104115E-25   0.593196E-30   0.257787E-25   0.406315E-25
   0.133333E+01   0.734865E-32   0.141941E-36   0.295678E-36   0.610328E-36   0.569608E-31   0.255783E-35   0.515215E-35   0.104352E-34   0.398046E-30   0.425329E-34   0.102687E-29   0.172160E-33   0.102249E-23   0.280879E-17   0.338673E-13   0.111969E-11   0.490530E-12   0.511691E-15   0.193884E-19   0.233528E-24   0.553050E-27   0.203596E-28   0.171979E-24   0.324343E-28   0.425312E-24   0.670111E-24
   0.133333E+01   0.126142E-31   0.167087E-35   0.354889E-35   0.744470E-35   0.798928E-31   0.318784E-34   0.644244E-34   0.131319E-33   0.513793E-30   0.539712E-33   0.129709E-29   0.219607E-32   0.264418E-24   0.725952E-18   0.872663E-14   0.287818E-12   0.125789E-12   0.131459E-15   0.497903E-20   0.599566E-25   0.184121E-27   0.163248E-27   0.438698E-25   0.351174E-27   0.108428E-24   0.170803E-24
   0.133333E+01   0.125868E-31   0.135794E-33   0.280956E-33   0.577263E-33   0.795717E-31   0.239966E-32   0.479526E-32   0.969412E-32   0.521552E-30   0.393756E-31   0.134473E-29   0.159033E-30   0.250453E-24   0.687637E-18   0.826522E-14   0.272578E-12   0.119169E-12   0.124506E-15   0.471599E-20   0.567907E-25   0.174607E-27   0.206551E-27   0.415367E-25   0.521209E-27   0.102660E-24   0.161716E-24
   0.133333E+01   0.771712E-38   0.163548E-35   0.327097E-35   0.654155E-35   0.121822E-36   0.261676E-34   0.523349E-34   0.104665E-33   0.196724E-35   0.418656E-33   0.787991E-35   0.167462E-32   0.468586E-33   0.162390E-26   0.141861E-22   0.626604E-21   0.241086E-21   0.223022E-24   0.558455E-29   0.340076E-33   0.214068E-31   0.429497E-31   0.261837E-33   0.171811E-30   0.444400E-33   0.789605E-33
   0.133333E+01   0.445909E-37   0.163546E-35   0.327096E-35   0.654155E-35   0.396039E-36   0.261676E-34   0.523350E-34   0.262201E-35   0.194847E-35   0.104933E-34   0.509897E-35   0.419461E-34   0.230000E-28   0.632799E-22   0.767523E-18   0.254941E-16   0.112701E-16   0.117341E-19   0.445747E-24   0.537937E-29   0.258268E-31   0.430699E-31   0.397598E-29   0.171995E-30   0.984542E-29   0.155182E-28
   0.133333E+01   0.317368E-35   0.411364E-37   0.823081E-37   0.164311E-36   0.240909E-34   0.658606E-36   0.131721E-35   0.262897E-35   0.167075E-33   0.105159E-34   0.430327E-33   0.420605E-34   0.204382E-26   0.562326E-20   0.682325E-16   0.226715E-14   0.100249E-14   0.104334E-17   0.396181E-22   0.478531E-27   0.414501E-30   0.516302E-31   0.353944E-27   0.185702E-30   0.876490E-27   0.138154E-26
   0.133333E+01   0.255928E-33   0.478838E-37   0.968373E-37   0.195179E-36   0.198331E-32   0.793459E-36   0.159059E-35   0.318568E-35   0.138657E-31   0.128232E-34   0.357776E-31   0.514855E-34   0.143768E-24   0.395268E-18   0.479128E-14   0.159072E-12   0.700957E-13   0.726743E-16   0.275790E-20   0.332347E-25   0.327699E-28   0.763964E-30   0.247679E-25   0.132498E-29   0.613162E-25   0.966413E-25
   0.133333E+01   0.210230E-31   0.633233E-36   0.136714E-35   0.290649E-35   0.157559E-30   0.126958E-34   0.258106E-34   0.525822E-34   0.107940E-29   0.217903E-33   0.276831E-29   0.891323E-33   0.129545E-23   0.355987E-17   0.428706E-13   0.141594E-11   0.621347E-12   0.647495E-15   0.245389E-19   0.295619E-24   0.758327E-27   0.650358E-28   0.216803E-24   0.104108E-27   0.536081E-24   0.844568E-24
   0.133333E+01   0.140494E-31   0.103857E-34   0.226695E-34   0.486100E-34   0.884035E-31   0.214811E-33   0.438042E-33   0.894939E-33   0.568055E-30   0.372545E-32   0.143560E-29   0.152818E-31   0.285538E-24   0.783958E-18   0.942334E-14   0.310781E-12   0.135857E-12   0.141955E-15   0.537677E-20   0.647474E-25   0.198587E-27   0.214091E-27   0.473627E-25   0.511727E-27   0.117060E-24   0.184400E-24
   0.133333E+01   0.142285E-31   0.924886E-33   0.196939E-32   0.414113E-32   0.948355E-31   0.177935E-31   0.358612E-31   0.722595E-31   0.696176E-30   0.284146E-30   0.193552E-29   0.102383E-29   0.275899E-24   0.757500E-18   0.910495E-14   0.300271E-12   0.131277E-12   0.137156E-15   0.519513E-20   0.625606E-25   0.192119E-27   0.227679E-27   0.457566E-25   0.574765E-27   0.113089E-24   0.178145E-24
   0.133333E+01   0.771418E-38   0.163549E-35   0.327098E-35   0.654187E-35   0.121892E-36   0.261675E-34   0.523350E-34   0.104670E-33   0.196797E-35   0.418677E-33   0.788282E-35   0.167472E-32   0.567983E-33   0.167989E-26   0.255351E-22   0.662072E-21   0.452778E-21   0.471533E-24   0.961753E-29   0.423349E-33   0.213991E-31   0.429589E-31   0.292609E-33   0.171835E-30   0.469088E-33   0.789605E-33
   0.133333E+01   0.357056E-39   0.410806E-37   0.821377E-37   0.164287E-36   0.471226E-38   0.657054E-36   0.131402E-35   0.262709E-35   0.690121E-37   0.105084E-34   0.264413E-36   0.420274E-34   0.627906E-31   0.172992E-24   0.210239E-20   0.698841E-19   0.309527E-19   0.329055E-22   0.122328E-26   0.156711E-31   0.214144E-31   0.429559E-31   0.110587E-31   0.171835E-30   0.275034E-31   0.428361E-31
   0.133333E+01   0.106044E-37   0.410688E-37   0.821495E-37   0.164264E-36   0.840315E-37   0.657007E-36   0.131430E-35   0.262765E-35   0.623735E-36   0.105114E-34   0.168714E-35   0.420304E-34   0.680889E-29   0.187337E-22   0.227391E-18   0.755764E-17   0.334205E-17   0.347062E-20   0.131659E-24   0.159548E-29   0.227292E-31   0.429774E-31   0.118119E-29   0.171897E-30   0.292553E-29   0.461213E-29
   0.133333E+01   0.775235E-33   0.141591E-36   0.307980E-36   0.660063E-36   0.612795E-32   0.292195E-35   0.597857E-35   0.121979E-34   0.431800E-31   0.493798E-34   0.111631E-30   0.187501E-33   0.343433E-24   0.943745E-18   0.114245E-13   0.378902E-12   0.166499E-12   0.173083E-15   0.656422E-20   0.790774E-25   0.101651E-27   0.233736E-29   0.587922E-25   0.387783E-29   0.145503E-24   0.229309E-24
   0.133333E+01   0.341056E-31   0.746461E-35   0.168608E-34   0.371614E-34   0.233346E-30   0.170794E-33   0.352518E-33   0.724524E-33   0.154187E-29   0.295006E-32   0.391843E-29   0.110577E-31   0.126475E-23   0.347750E-17   0.418512E-13   0.138151E-11   0.608201E-12   0.632292E-15   0.239752E-19   0.288916E-24   0.727694E-27   0.172490E-27   0.211184E-24   0.280689E-27   0.522178E-24   0.822625E-24
   0.133333E+01   0.121304E-32   0.133496E-34   0.303518E-34   0.672444E-34   0.771253E-32   0.311351E-33   0.644247E-33   0.132677E-32   0.511529E-31   0.541721E-32   0.132705E-30   0.203319E-31   0.243632E-25   0.668932E-19   0.804057E-15   0.265174E-13   0.115950E-13   0.121129E-16   0.458819E-21   0.552526E-26   0.189783E-28   0.233912E-28   0.404121E-26   0.635431E-28   0.998816E-26   0.157341E-25
   0.133333E+01   0.199400E-31   0.113393E-31   0.214560E-31   0.387260E-31   0.155777E-30   0.114955E-30   0.191646E-30   0.316090E-30   0.108575E-29   0.838119E-30   0.278854E-29   0.217142E-29   0.286601E-24   0.786889E-18   0.945821E-14   0.311921E-12   0.136377E-12   0.142480E-15   0.539682E-20   0.649897E-25   0.199254E-27   0.236160E-27   0.475322E-25   0.596215E-27   0.117479E-24   0.185062E-24
   0.133333E+01   0.366968E-35   0.461499E-37   0.923527E-37   0.183730E-36   0.277440E-34   0.721095E-36   0.142630E-35   0.282438E-35   0.192251E-33   0.110997E-34   0.495048E-33   0.437758E-34   0.232465E-26   0.639598E-20   0.776051E-16   0.257848E-14   0.114016E-14   0.118724E-17   0.451047E-22   0.544451E-27   0.469086E-30   0.532264E-31   0.402501E-27   0.188561E-30   0.996728E-27   0.157106E-26
   0.133333E+01   0.545485E-35   0.486860E-37   0.975484E-37   0.193792E-36   0.421906E-34   0.754808E-36   0.148639E-35   0.292839E-35   0.294757E-33   0.114172E-34   0.760480E-33   0.447237E-34   0.357647E-26   0.984050E-20   0.119449E-15   0.397011E-14   0.175604E-14   0.182882E-17   0.694886E-22   0.839004E-27   0.711373E-30   0.587947E-31   0.620412E-27   0.197547E-30   0.153647E-26   0.242188E-26
   0.133333E+01   0.413475E-33   0.623212E-36   0.126490E-35   0.244015E-35   0.326499E-32   0.825747E-35   0.147172E-34   0.260802E-34   0.229964E-31   0.812170E-34   0.594442E-31   0.251168E-33   0.275611E-24   0.758280E-18   0.920654E-14   0.306054E-12   0.135344E-12   0.140319E-15   0.532314E-20   0.642926E-25   0.541296E-28   0.128603E-29   0.478559E-25   0.219070E-29   0.118520E-24   0.186821E-24
   0.133333E+01   0.132486E-28   0.187798E-31   0.383713E-31   0.741618E-31   0.106813E-27   0.249225E-30   0.440445E-30   0.771982E-30   0.758556E-27   0.233279E-29   0.196476E-26   0.690862E-29   0.420426E-20   0.115632E-13   0.139848E-09   0.463455E-08   0.204302E-08   0.212141E-11   0.804626E-16   0.969773E-21   0.160686E-23   0.410177E-25   0.717369E-21   0.666094E-25   0.177533E-20   0.279770E-20
   0.133333E+01   0.386942E-29   0.485161E-31   0.103769E-30   0.208126E-30   0.249901E-28   0.738094E-30   0.132969E-29   0.236662E-29   0.162605E-27   0.731043E-29   0.412632E-27   0.219528E-28   0.104720E-21   0.287970E-15   0.346410E-11   0.114307E-09   0.504100E-10   0.523345E-13   0.198505E-17   0.239244E-22   0.602894E-25   0.479603E-25   0.174541E-22   0.102686E-24   0.431556E-22   0.679838E-22
   0.133333E+01   0.912221E-31   0.650379E-31   0.113099E-30   0.189492E-30   0.660281E-30   0.505717E-30   0.815803E-30   0.131123E-29   0.435720E-29   0.336409E-29   0.110686E-28   0.857933E-29   0.133033E-23   0.365639E-17   0.439597E-13   0.144995E-11   0.638170E-12   0.663401E-15   0.251562E-19   0.303122E-24   0.819918E-27   0.921506E-27   0.221093E-24   0.230468E-26   0.546566E-24   0.860986E-24
   0.133333E+01   0.187494E-28   0.148895E-28   0.236364E-28   0.375179E-28   0.117465E-27   0.945101E-28   0.149994E-27   0.238042E-27   0.752326E-27   0.599476E-27   0.189695E-26   0.150940E-26   0.251157E-21   0.690848E-15   0.830722E-11   0.274028E-09   0.121154E-09   0.125521E-12   0.476333E-17   0.574203E-22   0.141358E-24   0.152401E-24   0.418028E-22   0.380156E-24   0.103358E-21   0.162816E-21
   0.133333E+01   0.000000E+00   0.000000E+00   0.000000E+00   0.000000E+00   0.000000E+00   0.000000E+00   0.000000E+00   0.000000E+00   0.000000E+00   0.000000E+00   0.000000E+00   0.000000E+00   0.000000E+00   0.000000E+00   0.000000E+00   0.000000E+00   0.000000E+00   0.000000E+00   0.000000E+00   0.000000E+00   0.000000E+00   0.000000E+00   0.000000E+00   0.000000E+00   0.000000E+00   0.000000E+00
   0.133333E+01   0.231230E-26   0.461958E-26   0.923862E-26   0.184764E-25   0.365018E-25   0.739005E-25   0.147798E-24   0.295590E-24   0.589569E-24   0.118233E-23   0.236134E-23   0.472923E-23   0.603719E-20   0.307360E-13   0.463761E-09   0.192315E-07   0.104280E-07   0.905137E-11   0.359654E-15   0.442185E-20   0.239320E-20   0.484260E-20   0.987941E-20   0.193703E-19   0.389696E-19   0.778204E-19
   0.150000E+01   0.218750E-25   0.437500E-25   0.875000E-25   0.175000E-24   0.350000E-24   0.700000E-24   0.140000E-23   0.280000E-23   0.560000E-23   0.112000E-22   0.224000E-22   0.448000E-22   0.506786E-19   0.267351E-12   0.409406E-08   0.171594E-06   0.101021E-06   0.257179E-08   0.392158E-12   0.882432E-18   0.191875E-19   0.458751E-19   0.931206E-19   0.183499E-18   0.367626E-18   0.734769E-18
   0.150000E+01   0.817739E-36   0.150033E-37   0.327075E-35   0.608437E-37   0.130831E-34   0.261665E-34   0.491263E-36   0.104665E-33   0.209328E-33   0.418657E-33   0.837321E-33   0.167464E-32   0.276671E-32   0.767998E-26   0.914721E-22   0.304289E-20   0.155125E-20   0.388611E-22   0.638140E-26   0.153345E-31   0.206144E-31   0.171479E-29   0.743447E-33   0.685916E-29   0.175321E-32   0.187558E-32
   0.150000E+01   0.817744E-36   0.158143E-37   0.327077E-35   0.631123E-37   0.130838E-34   0.261661E-34   0.500573E-36   0.104670E-33   0.209338E-33   0.418679E-33   0.837357E-33   0.167464E-32   0.300881E-30   0.826132E-24   0.100568E-19   0.334649E-18   0.159470E-18   0.424457E-20   0.714015E-24   0.158926E-29   0.213459E-31   0.429497E-31   0.538169E-31   0.171835E-30   0.133367E-30   0.210257E-30
   0.150000E+01   0.817733E-36   0.150355E-37   0.327079E-35   0.609729E-37   0.130838E-34   0.261664E-34   0.491921E-36   0.104670E-33   0.209339E-33   0.418675E-33   0.837357E-33   0.167463E-32   0.114308E-31   0.316799E-25   0.392568E-21   0.126730E-19   0.617441E-20   0.160949E-21   0.281756E-25   0.632354E-31   0.206437E-31   0.171480E-29   0.231705E-32   0.685916E-29   0.530901E-32   0.873605E-32
   0.150000E+01   0.817734E-36   0.179301E-37   0.327078E-35   0.688134E-37   0.130839E-34   0.261664E-34   0.524647E-36   0.104670E-33   0.209340E-33   0.418676E-33   0.837357E-33   0.167463E-32   0.114654E-29   0.314709E-23   0.383372E-19   0.127630E-17   0.608553E-18   0.162059E-19   0.272643E-23   0.606713E-29   0.234846E-31   0.429651E-31   0.205391E-30   0.171835E-30   0.508036E-30   0.800706E-30
   0.150000E+01   0.817747E-36   0.283507E-36   0.327078E-35   0.794223E-36   0.130838E-34   0.261664E-34   0.315061E-35   0.262822E-35   0.525568E-35   0.105069E-34   0.210137E-34   0.419732E-34   0.107938E-27   0.296244E-21   0.361033E-17   0.120222E-15   0.573331E-16   0.152713E-17   0.256960E-21   0.571849E-27   0.294020E-30   0.434150E-31   0.193564E-28   0.172574E-30   0.478479E-28   0.753949E-28
   0.150000E+01   0.206387E-37   0.257059E-34   0.824198E-37   0.687619E-34   0.330408E-36   0.659358E-36   0.288744E-33   0.264345E-35   0.528766E-35   0.105700E-34   0.211476E-34   0.422019E-34   0.976746E-26   0.268041E-19   0.326361E-15   0.108597E-13   0.517431E-14   0.137606E-15   0.231029E-19   0.514228E-25   0.247798E-28   0.841769E-31   0.174426E-26   0.238863E-30   0.431090E-26   0.679232E-26
   0.150000E+01   0.817733E-36   0.151088E-37   0.327077E-35   0.611845E-37   0.130838E-34   0.261660E-34   0.492767E-36   0.104670E-33   0.209340E-33   0.418678E-33   0.837360E-33   0.167463E-32   0.439068E-31   0.120800E-24   0.147363E-20   0.487089E-19   0.232801E-19   0.618315E-21   0.104995E-24   0.238693E-30   0.206963E-31   0.429405E-31   0.806115E-32   0.171835E-30   0.195816E-31   0.317854E-31
   0.150000E+01   0.817742E-36   0.253326E-37   0.327074E-35   0.891377E-37   0.130838E-34   0.261664E-34   0.611727E-36   0.104671E-33   0.209341E-33   0.418678E-33   0.837354E-33   0.167463E-32   0.414722E-29   0.113826E-22   0.138719E-18   0.461925E-17   0.220285E-17   0.586746E-19   0.987259E-23   0.219720E-28   0.310943E-31   0.429651E-31   0.743795E-30   0.171847E-30   0.183897E-29   0.289780E-29
   0.150000E+01   0.817744E-36   0.913824E-36   0.819848E-37   0.252028E-35   0.328480E-36   0.655644E-36   0.108676E-34   0.262841E-35   0.525455E-35   0.105091E-34   0.210182E-34   0.419672E-34   0.375972E-27   0.103191E-20   0.125808E-16   0.419064E-15   0.199904E-15   0.532549E-17   0.896185E-21   0.199485E-26   0.974575E-30   0.445398E-31   0.675397E-28   0.174386E-30   0.166966E-27   0.263098E-27
   0.150000E+01   0.208474E-37   0.779557E-34   0.832838E-37   0.217133E-33   0.334193E-36   0.667257E-36   0.943726E-33   0.267543E-35   0.535010E-35   0.107025E-34   0.214079E-34   0.427466E-34   0.322451E-25   0.884830E-19   0.107897E-14   0.359461E-13   0.171387E-13   0.455894E-15   0.763999E-19   0.170112E-24   0.834195E-28   0.182162E-30   0.579631E-26   0.398113E-30   0.143292E-25   0.225796E-25
   0.150000E+01   0.431862E-37   0.596638E-32   0.182343E-36   0.167873E-31   0.759957E-36   0.154032E-35   0.735931E-31   0.625457E-35   0.126024E-34   0.253516E-34   0.509499E-34   0.102183E-33   0.994211E-24   0.272260E-17   0.330608E-13   0.109780E-11   0.518736E-12   0.137333E-13   0.232537E-17   0.517183E-23   0.283742E-26   0.109270E-28   0.175111E-24   0.178602E-28   0.432448E-24   0.681250E-24
   0.150000E+01   0.475582E-36   0.240919E-31   0.199690E-35   0.611159E-31   0.829436E-35   0.168080E-34   0.245639E-30   0.677589E-34   0.136417E-33   0.274274E-33   0.550845E-33   0.110526E-32   0.364305E-24   0.996949E-18   0.120573E-13   0.399089E-12   0.187908E-12   0.497891E-14   0.844455E-18   0.187775E-23   0.103662E-26   0.148644E-27   0.630105E-25   0.283108E-27   0.155485E-24   0.244877E-24
   0.150000E+01   0.817740E-36   0.153318E-37   0.327077E-35   0.617957E-37   0.130838E-34   0.261661E-34   0.494836E-36   0.104669E-33   0.209339E-33   0.418680E-33   0.837351E-33   0.167463E-32   0.126989E-30   0.348888E-24   0.425182E-20   0.141717E-18   0.676305E-19   0.179989E-20   0.302850E-24   0.690635E-30   0.209084E-31   0.429528E-31   0.228230E-31   0.171860E-30   0.564237E-31   0.891867E-31
   0.150000E+01   0.817739E-36   0.432909E-37   0.327076E-35   0.138932E-36   0.130837E-34   0.261663E-34   0.827266E-36   0.104671E-33   0.209340E-33   0.418681E-33   0.837348E-33   0.167463E-32   0.116085E-28   0.318614E-22   0.388437E-18   0.129386E-16   0.617195E-17   0.164419E-18   0.276686E-22   0.615888E-28   0.500367E-31   0.430083E-31   0.208528E-29   0.171921E-30   0.515525E-29   0.812364E-29
   0.150000E+01   0.205447E-37   0.303915E-35   0.820142E-37   0.846023E-35   0.328621E-36   0.656208E-36   0.367580E-34   0.262878E-35   0.525719E-35   0.105181E-34   0.210288E-34   0.419672E-34   0.127861E-26   0.350941E-20   0.428025E-16   0.142619E-14   0.680515E-15   0.181318E-16   0.305144E-20   0.679408E-26   0.327026E-29   0.483916E-31   0.230090E-27   0.180586E-30   0.568850E-27   0.896391E-27
   0.150000E+01   0.213764E-37   0.252658E-33   0.856935E-37   0.710438E-33   0.344514E-36   0.688416E-36   0.311279E-32   0.276232E-35   0.552689E-35   0.110575E-34   0.221211E-34   0.441941E-34   0.101634E-24   0.278800E-18   0.339959E-14   0.113255E-12   0.539478E-13   0.142790E-14   0.240421E-18   0.535220E-24   0.274910E-27   0.506987E-30   0.182606E-25   0.925660E-30   0.451399E-25   0.711300E-25
   0.150000E+01   0.799939E-37   0.185886E-31   0.348269E-36   0.527140E-31   0.148206E-35   0.302845E-35   0.232430E-30   0.123685E-34   0.250104E-34   0.504646E-34   0.101685E-33   0.204404E-33   0.148357E-23   0.406377E-17   0.492734E-13   0.163419E-11   0.772270E-12   0.204671E-13   0.346302E-17   0.770064E-23   0.418729E-26   0.349230E-28   0.259676E-24   0.568328E-28   0.641142E-24   0.100992E-23
   0.150000E+01   0.106689E-35   0.276670E-31   0.482739E-35   0.700350E-31   0.210522E-34   0.434012E-34   0.280993E-30   0.178828E-33   0.363139E-33   0.735106E-33   0.148442E-32   0.299143E-32   0.395333E-24   0.108194E-17   0.130843E-13   0.433058E-12   0.203982E-12   0.540473E-14   0.916471E-18   0.203790E-23   0.112394E-26   0.240259E-27   0.683622E-25   0.540492E-27   0.168690E-24   0.265673E-24
   0.150000E+01   0.908787E-34   0.273523E-31   0.387240E-33   0.692106E-31   0.162680E-32   0.331023E-32   0.280029E-30   0.133776E-31   0.269880E-31   0.543489E-31   0.109294E-30   0.219536E-30   0.374046E-24   0.102372E-17   0.123793E-13   0.409699E-12   0.193024E-12   0.511420E-14   0.867108E-18   0.192815E-23   0.106329E-26   0.281199E-27   0.646635E-25   0.707556E-27   0.159562E-24   0.251295E-24
   0.150000E+01   0.817744E-36   0.150024E-37   0.327077E-35   0.608789E-37   0.130838E-34   0.261661E-34   0.491169E-36   0.104670E-33   0.209341E-33   0.418678E-33   0.837365E-33   0.167464E-32   0.835742E-33   0.209777E-26   0.321241E-22   0.991503E-21   0.570036E-21   0.845522E-23   0.156917E-26   0.553525E-32   0.205777E-31   0.429620E-31   0.312049E-33   0.171823E-30   0.444476E-33   0.789699E-33
   0.150000E+01   0.817744E-36   0.106729E-36   0.327077E-35   0.316079E-36   0.130838E-34   0.261659E-34   0.159914E-35   0.262784E-35   0.525643E-35   0.105091E-34   0.210152E-34   0.419431E-34   0.383752E-28   0.105329E-21   0.128461E-17   0.428027E-16   0.204232E-16   0.544159E-18   0.915812E-22   0.203897E-27   0.118108E-30   0.431100E-31   0.690508E-29   0.172106E-30   0.170714E-28   0.269016E-28
   0.150000E+01   0.205947E-37   0.798020E-35   0.822376E-37   0.224264E-34   0.329750E-36   0.658042E-36   0.982196E-34   0.263837E-35   0.527562E-35   0.105490E-34   0.211130E-34   0.421327E-34   0.342234E-26   0.939330E-20   0.114608E-15   0.381990E-14   0.182305E-14   0.485624E-16   0.816344E-20   0.181857E-25   0.873743E-29   0.578271E-31   0.616870E-27   0.196129E-30   0.152519E-26   0.240344E-26
   0.150000E+01   0.252746E-37   0.643967E-33   0.104266E-36   0.182805E-32   0.428327E-36   0.863236E-36   0.807492E-32   0.348887E-35   0.701159E-35   0.140834E-34   0.282435E-34   0.565651E-34   0.232404E-24   0.637171E-18   0.776496E-14   0.258569E-12   0.122911E-12   0.324930E-14   0.548530E-18   0.122071E-23   0.656792E-27   0.127382E-29   0.416277E-25   0.218698E-29   0.102884E-24   0.162115E-24
   0.150000E+01   0.432438E-36   0.504109E-31   0.204477E-35   0.138791E-30   0.918731E-35   0.191435E-34   0.594472E-30   0.796199E-34   0.162574E-33   0.330550E-33   0.669827E-33   0.135356E-32   0.181971E-23   0.498716E-17   0.604083E-13   0.200184E-11   0.947644E-12   0.251294E-13   0.424562E-17   0.944051E-23   0.509191E-26   0.111591E-27   0.317274E-24   0.182790E-27   0.783271E-24   0.123371E-23
   0.150000E+01   0.790255E-35   0.305858E-31   0.381621E-34   0.772016E-31   0.173723E-33   0.363652E-33   0.309342E-30   0.152057E-32   0.311175E-32   0.633804E-32   0.128611E-31   0.260195E-31   0.426394E-24   0.116698E-17   0.141122E-13   0.467059E-12   0.220036E-12   0.583106E-14   0.988493E-18   0.219806E-23   0.121177E-26   0.299016E-27   0.737218E-25   0.725173E-27   0.181915E-24   0.286499E-24
   0.150000E+01   0.741941E-33   0.314687E-31   0.339236E-32   0.823979E-31   0.149270E-31   0.308271E-31   0.362508E-30   0.124081E-30   0.244753E-30   0.471464E-30   0.885295E-30   0.162094E-29   0.412045E-24   0.112772E-17   0.136369E-13   0.451319E-12   0.212633E-12   0.563476E-14   0.955196E-18   0.212403E-23   0.117112E-26   0.309892E-27   0.712323E-25   0.779906E-27   0.175771E-24   0.276823E-24
   0.150000E+01   0.817743E-36   0.150023E-37   0.327095E-35   0.608906E-37   0.130839E-34   0.261677E-34   0.491639E-36   0.104670E-33   0.209340E-33   0.418684E-33   0.837357E-33   0.167472E-32   0.963799E-33   0.282666E-26   0.337576E-22   0.140178E-20   0.661993E-21   0.138516E-22   0.226657E-26   0.688441E-32   0.205777E-31   0.429528E-31   0.367709E-33   0.171786E-30   0.469169E-33   0.789699E-33
   0.150000E+01   0.205315E-37   0.743500E-39   0.821376E-37   0.272715E-38   0.328551E-36   0.656913E-36   0.193721E-37   0.262765E-35   0.525418E-35   0.105099E-34   0.210182E-34   0.420334E-34   0.106827E-30   0.293617E-24   0.358266E-20   0.119550E-18   0.570737E-19   0.152060E-20   0.255983E-24   0.583847E-30   0.208562E-31   0.429466E-31   0.194055E-31   0.171786E-30   0.479787E-31   0.758111E-31
   0.150000E+01   0.205329E-37   0.272009E-37   0.821553E-37   0.776884E-37   0.328504E-36   0.657054E-36   0.350485E-36   0.262841E-35   0.525531E-35   0.105106E-34   0.210197E-34   0.420424E-34   0.115898E-28   0.318095E-22   0.388233E-18   0.129433E-16   0.617738E-17   0.164391E-18   0.275789E-22   0.614717E-28   0.503011E-31   0.430021E-31   0.209239E-29   0.171860E-30   0.517384E-29   0.815384E-29
   0.150000E+01   0.108090E-36   0.194590E-32   0.535579E-36   0.557719E-32   0.248775E-35   0.524331E-35   0.248380E-31   0.218862E-34   0.439405E-34   0.864020E-34   0.166340E-33   0.314065E-33   0.532354E-24   0.145859E-17   0.177508E-13   0.590450E-12   0.279825E-12   0.741178E-14   0.125170E-17   0.278460E-23   0.152297E-26   0.392474E-29   0.947177E-25   0.659041E-29   0.234018E-24   0.368709E-24
   0.150000E+01   0.641405E-35   0.721850E-31   0.336255E-34   0.189341E-30   0.161382E-33   0.343722E-33   0.780254E-30   0.144910E-32   0.291480E-32   0.572421E-32   0.109710E-31   0.205514E-31   0.171625E-23   0.470748E-17   0.569943E-13   0.188795E-11   0.896680E-12   0.238139E-13   0.400957E-17   0.891595E-23   0.476017E-26   0.283888E-27   0.298872E-24   0.481437E-27   0.737870E-24   0.116217E-23
   0.150000E+01   0.128317E-34   0.265156E-32   0.682563E-34   0.675700E-32   0.330632E-33   0.706495E-33   0.278547E-31   0.299205E-32   0.602771E-32   0.118502E-31   0.227214E-31   0.425378E-31   0.363358E-25   0.994504E-19   0.120263E-14   0.398020E-13   0.187542E-13   0.497660E-15   0.842432E-19   0.187331E-24   0.104964E-27   0.306998E-28   0.628248E-26   0.821108E-28   0.155026E-25   0.244155E-25
   0.150000E+01   0.106277E-31   0.501672E-31   0.355392E-31   0.138283E-30   0.103470E-30   0.171543E-30   0.590007E-30   0.455742E-30   0.735851E-30   0.118255E-29   0.189405E-29   0.302648E-29   0.427688E-24   0.117055E-17   0.141549E-13   0.468463E-12   0.220716E-12   0.585698E-14   0.991500E-18   0.220479E-23   0.121525E-26   0.321087E-27   0.739388E-25   0.808098E-27   0.182450E-24   0.287345E-24
   0.150000E+01   0.254392E-37   0.822896E-35   0.100940E-36   0.230998E-34   0.390241E-36   0.765576E-36   0.101074E-33   0.295435E-35   0.581879E-35   0.114788E-34   0.226613E-34   0.448531E-34   0.347687E-26   0.954319E-20   0.116433E-15   0.388060E-14   0.185209E-14   0.493548E-16   0.830712E-20   0.184987E-25   0.887113E-29   0.588040E-31   0.626615E-27   0.198138E-30   0.154928E-26   0.244139E-26
   0.150000E+01   0.283294E-37   0.131838E-34   0.112407E-36   0.373845E-34   0.428632E-36   0.833801E-36   0.164987E-33   0.315992E-35   0.617501E-35   0.120927E-34   0.237205E-34   0.466346E-34   0.571303E-26   0.156813E-19   0.191400E-15   0.638134E-14   0.304652E-14   0.811977E-16   0.136684E-19   0.304450E-25   0.145884E-28   0.690067E-31   0.103154E-26   0.215136E-30   0.255063E-26   0.401947E-26
   0.150000E+01   0.576407E-36   0.947050E-33   0.227053E-35   0.271274E-32   0.762715E-35   0.135709E-34   0.120750E-31   0.416710E-34   0.727644E-34   0.126701E-33   0.220004E-33   0.381060E-33   0.412603E-24   0.113238E-17   0.138243E-13   0.460982E-12   0.220023E-12   0.585046E-14   0.981073E-18   0.218369E-23   0.107192E-26   0.196564E-29   0.745568E-25   0.336864E-29   0.184356E-24   0.290525E-24
   0.150000E+01   0.173969E-31   0.298567E-28   0.693666E-31   0.863916E-28   0.233197E-30   0.413760E-30   0.387876E-27   0.125581E-29   0.217432E-29   0.374599E-29   0.642048E-29   0.109450E-28   0.565547E-20   0.155185E-13   0.188720E-09   0.627355E-08   0.298547E-08   0.793667E-10   0.133331E-13   0.296503E-19   0.156920E-22   0.619646E-25   0.100440E-20   0.103031E-24   0.248176E-20   0.390997E-20
   0.150000E+01   0.501834E-31   0.772120E-29   0.222238E-30   0.197578E-28   0.800310E-30   0.145539E-29   0.802642E-28   0.457679E-29   0.802447E-29   0.139639E-28   0.241249E-28   0.413864E-28   0.141008E-21   0.386822E-15   0.468166E-11   0.155035E-09   0.737385E-10   0.195895E-11   0.329430E-15   0.732579E-21   0.390249E-24   0.652135E-25   0.245212E-22   0.147108E-24   0.605378E-22   0.953461E-22
   0.150000E+01   0.582922E-31   0.212548E-30   0.164242E-30   0.556013E-30   0.431222E-30   0.692362E-30   0.227146E-29   0.177030E-29   0.282472E-29   0.450258E-29   0.717123E-29   0.114140E-28   0.186209E-23   0.510367E-17   0.617360E-13   0.204359E-11   0.969135E-12   0.257340E-13   0.433671E-17   0.964415E-23   0.520698E-26   0.119427E-26   0.322802E-24   0.298523E-26   0.796761E-24   0.125484E-23
   0.150000E+01   0.114429E-28   0.357941E-28   0.288289E-28   0.908311E-28   0.726174E-28   0.115247E-27   0.364615E-27   0.290254E-27   0.460611E-27   0.730928E-27   0.115983E-26   0.184032E-26   0.334555E-21   0.918091E-15   0.111085E-10   0.367775E-09   0.175301E-09   0.465629E-11   0.782097E-15   0.173932E-20   0.923445E-24   0.185917E-24   0.581305E-22   0.463676E-24   0.143514E-21   0.226028E-21
   0.150000E+01   0.000000E+00   0.000000E+00   0.000000E+00   0.000000E+00   0.000000E+00   0.000000E+00   0.000000E+00   0.000000E+00   0.000000E+00   0.000000E+00   0.000000E+00   0.000000E+00   0.000000E+00   0.000000E+00   0.000000E+00   0.000000E+00   0.000000E+00   0.000000E+00   0.000000E+00   0.000000E+00   0.000000E+00   0.000000E+00   0.000000E+00   0.000000E+00   0.000000E+00   0.000000E+00
   0.150000E+01   0.231015E-26   0.462476E-26   0.923909E-26   0.184905E-25   0.369526E-25   0.739024E-25   0.147858E-24   0.295595E-24   0.591178E-24   0.118234E-23   0.236465E-23   0.472926E-23   0.589000E-20   0.297043E-13   0.450194E-09   0.187124E-07   0.109489E-07   0.279056E-09   0.426693E-13   0.959807E-19   0.202693E-20   0.484261E-20   0.992563E-20   0.193703E-19   0.390434E-19   0.779352E-19
   0.166667E+01   0.218750E-25   0.420341E-25   0.875000E-25   0.171811E-24   0.350000E-24   0.694050E-24   0.140000E-23   0.278865E-23   0.560000E-23   0.111773E-22   0.224000E-22   0.447501E-22   0.896000E-22   0.254888E-12   0.393162E-08   0.165544E-06   0.986508E-07   0.111503E-07   0.463747E-11   0.793521E-16   0.164058E-20   0.458751E-19   0.933165E-19   0.183499E-18   0.367685E-18   0.734850E-18
   0.166667E+01   0.267425E-39   0.291834E-39   0.327075E-35   0.121582E-38   0.130831E-34   0.304649E-38   0.523327E-34   0.169231E-37   0.209327E-33   0.370467E-37   0.837320E-33   0.124273E-36   0.334927E-32   0.123389E-25   0.151372E-21   0.495821E-20   0.251812E-20   0.287956E-21   0.125432E-24   0.216121E-29   0.297423E-32   0.171480E-29   0.108344E-32   0.685913E-29   0.239563E-32   0.306055E-32
   0.166667E+01   0.230368E-37   0.515946E-38   0.327077E-35   0.149260E-37   0.130832E-34   0.109526E-36   0.523323E-34   0.115448E-36   0.209330E-33   0.786323E-36   0.837325E-33   0.207205E-35   0.334925E-32   0.130911E-23   0.160198E-19   0.534552E-18   0.257573E-18   0.293957E-19   0.139207E-22   0.237499E-27   0.537296E-32   0.429589E-31   0.888216E-31   0.171822E-30   0.219361E-30   0.346078E-30
   0.166667E+01   0.908069E-39   0.438560E-39   0.327079E-35   0.159629E-38   0.130831E-34   0.560909E-38   0.523322E-34   0.202887E-37   0.209330E-33   0.610478E-37   0.837313E-33   0.187301E-36   0.334930E-32   0.502878E-25   0.607318E-21   0.203276E-19   0.984525E-20   0.111307E-20   0.552939E-24   0.942164E-29   0.303260E-32   0.429466E-31   0.366132E-32   0.685920E-29   0.891571E-32   0.145618E-31
   0.166667E+01   0.820965E-37   0.179553E-37   0.327078E-35   0.523292E-37   0.130831E-34   0.404676E-36   0.523321E-34   0.391546E-36   0.209329E-33   0.289152E-35   0.837311E-33   0.751265E-35   0.334926E-32   0.498134E-23   0.610037E-19   0.203686E-17   0.981878E-18   0.112099E-18   0.531086E-22   0.906312E-27   0.122336E-31   0.429713E-31   0.338759E-30   0.171835E-30   0.836347E-30   0.131762E-29
   0.166667E+01   0.748243E-35   0.162611E-35   0.327078E-35   0.476227E-35   0.130831E-34   0.376105E-34   0.131176E-35   0.350978E-34   0.524214E-35   0.269474E-33   0.209821E-34   0.698973E-33   0.839344E-34   0.469194E-21   0.574818E-17   0.191981E-15   0.925691E-16   0.105706E-16   0.500853E-20   0.854916E-25   0.879885E-30   0.437139E-31   0.319518E-28   0.173080E-30   0.788549E-28   0.124222E-27
   0.166667E+01   0.726719E-33   0.155675E-33   0.825373E-37   0.446473E-33   0.330243E-36   0.348053E-32   0.132116E-35   0.322066E-32   0.528540E-35   0.246017E-31   0.211356E-34   0.636005E-31   0.845543E-34   0.423905E-19   0.518855E-15   0.173162E-13   0.834201E-14   0.951631E-15   0.449567E-18   0.767533E-23   0.755664E-28   0.110037E-30   0.287500E-26   0.283445E-30   0.709390E-26   0.111745E-25
   0.166667E+01   0.320028E-38   0.932477E-39   0.327077E-35   0.299195E-38   0.130831E-34   0.173077E-37   0.523327E-34   0.315154E-37   0.209330E-33   0.140582E-36   0.837313E-33   0.355435E-36   0.334929E-32   0.190575E-24   0.233568E-20   0.781000E-19   0.376306E-19   0.427223E-20   0.203549E-23   0.360425E-28   0.329448E-32   0.429466E-31   0.129761E-31   0.171785E-30   0.321805E-31   0.504975E-31
   0.166667E+01   0.287658E-36   0.627242E-37   0.327079E-35   0.183870E-36   0.130830E-34   0.144528E-35   0.523321E-34   0.136296E-35   0.209331E-33   0.103648E-34   0.837313E-33   0.269186E-34   0.334925E-32   0.179977E-22   0.220490E-18   0.736399E-17   0.355067E-17   0.405455E-18   0.192107E-21   0.327908E-26   0.365732E-31   0.429805E-31   0.122563E-29   0.171859E-30   0.302494E-29   0.476562E-29
   0.166667E+01   0.252625E-34   0.552509E-35   0.819790E-37   0.163337E-34   0.327963E-36   0.129788E-33   0.131119E-35   0.121556E-33   0.524402E-35   0.935588E-33   0.209776E-34   0.243032E-32   0.839284E-34   0.163258E-20   0.200088E-16   0.668472E-15   0.322409E-15   0.368225E-16   0.174491E-19   0.297907E-24   0.305902E-29   0.455351E-31   0.111368E-27   0.176099E-30   0.274867E-27   0.433017E-27
   0.166667E+01   0.213940E-32   0.471136E-33   0.836246E-37   0.140694E-32   0.334992E-36   0.112513E-31   0.134053E-35   0.105795E-31   0.536326E-35   0.816369E-31   0.214606E-34   0.212399E-30   0.858904E-34   0.139264E-18   0.170706E-14   0.570381E-13   0.274907E-13   0.313860E-14   0.147944E-17   0.252662E-22   0.248886E-27   0.269001E-30   0.950653E-26   0.547934E-30   0.234626E-25   0.369626E-25
   0.166667E+01   0.114027E-30   0.348679E-31   0.203913E-36   0.103893E-30   0.851998E-36   0.661750E-30   0.348003E-35   0.774064E-30   0.141733E-34   0.459150E-29   0.573400E-34   0.118066E-28   0.230991E-33   0.386611E-17   0.471852E-13   0.157127E-11   0.749781E-12   0.855814E-13   0.406077E-16   0.692869E-21   0.682268E-26   0.173880E-28   0.258989E-24   0.290326E-28   0.638461E-24   0.100552E-23
   0.166667E+01   0.102246E-30   0.627432E-31   0.259909E-35   0.162514E-30   0.107986E-34   0.627672E-30   0.437476E-34   0.105187E-29   0.177655E-33   0.402558E-29   0.717418E-33   0.101553E-28   0.288696E-32   0.141832E-17   0.172477E-13   0.572707E-12   0.272158E-12   0.310642E-13   0.147797E-16   0.252165E-21   0.248397E-26   0.223177E-27   0.935336E-25   0.452060E-27   0.230402E-24   0.362777E-24
   0.166667E+01   0.868984E-38   0.213216E-38   0.327079E-35   0.652223E-38   0.130830E-34   0.451817E-37   0.523326E-34   0.575333E-37   0.209330E-33   0.340217E-36   0.837314E-33   0.917236E-36   0.334928E-32   0.539301E-24   0.660756E-20   0.220690E-18   0.106480E-18   0.121605E-19   0.575795E-23   0.982836E-28   0.394701E-32   0.429589E-31   0.368492E-31   0.171798E-30   0.905164E-31   0.143940E-30
   0.166667E+01   0.765416E-36   0.167650E-36   0.327077E-35   0.495573E-36   0.130830E-34   0.392877E-35   0.523325E-34   0.369484E-35   0.209327E-33   0.283304E-34   0.837308E-33   0.736031E-34   0.334926E-32   0.493521E-22   0.604839E-18   0.202067E-16   0.974566E-17   0.111305E-17   0.527432E-21   0.900471E-26   0.953134E-31   0.430360E-31   0.336633E-29   0.171983E-30   0.830867E-29   0.130895E-28
   0.166667E+01   0.832953E-34   0.183450E-34   0.820083E-37   0.547480E-34   0.328057E-36   0.437482E-33   0.131223E-35   0.411410E-33   0.524816E-35   0.317293E-32   0.209971E-34   0.825433E-32   0.839645E-34   0.554682E-20   0.680074E-16   0.227275E-14   0.109645E-14   0.125245E-15   0.593479E-19   0.101356E-23   0.995749E-29   0.517812E-31   0.379024E-27   0.186539E-30   0.935538E-27   0.147385E-26
   0.166667E+01   0.685822E-32   0.152092E-32   0.865399E-37   0.458505E-32   0.347547E-36   0.368729E-31   0.139282E-35   0.348143E-31   0.558068E-35   0.269182E-30   0.223423E-34   0.701389E-30   0.894594E-34   0.434345E-18   0.532349E-14   0.177862E-12   0.856083E-13   0.977080E-14   0.460723E-17   0.786716E-22   0.774911E-27   0.795032E-30   0.296369E-25   0.142373E-29   0.731389E-25   0.115220E-24
   0.166667E+01   0.210982E-30   0.867578E-31   0.405734E-36   0.247246E-30   0.173042E-35   0.125748E-29   0.713224E-35   0.175444E-29   0.292794E-34   0.847007E-29   0.119065E-33   0.216250E-28   0.481181E-33   0.556739E-17   0.678596E-13   0.225733E-11   0.107743E-11   0.123078E-12   0.583674E-16   0.995731E-21   0.980187E-26   0.555824E-28   0.370796E-24   0.926234E-28   0.913922E-24   0.143923E-23
   0.166667E+01   0.113107E-30   0.706206E-31   0.633815E-35   0.182468E-30   0.276527E-34   0.697791E-30   0.115251E-33   0.117809E-29   0.477208E-33   0.446890E-29   0.195087E-32   0.112696E-28   0.791142E-32   0.153589E-17   0.186765E-13   0.620123E-12   0.294783E-12   0.336484E-13   0.160054E-16   0.273077E-21   0.268986E-26   0.331383E-27   0.101266E-24   0.767568E-27   0.249447E-24   0.392764E-24
   0.166667E+01   0.109016E-30   0.688447E-31   0.514488E-33   0.177562E-30   0.216288E-32   0.674987E-30   0.880077E-32   0.115308E-29   0.359102E-31   0.435802E-29   0.145456E-30   0.110920E-28   0.586419E-30   0.145268E-17   0.176637E-13   0.586470E-12   0.278828E-12   0.318271E-13   0.151377E-16   0.258272E-21   0.254400E-26   0.369115E-27   0.957574E-25   0.926956E-27   0.235877E-24   0.371396E-24
   0.166667E+01   0.778765E-40   0.271193E-39   0.327075E-35   0.102767E-38   0.130831E-34   0.214667E-38   0.523321E-34   0.170542E-37   0.209329E-33   0.315667E-37   0.837319E-33   0.117364E-36   0.334924E-32   0.328811E-26   0.397384E-22   0.133025E-20   0.644886E-21   0.890113E-22   0.447663E-25   0.636684E-30   0.294619E-32   0.429405E-31   0.424745E-33   0.171810E-30   0.103728E-32   0.789935E-33
   0.166667E+01   0.244556E-35   0.539292E-36   0.327080E-35   0.160862E-35   0.130831E-34   0.128310E-34   0.131072E-35   0.120797E-34   0.524552E-35   0.930320E-34   0.209776E-34   0.242030E-33   0.838983E-34   0.162473E-21   0.199197E-17   0.665687E-16   0.321146E-16   0.366840E-17   0.173852E-20   0.296877E-25   0.307516E-30   0.432178E-31   0.111010E-28   0.172266E-30   0.274003E-28   0.431670E-28
   0.166667E+01   0.212108E-33   0.470770E-34   0.823845E-37   0.141824E-33   0.329609E-36   0.113905E-32   0.131890E-35   0.107611E-32   0.527486E-35   0.831168E-32   0.211160E-34   0.216548E-31   0.844640E-34   0.145392E-19   0.178323E-15   0.596113E-14   0.287635E-14   0.328480E-15   0.155441E-18   0.265609E-23   0.261350E-28   0.666771E-31   0.995068E-27   0.211598E-30   0.245626E-26   0.386971E-26
   0.166667E+01   0.168294E-31   0.377222E-32   0.114675E-36   0.114796E-31   0.474829E-36   0.927771E-31   0.193232E-35   0.880119E-31   0.784779E-35   0.681274E-30   0.316981E-34   0.177760E-29   0.127581E-33   0.953783E-18   0.116822E-13   0.390110E-12   0.187311E-12   0.213720E-13   0.100980E-16   0.172374E-21   0.169749E-26   0.199104E-29   0.648936E-25   0.344074E-29   0.160110E-24   0.252219E-24
   0.166667E+01   0.310419E-30   0.159081E-30   0.298919E-35   0.437111E-30   0.134933E-34   0.190921E-29   0.571844E-34   0.298917E-29   0.240134E-33   0.125861E-28   0.990495E-33   0.319663E-28   0.403941E-32   0.666616E-17   0.811846E-13   0.269872E-11   0.129031E-11   0.147504E-12   0.698408E-16   0.119138E-20   0.117242E-25   0.177585E-27   0.442338E-24   0.298151E-27   0.109020E-23   0.171673E-23
   0.166667E+01   0.123241E-30   0.774445E-31   0.615423E-34   0.199611E-30   0.281130E-33   0.760040E-30   0.119941E-32   0.128710E-29   0.505985E-32   0.486728E-29   0.209309E-31   0.122847E-28   0.855136E-31   0.165542E-17   0.201294E-13   0.668346E-12   0.317743E-12   0.362782E-13   0.172509E-16   0.294329E-21   0.289914E-26   0.398753E-27   0.109132E-24   0.975601E-27   0.268824E-24   0.423272E-24
   0.166667E+01   0.121085E-30   0.779849E-31   0.560369E-32   0.205776E-30   0.247485E-31   0.787874E-30   0.101413E-30   0.144772E-29   0.389238E-30   0.543789E-29   0.134434E-29   0.142601E-28   0.421699E-29   0.160023E-17   0.194579E-13   0.646039E-12   0.307145E-12   0.350679E-13   0.166752E-16   0.284507E-21   0.280240E-26   0.406719E-27   0.105484E-24   0.102147E-26   0.259835E-24   0.409119E-24
   0.166667E+01   0.778765E-40   0.268230E-39   0.327093E-35   0.108483E-38   0.130839E-34   0.223776E-38   0.523350E-34   0.159219E-37   0.209341E-33   0.345364E-37   0.837352E-33   0.108213E-36   0.840728E-34   0.454234E-26   0.512416E-22   0.173702E-20   0.798430E-21   0.108362E-21   0.421503E-25   0.792952E-30   0.294739E-32   0.429559E-31   0.480428E-33   0.171798E-30   0.108668E-32   0.197449E-32
   0.166667E+01   0.681052E-38   0.162067E-38   0.821376E-37   0.495098E-38   0.328621E-36   0.378555E-37   0.131401E-35   0.389618E-37   0.525380E-35   0.291307E-36   0.210227E-34   0.787548E-36   0.840789E-34   0.462217E-24   0.567187E-20   0.189643E-18   0.915492E-19   0.104592E-19   0.495613E-23   0.846598E-28   0.380668E-32   0.429466E-31   0.315794E-31   0.171835E-30   0.787842E-31   0.123109E-30
   0.166667E+01   0.714217E-36   0.159944E-36   0.821553E-37   0.486396E-36   0.328527E-36   0.392383E-35   0.131392E-35   0.373059E-35   0.525568E-35   0.288206E-34   0.210137E-34   0.752289E-34   0.840608E-34   0.500921E-22   0.614568E-18   0.205495E-16   0.991529E-17   0.113220E-17   0.534337E-21   0.912953E-26   0.138196E-30   0.430391E-31   0.343362E-29   0.171970E-30   0.847622E-29   0.133549E-28
   0.166667E+01   0.458620E-31   0.112362E-31   0.945056E-36   0.345133E-31   0.445978E-35   0.269301E-30   0.191628E-34   0.267073E-30   0.766347E-34   0.195013E-29   0.277924E-33   0.506651E-29   0.931091E-33   0.210269E-17   0.257177E-13   0.857847E-12   0.410585E-12   0.468757E-13   0.221892E-16   0.378666E-21   0.372844E-26   0.613175E-29   0.142175E-24   0.104887E-28   0.350653E-24   0.552326E-24
   0.166667E+01   0.311696E-30   0.182035E-30   0.636875E-34   0.483433E-30   0.307331E-33   0.193710E-29   0.133449E-32   0.319926E-29   0.535378E-32   0.125609E-28   0.193059E-31   0.317733E-28   0.637275E-31   0.611252E-17   0.744202E-13   0.247319E-11   0.118647E-11   0.135758E-12   0.640993E-16   0.109338E-20   0.107547E-25   0.425468E-27   0.405046E-24   0.759386E-27   0.998383E-24   0.157212E-23
   0.166667E+01   0.105666E-31   0.669355E-32   0.143927E-33   0.173867E-31   0.700994E-33   0.663609E-31   0.306153E-32   0.115942E-30   0.123174E-31   0.437907E-30   0.442503E-31   0.112418E-29   0.144056E-30   0.141029E-18   0.171486E-14   0.569372E-13   0.270716E-13   0.309201E-14   0.146968E-17   0.250755E-22   0.247071E-27   0.392943E-28   0.929713E-26   0.103777E-27   0.229016E-25   0.360596E-25
   0.166667E+01   0.139932E-30   0.106299E-30   0.526249E-31   0.285679E-30   0.145585E-30   0.994921E-30   0.383847E-30   0.190233E-29   0.990666E-30   0.644413E-29   0.252694E-29   0.162831E-28   0.640921E-29   0.165967E-17   0.201807E-13   0.670039E-12   0.318565E-12   0.363858E-13   0.172951E-16   0.295086E-21   0.290656E-26   0.420951E-27   0.109404E-24   0.105722E-26   0.269493E-24   0.424328E-24
   0.166667E+01   0.195812E-33   0.435556E-34   0.112953E-36   0.131027E-33   0.425999E-36   0.104918E-32   0.160685E-35   0.992715E-33   0.612348E-35   0.764887E-32   0.235460E-34   0.199235E-31   0.912529E-34   0.133717E-19   0.164000E-15   0.548220E-14   0.264541E-14   0.302229E-15   0.143245E-18   0.244662E-23   0.240358E-28   0.658605E-31   0.915059E-27   0.210858E-30   0.225877E-26   0.355856E-26
   0.166667E+01   0.331337E-33   0.742124E-34   0.134941E-36   0.225518E-33   0.496717E-36   0.181735E-32   0.182192E-35   0.172645E-32   0.676633E-35   0.133361E-31   0.254238E-34   0.347927E-31   0.965793E-34   0.233670E-19   0.286707E-15   0.958724E-14   0.462761E-14   0.528781E-15   0.250654E-18   0.428218E-23   0.420726E-28   0.830429E-31   0.160198E-26   0.240132E-30   0.395471E-26   0.623060E-26
   0.166667E+01   0.223366E-31   0.503758E-32   0.368821E-35   0.154637E-31   0.119066E-34   0.125412E-30   0.364763E-34   0.119618E-30   0.110123E-33   0.926341E-30   0.326996E-33   0.242060E-29   0.956080E-33   0.158841E-17   0.194927E-13   0.651912E-12   0.314526E-12   0.359569E-13   0.169352E-16   0.289110E-21   0.284490E-26   0.283807E-29   0.108981E-24   0.493501E-29   0.269035E-24   0.423866E-24
   0.166667E+01   0.473338E-27   0.151596E-27   0.111617E-30   0.460889E-27   0.361241E-30   0.286629E-26   0.110257E-29   0.349214E-26   0.329844E-29   0.200064E-25   0.964189E-29   0.515106E-25   0.275076E-28   0.197841E-13   0.241860E-09   0.806392E-08   0.388093E-08   0.442367E-09   0.209255E-12   0.356884E-17   0.350913E-22   0.879427E-25   0.133450E-20   0.149876E-24   0.329203E-20   0.518527E-20
   0.166667E+01   0.283455E-28   0.178642E-28   0.415856E-30   0.465036E-28   0.144397E-29   0.177475E-27   0.461156E-29   0.303622E-27   0.142008E-28   0.114451E-26   0.422806E-28   0.289545E-26   0.122030E-27   0.500191E-15   0.608805E-11   0.202273E-09   0.971933E-10   0.110706E-10   0.524509E-14   0.894587E-19   0.879885E-24   0.829721E-25   0.331033E-22   0.193315E-24   0.815935E-22   0.128480E-21
   0.166667E+01   0.525013E-30   0.406062E-30   0.217934E-30   0.106215E-29   0.561303E-30   0.363169E-29   0.142989E-29   0.691240E-29   0.362676E-29   0.233137E-28   0.917518E-29   0.588192E-28   0.231726E-28   0.686362E-17   0.834921E-13   0.277282E-11   0.132735E-11   0.151050E-12   0.717748E-16   0.122432E-20   0.120494E-25   0.150562E-26   0.453173E-24   0.376178E-26   0.111667E-23   0.175828E-23
   0.166667E+01   0.789136E-28   0.614727E-28   0.342595E-28   0.159094E-27   0.862901E-28   0.539765E-27   0.217326E-27   0.102717E-26   0.547299E-27   0.345243E-26   0.137809E-26   0.870174E-26   0.346921E-26   0.117716E-14   0.143251E-10   0.475867E-09   0.229092E-09   0.260977E-10   0.123487E-13   0.210617E-18   0.207116E-23   0.221052E-24   0.778422E-22   0.551216E-24   0.191873E-21   0.302125E-21
   0.166667E+01   0.000000E+00   0.000000E+00   0.000000E+00   0.000000E+00   0.000000E+00   0.000000E+00   0.000000E+00   0.000000E+00   0.000000E+00   0.000000E+00   0.000000E+00   0.000000E+00   0.000000E+00   0.000000E+00   0.000000E+00   0.000000E+00   0.000000E+00   0.000000E+00   0.000000E+00   0.000000E+00   0.000000E+00   0.000000E+00   0.000000E+00   0.000000E+00   0.000000E+00   0.000000E+00
   0.166667E+01   0.236040E-26   0.445756E-26   0.923959E-26   0.181954E-25   0.369538E-25   0.735806E-25   0.147804E-24   0.294796E-24   0.591187E-24   0.118205E-23   0.236467E-23   0.472939E-23   0.945851E-23   0.287978E-13   0.438141E-09   0.182454E-07   0.107844E-07   0.121930E-08   0.509527E-12   0.871745E-17   0.176533E-21   0.484261E-20   0.997791E-20   0.193703E-19   0.391272E-19   0.780659E-19
   0.183333E+01   0.206209E-25   0.420397E-25   0.875000E-25   0.171826E-24   0.350000E-24   0.694084E-24   0.140000E-23   0.278873E-23   0.560000E-23   0.111775E-22   0.224000E-22   0.447507E-22   0.896000E-22   0.243245E-12   0.377870E-08   0.159819E-06   0.100612E-06   0.150679E-07   0.341353E-11   0.223305E-15   0.627721E-20   0.458750E-19   0.935261E-19   0.183499E-18   0.367742E-18   0.734930E-18
   0.183333E+01   0.729131E-38   0.148347E-37   0.327075E-35   0.607248E-37   0.130831E-34   0.463043E-38   0.523327E-34   0.172927E-37   0.209327E-33   0.393896E-35   0.837320E-33   0.259454E-36   0.334927E-32   0.174203E-25   0.219860E-21   0.724850E-20   0.380516E-20   0.577655E-21   0.147641E-24   0.944430E-29   0.118242E-31   0.171479E-29   0.156044E-32   0.685917E-29   0.313707E-32   0.567734E-32
   0.183333E+01   0.829691E-38   0.165261E-37   0.327077E-35   0.650874E-37   0.130832E-34   0.595042E-37   0.523323E-34   0.163026E-36   0.209330E-33   0.401628E-35   0.837325E-33   0.123033E-35   0.334925E-32   0.195607E-23   0.240554E-19   0.804892E-18   0.408565E-18   0.621079E-19   0.159446E-22   0.102703E-26   0.159192E-31   0.429713E-31   0.138047E-30   0.171822E-30   0.340409E-30   0.536237E-30
   0.183333E+01   0.731624E-38   0.148995E-37   0.327079E-35   0.607821E-37   0.130831E-34   0.630733E-38   0.523322E-34   0.219698E-37   0.209330E-33   0.394119E-35   0.837313E-33   0.298435E-36   0.334930E-32   0.746143E-25   0.919140E-21   0.308406E-19   0.156790E-19   0.236922E-20   0.633098E-24   0.393862E-28   0.119268E-31   0.429620E-31   0.531916E-32   0.171871E-30   0.134869E-31   0.203891E-31
   0.183333E+01   0.108968E-37   0.209256E-37   0.327078E-35   0.772174E-37   0.130831E-34   0.211119E-36   0.523321E-34   0.567824E-36   0.209329E-33   0.423474E-35   0.837311E-33   0.396264E-35   0.334926E-32   0.743466E-23   0.915057E-19   0.306357E-17   0.155573E-17   0.236598E-18   0.607519E-22   0.391563E-26   0.275879E-31   0.429682E-31   0.526217E-30   0.171859E-30   0.129662E-29   0.204226E-29
   0.183333E+01   0.337615E-36   0.574711E-36   0.327078E-35   0.160339E-35   0.130831E-34   0.193474E-34   0.131195E-35   0.517202E-34   0.524477E-35   0.278128E-34   0.209881E-34   0.349697E-33   0.839344E-34   0.700653E-21   0.862692E-17   0.288912E-15   0.146752E-15   0.223220E-16   0.573258E-20   0.369580E-24   0.150495E-29   0.440929E-31   0.496657E-28   0.173807E-30   0.122365E-27   0.192718E-27
   0.183333E+01   0.320989E-34   0.536121E-34   0.826666E-37   0.144684E-33   0.330666E-36   0.179026E-32   0.132332E-35   0.474662E-32   0.529367E-35   0.252831E-32   0.211717E-34   0.318154E-31   0.846566E-34   0.632118E-19   0.777587E-15   0.260217E-13   0.132062E-13   0.200530E-14   0.513849E-18   0.331059E-22   0.132146E-27   0.145649E-30   0.446238E-26   0.347502E-30   0.109920E-25   0.173107E-25
   0.183333E+01   0.741597E-38   0.150801E-37   0.327078E-35   0.611738E-37   0.130831E-34   0.121787E-37   0.523325E-34   0.380672E-37   0.209331E-33   0.394939E-35   0.837313E-33   0.403446E-36   0.334926E-32   0.283496E-24   0.348886E-20   0.116878E-18   0.594196E-19   0.903774E-20   0.231972E-23   0.149434E-27   0.123724E-31   0.429466E-31   0.200109E-31   0.171760E-30   0.493043E-31   0.782486E-31
   0.183333E+01   0.199583E-37   0.363069E-37   0.327075E-35   0.119759E-36   0.130832E-34   0.745268E-36   0.523322E-34   0.199764E-35   0.209330E-33   0.499976E-35   0.837319E-33   0.136416E-34   0.334927E-32   0.268313E-22   0.330357E-18   0.110634E-16   0.561956E-17   0.854755E-18   0.219512E-21   0.141517E-25   0.689447E-31   0.430082E-31   0.190182E-29   0.171921E-30   0.468596E-29   0.738015E-29
   0.183333E+01   0.112114E-35   0.190093E-35   0.819731E-37   0.528864E-35   0.327963E-36   0.666814E-34   0.131157E-35   0.178940E-33   0.524477E-35   0.961586E-34   0.209806E-34   0.121441E-32   0.839284E-34   0.243532E-20   0.299967E-16   0.100488E-14   0.510562E-15   0.776728E-16   0.199495E-19   0.128649E-23   0.520978E-29   0.469032E-31   0.172919E-27   0.178564E-30   0.426064E-27   0.671044E-27
   0.183333E+01   0.942109E-34   0.161885E-33   0.839479E-37   0.454911E-33   0.336473E-36   0.577435E-32   0.134683E-35   0.155577E-31   0.539035E-35   0.837094E-32   0.215734E-34   0.106015E-30   0.862937E-34   0.206699E-18   0.254625E-14   0.853067E-13   0.433207E-13   0.656743E-14   0.168362E-17   0.108475E-21   0.436378E-27   0.388307E-30   0.146841E-25   0.762673E-30   0.361792E-25   0.569818E-25
   0.183333E+01   0.689841E-32   0.119381E-31   0.226959E-36   0.338881E-31   0.951069E-36   0.405007E-30   0.389032E-35   0.108174E-29   0.158600E-34   0.631679E-30   0.642042E-34   0.728744E-29   0.258797E-33   0.523371E-17   0.641844E-13   0.214283E-11   0.107761E-11   0.161939E-12   0.421395E-16   0.271044E-20   0.108952E-25   0.260500E-28   0.364667E-24   0.446630E-28   0.897316E-24   0.141282E-23
   0.183333E+01   0.247143E-31   0.400967E-31   0.329057E-35   0.103612E-30   0.136753E-34   0.534553E-30   0.554069E-34   0.135488E-29   0.225021E-33   0.169191E-29   0.908766E-33   0.863441E-29   0.365706E-32   0.193960E-17   0.237070E-13   0.789380E-12   0.395145E-12   0.593073E-13   0.154970E-16   0.996393E-21   0.400995E-26   0.312181E-27   0.133205E-24   0.663904E-27   0.327511E-24   0.515549E-24
   0.183333E+01   0.765422E-38   0.154695E-37   0.327078E-35   0.623499E-37   0.130831E-34   0.258343E-37   0.523322E-34   0.749507E-37   0.209328E-33   0.396283E-35   0.837323E-33   0.652636E-36   0.334929E-32   0.786693E-24   0.968791E-20   0.324495E-18   0.164846E-18   0.250751E-19   0.643855E-23   0.415096E-27   0.134448E-31   0.429466E-31   0.558825E-31   0.171797E-30   0.138080E-30   0.217714E-30
   0.183333E+01   0.404153E-37   0.713280E-37   0.327077E-35   0.217678E-36   0.130830E-34   0.198187E-35   0.523327E-34   0.532316E-35   0.209329E-33   0.678660E-35   0.837308E-33   0.362671E-34   0.334925E-32   0.721334E-22   0.888473E-18   0.297631E-16   0.151218E-16   0.230049E-17   0.590852E-21   0.381017E-25   0.165717E-30   0.430668E-31   0.512137E-29   0.172032E-30   0.126189E-28   0.198749E-28
   0.183333E+01   0.367564E-35   0.631330E-35   0.820260E-37   0.177307E-34   0.327963E-36   0.224637E-33   0.131289E-35   0.605081E-33   0.524966E-35   0.326095E-33   0.210002E-34   0.412218E-32   0.840006E-34   0.826588E-20   0.101852E-15   0.341307E-14   0.173456E-14   0.263909E-15   0.677703E-19   0.437170E-23   0.176826E-28   0.564589E-31   0.587905E-27   0.194995E-30   0.144867E-26   0.228169E-26
   0.183333E+01   0.301575E-33   0.521671E-33   0.875155E-37   0.147994E-32   0.351802E-36   0.188718E-31   0.141050E-35   0.510372E-31   0.565328E-35   0.275648E-31   0.226327E-34   0.349128E-30   0.906571E-34   0.638341E-18   0.786209E-14   0.263367E-12   0.133606E-12   0.201518E-13   0.519275E-17   0.334403E-21   0.134773E-26   0.118934E-29   0.453161E-25   0.213502E-29   0.111636E-24   0.175823E-24
   0.183333E+01   0.211463E-31   0.367210E-31   0.467429E-36   0.104553E-30   0.199775E-35   0.880795E-30   0.824407E-35   0.230800E-29   0.338678E-34   0.194619E-29   0.137782E-33   0.152351E-28   0.557069E-33   0.732030E-17   0.896685E-13   0.299079E-11   0.150402E-11   0.226879E-12   0.588350E-16   0.378476E-20   0.151918E-25   0.832692E-28   0.507400E-24   0.142697E-27   0.124835E-23   0.196538E-23
   0.183333E+01   0.278288E-31   0.451263E-31   0.808331E-35   0.116498E-30   0.352804E-34   0.595279E-30   0.147071E-33   0.150748E-29   0.609056E-33   0.189909E-29   0.249011E-32   0.959812E-29   0.100987E-31   0.209720E-17   0.256325E-13   0.853469E-12   0.427328E-12   0.641486E-13   0.167568E-16   0.107742E-20   0.433562E-26   0.436310E-27   0.144007E-24   0.103115E-26   0.354071E-24   0.557357E-24
   0.183333E+01   0.272615E-31   0.441682E-31   0.663661E-33   0.114199E-30   0.279225E-32   0.578706E-30   0.113679E-31   0.147227E-29   0.464014E-31   0.192474E-29   0.187994E-30   0.958950E-29   0.758019E-30   0.198361E-17   0.242430E-13   0.807177E-12   0.404188E-12   0.606733E-13   0.158484E-16   0.101902E-20   0.410064E-26   0.470258E-27   0.136182E-24   0.117935E-26   0.334829E-24   0.527065E-24
   0.183333E+01   0.727885E-38   0.148366E-37   0.327076E-35   0.606638E-37   0.130832E-34   0.447742E-38   0.523325E-34   0.174275E-37   0.209330E-33   0.393424E-35   0.837316E-33   0.240578E-36   0.334926E-32   0.496566E-26   0.653298E-22   0.198458E-20   0.109885E-20   0.152672E-21   0.372955E-25   0.300119E-29   0.117802E-31   0.429435E-31   0.531544E-33   0.171847E-30   0.106216E-32   0.197473E-32
   0.183333E+01   0.113179E-36   0.196659E-36   0.327075E-35   0.570982E-36   0.130831E-34   0.644218E-35   0.131176E-35   0.173492E-34   0.524402E-35   0.950444E-35   0.209791E-34   0.118230E-33   0.839344E-34   0.236486E-21   0.291392E-17   0.976436E-16   0.496229E-16   0.755038E-17   0.193944E-20   0.125100E-24   0.517267E-30   0.433534E-31   0.168183E-28   0.172451E-30   0.414424E-28   0.652732E-28
   0.183333E+01   0.921848E-35   0.159405E-34   0.825256E-37   0.451987E-34   0.330431E-36   0.574007E-33   0.132267E-35   0.155192E-32   0.528954E-35   0.841344E-33   0.211717E-34   0.106131E-31   0.846687E-34   0.212333E-19   0.261728E-15   0.877296E-14   0.445923E-14   0.678252E-15   0.173889E-18   0.112163E-22   0.445510E-28   0.785439E-31   0.151254E-26   0.233229E-30   0.372731E-26   0.587074E-26
   0.183333E+01   0.727779E-33   0.126743E-32   0.128717E-36   0.363022E-32   0.538447E-36   0.463992E-31   0.220278E-35   0.125952E-30   0.898454E-35   0.684461E-31   0.363880E-34   0.864905E-30   0.146732E-33   0.134979E-17   0.166121E-13   0.556157E-12   0.281516E-12   0.422715E-13   0.109578E-16   0.705248E-21   0.283936E-26   0.294402E-29   0.955150E-25   0.517941E-29   0.235236E-24   0.370466E-24
   0.183333E+01   0.518434E-31   0.878855E-31   0.426606E-35   0.240928E-30   0.193310E-34   0.145830E-29   0.821809E-34   0.376718E-29   0.345610E-33   0.423275E-29   0.142689E-32   0.244881E-28   0.582240E-32   0.859654E-17   0.105229E-12   0.350778E-11   0.176656E-11   0.267189E-12   0.690559E-16   0.444313E-20   0.178155E-25   0.265782E-27   0.594017E-24   0.459401E-27   0.146143E-23   0.230075E-23
   0.183333E+01   0.305682E-31   0.495011E-31   0.954824E-34   0.127612E-30   0.437473E-33   0.649204E-30   0.187176E-32   0.164415E-29   0.790551E-32   0.208653E-29   0.327268E-31   0.104972E-28   0.133768E-30   0.225943E-17   0.276147E-13   0.919450E-12   0.460403E-12   0.691253E-13   0.180529E-16   0.116077E-20   0.467087E-26   0.513249E-27   0.155132E-24   0.126303E-26   0.381421E-24   0.600409E-24
   0.183333E+01   0.316699E-31   0.522742E-31   0.891661E-32   0.142747E-30   0.393949E-31   0.709357E-30   0.158511E-30   0.189922E-29   0.584026E-30   0.308421E-29   0.192835E-29   0.134932E-28   0.582671E-29   0.218504E-17   0.267049E-13   0.889146E-12   0.445229E-12   0.668428E-13   0.174578E-16   0.112251E-20   0.451702E-26   0.518110E-27   0.150011E-24   0.129937E-26   0.368830E-24   0.580587E-24
   0.183333E+01   0.728023E-38   0.148337E-37   0.327097E-35   0.606172E-37   0.130837E-34   0.433588E-38   0.523349E-34   0.168590E-37   0.209339E-33   0.129138E-36   0.210122E-34   0.114226E-36   0.840608E-34   0.614642E-26   0.771394E-22   0.240909E-20   0.123699E-20   0.186086E-21   0.557891E-25   0.356586E-29   0.117825E-31   0.429651E-31   0.605970E-33   0.171834E-30   0.108686E-32   0.197473E-32
   0.183333E+01   0.542970E-39   0.100247E-38   0.821435E-37   0.345098E-38   0.328457E-36   0.204672E-37   0.131354E-35   0.573206E-37   0.525455E-35   0.153915E-36   0.210167E-34   0.468928E-36   0.840367E-34   0.687267E-24   0.847403E-20   0.284188E-18   0.144464E-18   0.219855E-19   0.564672E-23   0.364270E-27   0.132385E-31   0.429620E-31   0.491174E-31   0.171884E-30   0.120567E-30   0.190067E-30
   0.183333E+01   0.320989E-37   0.559433E-37   0.821494E-37   0.160776E-36   0.328645E-36   0.201856E-35   0.131477E-35   0.548049E-35   0.525606E-35   0.311809E-35   0.210212E-34   0.376946E-34   0.840969E-34   0.744744E-22   0.918257E-18   0.307867E-16   0.156491E-16   0.237795E-17   0.608724E-21   0.392442E-25   0.251359E-30   0.430884E-31   0.531286E-29   0.172056E-30   0.130928E-28   0.206235E-28
   0.183333E+01   0.214315E-32   0.375769E-32   0.164579E-35   0.108671E-31   0.782792E-35   0.138785E-30   0.332019E-34   0.377890E-30   0.128039E-33   0.207417E-30   0.444456E-33   0.260205E-29   0.143248E-32   0.287660E-17   0.353512E-13   0.118216E-11   0.596418E-12   0.895796E-13   0.232713E-16   0.149721E-20   0.601973E-26   0.903066E-29   0.202262E-24   0.158304E-28   0.497932E-24   0.784099E-24
   0.183333E+01   0.638865E-31   0.105472E-30   0.114975E-33   0.278815E-30   0.555871E-33   0.149524E-29   0.237550E-32   0.381793E-29   0.917575E-32   0.468166E-29   0.317056E-31   0.245219E-28   0.101081E-30   0.768508E-17   0.940582E-13   0.313492E-11   0.158381E-11   0.240364E-12   0.618025E-16   0.397783E-20   0.159250E-25   0.591108E-27   0.530617E-24   0.111485E-26   0.130566E-23   0.205550E-23
   0.183333E+01   0.267537E-32   0.436717E-32   0.286353E-33   0.115591E-31   0.139740E-32   0.584178E-31   0.600343E-32   0.152198E-30   0.231053E-31   0.220104E-30   0.782964E-31   0.102961E-29   0.241793E-30   0.192567E-18   0.235352E-14   0.783615E-13   0.392406E-13   0.589233E-14   0.153861E-17   0.989313E-22   0.398599E-27   0.492013E-28   0.132213E-25   0.128663E-27   0.325071E-25   0.511709E-25
   0.183333E+01   0.544372E-31   0.911515E-31   0.721630E-31   0.244617E-30   0.193244E-30   0.957360E-30   0.500923E-30   0.244049E-29   0.128044E-29   0.411508E-29   0.324954E-29   0.156140E-28   0.821914E-29   0.226432E-17   0.276741E-13   0.921418E-12   0.461408E-12   0.692930E-13   0.180920E-16   0.116330E-20   0.468091E-26   0.535643E-27   0.155459E-24   0.134333E-26   0.382226E-24   0.601677E-24
   0.183333E+01   0.788663E-35   0.136278E-34   0.128775E-36   0.386008E-34   0.473301E-36   0.484612E-33   0.174707E-35   0.130946E-32   0.653236E-35   0.717464E-33   0.246970E-34   0.894949E-32   0.943766E-34   0.178688E-19   0.220253E-15   0.738265E-14   0.375281E-14   0.571097E-15   0.146709E-18   0.946565E-23   0.382632E-28   0.744702E-31   0.127278E-26   0.227005E-30   0.313649E-26   0.494016E-26
   0.183333E+01   0.141359E-34   0.246004E-34   0.166867E-36   0.703882E-34   0.593389E-36   0.889354E-33   0.211072E-35   0.241277E-32   0.761231E-35   0.132523E-32   0.278116E-34   0.165582E-31   0.103200E-33   0.330837E-19   0.407958E-15   0.136788E-13   0.695529E-14   0.105863E-14   0.271983E-18   0.175532E-22   0.694136E-28   0.101408E-30   0.236079E-26   0.274250E-30   0.581810E-26   0.916411E-26
   0.183333E+01   0.903568E-33   0.158365E-32   0.556534E-35   0.457727E-32   0.176139E-34   0.582052E-31   0.535933E-34   0.158543E-30   0.160359E-33   0.872928E-31   0.468989E-33   0.109253E-29   0.134611E-32   0.212543E-17   0.262125E-13   0.879004E-12   0.446833E-12   0.678660E-13   0.173701E-16   0.111910E-20   0.448784E-26   0.390886E-29   0.151763E-24   0.694664E-29   0.374011E-24   0.589109E-24
   0.183333E+01   0.269587E-28   0.475862E-28   0.165675E-30   0.138936E-27   0.526473E-30   0.161389E-26   0.160031E-29   0.433202E-26   0.476266E-29   0.268385E-26   0.137815E-28   0.293092E-25   0.388680E-28   0.242837E-13   0.298362E-09   0.997491E-08   0.505783E-08   0.768191E-09   0.196939E-12   0.126789E-16   0.506743E-22   0.118713E-24   0.170502E-20   0.208066E-24   0.419898E-20   0.661218E-20
   0.183333E+01   0.656157E-29   0.107309E-28   0.706870E-30   0.281299E-28   0.241311E-29   0.141351E-27   0.768138E-29   0.360487E-27   0.235432E-28   0.477771E-27   0.694083E-28   0.232530E-26   0.198060E-27   0.627754E-15   0.768118E-11   0.255956E-09   0.129471E-09   0.195985E-10   0.504793E-14   0.324884E-18   0.130052E-23   0.101109E-24   0.432961E-22   0.240544E-24   0.106534E-21   0.167713E-21
   0.183333E+01   0.207188E-30   0.338372E-30   0.275627E-30   0.879296E-30   0.703590E-30   0.337244E-29   0.178466E-29   0.855459E-29   0.451422E-29   0.144039E-28   0.113989E-28   0.545266E-28   0.287514E-28   0.895861E-17   0.109545E-12   0.364854E-11   0.183808E-11   0.276812E-12   0.718205E-16   0.462020E-20   0.185405E-25   0.185575E-26   0.616241E-24   0.463507E-26   0.151575E-23   0.238608E-23
   0.183333E+01   0.298378E-28   0.482633E-28   0.398711E-28   0.124181E-27   0.100420E-27   0.472302E-27   0.252908E-27   0.119584E-26   0.636894E-27   0.201524E-26   0.160366E-26   0.760714E-26   0.403703E-26   0.146676E-14   0.179452E-10   0.597912E-09   0.302949E-09   0.458923E-10   0.117998E-13   0.759541E-18   0.303895E-23   0.257424E-24   0.101108E-21   0.641848E-24   0.248798E-21   0.391672E-21
   0.183333E+01   0.000000E+00   0.000000E+00   0.000000E+00   0.000000E+00   0.000000E+00   0.000000E+00   0.000000E+00   0.000000E+00   0.000000E+00   0.000000E+00   0.000000E+00   0.000000E+00   0.000000E+00   0.000000E+00   0.000000E+00   0.000000E+00   0.000000E+00   0.000000E+00   0.000000E+00   0.000000E+00   0.000000E+00   0.000000E+00   0.000000E+00   0.000000E+00   0.000000E+00   0.000000E+00
   0.183333E+01   0.218237E-26   0.444717E-26   0.924012E-26   0.181638E-25   0.369552E-25   0.734646E-25   0.147807E-24   0.294900E-24   0.591196E-24   0.118036E-23   0.236470E-23   0.472736E-23   0.945856E-23   0.280024E-13   0.427443E-09   0.178252E-07   0.111047E-07   0.166406E-08   0.379180E-12   0.247854E-16   0.667473E-21   0.484262E-20   0.100357E-19   0.193703E-19   0.392203E-19   0.782116E-19
   0.200000E+01   0.206257E-25   0.420471E-25   0.875000E-25   0.175000E-24   0.350000E-24   0.694120E-24   0.140000E-23   0.278882E-23   0.560000E-23   0.112000E-22   0.224000E-22   0.447513E-22   0.896000E-22   0.109452E-12   0.363475E-08   0.154397E-06   0.928455E-07   0.283997E-07   0.498889E-11   0.623117E-15   0.706391E-21   0.458750E-19   0.937573E-19   0.183498E-18   0.367796E-18   0.735009E-18
   0.200000E+01   0.728609E-38   0.148561E-37   0.327075E-35   0.654159E-35   0.130831E-34   0.244794E-36   0.523327E-34   0.983661E-36   0.209328E-33   0.418658E-33   0.837320E-33   0.157763E-34   0.334927E-32   0.116959E-25   0.315665E-21   0.103954E-19   0.521187E-20   0.156670E-20   0.320549E-24   0.383203E-28   0.146773E-32   0.171479E-29   0.212783E-32   0.685915E-29   0.459518E-32   0.720864E-32
   0.200000E+01   0.867569E-38   0.171466E-37   0.327098E-35   0.654194E-35   0.130832E-34   0.260926E-36   0.523323E-34   0.102487E-35   0.209338E-33   0.418679E-33   0.837325E-33   0.160468E-34   0.334925E-32   0.130574E-23   0.344820E-19   0.115665E-17   0.560104E-18   0.171947E-18   0.346605E-22   0.423225E-26   0.359681E-32   0.429651E-31   0.204683E-30   0.171846E-30   0.503593E-30   0.792901E-30
   0.200000E+01   0.732488E-38   0.149239E-37   0.327095E-35   0.654186E-35   0.130831E-34   0.245632E-36   0.523322E-34   0.984972E-36   0.209339E-33   0.418679E-33   0.837313E-33   0.157762E-34   0.334930E-32   0.491927E-25   0.131028E-20   0.437859E-19   0.212176E-19   0.652220E-20   0.137514E-23   0.161281E-27   0.152012E-32   0.429590E-31   0.775214E-32   0.171846E-30   0.196901E-31   0.315008E-31
   0.200000E+01   0.122515E-37   0.232105E-37   0.327095E-35   0.654182E-35   0.130831E-34   0.305637E-36   0.523321E-34   0.114120E-35   0.209340E-33   0.418675E-33   0.837311E-33   0.168012E-34   0.334926E-32   0.495804E-23   0.131008E-18   0.439698E-17   0.213029E-17   0.654218E-18   0.131909E-21   0.161167E-25   0.966032E-32   0.429744E-31   0.779322E-30   0.171834E-30   0.191666E-29   0.301820E-29
   0.200000E+01   0.461061E-36   0.784582E-36   0.327097E-35   0.654189E-35   0.130831E-34   0.591715E-35   0.131195E-35   0.148774E-34   0.525568E-35   0.105129E-34   0.209881E-34   0.990173E-34   0.839344E-34   0.467533E-21   0.123575E-16   0.414880E-15   0.201057E-15   0.617571E-16   0.124534E-19   0.152201E-23   0.778003E-30   0.446137E-31   0.735998E-28   0.174743E-30   0.181016E-27   0.285020E-27
   0.200000E+01   0.440949E-34   0.737101E-34   0.829958E-37   0.165980E-36   0.331301E-36   0.525008E-33   0.132530E-35   0.136269E-32   0.531211E-35   0.106257E-34   0.212138E-34   0.896633E-32   0.848372E-34   0.421346E-19   0.111231E-14   0.373157E-13   0.180700E-13   0.553995E-14   0.111475E-17   0.136118E-21   0.665010E-28   0.192882E-30   0.660354E-26   0.436161E-30   0.162376E-25   0.255654E-25
   0.200000E+01   0.747589E-38   0.151442E-37   0.327097E-35   0.654189E-35   0.130830E-34   0.247307E-36   0.523327E-34   0.989093E-36   0.209338E-33   0.418678E-33   0.837314E-33   0.158031E-34   0.334927E-32   0.188248E-24   0.498418E-20   0.167342E-18   0.810905E-19   0.249078E-19   0.502223E-23   0.613342E-27   0.175066E-32   0.429497E-31   0.297621E-31   0.171834E-30   0.730288E-31   0.115585E-30
   0.200000E+01   0.246680E-37   0.443140E-37   0.327096E-35   0.654192E-35   0.130831E-34   0.461781E-36   0.523324E-34   0.154995E-35   0.209340E-33   0.418678E-33   0.837313E-33   0.195245E-34   0.334928E-32   0.178738E-22   0.472424E-18   0.158605E-16   0.768616E-17   0.236087E-17   0.476066E-21   0.581820E-25   0.311235E-31   0.430206E-31   0.281360E-29   0.171908E-30   0.692015E-29   0.108965E-28
   0.200000E+01   0.153572E-35   0.261046E-35   0.821612E-37   0.164346E-36   0.327986E-36   0.195400E-34   0.131195E-35   0.513422E-34   0.525869E-35   0.105129E-34   0.209866E-34   0.342301E-33   0.839284E-34   0.162328E-20   0.429214E-16   0.144144E-14   0.698719E-15   0.214657E-15   0.432905E-19   0.529221E-23   0.270175E-29   0.487244E-31   0.255968E-27   0.181978E-30   0.629589E-27   0.991351E-27
   0.200000E+01   0.129123E-33   0.222061E-33   0.845298E-37   0.169260E-36   0.337955E-36   0.168944E-32   0.135332E-35   0.445607E-32   0.542759E-35   0.108589E-34   0.216757E-34   0.298077E-31   0.867451E-34   0.137228E-18   0.362557E-14   0.121765E-12   0.590022E-13   0.180582E-13   0.363598E-17   0.443848E-21   0.216980E-27   0.545983E-30   0.216272E-25   0.105882E-29   0.531907E-25   0.837539E-25
   0.200000E+01   0.928145E-32   0.160756E-31   0.251521E-36   0.516889E-36   0.105573E-35   0.124332E-30   0.432413E-35   0.329249E-30   0.176565E-34   0.355605E-34   0.714746E-34   0.221142E-29   0.288203E-33   0.320112E-17   0.841088E-13   0.281454E-11   0.135019E-11   0.410162E-12   0.837373E-16   0.102000E-19   0.498598E-26   0.372237E-28   0.494064E-24   0.657357E-28   0.121335E-23   0.190988E-23
   0.200000E+01   0.310393E-31   0.503386E-31   0.406950E-35   0.831526E-35   0.169150E-34   0.331454E-30   0.685368E-34   0.839882E-30   0.278382E-33   0.559757E-33   0.112425E-32   0.535263E-29   0.452437E-32   0.120436E-17   0.315434E-13   0.105291E-11   0.502602E-12   0.152385E-12   0.312664E-16   0.380579E-20   0.186179E-26   0.414999E-27   0.183361E-24   0.916335E-27   0.449931E-24   0.708066E-24
   0.200000E+01   0.777654E-38   0.156893E-37   0.327098E-35   0.654190E-35   0.130831E-34   0.250846E-36   0.523324E-34   0.999958E-36   0.209338E-33   0.418678E-33   0.837316E-33   0.158659E-34   0.334928E-32   0.512975E-24   0.135690E-19   0.455626E-18   0.220859E-18   0.678270E-19   0.136775E-22   0.167130E-26   0.229044E-32   0.429559E-31   0.809633E-31   0.171846E-30   0.199372E-30   0.314119E-30
   0.200000E+01   0.518588E-37   0.909356E-37   0.327095E-35   0.654183E-35   0.130831E-34   0.813886E-36   0.523328E-34   0.247742E-35   0.209341E-33   0.418681E-33   0.837305E-33   0.257375E-34   0.334928E-32   0.471468E-22   0.124659E-17   0.418640E-16   0.202926E-16   0.623413E-17   0.125725E-20   0.153694E-24   0.798593E-31   0.431284E-31   0.743375E-29   0.172081E-30   0.182845E-28   0.287909E-28
   0.200000E+01   0.503971E-35   0.866349E-35   0.822200E-37   0.164405E-36   0.328127E-36   0.658507E-34   0.131279E-35   0.173654E-33   0.526170E-35   0.105227E-34   0.210047E-34   0.116157E-32   0.840006E-34   0.550402E-20   0.145586E-15   0.489071E-14   0.237126E-14   0.728545E-15   0.146874E-18   0.179620E-22   0.874911E-29   0.626650E-31   0.869341E-27   0.206642E-30   0.213841E-26   0.336723E-26
   0.200000E+01   0.412034E-33   0.713346E-33   0.887968E-37   0.178040E-36   0.356316E-36   0.551186E-32   0.142855E-35   0.145929E-31   0.573717E-35   0.114871E-34   0.229547E-34   0.979923E-31   0.918969E-34   0.420005E-18   0.110880E-13   0.372321E-12   0.180220E-12   0.549299E-13   0.111076E-16   0.135481E-20   0.662434E-27   0.170840E-29   0.660918E-25   0.311276E-29   0.162519E-24   0.255895E-24
   0.200000E+01   0.282209E-31   0.489452E-31   0.533104E-36   0.110770E-35   0.228260E-35   0.377272E-30   0.942568E-35   0.996036E-30   0.387526E-34   0.782800E-34   0.157720E-33   0.665501E-29   0.637856E-33   0.437073E-17   0.114719E-12   0.383558E-11   0.183999E-11   0.560402E-12   0.114151E-15   0.139086E-19   0.679561E-26   0.118973E-27   0.671407E-24   0.210196E-27   0.164870E-23   0.259500E-23
   0.200000E+01   0.347358E-31   0.563057E-31   0.100620E-34   0.211300E-34   0.439294E-34   0.370133E-30   0.183161E-33   0.937358E-30   0.758615E-33   0.153591E-32   0.310178E-32   0.597035E-29   0.125800E-31   0.130080E-17   0.340686E-13   0.113717E-11   0.542928E-12   0.164631E-12   0.337713E-16   0.411083E-20   0.201094E-26   0.554785E-27   0.198024E-24   0.132997E-26   0.485910E-24   0.764687E-24
   0.200000E+01   0.339251E-31   0.549617E-31   0.835566E-33   0.171965E-32   0.351859E-32   0.364165E-30   0.143338E-31   0.931983E-30   0.585308E-31   0.117915E-30   0.237192E-30   0.621659E-29   0.956541E-30   0.123064E-17   0.322297E-13   0.107576E-11   0.513633E-12   0.155743E-12   0.319479E-16   0.388888E-20   0.190238E-26   0.584379E-27   0.187313E-24   0.146414E-26   0.459623E-24   0.723315E-24
   0.200000E+01   0.728193E-38   0.148391E-37   0.327096E-35   0.654193E-35   0.130832E-34   0.244921E-36   0.523320E-34   0.982724E-36   0.209340E-33   0.418678E-33   0.837325E-33   0.157725E-34   0.334925E-32   0.288213E-26   0.816957E-22   0.299356E-20   0.144404E-20   0.424853E-21   0.829709E-25   0.115523E-28   0.144367E-32   0.429682E-31   0.688714E-33   0.171809E-30   0.167996E-32   0.197497E-32
   0.200000E+01   0.149271E-36   0.258863E-36   0.327095E-35   0.654190E-35   0.327822E-36   0.186117E-35   0.131166E-35   0.491662E-35   0.525643E-35   0.105114E-34   0.209836E-34   0.331591E-34   0.839284E-34   0.153927E-21   0.407144E-17   0.136771E-15   0.663130E-16   0.203757E-16   0.410963E-20   0.502522E-24   0.257857E-30   0.435383E-31   0.243103E-28   0.172832E-30   0.597985E-28   0.941613E-28
   0.200000E+01   0.124085E-34   0.214748E-34   0.829311E-37   0.166027E-36   0.331395E-36   0.165792E-33   0.132643E-35   0.438855E-33   0.532113E-35   0.106423E-34   0.212424E-34   0.294645E-32   0.849937E-34   0.138676E-19   0.366907E-15   0.123290E-13   0.597872E-14   0.183631E-14   0.369555E-18   0.451945E-22   0.220662E-28   0.939390E-31   0.219350E-26   0.262564E-30   0.539587E-26   0.849674E-26
   0.200000E+01   0.971607E-33   0.169349E-32   0.147160E-36   0.303395E-36   0.620590E-36   0.132913E-31   0.255788E-35   0.353228E-31   0.104892E-34   0.211589E-34   0.425706E-34   0.238113E-30   0.171943E-33   0.857135E-18   0.226038E-13   0.758518E-12   0.366242E-12   0.111346E-12   0.226113E-16   0.275633E-20   0.134739E-26   0.416272E-29   0.134369E-24   0.750247E-29   0.330299E-24   0.520040E-24
   0.200000E+01   0.654803E-31   0.110544E-30   0.594626E-35   0.127698E-34   0.269498E-34   0.794062E-30   0.115206E-33   0.205475E-29   0.485105E-33   0.987902E-33   0.200430E-32   0.134014E-28   0.818244E-32   0.505296E-17   0.132549E-12   0.442961E-11   0.212757E-11   0.649546E-12   0.131917E-15   0.160794E-19   0.785281E-26   0.378618E-27   0.774179E-24   0.676304E-27   0.190110E-23   0.299217E-23
   0.200000E+01   0.380628E-31   0.616295E-31   0.143084E-33   0.309088E-33   0.655315E-33   0.404812E-30   0.281895E-32   0.102660E-29   0.119186E-31   0.243067E-31   0.493719E-31   0.659148E-29   0.201885E-30   0.140106E-17   0.366937E-13   0.122478E-11   0.584719E-12   0.177411E-12   0.363731E-16   0.442778E-20   0.216593E-26   0.642267E-27   0.213269E-24   0.158685E-26   0.523318E-24   0.823554E-24
   0.200000E+01   0.399180E-31   0.661893E-31   0.137171E-31   0.290554E-31   0.600987E-31   0.513059E-30   0.235805E-30   0.143996E-29   0.831673E-30   0.149797E-29   0.263572E-29   0.108464E-28   0.771715E-29   0.135557E-17   0.355017E-13   0.118497E-11   0.565707E-12   0.171632E-12   0.351905E-16   0.428379E-20   0.209552E-26   0.643785E-27   0.206329E-24   0.161293E-26   0.506284E-24   0.796746E-24
   0.200000E+01   0.728193E-38   0.148420E-37   0.327096E-35   0.654192E-35   0.130838E-34   0.244920E-36   0.523349E-34   0.309091E-37   0.525305E-35   0.105099E-34   0.210212E-34   0.505006E-36   0.840608E-34   0.360994E-26   0.101757E-21   0.344464E-20   0.171707E-20   0.513433E-21   0.102013E-24   0.137802E-28   0.144493E-32   0.429713E-31   0.800686E-33   0.171834E-30   0.175408E-32   0.325870E-32
   0.200000E+01   0.659475E-39   0.118905E-38   0.821142E-37   0.164275E-36   0.328386E-36   0.133813E-37   0.131354E-35   0.457081E-37   0.525719E-35   0.105144E-34   0.210182E-34   0.601198E-36   0.840849E-34   0.456934E-24   0.121031E-19   0.406704E-18   0.197323E-18   0.606326E-19   0.122303E-22   0.149569E-26   0.220119E-32   0.429682E-31   0.725071E-31   0.171846E-30   0.178669E-30   0.281384E-30
   0.200000E+01   0.439908E-37   0.767065E-37   0.821553E-37   0.164358E-36   0.328574E-36   0.605656E-36   0.131533E-35   0.162076E-35   0.525869E-35   0.105121E-34   0.210272E-34   0.112063E-34   0.840909E-34   0.495504E-22   0.131099E-17   0.440622E-16   0.213686E-16   0.655633E-17   0.131779E-20   0.161033E-24   0.107892E-30   0.431315E-31   0.784612E-29   0.172105E-30   0.193013E-28   0.303951E-28
   0.200000E+01   0.283421E-32   0.497351E-32   0.279129E-35   0.617398E-35   0.132325E-34   0.396498E-31   0.549401E-34   0.105772E-30   0.203371E-33   0.375477E-33   0.678473E-33   0.715747E-30   0.211680E-32   0.177167E-17   0.466473E-13   0.156350E-11   0.752085E-12   0.229050E-12   0.465617E-16   0.567473E-20   0.277326E-26   0.126956E-28   0.275907E-24   0.228830E-28   0.677924E-24   0.106724E-23
   0.200000E+01   0.754426E-31   0.124261E-30   0.198601E-33   0.442531E-33   0.953577E-33   0.845419E-30   0.398293E-32   0.215954E-29   0.147611E-31   0.272223E-31   0.490804E-31   0.138925E-28   0.151923E-30   0.441547E-17   0.115826E-12   0.387053E-11   0.186402E-11   0.571850E-12   0.115419E-15   0.140794E-19   0.687072E-26   0.775115E-27   0.676336E-24   0.153986E-26   0.166120E-23   0.261460E-23
   0.200000E+01   0.336851E-32   0.552269E-32   0.540634E-33   0.121099E-32   0.261986E-32   0.400742E-31   0.109411E-31   0.108661E-30   0.396381E-31   0.716919E-31   0.126369E-30   0.774166E-30   0.372304E-30   0.119530E-18   0.313045E-14   0.104488E-12   0.498602E-13   0.151592E-13   0.310277E-17   0.377766E-21   0.184822E-27   0.604253E-28   0.181942E-25   0.156801E-27   0.446446E-25   0.702581E-25
   0.200000E+01   0.703415E-31   0.116634E-30   0.938178E-31   0.152536E-30   0.246033E-30   0.796265E-30   0.631202E-30   0.202691E-29   0.160439E-29   0.255311E-29   0.405989E-29   0.129551E-28   0.102522E-28   0.140357E-17   0.367590E-13   0.122695E-11   0.585498E-12   0.178039E-12   0.364353E-16   0.443612E-20   0.216986E-26   0.664816E-27   0.213642E-24   0.166559E-26   0.524235E-24   0.824999E-24
   0.200000E+01   0.980354E-35   0.169541E-34   0.148906E-36   0.282013E-36   0.534145E-36   0.130652E-33   0.193035E-35   0.345659E-33   0.706312E-35   0.135658E-34   0.261595E-34   0.231931E-32   0.983488E-34   0.107720E-19   0.285023E-15   0.957743E-14   0.464466E-14   0.142738E-14   0.287919E-18   0.352154E-22   0.171447E-28   0.847192E-31   0.170392E-26   0.247231E-30   0.419158E-26   0.660038E-26
   0.200000E+01   0.185550E-34   0.323174E-34   0.210067E-36   0.390887E-36   0.726032E-36   0.253179E-33   0.251039E-35   0.672511E-33   0.877201E-35   0.164757E-34   0.310556E-34   0.453082E-32   0.112017E-33   0.210603E-19   0.557473E-15   0.187384E-13   0.908976E-14   0.279395E-14   0.563633E-18   0.689576E-22   0.335745E-28   0.124735E-30   0.333731E-26   0.319510E-30   0.821031E-26   0.129289E-25
   0.200000E+01   0.112851E-32   0.197954E-32   0.796497E-35   0.141898E-34   0.250135E-34   0.157655E-31   0.759886E-34   0.420452E-31   0.225480E-33   0.384245E-33   0.650591E-33   0.284420E-30   0.183907E-32   0.128445E-17   0.339714E-13   0.114199E-11   0.553875E-12   0.169849E-12   0.341413E-16   0.416937E-20   0.203521E-26   0.518780E-29   0.203449E-24   0.946150E-29   0.500500E-24   0.788150E-24
   0.200000E+01   0.328603E-28   0.580504E-28   0.232459E-30   0.415452E-30   0.733795E-30   0.469936E-27   0.223097E-29   0.125818E-26   0.660004E-29   0.112129E-28   0.189043E-28   0.854450E-26   0.527575E-28   0.135497E-13   0.357476E-09   0.119812E-07   0.579760E-08   0.177815E-08   0.357943E-12   0.436859E-16   0.213007E-22   0.154171E-24   0.211345E-20   0.278418E-24   0.519575E-20   0.817982E-20
   0.200000E+01   0.767220E-29   0.125624E-28   0.112115E-29   0.208619E-29   0.380622E-29   0.857407E-28   0.121264E-28   0.221061E-27   0.369571E-28   0.634437E-28   0.107841E-27   0.145273E-26   0.304385E-27   0.360293E-15   0.945792E-11   0.315993E-09   0.152413E-09   0.465752E-10   0.942647E-14   0.114961E-17   0.561042E-24   0.119587E-24   0.551851E-22   0.288479E-24   0.135541E-21   0.213328E-21
   0.200000E+01   0.253926E-30   0.413171E-30   0.338131E-30   0.539375E-30   0.859103E-30   0.272893E-29   0.217386E-29   0.691478E-29   0.548999E-29   0.872035E-29   0.138482E-28   0.440427E-28   0.349037E-28   0.534490E-17   0.140192E-12   0.468120E-11   0.224775E-11   0.683731E-12   0.139356E-15   0.169789E-19   0.829601E-26   0.224455E-26   0.816123E-24   0.560494E-26   0.200353E-23   0.315313E-23
   0.200000E+01   0.341489E-28   0.552314E-28   0.456097E-28   0.723829E-28   0.114871E-27   0.361301E-27   0.289297E-27   0.913812E-27   0.728524E-27   0.115604E-26   0.183436E-26   0.580940E-26   0.461776E-26   0.836285E-15   0.219542E-10   0.733452E-09   0.354304E-09   0.108348E-09   0.218932E-13   0.267062E-17   0.130301E-23   0.294682E-24   0.128067E-21   0.734710E-24   0.314570E-21   0.495098E-21
   0.200000E+01   0.000000E+00   0.000000E+00   0.000000E+00   0.000000E+00   0.000000E+00   0.000000E+00   0.000000E+00   0.000000E+00   0.000000E+00   0.000000E+00   0.000000E+00   0.000000E+00   0.000000E+00   0.000000E+00   0.000000E+00   0.000000E+00   0.000000E+00   0.000000E+00   0.000000E+00   0.000000E+00   0.000000E+00   0.000000E+00   0.000000E+00   0.000000E+00   0.000000E+00   0.000000E+00
   0.200000E+01   0.218388E-26   0.444967E-26   0.924068E-26   0.184797E-25   0.369566E-25   0.733527E-25   0.147811E-24   0.294601E-24   0.591205E-24   0.118238E-23   0.236472E-23   0.472535E-23   0.945863E-23   0.128540E-13   0.417975E-09   0.174471E-07   0.103566E-07   0.316831E-08   0.560950E-12   0.699650E-16   0.766092E-22   0.484263E-20   0.100995E-19   0.193702E-19   0.393224E-19   0.783714E-19
   0.216667E+01   0.206283E-25   0.437500E-25   0.875000E-25   0.175000E-24   0.345716E-24   0.700000E-24   0.140000E-23   0.280000E-23   0.558446E-23   0.112000E-22   0.224000E-22   0.448000E-22   0.895248E-22   0.179200E-21   0.349901E-08   0.149257E-06   0.944200E-07   0.320970E-07   0.885109E-11   0.540212E-15   0.148434E-20   0.458750E-19   0.940122E-19   0.183498E-18   0.367847E-18   0.735087E-18
   0.216667E+01   0.729808E-38   0.163540E-35   0.327076E-35   0.654159E-35   0.121916E-36   0.261665E-34   0.523328E-34   0.104665E-33   0.196898E-35   0.418657E-33   0.837321E-33   0.167464E-32   0.315484E-34   0.669849E-32   0.431398E-21   0.144190E-19   0.749745E-20   0.248809E-20   0.816920E-24   0.484902E-28   0.123953E-32   0.171480E-29   0.294283E-32   0.685906E-29   0.674561E-32   0.112587E-31
   0.216667E+01   0.914511E-38   0.163549E-35   0.327098E-35   0.654152E-35   0.135478E-36   0.261675E-34   0.523355E-34   0.104664E-33   0.205938E-35   0.418679E-33   0.837357E-33   0.167464E-32   0.321256E-34   0.669849E-32   0.475992E-19   0.160027E-17   0.816074E-18   0.274129E-18   0.877217E-22   0.521896E-26   0.132617E-31   0.429620E-31   0.291886E-30   0.171809E-30   0.716616E-30   0.112879E-29
   0.216667E+01   0.734796E-38   0.163549E-35   0.327093E-35   0.654155E-35   0.122357E-36   0.261675E-34   0.523349E-34   0.104665E-33   0.197273E-35   0.418675E-33   0.837357E-33   0.167463E-32   0.315482E-34   0.669856E-32   0.180238E-20   0.603318E-19   0.309709E-19   0.104090E-19   0.347105E-23   0.206245E-27   0.158038E-32   0.429559E-31   0.112013E-31   0.171821E-30   0.274025E-31   0.437016E-31
   0.216667E+01   0.139103E-37   0.163549E-35   0.327097E-35   0.654152E-35   0.172053E-36   0.261675E-34   0.523347E-34   0.104664E-33   0.231033E-35   0.418676E-33   0.837357E-33   0.167463E-32   0.338032E-34   0.669855E-32   0.180609E-18   0.607569E-17   0.309986E-17   0.104163E-17   0.333424E-21   0.198432E-25   0.472984E-31   0.429774E-31   0.111028E-29   0.171834E-30   0.272569E-29   0.429076E-29
   0.216667E+01   0.612955E-36   0.163549E-35   0.327096E-35   0.654157E-35   0.479542E-35   0.261675E-34   0.131383E-35   0.262295E-35   0.323019E-34   0.105084E-34   0.210137E-34   0.419732E-34   0.213972E-33   0.167845E-33   0.170450E-16   0.573579E-15   0.292716E-15   0.983775E-16   0.314945E-19   0.187460E-23   0.415976E-29   0.452793E-31   0.104913E-27   0.176012E-30   0.257558E-27   0.405443E-27
   0.216667E+01   0.588528E-34   0.415655E-37   0.831075E-37   0.165980E-36   0.435068E-33   0.665236E-36   0.133038E-35   0.265662E-35   0.295056E-32   0.106475E-34   0.212891E-34   0.424998E-34   0.193571E-31   0.170023E-33   0.153220E-14   0.515211E-13   0.262721E-13   0.881318E-14   0.281557E-17   0.167306E-21   0.371550E-27   0.253563E-30   0.940032E-26   0.555597E-30   0.230722E-25   0.363173E-25
   0.216667E+01   0.753363E-38   0.163547E-35   0.327095E-35   0.654159E-35   0.123797E-36   0.261676E-34   0.523345E-34   0.104665E-33   0.198135E-35   0.418678E-33   0.837357E-33   0.167464E-32   0.315959E-34   0.669852E-32   0.685560E-20   0.230674E-18   0.117719E-18   0.395583E-19   0.126596E-22   0.753486E-27   0.287243E-32   0.429528E-31   0.421349E-31   0.171797E-30   0.103531E-30   0.162856E-30
   0.216667E+01   0.304421E-37   0.163547E-35   0.327094E-35   0.654154E-35   0.300541E-36   0.261675E-34   0.523353E-34   0.104665E-33   0.319785E-35   0.418678E-33   0.837360E-33   0.167463E-32   0.396599E-34   0.669853E-32   0.650539E-18   0.218908E-16   0.111714E-16   0.375450E-17   0.120195E-20   0.715414E-25   0.167638E-30   0.430545E-31   0.400389E-29   0.171945E-30   0.982964E-29   0.154737E-28
   0.216667E+01   0.204508E-35   0.410806E-37   0.821495E-37   0.163958E-36   0.160364E-34   0.657195E-36   0.131439E-35   0.262314E-35   0.111514E-33   0.105121E-34   0.210197E-34   0.419762E-34   0.739393E-33   0.167917E-33   0.591379E-16   0.199063E-14   0.101613E-14   0.341566E-15   0.109360E-18   0.650999E-23   0.144485E-28   0.510355E-31   0.364467E-27   0.186514E-30   0.894819E-27   0.140864E-26
   0.216667E+01   0.171929E-33   0.424060E-37   0.849413E-37   0.169730E-36   0.138103E-32   0.681317E-36   0.136348E-35   0.272301E-35   0.967998E-32   0.109199E-34   0.218367E-34   0.436103E-34   0.643419E-31   0.174489E-33   0.497180E-14   0.167357E-12   0.853894E-13   0.285918E-13   0.914229E-17   0.543074E-21   0.120642E-26   0.747944E-30   0.306443E-25   0.145648E-29   0.752269E-25   0.118423E-24
   0.216667E+01   0.121329E-31   0.133724E-36   0.277058E-36   0.569586E-36   0.994938E-31   0.237492E-35   0.478069E-35   0.966745E-35   0.703053E-30   0.393356E-34   0.791302E-34   0.158910E-33   0.468786E-29   0.639854E-33   0.106976E-12   0.358736E-11   0.181379E-11   0.598370E-12   0.195243E-15   0.115713E-19   0.257422E-25   0.511969E-28   0.648956E-24   0.933940E-28   0.159046E-23   0.250280E-23
   0.216667E+01   0.380724E-31   0.240039E-35   0.493251E-35   0.100790E-34   0.254707E-30   0.415720E-34   0.830911E-34   0.167602E-33   0.163630E-29   0.678644E-33   0.136311E-32   0.273541E-32   0.104124E-28   0.109946E-31   0.408505E-13   0.136660E-11   0.687570E-12   0.225786E-12   0.742212E-16   0.439389E-20   0.978620E-26   0.530964E-27   0.245337E-24   0.120714E-26   0.600723E-24   0.945110E-24
   0.216667E+01   0.793408E-38   0.163548E-35   0.327096E-35   0.654151E-35   0.126932E-36   0.261676E-34   0.523352E-34   0.104664E-33   0.200461E-35   0.418678E-33   0.837359E-33   0.167463E-32   0.317757E-34   0.669848E-32   0.183172E-19   0.616479E-18   0.314615E-18   0.105730E-18   0.338471E-22   0.201463E-26   0.580880E-32   0.429744E-31   0.112860E-30   0.171809E-30   0.277435E-30   0.436918E-30
   0.216667E+01   0.656342E-37   0.163547E-35   0.327096E-35   0.654150E-35   0.580321E-36   0.261677E-34   0.523353E-34   0.104664E-33   0.515370E-35   0.418681E-33   0.837357E-33   0.167463E-32   0.526304E-34   0.669854E-32   0.168544E-17   0.567321E-16   0.289589E-16   0.973422E-17   0.311662E-20   0.185528E-24   0.433028E-30   0.431931E-31   0.103866E-28   0.172228E-30   0.255007E-28   0.401441E-28
   0.216667E+01   0.671384E-35   0.411100E-37   0.822317E-37   0.164099E-36   0.538642E-34   0.657760E-36   0.131561E-35   0.262577E-35   0.377390E-33   0.105242E-34   0.210408E-34   0.420123E-34   0.250847E-32   0.168013E-33   0.200375E-15   0.674675E-14   0.344472E-14   0.115797E-14   0.370562E-18   0.220528E-22   0.489738E-28   0.705968E-31   0.123648E-26   0.222320E-30   0.303593E-26   0.477935E-26
   0.216667E+01   0.546818E-33   0.447540E-37   0.898842E-37   0.180074E-36   0.447890E-32   0.725421E-36   0.145178E-35   0.290338E-35   0.316375E-31   0.116594E-34   0.233308E-34   0.466075E-34   0.210934E-30   0.186695E-33   0.150655E-13   0.506996E-12   0.258443E-12   0.860215E-13   0.276706E-16   0.164235E-20   0.365040E-26   0.237049E-29   0.927655E-25   0.442044E-29   0.227669E-24   0.358386E-24
   0.216667E+01   0.364968E-31   0.286921E-36   0.602482E-36   0.125228E-35   0.296487E-30   0.529509E-35   0.106767E-34   0.216840E-34   0.207119E-29   0.886906E-34   0.178817E-33   0.359782E-33   0.137036E-28   0.145196E-32   0.143000E-12   0.479170E-11   0.242208E-11   0.802108E-12   0.260859E-15   0.154677E-19   0.343948E-25   0.163612E-27   0.864602E-24   0.298762E-27   0.211882E-23   0.333405E-23
   0.216667E+01   0.423978E-31   0.576857E-35   0.122704E-34   0.257718E-34   0.283142E-30   0.110537E-33   0.223472E-33   0.455729E-33   0.181688E-29   0.187421E-32   0.378516E-32   0.762907E-32   0.115574E-28   0.308546E-31   0.440851E-13   0.147478E-11   0.742105E-12   0.243737E-12   0.801022E-16   0.474222E-20   0.105616E-25   0.686392E-27   0.264748E-24   0.166280E-26   0.648253E-24   0.101989E-23
   0.216667E+01   0.413170E-31   0.496950E-33   0.103089E-32   0.212273E-32   0.277202E-30   0.885304E-32   0.177135E-31   0.358443E-31   0.181914E-29   0.145799E-30   0.293322E-30   0.589388E-30   0.122734E-28   0.237195E-29   0.417211E-13   0.139566E-11   0.702308E-12   0.230648E-12   0.758047E-16   0.448776E-20   0.999498E-26   0.711087E-27   0.250523E-24   0.178039E-26   0.613417E-24   0.965077E-24
   0.216667E+01   0.728145E-38   0.163548E-35   0.327097E-35   0.654160E-35   0.121963E-36   0.261675E-34   0.523351E-34   0.104664E-33   0.196785E-35   0.418678E-33   0.837355E-33   0.167463E-32   0.315407E-34   0.669849E-32   0.117506E-21   0.419191E-20   0.192546E-20   0.711128E-21   0.206170E-24   0.130957E-28   0.115145E-32   0.429590E-31   0.890281E-33   0.171772E-30   0.168029E-32   0.325911E-32
   0.216667E+01   0.192423E-36   0.163549E-35   0.327097E-35   0.654158E-35   0.148759E-35   0.657148E-36   0.131401E-35   0.262351E-35   0.104544E-34   0.105091E-34   0.210212E-34   0.419522E-34   0.699909E-34   0.167845E-33   0.548180E-17   0.184573E-15   0.942387E-16   0.316828E-16   0.101450E-19   0.604000E-24   0.140746E-29   0.437078E-31   0.338253E-28   0.173227E-30   0.830520E-28   0.130745E-27
   0.216667E+01   0.162396E-34   0.415978E-37   0.832603E-37   0.166309E-36   0.132876E-33   0.667681E-36   0.133508E-35   0.266640E-35   0.938169E-33   0.106949E-34   0.213929E-34   0.426864E-34   0.625407E-32   0.170818E-33   0.495639E-15   0.166929E-13   0.852432E-14   0.286467E-14   0.915165E-18   0.544347E-22   0.120871E-27   0.113204E-30   0.306202E-26   0.300996E-30   0.751857E-26   0.118364E-25
   0.216667E+01   0.126063E-32   0.815793E-37   0.170482E-36   0.353142E-36   0.105309E-31   0.149048E-35   0.301406E-35   0.611840E-35   0.749664E-31   0.250499E-34   0.505090E-34   0.101599E-33   0.501339E-30   0.410018E-33   0.296869E-13   0.998343E-12   0.507920E-12   0.168050E-12   0.544463E-16   0.322937E-20   0.717994E-26   0.567391E-29   0.182257E-24   0.105240E-28   0.447125E-24   0.703788E-24
   0.216667E+01   0.803036E-31   0.369889E-35   0.810391E-35   0.174293E-34   0.596131E-30   0.771733E-34   0.157789E-33   0.324921E-33   0.398756E-29   0.135496E-32   0.274992E-32   0.556412E-32   0.258277E-28   0.226175E-31   0.163123E-12   0.546382E-11   0.276447E-11   0.918495E-12   0.297630E-15   0.176572E-19   0.392445E-25   0.517472E-27   0.984560E-24   0.959324E-27   0.241291E-23   0.379673E-23
   0.216667E+01   0.463736E-31   0.941921E-34   0.207854E-33   0.449581E-33   0.309253E-30   0.200654E-32   0.411323E-32   0.848882E-32   0.199231E-29   0.355114E-31   0.721509E-31   0.146117E-30   0.128375E-28   0.594687E-30   0.474750E-13   0.158816E-11   0.799123E-12   0.262576E-12   0.862607E-16   0.510703E-20   0.113738E-25   0.785383E-27   0.285090E-24   0.194608E-26   0.698062E-24   0.109825E-23
   0.216667E+01   0.493427E-31   0.946988E-32   0.204553E-31   0.431773E-31   0.387456E-30   0.175925E-30   0.334918E-30   0.624657E-30   0.304762E-29   0.199979E-29   0.346044E-29   0.588571E-29   0.220460E-28   0.163702E-28   0.459551E-13   0.153730E-11   0.773512E-12   0.254134E-12   0.834965E-16   0.494330E-20   0.110093E-25   0.783305E-27   0.275947E-24   0.196110E-26   0.675669E-24   0.106302E-23
   0.216667E+01   0.728560E-38   0.163547E-35   0.327096E-35   0.654194E-35   0.121870E-36   0.656725E-36   0.131373E-35   0.262728E-35   0.641446E-37   0.105121E-34   0.210107E-34   0.420244E-34   0.102831E-35   0.168098E-33   0.139146E-21   0.489552E-20   0.241276E-20   0.832307E-21   0.260951E-24   0.160036E-28   0.115847E-32   0.429405E-31   0.104618E-32   0.171797E-30   0.239679E-32   0.325920E-32
   0.216667E+01   0.792576E-39   0.410630E-37   0.821436E-37   0.164275E-36   0.835997E-38   0.657054E-36   0.131392E-35   0.262728E-35   0.949040E-37   0.105099E-34   0.210152E-34   0.420394E-34   0.123878E-35   0.168158E-33   0.166621E-19   0.561221E-18   0.286612E-18   0.963992E-19   0.308666E-22   0.183798E-26   0.539957E-32   0.429590E-31   0.103113E-30   0.171784E-30   0.253442E-30   0.399142E-30
   0.216667E+01   0.586548E-37   0.411012E-37   0.821788E-37   0.164416E-36   0.491334E-36   0.657666E-36   0.131533E-35   0.263047E-35   0.353133E-35   0.105174E-34   0.210333E-34   0.420635E-34   0.241802E-34   0.168158E-33   0.180404E-17   0.607719E-16   0.310345E-16   0.104186E-16   0.332474E-20   0.197628E-24   0.486915E-30   0.432209E-31   0.111567E-28   0.172351E-30   0.273942E-28   0.431291E-28
   0.216667E+01   0.364270E-32   0.200808E-35   0.458620E-35   0.101276E-34   0.310350E-31   0.442055E-34   0.865319E-34   0.165597E-33   0.222638E-30   0.557455E-33   0.990912E-33   0.173614E-32   0.149335E-29   0.519208E-32   0.595748E-13   0.200103E-11   0.101468E-11   0.335541E-12   0.109025E-15   0.646501E-20   0.143755E-25   0.171883E-28   0.363883E-24   0.319472E-28   0.892279E-24   0.140432E-23
   0.216667E+01   0.872553E-31   0.143015E-33   0.329332E-33   0.731781E-33   0.606960E-30   0.321899E-32   0.631312E-32   0.120945E-31   0.396122E-29   0.406914E-31   0.722195E-31   0.126229E-30   0.253997E-28   0.374670E-30   0.139621E-12   0.467684E-11   0.237210E-11   0.793124E-12   0.255105E-15   0.151503E-19   0.336398E-25   0.972406E-27   0.842817E-24   0.202317E-26   0.206614E-23   0.325114E-23
   0.216667E+01   0.416689E-32   0.419810E-33   0.973155E-33   0.217306E-32   0.311357E-31   0.952336E-32   0.184272E-31   0.345146E-31   0.231867E-30   0.109435E-30   0.188147E-30   0.318647E-30   0.161083E-29   0.888917E-30   0.405630E-14   0.135692E-12   0.682516E-13   0.224529E-13   0.736935E-17   0.436334E-21   0.971763E-27   0.729541E-28   0.243572E-25   0.188181E-27   0.596394E-25   0.938297E-25
   0.216667E+01   0.878280E-31   0.721491E-31   0.117396E-30   0.189374E-30   0.609136E-30   0.485599E-30   0.774262E-30   0.123298E-29   0.393480E-29   0.311826E-29   0.495499E-29   0.787108E-29   0.250561E-28   0.198490E-28   0.475418E-13   0.159039E-11   0.799992E-12   0.263270E-12   0.863780E-16   0.511467E-20   0.113899E-25   0.807961E-27   0.285486E-24   0.202278E-26   0.699033E-24   0.109978E-23
   0.216667E+01   0.119350E-34   0.925790E-37   0.173926E-36   0.326070E-36   0.974257E-34   0.114916E-35   0.216047E-35   0.407887E-35   0.687092E-33   0.146619E-34   0.279606E-34   0.535920E-34   0.457778E-32   0.199695E-33   0.358030E-15   0.120583E-13   0.615808E-14   0.207067E-14   0.663101E-18   0.394838E-22   0.876589E-28   0.965983E-31   0.221187E-26   0.271771E-30   0.543121E-26   0.855034E-26
   0.216667E+01   0.237823E-34   0.144454E-36   0.267325E-36   0.492203E-36   0.198206E-33   0.166163E-35   0.304613E-35   0.559930E-35   0.140938E-32   0.190344E-34   0.352867E-34   0.657976E-34   0.942024E-32   0.233194E-33   0.737258E-15   0.248384E-13   0.126881E-13   0.426717E-14   0.136663E-17   0.813824E-22   0.180725E-27   0.153550E-30   0.456099E-26   0.377982E-30   0.112003E-25   0.176331E-25
   0.216667E+01   0.138031E-32   0.608352E-35   0.109687E-34   0.195292E-34   0.117450E-31   0.603443E-34   0.104460E-33   0.179918E-33   0.842045E-31   0.520325E-33   0.875379E-33   0.146514E-32   0.564634E-30   0.407036E-32   0.427449E-13   0.144018E-11   0.735509E-12   0.246805E-12   0.787701E-16   0.468286E-20   0.103907E-25   0.668263E-29   0.264514E-24   0.125487E-28   0.649521E-24   0.102257E-23
   0.216667E+01   0.392209E-28   0.172913E-30   0.313292E-30   0.559778E-30   0.340602E-27   0.173637E-29   0.300732E-29   0.517812E-29   0.246064E-26   0.149270E-28   0.250364E-28   0.417305E-28   0.165459E-25   0.114527E-27   0.418553E-09   0.140610E-07   0.716552E-08   0.240559E-08   0.768604E-12   0.456974E-16   0.101342E-21   0.194144E-24   0.255744E-20   0.361962E-24   0.627587E-20   0.987791E-20
   0.216667E+01   0.884972E-29   0.886276E-30   0.168922E-29   0.314413E-29   0.620091E-28   0.103461E-28   0.182966E-28   0.320260E-28   0.416250E-27   0.944424E-28   0.159600E-27   0.267518E-27   0.273841E-26   0.739254E-27   0.114136E-10   0.382247E-09   0.194097E-09   0.646996E-10   0.208557E-13   0.123832E-17   0.274985E-23   0.138366E-24   0.688474E-22   0.336990E-24   0.168771E-21   0.265563E-21
   0.216667E+01   0.304550E-30   0.254404E-30   0.405842E-30   0.646351E-30   0.204210E-29   0.163499E-29   0.259819E-29   0.412754E-29   0.131055E-28   0.104089E-28   0.165250E-28   0.262311E-28   0.833035E-28   0.660698E-28   0.175703E-12   0.588040E-11   0.297314E-11   0.982692E-12   0.320113E-15   0.189769E-19   0.422064E-25   0.267177E-26   0.105702E-23   0.667089E-26   0.258955E-23   0.407433E-23
   0.216667E+01   0.385194E-28   0.324057E-28   0.514278E-28   0.816154E-28   0.255773E-27   0.205547E-27   0.326191E-27   0.517636E-27   0.163715E-26   0.130345E-26   0.206826E-26   0.328165E-26   0.103957E-25   0.825982E-26   0.263338E-10   0.881915E-09   0.448415E-09   0.149672E-09   0.481467E-13   0.285963E-17   0.634813E-23   0.332520E-24   0.158833E-21   0.829057E-24   0.389397E-21   0.612720E-21
   0.216667E+01   0.000000E+00   0.000000E+00   0.000000E+00   0.000000E+00   0.000000E+00   0.000000E+00   0.000000E+00   0.000000E+00   0.000000E+00   0.000000E+00   0.000000E+00   0.000000E+00   0.000000E+00   0.000000E+00   0.000000E+00   0.000000E+00   0.000000E+00   0.000000E+00   0.000000E+00   0.000000E+00   0.000000E+00   0.000000E+00   0.000000E+00   0.000000E+00   0.000000E+00   0.000000E+00
   0.216667E+01   0.218521E-26   0.462123E-26   0.924126E-26   0.184806E-25   0.365523E-25   0.739114E-25   0.147815E-24   0.295618E-24   0.589897E-24   0.118240E-23   0.236475E-23   0.472941E-23   0.945289E-23   0.189172E-22   0.409597E-09   0.171071E-07   0.106556E-07   0.361920E-08   0.100819E-11   0.614162E-16   0.166426E-21   0.484263E-20   0.101696E-19   0.193702E-19   0.394327E-19   0.785445E-19
   0.233333E+01   0.218750E-25   0.437500E-25   0.875000E-25   0.171861E-24   0.350000E-24   0.700000E-24   0.140000E-23   0.280000E-23   0.558456E-23   0.112000E-22   0.224000E-22   0.448000E-22   0.895258E-22   0.179200E-21   0.370310E-15   0.147725E-06   0.957147E-07   0.358345E-07   0.794526E-11   0.102031E-14   0.137654E-20   0.458750E-19   0.942850E-19   0.183498E-18   0.367896E-18   0.735164E-18
   0.233333E+01   0.817739E-36   0.163540E-35   0.327075E-35   0.607103E-37   0.130831E-34   0.261665E-34   0.523328E-34   0.104665E-33   0.196751E-35   0.418657E-33   0.837321E-33   0.167464E-32   0.315307E-34   0.669849E-32   0.558018E-28   0.196652E-19   0.103611E-19   0.380169E-20   0.101461E-23   0.125872E-27   0.948734E-33   0.171479E-29   0.393762E-32   0.685910E-29   0.884725E-32   0.141246E-31
   0.233333E+01   0.817740E-36   0.163549E-35   0.327077E-35   0.715155E-37   0.130838E-34   0.261675E-34   0.523355E-34   0.104664E-33   0.208567E-35   0.418679E-33   0.837357E-33   0.167464E-32   0.323183E-34   0.669849E-32   0.631531E-26   0.220960E-17   0.114666E-17   0.419843E-18   0.108774E-21   0.135973E-25   0.172409E-31   0.429620E-31   0.403176E-30   0.171809E-30   0.987926E-30   0.155494E-29
   0.233333E+01   0.817739E-36   0.163547E-35   0.327079E-35   0.610104E-37   0.130838E-34   0.261675E-34   0.523349E-34   0.104665E-33   0.197126E-35   0.418675E-33   0.837357E-33   0.167463E-32   0.315545E-34   0.669856E-32   0.237293E-27   0.834968E-19   0.434027E-19   0.158821E-19   0.429299E-23   0.514253E-27   0.141310E-32   0.429589E-31   0.153274E-31   0.171772E-30   0.374896E-31   0.599554E-31
   0.233333E+01   0.817742E-36   0.163550E-35   0.327078E-35   0.100734E-36   0.130838E-34   0.261675E-34   0.523347E-34   0.104664E-33   0.242065E-35   0.418676E-33   0.837357E-33   0.167463E-32   0.345251E-34   0.669855E-32   0.239482E-25   0.837825E-17   0.434995E-17   0.159330E-17   0.412906E-21   0.516302E-25   0.632721E-31   0.429928E-31   0.153156E-29   0.171870E-30   0.375274E-29   0.590624E-29
   0.233333E+01   0.817737E-36   0.163547E-35   0.327078E-35   0.378759E-35   0.130838E-34   0.261675E-34   0.131383E-35   0.262295E-35   0.425548E-34   0.105084E-34   0.210137E-34   0.419732E-34   0.282252E-33   0.167845E-33   0.226204E-23   0.791337E-15   0.410966E-15   0.150557E-15   0.390217E-19   0.488000E-23   0.563484E-29   0.461236E-31   0.144802E-27   0.177762E-30   0.354810E-27   0.558402E-27
   0.233333E+01   0.208092E-37   0.416419E-37   0.831074E-37   0.349478E-33   0.333300E-36   0.666646E-36   0.133311E-35   0.266207E-35   0.388860E-32   0.106709E-34   0.213342E-34   0.426082E-34   0.255647E-31   0.170348E-33   0.203426E-21   0.709928E-13   0.368376E-13   0.134702E-13   0.348430E-17   0.435053E-21   0.502575E-27   0.329398E-30   0.129577E-25   0.712059E-30   0.317424E-25   0.499529E-25
   0.233333E+01   0.817742E-36   0.163547E-35   0.327075E-35   0.621417E-37   0.130838E-34   0.261675E-34   0.523347E-34   0.104664E-33   0.198589E-35   0.418680E-33   0.837357E-33   0.167464E-32   0.316503E-34   0.669852E-32   0.905758E-27   0.317372E-18   0.164826E-18   0.603570E-19   0.156384E-22   0.195551E-26   0.315739E-32   0.429497E-31   0.579376E-31   0.171858E-30   0.142001E-30   0.223820E-30
   0.233333E+01   0.817744E-36   0.163547E-35   0.327075E-35   0.202806E-36   0.130837E-34   0.261676E-34   0.523348E-34   0.104665E-33   0.358803E-35   0.418679E-33   0.837354E-33   0.167465E-32   0.422641E-34   0.669855E-32   0.861855E-25   0.301511E-16   0.156581E-16   0.573627E-17   0.148673E-20   0.185927E-24   0.225829E-30   0.430699E-31   0.551694E-29   0.172055E-30   0.135184E-28   0.212757E-28
   0.233333E+01   0.817747E-36   0.410659E-37   0.819907E-37   0.127306E-34   0.328668E-36   0.657195E-36   0.131486E-35   0.262370E-35   0.146797E-33   0.105159E-34   0.210257E-34   0.419883E-34   0.975168E-33   0.167917E-33   0.784160E-23   0.274331E-14   0.142505E-14   0.522153E-15   0.135345E-18   0.169278E-22   0.195503E-28   0.539383E-31   0.502482E-27   0.192504E-30   0.123133E-26   0.193792E-26
   0.233333E+01   0.212809E-37   0.426264E-37   0.851822E-37   0.109100E-32   0.342327E-36   0.685454E-36   0.137091E-35   0.273824E-35   0.127261E-31   0.109816E-34   0.219661E-34   0.438781E-34   0.847672E-31   0.175512E-33   0.658532E-21   0.229577E-12   0.119189E-12   0.435013E-13   0.112640E-16   0.140613E-20   0.162470E-26   0.999476E-30   0.420489E-25   0.197596E-29   0.103022E-24   0.162139E-24
   0.233333E+01   0.704753E-37   0.146317E-36   0.303377E-36   0.768855E-31   0.128007E-35   0.260870E-35   0.525164E-35   0.106235E-34   0.907077E-30   0.432529E-34   0.870235E-34   0.174802E-33   0.605997E-29   0.703939E-33   0.133332E-19   0.459468E-11   0.236440E-11   0.846943E-12   0.224535E-15   0.279489E-19   0.323522E-25   0.681758E-28   0.830957E-24   0.128687E-27   0.203211E-23   0.319689E-23
   0.233333E+01   0.139705E-35   0.285882E-35   0.587482E-35   0.191520E-30   0.244269E-34   0.495225E-34   0.989824E-34   0.199662E-33   0.196592E-29   0.808486E-33   0.162393E-32   0.325884E-32   0.125082E-28   0.130987E-31   0.519883E-20   0.178523E-11   0.914112E-12   0.325250E-12   0.870361E-16   0.108191E-19   0.125393E-25   0.659173E-27   0.320441E-24   0.153295E-26   0.782842E-24   0.123128E-23
   0.233333E+01   0.817744E-36   0.163547E-35   0.327075E-35   0.645775E-37   0.130837E-34   0.261677E-34   0.523352E-34   0.104664E-33   0.201290E-35   0.418676E-33   0.837354E-33   0.167462E-32   0.318241E-34   0.669850E-32   0.237946E-26   0.832902E-18   0.432581E-18   0.158471E-18   0.410702E-22   0.513570E-26   0.700740E-32   0.429620E-31   0.152527E-30   0.171809E-30   0.373982E-30   0.588590E-30
   0.233333E+01   0.817739E-36   0.163548E-35   0.327074E-35   0.418184E-36   0.130837E-34   0.261674E-34   0.523352E-34   0.104665E-33   0.608896E-35   0.418676E-33   0.837349E-33   0.167464E-32   0.588850E-34   0.669853E-32   0.219452E-24   0.767737E-16   0.398804E-16   0.146125E-16   0.378766E-20   0.473740E-24   0.574283E-30   0.432486E-31   0.140615E-28   0.172437E-30   0.344577E-28   0.542314E-28
   0.233333E+01   0.205594E-37   0.411129E-37   0.821083E-37   0.425869E-34   0.328997E-36   0.657807E-36   0.131561E-35   0.262671E-35   0.496433E-33   0.105264E-34   0.210573E-34   0.420184E-34   0.330654E-32   0.168061E-33   0.265526E-22   0.928740E-14   0.482553E-14   0.176815E-14   0.458014E-18   0.572665E-22   0.661646E-28   0.805099E-31   0.170278E-26   0.242768E-30   0.417291E-26   0.656768E-26
   0.233333E+01   0.225651E-37   0.453535E-37   0.909362E-37   0.351432E-32   0.367224E-36   0.736189E-36   0.147379E-35   0.294682E-35   0.414492E-31   0.118407E-34   0.237040E-34   0.473387E-34   0.276932E-30   0.189560E-33   0.198442E-20   0.689305E-12   0.357480E-12   0.129682E-12   0.337876E-16   0.421441E-20   0.487209E-26   0.319119E-29   0.126132E-24   0.612043E-29   0.308934E-24   0.486184E-24
   0.233333E+01   0.152751E-36   0.321236E-36   0.674763E-36   0.225023E-30   0.289809E-35   0.594335E-35   0.119830E-34   0.243440E-34   0.259531E-29   0.996067E-34   0.200843E-33   0.404165E-33   0.171531E-28   0.163139E-32   0.175152E-19   0.603362E-11   0.310376E-11   0.111625E-11   0.294917E-15   0.367275E-19   0.424967E-25   0.217836E-27   0.108861E-23   0.411719E-27   0.266208E-23   0.418777E-23
   0.233333E+01   0.324010E-35   0.691019E-35   0.147015E-34   0.212139E-30   0.642238E-34   0.132490E-33   0.267872E-33   0.546309E-33   0.217418E-29   0.224694E-32   0.453805E-32   0.914674E-32   0.138290E-28   0.369940E-31   0.560689E-20   0.192537E-11   0.985974E-12   0.350882E-12   0.938734E-16   0.116694E-19   0.135244E-25   0.830409E-27   0.345584E-24   0.202749E-26   0.844270E-24   0.132790E-23
   0.233333E+01   0.291480E-33   0.602180E-33   0.125001E-32   0.206928E-30   0.527451E-32   0.107502E-31   0.215164E-31   0.435508E-31   0.217602E-29   0.177210E-30   0.356562E-30   0.716531E-30   0.146958E-28   0.288383E-29   0.530871E-20   0.182289E-11   0.933503E-12   0.332170E-12   0.888764E-16   0.110481E-19   0.128044E-25   0.849739E-27   0.327165E-24   0.212655E-26   0.799263E-24   0.125711E-23
   0.233333E+01   0.817737E-36   0.163548E-35   0.327079E-35   0.606756E-37   0.130837E-34   0.261675E-34   0.523348E-34   0.104669E-33   0.196901E-35   0.418681E-33   0.837354E-33   0.167470E-32   0.315711E-34   0.669882E-32   0.151202E-28   0.534773E-20   0.293439E-20   0.104763E-20   0.260247E-24   0.337841E-28   0.832740E-33   0.429559E-31   0.114887E-32   0.171809E-30   0.229839E-32   0.464234E-32
   0.233333E+01   0.817742E-36   0.163547E-35   0.327078E-35   0.115104E-35   0.328645E-36   0.657148E-36   0.131383E-35   0.262840E-35   0.134485E-34   0.105136E-34   0.210227E-34   0.420394E-34   0.901190E-34   0.168170E-33   0.710977E-24   0.248735E-15   0.129238E-15   0.473620E-16   0.122779E-19   0.153586E-23   0.186035E-29   0.439851E-31   0.456023E-28   0.173769E-30   0.111756E-27   0.175891E-27
   0.233333E+01   0.208562E-37   0.417477E-37   0.834718E-37   0.102930E-33   0.335251E-36   0.670878E-36   0.134223E-35   0.268652E-35   0.121317E-32   0.107536E-34   0.215193E-34   0.430566E-34   0.810402E-32   0.172190E-33   0.645736E-22   0.225698E-13   0.117286E-13   0.429640E-14   0.111107E-17   0.138842E-21   0.160365E-27   0.136802E-30   0.414166E-26   0.350286E-30   0.101502E-25   0.159755E-25
   0.233333E+01   0.449627E-37   0.948330E-37   0.199358E-36   0.805523E-32   0.859780E-36   0.176790E-35   0.358206E-35   0.729314E-35   0.960658E-31   0.299354E-34   0.604231E-34   0.121707E-33   0.643784E-30   0.491738E-33   0.379678E-20   0.131426E-11   0.680320E-12   0.245038E-12   0.643682E-16   0.802150E-20   0.927749E-26   0.749577E-29   0.239899E-24   0.143459E-28   0.587308E-24   0.924193E-24
   0.233333E+01   0.222490E-35   0.492745E-35   0.108135E-34   0.436110E-30   0.493037E-34   0.103349E-33   0.211459E-33   0.435669E-33   0.472501E-29   0.181816E-32   0.369096E-32   0.746978E-32   0.305623E-28   0.303704E-31   0.197606E-19   0.680696E-11   0.350438E-11   0.126475E-11   0.332904E-15   0.414800E-19   0.479743E-25   0.682012E-27   0.122672E-23   0.131589E-26   0.300007E-23   0.471939E-23
   0.233333E+01   0.594697E-34   0.132850E-33   0.293589E-33   0.231464E-30   0.135187E-32   0.284356E-32   0.583314E-32   0.120442E-31   0.238524E-29   0.504194E-31   0.102466E-30   0.207549E-30   0.154099E-28   0.844880E-30   0.603756E-20   0.207324E-11   0.106166E-11   0.377932E-12   0.101083E-15   0.125661E-19   0.145633E-25   0.941859E-27   0.372113E-24   0.233885E-26   0.909080E-24   0.142983E-23
   0.233333E+01   0.629249E-32   0.137220E-31   0.296036E-31   0.285559E-30   0.125251E-30   0.244343E-30   0.456058E-30   0.833188E-30   0.377127E-29   0.257460E-29   0.439309E-29   0.738537E-29   0.268238E-28   0.201869E-28   0.584722E-20   0.200782E-11   0.102813E-11   0.365947E-12   0.978913E-16   0.121690E-19   0.141034E-25   0.935962E-27   0.360354E-24   0.234215E-26   0.880344E-24   0.138464E-23
   0.233333E+01   0.817744E-36   0.163548E-35   0.327094E-35   0.606756E-37   0.328480E-36   0.656960E-36   0.131373E-35   0.262746E-35   0.648959E-37   0.105084E-34   0.210152E-34   0.420364E-34   0.998248E-36   0.168158E-33   0.179275E-28   0.656176E-20   0.343492E-20   0.120897E-20   0.324020E-24   0.411959E-28   0.840897E-33   0.429528E-31   0.137394E-32   0.171883E-30   0.308912E-32   0.444488E-32
   0.233333E+01   0.205344E-37   0.410542E-37   0.821141E-37   0.554115E-38   0.328386E-36   0.656913E-36   0.131420E-35   0.262690E-35   0.104284E-36   0.105084E-34   0.210152E-34   0.420274E-34   0.129893E-35   0.168110E-33   0.220937E-26   0.773464E-18   0.402017E-18   0.147345E-18   0.382002E-22   0.477947E-26   0.657821E-32   0.429559E-31   0.142037E-30   0.171784E-30   0.348404E-30   0.548587E-30
   0.233333E+01   0.205521E-37   0.411188E-37   0.822258E-37   0.386022E-36   0.328997E-36   0.658230E-36   0.131608E-35   0.263066E-35   0.463874E-35   0.105196E-34   0.210318E-34   0.420605E-34   0.316373E-34   0.168230E-33   0.239672E-24   0.837142E-16   0.435031E-16   0.159190E-16   0.411312E-20   0.513718E-24   0.642184E-30   0.433287E-31   0.153738E-28   0.172499E-30   0.376763E-28   0.593021E-28
   0.233333E+01   0.136097E-35   0.318770E-35   0.728256E-35   0.234360E-31   0.335500E-34   0.676448E-34   0.129950E-33   0.243820E-33   0.282578E-30   0.793221E-33   0.139095E-32   0.240946E-32   0.189931E-29   0.708357E-32   0.743458E-20   0.256765E-11   0.132523E-11   0.476131E-12   0.125632E-15   0.156482E-19   0.181036E-25   0.225418E-28   0.466813E-24   0.432756E-28   0.114225E-23   0.179724E-23
   0.233333E+01   0.965482E-34   0.228261E-33   0.525286E-33   0.427795E-30   0.244316E-32   0.494030E-32   0.950800E-32   0.178590E-31   0.448589E-29   0.581001E-31   0.101776E-30   0.176001E-30   0.287553E-28   0.514571E-30   0.165802E-19   0.571628E-11   0.294983E-11   0.107215E-11   0.279953E-15   0.349219E-19   0.403502E-25   0.117824E-26   0.103053E-23   0.254952E-26   0.252119E-23   0.396620E-23
   0.233333E+01   0.303266E-33   0.723015E-33   0.167433E-32   0.235724E-31   0.773871E-32   0.153249E-31   0.286265E-31   0.517779E-31   0.294033E-30   0.155551E-30   0.262329E-30   0.437522E-30   0.201578E-29   0.119340E-29   0.516876E-21   0.177473E-12   0.908518E-13   0.323611E-13   0.865196E-17   0.107559E-20   0.124658E-26   0.867490E-28   0.318516E-25   0.222716E-27   0.778124E-25   0.122386E-24
   0.233333E+01   0.542509E-31   0.883969E-31   0.142745E-30   0.456213E-30   0.366165E-30   0.583884E-30   0.929471E-30   0.147838E-29   0.470657E-29   0.373357E-29   0.593014E-29   0.941693E-29   0.299458E-28   0.237356E-28   0.604362E-20   0.207536E-11   0.106250E-11   0.378660E-12   0.101184E-15   0.125798E-19   0.145784E-25   0.964293E-27   0.372490E-24   0.241298E-26   0.910004E-24   0.143129E-23
   0.233333E+01   0.586733E-37   0.109768E-36   0.204524E-36   0.706592E-34   0.707436E-36   0.131552E-35   0.244475E-35   0.455716E-35   0.831389E-33   0.159724E-34   0.301213E-34   0.571189E-34   0.555030E-32   0.209168E-33   0.436031E-22   0.152548E-13   0.792800E-14   0.290584E-14   0.753367E-18   0.942521E-22   0.108885E-27   0.110095E-30   0.279937E-26   0.301143E-30   0.686074E-26   0.107983E-25
   0.233333E+01   0.100320E-36   0.185834E-36   0.341505E-36   0.150403E-33   0.113788E-35   0.206816E-35   0.374183E-35   0.677724E-35   0.179062E-32   0.222964E-34   0.406657E-34   0.745997E-34   0.119928E-31   0.256763E-33   0.943040E-22   0.329934E-13   0.171515E-13   0.628762E-14   0.163022E-17   0.203968E-21   0.235697E-27   0.188325E-30   0.606098E-26   0.451850E-30   0.148555E-25   0.233821E-25
   0.233333E+01   0.445136E-35   0.813718E-35   0.146707E-34   0.849710E-32   0.462163E-34   0.808911E-34   0.139655E-33   0.239471E-33   0.102361E-30   0.684980E-33   0.114603E-32   0.190820E-32   0.687787E-30   0.525288E-32   0.522639E-20   0.182528E-11   0.948590E-12   0.346964E-12   0.896686E-16   0.112010E-19   0.129297E-25   0.839348E-29   0.335356E-24   0.162585E-28   0.821889E-24   0.129362E-23
   0.233333E+01   0.122845E-30   0.226066E-30   0.409655E-30   0.239512E-27   0.129893E-29   0.227756E-29   0.393576E-29   0.675000E-29   0.291478E-26   0.192700E-28   0.321699E-28   0.533988E-28   0.196296E-25   0.145627E-27   0.477100E-16   0.166785E-07   0.864936E-08   0.316620E-08   0.818854E-12   0.102295E-15   0.118033E-21   0.238232E-24   0.303474E-20   0.459017E-24   0.743312E-20   0.116966E-19
   0.233333E+01   0.654075E-30   0.128219E-29   0.244557E-29   0.441036E-28   0.835120E-29   0.150286E-28   0.265010E-28   0.461570E-28   0.484503E-27   0.134429E-27   0.225771E-27   0.376283E-27   0.319794E-26   0.102994E-26   0.135504E-17   0.468144E-09   0.241781E-09   0.876510E-10   0.229308E-13   0.285981E-17   0.330473E-23   0.157370E-24   0.843498E-22   0.385871E-24   0.206352E-21   0.324615E-21
   0.233333E+01   0.188352E-30   0.300620E-30   0.478860E-30   0.150325E-29   0.121128E-29   0.192479E-29   0.305743E-29   0.485543E-29   0.153986E-28   0.122386E-28   0.194264E-28   0.308324E-28   0.978445E-28   0.776422E-28   0.216823E-19   0.747220E-11   0.384251E-11   0.137794E-11   0.365100E-15   0.454493E-19   0.526067E-25   0.313654E-26   0.134316E-23   0.783097E-26   0.328331E-23   0.516448E-23
   0.233333E+01   0.227419E-28   0.360911E-28   0.572760E-28   0.178512E-27   0.144249E-27   0.228917E-27   0.363276E-27   0.576485E-27   0.182351E-26   0.145163E-26   0.230338E-26   0.365470E-26   0.115788E-25   0.919873E-26   0.310592E-17   0.107384E-08   0.555281E-09   0.201649E-09   0.526306E-13   0.656609E-17   0.758517E-23   0.370619E-24   0.193493E-21   0.924110E-24   0.473414E-21   0.744739E-21
   0.233333E+01   0.000000E+00   0.000000E+00   0.000000E+00   0.000000E+00   0.000000E+00   0.000000E+00   0.000000E+00   0.000000E+00   0.000000E+00   0.000000E+00   0.000000E+00   0.000000E+00   0.000000E+00   0.000000E+00   0.000000E+00   0.000000E+00   0.000000E+00   0.000000E+00   0.000000E+00   0.000000E+00   0.000000E+00   0.000000E+00   0.000000E+00   0.000000E+00   0.000000E+00   0.000000E+00
   0.233333E+01   0.231122E-26   0.462160E-26   0.924186E-26   0.181827E-25   0.369597E-25   0.739140E-25   0.147819E-24   0.295624E-24   0.589970E-24   0.118242E-23   0.236478E-23   0.472946E-23   0.945341E-23   0.189173E-22   0.436918E-16   0.172010E-07   0.109369E-07   0.408746E-08   0.917594E-12   0.117558E-15   0.156680E-21   0.484264E-20   0.102449E-19   0.193702E-19   0.395508E-19   0.787300E-19
   0.250000E+01   0.218750E-25   0.437500E-25   0.875000E-25   0.171874E-24   0.350000E-24   0.700000E-24   0.140000E-23   0.280000E-23   0.560000E-23   0.111783E-22   0.224000E-22   0.448000E-22   0.896000E-22   0.179080E-21   0.358400E-21   0.142947E-06   0.787256E-07   0.575988E-07   0.108389E-10   0.129428E-14   0.180870E-19   0.458752E-19   0.945837E-19   0.183497E-18   0.367943E-18   0.735240E-18
   0.250000E+01   0.817739E-36   0.163540E-35   0.327075E-35   0.607957E-37   0.130831E-34   0.261665E-34   0.523327E-34   0.104665E-33   0.209327E-33   0.394350E-35   0.837321E-33   0.167464E-32   0.334927E-32   0.630835E-34   0.133970E-31   0.259903E-19   0.113014E-19   0.828150E-20   0.186291E-23   0.206945E-27   0.292962E-32   0.171483E-29   0.517559E-32   0.685916E-29   0.118146E-31   0.184239E-31
   0.250000E+01   0.817740E-36   0.163549E-35   0.327077E-35   0.746380E-37   0.130838E-34   0.261675E-34   0.523355E-34   0.104670E-33   0.209330E-33   0.418677E-35   0.837357E-33   0.167473E-32   0.334925E-32   0.646952E-34   0.133971E-31   0.288583E-17   0.126613E-17   0.917207E-18   0.200223E-21   0.230905E-25   0.326067E-30   0.171481E-29   0.541932E-30   0.171833E-30   0.132533E-29   0.208522E-29
   0.250000E+01   0.817739E-36   0.163547E-35   0.327079E-35   0.611189E-37   0.130838E-34   0.261675E-34   0.523349E-34   0.104671E-33   0.209330E-33   0.395100E-35   0.837354E-33   0.167470E-32   0.334930E-32   0.630591E-34   0.133970E-31   0.108709E-18   0.477431E-19   0.345972E-19   0.788792E-23   0.870490E-27   0.122943E-31   0.171482E-29   0.204499E-31   0.171845E-30   0.504962E-31   0.787324E-31
   0.250000E+01   0.817742E-36   0.163550E-35   0.327078E-35   0.112055E-36   0.130838E-34   0.261675E-34   0.523348E-34   0.104671E-33   0.209329E-33   0.487831E-35   0.837357E-33   0.167473E-32   0.334926E-32   0.692418E-34   0.133971E-31   0.109280E-16   0.479660E-17   0.347623E-17   0.759013E-21   0.875657E-25   0.123702E-29   0.171481E-29   0.205610E-29   0.171895E-30   0.502809E-29   0.791142E-29
   0.250000E+01   0.817737E-36   0.163547E-35   0.327078E-35   0.484302E-35   0.130838E-34   0.261675E-34   0.131411E-35   0.262709E-35   0.524477E-35   0.884703E-34   0.210227E-34   0.420455E-34   0.839344E-34   0.583528E-33   0.335569E-33   0.103269E-14   0.453378E-15   0.328642E-15   0.717659E-19   0.828100E-23   0.117007E-27   0.429683E-31   0.194493E-27   0.180017E-30   0.475630E-27   0.748376E-27
   0.250000E+01   0.208459E-37   0.417154E-37   0.832720E-37   0.448401E-33   0.333934E-36   0.668245E-36   0.133649E-35   0.267223E-35   0.533618E-35   0.806517E-32   0.213869E-34   0.427587E-34   0.853728E-34   0.528086E-31   0.341371E-33   0.925320E-13   0.406011E-13   0.293671E-13   0.640115E-17   0.737236E-21   0.104127E-25   0.437047E-31   0.173827E-25   0.912745E-30   0.424979E-25   0.668628E-25
   0.250000E+01   0.817740E-36   0.163548E-35   0.327076E-35   0.625620E-37   0.130837E-34   0.261677E-34   0.523351E-34   0.104670E-33   0.209331E-33   0.397653E-35   0.837354E-33   0.167472E-32   0.334926E-32   0.633590E-34   0.133970E-31   0.412991E-18   0.181310E-18   0.131410E-18   0.286841E-22   0.330937E-26   0.467477E-31   0.171483E-29   0.776169E-31   0.171858E-30   0.190516E-30   0.298682E-30
   0.250000E+01   0.817747E-36   0.163549E-35   0.327081E-35   0.242675E-36   0.130838E-34   0.261676E-34   0.523347E-34   0.104669E-33   0.209328E-33   0.729981E-35   0.837357E-33   0.167470E-32   0.334926E-32   0.851314E-34   0.133971E-31   0.392809E-16   0.172452E-16   0.125004E-16   0.272970E-20   0.314974E-24   0.445039E-29   0.429436E-31   0.739764E-29   0.172166E-30   0.180909E-28   0.284653E-28
   0.250000E+01   0.817742E-36   0.410806E-37   0.820083E-37   0.163171E-34   0.328621E-36   0.657054E-36   0.131430E-35   0.262897E-35   0.524665E-35   0.305176E-33   0.210363E-34   0.420515E-34   0.839344E-34   0.201492E-32   0.335930E-33   0.357602E-14   0.157032E-14   0.113850E-14   0.248633E-18   0.286912E-22   0.405496E-27   0.429898E-31   0.674165E-27   0.200195E-30   0.164878E-26   0.259432E-26
   0.250000E+01   0.213940E-37   0.428409E-37   0.856583E-37   0.139626E-32   0.344302E-36   0.689263E-36   0.137881E-35   0.275987E-35   0.551184E-35   0.264458E-31   0.221076E-34   0.442272E-34   0.882979E-34   0.174969E-30   0.353288E-33   0.297927E-12   0.130785E-12   0.944720E-13   0.206044E-16   0.237255E-20   0.335065E-25   0.452177E-31   0.561570E-25   0.264005E-29   0.137309E-24   0.216048E-24
   0.250000E+01   0.766275E-37   0.159297E-36   0.330661E-36   0.965809E-31   0.139731E-35   0.284921E-35   0.573651E-35   0.116161E-34   0.234497E-34   0.185093E-29   0.951530E-34   0.191266E-33   0.383850E-33   0.122712E-28   0.154397E-32   0.559855E-11   0.242761E-11   0.174399E-11   0.385354E-15   0.442613E-19   0.625337E-24   0.197375E-30   0.104153E-23   0.172788E-27   0.254127E-23   0.399680E-23
   0.250000E+01   0.163872E-35   0.335356E-35   0.689191E-35   0.226312E-30   0.286583E-34   0.581029E-34   0.116133E-33   0.234268E-33   0.471729E-33   0.369001E-29   0.190539E-32   0.382380E-32   0.766815E-32   0.234506E-28   0.307913E-31   0.222005E-11   0.956666E-12   0.685489E-12   0.152403E-15   0.174799E-19   0.247055E-24   0.391645E-29   0.409943E-24   0.189098E-26   0.999102E-24   0.157097E-23
   0.250000E+01   0.817744E-36   0.163547E-35   0.327078E-35   0.655983E-37   0.130838E-34   0.261676E-34   0.523355E-34   0.104669E-33   0.209329E-33   0.403284E-35   0.837352E-33   0.167471E-32   0.334926E-32   0.636826E-34   0.133970E-31   0.106524E-17   0.467690E-18   0.338989E-18   0.740207E-22   0.854095E-26   0.120676E-30   0.171484E-29   0.200739E-30   0.171870E-30   0.491244E-30   0.773148E-30
   0.250000E+01   0.817744E-36   0.163546E-35   0.327078E-35   0.511060E-36   0.130837E-34   0.261677E-34   0.523351E-34   0.104669E-33   0.209329E-33   0.123553E-34   0.837351E-33   0.167471E-32   0.334925E-32   0.118643E-33   0.133970E-31   0.983387E-16   0.431824E-16   0.313073E-16   0.683730E-20   0.789079E-24   0.111511E-28   0.429559E-31   0.185381E-28   0.172659E-30   0.453379E-28   0.713385E-28
   0.250000E+01   0.205609E-37   0.411247E-37   0.820906E-37   0.545416E-34   0.328997E-36   0.658230E-36   0.131580E-35   0.263179E-35   0.525342E-35   0.103228E-32   0.210543E-34   0.421117E-34   0.840608E-34   0.682955E-32   0.336243E-33   0.120928E-13   0.531139E-14   0.385072E-14   0.840264E-18   0.968977E-22   0.137029E-26   0.430422E-31   0.228194E-26   0.268972E-30   0.558119E-26   0.878210E-26
   0.250000E+01   0.228531E-37   0.459589E-37   0.922645E-37   0.448148E-32   0.372773E-36   0.748038E-36   0.149664E-35   0.299892E-35   0.599709E-35   0.859144E-31   0.240892E-34   0.481994E-34   0.963266E-34   0.569794E-30   0.385547E-33   0.886838E-12   0.388557E-12   0.280011E-12   0.612654E-16   0.704974E-20   0.995581E-25   0.492483E-31   0.166973E-24   0.828350E-29   0.408106E-24   0.642092E-24
   0.250000E+01   0.169499E-36   0.356792E-36   0.750071E-36   0.275917E-30   0.322506E-35   0.661615E-35   0.133396E-34   0.271167E-34   0.549221E-34   0.510546E-29   0.223733E-33   0.450418E-33   0.905271E-33   0.334501E-28   0.364754E-32   0.724508E-11   0.314208E-11   0.226017E-11   0.498833E-15   0.573130E-19   0.809677E-24   0.460217E-30   0.134488E-23   0.552770E-27   0.328142E-23   0.516066E-23
   0.250000E+01   0.382170E-35   0.815245E-35   0.173477E-34   0.249853E-30   0.758043E-34   0.156395E-33   0.316228E-33   0.644975E-33   0.131017E-32   0.406693E-29   0.535821E-32   0.108002E-31   0.217343E-31   0.258451E-28   0.877063E-31   0.239316E-11   0.103137E-11   0.739059E-12   0.164294E-15   0.188443E-19   0.266338E-24   0.110520E-28   0.441897E-24   0.242214E-26   0.107698E-23   0.169343E-23
   0.250000E+01   0.347667E-33   0.718891E-33   0.149337E-32   0.243536E-30   0.630824E-32   0.128623E-31   0.257526E-31   0.521395E-31   0.105298E-30   0.411370E-29   0.427096E-30   0.858376E-30   0.172324E-29   0.282018E-28   0.690833E-29   0.226693E-11   0.976939E-12   0.700018E-12   0.155625E-15   0.178497E-19   0.252281E-24   0.591272E-27   0.418556E-24   0.250097E-26   0.102008E-23   0.160395E-23
   0.250000E+01   0.817742E-36   0.163549E-35   0.327095E-35   0.606456E-37   0.130838E-34   0.261676E-34   0.523353E-34   0.104670E-33   0.209339E-33   0.393974E-35   0.837349E-33   0.167472E-32   0.334944E-32   0.631043E-34   0.133976E-31   0.676700E-20   0.308780E-20   0.222660E-20   0.482370E-24   0.549395E-28   0.782213E-33   0.171483E-29   0.148405E-32   0.171784E-30   0.360864E-32   0.597655E-32
   0.250000E+01   0.817743E-36   0.163549E-35   0.327095E-35   0.144408E-35   0.328621E-36   0.657054E-36   0.131420E-35   0.262803E-35   0.525831E-35   0.273957E-34   0.210242E-34   0.420304E-34   0.840969E-34   0.182384E-33   0.336267E-33   0.317274E-15   0.139352E-15   0.101050E-15   0.220709E-19   0.254760E-23   0.360085E-28   0.429713E-31   0.598691E-28   0.174458E-30   0.146430E-27   0.230410E-27
   0.250000E+01   0.209591E-37   0.419887E-37   0.841184E-37   0.129671E-33   0.337390E-36   0.675721E-36   0.135125E-35   0.270627E-35   0.541367E-35   0.248391E-32   0.216742E-34   0.433575E-34   0.867511E-34   0.164709E-31   0.347077E-33   0.288845E-13   0.126891E-13   0.919668E-14   0.200349E-17   0.230930E-21   0.326501E-26   0.439482E-31   0.545530E-26   0.412234E-30   0.133431E-25   0.209961E-25
   0.250000E+01   0.522595E-37   0.111014E-36   0.235064E-36   0.100526E-31   0.102228E-35   0.210837E-35   0.427955E-35   0.873007E-35   0.177404E-34   0.195060E-30   0.726000E-34   0.146374E-33   0.294601E-33   0.129673E-29   0.118688E-32   0.163981E-11   0.715235E-12   0.516110E-12   0.113132E-15   0.130141E-19   0.183797E-24   0.120329E-30   0.307930E-24   0.190809E-28   0.752216E-24   0.118338E-23
   0.250000E+01   0.290169E-35   0.643870E-35   0.141512E-34   0.509111E-30   0.646802E-34   0.135684E-33   0.277801E-33   0.572634E-33   0.117308E-32   0.877756E-29   0.485578E-32   0.982913E-32   0.198451E-31   0.564887E-28   0.802336E-31   0.809981E-11   0.351240E-11   0.253739E-11   0.557903E-15   0.641497E-19   0.906103E-24   0.730371E-29   0.150206E-23   0.175137E-26   0.366531E-23   0.576435E-23
   0.250000E+01   0.816600E-34   0.182746E-33   0.404410E-33   0.272460E-30   0.186645E-32   0.392874E-32   0.806450E-32   0.166592E-31   0.341858E-31   0.447976E-29   0.141851E-30   0.287383E-30   0.580621E-30   0.291462E-28   0.234965E-29   0.257692E-11   0.110910E-11   0.797348E-12   0.176873E-15   0.202949E-19   0.286818E-24   0.212287E-27   0.475814E-24   0.276330E-26   0.115964E-23   0.182340E-23
   0.250000E+01   0.887515E-32   0.193780E-31   0.416088E-31   0.348889E-30   0.170950E-30   0.326778E-30   0.598375E-30   0.107285E-29   0.187619E-29   0.749591E-29   0.542357E-29   0.903120E-29   0.148868E-28   0.515201E-28   0.395438E-28   0.249679E-11   0.107456E-11   0.772477E-12   0.171368E-15   0.196629E-19   0.277888E-24   0.106366E-26   0.460997E-24   0.275429E-26   0.112352E-23   0.176660E-23
   0.250000E+01   0.817739E-36   0.163547E-35   0.327095E-35   0.200882E-38   0.328480E-36   0.656866E-36   0.131420E-35   0.262784E-35   0.525681E-35   0.126144E-36   0.210152E-34   0.420304E-34   0.840548E-34   0.203291E-35   0.336243E-33   0.832039E-20   0.359308E-20   0.262245E-20   0.586832E-24   0.661021E-28   0.942445E-33   0.430268E-31   0.172830E-32   0.171784E-30   0.375694E-32   0.696441E-32
   0.250000E+01   0.205315E-37   0.410512E-37   0.821024E-37   0.646517E-38   0.328527E-36   0.657195E-36   0.131411E-35   0.262803E-35   0.525531E-35   0.212492E-36   0.210197E-34   0.420334E-34   0.840789E-34   0.255015E-35   0.336243E-33   0.100905E-17   0.443302E-18   0.321521E-18   0.702293E-22   0.810813E-26   0.114617E-30   0.430391E-31   0.190733E-30   0.171845E-30   0.466725E-30   0.734770E-30
   0.250000E+01   0.205712E-37   0.411335E-37   0.822963E-37   0.495532E-36   0.329350E-36   0.658559E-36   0.131702E-35   0.263348E-35   0.526471E-35   0.969354E-35   0.210528E-34   0.421026E-34   0.841691E-34   0.656424E-34   0.336508E-33   0.109163E-15   0.479366E-16   0.347593E-16   0.755835E-20   0.871034E-24   0.123059E-28   0.430361E-31   0.206320E-28   0.172770E-30   0.504611E-28   0.794062E-28
   0.250000E+01   0.208943E-35   0.490611E-35   0.111688E-34   0.289705E-31   0.500804E-34   0.990410E-34   0.186812E-33   0.344243E-33   0.618036E-33   0.568873E-30   0.188621E-32   0.323808E-32   0.552424E-32   0.379054E-29   0.159799E-31   0.312897E-11   0.135394E-11   0.986977E-12   0.215471E-15   0.248057E-19   0.350292E-24   0.667305E-30   0.585181E-24   0.571406E-28   0.142871E-23   0.224736E-23
   0.250000E+01   0.148709E-33   0.352189E-33   0.807131E-33   0.478585E-30   0.365131E-32   0.724083E-32   0.136828E-31   0.252429E-31   0.453433E-31   0.798500E-29   0.138287E-30   0.237117E-30   0.403819E-30   0.510677E-28   0.116200E-29   0.668149E-11   0.289427E-11   0.211849E-11   0.460613E-15   0.530825E-19   0.749411E-24   0.463758E-28   0.123980E-23   0.310600E-26   0.302674E-23   0.476031E-23
   0.250000E+01   0.501445E-33   0.119731E-32   0.275228E-32   0.293778E-31   0.120145E-31   0.228804E-31   0.413148E-31   0.725333E-31   0.124192E-30   0.590209E-30   0.347449E-30   0.573058E-30   0.940235E-30   0.395788E-29   0.251072E-29   0.221082E-12   0.947042E-13   0.688209E-13   0.151618E-16   0.174182E-20   0.246109E-25   0.756023E-28   0.408179E-25   0.260310E-27   0.994768E-25   0.156415E-24
   0.250000E+01   0.653313E-31   0.105662E-30   0.169750E-30   0.538461E-30   0.432935E-30   0.689277E-30   0.109614E-29   0.174221E-29   0.276784E-29   0.879837E-29   0.698027E-29   0.110822E-28   0.175923E-28   0.558909E-28   0.443182E-28   0.257851E-11   0.110478E-11   0.803028E-12   0.176855E-15   0.203192E-19   0.287093E-24   0.111869E-26   0.476106E-24   0.283419E-26   0.116036E-23   0.182454E-23
   0.250000E+01   0.701035E-37   0.130354E-36   0.241605E-36   0.837449E-34   0.823692E-36   0.151625E-35   0.278508E-35   0.512572E-35   0.945586E-35   0.160088E-32   0.326445E-34   0.612265E-34   0.115682E-33   0.106099E-31   0.421658E-33   0.183642E-13   0.806754E-14   0.585112E-14   0.127811E-17   0.147554E-21   0.208590E-26   0.458433E-31   0.346850E-26   0.335753E-30   0.848391E-26   0.133499E-25
   0.250000E+01   0.129150E-36   0.238117E-36   0.436120E-36   0.186715E-33   0.143643E-35   0.258501E-35   0.462054E-35   0.825310E-35   0.147326E-34   0.361558E-32   0.472981E-34   0.854571E-34   0.155579E-33   0.240232E-31   0.529727E-33   0.416033E-13   0.182809E-13   0.132611E-13   0.289677E-17   0.334403E-21   0.472895E-26   0.493901E-31   0.786602E-26   0.543639E-30   0.192417E-25   0.302787E-25
   0.250000E+01   0.580541E-35   0.106105E-34   0.191750E-34   0.101169E-31   0.605716E-34   0.105809E-33   0.182029E-33   0.310639E-33   0.524843E-33   0.198449E-30   0.146463E-32   0.242847E-32   0.401663E-32   0.132194E-29   0.109815E-31   0.220175E-11   0.964795E-12   0.703179E-12   0.152382E-15   0.175755E-19   0.248132E-24   0.393521E-30   0.416314E-24   0.206507E-28   0.101826E-23   0.160231E-23
   0.250000E+01   0.156494E-30   0.287963E-30   0.523125E-30   0.278008E-27   0.166390E-29   0.291246E-29   0.501654E-29   0.856533E-29   0.144691E-28   0.550416E-26   0.402794E-28   0.666304E-28   0.109856E-27   0.367026E-25   0.297575E-27   0.189180E-07   0.829778E-08   0.600648E-08   0.130927E-11   0.150873E-15   0.212977E-20   0.979828E-26   0.354320E-20   0.570121E-24   0.866160E-20   0.136266E-19
   0.250000E+01   0.913781E-30   0.179227E-29   0.342818E-29   0.503450E-28   0.117335E-28   0.210490E-28   0.369266E-28   0.638830E-28   0.108906E-27   0.898572E-27   0.306169E-27   0.507432E-27   0.836951E-27   0.591422E-26   0.225989E-26   0.548669E-09   0.239160E-09   0.172421E-09   0.378613E-13   0.435533E-17   0.615089E-22   0.711129E-25   0.101750E-21   0.435016E-24   0.248386E-21   0.390640E-21
   0.250000E+01   0.219707E-30   0.350143E-30   0.557210E-30   0.174598E-29   0.140784E-29   0.223629E-29   0.355124E-29   0.563838E-29   0.895084E-29   0.283804E-28   0.225496E-28   0.357861E-28   0.567871E-28   0.180122E-27   0.142952E-27   0.907739E-11   0.393225E-11   0.282335E-11   0.624563E-15   0.717201E-19   0.101334E-23   0.359521E-26   0.167880E-23   0.908366E-26   0.409421E-23   0.643818E-23
   0.250000E+01   0.250611E-28   0.397713E-28   0.631159E-28   0.196760E-27   0.158955E-27   0.252253E-27   0.400308E-27   0.635249E-27   0.100805E-26   0.319130E-26   0.253815E-26   0.402720E-26   0.638939E-26   0.202456E-25   0.160787E-25   0.125140E-08   0.546260E-09   0.394091E-09   0.864084E-13   0.994335E-17   0.140414E-21   0.403707E-24   0.232107E-21   0.101927E-23   0.566690E-21   0.891255E-21
   0.250000E+01   0.000000E+00   0.000000E+00   0.000000E+00   0.000000E+00   0.000000E+00   0.000000E+00   0.000000E+00   0.000000E+00   0.000000E+00   0.000000E+00   0.000000E+00   0.000000E+00   0.000000E+00   0.000000E+00   0.000000E+00   0.000000E+00   0.000000E+00   0.000000E+00   0.000000E+00   0.000000E+00   0.000000E+00   0.000000E+00   0.000000E+00   0.000000E+00   0.000000E+00   0.000000E+00
   0.250000E+01   0.231145E-26   0.462198E-26   0.924248E-26   0.181896E-25   0.369614E-25   0.739167E-25   0.147824E-24   0.295632E-24   0.591237E-24   0.118083E-23   0.236480E-23   0.472951E-23   0.945884E-23   0.189093E-22   0.378344E-22   0.169172E-07   0.911158E-08   0.665999E-08   0.127062E-11   0.151195E-15   0.211497E-20   0.484263E-20   0.103263E-19   0.193702E-19   0.396761E-19   0.789272E-19
   0.266667E+01   0.218750E-25   0.437500E-25   0.875000E-25   0.171892E-24   0.350000E-24   0.700000E-24   0.140000E-23   0.280000E-23   0.558481E-23   0.112000E-22   0.224000E-22   0.447533E-22   0.895275E-22   0.179082E-21   0.358400E-21   0.106733E-06   0.111332E-06   0.612037E-07   0.134064E-10   0.709543E-15   0.371314E-19   0.459847E-19   0.949135E-19   0.183497E-18   0.367987E-18   0.735314E-18
   0.266667E+01   0.817739E-36   0.163540E-35   0.327075E-35   0.608021E-37   0.130831E-34   0.261665E-34   0.523328E-34   0.104665E-33   0.196910E-35   0.418658E-33   0.837320E-33   0.157852E-34   0.315357E-34   0.630359E-34   0.133970E-31   0.240307E-19   0.239950E-19   0.113732E-19   0.303226E-23   0.152460E-27   0.806146E-32   0.516532E-33   0.672232E-32   0.685904E-29   0.154502E-31   0.242553E-31
   0.266667E+01   0.817740E-36   0.163549E-35   0.327077E-35   0.783753E-37   0.130838E-34   0.261675E-34   0.523355E-34   0.104664E-33   0.216604E-35   0.418679E-33   0.837325E-33   0.165668E-34   0.328166E-34   0.651288E-34   0.133971E-31   0.269451E-17   0.268658E-17   0.126594E-17   0.325801E-21   0.166600E-25   0.887273E-30   0.496798E-31   0.711772E-30   0.171845E-30   0.173682E-29   0.273233E-29
   0.266667E+01   0.817739E-36   0.163547E-35   0.327079E-35   0.612870E-37   0.130838E-34   0.261675E-34   0.523349E-34   0.104665E-33   0.197510E-35   0.418679E-33   0.837313E-33   0.157972E-34   0.315777E-34   0.631679E-34   0.133970E-31   0.101296E-18   0.100985E-18   0.476016E-19   0.127991E-22   0.626395E-27   0.333623E-31   0.189601E-32   0.268986E-31   0.171833E-30   0.655829E-31   0.103146E-30
   0.266667E+01   0.817742E-36   0.163550E-35   0.327078E-35   0.125495E-36   0.130838E-34   0.261675E-34   0.523347E-34   0.104664E-33   0.270662E-35   0.418675E-33   0.837311E-33   0.188124E-34   0.364308E-34   0.708784E-34   0.133971E-31   0.101887E-16   0.101642E-16   0.479150E-17   0.123344E-20   0.630872E-25   0.336133E-29   0.187990E-30   0.269709E-29   0.171931E-30   0.658148E-29   0.103531E-28
   0.266667E+01   0.817740E-36   0.163548E-35   0.327078E-35   0.609500E-35   0.130838E-34   0.261675E-34   0.131383E-35   0.262295E-35   0.696991E-34   0.105129E-34   0.209881E-34   0.289091E-33   0.462872E-33   0.740453E-33   0.335569E-33   0.963259E-15   0.961190E-15   0.453212E-15   0.116681E-18   0.596867E-23   0.318080E-27   0.177825E-28   0.255254E-27   0.182753E-30   0.622897E-27   0.979867E-27
   0.266667E+01   0.208900E-37   0.417947E-37   0.834718E-37   0.565707E-33   0.334734E-36   0.669609E-36   0.133894E-35   0.267336E-35   0.637117E-32   0.107175E-34   0.213884E-34   0.262549E-31   0.419722E-31   0.670455E-31   0.342165E-33   0.862736E-13   0.859074E-13   0.404505E-13   0.103955E-16   0.531052E-21   0.282886E-25   0.160595E-26   0.227861E-25   0.115678E-29   0.555889E-25   0.874391E-25
   0.266667E+01   0.817737E-36   0.163548E-35   0.327075E-35   0.630535E-37   0.130838E-34   0.261675E-34   0.523351E-34   0.104664E-33   0.199798E-35   0.418679E-33   0.837320E-33   0.158784E-34   0.317040E-34   0.634077E-34   0.133971E-31   0.384275E-18   0.383353E-18   0.180723E-18   0.465225E-22   0.237925E-26   0.126758E-30   0.719123E-32   0.101834E-30   0.171783E-30   0.248785E-30   0.391540E-30
   0.266667E+01   0.817736E-36   0.163547E-35   0.327074E-35   0.290016E-36   0.130839E-34   0.261674E-34   0.523357E-34   0.104665E-33   0.461494E-35   0.418682E-33   0.837319E-33   0.267245E-34   0.490895E-34   0.910745E-34   0.133970E-31   0.365787E-16   0.364995E-16   0.172097E-16   0.443066E-20   0.226643E-24   0.120780E-28   0.675308E-30   0.969246E-29   0.172227E-30   0.236526E-28   0.372076E-28
   0.266667E+01   0.817747E-36   0.410924E-37   0.820319E-37   0.205652E-34   0.328833E-36   0.657478E-36   0.131477E-35   0.262351E-35   0.239996E-33   0.105159E-34   0.209971E-34   0.997332E-33   0.159723E-32   0.255517E-32   0.335834E-33   0.333176E-14   0.332541E-14   0.156828E-14   0.403777E-18   0.206559E-22   0.110106E-26   0.615664E-28   0.883788E-27   0.209537E-30   0.215686E-26   0.339300E-26
   0.266667E+01   0.214939E-37   0.430701E-37   0.861637E-37   0.175697E-32   0.346395E-36   0.693589E-36   0.138802E-35   0.277191E-35   0.207438E-31   0.111177E-34   0.222099E-34   0.864161E-31   0.138458E-30   0.221563E-30   0.355623E-33   0.276830E-12   0.275231E-12   0.129476E-12   0.333170E-16   0.170130E-20   0.906369E-25   0.524547E-26   0.732910E-25   0.344480E-29   0.178812E-24   0.281283E-24
   0.266667E+01   0.829444E-37   0.172627E-36   0.358655E-36   0.119280E-30   0.151766E-35   0.309611E-35   0.623520E-35   0.126225E-34   0.142234E-29   0.514314E-34   0.103462E-33   0.593650E-29   0.951485E-29   0.152295E-28   0.168018E-32   0.490390E-11   0.485478E-11   0.224430E-11   0.588074E-15   0.299286E-19   0.159662E-23   0.114178E-24   0.128211E-23   0.224938E-27   0.312061E-23   0.490659E-23
   0.266667E+01   0.189723E-35   0.388272E-35   0.797982E-35   0.263618E-30   0.331844E-34   0.672809E-34   0.134477E-33   0.271272E-33   0.270434E-29   0.109850E-32   0.220642E-32   0.108355E-28   0.172013E-28   0.273024E-28   0.356575E-31   0.198412E-11   0.195900E-11   0.898323E-12   0.237386E-15   0.120595E-19   0.643927E-24   0.563171E-25   0.515127E-24   0.227447E-26   0.125219E-23   0.196834E-23
   0.266667E+01   0.817740E-36   0.163547E-35   0.327079E-35   0.668060E-37   0.130838E-34   0.261673E-34   0.523348E-34   0.104664E-33   0.203812E-35   0.418679E-33   0.837308E-33   0.160618E-34   0.320107E-34   0.638516E-34   0.133970E-31   0.974432E-18   0.972252E-18   0.458436E-18   0.118021E-21   0.603711E-26   0.321723E-30   0.180755E-31   0.258291E-30   0.171870E-30   0.630590E-30   0.992187E-30
   0.266667E+01   0.817739E-36   0.163547E-35   0.327075E-35   0.619047E-36   0.130837E-34   0.261676E-34   0.523352E-34   0.104664E-33   0.847773E-35   0.418675E-33   0.837320E-33   0.428163E-34   0.748340E-34   0.132369E-33   0.133970E-31   0.900873E-16   0.899144E-16   0.424038E-16   0.109181E-19   0.558560E-24   0.297719E-28   0.166468E-29   0.238952E-28   0.172806E-30   0.583154E-28   0.917375E-28
   0.266667E+01   0.205712E-37   0.411364E-37   0.820848E-37   0.686855E-34   0.329162E-36   0.658089E-36   0.131665E-35   0.262765E-35   0.810373E-33   0.105317E-34   0.210182E-34   0.337551E-32   0.540835E-32   0.865449E-32   0.336340E-33   0.112542E-13   0.112334E-13   0.529819E-14   0.136287E-17   0.697039E-22   0.371698E-26   0.208255E-27   0.298800E-26   0.300821E-30   0.729253E-26   0.114723E-25
   0.266667E+01   0.231616E-37   0.466142E-37   0.936164E-37   0.561830E-32   0.378627E-36   0.760122E-36   0.152109E-35   0.304387E-35   0.670700E-31   0.122387E-34   0.244608E-34   0.280113E-30   0.449038E-30   0.718852E-30   0.392456E-33   0.818317E-12   0.810919E-12   0.379551E-12   0.982537E-16   0.501085E-20   0.267087E-24   0.160092E-25   0.216073E-24   0.108908E-28   0.526912E-24   0.828805E-24
   0.266667E+01   0.186845E-36   0.393588E-36   0.828036E-36   0.331777E-30   0.356363E-35   0.731336E-35   0.147501E-34   0.299790E-34   0.380535E-29   0.122758E-33   0.247492E-33   0.156821E-28   0.250556E-28   0.399903E-28   0.403591E-32   0.626280E-11   0.620574E-11   0.287393E-11   0.751599E-15   0.382685E-19   0.204104E-23   0.147452E-24   0.163492E-23   0.719496E-27   0.397939E-23   0.625666E-23
   0.266667E+01   0.444909E-35   0.949302E-35   0.202040E-34   0.290231E-30   0.883093E-34   0.182211E-33   0.368458E-33   0.751539E-33   0.297284E-29   0.309158E-32   0.624425E-32   0.119087E-28   0.189056E-28   0.300102E-28   0.102218E-30   0.213801E-11   0.211103E-11   0.968153E-12   0.255807E-15   0.129957E-19   0.693904E-24   0.609112E-25   0.555067E-24   0.284322E-26   0.134928E-23   0.212096E-23
   0.266667E+01   0.409422E-33   0.847366E-33   0.176158E-32   0.282762E-30   0.744977E-32   0.151962E-31   0.304365E-31   0.616390E-31   0.297615E-29   0.251009E-30   0.505184E-30   0.124251E-28   0.201435E-28   0.328107E-28   0.817100E-29   0.202634E-11   0.200067E-11   0.917436E-12   0.242436E-15   0.123160E-19   0.657624E-24   0.580034E-25   0.526025E-24   0.290220E-26   0.127866E-23   0.200995E-23
   0.266667E+01   0.817737E-36   0.163546E-35   0.327096E-35   0.606981E-37   0.130837E-34   0.261675E-34   0.523352E-34   0.104670E-33   0.196835E-35   0.418681E-33   0.837363E-33   0.157672E-34   0.315417E-34   0.630327E-34   0.133977E-31   0.626992E-20   0.638343E-20   0.302043E-20   0.787305E-24   0.395260E-28   0.209781E-32   0.173208E-33   0.187114E-32   0.171771E-30   0.430133E-32   0.721231E-32
   0.266667E+01   0.817736E-36   0.163549E-35   0.821553E-37   0.178292E-35   0.328621E-36   0.657289E-36   0.131477E-35   0.262803E-35   0.210557E-34   0.105136E-34   0.210197E-34   0.879263E-34   0.141087E-33   0.226136E-33   0.336340E-33   0.289428E-15   0.288944E-15   0.136294E-15   0.350966E-19   0.179573E-23   0.957328E-28   0.535330E-29   0.768480E-28   0.175296E-30   0.187558E-27   0.295059E-27
   0.266667E+01   0.210751E-37   0.422532E-37   0.847120E-37   0.160725E-33   0.340118E-36   0.681034E-36   0.136348E-35   0.272884E-35   0.191720E-32   0.109342E-34   0.218653E-34   0.800547E-32   0.128328E-31   0.205430E-31   0.350254E-33   0.264427E-13   0.263889E-13   0.124457E-13   0.319641E-17   0.163432E-21   0.871168E-26   0.491355E-27   0.702557E-26   0.485916E-30   0.171472E-25   0.269758E-25
   0.266667E+01   0.610390E-37   0.130500E-36   0.277616E-36   0.123397E-31   0.121847E-35   0.252026E-35   0.512281E-35   0.104690E-34   0.148937E-30   0.431958E-34   0.873484E-34   0.623579E-30   0.100014E-29   0.160174E-29   0.143024E-32   0.146642E-11   0.145707E-11   0.677781E-12   0.176263E-15   0.898320E-20   0.478885E-24   0.301318E-25   0.386948E-24   0.246345E-28   0.943020E-24   0.148316E-23
   0.266667E+01   0.372007E-35   0.826916E-35   0.181701E-34   0.585239E-30   0.833685E-34   0.175010E-33   0.358538E-33   0.739380E-33   0.629686E-29   0.308974E-32   0.627520E-32   0.255193E-28   0.406158E-28   0.646085E-28   0.103701E-30   0.692961E-11   0.690071E-11   0.320133E-11   0.834017E-15   0.425027E-19   0.226558E-23   0.162650E-24   0.181200E-23   0.225047E-26   0.441100E-23   0.693523E-23
   0.266667E+01   0.109697E-33   0.245898E-33   0.543985E-33   0.316390E-30   0.252010E-32   0.530819E-32   0.109028E-31   0.225319E-31   0.326860E-29   0.944439E-31   0.192019E-30   0.132834E-28   0.212472E-28   0.340460E-28   0.318102E-29   0.229678E-11   0.227727E-11   0.104399E-11   0.275406E-15   0.139968E-19   0.747123E-24   0.657177E-25   0.597682E-24   0.321712E-26   0.145287E-23   0.228379E-23
   0.266667E+01   0.122465E-31   0.267059E-31   0.567635E-31   0.420558E-30   0.225613E-30   0.422711E-30   0.760483E-30   0.134102E-29   0.543932E-29   0.391689E-29   0.654300E-29   0.233368E-28   0.375898E-28   0.603583E-28   0.466132E-28   0.222643E-11   0.220742E-11   0.101185E-11   0.266959E-15   0.135672E-19   0.724200E-24   0.638724E-25   0.579339E-24   0.319585E-26   0.140826E-23   0.221366E-23
   0.266667E+01   0.817742E-36   0.163547E-35   0.821494E-37   0.197439E-38   0.328480E-36   0.656866E-36   0.131430E-35   0.262784E-35   0.626480E-37   0.105099E-34   0.210182E-34   0.505030E-36   0.100428E-35   0.204495E-35   0.336147E-33   0.743902E-20   0.756712E-20   0.360811E-20   0.938645E-24   0.475055E-28   0.251101E-32   0.182487E-33   0.217244E-32   0.171796E-30   0.506766E-32   0.829910E-32
   0.266667E+01   0.205388E-37   0.410659E-37   0.821200E-37   0.771283E-38   0.328480E-36   0.657054E-36   0.131373E-35   0.262765E-35   0.131673E-36   0.105106E-34   0.210152E-34   0.787606E-36   0.146132E-35   0.273061E-35   0.336123E-33   0.941440E-18   0.940149E-18   0.443527E-18   0.114231E-21   0.584512E-26   0.311667E-30   0.175219E-31   0.250343E-30   0.171771E-30   0.611333E-30   0.961855E-30
   0.266667E+01   0.205858E-37   0.411952E-37   0.824433E-37   0.626078E-36   0.329797E-36   0.659311E-36   0.131787E-35   0.263574E-35   0.759016E-35   0.105339E-34   0.210573E-34   0.320063E-34   0.515010E-34   0.829048E-34   0.336460E-33   0.101877E-15   0.101565E-15   0.478711E-16   0.122889E-19   0.627992E-24   0.334585E-28   0.191184E-29   0.270730E-28   0.173127E-30   0.660717E-28   0.103946E-27
   0.266667E+01   0.312151E-35   0.732751E-35   0.165280E-34   0.352272E-31   0.718376E-34   0.139365E-33   0.258442E-33   0.468701E-33   0.429806E-30   0.144492E-32   0.248345E-32   0.180391E-29   0.289466E-29   0.463759E-29   0.206266E-31   0.271335E-11   0.273366E-11   0.126585E-11   0.328506E-15   0.167561E-19   0.892474E-24   0.592768E-25   0.719421E-24   0.732069E-28   0.175226E-23   0.275556E-23
   0.266667E+01   0.222492E-33   0.526532E-33   0.119515E-32   0.529540E-30   0.523868E-32   0.101903E-31   0.189325E-31   0.343780E-31   0.554337E-29   0.106068E-30   0.182243E-30   0.223391E-28   0.355146E-28   0.564452E-28   0.150450E-29   0.557479E-11   0.564085E-11   0.262846E-11   0.677096E-15   0.345962E-19   0.184096E-23   0.123650E-24   0.147100E-23   0.366795E-26   0.358289E-23   0.563360E-23
   0.266667E+01   0.801733E-33   0.190834E-32   0.429776E-32   0.362408E-31   0.174246E-31   0.319782E-31   0.561167E-31   0.962440E-31   0.441529E-30   0.268782E-30   0.442308E-30   0.184358E-29   0.295708E-29   0.473934E-29   0.311843E-29   0.196008E-12   0.196979E-12   0.901599E-13   0.236694E-16   0.120438E-20   0.642235E-25   0.571384E-26   0.514000E-25   0.300857E-27   0.124938E-24   0.196392E-24
   0.266667E+01   0.770014E-31   0.123892E-30   0.198329E-30   0.626056E-30   0.503904E-30   0.801465E-30   0.127374E-29   0.202354E-29   0.642548E-29   0.510293E-29   0.810140E-29   0.257336E-28   0.408460E-28   0.648226E-28   0.514126E-28   0.230150E-11   0.226821E-11   0.104942E-11   0.275296E-15   0.140044E-19   0.747363E-24   0.656832E-25   0.597798E-24   0.328461E-26   0.145316E-23   0.228426E-23
   0.266667E+01   0.834954E-37   0.154757E-36   0.285798E-36   0.980988E-34   0.961860E-36   0.175309E-35   0.318211E-35   0.578531E-35   0.116786E-32   0.193014E-34   0.355500E-34   0.487388E-32   0.781183E-32   0.125041E-31   0.442217E-33   0.158830E-13   0.158600E-13   0.748253E-14   0.192699E-17   0.986051E-22   0.525772E-26   0.294043E-27   0.422121E-26   0.374221E-30   0.103031E-25   0.162088E-25
   0.266667E+01   0.164754E-36   0.303339E-36   0.554633E-36   0.228591E-33   0.180949E-35   0.322725E-35   0.570397E-35   0.100641E-34   0.275361E-32   0.312610E-34   0.553449E-34   0.115227E-31   0.184786E-31   0.295905E-31   0.586951E-33   0.376048E-13   0.375598E-13   0.177239E-13   0.456430E-17   0.233562E-21   0.124577E-25   0.696909E-27   0.100051E-25   0.651623E-30   0.244223E-25   0.384221E-25
   0.266667E+01   0.740317E-35   0.135628E-34   0.245798E-34   0.119049E-31   0.777303E-34   0.135365E-33   0.231929E-33   0.393897E-33   0.145107E-30   0.110507E-32   0.183310E-32   0.608851E-30   0.976936E-30   0.156508E-29   0.135995E-31   0.191020E-11   0.190344E-11   0.897120E-12   0.230356E-15   0.117730E-19   0.626924E-24   0.360171E-25   0.507718E-24   0.255789E-28   0.123914E-23   0.194943E-23
   0.266667E+01   0.194895E-30   0.359505E-30   0.655010E-30   0.318781E-27   0.208622E-29   0.364104E-29   0.624725E-29   0.106180E-28   0.391112E-26   0.297779E-28   0.493410E-28   0.164189E-25   0.263447E-25   0.422019E-25   0.361832E-27   0.154933E-07   0.154337E-07   0.727242E-08   0.186837E-11   0.954995E-16   0.508364E-20   0.283571E-21   0.408120E-20   0.690206E-24   0.995584E-20   0.156592E-19
   0.266667E+01   0.123919E-29   0.243737E-29   0.467457E-29   0.571232E-28   0.159659E-28   0.284716E-28   0.495915E-28   0.851119E-28   0.639757E-27   0.240883E-27   0.399579E-27   0.264343E-26   0.423130E-26   0.676922E-26   0.289985E-26   0.464493E-09   0.460877E-09   0.214926E-09   0.558277E-13   0.284668E-17   0.151720E-21   0.104772E-22   0.121112E-21   0.484177E-24   0.294958E-21   0.463769E-21
   0.266667E+01   0.253147E-30   0.403032E-30   0.640951E-30   0.200607E-29   0.161810E-29   0.256962E-29   0.407978E-29   0.647658E-29   0.205169E-28   0.163165E-28   0.258947E-28   0.821136E-28   0.130313E-27   0.206772E-27   0.164128E-27   0.795959E-11   0.786756E-11   0.363211E-11   0.953582E-15   0.485099E-19   0.258851E-23   0.210666E-24   0.206842E-23   0.104282E-25   0.503158E-23   0.790996E-23
   0.266667E+01   0.273684E-28   0.434326E-28   0.689259E-28   0.214929E-27   0.173585E-27   0.275470E-27   0.437149E-27   0.693710E-27   0.219487E-26   0.174679E-26   0.277172E-26   0.878183E-26   0.139357E-25   0.221106E-25   0.175582E-25   0.105348E-08   0.104601E-08   0.488724E-09   0.126693E-12   0.646296E-17   0.344381E-21   0.231439E-22   0.274744E-21   0.111410E-23   0.669246E-21   0.105229E-20
   0.266667E+01   0.000000E+00   0.000000E+00   0.000000E+00   0.000000E+00   0.000000E+00   0.000000E+00   0.000000E+00   0.000000E+00   0.000000E+00   0.000000E+00   0.000000E+00   0.000000E+00   0.000000E+00   0.000000E+00   0.000000E+00   0.000000E+00   0.000000E+00   0.000000E+00   0.000000E+00   0.000000E+00   0.000000E+00   0.000000E+00   0.000000E+00   0.000000E+00   0.000000E+00   0.000000E+00
   0.266667E+01   0.231169E-26   0.462237E-26   0.924312E-26   0.181974E-25   0.369631E-25   0.739195E-25   0.147828E-24   0.295639E-24   0.590132E-24   0.118245E-23   0.236483E-23   0.472664E-23   0.945449E-23   0.189102E-22   0.378346E-22   0.127677E-07   0.132470E-07   0.716441E-08   0.159615E-11   0.841473E-16   0.441193E-20   0.488217E-20   0.104141E-19   0.193701E-19   0.398083E-19   0.791353E-19
   0.283333E+01   0.218750E-25   0.437500E-25   0.875000E-25   0.171896E-24   0.350000E-24   0.700000E-24   0.140000E-23   0.278916E-23   0.560000E-23   0.112000E-22   0.224000E-22   0.447538E-22   0.895284E-22   0.179084E-21   0.358400E-21   0.103356E-06   0.110744E-06   0.651654E-07   0.160959E-10   0.109053E-14   0.173177E-18   0.461489E-19   0.952770E-19   0.183496E-18   0.368028E-18   0.735387E-18
   0.283333E+01   0.817739E-36   0.163540E-35   0.327075E-35   0.608036E-37   0.130831E-34   0.261665E-34   0.523327E-34   0.984717E-36   0.209328E-33   0.418658E-33   0.837320E-33   0.157853E-34   0.315359E-34   0.631205E-34   0.133970E-31   0.303500E-19   0.304912E-19   0.153142E-19   0.467725E-23   0.303567E-27   0.475768E-31   0.114210E-32   0.827489E-32   0.171795E-30   0.199026E-31   0.319162E-31
   0.283333E+01   0.817740E-36   0.163549E-35   0.327077E-35   0.826725E-37   0.130838E-34   0.261675E-34   0.523323E-34   0.113628E-35   0.209338E-33   0.418679E-33   0.837325E-33   0.167894E-34   0.331536E-34   0.657066E-34   0.133971E-31   0.340880E-17   0.341105E-17   0.172278E-17   0.504233E-21   0.328969E-25   0.532364E-29   0.129081E-30   0.916437E-30   0.171906E-30   0.223110E-29   0.350891E-29
   0.283333E+01   0.817739E-36   0.163547E-35   0.327079E-35   0.614502E-37   0.130838E-34   0.261677E-34   0.523322E-34   0.989587E-36   0.209339E-33   0.418679E-33   0.837313E-33   0.158034E-34   0.315780E-34   0.632043E-34   0.133970E-31   0.127805E-18   0.127893E-18   0.646210E-19   0.197457E-22   0.123402E-26   0.199779E-30   0.493700E-32   0.344772E-31   0.171795E-30   0.840361E-31   0.131223E-30
   0.283333E+01   0.817742E-36   0.163550E-35   0.327078E-35   0.141178E-36   0.130838E-34   0.261678E-34   0.523322E-34   0.155482E-35   0.209340E-33   0.418675E-33   0.837311E-33   0.195731E-34   0.376579E-34   0.727794E-34   0.133971E-31   0.128725E-16   0.128878E-16   0.651178E-17   0.190636E-20   0.124406E-24   0.201418E-28   0.488219E-30   0.346792E-29   0.171992E-30   0.844315E-29   0.132785E-28
   0.283333E+01   0.817740E-36   0.163548E-35   0.327078E-35   0.756089E-35   0.130838E-34   0.261679E-34   0.131195E-35   0.538261E-34   0.525568E-35   0.105129E-34   0.209881E-34   0.360643E-33   0.577359E-33   0.923617E-33   0.335569E-33   0.121759E-14   0.121935E-14   0.616229E-15   0.180427E-18   0.117758E-22   0.190701E-26   0.462191E-28   0.328370E-27   0.186179E-30   0.799498E-27   0.125740E-26
   0.283333E+01   0.209356E-37   0.418888E-37   0.836599E-37   0.703010E-33   0.335533E-36   0.671114E-36   0.133997E-35   0.493525E-32   0.537229E-35   0.107446E-34   0.214455E-34   0.327589E-31   0.523712E-31   0.836619E-31   0.342984E-33   0.108925E-12   0.108864E-12   0.549392E-13   0.160580E-16   0.104667E-20   0.169345E-24   0.415751E-26   0.292796E-25   0.147196E-29   0.712662E-25   0.112073E-24
   0.283333E+01   0.817739E-36   0.163548E-35   0.327078E-35   0.636786E-37   0.130837E-34   0.261676E-34   0.523329E-34   0.100476E-35   0.209339E-33   0.418676E-33   0.837317E-33   0.159176E-34   0.317765E-34   0.633840E-34   0.133972E-31   0.484476E-18   0.485105E-18   0.245113E-18   0.717456E-22   0.468164E-26   0.758071E-30   0.184445E-31   0.130646E-30   0.171881E-30   0.318245E-30   0.501075E-30
   0.283333E+01   0.817742E-36   0.163547E-35   0.327078E-35   0.345354E-36   0.130838E-34   0.261674E-34   0.523321E-34   0.302309E-35   0.209340E-33   0.418682E-33   0.837314E-33   0.294333E-34   0.533958E-34   0.980160E-34   0.133971E-31   0.461591E-16   0.462248E-16   0.233606E-16   0.683974E-20   0.446401E-24   0.722904E-28   0.175216E-29   0.124478E-28   0.172374E-30   0.303074E-28   0.476655E-28
   0.283333E+01   0.817759E-36   0.410953E-37   0.820025E-37   0.255319E-34   0.328927E-36   0.657713E-36   0.131223E-35   0.184929E-33   0.525719E-35   0.105174E-34   0.209971E-34   0.124308E-32   0.199081E-32   0.318493E-32   0.335930E-33   0.420675E-14   0.421381E-14   0.212997E-14   0.623647E-18   0.407047E-22   0.659334E-26   0.159840E-27   0.113566E-26   0.221443E-30   0.276524E-26   0.434910E-26
   0.283333E+01   0.216085E-37   0.433258E-37   0.866868E-37   0.217759E-32   0.348722E-36   0.698338E-36   0.139432E-35   0.159357E-31   0.559422E-35   0.111960E-34   0.223679E-34   0.107537E-30   0.172303E-30   0.275740E-30   0.358223E-33   0.348037E-12   0.347293E-12   0.175108E-12   0.512483E-16   0.333909E-20   0.540331E-24   0.134794E-25   0.937722E-25   0.448058E-29   0.228245E-24   0.358960E-24
   0.283333E+01   0.893978E-37   0.186201E-36   0.387214E-36   0.145056E-30   0.164054E-35   0.334790E-35   0.674057E-35   0.106982E-29   0.276017E-34   0.556534E-34   0.111982E-33   0.723579E-29   0.115962E-28   0.185600E-28   0.181885E-32   0.586689E-11   0.578378E-11   0.286707E-11   0.857206E-15   0.556128E-19   0.901724E-23   0.272044E-24   0.155404E-23   0.290775E-27   0.377249E-23   0.592992E-23
   0.283333E+01   0.217103E-35   0.444324E-35   0.913242E-35   0.303186E-30   0.379790E-34   0.770032E-34   0.153909E-33   0.195617E-29   0.625231E-33   0.125727E-32   0.252540E-32   0.124568E-28   0.197745E-28   0.313861E-28   0.408130E-31   0.242660E-11   0.237828E-11   0.116927E-11   0.353123E-15   0.228589E-19   0.371061E-23   0.132478E-24   0.637238E-24   0.269118E-26   0.154467E-23   0.242738E-23
   0.283333E+01   0.817746E-36   0.163547E-35   0.327077E-35   0.680547E-37   0.130839E-34   0.261676E-34   0.523322E-34   0.103643E-35   0.209337E-33   0.418680E-33   0.837316E-33   0.161250E-34   0.321253E-34   0.639724E-34   0.133971E-31   0.120859E-17   0.121031E-17   0.611647E-18   0.179082E-21   0.116882E-25   0.189260E-29   0.459511E-31   0.326046E-30   0.171820E-30   0.794054E-30   0.124923E-29
   0.283333E+01   0.817740E-36   0.163548E-35   0.327078E-35   0.742829E-36   0.130837E-34   0.261675E-34   0.523321E-34   0.591973E-35   0.209340E-33   0.418677E-33   0.837322E-33   0.489253E-34   0.846431E-34   0.148033E-33   0.133971E-31   0.111909E-15   0.112095E-15   0.566610E-16   0.165915E-19   0.108298E-23   0.175418E-27   0.425191E-29   0.302092E-28   0.173200E-30   0.735568E-28   0.115688E-27
   0.283333E+01   0.205623E-37   0.411364E-37   0.821318E-37   0.852030E-34   0.329162E-36   0.658371E-36   0.131392E-35   0.623123E-33   0.526772E-35   0.105354E-34   0.210197E-34   0.420406E-32   0.673598E-32   0.107797E-31   0.336291E-33   0.141934E-13   0.142180E-13   0.718736E-14   0.210239E-17   0.137188E-21   0.222201E-25   0.540111E-27   0.383506E-26   0.341791E-30   0.933854E-26   0.146877E-25
   0.283333E+01   0.234952E-37   0.472902E-37   0.950446E-37   0.693676E-32   0.384904E-36   0.772723E-36   0.154441E-35   0.512596E-31   0.621564E-35   0.124501E-34   0.248896E-34   0.347243E-30   0.556667E-30   0.891209E-30   0.399317E-33   0.102164E-11   0.101347E-11   0.508971E-12   0.149889E-15   0.975246E-20   0.157919E-23   0.406482E-25   0.274195E-24   0.142298E-28   0.667013E-24   0.104892E-23
   0.283333E+01   0.204677E-36   0.431459E-36   0.908316E-36   0.392060E-30   0.391235E-35   0.803154E-35   0.161970E-34   0.277988E-29   0.667448E-34   0.134888E-33   0.271967E-33   0.184159E-28   0.294108E-28   0.469248E-28   0.443599E-32   0.740619E-11   0.731526E-11   0.363146E-11   0.108346E-14   0.703280E-19   0.113999E-22   0.346516E-24   0.196006E-23   0.929710E-27   0.475829E-23   0.747927E-23
   0.283333E+01   0.511967E-35   0.109263E-34   0.232588E-34   0.333004E-30   0.101688E-33   0.209837E-33   0.424350E-33   0.214581E-29   0.175855E-32   0.356111E-32   0.719281E-32   0.136600E-28   0.216856E-28   0.344228E-28   0.117754E-30   0.261391E-11   0.256205E-11   0.125974E-11   0.380400E-15   0.246253E-19   0.399730E-23   0.142941E-24   0.686428E-24   0.329309E-26   0.166391E-23   0.261477E-23
   0.283333E+01   0.476718E-33   0.987591E-33   0.205471E-32   0.324354E-30   0.869972E-32   0.177536E-31   0.355716E-31   0.213054E-29   0.145597E-30   0.293566E-30   0.590922E-30   0.142723E-28   0.231475E-28   0.377213E-28   0.955671E-29   0.247881E-11   0.242934E-11   0.119434E-11   0.360710E-15   0.233498E-19   0.379033E-23   0.135996E-24   0.650865E-24   0.332859E-26   0.157767E-23   0.247923E-23
   0.283333E+01   0.817743E-36   0.163547E-35   0.327094E-35   0.606766E-37   0.130837E-34   0.261676E-34   0.523351E-34   0.983779E-36   0.209339E-33   0.418679E-33   0.837357E-33   0.157673E-34   0.315359E-34   0.631174E-34   0.133977E-31   0.812642E-20   0.787706E-20   0.408586E-20   0.121083E-23   0.783023E-28   0.125486E-31   0.357754E-33   0.233593E-32   0.171857E-30   0.561230E-32   0.859663E-32
   0.283333E+01   0.817744E-36   0.163548E-35   0.821670E-37   0.216951E-35   0.328692E-36   0.657243E-36   0.131467E-35   0.158714E-34   0.525756E-35   0.105144E-34   0.210302E-34   0.107335E-33   0.172143E-33   0.275867E-33   0.336460E-33   0.358038E-15   0.358723E-15   0.181360E-15   0.531118E-19   0.346719E-23   0.561731E-27   0.136164E-28   0.967487E-28   0.176282E-30   0.235591E-27   0.370541E-27
   0.283333E+01   0.212162E-37   0.425647E-37   0.853938E-37   0.196344E-33   0.343221E-36   0.687711E-36   0.137693E-35   0.144985E-32   0.552125E-35   0.110463E-34   0.221031E-34   0.981852E-32   0.157394E-31   0.251976E-31   0.354130E-33   0.328196E-13   0.328719E-13   0.166163E-13   0.485314E-17   0.316592E-21   0.512456E-25   0.125343E-26   0.887429E-26   0.579195E-30   0.216099E-25   0.339888E-25
   0.283333E+01   0.714172E-37   0.153584E-36   0.328421E-36   0.149251E-31   0.145188E-35   0.301035E-35   0.612696E-35   0.111360E-30   0.255483E-34   0.518572E-34   0.104944E-33   0.757236E-30   0.121454E-29   0.194522E-29   0.172053E-32   0.178543E-11   0.176697E-11   0.882377E-12   0.261538E-15   0.169966E-19   0.275365E-23   0.739878E-25   0.477484E-24   0.315862E-28   0.116072E-23   0.182508E-23
   0.283333E+01   0.469390E-35   0.104509E-34   0.229984E-34   0.663774E-30   0.105718E-33   0.222073E-33   0.455212E-33   0.445426E-29   0.192530E-32   0.392694E-32   0.797725E-32   0.288144E-28   0.458494E-28   0.729199E-28   0.131834E-30   0.813911E-11   0.807950E-11   0.401673E-11   0.119409E-14   0.775751E-19   0.125681E-22   0.378651E-24   0.215781E-23   0.285063E-26   0.523921E-23   0.823521E-23
   0.283333E+01   0.144443E-33   0.324298E-33   0.718464E-33   0.362979E-30   0.333440E-32   0.702796E-32   0.144434E-31   0.235516E-29   0.613217E-31   0.125243E-30   0.254693E-30   0.152986E-28   0.244999E-28   0.393161E-28   0.421946E-29   0.280955E-11   0.276297E-11   0.135794E-11   0.409575E-15   0.265218E-19   0.430416E-23   0.154099E-24   0.739164E-24   0.369990E-26   0.179174E-23   0.281564E-23
   0.283333E+01   0.165476E-31   0.359246E-31   0.754325E-31   0.500295E-30   0.288801E-30   0.530996E-30   0.940262E-30   0.389001E-29   0.278446E-29   0.467077E-29   0.774076E-29   0.270744E-28   0.435129E-28   0.697405E-28   0.541190E-28   0.272479E-11   0.267934E-11   0.131669E-11   0.397191E-15   0.257191E-19   0.417396E-23   0.149749E-24   0.716799E-24   0.366506E-26   0.173750E-23   0.273039E-23
   0.283333E+01   0.817742E-36   0.410747E-37   0.821141E-37   0.205527E-38   0.328480E-36   0.657149E-36   0.131420E-35   0.318496E-37   0.525418E-35   0.105099E-34   0.210197E-34   0.496017E-36   0.992264E-36   0.200888E-35   0.336243E-33   0.941362E-20   0.943876E-20   0.471687E-20   0.144005E-23   0.932890E-28   0.148964E-31   0.376419E-33   0.268827E-32   0.171832E-30   0.645291E-32   0.953551E-32
   0.283333E+01   0.205344E-37   0.410630E-37   0.821377E-37   0.921406E-38   0.328504E-36   0.656913E-36   0.131392E-35   0.848699E-37   0.525455E-35   0.105084E-34   0.210137E-34   0.868780E-36   0.158161E-35   0.287499E-35   0.336219E-33   0.119115E-17   0.119373E-17   0.603671E-18   0.176791E-21   0.115420E-25   0.187050E-29   0.454223E-31   0.322332E-30   0.171844E-30   0.785153E-30   0.123510E-29
   0.283333E+01   0.206285E-37   0.412540E-37   0.825785E-37   0.779720E-36   0.330220E-36   0.660487E-36   0.132022E-35   0.582924E-35   0.527411E-35   0.105430E-34   0.210769E-34   0.399128E-34   0.641965E-34   0.103247E-33   0.336725E-33   0.128836E-15   0.128913E-15   0.651211E-16   0.190130E-19   0.123969E-23   0.200590E-27   0.495399E-29   0.348427E-28   0.173496E-30   0.848370E-28   0.133438E-27
   0.283333E+01   0.454155E-35   0.106217E-34   0.236898E-34   0.422088E-31   0.993436E-34   0.189260E-33   0.345658E-33   0.317929E-30   0.108286E-32   0.186758E-32   0.318707E-32   0.216987E-29   0.348198E-29   0.557888E-29   0.260893E-31   0.324559E-11   0.324362E-11   0.161147E-11   0.477784E-15   0.310580E-19   0.502953E-23   0.141769E-24   0.869866E-24   0.930782E-28   0.211327E-23   0.332238E-23
   0.283333E+01   0.323848E-33   0.763328E-33   0.171280E-32   0.580291E-30   0.724189E-32   0.138333E-31   0.253129E-31   0.380903E-29   0.794669E-31   0.137099E-30   0.233937E-30   0.244581E-28   0.388832E-28   0.618009E-28   0.190650E-29   0.644536E-11   0.650083E-11   0.324487E-11   0.954173E-15   0.621496E-19   0.100529E-22   0.283671E-24   0.172438E-23   0.425972E-26   0.418960E-23   0.658594E-23
   0.283333E+01   0.124074E-32   0.291602E-32   0.635952E-32   0.440899E-31   0.237916E-31   0.423276E-31   0.726346E-31   0.324972E-30   0.203243E-30   0.334144E-30   0.545773E-30   0.217757E-29   0.348740E-29   0.558194E-29   0.377884E-29   0.240874E-12   0.239337E-12   0.117416E-12   0.353010E-16   0.228780E-20   0.371031E-24   0.134198E-25   0.637408E-25   0.344306E-27   0.154497E-24   0.242782E-24
   0.283333E+01   0.892035E-31   0.142999E-30   0.228358E-30   0.718448E-30   0.578709E-30   0.919847E-30   0.146128E-29   0.463384E-29   0.368501E-29   0.585029E-29   0.928678E-29   0.294867E-28   0.468013E-28   0.742707E-28   0.589162E-28   0.281287E-11   0.275298E-11   0.136288E-11   0.409275E-15   0.265225E-19   0.430352E-23   0.153898E-24   0.738978E-24   0.376220E-26   0.179131E-23   0.281496E-23
   0.283333E+01   0.990927E-37   0.183439E-36   0.337978E-36   0.113706E-33   0.112253E-35   0.202604E-35   0.363754E-35   0.838119E-33   0.117794E-34   0.213161E-34   0.388316E-34   0.567111E-32   0.908981E-32   0.145505E-31   0.465353E-33   0.187039E-13   0.187438E-13   0.947815E-14   0.277597E-17   0.181237E-21   0.293691E-25   0.711962E-27   0.505892E-26   0.420761E-30   0.123197E-25   0.193770E-25
   0.283333E+01   0.208199E-36   0.383634E-36   0.701094E-36   0.276363E-33   0.226511E-35   0.400557E-35   0.700989E-35   0.205830E-32   0.212996E-34   0.371140E-34   0.648978E-34   0.139846E-31   0.224272E-31   0.359156E-31   0.655081E-33   0.461897E-13   0.462997E-13   0.234169E-13   0.685772E-17   0.447722E-21   0.725678E-25   0.176005E-26   0.125066E-25   0.787388E-30   0.304589E-25   0.479085E-25
   0.283333E+01   0.927228E-35   0.170491E-34   0.309881E-34   0.138614E-31   0.978062E-34   0.169677E-33   0.289486E-33   0.104314E-30   0.819485E-33   0.136214E-32   0.225237E-32   0.711654E-30   0.114191E-29   0.182949E-29   0.165814E-31   0.225446E-11   0.225505E-11   0.113893E-11   0.332649E-15   0.216916E-19   0.350859E-23   0.869349E-25   0.609842E-24   0.315631E-28   0.148494E-23   0.233559E-23
   0.283333E+01   0.238361E-30   0.441318E-30   0.806470E-30   0.361433E-27   0.256412E-29   0.445857E-29   0.761866E-29   0.273014E-26   0.215949E-28   0.358871E-28   0.592962E-28   0.186179E-25   0.298666E-25   0.478363E-25   0.432534E-27   0.173286E-07   0.173330E-07   0.875473E-08   0.255739E-11   0.166794E-15   0.269708E-19   0.647317E-21   0.464712E-20   0.832209E-24   0.113109E-19   0.177866E-19
   0.283333E+01   0.163958E-29   0.323609E-29   0.621558E-29   0.644326E-28   0.210435E-28   0.372194E-28   0.642874E-28   0.450216E-27   0.183727E-27   0.305377E-27   0.503794E-27   0.299507E-26   0.479332E-26   0.766745E-26   0.360202E-26   0.538151E-09   0.533596E-09   0.266620E-09   0.789482E-13   0.513320E-17   0.831369E-21   0.239816E-22   0.142488E-21   0.533755E-24   0.346143E-21   0.544110E-21
   0.283333E+01   0.288627E-30   0.459195E-30   0.729919E-30   0.228270E-29   0.184161E-29   0.292403E-29   0.464188E-29   0.146878E-28   0.116946E-28   0.185602E-28   0.294542E-28   0.933851E-28   0.148198E-27   0.235145E-27   0.186665E-27   0.956172E-11   0.940251E-11   0.465104E-11   0.139485E-14   0.904318E-19   0.146683E-22   0.491551E-24   0.251654E-23   0.118633E-25   0.610478E-23   0.959434E-23
   0.283333E+01   0.296496E-28   0.470525E-28   0.746700E-28   0.232883E-27   0.188050E-27   0.298423E-27   0.473572E-27   0.149693E-26   0.119253E-26   0.189232E-26   0.300262E-26   0.951429E-26   0.150979E-25   0.239545E-25   0.190209E-25   0.121318E-08   0.120467E-08   0.603077E-09   0.178155E-12   0.115898E-16   0.187656E-20   0.527230E-22   0.321449E-21   0.120828E-23   0.781072E-21   0.122782E-20
   0.283333E+01   0.000000E+00   0.000000E+00   0.000000E+00   0.000000E+00   0.000000E+00   0.000000E+00   0.000000E+00   0.000000E+00   0.000000E+00   0.000000E+00   0.000000E+00   0.000000E+00   0.000000E+00   0.000000E+00   0.000000E+00   0.000000E+00   0.000000E+00   0.000000E+00   0.000000E+00   0.000000E+00   0.000000E+00   0.000000E+00   0.000000E+00   0.000000E+00   0.000000E+00   0.000000E+00
   0.283333E+01   0.231194E-26   0.462278E-26   0.924379E-26   0.182039E-25   0.369649E-25   0.739224E-25   0.147833E-24   0.294839E-24   0.591261E-24   0.118247E-23   0.236486E-23   0.472698E-23   0.945504E-23   0.189111E-22   0.378348E-22   0.125941E-07   0.133733E-07   0.772819E-08   0.194747E-11   0.131312E-15   0.208998E-19   0.493544E-20   0.105085E-19   0.193701E-19   0.399468E-19   0.793536E-19
   0.300000E+01   0.218750E-25   0.437500E-25   0.875000E-25   0.171899E-24   0.350000E-24   0.700000E-24   0.140000E-23   0.278920E-23   0.560000E-23   0.112000E-22   0.224000E-22   0.447542E-22   0.895292E-22   0.179085E-21   0.358400E-21   0.100149E-06   0.110018E-06   0.690950E-07   0.193393E-10   0.189192E-14   0.115391E-18   0.463524E-19   0.956768E-19   0.183496E-18   0.368066E-18   0.735459E-18
   0.300000E+01   0.817739E-36   0.163540E-35   0.327075E-35   0.608393E-37   0.130831E-34   0.261665E-34   0.523327E-34   0.984545E-36   0.209328E-33   0.418658E-33   0.837320E-33   0.157795E-34   0.315302E-34   0.631451E-34   0.133970E-31   0.375982E-19   0.379657E-19   0.204364E-19   0.709919E-23   0.668946E-27   0.412770E-31   0.214068E-32   0.102871E-31   0.171807E-30   0.253453E-31   0.394807E-31
   0.300000E+01   0.817740E-36   0.163549E-35   0.327077E-35   0.876505E-37   0.130838E-34   0.261675E-34   0.523323E-34   0.117152E-35   0.209338E-33   0.418679E-33   0.837325E-33   0.169970E-34   0.335388E-34   0.663086E-34   0.133971E-31   0.423222E-17   0.425892E-17   0.229999E-17   0.767589E-21   0.720908E-25   0.448531E-29   0.232592E-30   0.115952E-29   0.171856E-30   0.281586E-29   0.442772E-29
   0.300000E+01   0.817739E-36   0.163547E-35   0.327079E-35   0.616129E-37   0.130838E-34   0.261677E-34   0.523322E-34   0.990352E-36   0.209339E-33   0.418679E-33   0.837313E-33   0.158156E-34   0.316264E-34   0.632169E-34   0.133970E-31   0.158282E-18   0.159294E-18   0.860696E-19   0.299535E-22   0.269874E-26   0.167851E-30   0.880093E-32   0.435141E-31   0.171807E-30   0.105536E-30   0.165484E-30
   0.300000E+01   0.817742E-36   0.163550E-35   0.327078E-35   0.159332E-36   0.130838E-34   0.261678E-34   0.523322E-34   0.168600E-35   0.209340E-33   0.418675E-33   0.837311E-33   0.204421E-34   0.389993E-34   0.750777E-34   0.133971E-31   0.159605E-16   0.160695E-16   0.868188E-17   0.289813E-20   0.272257E-24   0.169460E-28   0.878680E-30   0.438192E-29   0.172029E-30   0.106424E-28   0.167340E-28
   0.300000E+01   0.817740E-36   0.163548E-35   0.327078E-35   0.925512E-35   0.130838E-34   0.261679E-34   0.131195E-35   0.661310E-34   0.525568E-35   0.105129E-34   0.209881E-34   0.442848E-33   0.708928E-33   0.113398E-32   0.335569E-33   0.151042E-14   0.152113E-14   0.821993E-15   0.274425E-18   0.257833E-22   0.160514E-26   0.832306E-28   0.415118E-27   0.190480E-30   0.100826E-26   0.158538E-26
   0.300000E+01   0.209826E-37   0.419946E-37   0.838539E-37   0.861629E-33   0.336379E-36   0.672806E-36   0.134270E-35   0.606284E-32   0.538546E-35   0.107687E-34   0.214922E-34   0.402297E-31   0.643122E-31   0.102738E-30   0.343899E-33   0.134969E-12   0.135668E-12   0.732047E-13   0.243993E-16   0.228930E-20   0.142460E-24   0.746733E-26   0.369742E-25   0.185943E-29   0.897737E-25   0.141148E-24
   0.300000E+01   0.817743E-36   0.163549E-35   0.327074E-35   0.643379E-37   0.130839E-34   0.261673E-34   0.523321E-34   0.100853E-35   0.209338E-33   0.418678E-33   0.837308E-33   0.159508E-34   0.318249E-34   0.635770E-34   0.133970E-31   0.599527E-18   0.603602E-18   0.326121E-18   0.108856E-21   0.102262E-25   0.636480E-30   0.330850E-31   0.164701E-30   0.171770E-30   0.400283E-30   0.629615E-30
   0.300000E+01   0.817742E-36   0.163547E-35   0.327081E-35   0.408970E-36   0.130838E-34   0.261677E-34   0.523325E-34   0.348572E-35   0.209339E-33   0.418677E-33   0.837317E-33   0.325089E-34   0.583216E-34   0.105920E-33   0.133970E-31   0.571639E-16   0.575682E-16   0.311085E-16   0.103856E-19   0.975761E-24   0.607453E-28   0.314985E-29   0.157097E-28   0.172522E-30   0.381565E-28   0.599974E-28
   0.300000E+01   0.817744E-36   0.410865E-37   0.820142E-37   0.312634E-34   0.328786E-36   0.657337E-36   0.131223E-35   0.226965E-33   0.526020E-35   0.105211E-34   0.209971E-34   0.152506E-32   0.244229E-32   0.390712E-32   0.335954E-33   0.521261E-14   0.525077E-14   0.283796E-14   0.947442E-18   0.890182E-22   0.554336E-26   0.287514E-27   0.143405E-26   0.236307E-30   0.348332E-26   0.547730E-26
   0.300000E+01   0.217364E-37   0.435873E-37   0.871864E-37   0.266165E-32   0.350979E-36   0.702946E-36   0.140335E-35   0.195233E-31   0.563598E-35   0.112742E-34   0.225243E-34   0.131701E-30   0.211013E-30   0.337691E-30   0.360703E-33   0.429449E-12   0.431043E-12   0.232354E-12   0.775491E-16   0.727311E-20   0.452658E-24   0.240744E-25   0.117915E-24   0.574949E-29   0.286289E-24   0.450145E-24
   0.300000E+01   0.959233E-37   0.199958E-36   0.416154E-36   0.173870E-30   0.176477E-35   0.360284E-35   0.725506E-35   0.128349E-29   0.297195E-34   0.599303E-34   0.120610E-33   0.867073E-29   0.138933E-28   0.222336E-28   0.195951E-32   0.690507E-11   0.681253E-11   0.361226E-11   0.123393E-14   0.115163E-18   0.718357E-23   0.454207E-24   0.185849E-23   0.369622E-27   0.449876E-23   0.706959E-23
   0.300000E+01   0.245824E-35   0.503120E-35   0.103412E-34   0.344744E-30   0.430080E-34   0.872013E-34   0.174293E-33   0.222375E-29   0.708051E-33   0.142382E-32   0.285994E-32   0.141585E-28   0.224753E-28   0.356720E-28   0.462202E-31   0.291729E-11   0.285464E-11   0.150118E-11   0.518560E-15   0.482734E-19   0.301517E-23   0.221414E-24   0.777456E-24   0.313201E-26   0.187886E-23   0.295168E-23
   0.300000E+01   0.817750E-36   0.163548E-35   0.327079E-35   0.696378E-37   0.130838E-34   0.261675E-34   0.523322E-34   0.104675E-35   0.209341E-33   0.418680E-33   0.837319E-33   0.162094E-34   0.322398E-34   0.642256E-34   0.133970E-31   0.147199E-17   0.148242E-17   0.801063E-18   0.267430E-21   0.251258E-25   0.156415E-29   0.811861E-31   0.404625E-30   0.171869E-30   0.983152E-30   0.154577E-29
   0.300000E+01   0.817740E-36   0.163548E-35   0.327078E-35   0.883133E-36   0.130837E-34   0.261675E-34   0.523323E-34   0.695007E-35   0.209340E-33   0.418678E-33   0.837320E-33   0.558400E-34   0.957212E-34   0.165693E-33   0.133970E-31   0.136506E-15   0.137504E-15   0.743189E-16   0.248140E-19   0.233163E-23   0.145181E-27   0.752883E-29   0.375521E-28   0.173582E-30   0.912144E-28   0.143429E-27
   0.300000E+01   0.205785E-37   0.411511E-37   0.821788E-37   0.104242E-33   0.329327E-36   0.658559E-36   0.131439E-35   0.764125E-33   0.526772E-35   0.105415E-34   0.210302E-34   0.515354E-32   0.825690E-32   0.132137E-31   0.336484E-33   0.175667E-13   0.176963E-13   0.956519E-14   0.319006E-17   0.299662E-21   0.186645E-25   0.970469E-27   0.483701E-26   0.392091E-30   0.117497E-25   0.184760E-25
   0.300000E+01   0.238317E-37   0.480043E-37   0.965492E-37   0.844537E-32   0.391416E-36   0.786171E-36   0.157159E-35   0.625523E-31   0.632660E-35   0.126750E-34   0.253425E-34   0.423597E-30   0.679044E-30   0.108714E-29   0.406901E-33   0.125083E-11   0.124796E-11   0.670082E-12   0.225040E-15   0.210755E-19   0.131251E-23   0.718099E-25   0.342068E-24   0.182979E-28   0.829942E-24   0.130482E-23
   0.300000E+01   0.222897E-36   0.470171E-36   0.990371E-36   0.456070E-30   0.426897E-35   0.876566E-35   0.176804E-34   0.321978E-29   0.728795E-34   0.147300E-33   0.297023E-33   0.212706E-28   0.339553E-28   0.541564E-28   0.484559E-32   0.863087E-11   0.853385E-11   0.453042E-11   0.154443E-14   0.144218E-18   0.899327E-23   0.572938E-24   0.232148E-23   0.118107E-26   0.561985E-23   0.883115E-23
   0.300000E+01   0.582971E-35   0.124445E-34   0.264954E-34   0.377888E-30   0.115869E-33   0.239122E-33   0.483613E-33   0.243462E-29   0.200436E-32   0.405905E-32   0.819880E-32   0.154972E-28   0.246020E-28   0.390518E-28   0.134233E-30   0.314162E-11   0.307441E-11   0.161688E-11   0.558465E-15   0.519895E-19   0.324723E-23   0.238698E-24   0.837249E-24   0.376612E-26   0.202337E-23   0.317870E-23
   0.300000E+01   0.549414E-33   0.113931E-32   0.237229E-32   0.368053E-30   0.100565E-31   0.205316E-31   0.411534E-31   0.241857E-29   0.168533E-30   0.339874E-30   0.684239E-30   0.162187E-28   0.263153E-28   0.429047E-28   0.110641E-28   0.298096E-11   0.291669E-11   0.153374E-11   0.529848E-15   0.493233E-19   0.308078E-23   0.227097E-24   0.794308E-24   0.377720E-26   0.191955E-23   0.301558E-23
   0.300000E+01   0.817733E-36   0.163549E-35   0.327094E-35   0.606776E-37   0.130838E-34   0.261674E-34   0.523347E-34   0.983794E-36   0.209341E-33   0.418678E-33   0.837357E-33   0.157855E-34   0.315663E-34   0.630338E-34   0.133977E-31   0.971512E-20   0.978121E-20   0.548413E-20   0.183483E-23   0.172783E-27   0.107107E-31   0.554760E-33   0.287923E-32   0.171758E-30   0.707197E-32   0.113155E-31
   0.300000E+01   0.817749E-36   0.410894E-37   0.821553E-37   0.260527E-35   0.328621E-36   0.657431E-36   0.131467E-35   0.191002E-34   0.525531E-35   0.105136E-34   0.210348E-34   0.129044E-33   0.206952E-33   0.331553E-33   0.336436E-33   0.434916E-15   0.438202E-15   0.236889E-15   0.791021E-19   0.743366E-23   0.462951E-27   0.240102E-28   0.119764E-27   0.177464E-30   0.290928E-27   0.457477E-27
   0.300000E+01   0.213925E-37   0.429261E-37   0.862284E-37   0.236691E-33   0.347029E-36   0.695611E-36   0.139329E-35   0.175178E-32   0.558821E-35   0.111869E-34   0.223934E-34   0.118590E-31   0.190096E-31   0.304330E-31   0.358849E-33   0.399997E-13   0.402907E-13   0.217766E-13   0.725218E-17   0.681048E-21   0.424001E-25   0.221628E-26   0.110220E-25   0.691665E-30   0.267744E-25   0.421027E-25
   0.300000E+01   0.835218E-37   0.180386E-36   0.387848E-36   0.178088E-31   0.172534E-35   0.358493E-35   0.730537E-35   0.133180E-30   0.305343E-34   0.620293E-34   0.125608E-33   0.905295E-30   0.145196E-29   0.232548E-29   0.206125E-32   0.213159E-11   0.211562E-11   0.113037E-11   0.382339E-15   0.357566E-19   0.222824E-23   0.126679E-24   0.579988E-24   0.398487E-28   0.140609E-23   0.221032E-23
   0.300000E+01   0.583438E-35   0.129935E-34   0.286699E-34   0.743968E-30   0.132021E-33   0.277500E-33   0.569140E-33   0.497803E-29   0.240890E-32   0.491458E-32   0.998562E-32   0.321551E-28   0.511543E-28   0.813435E-28   0.165019E-30   0.942932E-11   0.936813E-11   0.497958E-11   0.169190E-14   0.158118E-18   0.985526E-23   0.622724E-24   0.254061E-23   0.352773E-26   0.615145E-23   0.966658E-23
   0.300000E+01   0.186711E-33   0.419291E-33   0.931376E-33   0.411938E-30   0.433005E-32   0.913223E-32   0.187786E-31   0.267593E-29   0.797851E-31   0.162995E-30   0.331532E-30   0.174356E-28   0.279585E-28   0.449377E-28   0.549225E-29   0.337824E-11   0.331484E-11   0.174253E-11   0.601351E-15   0.559948E-19   0.349679E-23   0.257282E-24   0.901635E-24   0.420743E-26   0.217896E-23   0.342313E-23
   0.300000E+01   0.218993E-31   0.471156E-31   0.975562E-31   0.587527E-30   0.359686E-30   0.650071E-30   0.113518E-29   0.450763E-29   0.328713E-29   0.546929E-29   0.900520E-29   0.310057E-28   0.497385E-28   0.795976E-28   0.620036E-28   0.327780E-11   0.321584E-11   0.169030E-11   0.583421E-15   0.543231E-19   0.339247E-23   0.250054E-24   0.874732E-24   0.415868E-26   0.211391E-23   0.332092E-23
   0.300000E+01   0.205256E-37   0.410718E-37   0.821200E-37   0.207840E-38   0.328386E-36   0.657007E-36   0.131373E-35   0.320375E-37   0.525643E-35   0.105084E-34   0.210152E-34   0.502034E-36   0.974231E-36   0.202093E-35   0.336243E-33   0.114282E-19   0.116721E-19   0.635276E-20   0.216450E-23   0.203976E-27   0.126650E-31   0.680129E-33   0.333350E-32   0.171795E-30   0.783851E-32   0.123037E-31
   0.300000E+01   0.205359E-37   0.410718E-37   0.821200E-37   0.107961E-37   0.328433E-36   0.656960E-36   0.131392E-35   0.972366E-37   0.525493E-35   0.105038E-34   0.210212E-34   0.943943E-36   0.170791E-35   0.315169E-35   0.336243E-33   0.147971E-17   0.149133E-17   0.806376E-18   0.269283E-21   0.253085E-25   0.157643E-29   0.818505E-31   0.408023E-30   0.171844E-30   0.991461E-30   0.155941E-29
   0.300000E+01   0.206549E-37   0.413480E-37   0.827607E-37   0.958313E-36   0.331019E-36   0.661615E-36   0.132238E-35   0.717621E-35   0.528201E-35   0.105542E-34   0.210904E-34   0.490430E-34   0.788646E-34   0.126705E-33   0.336821E-33   0.159982E-15   0.160995E-15   0.869535E-16   0.289500E-19   0.271718E-23   0.169106E-27   0.891456E-29   0.440903E-28   0.173952E-30   0.107088E-27   0.168399E-27
   0.300000E+01   0.643657E-35   0.149298E-34   0.328604E-34   0.498927E-31   0.132886E-33   0.249009E-33   0.448746E-33   0.376648E-30   0.137644E-32   0.235650E-32   0.399880E-32   0.256969E-29   0.412340E-29   0.660659E-29   0.324020E-31   0.381109E-11   0.380438E-11   0.202254E-11   0.685490E-15   0.640967E-19   0.399373E-23   0.237035E-24   0.103674E-23   0.116397E-27   0.251177E-23   0.394787E-23
   0.300000E+01   0.458858E-33   0.107242E-32   0.237437E-32   0.630495E-30   0.967978E-32   0.181868E-31   0.328387E-31   0.413621E-29   0.100956E-30   0.172919E-30   0.293451E-30   0.265522E-28   0.422131E-28   0.670968E-28   0.237010E-29   0.735661E-11   0.742385E-11   0.396084E-11   0.133170E-14   0.124776E-18   0.776513E-23   0.461514E-24   0.200007E-23   0.485453E-26   0.484647E-23   0.761666E-23
   0.300000E+01   0.185446E-32   0.424469E-32   0.889445E-32   0.527764E-31   0.309035E-31   0.536519E-31   0.905228E-31   0.381387E-30   0.247664E-30   0.404289E-30   0.656757E-30   0.253353E-29   0.405254E-29   0.647976E-29   0.448640E-29   0.290885E-12   0.287710E-12   0.150954E-12   0.519878E-16   0.484354E-20   0.302333E-24   0.224568E-25   0.779800E-25   0.390391E-27   0.188434E-24   0.296024E-24
   0.300000E+01   0.101869E-30   0.162873E-30   0.259657E-30   0.815081E-30   0.656891E-30   0.104367E-29   0.165752E-29   0.525290E-29   0.417845E-29   0.663296E-29   0.105283E-28   0.334188E-28   0.530406E-28   0.841698E-28   0.667769E-28   0.337956E-11   0.330333E-11   0.174664E-11   0.600676E-15   0.559668E-19   0.349453E-23   0.256812E-24   0.900981E-24   0.426355E-26   0.217742E-23   0.342071E-23
   0.300000E+01   0.117051E-36   0.216629E-36   0.398246E-36   0.130512E-33   0.130550E-35   0.233491E-35   0.415090E-35   0.964131E-33   0.131584E-34   0.235633E-34   0.424788E-34   0.652138E-32   0.104522E-31   0.167312E-31   0.491208E-33   0.217049E-13   0.218738E-13   0.118270E-13   0.394965E-17   0.371210E-21   0.231221E-25   0.119932E-26   0.598254E-26   0.474130E-30   0.145336E-25   0.228542E-25
   0.300000E+01   0.260598E-36   0.480845E-36   0.878429E-36   0.330255E-33   0.280983E-35   0.492951E-35   0.855337E-35   0.246514E-32   0.254926E-34   0.439691E-34   0.760878E-34   0.167428E-31   0.268493E-31   0.429972E-31   0.734814E-33   0.558048E-13   0.562523E-13   0.304209E-13   0.101576E-16   0.954654E-21   0.594828E-25   0.308677E-26   0.153979E-25   0.949776E-30   0.374094E-25   0.588282E-25
   0.300000E+01   0.114391E-34   0.211080E-34   0.384444E-34   0.159816E-31   0.120825E-33   0.208740E-33   0.354660E-33   0.120537E-30   0.996152E-33   0.165064E-32   0.272249E-32   0.822035E-30   0.131898E-29   0.211317E-29   0.199344E-31   0.262248E-11   0.263830E-11   0.142466E-11   0.474510E-15   0.445415E-19   0.277079E-23   0.146468E-24   0.722913E-24   0.384508E-28   0.175590E-23   0.276117E-23
   0.300000E+01   0.287104E-30   0.533475E-30   0.976939E-30   0.405410E-27   0.309332E-29   0.535686E-29   0.911686E-29   0.306047E-26   0.256478E-28   0.424992E-28   0.700618E-28   0.208307E-25   0.334063E-25   0.534932E-25   0.509263E-27   0.191656E-07   0.192865E-07   0.104171E-07   0.346914E-11   0.325731E-15   0.202545E-19   0.103773E-20   0.523936E-20   0.990323E-24   0.127219E-19   0.200012E-19
   0.300000E+01   0.212308E-29   0.419951E-29   0.805615E-29   0.722295E-28   0.268807E-28   0.470971E-28   0.806476E-28   0.505823E-27   0.227079E-27   0.375278E-27   0.616180E-27   0.335937E-26   0.537480E-26   0.859570E-26   0.434976E-26   0.615958E-09   0.612265E-09   0.327026E-09   0.110612E-12   0.103477E-16   0.644671E-21   0.390920E-22   0.165926E-21   0.583221E-24   0.401984E-21   0.631731E-21
   0.300000E+01   0.326054E-30   0.518470E-30   0.823848E-30   0.257511E-29   0.207770E-29   0.329846E-29   0.523581E-29   0.165642E-28   0.131894E-28   0.209316E-28   0.332165E-28   0.105304E-27   0.167110E-27   0.265149E-27   0.210491E-27   0.113280E-10   0.111339E-10   0.588748E-11   0.201959E-14   0.188306E-18   0.117521E-22   0.817440E-24   0.302764E-23   0.133838E-25   0.732279E-23   0.115053E-22
   0.300000E+01   0.318893E-28   0.506065E-28   0.803096E-28   0.250516E-27   0.202250E-27   0.320957E-27   0.509330E-27   0.161015E-26   0.128257E-26   0.203519E-26   0.322931E-26   0.102334E-25   0.162390E-25   0.257648E-25   0.204568E-25   0.138034E-08   0.137484E-08   0.735739E-09   0.248202E-12   0.232336E-16   0.144701E-20   0.855743E-22   0.372245E-21   0.130109E-23   0.902090E-21   0.141771E-20
   0.300000E+01   0.000000E+00   0.000000E+00   0.000000E+00   0.000000E+00   0.000000E+00   0.000000E+00   0.000000E+00   0.000000E+00   0.000000E+00   0.000000E+00   0.000000E+00   0.000000E+00   0.000000E+00   0.000000E+00   0.000000E+00   0.000000E+00   0.000000E+00   0.000000E+00   0.000000E+00   0.000000E+00   0.000000E+00   0.000000E+00   0.000000E+00   0.000000E+00   0.000000E+00   0.000000E+00
   0.300000E+01   0.231218E-26   0.462319E-26   0.924447E-26   0.182104E-25   0.369668E-25   0.739254E-25   0.147838E-24   0.294888E-24   0.591274E-24   0.118249E-23   0.236490E-23   0.472732E-23   0.945559E-23   0.189121E-22   0.378350E-22   0.124398E-07   0.134913E-07   0.830691E-08   0.237935E-11   0.231427E-15   0.141532E-19   0.499566E-20   0.106096E-19   0.193701E-19   0.400912E-19   0.795815E-19
   0.316667E+01   0.206335E-25   0.420643E-25   0.875000E-25   0.171901E-24   0.350000E-24   0.694279E-24   0.140000E-23   0.278924E-23   0.560000E-23   0.111788E-22   0.224000E-22   0.447546E-22   0.895299E-22   0.179087E-21   0.358400E-21   0.971013E-07   0.109173E-06   0.729844E-07   0.232569E-10   0.323271E-14   0.125981E-18   0.466474E-19   0.961155E-19   0.183495E-18   0.368102E-18   0.735530E-18
   0.316667E+01   0.734290E-38   0.149477E-37   0.327075E-35   0.609929E-37   0.130831E-34   0.245548E-36   0.523327E-34   0.985542E-36   0.209327E-33   0.394314E-35   0.837320E-33   0.157977E-34   0.315666E-34   0.631456E-34   0.133970E-31   0.458152E-19   0.464897E-19   0.267687E-19   0.106209E-22   0.136408E-26   0.560455E-31   0.327920E-32   0.129837E-31   0.171757E-30   0.316797E-31   0.499630E-31
   0.316667E+01   0.143435E-37   0.267328E-37   0.327077E-35   0.934507E-37   0.130832E-34   0.332336E-36   0.523323E-34   0.121074E-35   0.209330E-33   0.453033E-35   0.837325E-33   0.172917E-34   0.339480E-34   0.669107E-34   0.133971E-31   0.517011E-17   0.523822E-17   0.301755E-17   0.115191E-20   0.153431E-24   0.603734E-29   0.366408E-30   0.144473E-29   0.171893E-30   0.349943E-29   0.550107E-29
   0.316667E+01   0.754109E-38   0.152781E-37   0.327079E-35   0.618470E-37   0.130831E-34   0.248065E-36   0.523322E-34   0.991532E-36   0.209330E-33   0.396114E-35   0.837313E-33   0.158277E-34   0.316327E-34   0.631573E-34   0.133970E-31   0.192928E-18   0.195529E-18   0.112668E-18   0.447797E-22   0.572859E-26   0.225522E-30   0.137726E-31   0.538778E-31   0.171868E-30   0.130725E-30   0.205241E-30
   0.316667E+01   0.321505E-37   0.573470E-37   0.327078E-35   0.180051E-36   0.130831E-34   0.567797E-36   0.523322E-34   0.183388E-35   0.209329E-33   0.614548E-35   0.837311E-33   0.214253E-34   0.405753E-34   0.775202E-34   0.133971E-31   0.194713E-16   0.197379E-16   0.113750E-16   0.434326E-20   0.578714E-24   0.227792E-28   0.138251E-29   0.545235E-29   0.172053E-30   0.132079E-28   0.207633E-28
   0.316667E+01   0.228492E-35   0.393464E-35   0.327078E-35   0.111877E-34   0.130832E-34   0.305214E-34   0.131195E-35   0.801002E-34   0.524477E-35   0.208247E-33   0.209881E-34   0.535969E-33   0.857938E-33   0.137216E-32   0.335569E-33   0.184357E-14   0.186927E-14   0.107750E-14   0.411462E-18   0.548344E-22   0.215873E-26   0.131021E-27   0.516773E-27   0.195644E-30   0.125190E-26   0.196808E-26
   0.316667E+01   0.221105E-33   0.374987E-33   0.840478E-37   0.104249E-32   0.336544E-36   0.279953E-32   0.134665E-35   0.734239E-32   0.538847E-35   0.189859E-31   0.215509E-34   0.486867E-31   0.778260E-31   0.124323E-30   0.344910E-33   0.164563E-12   0.166555E-12   0.958595E-13   0.365483E-16   0.486356E-20   0.191335E-24   0.117306E-25   0.459805E-25   0.233009E-29   0.111347E-24   0.175030E-24
   0.316667E+01   0.821606E-38   0.164505E-37   0.327081E-35   0.651486E-37   0.130831E-34   0.256876E-36   0.523323E-34   0.101475E-35   0.209328E-33   0.402567E-35   0.837316E-33   0.159840E-34   0.318793E-34   0.635655E-34   0.133971E-31   0.729932E-18   0.739880E-18   0.426415E-18   0.162804E-21   0.216937E-25   0.853907E-30   0.518968E-31   0.204517E-30   0.171806E-30   0.495598E-30   0.779196E-30
   0.316667E+01   0.935215E-37   0.163190E-36   0.327078E-35   0.481490E-36   0.130830E-34   0.138960E-35   0.523323E-34   0.401039E-35   0.209329E-33   0.118057E-34   0.837314E-33   0.359934E-34   0.639209E-34   0.114871E-33   0.133970E-31   0.696552E-16   0.706253E-16   0.407097E-16   0.155456E-19   0.207170E-23   0.815579E-28   0.495009E-29   0.195239E-28   0.172755E-30   0.472973E-28   0.743550E-28
   0.316667E+01   0.761909E-35   0.131876E-34   0.820142E-37   0.377917E-34   0.328104E-36   0.103448E-33   0.131185E-35   0.274614E-33   0.524891E-35   0.715550E-33   0.210032E-34   0.184390E-32   0.295261E-32   0.472335E-32   0.336027E-33   0.635517E-14   0.644523E-14   0.371587E-14   0.141889E-17   0.189059E-21   0.744692E-26   0.452091E-27   0.178319E-26   0.254154E-30   0.432013E-26   0.679174E-26
   0.316667E+01   0.635822E-33   0.110938E-32   0.877741E-37   0.321139E-32   0.352742E-36   0.884654E-32   0.141323E-35   0.235778E-31   0.566419E-35   0.615878E-31   0.226823E-34   0.158944E-30   0.254643E-30   0.407501E-30   0.363447E-33   0.521467E-12   0.527063E-12   0.303011E-12   0.115693E-15   0.153908E-19   0.605330E-24   0.376196E-25   0.146030E-24   0.728587E-29   0.353594E-24   0.555851E-24
   0.316667E+01   0.401705E-31   0.705087E-31   0.445271E-36   0.205579E-30   0.188925E-35   0.568180E-30   0.777387E-35   0.151640E-29   0.318403E-34   0.396288E-29   0.129295E-33   0.102276E-28   0.163839E-28   0.262148E-28   0.210102E-32   0.801752E-11   0.793980E-11   0.449178E-11   0.175726E-14   0.232505E-18   0.915625E-23   0.666428E-24   0.219652E-23   0.462921E-27   0.530079E-23   0.832772E-23
   0.316667E+01   0.928447E-31   0.150434E-30   0.115989E-34   0.388024E-30   0.482402E-34   0.988294E-30   0.195501E-33   0.250230E-29   0.794215E-33   0.631794E-29   0.320803E-32   0.159297E-28   0.252864E-28   0.401330E-28   0.518464E-31   0.345714E-11   0.338971E-11   0.190188E-11   0.753016E-15   0.993600E-19   0.391497E-23   0.326087E-24   0.936921E-24   0.359392E-26   0.225685E-23   0.354445E-23
   0.316667E+01   0.949116E-38   0.186316E-37   0.327080E-35   0.713829E-37   0.130831E-34   0.274127E-36   0.523325E-34   0.106045E-35   0.209330E-33   0.413824E-35   0.837320E-33   0.162817E-34   0.324025E-34   0.644186E-34   0.133969E-31   0.176498E-17   0.178959E-17   0.103153E-17   0.393905E-21   0.524928E-25   0.206652E-29   0.125506E-30   0.494807E-30   0.171880E-30   0.119911E-29   0.188520E-29
   0.316667E+01   0.204775E-36   0.356836E-36   0.327077E-35   0.104005E-35   0.130830E-34   0.292484E-35   0.523322E-34   0.809549E-35   0.209328E-33   0.224653E-34   0.837317E-33   0.635063E-34   0.107978E-33   0.185326E-33   0.133971E-31   0.163925E-15   0.166248E-15   0.958471E-16   0.366045E-19   0.487893E-23   0.192101E-27   0.116604E-28   0.459930E-28   0.173939E-30   0.111427E-27   0.175176E-27
   0.316667E+01   0.249531E-34   0.435194E-34   0.821435E-37   0.125900E-33   0.328786E-36   0.346684E-33   0.131458E-35   0.923755E-33   0.525944E-35   0.241259E-32   0.210408E-34   0.622582E-32   0.997413E-32   0.159613E-31   0.336701E-33   0.213922E-13   0.216968E-13   0.125095E-13   0.477174E-17   0.635330E-21   0.250575E-25   0.152420E-26   0.600759E-26   0.452966E-30   0.145552E-25   0.228829E-25
   0.316667E+01   0.197711E-32   0.347272E-32   0.981479E-37   0.101485E-31   0.397623E-36   0.281237E-31   0.159989E-35   0.752373E-31   0.643381E-35   0.196994E-30   0.258090E-34   0.509151E-30   0.816131E-30   0.130658E-29   0.414508E-33   0.150729E-11   0.151469E-11   0.867279E-12   0.333212E-15   0.442647E-19   0.174110E-23   0.111050E-24   0.420395E-24   0.231947E-28   0.101711E-23   0.159870E-23
   0.316667E+01   0.108258E-30   0.186199E-30   0.107385E-35   0.523058E-30   0.463128E-35   0.140479E-29   0.191911E-34   0.367496E-29   0.791140E-34   0.947279E-29   0.322530E-33   0.242124E-28   0.386359E-28   0.616010E-28   0.526253E-32   0.993537E-11   0.985985E-11   0.558383E-11   0.218045E-14   0.288628E-18   0.113658E-22   0.833609E-24   0.272028E-23   0.147773E-26   0.656531E-23   0.103141E-22
   0.316667E+01   0.101753E-30   0.164777E-30   0.298981E-34   0.424602E-30   0.130783E-33   0.108070E-29   0.545964E-33   0.273516E-29   0.226300E-32   0.690459E-29   0.925748E-32   0.174089E-28   0.276366E-28   0.438685E-28   0.151577E-30   0.372215E-11   0.364984E-11   0.204798E-11   0.810780E-15   0.106984E-18   0.421537E-23   0.351373E-24   0.100876E-23   0.425955E-26   0.242990E-23   0.381623E-23
   0.316667E+01   0.986826E-31   0.159898E-30   0.271381E-32   0.413595E-30   0.115184E-31   0.106084E-29   0.471758E-31   0.271904E-29   0.193296E-30   0.700810E-29   0.785056E-30   0.182535E-28   0.296298E-28   0.483334E-28   0.126915E-28   0.353382E-11   0.346447E-11   0.194370E-11   0.769661E-15   0.101554E-18   0.400142E-23   0.334357E-24   0.957550E-24   0.424549E-26   0.230648E-23   0.362238E-23
   0.316667E+01   0.730271E-38   0.148706E-37   0.327094E-35   0.607705E-37   0.130838E-34   0.245209E-36   0.523349E-34   0.983620E-36   0.209340E-33   0.393694E-35   0.837363E-33   0.157706E-34   0.315485E-34   0.630343E-34   0.133977E-31   0.119255E-19   0.123285E-19   0.704639E-20   0.275908E-23   0.354971E-27   0.145645E-31   0.855442E-33   0.353368E-32   0.171794E-30   0.845781E-32   0.128985E-31
   0.316667E+01   0.620054E-36   0.106871E-35   0.821612E-37   0.309023E-35   0.328786E-36   0.850776E-35   0.131486E-35   0.226733E-34   0.525869E-35   0.592434E-34   0.210378E-34   0.153043E-33   0.245352E-33   0.392930E-33   0.336556E-33   0.520104E-15   0.527598E-15   0.304237E-15   0.116202E-18   0.154908E-22   0.610020E-27   0.370311E-28   0.146073E-27   0.178881E-30   0.353915E-27   0.556409E-27
   0.316667E+01   0.549645E-34   0.965018E-34   0.871805E-37   0.281819E-33   0.351379E-36   0.780618E-33   0.141191E-35   0.208769E-32   0.566795E-35   0.546510E-32   0.227275E-34   0.141232E-31   0.226374E-31   0.362396E-31   0.364241E-33   0.479950E-13   0.486745E-13   0.280618E-13   0.106895E-16   0.142297E-20   0.560956E-25   0.342796E-26   0.134883E-25   0.825790E-30   0.326799E-25   0.513785E-25
   0.316667E+01   0.402256E-32   0.711274E-32   0.456433E-36   0.209827E-31   0.204143E-35   0.584917E-31   0.867007E-35   0.157060E-30   0.363136E-34   0.412185E-30   0.149565E-33   0.106688E-29   0.171099E-29   0.274027E-29   0.245590E-32   0.250561E-11   0.250171E-11   0.142599E-11   0.551890E-15   0.731963E-19   0.288059E-23   0.190154E-24   0.694855E-24   0.495578E-28   0.167967E-23   0.263971E-23
   0.316667E+01   0.185567E-30   0.308661E-30   0.352395E-34   0.825135E-30   0.162544E-33   0.214683E-29   0.701525E-33   0.550565E-29   0.297127E-32   0.140126E-28   0.123224E-31   0.355162E-28   0.564911E-28   0.898168E-28   0.203612E-30   0.107985E-10   0.107645E-10   0.610290E-11   0.237588E-14   0.314732E-18   0.123916E-22   0.902230E-24   0.296138E-23   0.427429E-26   0.714871E-23   0.112308E-22
   0.316667E+01   0.110791E-30   0.179412E-30   0.118694E-32   0.462979E-30   0.552742E-32   0.118255E-29   0.239992E-31   0.301130E-29   0.102037E-30   0.768043E-29   0.424192E-30   0.196858E-28   0.316105E-28   0.508938E-28   0.702640E-29   0.400396E-11   0.393480E-11   0.220687E-11   0.873136E-15   0.115233E-18   0.454005E-23   0.378711E-24   0.108643E-23   0.473685E-26   0.261698E-23   0.411004E-23
   0.316667E+01   0.134669E-30   0.232538E-30   0.122991E-30   0.681487E-30   0.437280E-30   0.191206E-29   0.134278E-29   0.515565E-29   0.381522E-29   0.135671E-28   0.103258E-28   0.351037E-28   0.562252E-28   0.898657E-28   0.702144E-28   0.388659E-11   0.381884E-11   0.214160E-11   0.847456E-15   0.111839E-18   0.440638E-23   0.368142E-24   0.105445E-23   0.467393E-26   0.253990E-23   0.398897E-23
   0.316667E+01   0.260563E-39   0.502939E-39   0.821435E-37   0.211306E-38   0.328551E-36   0.816121E-38   0.131392E-35   0.318506E-37   0.525681E-35   0.127652E-36   0.210152E-34   0.502038E-36   0.974239E-36   0.199689E-35   0.336147E-33   0.139799E-19   0.142277E-19   0.805215E-20   0.321516E-23   0.414435E-27   0.168781E-31   0.985343E-33   0.409049E-32   0.171856E-30   0.984272E-32   0.151718E-31
   0.316667E+01   0.232705E-38   0.416196E-38   0.821200E-37   0.127245E-37   0.328574E-36   0.374483E-37   0.131373E-35   0.111290E-36   0.525380E-35   0.334899E-36   0.210197E-34   0.102512E-35   0.184023E-35   0.332013E-35   0.336195E-33   0.180958E-17   0.183613E-17   0.105904E-17   0.404526E-21   0.539362E-25   0.212431E-29   0.129039E-30   0.508899E-30   0.171868E-30   0.123326E-29   0.193927E-29
   0.316667E+01   0.223148E-36   0.394426E-36   0.829958E-37   0.116312E-35   0.331913E-36   0.324308E-35   0.132473E-35   0.871432E-35   0.528728E-35   0.229046E-34   0.211070E-34   0.594509E-34   0.955416E-34   0.153399E-33   0.336965E-33   0.195570E-15   0.198161E-15   0.114155E-15   0.434767E-19   0.578694E-23   0.227777E-27   0.140378E-28   0.549692E-28   0.174604E-30   0.133158E-27   0.209351E-27
   0.316667E+01   0.109886E-31   0.195584E-31   0.441979E-34   0.582341E-31   0.172566E-33   0.163274E-30   0.567638E-33   0.440005E-30   0.171074E-32   0.115735E-29   0.491901E-32   0.299985E-29   0.481326E-29   0.771165E-29   0.395896E-31   0.440889E-11   0.441335E-11   0.250413E-11   0.972180E-15   0.128867E-18   0.507245E-23   0.347984E-24   0.122020E-23   0.143441E-27   0.294755E-23   0.463162E-23
   0.316667E+01   0.158629E-30   0.259660E-30   0.319057E-32   0.679866E-30   0.125574E-31   0.174895E-29   0.414989E-31   0.445766E-29   0.125372E-30   0.113074E-28   0.360768E-30   0.286106E-28   0.454873E-28   0.723066E-28   0.289686E-29   0.830610E-11   0.840643E-11   0.478303E-11   0.184323E-14   0.244779E-18   0.963160E-23   0.662347E-24   0.229816E-23   0.544597E-26   0.555280E-23   0.872463E-23
   0.316667E+01   0.122840E-31   0.214536E-31   0.118177E-31   0.621388E-31   0.385793E-31   0.168467E-30   0.109523E-30   0.440943E-30   0.294725E-30   0.113665E-29   0.774368E-30   0.290926E-29   0.464910E-29   0.742744E-29   0.523619E-29   0.346204E-12   0.342339E-12   0.191629E-12   0.757265E-16   0.999775E-20   0.393826E-24   0.331385E-25   0.942558E-25   0.438912E-27   0.227013E-24   0.356525E-24
   0.316667E+01   0.218780E-30   0.354854E-30   0.292061E-30   0.915384E-30   0.738001E-30   0.233003E-29   0.186130E-29   0.589612E-29   0.469104E-29   0.148803E-28   0.118183E-28   0.375052E-28   0.595249E-28   0.944578E-28   0.749456E-28   0.400259E-11   0.392108E-11   0.220964E-11   0.871777E-15   0.115113E-18   0.453505E-23   0.377838E-24   0.108510E-23   0.478572E-26   0.261383E-23   0.410511E-23
   0.316667E+01   0.290267E-34   0.509088E-34   0.466806E-36   0.148422E-33   0.151063E-35   0.410642E-33   0.471806E-35   0.109739E-32   0.146796E-34   0.287129E-32   0.465067E-34   0.741762E-32   0.118877E-31   0.190285E-31   0.520121E-33   0.248749E-13   0.252389E-13   0.145566E-13   0.556034E-17   0.741358E-21   0.291984E-25   0.177265E-26   0.699272E-26   0.534561E-30   0.169435E-25   0.266384E-25
   0.316667E+01   0.750399E-34   0.132547E-33   0.108932E-35   0.390357E-33   0.344855E-35   0.108691E-32   0.103455E-34   0.291631E-32   0.303356E-34   0.764968E-32   0.889810E-34   0.197933E-31   0.317388E-31   0.508258E-31   0.827355E-33   0.664718E-13   0.674599E-13   0.389146E-13   0.148616E-16   0.198067E-20   0.780783E-25   0.474193E-26   0.187059E-25   0.114218E-29   0.453279E-25   0.712660E-25
   0.316667E+01   0.344955E-32   0.613648E-32   0.469744E-34   0.182558E-31   0.146759E-33   0.511563E-31   0.427327E-33   0.137810E-30   0.119210E-32   0.362401E-30   0.324322E-32   0.939189E-30   0.150684E-29   0.241407E-29   0.236644E-31   0.301323E-11   0.305234E-11   0.175798E-11   0.669826E-15   0.891626E-19   0.350794E-23   0.216714E-24   0.847134E-24   0.463156E-28   0.205217E-23   0.322637E-23
   0.316667E+01   0.843609E-28   0.150757E-27   0.116539E-29   0.450083E-27   0.366852E-29   0.126059E-26   0.107270E-28   0.338993E-26   0.299797E-28   0.889767E-26   0.815542E-28   0.230200E-25   0.369044E-25   0.590785E-25   0.591591E-27   0.209992E-07   0.212828E-07   0.122629E-07   0.467058E-11   0.621850E-15   0.244611E-19   0.146618E-20   0.585648E-20   0.116497E-23   0.141839E-19   0.222954E-19
   0.316667E+01   0.174291E-28   0.292277E-28   0.101801E-28   0.804359E-28   0.333430E-28   0.215166E-27   0.982603E-28   0.563119E-27   0.273023E-27   0.145488E-26   0.734278E-27   0.373169E-26   0.596844E-26   0.954249E-26   0.512827E-26   0.697796E-09   0.696707E-09   0.396835E-09   0.153743E-12   0.203881E-16   0.802587E-21   0.562660E-22   0.191467E-21   0.632434E-24   0.462505E-21   0.726661E-21
   0.316667E+01   0.691961E-30   0.111992E-29   0.922510E-30   0.288254E-29   0.232579E-29   0.732980E-29   0.586007E-29   0.185375E-28   0.147607E-28   0.467662E-28   0.371720E-28   0.117838E-27   0.186998E-27   0.296702E-27   0.235542E-27   0.132644E-10   0.130695E-10   0.736964E-11   0.289833E-14   0.383014E-18   0.150871E-22   0.119970E-23   0.360631E-23   0.149862E-25   0.869426E-23   0.136561E-22
   0.316667E+01   0.643860E-28   0.104116E-27   0.858162E-28   0.267736E-27   0.216116E-27   0.680522E-27   0.544243E-27   0.172070E-26   0.137048E-26   0.434041E-26   0.345064E-26   0.109357E-25   0.173532E-25   0.275326E-25   0.218588E-25   0.155452E-08   0.155589E-08   0.887930E-09   0.343031E-12   0.455198E-16   0.179170E-20   0.122660E-21   0.427148E-21   0.139211E-23   0.103217E-20   0.162177E-20
   0.316667E+01   0.000000E+00   0.000000E+00   0.000000E+00   0.000000E+00   0.000000E+00   0.000000E+00   0.000000E+00   0.000000E+00   0.000000E+00   0.000000E+00   0.000000E+00   0.000000E+00   0.000000E+00   0.000000E+00   0.000000E+00   0.000000E+00   0.000000E+00   0.000000E+00   0.000000E+00   0.000000E+00   0.000000E+00   0.000000E+00   0.000000E+00   0.000000E+00   0.000000E+00   0.000000E+00
   0.316667E+01   0.219287E-26   0.446559E-26   0.924518E-26   0.182168E-25   0.369686E-25   0.734798E-25   0.147842E-24   0.294937E-24   0.591286E-24   0.118135E-23   0.236493E-23   0.472765E-23   0.945614E-23   0.189130E-22   0.378352E-22   0.123029E-07   0.136021E-07   0.890022E-08   0.291121E-11   0.401963E-15   0.156871E-19   0.506947E-20   0.107176E-19   0.193700E-19   0.402411E-19   0.798183E-19
   0.333333E+01   0.218750E-25   0.437500E-25   0.875000E-25   0.175000E-24   0.350000E-24   0.700000E-24   0.140000E-23   0.280000E-23   0.560000E-23   0.112000E-22   0.224000E-22   0.448000E-22   0.896000E-22   0.179200E-21   0.358400E-21   0.942023E-07   0.108225E-06   0.768259E-07   0.280182E-10   0.449004E-14   0.150085E-18   0.470234E-19   0.965789E-19   0.183495E-18   0.368135E-18   0.735600E-18
   0.333333E+01   0.817739E-36   0.163540E-35   0.327075E-35   0.654159E-35   0.130831E-34   0.261665E-34   0.523327E-34   0.104665E-33   0.209328E-33   0.418657E-33   0.837321E-33   0.167464E-32   0.334927E-32   0.669850E-32   0.133970E-31   0.550769E-19   0.562917E-19   0.345013E-19   0.157203E-22   0.241236E-26   0.825327E-31   0.474222E-32   0.158872E-31   0.171831E-30   0.384113E-31   0.596087E-31
   0.333333E+01   0.817740E-36   0.163549E-35   0.327098E-35   0.654193E-35   0.130838E-34   0.261675E-34   0.523355E-34   0.104670E-33   0.209338E-33   0.418679E-33   0.837357E-33   0.167473E-32   0.334940E-32   0.669880E-32   0.133971E-31   0.622704E-17   0.635640E-17   0.389661E-17   0.170854E-20   0.261642E-24   0.894956E-29   0.535476E-30   0.177563E-29   0.171843E-30   0.428901E-29   0.674107E-29
   0.333333E+01   0.817739E-36   0.163549E-35   0.327095E-35   0.654192E-35   0.130838E-34   0.261675E-34   0.523349E-34   0.104670E-33   0.209339E-33   0.418675E-33   0.837354E-33   0.167472E-32   0.334942E-32   0.669886E-32   0.133970E-31   0.231870E-18   0.236770E-18   0.145152E-18   0.661491E-22   0.974991E-26   0.333529E-30   0.200259E-31   0.661787E-31   0.171855E-30   0.159878E-30   0.251827E-30
   0.333333E+01   0.817742E-36   0.163549E-35   0.327095E-35   0.654190E-35   0.130838E-34   0.261675E-34   0.523348E-34   0.104670E-33   0.209340E-33   0.418676E-33   0.837357E-33   0.167470E-32   0.334945E-32   0.669878E-32   0.133971E-31   0.234202E-16   0.239187E-16   0.146687E-16   0.643323E-20   0.985443E-24   0.337197E-28   0.201775E-29   0.669206E-29   0.172176E-30   0.161662E-28   0.254090E-28
   0.333333E+01   0.817740E-36   0.163549E-35   0.327100E-35   0.654196E-35   0.130838E-34   0.261675E-34   0.131411E-35   0.262822E-35   0.525568E-35   0.105084E-34   0.210227E-34   0.420334E-34   0.840789E-34   0.168242E-33   0.335569E-33   0.221854E-14   0.226633E-14   0.139016E-14   0.609751E-18   0.934142E-22   0.319704E-26   0.191320E-27   0.634583E-27   0.201955E-30   0.153306E-26   0.240961E-26
   0.333333E+01   0.210928E-37   0.422267E-37   0.844358E-37   0.168977E-36   0.338049E-36   0.676521E-36   0.135314E-35   0.270589E-35   0.541367E-35   0.108296E-34   0.216517E-34   0.433124E-34   0.866368E-34   0.173189E-33   0.345921E-33   0.197833E-12   0.201742E-12   0.123552E-12   0.541112E-16   0.827956E-20   0.283251E-24   0.170986E-25   0.564061E-25   0.289501E-29   0.136212E-24   0.214074E-24
   0.333333E+01   0.817739E-36   0.163547E-35   0.327092E-35   0.654191E-35   0.130838E-34   0.261674E-34   0.523350E-34   0.104670E-33   0.209338E-33   0.418679E-33   0.837360E-33   0.167472E-32   0.334940E-32   0.669878E-32   0.133971E-31   0.876177E-18   0.894821E-18   0.548794E-18   0.240670E-21   0.368677E-25   0.126142E-29   0.755607E-31   0.250469E-30   0.171831E-30   0.605281E-30   0.951508E-30
   0.333333E+01   0.817742E-36   0.163548E-35   0.327097E-35   0.654192E-35   0.130837E-34   0.261677E-34   0.523352E-34   0.104669E-33   0.209339E-33   0.418677E-33   0.837358E-33   0.167473E-32   0.334941E-32   0.669886E-32   0.133970E-31   0.836815E-16   0.854825E-16   0.524343E-16   0.229985E-19   0.352335E-23   0.120583E-27   0.721605E-29   0.239344E-28   0.172952E-30   0.578218E-28   0.908827E-28
   0.333333E+01   0.817746E-36   0.410923E-37   0.822082E-37   0.164440E-36   0.328833E-36   0.657713E-36   0.131505E-35   0.262953E-35   0.526095E-35   0.105204E-34   0.210438E-34   0.420816E-34   0.841150E-34   0.168290E-33   0.335930E-33   0.763912E-14   0.780536E-14   0.478863E-14   0.210019E-17   0.321736E-21   0.110134E-25   0.659408E-27   0.218721E-26   0.275600E-30   0.528430E-26   0.830592E-26
   0.333333E+01   0.220053E-37   0.441457E-37   0.885617E-37   0.177570E-36   0.355987E-36   0.713055E-36   0.142686E-35   0.285767E-35   0.571798E-35   0.114382E-34   0.229020E-34   0.458251E-34   0.916622E-34   0.183409E-33   0.366143E-33   0.624375E-12   0.635909E-12   0.388970E-12   0.170609E-15   0.260956E-19   0.892899E-24   0.545561E-25   0.178412E-24   0.912259E-29   0.430767E-24   0.677026E-24
   0.333333E+01   0.109080E-36   0.227690E-36   0.474700E-36   0.981479E-36   0.201562E-35   0.411743E-35   0.829542E-35   0.168156E-34   0.339927E-34   0.685609E-34   0.138046E-33   0.277569E-33   0.557472E-33   0.111881E-32   0.224299E-32   0.920228E-11   0.916435E-11   0.551753E-11   0.248140E-14   0.377363E-18   0.129486E-22   0.911443E-24   0.256902E-23   0.571879E-27   0.617955E-23   0.970574E-23
   0.333333E+01   0.306558E-35   0.627459E-35   0.128976E-34   0.263625E-34   0.536435E-34   0.108768E-33   0.217402E-33   0.438578E-33   0.883200E-33   0.177605E-32   0.356749E-32   0.715953E-32   0.143582E-31   0.287786E-31   0.576560E-31   0.404649E-11   0.398493E-11   0.237945E-11   0.108362E-14   0.164301E-18   0.564705E-23   0.448248E-24   0.111667E-23   0.407360E-26   0.268046E-23   0.420853E-23
   0.333333E+01   0.817744E-36   0.163548E-35   0.327097E-35   0.654192E-35   0.130838E-34   0.261677E-34   0.523351E-34   0.104670E-33   0.209340E-33   0.418676E-33   0.837352E-33   0.167471E-32   0.334943E-32   0.669884E-32   0.133970E-31   0.208768E-17   0.213259E-17   0.130808E-17   0.573739E-21   0.878966E-25   0.300810E-29   0.180082E-30   0.597205E-30   0.171769E-30   0.144301E-29   0.226823E-29
   0.333333E+01   0.817739E-36   0.163548E-35   0.327097E-35   0.654192E-35   0.130837E-34   0.261676E-34   0.523347E-34   0.104671E-33   0.209339E-33   0.418676E-33   0.837360E-33   0.167471E-32   0.334943E-32   0.669884E-32   0.133969E-31   0.194186E-15   0.198412E-15   0.121728E-15   0.533972E-19   0.818148E-23   0.280050E-27   0.167607E-28   0.555957E-28   0.174542E-30   0.134320E-27   0.211125E-27
   0.333333E+01   0.205858E-37   0.411746E-37   0.823551E-37   0.164710E-36   0.329491E-36   0.658982E-36   0.131759E-35   0.263518E-35   0.527110E-35   0.105415E-34   0.210844E-34   0.421779E-34   0.842956E-34   0.168675E-33   0.336725E-33   0.256842E-13   0.262450E-13   0.161021E-13   0.705467E-17   0.108028E-20   0.369729E-25   0.222044E-26   0.736007E-26   0.525883E-30   0.177826E-25   0.279515E-25
   0.333333E+01   0.245546E-37   0.495500E-37   0.999640E-37   0.201421E-36   0.405287E-36   0.814477E-36   0.163130E-35   0.327333E-35   0.656283E-35   0.131512E-34   0.263446E-34   0.527645E-34   0.105631E-33   0.211443E-33   0.422645E-33   0.179146E-11   0.181453E-11   0.110521E-11   0.487822E-15   0.745049E-19   0.255109E-23   0.159453E-24   0.509831E-24   0.290141E-28   0.122979E-23   0.193256E-23
   0.333333E+01   0.260160E-36   0.549350E-36   0.115849E-35   0.241699E-35   0.499931E-35   0.102700E-34   0.207233E-34   0.421534E-34   0.854485E-34   0.172731E-33   0.348407E-33   0.701517E-33   0.141061E-32   0.283322E-32   0.568498E-32   0.113172E-10   0.112916E-10   0.680468E-11   0.305524E-14   0.464826E-18   0.159457E-22   0.113153E-23   0.315733E-23   0.182270E-26   0.759546E-23   0.119294E-22
   0.333333E+01   0.735380E-35   0.157051E-34   0.334499E-34   0.703294E-34   0.146358E-33   0.302099E-33   0.611091E-33   0.124675E-32   0.253322E-32   0.513043E-32   0.103636E-31   0.208919E-31   0.420472E-31   0.845150E-31   0.169699E-30   0.435587E-11   0.428992E-11   0.256171E-11   0.116653E-14   0.176875E-18   0.607914E-23   0.482849E-24   0.120207E-23   0.477037E-26   0.288546E-23   0.453039E-23
   0.333333E+01   0.710363E-33   0.147604E-32   0.307853E-32   0.636764E-32   0.130827E-31   0.267341E-31   0.536279E-31   0.108734E-30   0.219851E-30   0.443533E-30   0.893210E-30   0.179620E-29   0.360721E-29   0.723026E-29   0.144356E-28   0.413785E-11   0.407427E-11   0.243260E-11   0.110798E-14   0.167989E-18   0.577392E-23   0.459588E-24   0.114169E-23   0.473078E-26   0.274041E-23   0.430263E-23
   0.333333E+01   0.817736E-36   0.163549E-35   0.327094E-35   0.654191E-35   0.130838E-34   0.261673E-34   0.523349E-34   0.104670E-33   0.209338E-33   0.418676E-33   0.837366E-33   0.167470E-32   0.334948E-32   0.669888E-32   0.133977E-31   0.145095E-19   0.146045E-19   0.908746E-20   0.407191E-23   0.622131E-27   0.213313E-31   0.126909E-32   0.428723E-32   0.171880E-30   0.984403E-32   0.159647E-31
   0.333333E+01   0.817747E-36   0.411012E-37   0.821964E-37   0.164452E-36   0.328809E-36   0.657336E-36   0.131524E-35   0.263047E-35   0.526095E-35   0.105181E-34   0.210348E-34   0.420725E-34   0.841451E-34   0.168290E-33   0.336556E-33   0.613555E-15   0.627056E-15   0.384780E-15   0.168805E-18   0.258675E-22   0.885590E-27   0.530072E-28   0.175836E-27   0.180471E-30   0.424851E-27   0.667801E-27
   0.333333E+01   0.218231E-37   0.438959E-37   0.883149E-37   0.177617E-36   0.356669E-36   0.715876E-36   0.143439E-35   0.287422E-35   0.576199E-35   0.115398E-34   0.231142E-34   0.462584E-34   0.925951E-34   0.185395E-33   0.370669E-33   0.568092E-13   0.580463E-13   0.356105E-13   0.155811E-16   0.238536E-20   0.816113E-25   0.492145E-26   0.162911E-25   0.983630E-30   0.393612E-25   0.618705E-25
   0.333333E+01   0.113279E-36   0.246824E-36   0.534662E-36   0.114044E-35   0.240266E-35   0.500944E-35   0.102304E-34   0.210120E-34   0.429268E-34   0.873153E-34   0.177013E-33   0.357817E-33   0.721634E-33   0.145151E-32   0.290784E-32   0.290707E-11   0.292428E-11   0.177357E-11   0.788551E-15   0.120237E-18   0.412021E-23   0.265446E-24   0.822393E-24   0.608254E-28   0.198181E-23   0.311380E-23
   0.333333E+01   0.865303E-35   0.193310E-34   0.427503E-34   0.926390E-34   0.197506E-33   0.415639E-33   0.853345E-33   0.176260E-32   0.361672E-32   0.738232E-32   0.150056E-31   0.303991E-31   0.614083E-31   0.123670E-30   0.247898E-30   0.122438E-10   0.122665E-10   0.739960E-11   0.331309E-14   0.504413E-18   0.172962E-22   0.122018E-23   0.342092E-23   0.507949E-26   0.823153E-23   0.129287E-22
   0.333333E+01   0.296902E-33   0.668829E-33   0.148904E-32   0.324398E-32   0.694559E-32   0.146661E-31   0.301902E-31   0.624921E-31   0.128448E-30   0.262538E-30   0.534221E-30   0.108317E-29   0.218957E-29   0.441190E-29   0.884674E-29   0.468719E-11   0.462458E-11   0.276035E-11   0.125639E-14   0.190527E-18   0.654766E-23   0.520423E-24   0.129477E-23   0.528509E-26   0.310794E-23   0.487970E-23
   0.333333E+01   0.360733E-31   0.757539E-31   0.151455E-30   0.286864E-30   0.520506E-30   0.914051E-30   0.156064E-29   0.262783E-29   0.436388E-29   0.717153E-29   0.116925E-28   0.189483E-28   0.305628E-28   0.491155E-28   0.786978E-28   0.455166E-11   0.449009E-11   0.267978E-11   0.121994E-14   0.184991E-18   0.635755E-23   0.506009E-24   0.125717E-23   0.520788E-26   0.301761E-23   0.473784E-23
   0.333333E+01   0.205359E-37   0.410777E-37   0.821435E-37   0.164240E-36   0.328410E-36   0.656913E-36   0.131383E-35   0.262765E-35   0.525343E-35   0.105069E-34   0.210122E-34   0.420274E-34   0.840488E-34   0.168110E-33   0.336340E-33   0.164602E-19   0.169186E-19   0.104112E-19   0.470524E-23   0.719952E-27   0.246118E-31   0.151970E-32   0.492843E-32   0.171843E-30   0.113034E-31   0.178431E-31
   0.333333E+01   0.205344E-37   0.410718E-37   0.821318E-37   0.164299E-36   0.328504E-36   0.657007E-36   0.131401E-35   0.262803E-35   0.525493E-35   0.105076E-34   0.210182E-34   0.420425E-34   0.840428E-34   0.168098E-33   0.336219E-33   0.218282E-17   0.223138E-17   0.136954E-17   0.600869E-21   0.920889E-25   0.315323E-29   0.188841E-30   0.626335E-30   0.171818E-30   0.151370E-29   0.237958E-29
   0.333333E+01   0.207901E-37   0.416360E-37   0.833073E-37   0.166673E-36   0.332924E-36   0.665283E-36   0.132840E-35   0.265154E-35   0.529668E-35   0.105791E-34   0.211416E-34   0.422350E-34   0.844159E-34   0.168663E-33   0.337278E-33   0.235826E-15   0.240754E-15   0.147574E-15   0.645636E-19   0.988158E-23   0.338057E-27   0.205202E-28   0.676339E-28   0.175442E-30   0.163378E-27   0.256808E-27
   0.333333E+01   0.119782E-34   0.271526E-34   0.577783E-34   0.115216E-33   0.218297E-33   0.397904E-33   0.701902E-33   0.121864E-32   0.208480E-32   0.353146E-32   0.594622E-32   0.998462E-32   0.167656E-31   0.282152E-31   0.476663E-31   0.503721E-11   0.506816E-11   0.306116E-11   0.136620E-14   0.208160E-18   0.713483E-23   0.475805E-24   0.142028E-23   0.174404E-27   0.342014E-23   0.537290E-23
   0.333333E+01   0.852445E-33   0.194657E-32   0.416600E-32   0.834481E-32   0.158659E-31   0.289974E-31   0.512549E-31   0.891210E-31   0.152624E-30   0.258699E-30   0.435730E-30   0.731662E-30   0.122822E-29   0.206591E-29   0.348737E-29   0.929083E-11   0.944538E-11   0.571777E-11   0.253496E-14   0.386909E-18   0.132469E-22   0.887785E-24   0.261859E-23   0.602814E-26   0.630764E-23   0.990835E-23
   0.333333E+01   0.367887E-32   0.779175E-32   0.150329E-31   0.270629E-31   0.466793E-31   0.784256E-31   0.129434E-30   0.211753E-30   0.344056E-30   0.556550E-30   0.897780E-30   0.144587E-29   0.232673E-29   0.374342E-29   0.602337E-29   0.406941E-12   0.403452E-12   0.240341E-12   0.109333E-15   0.165833E-19   0.569783E-24   0.456606E-25   0.112700E-24   0.489653E-27   0.270478E-24   0.424661E-24
   0.333333E+01   0.128332E-30   0.204520E-30   0.325390E-30   0.517178E-30   0.821555E-30   0.130465E-29   0.207135E-29   0.328824E-29   0.521954E-29   0.828452E-29   0.131484E-28   0.208667E-28   0.331136E-28   0.525445E-28   0.833699E-28   0.468228E-11   0.460779E-11   0.276113E-11   0.125385E-14   0.190225E-18   0.653651E-23   0.518976E-24   0.129251E-23   0.532559E-26   0.310261E-23   0.487134E-23
   0.333333E+01   0.160736E-36   0.297432E-36   0.543531E-36   0.977870E-36   0.173660E-35   0.305535E-35   0.533947E-35   0.933098E-35   0.163358E-34   0.287302E-34   0.508837E-34   0.909129E-34   0.164035E-33   0.299133E-33   0.551418E-33   0.282014E-13   0.288283E-13   0.176931E-13   0.776279E-17   0.118970E-20   0.407366E-25   0.243856E-26   0.808959E-26   0.602597E-30   0.195471E-25   0.307259E-25
   0.333333E+01   0.396651E-36   0.733747E-36   0.133571E-35   0.238476E-35   0.418537E-35   0.724467E-35   0.123957E-34   0.211147E-34   0.358550E-34   0.608872E-34   0.103659E-33   0.177372E-33   0.305645E-33   0.531268E-33   0.932920E-33   0.782039E-13   0.799597E-13   0.490831E-13   0.215295E-16   0.329907E-20   0.112977E-24   0.676938E-26   0.224560E-25   0.136771E-29   0.542649E-25   0.853004E-25
   0.333333E+01   0.167550E-34   0.310798E-34   0.565740E-34   0.100680E-33   0.175529E-33   0.300762E-33   0.507262E-33   0.848179E-33   0.140687E-32   0.232048E-32   0.381376E-32   0.625716E-32   0.102651E-31   0.168634E-31   0.277728E-31   0.342548E-11   0.349624E-11   0.214259E-11   0.937804E-15   0.143543E-18   0.490894E-23   0.298584E-24   0.982649E-24   0.552113E-28   0.237375E-23   0.373119E-23
   0.333333E+01   0.400717E-30   0.748542E-30   0.137009E-29   0.244874E-29   0.428338E-29   0.735781E-29   0.124323E-28   0.208141E-28   0.345507E-28   0.570052E-28   0.936790E-28   0.153617E-27   0.251776E-27   0.413044E-27   0.679003E-27   0.228244E-07   0.233124E-07   0.142951E-07   0.625297E-11   0.957386E-15   0.327282E-19   0.193437E-20   0.649701E-20   0.135597E-23   0.156925E-19   0.246621E-19
   0.333333E+01   0.335935E-29   0.662611E-29   0.125500E-28   0.228478E-28   0.402725E-28   0.692434E-28   0.116721E-27   0.194404E-27   0.320623E-27   0.525113E-27   0.855894E-27   0.139068E-26   0.225558E-26   0.365564E-26   0.592468E-26   0.783493E-09   0.786767E-09   0.476729E-09   0.212383E-12   0.323728E-16   0.110940E-20   0.756700E-22   0.219145E-21   0.681247E-24   0.527707E-21   0.828904E-21
   0.333333E+01   0.406396E-30   0.645775E-30   0.102565E-29   0.162849E-29   0.258521E-29   0.410351E-29   0.651300E-29   0.103367E-28   0.164044E-28   0.260327E-28   0.413099E-28   0.655486E-28   0.104002E-27   0.165001E-27   0.261749E-27   0.153756E-10   0.152171E-10   0.912730E-11   0.413044E-14   0.627200E-18   0.215396E-22   0.164501E-23   0.425700E-23   0.166666E-25   0.102275E-22   0.160598E-22
   0.333333E+01   0.362001E-28   0.574467E-28   0.911637E-28   0.144670E-27   0.229580E-27   0.364324E-27   0.578145E-27   0.917445E-27   0.145584E-26   0.231013E-26   0.366556E-26   0.581598E-26   0.922734E-26   0.146384E-25   0.232201E-25   0.173516E-08   0.174722E-08   0.106081E-08   0.471167E-12   0.718711E-16   0.246198E-20   0.164277E-21   0.486149E-21   0.148093E-23   0.117115E-20   0.183971E-20
   0.333333E+01   0.000000E+00   0.000000E+00   0.000000E+00   0.000000E+00   0.000000E+00   0.000000E+00   0.000000E+00   0.000000E+00   0.000000E+00   0.000000E+00   0.000000E+00   0.000000E+00   0.000000E+00   0.000000E+00   0.000000E+00   0.000000E+00   0.000000E+00   0.000000E+00   0.000000E+00   0.000000E+00   0.000000E+00   0.000000E+00   0.000000E+00   0.000000E+00   0.000000E+00   0.000000E+00
   0.333333E+01   0.231269E-26   0.462404E-26   0.924589E-26   0.184882E-25   0.369705E-25   0.739314E-25   0.147847E-24   0.295669E-24   0.591298E-24   0.118253E-23   0.236496E-23   0.472975E-23   0.945924E-23   0.189181E-22   0.378354E-22   0.121820E-07   0.137066E-07   0.950770E-08   0.357013E-11   0.567713E-15   0.190484E-19   0.515595E-20   0.108309E-19   0.193700E-19   0.403961E-19   0.800633E-19
   0.350000E+01   0.206190E-25   0.420466E-25   0.875000E-25   0.171876E-24   0.350000E-24   0.694253E-24   0.140000E-23   0.278923E-23   0.560000E-23   0.111789E-22   0.224000E-22   0.447552E-22   0.895312E-22   0.179090E-21   0.358400E-21   0.104737E-09   0.197425E-06   0.817224E-07   0.300957E-10   0.750448E-14   0.368487E-18   0.475545E-19   0.970845E-19   0.183494E-18   0.368166E-18   0.735669E-18
   0.350000E+01   0.736959E-38   0.149950E-37   0.327075E-35   0.610537E-37   0.130831E-34   0.245632E-36   0.523327E-34   0.986102E-36   0.209327E-33   0.395219E-35   0.837320E-33   0.157798E-34   0.315850E-34   0.630865E-34   0.133970E-31   0.627375E-22   0.131926E-18   0.445494E-19   0.204571E-22   0.488592E-26   0.244947E-30   0.667915E-32   0.192642E-31   0.171806E-30   0.462576E-31   0.723213E-31
   0.350000E+01   0.171629E-37   0.315794E-37   0.327077E-35   0.106957E-36   0.130832E-34   0.368371E-36   0.523323E-34   0.130629E-35   0.209330E-33   0.476991E-35   0.837325E-33   0.178962E-34   0.349589E-34   0.685478E-34   0.133971E-31   0.773061E-20   0.149531E-16   0.503780E-17   0.222690E-20   0.530172E-24   0.265646E-28   0.750966E-30   0.215578E-29   0.172003E-30   0.519166E-29   0.815866E-29
   0.350000E+01   0.763274E-38   0.154412E-37   0.327079E-35   0.623348E-37   0.130831E-34   0.249128E-36   0.523322E-34   0.995276E-36   0.209330E-33   0.396793E-35   0.837313E-33   0.158430E-34   0.316753E-34   0.633147E-34   0.133970E-31   0.286907E-21   0.555588E-18   0.187283E-18   0.860313E-22   0.197159E-25   0.987795E-30   0.280079E-31   0.801580E-31   0.171830E-30   0.193169E-30   0.304560E-30
   0.350000E+01   0.420057E-37   0.744834E-37   0.327078E-35   0.229046E-36   0.130831E-34   0.700448E-36   0.523322E-34   0.218198E-35   0.209329E-33   0.704662E-35   0.837311E-33   0.237494E-34   0.442443E-34   0.834761E-34   0.133971E-31   0.290388E-19   0.561766E-16   0.189386E-16   0.837344E-20   0.199407E-23   0.999510E-28   0.282597E-29   0.811349E-29   0.172188E-30   0.195426E-28   0.307105E-28
   0.350000E+01   0.319124E-35   0.552280E-35   0.327078E-35   0.157732E-34   0.130832E-34   0.430052E-34   0.131195E-35   0.112990E-33   0.524477E-35   0.293428E-33   0.209941E-34   0.754618E-33   0.120764E-32   0.193113E-32   0.335738E-33   0.275224E-17   0.532469E-14   0.179569E-14   0.794025E-18   0.189116E-21   0.948105E-26   0.268085E-27   0.769740E-27   0.209386E-30   0.185417E-26   0.291380E-26
   0.350000E+01   0.308911E-33   0.526619E-33   0.844945E-37   0.147128E-32   0.338425E-36   0.395165E-32   0.135360E-35   0.103526E-31   0.541856E-35   0.267413E-31   0.216757E-34   0.685288E-31   0.109525E-30   0.174945E-30   0.346836E-33   0.245151E-15   0.474020E-12   0.159444E-12   0.704107E-16   0.167493E-19   0.839348E-24   0.239192E-25   0.683539E-25   0.356407E-29   0.164578E-24   0.258606E-24
   0.350000E+01   0.858562E-38   0.170735E-37   0.327078E-35   0.669290E-37   0.130830E-34   0.261949E-36   0.523323E-34   0.102843E-35   0.209329E-33   0.405724E-35   0.837313E-33   0.160714E-34   0.320361E-34   0.638552E-34   0.133970E-31   0.108391E-20   0.209739E-17   0.707147E-18   0.312640E-21   0.744536E-25   0.373165E-29   0.105575E-30   0.303039E-30   0.171904E-30   0.730128E-30   0.114770E-29
   0.350000E+01   0.127435E-36   0.222607E-36   0.327078E-35   0.652983E-36   0.130832E-34   0.185617E-35   0.523320E-34   0.523887E-35   0.209330E-33   0.149874E-34   0.837314E-33   0.441799E-34   0.769840E-34   0.135732E-33   0.133970E-31   0.103637E-18   0.200502E-15   0.676158E-16   0.298984E-19   0.712098E-23   0.356994E-27   0.100943E-28   0.289832E-28   0.173235E-30   0.698153E-28   0.109714E-27
   0.350000E+01   0.106240E-34   0.184886E-34   0.820554E-37   0.532445E-34   0.328104E-36   0.145770E-33   0.131270E-35   0.386531E-33   0.525117E-35   0.100607E-32   0.210062E-34   0.259078E-32   0.414782E-32   0.663458E-32   0.335930E-33   0.946645E-17   0.183156E-13   0.617840E-14   0.273165E-17   0.650565E-21   0.326214E-25   0.922935E-27   0.265000E-26   0.301014E-30   0.638378E-26   0.100323E-25
   0.350000E+01   0.883235E-33   0.154904E-32   0.889849E-37   0.450627E-32   0.357773E-36   0.124156E-31   0.143429E-35   0.330535E-31   0.575183E-35   0.862473E-31   0.230389E-34   0.222437E-30   0.356303E-30   0.570141E-30   0.369080E-33   0.770376E-15   0.148957E-11   0.499990E-12   0.221171E-15   0.525907E-19   0.263585E-23   0.759364E-25   0.215338E-24   0.112892E-28   0.518356E-24   0.814526E-24
   0.350000E+01   0.536569E-31   0.945495E-31   0.503447E-36   0.276284E-30   0.213931E-35   0.761962E-30   0.880821E-35   0.202796E-29   0.360980E-34   0.528794E-29   0.146625E-33   0.136268E-28   0.218179E-28   0.348952E-28   0.238351E-32   0.107822E-13   0.208485E-10   0.680916E-11   0.308738E-14   0.729960E-18   0.366658E-22   0.120010E-23   0.297664E-23   0.697088E-27   0.713539E-23   0.112042E-22
   0.350000E+01   0.114431E-30   0.185437E-30   0.142220E-34   0.478302E-30   0.591538E-34   0.121801E-29   0.239737E-33   0.308341E-29   0.973945E-33   0.778417E-29   0.393408E-32   0.196248E-28   0.311509E-28   0.494393E-28   0.635813E-31   0.480297E-14   0.928677E-11   0.298985E-11   0.137292E-14   0.323628E-18   0.162776E-22   0.593301E-24   0.131764E-23   0.456527E-26   0.315118E-23   0.494617E-23
   0.350000E+01   0.102518E-37   0.199907E-37   0.327078E-35   0.752636E-37   0.130831E-34   0.284469E-36   0.523324E-34   0.108836E-35   0.209330E-33   0.421186E-35   0.837322E-33   0.164532E-34   0.326615E-34   0.648527E-34   0.133970E-31   0.254649E-20   0.492724E-17   0.166163E-17   0.734713E-21   0.174989E-24   0.877261E-29   0.248132E-30   0.712347E-30   0.171818E-30   0.171621E-29   0.269724E-29
   0.350000E+01   0.275053E-36   0.480941E-36   0.327077E-35   0.140209E-35   0.130832E-34   0.391588E-35   0.523319E-34   0.107149E-34   0.209332E-33   0.292612E-34   0.837314E-33   0.809765E-34   0.135926E-33   0.229983E-33   0.133971E-31   0.237263E-18   0.459067E-15   0.154861E-15   0.684833E-19   0.163129E-22   0.817953E-27   0.231306E-28   0.664173E-28   0.175096E-30   0.159998E-27   0.251441E-27
   0.350000E+01   0.347421E-34   0.609051E-34   0.821905E-37   0.177066E-33   0.328856E-36   0.487656E-33   0.131533E-35   0.129794E-32   0.526396E-35   0.338625E-32   0.210498E-34   0.873258E-32   0.139876E-31   0.223820E-31   0.336893E-33   0.317965E-16   0.615120E-13   0.207512E-13   0.916504E-17   0.218183E-20   0.109383E-24   0.310393E-26   0.890696E-26   0.612123E-30   0.214573E-25   0.337213E-25
   0.350000E+01   0.272336E-32   0.480820E-32   0.101480E-36   0.141205E-31   0.411870E-36   0.391376E-31   0.165895E-35   0.104587E-30   0.667794E-35   0.273549E-30   0.268201E-34   0.706549E-30   0.113235E-29   0.181268E-29   0.430782E-33   0.218944E-14   0.423336E-11   0.141077E-11   0.628033E-15   0.149112E-18   0.747776E-23   0.219802E-24   0.610963E-24   0.358344E-28   0.146909E-23   0.230810E-23
   0.350000E+01   0.138106E-30   0.237040E-30   0.124276E-35   0.662179E-30   0.536611E-35   0.176857E-29   0.222506E-34   0.460749E-29   0.917660E-34   0.118430E-28   0.374234E-33   0.302143E-28   0.481803E-28   0.767750E-28   0.610794E-32   0.131801E-13   0.254853E-10   0.833770E-11   0.377499E-14   0.892858E-18   0.448400E-22   0.147964E-23   0.363324E-23   0.221626E-26   0.871043E-23   0.136772E-22
   0.350000E+01   0.125072E-30   0.202568E-30   0.371121E-34   0.522003E-30   0.162424E-33   0.132852E-29   0.678292E-33   0.336208E-29   0.281210E-32   0.848666E-29   0.115054E-31   0.213970E-28   0.339673E-28   0.539170E-28   0.188409E-30   0.516964E-14   0.999574E-11   0.321832E-11   0.147774E-14   0.348343E-18   0.175206E-22   0.638943E-24   0.141818E-23   0.529283E-26   0.339166E-23   0.532364E-23
   0.350000E+01   0.121298E-30   0.196608E-30   0.346338E-32   0.508790E-30   0.147364E-31   0.130561E-29   0.604576E-31   0.334841E-29   0.247981E-30   0.863825E-29   0.100784E-29   0.225308E-28   0.366066E-28   0.597776E-28   0.162826E-28   0.491313E-14   0.949976E-11   0.305779E-11   0.140437E-14   0.331028E-18   0.166501E-22   0.608348E-24   0.134770E-23   0.522779E-26   0.322295E-23   0.505880E-23
   0.350000E+01   0.729757E-38   0.148728E-37   0.327097E-35   0.606697E-37   0.130838E-34   0.245107E-36   0.523353E-34   0.983618E-36   0.209339E-33   0.394299E-35   0.837358E-33   0.157708E-34   0.315670E-34   0.630233E-34   0.133977E-31   0.176058E-22   0.346350E-19   0.115612E-19   0.529664E-23   0.120986E-26   0.607715E-31   0.173042E-32   0.518671E-32   0.171843E-30   0.119973E-31   0.203172E-31
   0.350000E+01   0.824678E-36   0.144510E-35   0.822258E-37   0.419872E-35   0.328880E-36   0.115603E-34   0.131542E-35   0.307689E-34   0.526132E-35   0.803037E-34   0.210483E-34   0.207233E-33   0.332106E-33   0.531806E-33   0.336677E-33   0.746582E-18   0.144462E-14   0.487476E-15   0.215596E-18   0.513623E-22   0.257582E-26   0.728483E-28   0.209188E-27   0.182492E-30   0.503966E-27   0.792013E-27
   0.350000E+01   0.744923E-34   0.131457E-33   0.895962E-37   0.385772E-33   0.362475E-36   0.106871E-32   0.145931E-35   0.285500E-32   0.586844E-35   0.746574E-32   0.235490E-34   0.192806E-31   0.308983E-31   0.494601E-31   0.377891E-33   0.692965E-16   0.134204E-12   0.452674E-13   0.199678E-16   0.475263E-20   0.238173E-24   0.678411E-26   0.194465E-25   0.116729E-29   0.468476E-25   0.736245E-25
   0.350000E+01   0.533361E-32   0.947925E-32   0.622412E-36   0.281003E-31   0.280870E-35   0.783439E-31   0.119868E-34   0.210133E-30   0.503762E-34   0.550881E-30   0.207931E-33   0.142493E-29   0.228481E-29   0.365898E-29   0.341686E-32   0.345138E-14   0.668784E-11   0.221219E-11   0.991549E-15   0.235068E-18   0.117939E-22   0.356178E-24   0.962813E-24   0.737170E-28   0.231263E-23   0.363274E-23
   0.350000E+01   0.223228E-30   0.370583E-30   0.511796E-34   0.987068E-30   0.236816E-33   0.256060E-29   0.102425E-32   0.655357E-29   0.434388E-32   0.166578E-28   0.180301E-31   0.421864E-28   0.670818E-28   0.106632E-27   0.297782E-30   0.141949E-13   0.275071E-10   0.902503E-11   0.407568E-14   0.964600E-18   0.484261E-22   0.159034E-23   0.391974E-23   0.592763E-26   0.939977E-23   0.147599E-22
   0.350000E+01   0.136163E-30   0.220597E-30   0.183922E-32   0.569748E-30   0.859257E-32   0.145698E-29   0.373892E-31   0.371671E-29   0.159182E-30   0.950669E-29   0.662329E-30   0.244749E-28   0.394195E-28   0.636992E-28   0.109639E-28   0.555647E-14   0.107669E-10   0.346792E-11   0.159172E-14   0.375255E-18   0.188722E-22   0.688701E-24   0.152774E-23   0.584624E-26   0.365363E-23   0.573482E-23
   0.350000E+01   0.174846E-30   0.303664E-30   0.182416E-30   0.885235E-30   0.607843E-30   0.244848E-29   0.178543E-29   0.651836E-29   0.492591E-29   0.169883E-28   0.130890E-28   0.436705E-28   0.697818E-28   0.111323E-27   0.873606E-28   0.539754E-14   0.104589E-10   0.336801E-11   0.154615E-14   0.364495E-18   0.183314E-22   0.669777E-24   0.148395E-23   0.575489E-26   0.354880E-23   0.557026E-23
   0.350000E+01   0.263150E-39   0.528147E-39   0.821435E-37   0.208967E-38   0.328551E-36   0.844070E-38   0.131383E-35   0.325999E-37   0.525568E-35   0.128404E-36   0.210137E-34   0.514069E-36   0.101034E-35   0.200895E-35   0.336243E-33   0.200644E-22   0.396490E-19   0.132550E-19   0.605330E-23   0.140333E-26   0.703822E-31   0.200571E-32   0.585528E-32   0.171818E-30   0.142236E-31   0.219485E-31
   0.350000E+01   0.318273E-38   0.568817E-38   0.821494E-37   0.172022E-37   0.328551E-36   0.500380E-37   0.131430E-35   0.144264E-36   0.525606E-35   0.423509E-36   0.210167E-34   0.126563E-35   0.218906E-35   0.396978E-35   0.336243E-33   0.271523E-20   0.525526E-17   0.177395E-17   0.784629E-21   0.186950E-24   0.937710E-29   0.265291E-30   0.761812E-30   0.171855E-30   0.183561E-29   0.288534E-29
   0.350000E+01   0.314329E-36   0.558401E-36   0.837128E-37   0.165430E-35   0.334311E-36   0.461198E-35   0.133198E-35   0.123745E-34   0.530910E-35   0.324765E-34   0.211657E-34   0.841481E-34   0.135157E-33   0.216798E-33   0.337399E-33   0.293416E-18   0.567336E-15   0.191094E-15   0.843028E-19   0.200591E-22   0.100524E-26   0.288003E-28   0.822395E-28   0.176317E-30   0.198070E-27   0.311281E-27
   0.350000E+01   0.142988E-31   0.255786E-31   0.735134E-34   0.765231E-31   0.269569E-33   0.214573E-30   0.850053E-33   0.577596E-30   0.249489E-32   0.151761E-29   0.707161E-32   0.393096E-29   0.630608E-29   0.101024E-28   0.565880E-31   0.590101E-14   0.114086E-10   0.375763E-11   0.169107E-14   0.400535E-18   0.201034E-22   0.626091E-24   0.163689E-23   0.209315E-27   0.392876E-23   0.617047E-23
   0.350000E+01   0.180792E-30   0.295916E-30   0.529248E-32   0.774574E-30   0.195622E-31   0.199168E-29   0.619803E-31   0.507444E-29   0.182389E-30   0.128698E-28   0.517546E-30   0.325663E-28   0.517840E-28   0.823346E-28   0.413724E-29   0.107309E-13   0.207474E-10   0.687948E-11   0.307812E-14   0.730111E-18   0.366203E-22   0.114754E-23   0.296115E-23   0.659295E-26   0.710971E-23   0.111658E-22
   0.350000E+01   0.166992E-31   0.291015E-31   0.184386E-31   0.822836E-31   0.550611E-31   0.219035E-30   0.150001E-30   0.567561E-30   0.395091E-30   0.145448E-29   0.102563E-29   0.370936E-29   0.591966E-29   0.944597E-29   0.683938E-29   0.486455E-15   0.940404E-12   0.302863E-12   0.139025E-15   0.327735E-19   0.164840E-23   0.605931E-25   0.133434E-24   0.542134E-27   0.319044E-24   0.500765E-24
   0.350000E+01   0.269089E-30   0.436069E-30   0.359300E-30   0.112390E-29   0.906659E-30   0.285979E-29   0.228538E-29   0.723542E-29   0.575818E-29   0.182585E-28   0.145043E-28   0.460163E-28   0.730310E-28   0.115887E-27   0.919575E-28   0.555413E-14   0.107372E-10   0.346564E-11   0.158778E-14   0.374473E-18   0.188308E-22   0.686458E-24   0.152425E-23   0.587732E-26   0.364540E-23   0.572194E-23
   0.350000E+01   0.361907E-34   0.637912E-34   0.627667E-36   0.186864E-33   0.198141E-35   0.517057E-33   0.600743E-35   0.138024E-32   0.181143E-34   0.360751E-32   0.555902E-34   0.931336E-32   0.149233E-31   0.238853E-31   0.585386E-33   0.330621E-16   0.639838E-13   0.215972E-13   0.955270E-17   0.227604E-20   0.114162E-24   0.322901E-26   0.927275E-26   0.678323E-30   0.223409E-25   0.351109E-25
   0.350000E+01   0.100608E-33   0.178598E-33   0.161812E-35   0.528481E-33   0.501974E-35   0.147166E-32   0.147034E-34   0.394427E-32   0.420537E-34   0.103351E-31   0.120143E-33   0.267241E-31   0.428448E-31   0.686047E-31   0.105204E-32   0.950088E-16   0.183876E-12   0.620823E-13   0.274512E-16   0.653944E-20   0.328035E-24   0.928831E-26   0.266722E-25   0.162863E-29   0.642656E-25   0.101002E-24
   0.350000E+01   0.433905E-32   0.775748E-32   0.671747E-34   0.231879E-31   0.206896E-33   0.649840E-31   0.593843E-33   0.174867E-30   0.163897E-32   0.459361E-30   0.443057E-32   0.118968E-29   0.190840E-29   0.305714E-29   0.322416E-31   0.402887E-14   0.778988E-11   0.262288E-11   0.115767E-14   0.275470E-18   0.138001E-22   0.396073E-24   0.112955E-23   0.651643E-28   0.272051E-23   0.427543E-23
   0.350000E+01   0.100620E-27   0.180301E-27   0.158735E-29   0.538227E-27   0.492662E-29   0.150169E-26   0.142034E-28   0.402269E-26   0.392861E-28   0.105275E-25   0.106248E-27   0.271829E-25   0.435474E-25   0.696734E-25   0.770283E-27   0.257298E-10   0.497590E-07   0.167768E-07   0.739765E-11   0.176094E-14   0.881827E-19   0.246349E-20   0.715940E-20   0.156191E-23   0.172430E-19   0.270941E-19
   0.350000E+01   0.208738E-28   0.352668E-28   0.150977E-28   0.975848E-28   0.474646E-28   0.260509E-27   0.135546E-27   0.679512E-27   0.368754E-27   0.175068E-26   0.978356E-27   0.448177E-26   0.716314E-26   0.114461E-25   0.672285E-26   0.904240E-12   0.174709E-08   0.576452E-09   0.259054E-12   0.613816E-16   0.308015E-20   0.981543E-22   0.248982E-21   0.729184E-24   0.597567E-21   0.938417E-21
   0.350000E+01   0.849225E-30   0.137439E-29   0.113251E-29   0.353709E-29   0.285407E-29   0.899316E-29   0.718977E-29   0.227421E-28   0.181082E-28   0.573700E-28   0.455993E-28   0.144550E-27   0.229384E-27   0.363948E-27   0.288918E-27   0.181674E-13   0.350976E-10   0.113724E-10   0.519256E-14   0.122565E-17   0.616104E-22   0.217402E-23   0.498403E-23   0.184125E-25   0.119303E-22   0.187283E-22
   0.350000E+01   0.722261E-28   0.116821E-27   0.962889E-28   0.300455E-27   0.242484E-27   0.763695E-27   0.610636E-27   0.193095E-26   0.153765E-26   0.487061E-26   0.387153E-26   0.122712E-25   0.194724E-25   0.308946E-25   0.245248E-25   0.199368E-11   0.385201E-08   0.127552E-08   0.571418E-12   0.135498E-15   0.679699E-20   0.212223E-21   0.549210E-21   0.156652E-23   0.131879E-20   0.207116E-20
   0.350000E+01   0.000000E+00   0.000000E+00   0.000000E+00   0.000000E+00   0.000000E+00   0.000000E+00   0.000000E+00   0.000000E+00   0.000000E+00   0.000000E+00   0.000000E+00   0.000000E+00   0.000000E+00   0.000000E+00   0.000000E+00   0.000000E+00   0.000000E+00   0.000000E+00   0.000000E+00   0.000000E+00   0.000000E+00   0.000000E+00   0.000000E+00   0.000000E+00   0.000000E+00   0.000000E+00
   0.350000E+01   0.219380E-26   0.446803E-26   0.924660E-26   0.182266E-25   0.369724E-25   0.735100E-25   0.147852E-24   0.295021E-24   0.591310E-24   0.118157E-23   0.236499E-23   0.472827E-23   0.945716E-23   0.189147E-22   0.378356E-22   0.135845E-10   0.257295E-07   0.102718E-07   0.390362E-11   0.965087E-15   0.475582E-19   0.526503E-20   0.109511E-19   0.193700E-19   0.405558E-19   0.803160E-19
   0.366667E+01   0.206150E-25   0.420421E-25   0.875000E-25   0.171872E-24   0.350000E-24   0.694253E-24   0.140000E-23   0.278925E-23   0.560000E-23   0.111790E-22   0.224000E-22   0.447555E-22   0.895318E-22   0.179091E-21   0.358400E-21   0.222895E-08   0.190114E-06   0.869044E-07   0.344965E-10   0.665721E-14   0.582573E-18   0.482849E-19   0.976361E-19   0.183493E-18   0.368194E-18   0.735738E-18
   0.366667E+01   0.738615E-38   0.150245E-37   0.327075E-35   0.610983E-37   0.130831E-34   0.246285E-36   0.523327E-34   0.987045E-36   0.209327E-33   0.395072E-35   0.837320E-33   0.157920E-34   0.315913E-34   0.630869E-34   0.133970E-31   0.180113E-20   0.153652E-18   0.569675E-19   0.281610E-22   0.499608E-26   0.444087E-30   0.908390E-32   0.229486E-31   0.171830E-30   0.548725E-31   0.873621E-31
   0.366667E+01   0.188102E-37   0.343859E-37   0.327077E-35   0.114793E-36   0.130832E-34   0.389496E-36   0.523323E-34   0.135895E-35   0.209330E-33   0.491036E-35   0.837325E-33   0.182481E-34   0.354943E-34   0.694384E-34   0.133971E-31   0.203473E-18   0.173568E-16   0.644501E-17   0.307048E-20   0.564515E-24   0.501672E-28   0.102619E-29   0.258828E-29   0.171916E-30   0.621444E-29   0.976398E-29
   0.366667E+01   0.768803E-38   0.155553E-37   0.327079E-35   0.626334E-37   0.130831E-34   0.250340E-36   0.523322E-34   0.996594E-36   0.209330E-33   0.397847E-35   0.837313E-33   0.158611E-34   0.317176E-34   0.633753E-34   0.133970E-31   0.754574E-20   0.643646E-18   0.239151E-18   0.118232E-21   0.209489E-25   0.186186E-29   0.381713E-31   0.960296E-31   0.171842E-30   0.230697E-30   0.363539E-30
   0.366667E+01   0.477192E-37   0.844302E-37   0.327078E-35   0.257348E-36   0.130831E-34   0.776181E-36   0.523322E-34   0.238153E-35   0.209329E-33   0.755804E-35   0.837311E-33   0.250573E-34   0.464097E-34   0.868451E-34   0.133971E-31   0.763267E-18   0.651176E-16   0.241952E-16   0.115294E-19   0.212024E-23   0.188507E-27   0.385632E-29   0.972804E-29   0.172273E-30   0.233600E-28   0.367033E-28
   0.366667E+01   0.371630E-35   0.644332E-35   0.327078E-35   0.184183E-34   0.130832E-34   0.501738E-34   0.131195E-35   0.131827E-33   0.524477E-35   0.342153E-33   0.209941E-34   0.879624E-33   0.140757E-32   0.225066E-32   0.335738E-33   0.723765E-16   0.617517E-14   0.229520E-14   0.109382E-17   0.201175E-21   0.178903E-25   0.366008E-27   0.923356E-27   0.218173E-30   0.221741E-26   0.348404E-26
   0.366667E+01   0.359733E-33   0.614426E-33   0.847296E-37   0.171839E-32   0.339436E-36   0.461256E-32   0.135774E-35   0.120751E-31   0.543398E-35   0.311732E-31   0.217404E-34   0.798616E-31   0.127627E-30   0.203854E-30   0.347919E-33   0.644005E-14   0.549214E-12   0.203613E-12   0.969141E-16   0.178036E-19   0.158183E-23   0.326042E-25   0.819195E-25   0.436034E-29   0.196630E-24   0.308916E-24
   0.366667E+01   0.878473E-38   0.174331E-37   0.327078E-35   0.679894E-37   0.130831E-34   0.264840E-36   0.523322E-34   0.103518E-35   0.209330E-33   0.407755E-35   0.837316E-33   0.161196E-34   0.321085E-34   0.640000E-34   0.133971E-31   0.284410E-19   0.242637E-17   0.901601E-18   0.429608E-21   0.790032E-25   0.702408E-29   0.143749E-30   0.362571E-30   0.171768E-30   0.871033E-30   0.136872E-29
   0.366667E+01   0.147009E-36   0.256915E-36   0.327077E-35   0.751420E-36   0.130831E-34   0.212296E-35   0.523325E-34   0.594055E-35   0.209329E-33   0.167986E-34   0.837320E-33   0.488249E-34   0.843998E-34   0.147618E-33   0.133969E-31   0.272076E-17   0.232134E-15   0.862783E-16   0.411172E-19   0.756224E-23   0.672493E-27   0.137581E-28   0.347085E-28   0.173567E-30   0.833511E-28   0.130963E-27
   0.366667E+01   0.123607E-34   0.215539E-34   0.820554E-37   0.621367E-34   0.328127E-36   0.170010E-33   0.131289E-35   0.450472E-33   0.525117E-35   0.117185E-32   0.210107E-34   0.301670E-32   0.482930E-32   0.772437E-32   0.336027E-33   0.248660E-15   0.212167E-13   0.788789E-14   0.375854E-17   0.691247E-21   0.614800E-25   0.125861E-26   0.317518E-26   0.331198E-30   0.762556E-26   0.119817E-25
   0.366667E+01   0.102551E-32   0.180198E-32   0.895962E-37   0.524756E-32   0.360430E-36   0.144493E-31   0.144548E-35   0.384389E-31   0.579735E-35   0.100244E-30   0.232195E-34   0.258456E-30   0.413967E-30   0.662389E-30   0.372017E-33   0.201606E-13   0.171929E-11   0.636029E-12   0.303263E-15   0.556852E-19   0.494815E-23   0.102996E-24   0.257062E-24   0.138584E-28   0.616832E-24   0.969087E-24
   0.366667E+01   0.610298E-31   0.107659E-30   0.532087E-36   0.314417E-30   0.226236E-35   0.865537E-30   0.931744E-35   0.229995E-29   0.381958E-34   0.599037E-29   0.155170E-33   0.154257E-28   0.246919E-28   0.394838E-28   0.252275E-32   0.271791E-12   0.231785E-10   0.833858E-11   0.407645E-14   0.744033E-18   0.662228E-22   0.154409E-23   0.341976E-23   0.842026E-27   0.816791E-23   0.128223E-22
   0.366667E+01   0.125525E-30   0.203419E-30   0.155674E-34   0.524642E-30   0.647511E-34   0.133588E-29   0.262424E-33   0.338152E-29   0.106613E-32   0.853628E-29   0.430646E-32   0.215202E-28   0.341590E-28   0.542128E-28   0.695999E-31   0.123250E-12   0.105107E-10   0.372600E-11   0.184514E-14   0.335692E-18   0.299090E-22   0.767271E-24   0.154058E-23   0.506866E-26   0.367004E-23   0.575898E-23
   0.366667E+01   0.106874E-37   0.207426E-37   0.327080E-35   0.774552E-37   0.130831E-34   0.290625E-36   0.523318E-34   0.110392E-35   0.209331E-33   0.425019E-35   0.837311E-33   0.165766E-34   0.328362E-34   0.651058E-34   0.133971E-31   0.658948E-19   0.562209E-17   0.208957E-17   0.995797E-21   0.183143E-24   0.162865E-28   0.333268E-30   0.840664E-30   0.171830E-30   0.201903E-29   0.317262E-29
   0.366667E+01   0.314680E-36   0.550957E-36   0.327077E-35   0.160516E-35   0.130832E-34   0.446900E-35   0.523319E-34   0.121720E-34   0.209329E-33   0.330430E-34   0.837314E-33   0.906933E-34   0.151431E-33   0.254826E-33   0.133971E-31   0.614840E-17   0.524613E-15   0.195044E-15   0.929604E-19   0.170991E-22   0.152092E-26   0.311177E-28   0.785071E-28   0.175872E-30   0.188545E-27   0.296252E-27
   0.366667E+01   0.403886E-34   0.709382E-34   0.822317E-37   0.206449E-33   0.329021E-36   0.568237E-33   0.131542E-35   0.151129E-32   0.526396E-35   0.394068E-32   0.210588E-34   0.101592E-31   0.162714E-31   0.260353E-31   0.336965E-33   0.834221E-15   0.711714E-13   0.264620E-13   0.125959E-16   0.231594E-20   0.205906E-24   0.422749E-26   0.106597E-25   0.714348E-30   0.256011E-25   0.402267E-25
   0.366667E+01   0.314820E-32   0.556884E-32   0.103238E-36   0.163714E-31   0.419416E-36   0.453489E-31   0.168970E-35   0.121095E-30   0.680658E-35   0.316551E-30   0.273362E-34   0.817369E-30   0.130985E-29   0.209676E-29   0.439425E-33   0.569246E-13   0.485447E-11   0.178256E-11   0.855481E-15   0.156831E-18   0.139418E-22   0.295327E-24   0.724312E-24   0.438716E-28   0.173585E-23   0.272665E-23
   0.366667E+01   0.153503E-30   0.263102E-30   0.132713E-35   0.732616E-30   0.573321E-35   0.195141E-29   0.237801E-34   0.507450E-29   0.980934E-34   0.130278E-28   0.400082E-33   0.332117E-28   0.529453E-28   0.843483E-28   0.653068E-32   0.330157E-12   0.281562E-10   0.101447E-10   0.495307E-14   0.904344E-18   0.804814E-22   0.189165E-23   0.414836E-23   0.266682E-26   0.990953E-23   0.155562E-22
   0.366667E+01   0.137054E-30   0.221979E-30   0.408739E-34   0.572006E-30   0.178934E-33   0.145570E-29   0.747370E-33   0.368379E-29   0.309882E-32   0.929846E-29   0.126793E-31   0.234434E-28   0.372156E-28   0.590730E-28   0.207648E-30   0.132644E-12   0.113117E-10   0.401018E-11   0.198578E-14   0.361284E-18   0.321890E-22   0.826142E-24   0.165794E-23   0.582611E-26   0.394964E-23   0.619773E-23
   0.366667E+01   0.132942E-30   0.215506E-30   0.386780E-32   0.557796E-30   0.164773E-31   0.143166E-29   0.676564E-31   0.367280E-29   0.277655E-30   0.947963E-29   0.112882E-29   0.247431E-28   0.402200E-28   0.657136E-28   0.182292E-28   0.126134E-12   0.107566E-10   0.381227E-11   0.188825E-14   0.343519E-18   0.306068E-22   0.786845E-24   0.157643E-23   0.573531E-26   0.375526E-23   0.589266E-23
   0.366667E+01   0.730169E-38   0.148797E-37   0.327095E-35   0.607259E-37   0.130838E-34   0.245387E-36   0.523354E-34   0.984748E-36   0.209339E-33   0.394301E-35   0.837360E-33   0.157799E-34   0.315793E-34   0.630959E-34   0.133976E-31   0.469564E-21   0.400629E-19   0.149276E-19   0.728815E-23   0.135104E-26   0.116188E-30   0.242507E-32   0.613791E-32   0.171768E-30   0.148190E-31   0.228911E-31
   0.366667E+01   0.943107E-36   0.165571E-35   0.822141E-37   0.481548E-35   0.328880E-36   0.132503E-34   0.131552E-35   0.352394E-34   0.526245E-35   0.919073E-34   0.210573E-34   0.237087E-33   0.379895E-33   0.608211E-33   0.336773E-33   0.192666E-16   0.164404E-14   0.611416E-15   0.291439E-18   0.536134E-22   0.476978E-26   0.975959E-28   0.246239E-27   0.184710E-30   0.591415E-27   0.929288E-27
   0.366667E+01   0.855011E-34   0.151168E-33   0.910420E-37   0.444066E-33   0.369199E-36   0.122946E-32   0.148789E-35   0.328197E-32   0.598844E-35   0.857752E-32   0.240516E-34   0.221449E-31   0.354858E-31   0.568013E-31   0.386173E-33   0.179544E-14   0.153243E-12   0.569691E-13   0.270850E-16   0.497896E-20   0.442455E-24   0.911666E-26   0.229680E-25   0.138224E-29   0.551613E-25   0.866753E-25
   0.366667E+01   0.605257E-32   0.107772E-31   0.720049E-36   0.319805E-31   0.326113E-35   0.891079E-31   0.139469E-34   0.238826E-30   0.586950E-34   0.625756E-30   0.242467E-33   0.161811E-29   0.259435E-29   0.415454E-29   0.398484E-32   0.878727E-13   0.750114E-11   0.273416E-11   0.132103E-14   0.241802E-18   0.215037E-22   0.466380E-24   0.111624E-23   0.885763E-28   0.267196E-23   0.419627E-23
   0.366667E+01   0.241876E-30   0.401143E-30   0.605538E-34   0.106654E-29   0.280609E-33   0.276312E-29   0.121488E-32   0.706595E-29   0.515553E-32   0.179508E-28   0.214074E-31   0.454467E-28   0.722584E-28   0.114852E-27   0.353435E-30   0.354549E-12   0.302662E-10   0.109352E-10   0.532600E-14   0.973041E-18   0.865773E-22   0.202709E-23   0.445811E-23   0.682002E-26   0.106525E-22   0.167230E-22
   0.366667E+01   0.149230E-30   0.241809E-30   0.224058E-32   0.624787E-30   0.104836E-31   0.159871E-29   0.456652E-31   0.408215E-29   0.194542E-30   0.104575E-28   0.809785E-30   0.269870E-28   0.435354E-28   0.704865E-28   0.133963E-28   0.142743E-12   0.121850E-10   0.432147E-11   0.213911E-14   0.389218E-18   0.346765E-22   0.890554E-24   0.178629E-23   0.641926E-26   0.425532E-23   0.667739E-23
   0.366667E+01   0.196884E-30   0.342237E-30   0.215499E-30   0.992834E-30   0.698421E-30   0.272718E-29   0.201554E-29   0.722137E-29   0.549833E-29   0.187486E-28   0.145091E-28   0.480750E-28   0.767515E-28   0.122354E-27   0.961698E-28   0.138715E-12   0.118411E-10   0.419859E-11   0.207868E-14   0.378204E-18   0.336958E-22   0.866281E-24   0.173575E-23   0.631374E-26   0.413480E-23   0.648824E-23
   0.366667E+01   0.265868E-39   0.536563E-39   0.821200E-37   0.208962E-38   0.328433E-36   0.834743E-38   0.131392E-35   0.324128E-37   0.525342E-35   0.128405E-36   0.210197E-34   0.493029E-36   0.100433E-35   0.198490E-35   0.336243E-33   0.463521E-21   0.449554E-19   0.166483E-19   0.826567E-23   0.153605E-26   0.131600E-30   0.275178E-32   0.693653E-32   0.171830E-30   0.163776E-31   0.265003E-31
   0.366667E+01   0.367508E-38   0.657148E-38   0.821553E-37   0.197994E-37   0.328504E-36   0.573128E-37   0.131392E-35   0.163563E-36   0.525493E-35   0.470068E-36   0.210227E-34   0.139191E-35   0.243565E-35   0.428258E-35   0.336243E-33   0.695790E-19   0.611617E-17   0.227463E-17   0.108432E-20   0.199491E-24   0.177520E-28   0.363336E-30   0.916683E-30   0.171854E-30   0.220215E-29   0.346047E-29
   0.366667E+01   0.367775E-36   0.654505E-36   0.841713E-37   0.194086E-35   0.335862E-36   0.540690E-35   0.133593E-35   0.144958E-34   0.531812E-35   0.380117E-34   0.212018E-34   0.984525E-34   0.158029E-33   0.253430E-33   0.337760E-33   0.751594E-17   0.660120E-15   0.244971E-15   0.116485E-18   0.214047E-22   0.190190E-26   0.394032E-28   0.989399E-28   0.177364E-30   0.237550E-27   0.373261E-27
   0.366667E+01   0.160726E-31   0.288046E-31   0.913412E-34   0.862589E-31   0.326077E-33   0.241721E-30   0.101134E-32   0.650175E-30   0.293945E-32   0.170734E-29   0.829228E-32   0.442095E-29   0.709152E-29   0.113602E-28   0.663552E-31   0.143607E-12   0.126120E-10   0.457537E-11   0.221966E-14   0.405906E-18   0.361064E-22   0.804806E-24   0.186983E-23   0.248986E-27   0.447230E-23   0.702257E-23
   0.366667E+01   0.191302E-30   0.313104E-30   0.656465E-32   0.819420E-30   0.236221E-31   0.210655E-29   0.736158E-31   0.536633E-29   0.214541E-30   0.136096E-28   0.605979E-30   0.344419E-28   0.547723E-28   0.870988E-28   0.484630E-29   0.256676E-12   0.225429E-10   0.822755E-11   0.397089E-14   0.727135E-18   0.646507E-22   0.145140E-23   0.332549E-23   0.714369E-26   0.795728E-23   0.124942E-22
   0.366667E+01   0.191743E-31   0.332337E-31   0.219760E-31   0.928400E-31   0.636666E-31   0.245442E-30   0.171136E-30   0.633748E-30   0.447641E-30   0.162081E-29   0.115745E-29   0.412840E-29   0.658522E-29   0.105034E-28   0.768131E-29   0.121678E-13   0.106854E-11   0.378639E-12   0.187506E-15   0.341129E-19   0.303939E-23   0.785767E-25   0.156569E-24   0.596287E-27   0.372886E-24   0.585107E-24
   0.366667E+01   0.294826E-30   0.477646E-30   0.393679E-30   0.123073E-29   0.993008E-30   0.313127E-29   0.250261E-29   0.792182E-29   0.630495E-29   0.199899E-28   0.158807E-28   0.503786E-28   0.799534E-28   0.126870E-27   0.100676E-27   0.138350E-12   0.121496E-10   0.431489E-11   0.213263E-14   0.388179E-18   0.345804E-22   0.887228E-24   0.178121E-23   0.643957E-26   0.424340E-23   0.665872E-23
   0.366667E+01   0.399850E-34   0.706085E-34   0.718920E-36   0.207036E-33   0.224397E-35   0.572526E-33   0.672063E-35   0.152718E-32   0.200082E-34   0.398936E-32   0.606066E-34   0.102960E-31   0.164965E-31   0.264022E-31   0.621810E-33   0.800306E-15   0.703457E-13   0.261606E-13   0.124709E-16   0.229441E-20   0.204167E-24   0.417780E-26   0.105413E-25   0.763391E-30   0.253197E-25   0.397856E-25
   0.366667E+01   0.115028E-33   0.204571E-33   0.193758E-35   0.605929E-33   0.595416E-35   0.168630E-32   0.172731E-34   0.451620E-32   0.489476E-34   0.118272E-31   0.138486E-33   0.305729E-31   0.490115E-31   0.784761E-31   0.118551E-32   0.237989E-14   0.209197E-12   0.778172E-13   0.370830E-16   0.682188E-20   0.607032E-24   0.124359E-25   0.313765E-25   0.193294E-29   0.753692E-25   0.118433E-24
   0.366667E+01   0.481500E-32   0.862416E-32   0.787427E-34   0.258037E-31   0.240750E-33   0.722709E-31   0.686826E-33   0.194332E-30   0.188789E-32   0.510213E-30   0.509275E-32   0.132098E-29   0.211884E-29   0.339413E-29   0.370715E-31   0.978055E-13   0.859022E-11   0.318665E-11   0.151603E-14   0.278592E-18   0.247469E-22   0.513451E-24   0.128788E-23   0.764238E-28   0.309218E-23   0.485866E-23
   0.366667E+01   0.108619E-27   0.194722E-27   0.181530E-29   0.580307E-27   0.559311E-29   0.161492E-26   0.160285E-28   0.431713E-26   0.441595E-28   0.112819E-25   0.119201E-27   0.291040E-25   0.466097E-25   0.745532E-25   0.865105E-27   0.599936E-09   0.527033E-07   0.195823E-07   0.930525E-11   0.171074E-14   0.151912E-18   0.307322E-20   0.784206E-20   0.178739E-23   0.188306E-19   0.295838E-19
   0.366667E+01   0.226795E-28   0.384089E-28   0.177759E-28   0.106299E-27   0.548074E-28   0.283194E-27   0.154513E-27   0.737309E-27   0.416969E-27   0.189704E-26   0.110070E-26   0.485222E-26   0.775278E-26   0.123850E-25   0.751759E-26   0.217277E-10   0.190774E-08   0.692914E-09   0.335842E-12   0.614326E-16   0.546391E-20   0.124593E-21   0.280987E-21   0.776464E-24   0.672021E-21   0.105510E-20
   0.366667E+01   0.932192E-30   0.150862E-29   0.124313E-29   0.388226E-29   0.313245E-29   0.987022E-29   0.789056E-29   0.249590E-28   0.198726E-28   0.629605E-28   0.500413E-28   0.158633E-27   0.251730E-27   0.399400E-27   0.317054E-27   0.449764E-12   0.394866E-10   0.140767E-10   0.693443E-14   0.126324E-17   0.112505E-21   0.280971E-23   0.579154E-23   0.202265E-25   0.138093E-22   0.216720E-22
   0.366667E+01   0.759110E-28   0.122788E-27   0.101199E-27   0.315810E-27   0.254846E-27   0.802708E-27   0.641761E-27   0.202955E-26   0.161602E-26   0.511920E-26   0.406882E-26   0.128974E-25   0.204659E-25   0.324708E-25   0.257745E-25   0.476236E-10   0.418150E-08   0.152453E-08   0.736486E-12   0.134832E-15   0.119889E-19   0.268308E-21   0.616270E-21   0.164915E-23   0.147478E-20   0.231565E-20
   0.366667E+01   0.000000E+00   0.000000E+00   0.000000E+00   0.000000E+00   0.000000E+00   0.000000E+00   0.000000E+00   0.000000E+00   0.000000E+00   0.000000E+00   0.000000E+00   0.000000E+00   0.000000E+00   0.000000E+00   0.000000E+00   0.000000E+00   0.000000E+00   0.000000E+00   0.000000E+00   0.000000E+00   0.000000E+00   0.000000E+00   0.000000E+00   0.000000E+00   0.000000E+00   0.000000E+00
   0.366667E+01   0.219458E-26   0.446967E-26   0.924730E-26   0.182320E-25   0.369742E-25   0.735256E-25   0.147857E-24   0.295064E-24   0.591322E-24   0.118169E-23   0.236502E-23   0.472856E-23   0.945764E-23   0.189155E-22   0.378358E-22   0.294418E-09   0.252622E-07   0.110992E-07   0.455820E-11   0.871195E-15   0.764577E-19   0.540336E-20   0.110785E-19   0.193699E-19   0.407197E-19   0.805756E-19
   0.383333E+01   0.206072E-25   0.420326E-25   0.875000E-25   0.171859E-24   0.350000E-24   0.694236E-24   0.140000E-23   0.278924E-23   0.560000E-23   0.111791E-22   0.224000E-22   0.447557E-22   0.895324E-22   0.179092E-21   0.358400E-21   0.121361E-14   0.187341E-06   0.919006E-07   0.401387E-10   0.104641E-13   0.187523E-18   0.491151E-19   0.982353E-19   0.183492E-18   0.368219E-18   0.735805E-18
   0.383333E+01   0.739860E-38   0.150521E-37   0.327075E-35   0.612320E-37   0.130831E-34   0.246465E-36   0.523327E-34   0.986854E-36   0.209327E-33   0.395148E-35   0.837320E-33   0.158041E-34   0.315915E-34   0.631596E-34   0.133970E-31   0.110077E-26   0.180466E-18   0.716239E-19   0.389028E-22   0.932978E-26   0.169475E-30   0.120569E-31   0.273764E-31   0.171829E-30   0.654685E-31   0.102605E-30
   0.383333E+01   0.205915E-37   0.374584E-37   0.327077E-35   0.123373E-36   0.130832E-34   0.411871E-36   0.523323E-34   0.141852E-35   0.209330E-33   0.506356E-35   0.837325E-33   0.186210E-34   0.361140E-34   0.703773E-34   0.133971E-31   0.124902E-24   0.204069E-16   0.811675E-17   0.425457E-20   0.105505E-23   0.183912E-28   0.136415E-29   0.307658E-29   0.171989E-30   0.736330E-29   0.115670E-28
   0.383333E+01   0.775849E-38   0.156563E-37   0.327079E-35   0.628593E-37   0.130831E-34   0.250987E-36   0.523322E-34   0.999026E-36   0.209330E-33   0.398149E-35   0.837313E-33   0.158822E-34   0.316757E-34   0.634118E-34   0.133970E-31   0.461819E-26   0.755304E-18   0.300544E-18   0.163259E-21   0.390681E-25   0.681170E-30   0.506104E-31   0.113908E-30   0.171829E-30   0.273305E-30   0.429657E-30
   0.383333E+01   0.539302E-37   0.952499E-37   0.327078E-35   0.288058E-36   0.130831E-34   0.858796E-36   0.523322E-34   0.259792E-35   0.209329E-33   0.811148E-35   0.837311E-33   0.264764E-34   0.486411E-34   0.904065E-34   0.133971E-31   0.467892E-24   0.764547E-16   0.304289E-16   0.159535E-19   0.395699E-23   0.690061E-28   0.511941E-29   0.115472E-28   0.172470E-30   0.276400E-28   0.434207E-28
   0.383333E+01   0.428890E-35   0.744681E-35   0.327082E-35   0.212926E-34   0.130832E-34   0.579449E-34   0.131195E-35   0.152227E-33   0.524477E-35   0.394890E-33   0.209941E-34   0.101491E-32   0.162390E-32   0.259643E-32   0.335738E-33   0.443890E-22   0.725373E-14   0.288790E-14   0.151425E-17   0.375623E-21   0.655193E-26   0.486118E-27   0.109655E-26   0.228600E-30   0.262492E-26   0.412368E-26
   0.383333E+01   0.415122E-33   0.710088E-33   0.849941E-37   0.198673E-32   0.340329E-36   0.532861E-32   0.136122E-35   0.139392E-31   0.545016E-35   0.359671E-31   0.218081E-34   0.921178E-31   0.147205E-30   0.235118E-30   0.348858E-33   0.404318E-20   0.644590E-12   0.255972E-12   0.134055E-15   0.332263E-19   0.578929E-24   0.432392E-25   0.971997E-25   0.530217E-29   0.232550E-24   0.365289E-24
   0.383333E+01   0.902227E-38   0.178301E-37   0.327079E-35   0.690576E-37   0.130831E-34   0.267725E-36   0.523322E-34   0.104360E-35   0.209330E-33   0.409483E-35   0.837313E-33   0.161648E-34   0.321688E-34   0.641328E-34   0.133971E-31   0.173968E-25   0.284326E-17   0.113164E-17   0.593279E-21   0.147152E-24   0.256619E-29   0.190458E-30   0.429558E-30   0.171854E-30   0.102839E-29   0.161573E-29
   0.383333E+01   0.168306E-36   0.294213E-36   0.327078E-35   0.858270E-36   0.130831E-34   0.241161E-35   0.523329E-34   0.669708E-35   0.209330E-33   0.187593E-34   0.837314E-33   0.538307E-34   0.924109E-34   0.160479E-33   0.133972E-31   0.166584E-23   0.272218E-15   0.108375E-15   0.568255E-19   0.140960E-22   0.245870E-27   0.182421E-28   0.411492E-28   0.173986E-30   0.985024E-28   0.154745E-27
   0.383333E+01   0.142515E-34   0.248901E-34   0.820377E-37   0.717829E-34   0.328198E-36   0.196247E-33   0.131270E-35   0.519597E-33   0.525117E-35   0.135097E-32   0.210077E-34   0.347685E-32   0.556557E-32   0.890168E-32   0.336195E-33   0.152413E-21   0.248938E-13   0.991331E-14   0.519707E-17   0.128902E-20   0.224950E-25   0.166971E-26   0.376639E-26   0.366928E-30   0.901648E-26   0.141650E-25
   0.383333E+01   0.117986E-32   0.207630E-32   0.902721E-37   0.604879E-32   0.363110E-36   0.166422E-31   0.145677E-35   0.442395E-31   0.584211E-35   0.115312E-30   0.234061E-34   0.297225E-30   0.476035E-30   0.761684E-30   0.375003E-33   0.126427E-19   0.201017E-11   0.796540E-12   0.417884E-15   0.103530E-18   0.180305E-23   0.135932E-24   0.303836E-24   0.168856E-28   0.726645E-24   0.114141E-23
   0.383333E+01   0.687584E-31   0.121364E-30   0.560393E-36   0.353987E-30   0.238404E-35   0.972495E-30   0.982045E-35   0.258008E-29   0.402670E-34   0.671273E-29   0.163611E-33   0.172741E-28   0.276440E-28   0.441961E-28   0.266031E-32   0.164735E-18   0.261588E-10   0.100766E-10   0.542083E-14   0.133446E-17   0.231530E-22   0.194028E-23   0.389888E-23   0.100891E-26   0.927687E-23   0.145597E-22
   0.383333E+01   0.136737E-30   0.221605E-30   0.169297E-34   0.571542E-30   0.704194E-34   0.145521E-29   0.285400E-33   0.368337E-29   0.115948E-32   0.929788E-29   0.468358E-32   0.234395E-28   0.372052E-28   0.590467E-28   0.756953E-31   0.759951E-19   0.120671E-10   0.457919E-11   0.249571E-14   0.612352E-18   0.106028E-22   0.969704E-24   0.178632E-23   0.558194E-26   0.423804E-23   0.664848E-23
   0.383333E+01   0.111415E-37   0.215567E-37   0.327077E-35   0.797579E-37   0.130832E-34   0.296913E-36   0.523321E-34   0.112022E-35   0.209328E-33   0.429451E-35   0.837319E-33   0.166759E-34   0.330228E-34   0.654310E-34   0.133970E-31   0.397762E-25   0.650065E-17   0.258802E-17   0.135697E-20   0.336603E-24   0.587113E-29   0.435666E-30   0.982757E-30   0.171878E-30   0.235268E-29   0.369617E-29
   0.383333E+01   0.357177E-36   0.625956E-36   0.327076E-35   0.182203E-35   0.130831E-34   0.505838E-35   0.523317E-34   0.137235E-34   0.209329E-33   0.370634E-34   0.837313E-33   0.101002E-33   0.167935E-33   0.281209E-33   0.133970E-31   0.371741E-23   0.607525E-15   0.241939E-15   0.126872E-18   0.314746E-22   0.549105E-27   0.407445E-28   0.919137E-28   0.176697E-30   0.220037E-27   0.345680E-27
   0.383333E+01   0.465277E-34   0.818426E-34   0.822434E-37   0.238279E-33   0.329162E-36   0.655326E-33   0.131618E-35   0.174161E-32   0.526734E-35   0.453891E-32   0.210694E-34   0.116983E-31   0.187353E-31   0.299770E-31   0.337062E-33   0.514697E-21   0.834110E-13   0.332183E-13   0.173970E-16   0.431350E-20   0.753129E-25   0.560122E-26   0.126298E-25   0.835011E-30   0.302354E-25   0.475010E-25
   0.383333E+01   0.360597E-32   0.638809E-32   0.105042E-36   0.187873E-31   0.427222E-36   0.519998E-31   0.172224E-35   0.138751E-30   0.693861E-35   0.362520E-30   0.278823E-34   0.935812E-30   0.149957E-29   0.240039E-29   0.448116E-33   0.354968E-19   0.563882E-11   0.221785E-11   0.117109E-14   0.289657E-18   0.503888E-23   0.386264E-24   0.850398E-24   0.532835E-28   0.203092E-23   0.318952E-23
   0.383333E+01   0.169053E-30   0.289326E-30   0.141126E-35   0.803041E-30   0.609976E-35   0.213365E-29   0.253063E-34   0.553936E-29   0.104411E-33   0.142064E-28   0.425901E-33   0.361924E-28   0.576831E-28   0.918776E-28   0.695302E-32   0.198984E-18   0.315972E-10   0.121878E-10   0.654929E-14   0.161272E-17   0.279864E-22   0.236315E-23   0.470317E-23   0.317748E-26   0.111923E-22   0.175658E-22
   0.383333E+01   0.149163E-30   0.241611E-30   0.447261E-34   0.622621E-30   0.195847E-33   0.158448E-29   0.818155E-33   0.400959E-29   0.339268E-32   0.101207E-28   0.138826E-31   0.255160E-28   0.405057E-28   0.642953E-28   0.227370E-30   0.817795E-19   0.129856E-10   0.492793E-11   0.268569E-14   0.658970E-18   0.114101E-22   0.104396E-23   0.192222E-23   0.636862E-26   0.456049E-23   0.715433E-23
   0.383333E+01   0.144724E-30   0.234646E-30   0.429130E-32   0.607490E-30   0.183037E-31   0.155959E-29   0.752171E-31   0.400226E-29   0.308843E-30   0.103351E-28   0.125604E-29   0.269957E-28   0.439027E-28   0.717698E-28   0.202734E-28   0.778107E-19   0.123554E-10   0.468734E-11   0.255524E-14   0.626921E-18   0.108547E-22   0.994657E-24   0.182874E-23   0.625194E-26   0.433845E-23   0.680595E-23
   0.383333E+01   0.731139E-38   0.148989E-37   0.327096E-35   0.607788E-37   0.130838E-34   0.245288E-36   0.523350E-34   0.984183E-36   0.209340E-33   0.394227E-35   0.837360E-33   0.157770E-34   0.315313E-34   0.631324E-34   0.133976E-31   0.284162E-27   0.469499E-19   0.187371E-19   0.100696E-22   0.243166E-26   0.424778E-31   0.311930E-32   0.727049E-32   0.171854E-30   0.171218E-31   0.271966E-31
   0.383333E+01   0.106930E-35   0.187999E-35   0.822670E-37   0.546976E-35   0.329021E-36   0.150381E-34   0.131637E-35   0.399637E-34   0.526546E-35   0.104172E-33   0.210498E-34   0.268612E-33   0.430349E-33   0.688911E-33   0.336821E-33   0.116004E-22   0.189598E-14   0.755276E-15   0.396103E-18   0.982759E-22   0.171486E-26   0.127259E-27   0.287093E-27   0.187359E-30   0.687333E-27   0.107984E-26
   0.383333E+01   0.972929E-34   0.172269E-33   0.926877E-37   0.506246E-33   0.376605E-36   0.140049E-32   0.152024E-35   0.373574E-32   0.612461E-35   0.975847E-32   0.246248E-34   0.251869E-31   0.403579E-31   0.645982E-31   0.395417E-33   0.110639E-20   0.177329E-12   0.706125E-13   0.369392E-16   0.915880E-20   0.159831E-24   0.119246E-25   0.268693E-25   0.163225E-29   0.643235E-25   0.101056E-24
   0.383333E+01   0.680830E-32   0.121407E-31   0.827759E-36   0.360402E-31   0.376121E-35   0.100340E-30   0.161156E-34   0.268727E-30   0.679026E-34   0.703743E-30   0.280733E-33   0.181927E-29   0.291670E-29   0.467062E-29   0.461340E-32   0.537259E-19   0.853130E-11   0.333068E-11   0.177061E-14   0.437196E-18   0.759846E-23   0.595262E-24   0.128281E-23   0.105608E-27   0.305965E-23   0.480413E-23
   0.383333E+01   0.260247E-30   0.431219E-30   0.708926E-34   0.114462E-29   0.328991E-33   0.296198E-29   0.142572E-32   0.756903E-29   0.605390E-32   0.192204E-28   0.251474E-31   0.486483E-28   0.773424E-28   0.122925E-27   0.414998E-30   0.213147E-18   0.338427E-10   0.130875E-10   0.701718E-14   0.172892E-17   0.300134E-22   0.252526E-23   0.503637E-23   0.774782E-26   0.119890E-22   0.188168E-22
   0.383333E+01   0.162444E-30   0.263284E-30   0.269590E-32   0.680611E-30   0.126327E-31   0.174274E-29   0.550815E-31   0.445444E-29   0.234803E-30   0.114298E-28   0.977764E-30   0.295693E-28   0.477810E-28   0.775145E-28   0.161591E-28   0.881221E-19   0.139909E-10   0.531098E-11   0.289371E-14   0.710055E-18   0.122951E-22   0.112547E-23   0.207136E-23   0.700203E-26   0.491425E-23   0.770927E-23
   0.383333E+01   0.220003E-30   0.382388E-30   0.250324E-30   0.110314E-29   0.791445E-30   0.301063E-29   0.224952E-29   0.793422E-29   0.607829E-29   0.205319E-28   0.159466E-28   0.525367E-28   0.838118E-28   0.133530E-27   0.105090E-27   0.856678E-19   0.136012E-10   0.516190E-11   0.281303E-14   0.690224E-18   0.119514E-22   0.109506E-23   0.201352E-23   0.688237E-26   0.477682E-23   0.749364E-23
   0.383333E+01   0.274073E-39   0.547734E-39   0.821318E-37   0.218180E-38   0.328433E-36   0.853377E-38   0.131336E-35   0.333494E-37   0.525493E-35   0.127655E-36   0.210212E-34   0.517082E-36   0.102839E-35   0.204507E-35   0.336219E-33   0.319563E-27   0.527183E-19   0.207590E-19   0.113381E-22   0.273416E-26   0.476867E-31   0.361255E-32   0.812961E-32   0.171841E-30   0.192744E-31   0.296697E-31
   0.383333E+01   0.423291E-38   0.753558E-38   0.821377E-37   0.227185E-37   0.328527E-36   0.651924E-37   0.131364E-35   0.185108E-36   0.525455E-35   0.525637E-36   0.210227E-34   0.152419E-35   0.267622E-35   0.464351E-35   0.336291E-33   0.441174E-25   0.720815E-17   0.287228E-17   0.150648E-20   0.373807E-24   0.652404E-29   0.484283E-30   0.109257E-29   0.171903E-30   0.261599E-29   0.411030E-29
   0.383333E+01   0.426549E-36   0.760196E-36   0.847590E-37   0.225497E-35   0.337508E-36   0.627680E-35   0.134147E-35   0.168135E-34   0.533392E-35   0.440641E-34   0.212409E-34   0.114056E-33   0.183054E-33   0.293455E-33   0.338073E-33   0.476597E-23   0.777831E-15   0.309274E-15   0.161820E-18   0.401174E-22   0.699337E-27   0.524711E-28   0.117893E-27   0.178620E-30   0.282132E-27   0.443239E-27
   0.383333E+01   0.179081E-31   0.321405E-31   0.111154E-33   0.962819E-31   0.387451E-33   0.269586E-30   0.118487E-32   0.724564E-30   0.341653E-32   0.190166E-29   0.960434E-32   0.492269E-29   0.789576E-29   0.126481E-28   0.769602E-31   0.866446E-19   0.141401E-10   0.549574E-11   0.293356E-14   0.723602E-18   0.125695E-22   0.100969E-23   0.211893E-23   0.293824E-27   0.504974E-23   0.792759E-23
   0.383333E+01   0.201380E-30   0.329610E-30   0.797400E-32   0.862538E-30   0.280170E-31   0.221706E-29   0.860923E-31   0.564734E-29   0.248931E-30   0.143225E-28   0.700717E-30   0.362510E-28   0.576566E-28   0.917012E-28   0.561373E-29   0.152487E-18   0.248865E-10   0.972453E-11   0.516728E-14   0.127608E-17   0.221834E-22   0.179426E-23   0.371136E-23   0.767874E-26   0.884882E-23   0.138912E-22
   0.383333E+01   0.217729E-31   0.374982E-31   0.256043E-31   0.103635E-30   0.724530E-31   0.272462E-30   0.192762E-30   0.701560E-30   0.501522E-30   0.179139E-29   0.129279E-29   0.455832E-29   0.726814E-29   0.115884E-28   0.854611E-29   0.754406E-20   0.123105E-11   0.466939E-12   0.254579E-15   0.624581E-19   0.108138E-23   0.996010E-25   0.182221E-24   0.651969E-27   0.432180E-24   0.677958E-24
   0.383333E+01   0.320746E-30   0.519577E-30   0.428397E-30   0.133863E-29   0.108026E-29   0.340562E-29   0.272217E-29   0.861565E-29   0.685764E-29   0.217402E-28   0.172721E-28   0.547888E-28   0.869519E-28   0.137974E-27   0.109489E-27   0.854097E-19   0.139375E-10   0.529866E-11   0.288317E-14   0.707708E-18   0.122569E-22   0.112072E-23   0.206429E-23   0.701020E-26   0.489771E-23   0.768338E-23
   0.383333E+01   0.438894E-34   0.776141E-34   0.816845E-36   0.227660E-33   0.252282E-35   0.629058E-33   0.747511E-35   0.167673E-32   0.220135E-34   0.437780E-32   0.659210E-34   0.112954E-31   0.180966E-31   0.289624E-31   0.660714E-33   0.480415E-21   0.784894E-13   0.312755E-13   0.164039E-16   0.407028E-20   0.710377E-25   0.527218E-26   0.118945E-25   0.858849E-30   0.284787E-25   0.447425E-25
   0.383333E+01   0.130495E-33   0.232410E-33   0.229459E-35   0.688633E-33   0.698951E-35   0.191495E-32   0.201110E-34   0.512476E-32   0.565475E-34   0.134141E-31   0.158731E-33   0.346655E-31   0.555689E-31   0.889732E-31   0.133344E-32   0.147654E-20   0.241239E-12   0.961492E-13   0.504108E-16   0.125050E-19   0.218394E-24   0.162194E-25   0.365907E-25   0.228570E-29   0.876130E-25   0.137651E-24
   0.383333E+01   0.530830E-32   0.952132E-32   0.912320E-34   0.284983E-31   0.276962E-33   0.797545E-31   0.785914E-33   0.214296E-30   0.215300E-32   0.562342E-30   0.579904E-32   0.145555E-29   0.233455E-29   0.373957E-29   0.422596E-31   0.589115E-19   0.961491E-11   0.382164E-11   0.200058E-14   0.495945E-18   0.864257E-23   0.649367E-24   0.145771E-23   0.891160E-28   0.348849E-23   0.548046E-23
   0.383333E+01   0.116440E-27   0.208730E-27   0.205192E-29   0.620609E-27   0.627769E-29   0.172243E-26   0.178954E-28   0.459537E-26   0.491425E-28   0.119930E-25   0.132470E-27   0.309121E-25   0.494904E-25   0.791417E-25   0.963080E-27   0.347693E-15   0.567701E-07   0.226057E-07   0.118178E-10   0.293081E-14   0.510805E-19   0.374736E-20   0.854381E-20   0.203366E-23   0.204513E-19   0.321254E-19
   0.383333E+01   0.245224E-28   0.415943E-28   0.205394E-28   0.115009E-27   0.622076E-28   0.305705E-27   0.173446E-27   0.794491E-27   0.464905E-27   0.204166E-26   0.122211E-26   0.521802E-26   0.833487E-26   0.133116E-25   0.830454E-26   0.129541E-16   0.211692E-08   0.823235E-09   0.439263E-12   0.108362E-15   0.188255E-20   0.154615E-21   0.315183E-21   0.823111E-24   0.751030E-21   0.117889E-20
   0.383333E+01   0.101773E-29   0.164712E-29   0.135742E-29   0.423878E-29   0.342009E-29   0.107764E-28   0.861473E-29   0.272500E-28   0.216959E-28   0.687382E-28   0.546317E-28   0.173188E-27   0.274825E-27   0.436041E-27   0.346130E-27   0.276038E-18   0.451061E-10   0.172092E-10   0.933514E-14   0.229321E-17   0.397354E-22   0.355075E-23   0.668397E-23   0.221075E-25   0.158719E-22   0.249022E-22
   0.383333E+01   0.794202E-28   0.128479E-27   0.105894E-27   0.330479E-27   0.266667E-27   0.840001E-27   0.671522E-27   0.212382E-26   0.169095E-26   0.535692E-26   0.425748E-26   0.134961E-25   0.214159E-25   0.339781E-25   0.269695E-25   0.282235E-16   0.461255E-08   0.180090E-08   0.957636E-12   0.236449E-15   0.411000E-20   0.331581E-21   0.687285E-21   0.172884E-23   0.163884E-20   0.257274E-20
   0.383333E+01   0.000000E+00   0.000000E+00   0.000000E+00   0.000000E+00   0.000000E+00   0.000000E+00   0.000000E+00   0.000000E+00   0.000000E+00   0.000000E+00   0.000000E+00   0.000000E+00   0.000000E+00   0.000000E+00   0.000000E+00   0.000000E+00   0.000000E+00   0.000000E+00   0.000000E+00   0.000000E+00   0.000000E+00   0.000000E+00   0.000000E+00   0.000000E+00   0.000000E+00   0.000000E+00
   0.383333E+01   0.219494E-26   0.447070E-26   0.924799E-26   0.182363E-25   0.369760E-25   0.735389E-25   0.147861E-24   0.295101E-24   0.591334E-24   0.118179E-23   0.236505E-23   0.472883E-23   0.945809E-23   0.189162E-22   0.378360E-22   0.162472E-15   0.253865E-07   0.119300E-07   0.540466E-11   0.139401E-14   0.248375E-19   0.555890E-20   0.112132E-19   0.193699E-19   0.408874E-19   0.808415E-19
   0.400000E+01   0.206036E-25   0.420287E-25   0.875000E-25   0.171855E-24   0.350000E-24   0.694238E-24   0.140000E-23   0.278926E-23   0.560000E-23   0.111791E-22   0.224000E-22   0.447560E-22   0.895329E-22   0.179093E-21   0.358400E-21   0.889242E-17   0.182492E-06   0.967422E-07   0.474349E-10   0.210684E-14   0.805167E-19   0.495561E-19   0.988852E-19   0.183491E-18   0.368242E-18   0.735872E-18
   0.400000E+01   0.741393E-38   0.150592E-37   0.327075E-35   0.613693E-37   0.130831E-34   0.246606E-36   0.523327E-34   0.987235E-36   0.209327E-33   0.394775E-35   0.837320E-33   0.157952E-34   0.315917E-34   0.631479E-34   0.133970E-31   0.962108E-29   0.207586E-18   0.888258E-19   0.541063E-22   0.226586E-26   0.821749E-31   0.151391E-31   0.320889E-31   0.171804E-30   0.764872E-31   0.120129E-30
   0.400000E+01   0.225255E-37   0.407862E-37   0.327077E-35   0.132490E-36   0.130832E-34   0.436260E-36   0.523323E-34   0.148092E-35   0.209330E-33   0.522204E-35   0.837325E-33   0.190570E-34   0.367517E-34   0.715205E-34   0.133971E-31   0.109306E-26   0.235047E-16   0.100827E-16   0.593418E-20   0.250343E-24   0.930562E-29   0.171672E-29   0.362380E-29   0.171988E-30   0.864395E-29   0.135766E-28
   0.400000E+01   0.782081E-38   0.157734E-37   0.327079E-35   0.632737E-37   0.130831E-34   0.251920E-36   0.523322E-34   0.100166E-35   0.209330E-33   0.398828E-35   0.837313E-33   0.158884E-34   0.317180E-34   0.634242E-34   0.133970E-31   0.403449E-28   0.868149E-18   0.372565E-18   0.226798E-21   0.925176E-26   0.343978E-30   0.635314E-31   0.133885E-30   0.171816E-30   0.320029E-30   0.503266E-30
   0.400000E+01   0.606649E-37   0.106940E-36   0.327078E-35   0.321033E-36   0.130831E-34   0.947540E-36   0.523322E-34   0.282783E-35   0.209329E-33   0.870551E-35   0.837311E-33   0.280098E-34   0.510831E-34   0.943529E-34   0.133971E-31   0.408902E-26   0.879395E-16   0.377467E-16   0.222206E-19   0.937612E-24   0.348694E-28   0.643355E-29   0.135822E-28   0.172506E-30   0.324019E-28   0.508947E-28
   0.400000E+01   0.490861E-35   0.853075E-35   0.327082E-35   0.243842E-34   0.130832E-34   0.662852E-34   0.131195E-35   0.174098E-33   0.524477E-35   0.451406E-33   0.209941E-34   0.115985E-32   0.185572E-32   0.296704E-32   0.335738E-33   0.388111E-24   0.834737E-14   0.358410E-14   0.211010E-17   0.890460E-22   0.331240E-26   0.611195E-27   0.129041E-26   0.240616E-30   0.307863E-26   0.483577E-26
   0.400000E+01   0.475025E-33   0.813346E-33   0.852527E-37   0.227516E-32   0.341387E-36   0.609653E-32   0.136611E-35   0.159363E-31   0.546671E-35   0.411009E-31   0.218743E-34   0.105242E-30   0.168170E-30   0.268600E-30   0.350038E-33   0.351572E-22   0.741156E-12   0.317416E-12   0.186660E-15   0.787158E-20   0.292396E-24   0.542967E-25   0.114286E-24   0.638562E-29   0.272503E-24   0.427983E-24
   0.400000E+01   0.925876E-38   0.182604E-37   0.327079E-35   0.703377E-37   0.130831E-34   0.271130E-36   0.523322E-34   0.105167E-35   0.209329E-33   0.411814E-35   0.837311E-33   0.162251E-34   0.322412E-34   0.642535E-34   0.133972E-31   0.151739E-27   0.326393E-17   0.140095E-17   0.824690E-21   0.347993E-25   0.129414E-29   0.238831E-30   0.504233E-30   0.171914E-30   0.120306E-29   0.188997E-29
   0.400000E+01   0.191296E-36   0.334426E-36   0.327077E-35   0.972905E-36   0.130831E-34   0.272061E-35   0.523322E-34   0.750688E-35   0.209329E-33   0.208538E-34   0.837314E-33   0.592063E-34   0.101048E-33   0.174146E-33   0.133972E-31   0.145404E-25   0.312730E-15   0.134274E-15   0.790520E-19   0.333598E-23   0.124092E-27   0.228969E-28   0.483418E-28   0.174330E-30   0.115333E-27   0.181159E-27
   0.400000E+01   0.162946E-34   0.284877E-34   0.820730E-37   0.821412E-34   0.328221E-36   0.224355E-33   0.131298E-35   0.593581E-33   0.525042E-35   0.154260E-32   0.210062E-34   0.396909E-32   0.635319E-32   0.101612E-31   0.336147E-33   0.133113E-23   0.286140E-13   0.122888E-13   0.723350E-17   0.305188E-21   0.113568E-25   0.209689E-26   0.442707E-26   0.407970E-30   0.105626E-25   0.165917E-25
   0.400000E+01   0.134600E-32   0.237097E-32   0.909068E-37   0.690583E-32   0.365861E-36   0.189825E-31   0.146824E-35   0.504235E-31   0.588575E-35   0.131370E-30   0.235987E-34   0.338535E-30   0.542170E-30   0.867494E-30   0.378228E-33   0.109453E-21   0.230278E-11   0.984042E-12   0.579707E-15   0.244362E-19   0.907326E-24   0.169936E-24   0.355894E-24   0.203541E-28   0.848185E-24   0.133212E-23
   0.400000E+01   0.767748E-31   0.135514E-30   0.588229E-36   0.394505E-30   0.250352E-35   0.108150E-29   0.103148E-34   0.286487E-29   0.423024E-34   0.744617E-29   0.171895E-33   0.191494E-28   0.306385E-28   0.489751E-28   0.279539E-32   0.137885E-20   0.289819E-10   0.120370E-10   0.727141E-14   0.304482E-18   0.112630E-22   0.232420E-23   0.441442E-23   0.119517E-26   0.104616E-22   0.164155E-22
   0.400000E+01   0.148031E-30   0.239909E-30   0.182986E-34   0.618701E-30   0.761149E-34   0.157515E-29   0.308486E-33   0.398670E-29   0.125328E-32   0.100631E-28   0.506251E-32   0.253680E-28   0.402658E-28   0.639036E-28   0.818199E-31   0.646645E-21   0.135913E-10   0.555962E-11   0.340285E-14   0.142007E-18   0.524224E-23   0.117152E-23   0.205557E-23   0.609915E-26   0.485592E-23   0.761580E-23
   0.400000E+01   0.116420E-37   0.224327E-37   0.327078E-35   0.822613E-37   0.130831E-34   0.303536E-36   0.523321E-34   0.113784E-35   0.209331E-33   0.434185E-35   0.837323E-33   0.168023E-34   0.331613E-34   0.656961E-34   0.133971E-31   0.342491E-27   0.736694E-17   0.316306E-17   0.186216E-20   0.785823E-25   0.292310E-29   0.539419E-30   0.113884E-29   0.171890E-30   0.271729E-29   0.426851E-29
   0.400000E+01   0.402402E-36   0.705620E-36   0.327077E-35   0.205120E-35   0.130831E-34   0.567949E-35   0.523325E-34   0.153577E-34   0.209332E-33   0.412906E-34   0.837311E-33   0.111853E-33   0.185328E-33   0.309000E-33   0.133970E-31   0.320581E-25   0.689555E-15   0.296154E-15   0.174375E-18   0.735931E-23   0.273815E-27   0.505267E-28   0.106682E-27   0.177523E-30   0.254537E-27   0.399824E-27
   0.400000E+01   0.531513E-34   0.935842E-34   0.822787E-37   0.272408E-33   0.329256E-36   0.748493E-33   0.131702E-35   0.198775E-32   0.526697E-35   0.517796E-32   0.210709E-34   0.133422E-31   0.213671E-31   0.341873E-31   0.337158E-33   0.448520E-23   0.957653E-13   0.411309E-13   0.241864E-16   0.102002E-20   0.379616E-25   0.702559E-26   0.148279E-25   0.973508E-30   0.353788E-25   0.555736E-25
   0.400000E+01   0.409516E-32   0.726173E-32   0.106811E-36   0.213523E-31   0.435074E-36   0.590443E-31   0.175459E-35   0.157432E-30   0.707290E-35   0.411137E-30   0.284225E-34   0.106106E-29   0.170020E-29   0.272149E-29   0.457168E-33   0.305291E-21   0.641865E-11   0.272258E-11   0.161422E-14   0.679293E-19   0.251952E-23   0.478988E-24   0.989684E-24   0.639951E-28   0.235494E-23   0.369772E-23
   0.400000E+01   0.184636E-30   0.315474E-30   0.149463E-35   0.872789E-30   0.646315E-35   0.231361E-29   0.268204E-34   0.599782E-29   0.110677E-33   0.153682E-28   0.451512E-33   0.391295E-28   0.623512E-28   0.992955E-28   0.737181E-32   0.165699E-20   0.348279E-10   0.144819E-10   0.873997E-14   0.366066E-18   0.135434E-22   0.281619E-23   0.529802E-23   0.373560E-26   0.125577E-22   0.197045E-22
   0.400000E+01   0.161361E-30   0.261373E-30   0.486401E-34   0.673529E-30   0.213039E-33   0.171397E-29   0.890129E-33   0.433711E-29   0.369152E-32   0.109471E-28   0.151064E-31   0.275993E-28   0.438126E-28   0.695442E-28   0.247431E-30   0.695815E-21   0.146247E-10   0.598255E-11   0.366162E-14   0.152807E-18   0.564094E-23   0.126111E-23   0.221181E-23   0.691554E-26   0.522502E-23   0.819468E-23
   0.400000E+01   0.156609E-30   0.253944E-30   0.473123E-32   0.657568E-30   0.202042E-31   0.168851E-29   0.830938E-31   0.433445E-29   0.341358E-30   0.111984E-28   0.138872E-29   0.292723E-28   0.476281E-28   0.779023E-28   0.224020E-28   0.662424E-21   0.139229E-10   0.569363E-11   0.348574E-14   0.145457E-18   0.536938E-23   0.120205E-23   0.210543E-23   0.677377E-26   0.497338E-23   0.779994E-23
   0.400000E+01   0.730598E-38   0.149032E-37   0.327095E-35   0.608007E-37   0.130837E-34   0.245241E-36   0.523351E-34   0.984189E-36   0.209337E-33   0.394155E-35   0.837355E-33   0.157681E-34   0.315616E-34   0.631088E-34   0.133977E-31   0.248658E-29   0.539504E-19   0.230587E-19   0.140050E-22   0.582838E-27   0.212695E-31   0.400181E-32   0.850997E-32   0.171779E-30   0.196726E-31   0.314541E-31
   0.400000E+01   0.120277E-35   0.211669E-35   0.822611E-37   0.615693E-35   0.329021E-36   0.169114E-34   0.131665E-35   0.449085E-34   0.526584E-35   0.116999E-33   0.210588E-34   0.301593E-33   0.483179E-33   0.773413E-33   0.336990E-33   0.996253E-25   0.214308E-14   0.920694E-15   0.542157E-18   0.228834E-22   0.851611E-27   0.157158E-27   0.331841E-27   0.190255E-30   0.791807E-27   0.124379E-26
   0.400000E+01   0.109833E-33   0.194657E-33   0.944568E-37   0.571914E-33   0.385021E-36   0.158068E-32   0.155607E-35   0.421330E-32   0.627846E-35   0.110008E-31   0.252553E-34   0.283868E-31   0.454828E-31   0.728002E-31   0.405842E-33   0.950227E-23   0.201135E-12   0.863705E-13   0.507375E-16   0.213994E-20   0.795927E-25   0.147736E-25   0.311625E-25   0.191502E-29   0.743503E-25   0.116792E-24
   0.400000E+01   0.759565E-32   0.135576E-31   0.945268E-36   0.402376E-31   0.430746E-35   0.111921E-30   0.184866E-34   0.299525E-30   0.779810E-34   0.784029E-30   0.322625E-33   0.202635E-29   0.324854E-29   0.520192E-29   0.530074E-32   0.452962E-21   0.952046E-11   0.400662E-11   0.239241E-14   0.100487E-18   0.372340E-23   0.721657E-24   0.146260E-23   0.124549E-27   0.347536E-23   0.545578E-23
   0.400000E+01   0.278242E-30   0.460599E-30   0.821394E-34   0.122065E-29   0.381710E-33   0.315542E-29   0.165572E-32   0.805822E-29   0.703459E-32   0.204549E-28   0.292318E-31   0.517615E-28   0.822862E-28   0.130776E-27   0.482150E-30   0.176971E-20   0.371933E-10   0.154968E-10   0.933623E-14   0.391219E-18   0.144779E-22   0.300121E-23   0.565474E-23   0.868229E-26   0.134078E-22   0.210391E-22
   0.400000E+01   0.175750E-30   0.284903E-30   0.320504E-32   0.736820E-30   0.150399E-31   0.188794E-29   0.656409E-31   0.483063E-29   0.279984E-30   0.124158E-28   0.116635E-29   0.322028E-28   0.521259E-28   0.847341E-28   0.192477E-28   0.750220E-21   0.157663E-10   0.644843E-11   0.394728E-14   0.164725E-18   0.608068E-23   0.135977E-23   0.238383E-23   0.758928E-26   0.563128E-23   0.883181E-23
   0.400000E+01   0.244028E-30   0.423727E-30   0.286357E-30   0.121504E-29   0.885778E-30   0.329623E-29   0.248500E-29   0.865076E-29   0.666057E-29   0.223232E-28   0.173894E-28   0.570184E-28   0.909044E-28   0.144758E-27   0.114047E-27   0.729561E-21   0.153321E-10   0.626970E-11   0.383848E-14   0.160178E-18   0.591269E-23   0.132337E-23   0.231810E-23   0.745604E-26   0.547577E-23   0.858787E-23
   0.400000E+01   0.278178E-39   0.542038E-39   0.821259E-37   0.214713E-38   0.328598E-36   0.830062E-38   0.131336E-35   0.331623E-37   0.525380E-35   0.127656E-36   0.210167E-34   0.523098E-36   0.101036E-35   0.203305E-35   0.336340E-33   0.277453E-29   0.602102E-19   0.256023E-19   0.156145E-22   0.650958E-27   0.237017E-31   0.443940E-32   0.944962E-32   0.171804E-30   0.223696E-31   0.354600E-31
   0.400000E+01   0.483282E-38   0.861332E-38   0.821670E-37   0.258579E-37   0.328574E-36   0.737730E-37   0.131439E-35   0.207405E-36   0.525606E-35   0.587215E-36   0.210182E-34   0.167151E-35   0.289876E-35   0.510067E-35   0.336243E-33   0.387210E-27   0.832782E-17   0.357884E-17   0.210758E-20   0.889637E-25   0.331159E-29   0.611254E-30   0.129080E-29   0.171853E-30   0.308028E-29   0.483899E-29
   0.400000E+01   0.490722E-36   0.875380E-36   0.853703E-37   0.259596E-35   0.339342E-36   0.721884E-35   0.134683E-35   0.193218E-34   0.534859E-35   0.506071E-34   0.212815E-34   0.130949E-33   0.210106E-33   0.336741E-33   0.338362E-33   0.418452E-25   0.898910E-15   0.385289E-15   0.226453E-18   0.955088E-23   0.354888E-27   0.661892E-28   0.139258E-27   0.180074E-30   0.332123E-27   0.521697E-27
   0.400000E+01   0.197875E-31   0.355464E-31   0.132692E-33   0.106458E-30   0.452912E-33   0.297791E-30   0.136863E-32   0.799753E-30   0.392113E-32   0.209795E-29   0.109953E-31   0.542939E-29   0.870796E-29   0.139488E-28   0.883226E-31   0.724985E-21   0.155728E-10   0.652380E-11   0.391164E-14   0.164117E-18   0.607775E-23   0.120539E-23   0.238397E-23   0.342905E-27   0.565982E-23   0.888359E-23
   0.400000E+01   0.211006E-30   0.345358E-30   0.950015E-32   0.903612E-30   0.326855E-31   0.232228E-29   0.992500E-31   0.591496E-29   0.285151E-30   0.150018E-28   0.800738E-30   0.379769E-28   0.604104E-28   0.960997E-28   0.643267E-29   0.125803E-20   0.270238E-10   0.113772E-10   0.679335E-14   0.285330E-18   0.105740E-22   0.211403E-23   0.411844E-23   0.818756E-26   0.978260E-23   0.153542E-22
   0.400000E+01   0.244574E-31   0.418481E-31   0.292785E-31   0.114587E-30   0.813474E-31   0.299902E-30   0.214711E-30   0.770494E-30   0.556313E-30   0.196490E-29   0.143056E-29   0.499581E-29   0.796314E-29   0.126927E-28   0.942688E-29   0.648332E-22   0.139251E-11   0.568974E-12   0.348574E-15   0.145433E-19   0.536780E-24   0.120728E-24   0.210499E-24   0.708763E-27   0.497072E-24   0.779543E-24
   0.400000E+01   0.346761E-30   0.561651E-30   0.463177E-30   0.144685E-29   0.116771E-29   0.368074E-29   0.294225E-29   0.931132E-29   0.741168E-29   0.234951E-28   0.186669E-28   0.592104E-28   0.939684E-28   0.149107E-27   0.118325E-27   0.730697E-21   0.156944E-10   0.642855E-11   0.393006E-14   0.164060E-18   0.605735E-23   0.135330E-23   0.237429E-23   0.758448E-26   0.560906E-23   0.879704E-23
   0.400000E+01   0.478848E-34   0.847579E-34   0.920488E-36   0.248557E-33   0.281583E-35   0.686165E-33   0.826542E-35   0.182762E-32   0.241121E-34   0.476955E-32   0.715107E-34   0.123033E-31   0.197104E-31   0.315446E-31   0.702049E-33   0.400013E-23   0.860289E-13   0.369692E-13   0.217716E-16   0.919020E-21   0.342089E-25   0.631340E-26   0.133315E-25   0.962773E-30   0.318125E-25   0.499731E-25
   0.400000E+01   0.146978E-33   0.262008E-33   0.268828E-35   0.776152E-33   0.812281E-35   0.215633E-32   0.232079E-34   0.576653E-32   0.648391E-34   0.150870E-31   0.180851E-33   0.389795E-31   0.624812E-31   0.100039E-30   0.149611E-32   0.126917E-22   0.272955E-12   0.117324E-12   0.690657E-16   0.291415E-20   0.108522E-24   0.200500E-25   0.423361E-25   0.268399E-29   0.101030E-24   0.158709E-24
   0.400000E+01   0.581680E-32   0.104430E-31   0.104542E-33   0.312498E-31   0.315260E-33   0.873740E-31   0.890430E-33   0.234598E-30   0.243265E-32   0.615334E-30   0.654540E-32   0.159234E-29   0.255382E-29   0.409074E-29   0.477821E-31   0.492205E-21   0.105735E-10   0.453206E-11   0.266421E-14   0.112362E-18   0.417442E-23   0.779688E-24   0.163908E-23   0.103011E-27   0.390911E-23   0.614032E-23
   0.400000E+01   0.124009E-27   0.222163E-27   0.229374E-29   0.658658E-27   0.697106E-29   0.182306E-26   0.197806E-28   0.485464E-26   0.541756E-28   0.126541E-25   0.145905E-27   0.325906E-25   0.521636E-25   0.833979E-25   0.106316E-26   0.280050E-17   0.601840E-07   0.258506E-07   0.151726E-10   0.640163E-15   0.237882E-19   0.434290E-20   0.926355E-20   0.229337E-23   0.221016E-19   0.347131E-19
   0.400000E+01   0.263892E-28   0.447907E-28   0.233333E-28   0.123626E-27   0.695525E-28   0.327835E-27   0.192107E-27   0.850571E-27   0.512033E-27   0.218335E-26   0.134135E-26   0.557626E-26   0.890482E-26   0.142188E-25   0.907614E-26   0.107175E-18   0.231026E-08   0.968245E-09   0.580397E-12   0.243525E-16   0.901929E-21   0.182981E-21   0.351585E-21   0.868810E-24   0.834532E-21   0.130970E-20
   0.400000E+01   0.110584E-29   0.178972E-29   0.147489E-29   0.460557E-29   0.371578E-29   0.117084E-28   0.935920E-29   0.296057E-28   0.235704E-28   0.746789E-28   0.593510E-28   0.188152E-27   0.298570E-27   0.473713E-27   0.376024E-27   0.234908E-20   0.506378E-10   0.208126E-10   0.126861E-13   0.529981E-18   0.195767E-22   0.428954E-23   0.766577E-23   0.240470E-25   0.181247E-22   0.284293E-22
   0.400000E+01   0.827640E-28   0.133895E-27   0.110349E-27   0.344415E-27   0.277881E-27   0.875405E-27   0.699757E-27   0.221328E-26   0.176204E-26   0.558246E-26   0.443645E-26   0.140642E-25   0.223173E-25   0.354080E-25   0.281031E-25   0.232087E-18   0.500368E-08   0.210590E-08   0.125782E-11   0.528254E-16   0.195758E-20   0.390540E-21   0.762203E-21   0.180507E-23   0.181068E-20   0.284195E-20
   0.400000E+01   0.000000E+00   0.000000E+00   0.000000E+00   0.000000E+00   0.000000E+00   0.000000E+00   0.000000E+00   0.000000E+00   0.000000E+00   0.000000E+00   0.000000E+00   0.000000E+00   0.000000E+00   0.000000E+00   0.000000E+00   0.000000E+00   0.000000E+00   0.000000E+00   0.000000E+00   0.000000E+00   0.000000E+00   0.000000E+00   0.000000E+00   0.000000E+00   0.000000E+00   0.000000E+00
   0.400000E+01   0.219571E-26   0.447227E-26   0.924867E-26   0.182414E-25   0.369777E-25   0.735532E-25   0.147866E-24   0.295139E-24   0.591345E-24   0.118189E-23   0.236508E-23   0.472910E-23   0.945853E-23   0.189169E-22   0.378362E-22   0.121619E-17   0.252292E-07   0.127680E-07   0.651057E-11   0.285791E-15   0.108542E-19   0.566590E-20   0.113554E-19   0.193698E-19   0.410586E-19   0.811132E-19
