   0.000000E+00   0.000000E+00   0.000000E+00   0.000000E+00   0.000000E+00   0.000000E+00   0.000000E+00   0.000000E+00   0.000000E+00   0.000000E+00   0.316190E-54   0.725870E-40   0.467826E-28   0.846492E-19   0.430007E-12   0.613256E-08   0.245540E-06   0.276004E-07   0.871010E-11   0.771693E-17   0.191946E-25   0.134038E-36   0.262779E-50   0.000000E+00   0.000000E+00   0.000000E+00   0.000000E+00
   0.000000E+00   0.000000E+00   0.000000E+00   0.000000E+00   0.000000E+00   0.000000E+00   0.000000E+00   0.000000E+00   0.000000E+00   0.000000E+00   0.000000E+00   0.000000E+00   0.000000E+00   0.000000E+00   0.000000E+00   0.000000E+00   0.000000E+00   0.000000E+00   0.000000E+00   0.000000E+00   0.000000E+00   0.000000E+00   0.000000E+00   0.000000E+00   0.000000E+00   0.000000E+00   0.000000E+00
   0.000000E+00   0.000000E+00   0.000000E+00   0.000000E+00   0.000000E+00   0.000000E+00   0.000000E+00   0.000000E+00   0.000000E+00   0.000000E+00   0.000000E+00   0.000000E+00   0.000000E+00   0.000000E+00   0.000000E+00   0.000000E+00   0.000000E+00   0.000000E+00   0.000000E+00   0.000000E+00   0.000000E+00   0.000000E+00   0.000000E+00   0.000000E+00   0.000000E+00   0.000000E+00   0.000000E+00
   0.000000E+00   0.000000E+00   0.000000E+00   0.000000E+00   0.000000E+00   0.000000E+00   0.000000E+00   0.000000E+00   0.000000E+00   0.000000E+00   0.000000E+00   0.000000E+00   0.000000E+00   0.000000E+00   0.000000E+00   0.000000E+00   0.000000E+00   0.000000E+00   0.000000E+00   0.000000E+00   0.000000E+00   0.000000E+00   0.000000E+00   0.000000E+00   0.000000E+00   0.000000E+00   0.000000E+00
   0.000000E+00   0.000000E+00   0.000000E+00   0.000000E+00   0.000000E+00   0.000000E+00   0.000000E+00   0.000000E+00   0.000000E+00   0.000000E+00   0.000000E+00   0.000000E+00   0.000000E+00   0.000000E+00   0.000000E+00   0.000000E+00   0.000000E+00   0.000000E+00   0.000000E+00   0.000000E+00   0.000000E+00   0.000000E+00   0.000000E+00   0.000000E+00   0.000000E+00   0.000000E+00   0.000000E+00
   0.000000E+00   0.000000E+00   0.000000E+00   0.000000E+00   0.000000E+00   0.000000E+00   0.000000E+00   0.000000E+00   0.000000E+00   0.000000E+00   0.000000E+00   0.000000E+00   0.000000E+00   0.000000E+00   0.000000E+00   0.000000E+00   0.000000E+00   0.000000E+00   0.000000E+00   0.000000E+00   0.000000E+00   0.000000E+00   0.000000E+00   0.000000E+00   0.000000E+00   0.000000E+00   0.000000E+00
   0.000000E+00   0.000000E+00   0.000000E+00   0.000000E+00   0.000000E+00   0.000000E+00   0.000000E+00   0.000000E+00   0.000000E+00   0.000000E+00   0.000000E+00   0.000000E+00   0.000000E+00   0.000000E+00   0.000000E+00   0.000000E+00   0.000000E+00   0.000000E+00   0.000000E+00   0.000000E+00   0.000000E+00   0.000000E+00   0.000000E+00   0.000000E+00   0.000000E+00   0.000000E+00   0.000000E+00
   0.000000E+00   0.000000E+00   0.000000E+00   0.000000E+00   0.000000E+00   0.000000E+00   0.000000E+00   0.000000E+00   0.000000E+00   0.000000E+00   0.000000E+00   0.000000E+00   0.000000E+00   0.000000E+00   0.000000E+00   0.000000E+00   0.000000E+00   0.000000E+00   0.000000E+00   0.000000E+00   0.000000E+00   0.000000E+00   0.000000E+00   0.000000E+00   0.000000E+00   0.000000E+00   0.000000E+00
   0.000000E+00   0.000000E+00   0.000000E+00   0.000000E+00   0.000000E+00   0.000000E+00   0.000000E+00   0.000000E+00   0.000000E+00   0.000000E+00   0.000000E+00   0.000000E+00   0.000000E+00   0.000000E+00   0.000000E+00   0.000000E+00   0.000000E+00   0.000000E+00   0.000000E+00   0.000000E+00   0.000000E+00   0.000000E+00   0.000000E+00   0.000000E+00   0.000000E+00   0.000000E+00   0.000000E+00
   0.000000E+00   0.000000E+00   0.000000E+00   0.000000E+00   0.000000E+00   0.000000E+00   0.000000E+00   0.000000E+00   0.000000E+00   0.000000E+00   0.000000E+00   0.000000E+00   0.000000E+00   0.000000E+00   0.000000E+00   0.000000E+00   0.000000E+00   0.000000E+00   0.000000E+00   0.000000E+00   0.000000E+00   0.000000E+00   0.000000E+00   0.000000E+00   0.000000E+00   0.000000E+00   0.000000E+00
   0.000000E+00   0.000000E+00   0.000000E+00   0.000000E+00   0.000000E+00   0.000000E+00   0.000000E+00   0.000000E+00   0.000000E+00   0.000000E+00   0.000000E+00   0.000000E+00   0.000000E+00   0.000000E+00   0.000000E+00   0.000000E+00   0.000000E+00   0.000000E+00   0.000000E+00   0.000000E+00   0.000000E+00   0.000000E+00   0.000000E+00   0.000000E+00   0.000000E+00   0.000000E+00   0.000000E+00
   0.000000E+00   0.000000E+00   0.000000E+00   0.000000E+00   0.000000E+00   0.000000E+00   0.000000E+00   0.000000E+00   0.000000E+00   0.000000E+00   0.000000E+00   0.000000E+00   0.000000E+00   0.000000E+00   0.000000E+00   0.000000E+00   0.000000E+00   0.000000E+00   0.000000E+00   0.000000E+00   0.000000E+00   0.000000E+00   0.000000E+00   0.000000E+00   0.000000E+00   0.000000E+00   0.000000E+00
   0.000000E+00   0.000000E+00   0.000000E+00   0.000000E+00   0.000000E+00   0.000000E+00   0.000000E+00   0.000000E+00   0.000000E+00   0.000000E+00   0.000000E+00   0.000000E+00   0.000000E+00   0.000000E+00   0.000000E+00   0.000000E+00   0.000000E+00   0.000000E+00   0.000000E+00   0.000000E+00   0.000000E+00   0.000000E+00   0.000000E+00   0.000000E+00   0.000000E+00   0.000000E+00   0.000000E+00
   0.000000E+00   0.000000E+00   0.000000E+00   0.000000E+00   0.000000E+00   0.000000E+00   0.000000E+00   0.000000E+00   0.000000E+00   0.000000E+00   0.000000E+00   0.000000E+00   0.000000E+00   0.000000E+00   0.000000E+00   0.000000E+00   0.000000E+00   0.000000E+00   0.000000E+00   0.000000E+00   0.000000E+00   0.000000E+00   0.000000E+00   0.000000E+00   0.000000E+00   0.000000E+00   0.000000E+00
   0.000000E+00   0.000000E+00   0.000000E+00   0.000000E+00   0.000000E+00   0.000000E+00   0.000000E+00   0.000000E+00   0.000000E+00   0.000000E+00   0.000000E+00   0.000000E+00   0.000000E+00   0.000000E+00   0.000000E+00   0.000000E+00   0.000000E+00   0.000000E+00   0.000000E+00   0.000000E+00   0.000000E+00   0.000000E+00   0.000000E+00   0.000000E+00   0.000000E+00   0.000000E+00   0.000000E+00
   0.000000E+00   0.000000E+00   0.000000E+00   0.000000E+00   0.000000E+00   0.000000E+00   0.000000E+00   0.000000E+00   0.000000E+00   0.000000E+00   0.000000E+00   0.000000E+00   0.000000E+00   0.000000E+00   0.000000E+00   0.000000E+00   0.000000E+00   0.000000E+00   0.000000E+00   0.000000E+00   0.000000E+00   0.000000E+00   0.000000E+00   0.000000E+00   0.000000E+00   0.000000E+00   0.000000E+00
   0.000000E+00   0.000000E+00   0.000000E+00   0.000000E+00   0.000000E+00   0.000000E+00   0.000000E+00   0.000000E+00   0.000000E+00   0.000000E+00   0.000000E+00   0.000000E+00   0.000000E+00   0.000000E+00   0.000000E+00   0.000000E+00   0.000000E+00   0.000000E+00   0.000000E+00   0.000000E+00   0.000000E+00   0.000000E+00   0.000000E+00   0.000000E+00   0.000000E+00   0.000000E+00   0.000000E+00
   0.000000E+00   0.000000E+00   0.000000E+00   0.000000E+00   0.000000E+00   0.000000E+00   0.000000E+00   0.000000E+00   0.000000E+00   0.000000E+00   0.000000E+00   0.000000E+00   0.000000E+00   0.000000E+00   0.000000E+00   0.000000E+00   0.000000E+00   0.000000E+00   0.000000E+00   0.000000E+00   0.000000E+00   0.000000E+00   0.000000E+00   0.000000E+00   0.000000E+00   0.000000E+00   0.000000E+00
   0.000000E+00   0.000000E+00   0.000000E+00   0.000000E+00   0.000000E+00   0.000000E+00   0.000000E+00   0.000000E+00   0.000000E+00   0.000000E+00   0.000000E+00   0.000000E+00   0.000000E+00   0.000000E+00   0.000000E+00   0.000000E+00   0.000000E+00   0.000000E+00   0.000000E+00   0.000000E+00   0.000000E+00   0.000000E+00   0.000000E+00   0.000000E+00   0.000000E+00   0.000000E+00   0.000000E+00
   0.000000E+00   0.000000E+00   0.000000E+00   0.000000E+00   0.000000E+00   0.000000E+00   0.000000E+00   0.000000E+00   0.000000E+00   0.000000E+00   0.000000E+00   0.000000E+00   0.000000E+00   0.000000E+00   0.000000E+00   0.000000E+00   0.000000E+00   0.000000E+00   0.000000E+00   0.000000E+00   0.000000E+00   0.000000E+00   0.000000E+00   0.000000E+00   0.000000E+00   0.000000E+00   0.000000E+00
   0.000000E+00   0.000000E+00   0.000000E+00   0.000000E+00   0.000000E+00   0.000000E+00   0.000000E+00   0.000000E+00   0.000000E+00   0.000000E+00   0.000000E+00   0.000000E+00   0.000000E+00   0.000000E+00   0.000000E+00   0.000000E+00   0.000000E+00   0.000000E+00   0.000000E+00   0.000000E+00   0.000000E+00   0.000000E+00   0.000000E+00   0.000000E+00   0.000000E+00   0.000000E+00   0.000000E+00
   0.000000E+00   0.000000E+00   0.000000E+00   0.000000E+00   0.000000E+00   0.000000E+00   0.000000E+00   0.000000E+00   0.000000E+00   0.000000E+00   0.000000E+00   0.000000E+00   0.000000E+00   0.000000E+00   0.000000E+00   0.000000E+00   0.000000E+00   0.000000E+00   0.000000E+00   0.000000E+00   0.000000E+00   0.000000E+00   0.000000E+00   0.000000E+00   0.000000E+00   0.000000E+00   0.000000E+00
   0.000000E+00   0.000000E+00   0.000000E+00   0.000000E+00   0.000000E+00   0.000000E+00   0.000000E+00   0.000000E+00   0.000000E+00   0.000000E+00   0.000000E+00   0.000000E+00   0.000000E+00   0.000000E+00   0.000000E+00   0.000000E+00   0.000000E+00   0.000000E+00   0.000000E+00   0.000000E+00   0.000000E+00   0.000000E+00   0.000000E+00   0.000000E+00   0.000000E+00   0.000000E+00   0.000000E+00
   0.000000E+00   0.000000E+00   0.000000E+00   0.000000E+00   0.000000E+00   0.000000E+00   0.000000E+00   0.000000E+00   0.000000E+00   0.000000E+00   0.000000E+00   0.000000E+00   0.000000E+00   0.000000E+00   0.000000E+00   0.000000E+00   0.000000E+00   0.000000E+00   0.000000E+00   0.000000E+00   0.000000E+00   0.000000E+00   0.000000E+00   0.000000E+00   0.000000E+00   0.000000E+00   0.000000E+00
   0.000000E+00   0.000000E+00   0.000000E+00   0.000000E+00   0.000000E+00   0.000000E+00   0.000000E+00   0.000000E+00   0.000000E+00   0.000000E+00   0.000000E+00   0.000000E+00   0.000000E+00   0.000000E+00   0.000000E+00   0.000000E+00   0.000000E+00   0.000000E+00   0.000000E+00   0.000000E+00   0.000000E+00   0.000000E+00   0.000000E+00   0.000000E+00   0.000000E+00   0.000000E+00   0.000000E+00
   0.000000E+00   0.000000E+00   0.000000E+00   0.000000E+00   0.000000E+00   0.000000E+00   0.000000E+00   0.000000E+00   0.000000E+00   0.000000E+00   0.000000E+00   0.000000E+00   0.000000E+00   0.000000E+00   0.000000E+00   0.000000E+00   0.000000E+00   0.000000E+00   0.000000E+00   0.000000E+00   0.000000E+00   0.000000E+00   0.000000E+00   0.000000E+00   0.000000E+00   0.000000E+00   0.000000E+00
   0.000000E+00   0.000000E+00   0.000000E+00   0.000000E+00   0.000000E+00   0.000000E+00   0.000000E+00   0.000000E+00   0.000000E+00   0.000000E+00   0.000000E+00   0.000000E+00   0.000000E+00   0.000000E+00   0.000000E+00   0.000000E+00   0.000000E+00   0.000000E+00   0.000000E+00   0.000000E+00   0.000000E+00   0.000000E+00   0.000000E+00   0.000000E+00   0.000000E+00   0.000000E+00   0.000000E+00
   0.000000E+00   0.000000E+00   0.000000E+00   0.000000E+00   0.000000E+00   0.000000E+00   0.000000E+00   0.000000E+00   0.000000E+00   0.000000E+00   0.000000E+00   0.000000E+00   0.000000E+00   0.000000E+00   0.000000E+00   0.000000E+00   0.000000E+00   0.000000E+00   0.000000E+00   0.000000E+00   0.000000E+00   0.000000E+00   0.000000E+00   0.000000E+00   0.000000E+00   0.000000E+00   0.000000E+00
   0.000000E+00   0.000000E+00   0.000000E+00   0.000000E+00   0.000000E+00   0.000000E+00   0.000000E+00   0.000000E+00   0.000000E+00   0.000000E+00   0.000000E+00   0.000000E+00   0.000000E+00   0.000000E+00   0.000000E+00   0.000000E+00   0.000000E+00   0.000000E+00   0.000000E+00   0.000000E+00   0.000000E+00   0.000000E+00   0.000000E+00   0.000000E+00   0.000000E+00   0.000000E+00   0.000000E+00
   0.000000E+00   0.000000E+00   0.000000E+00   0.000000E+00   0.000000E+00   0.000000E+00   0.000000E+00   0.000000E+00   0.000000E+00   0.000000E+00   0.000000E+00   0.000000E+00   0.000000E+00   0.000000E+00   0.000000E+00   0.000000E+00   0.000000E+00   0.000000E+00   0.000000E+00   0.000000E+00   0.000000E+00   0.000000E+00   0.000000E+00   0.000000E+00   0.000000E+00   0.000000E+00   0.000000E+00
   0.000000E+00   0.000000E+00   0.000000E+00   0.000000E+00   0.000000E+00   0.000000E+00   0.000000E+00   0.000000E+00   0.000000E+00   0.000000E+00   0.000000E+00   0.000000E+00   0.000000E+00   0.000000E+00   0.000000E+00   0.000000E+00   0.000000E+00   0.000000E+00   0.000000E+00   0.000000E+00   0.000000E+00   0.000000E+00   0.000000E+00   0.000000E+00   0.000000E+00   0.000000E+00   0.000000E+00
   0.000000E+00   0.000000E+00   0.000000E+00   0.000000E+00   0.000000E+00   0.000000E+00   0.000000E+00   0.000000E+00   0.000000E+00   0.000000E+00   0.000000E+00   0.000000E+00   0.000000E+00   0.000000E+00   0.000000E+00   0.000000E+00   0.000000E+00   0.000000E+00   0.000000E+00   0.000000E+00   0.000000E+00   0.000000E+00   0.000000E+00   0.000000E+00   0.000000E+00   0.000000E+00   0.000000E+00
   0.000000E+00   0.000000E+00   0.000000E+00   0.000000E+00   0.000000E+00   0.000000E+00   0.000000E+00   0.000000E+00   0.000000E+00   0.000000E+00   0.000000E+00   0.000000E+00   0.000000E+00   0.000000E+00   0.000000E+00   0.000000E+00   0.000000E+00   0.000000E+00   0.000000E+00   0.000000E+00   0.000000E+00   0.000000E+00   0.000000E+00   0.000000E+00   0.000000E+00   0.000000E+00   0.000000E+00
   0.000000E+00   0.000000E+00   0.000000E+00   0.000000E+00   0.000000E+00   0.000000E+00   0.000000E+00   0.000000E+00   0.000000E+00   0.000000E+00   0.000000E+00   0.000000E+00   0.000000E+00   0.000000E+00   0.000000E+00   0.000000E+00   0.000000E+00   0.000000E+00   0.000000E+00   0.000000E+00   0.000000E+00   0.000000E+00   0.000000E+00   0.000000E+00   0.000000E+00   0.000000E+00   0.000000E+00
   0.000000E+00   0.000000E+00   0.000000E+00   0.000000E+00   0.000000E+00   0.000000E+00   0.000000E+00   0.000000E+00   0.000000E+00   0.000000E+00   0.000000E+00   0.000000E+00   0.000000E+00   0.000000E+00   0.000000E+00   0.000000E+00   0.000000E+00   0.000000E+00   0.000000E+00   0.000000E+00   0.000000E+00   0.000000E+00   0.000000E+00   0.000000E+00   0.000000E+00   0.000000E+00   0.000000E+00
   0.000000E+00   0.000000E+00   0.000000E+00   0.000000E+00   0.000000E+00   0.000000E+00   0.000000E+00   0.000000E+00   0.000000E+00   0.000000E+00   0.000000E+00   0.000000E+00   0.000000E+00   0.000000E+00   0.000000E+00   0.000000E+00   0.000000E+00   0.000000E+00   0.000000E+00   0.000000E+00   0.000000E+00   0.000000E+00   0.000000E+00   0.000000E+00   0.000000E+00   0.000000E+00   0.000000E+00
   0.000000E+00   0.000000E+00   0.000000E+00   0.000000E+00   0.000000E+00   0.000000E+00   0.000000E+00   0.000000E+00   0.000000E+00   0.000000E+00   0.000000E+00   0.000000E+00   0.000000E+00   0.000000E+00   0.000000E+00   0.000000E+00   0.000000E+00   0.000000E+00   0.000000E+00   0.000000E+00   0.000000E+00   0.000000E+00   0.000000E+00   0.000000E+00   0.000000E+00   0.000000E+00   0.000000E+00
   0.000000E+00   0.000000E+00   0.000000E+00   0.000000E+00   0.000000E+00   0.000000E+00   0.000000E+00   0.000000E+00   0.000000E+00   0.000000E+00   0.000000E+00   0.000000E+00   0.000000E+00   0.000000E+00   0.000000E+00   0.000000E+00   0.000000E+00   0.000000E+00   0.000000E+00   0.000000E+00   0.000000E+00   0.000000E+00   0.000000E+00   0.000000E+00   0.000000E+00   0.000000E+00   0.000000E+00
   0.000000E+00   0.000000E+00   0.000000E+00   0.000000E+00   0.000000E+00   0.000000E+00   0.000000E+00   0.000000E+00   0.000000E+00   0.000000E+00   0.000000E+00   0.000000E+00   0.000000E+00   0.000000E+00   0.000000E+00   0.000000E+00   0.000000E+00   0.000000E+00   0.000000E+00   0.000000E+00   0.000000E+00   0.000000E+00   0.000000E+00   0.000000E+00   0.000000E+00   0.000000E+00   0.000000E+00
   0.000000E+00   0.000000E+00   0.000000E+00   0.000000E+00   0.000000E+00   0.000000E+00   0.000000E+00   0.000000E+00   0.000000E+00   0.000000E+00   0.000000E+00   0.000000E+00   0.000000E+00   0.000000E+00   0.000000E+00   0.000000E+00   0.000000E+00   0.000000E+00   0.000000E+00   0.000000E+00   0.000000E+00   0.000000E+00   0.000000E+00   0.000000E+00   0.000000E+00   0.000000E+00   0.000000E+00
   0.000000E+00   0.000000E+00   0.000000E+00   0.000000E+00   0.000000E+00   0.000000E+00   0.000000E+00   0.000000E+00   0.000000E+00   0.000000E+00   0.000000E+00   0.000000E+00   0.000000E+00   0.000000E+00   0.000000E+00   0.000000E+00   0.000000E+00   0.000000E+00   0.000000E+00   0.000000E+00   0.000000E+00   0.000000E+00   0.000000E+00   0.000000E+00   0.000000E+00   0.000000E+00   0.000000E+00
   0.000000E+00   0.000000E+00   0.000000E+00   0.000000E+00   0.000000E+00   0.000000E+00   0.000000E+00   0.000000E+00   0.000000E+00   0.000000E+00   0.000000E+00   0.000000E+00   0.000000E+00   0.000000E+00   0.000000E+00   0.000000E+00   0.000000E+00   0.000000E+00   0.000000E+00   0.000000E+00   0.000000E+00   0.000000E+00   0.000000E+00   0.000000E+00   0.000000E+00   0.000000E+00   0.000000E+00
   0.000000E+00   0.000000E+00   0.000000E+00   0.000000E+00   0.000000E+00   0.000000E+00   0.000000E+00   0.000000E+00   0.000000E+00   0.000000E+00   0.000000E+00   0.000000E+00   0.000000E+00   0.000000E+00   0.000000E+00   0.000000E+00   0.000000E+00   0.000000E+00   0.000000E+00   0.000000E+00   0.000000E+00   0.000000E+00   0.000000E+00   0.000000E+00   0.000000E+00   0.000000E+00   0.000000E+00
   0.166667E+00   0.218750E-25   0.437500E-25   0.875001E-25   0.175000E-24   0.350000E-24   0.700000E-24   0.140000E-23   0.280000E-23   0.560001E-23   0.112000E-22   0.224000E-22   0.448000E-22   0.800488E-19   0.408314E-12   0.586727E-08   0.236068E-06   0.373394E-07   0.651861E-11   0.160579E-15   0.109241E-21   0.230628E-19   0.458747E-19   0.918721E-19   0.183501E-18   0.367070E-18   0.734083E-18
   0.166667E+00   0.933619E-40   0.163540E-35   0.338245E-39   0.654159E-35   0.140019E-38   0.261665E-34   0.541311E-38   0.104665E-33   0.209012E-37   0.418657E-33   0.866187E-37   0.167464E-32   0.149042E-33   0.678781E-27   0.858330E-23   0.392380E-21   0.685681E-22   0.000000E+00   0.101623E-30   0.489832E-34   0.879051E-34   0.171476E-29   0.211104E-33   0.685921E-29   0.468470E-33   0.739638E-33
   0.166667E+00   0.133011E-39   0.163539E-35   0.514475E-39   0.654152E-35   0.172895E-38   0.261661E-34   0.588180E-38   0.104664E-33   0.190144E-37   0.418656E-33   0.715483E-37   0.167464E-32   0.102732E-32   0.260652E-26   0.378446E-22   0.973103E-21   0.166615E-21   0.188918E-25   0.546704E-30   0.493276E-34   0.877339E-34   0.429524E-31   0.155278E-33   0.171799E-30   0.542439E-33   0.936875E-33
   0.166667E+00   0.844985E-40   0.163538E-35   0.332179E-39   0.654155E-35   0.146996E-38   0.261664E-34   0.550413E-38   0.104665E-33   0.148706E-37   0.418661E-33   0.504592E-37   0.167463E-32   0.133073E-33   0.678781E-27   0.975375E-23   0.392380E-21   0.734847E-22   0.000000E+00   0.443565E-31   0.490127E-34   0.907304E-34   0.171476E-29   0.220428E-33   0.685922E-29   0.542439E-33   0.887565E-33
   0.166667E+00   0.428307E-39   0.163539E-35   0.143705E-38   0.654152E-35   0.438481E-38   0.261664E-34   0.909839E-38   0.104664E-33   0.351771E-37   0.418657E-33   0.124162E-36   0.167463E-32   0.421576E-32   0.118108E-25   0.130700E-21   0.434757E-20   0.600386E-21   0.113870E-24   0.276072E-29   0.505772E-34   0.226889E-33   0.429555E-31   0.519149E-33   0.171787E-30   0.123282E-32   0.231753E-32
   0.166667E+00   0.717243E-37   0.409836E-37   0.229486E-36   0.163934E-36   0.661310E-36   0.655643E-36   0.180829E-35   0.262295E-35   0.480956E-35   0.104880E-34   0.125833E-34   0.419732E-34   0.812656E-30   0.219672E-23   0.251276E-19   0.804176E-18   0.103145E-18   0.220771E-22   0.533407E-27   0.376643E-33   0.371762E-31   0.429585E-31   0.930972E-31   0.171799E-30   0.232509E-30   0.367008E-30
   0.166667E+00   0.149667E-34   0.410571E-37   0.465210E-34   0.164299E-36   0.131610E-33   0.657007E-36   0.355558E-33   0.262859E-35   0.938215E-33   0.105121E-34   0.244019E-32   0.420575E-34   0.152487E-27   0.412041E-21   0.470759E-17   0.150502E-15   0.192690E-16   0.406391E-20   0.974959E-25   0.588193E-31   0.693623E-29   0.435194E-31   0.173425E-28   0.172773E-30   0.432803E-28   0.682607E-28
   0.166667E+00   0.682394E-40   0.163538E-35   0.273020E-39   0.654152E-35   0.106876E-38   0.261660E-34   0.399335E-38   0.104664E-33   0.155983E-37   0.418656E-33   0.623979E-37   0.167463E-32   0.149042E-33   0.760234E-27   0.975375E-23   0.392380E-21   0.881964E-22   0.131008E-30   0.706855E-31   0.489832E-34   0.855488E-34   0.171477E-29   0.239068E-33   0.685922E-29   0.468470E-33   0.936875E-33
   0.166667E+00   0.164044E-38   0.163539E-35   0.530992E-38   0.654154E-35   0.155975E-37   0.261660E-34   0.437705E-37   0.104664E-33   0.121293E-36   0.418657E-33   0.328027E-36   0.419642E-34   0.180607E-31   0.492795E-25   0.566498E-21   0.182221E-19   0.235980E-20   0.499029E-24   0.120532E-28   0.561565E-34   0.864127E-33   0.429431E-31   0.220919E-32   0.171750E-30   0.591752E-32   0.931944E-32
   0.166667E+00   0.295164E-36   0.409689E-37   0.956553E-36   0.163923E-36   0.277838E-35   0.655502E-36   0.763291E-35   0.262220E-35   0.203581E-34   0.104910E-34   0.533152E-34   0.419552E-34   0.345806E-29   0.934692E-23   0.106956E-18   0.342375E-17   0.439198E-18   0.940326E-22   0.227250E-26   0.144604E-32   0.158372E-30   0.429709E-31   0.396265E-30   0.171824E-30   0.989458E-30   0.156123E-29
   0.166667E+00   0.533403E-34   0.412510E-37   0.175273E-33   0.165133E-36   0.513516E-33   0.660628E-36   0.141820E-32   0.264345E-35   0.379436E-32   0.105738E-34   0.995480E-32   0.422922E-34   0.540195E-27   0.145982E-20   0.166988E-16   0.534376E-15   0.683636E-16   0.143390E-19   0.344135E-24   0.206799E-30   0.246957E-28   0.452296E-31   0.617585E-28   0.175854E-30   0.154145E-27   0.243124E-27
   0.166667E+00   0.126898E-32   0.873715E-37   0.344526E-32   0.368764E-36   0.904238E-32   0.152734E-35   0.233476E-31   0.624968E-35   0.598081E-31   0.253658E-34   0.152453E-30   0.101710E-33   0.366873E-26   0.990513E-20   0.112917E-15   0.360341E-14   0.458317E-15   0.968708E-19   0.232631E-23   0.138690E-29   0.165239E-27   0.449932E-30   0.412355E-27   0.889649E-30   0.102781E-26   0.162013E-26
   0.166667E+00   0.739508E-34   0.328671E-36   0.190898E-33   0.137834E-35   0.487119E-33   0.568116E-35   0.123717E-32   0.231602E-34   0.313904E-32   0.937536E-34   0.797340E-32   0.373964E-33   0.983075E-28   0.265404E-21   0.302490E-17   0.965169E-16   0.122365E-16   0.257913E-20   0.618902E-25   0.385766E-31   0.445865E-29   0.419629E-29   0.110791E-28   0.149706E-28   0.286175E-28   0.481987E-28
   0.166667E+00   0.110702E-39   0.163538E-35   0.360588E-39   0.654151E-35   0.130148E-38   0.261659E-34   0.464212E-38   0.104665E-33   0.159365E-37   0.418659E-33   0.607407E-37   0.167462E-32   0.569553E-33   0.176483E-26   0.230189E-22   0.392380E-21   0.980102E-22   0.109898E-25   0.223334E-30   0.490717E-34   0.702530E-34   0.429555E-31   0.204211E-33   0.171774E-30   0.468470E-33   0.887565E-33
   0.166667E+00   0.641133E-38   0.163539E-35   0.207847E-37   0.654154E-35   0.605852E-37   0.655549E-36   0.167673E-36   0.262257E-35   0.448008E-36   0.104918E-34   0.119620E-35   0.419341E-34   0.743719E-31   0.201435E-24   0.230735E-20   0.739872E-19   0.950293E-20   0.203231E-23   0.490740E-28   0.789654E-34   0.344137E-32   0.429493E-31   0.867983E-32   0.171725E-30   0.218455E-31   0.350588E-31
   0.166667E+00   0.118539E-35   0.409895E-37   0.389172E-35   0.163958E-36   0.113963E-34   0.655643E-36   0.314657E-34   0.262257E-35   0.841752E-34   0.104895E-34   0.220853E-33   0.419582E-34   0.143547E-28   0.388010E-22   0.444188E-18   0.142234E-16   0.182507E-17   0.390807E-21   0.944581E-26   0.585842E-32   0.658503E-30   0.430017E-31   0.164759E-29   0.171922E-30   0.411361E-29   0.648919E-29
   0.166667E+00   0.205438E-33   0.419005E-37   0.664976E-33   0.167872E-36   0.191501E-32   0.672618E-36   0.521604E-32   0.269216E-35   0.138106E-31   0.107739E-34   0.359594E-31   0.430866E-34   0.146686E-26   0.396305E-20   0.452960E-16   0.144855E-14   0.184818E-15   0.388283E-19   0.932259E-24   0.557844E-30   0.668186E-28   0.519379E-31   0.167011E-27   0.187268E-30   0.416709E-27   0.657156E-27
   0.166667E+00   0.168668E-32   0.193680E-36   0.448462E-32   0.845274E-36   0.116659E-31   0.353593E-35   0.300070E-31   0.146538E-34   0.767591E-31   0.599476E-34   0.195615E-30   0.240491E-33   0.401916E-26   0.108506E-19   0.123674E-15   0.394615E-14   0.501920E-15   0.106111E-18   0.254826E-23   0.151885E-29   0.180889E-27   0.164151E-29   0.451335E-27   0.289884E-29   0.112485E-26   0.177301E-26
   0.166667E+00   0.804763E-34   0.859051E-36   0.208028E-33   0.385497E-35   0.532394E-33   0.163623E-34   0.135882E-32   0.685307E-34   0.347661E-32   0.283030E-33   0.895111E-32   0.117834E-32   0.105602E-27   0.285109E-21   0.325002E-17   0.103774E-15   0.131828E-16   0.277326E-20   0.665620E-25   0.413644E-31   0.539863E-29   0.481867E-29   0.136611E-28   0.181495E-28   0.432011E-28   0.807324E-28
   0.166667E+00   0.931783E-34   0.407287E-34   0.249095E-33   0.114799E-33   0.655561E-33   0.323531E-33   0.172306E-32   0.932218E-33   0.457469E-32   0.278371E-32   0.123856E-31   0.869965E-32   0.104604E-27   0.301406E-21   0.355571E-17   0.118316E-15   0.157310E-16   0.318125E-20   0.767471E-25   0.472032E-31   0.666613E-29   0.502600E-29   0.200218E-28   0.194411E-28   0.637378E-28   0.116043E-27
   0.166667E+00   0.649989E-40   0.163538E-35   0.260057E-39   0.654152E-35   0.104041E-38   0.261664E-34   0.378589E-38   0.104664E-33   0.166493E-37   0.418657E-33   0.560684E-37   0.167463E-32   0.149042E-33   0.678781E-27   0.858330E-23   0.392380E-21   0.661518E-22   0.262364E-26   0.419483E-31   0.489733E-34   0.514770E-34   0.429524E-31   0.185477E-33   0.171787E-30   0.468470E-33   0.887565E-33
   0.166667E+00   0.255009E-37   0.409865E-37   0.837188E-37   0.163864E-36   0.245185E-36   0.655643E-36   0.677744E-36   0.262220E-35   0.181798E-35   0.104880E-34   0.478173E-35   0.419672E-34   0.307591E-30   0.831886E-24   0.952552E-20   0.305052E-18   0.391620E-19   0.838422E-23   0.202635E-27   0.173389E-33   0.141534E-31   0.429462E-31   0.354637E-31   0.171873E-30   0.888614E-31   0.140186E-30
   0.166667E+00   0.454516E-35   0.409924E-37   0.151172E-34   0.163993E-36   0.446318E-34   0.655973E-36   0.123866E-33   0.262351E-35   0.332439E-33   0.104963E-34   0.873930E-33   0.419883E-34   0.567370E-28   0.153368E-21   0.175642E-17   0.562596E-16   0.721928E-17   0.153842E-20   0.370368E-25   0.221167E-31   0.260691E-29   0.431527E-31   0.652299E-29   0.172095E-30   0.162867E-28   0.256917E-28
   0.166667E+00   0.543825E-33   0.447569E-37   0.158783E-32   0.179310E-36   0.434290E-32   0.716346E-36   0.115238E-31   0.286369E-35   0.301006E-31   0.114442E-34   0.778293E-31   0.457077E-34   0.267367E-26   0.722125E-20   0.824375E-16   0.263378E-14   0.335339E-15   0.706944E-19   0.169758E-23   0.101347E-29   0.121164E-27   0.770456E-31   0.302628E-27   0.228375E-30   0.754740E-27   0.119000E-26
   0.166667E+00   0.214287E-32   0.694499E-36   0.566139E-32   0.284351E-35   0.146467E-31   0.112481E-34   0.374922E-31   0.447871E-34   0.954792E-31   0.178186E-33   0.242370E-30   0.698802E-33   0.426319E-26   0.115091E-19   0.131170E-15   0.418508E-14   0.532331E-15   0.112547E-18   0.270285E-23   0.161081E-29   0.191815E-27   0.609173E-29   0.478548E-27   0.106141E-28   0.119259E-26   0.187972E-26
   0.166667E+00   0.875674E-34   0.363000E-35   0.227975E-33   0.150035E-34   0.589839E-33   0.595959E-34   0.152971E-32   0.239058E-33   0.401849E-32   0.966748E-33   0.107826E-31   0.390237E-32   0.113087E-27   0.308633E-21   0.355842E-17   0.115740E-15   0.150446E-16   0.309808E-20   0.745423E-25   0.460502E-31   0.666482E-29   0.502800E-29   0.184718E-28   0.192196E-28   0.593843E-28   0.109001E-27
   0.166667E+00   0.105747E-33   0.501160E-34   0.279378E-33   0.134146E-33   0.728942E-33   0.365992E-33   0.190299E-32   0.102927E-32   0.501915E-32   0.301306E-32   0.134917E-31   0.925541E-32   0.114824E-27   0.329143E-21   0.387236E-17   0.128433E-15   0.170172E-16   0.345194E-20   0.832448E-25   0.510831E-31   0.711703E-29   0.507131E-29   0.211795E-28   0.195576E-28   0.666172E-28   0.120580E-27
   0.166667E+00   0.692576E-40   0.163538E-35   0.265323E-39   0.654154E-35   0.920369E-39   0.261661E-34   0.396392E-38   0.104665E-33   0.151042E-37   0.418656E-33   0.498870E-37   0.167464E-32   0.149042E-33   0.651629E-27   0.109242E-22   0.392380E-21   0.808640E-22   0.451264E-25   0.975968E-31   0.489537E-34   0.497612E-34   0.429431E-31   0.179119E-33   0.171861E-30   0.468470E-33   0.936875E-33
   0.166667E+00   0.157227E-39   0.409807E-37   0.587765E-39   0.163923E-36   0.110504E-38   0.655549E-36   0.432612E-38   0.262295E-35   0.161760E-37   0.104903E-34   0.647041E-37   0.419401E-34   0.122427E-32   0.385547E-26   0.390150E-22   0.158522E-20   0.159267E-21   0.341076E-25   0.822100E-30   0.494358E-34   0.930387E-34   0.429647E-31   0.308621E-33   0.171799E-30   0.542439E-33   0.103549E-32
   0.166667E+00   0.192502E-37   0.409718E-37   0.648991E-37   0.163899E-36   0.193416E-36   0.655832E-36   0.540822E-36   0.262163E-35   0.146025E-35   0.104933E-34   0.385939E-35   0.419491E-34   0.237919E-30   0.644299E-24   0.738632E-20   0.236872E-18   0.304124E-19   0.641011E-23   0.154035E-27   0.981071E-33   0.111101E-31   0.429524E-31   0.278576E-31   0.171799E-30   0.699007E-31   0.111044E-30
   0.166667E+00   0.964047E-33   0.583074E-37   0.273845E-32   0.228246E-36   0.741130E-32   0.889802E-36   0.195256E-31   0.349752E-35   0.507085E-31   0.138095E-34   0.130481E-30   0.545038E-34   0.363870E-26   0.982530E-20   0.112061E-15   0.357751E-14   0.455136E-15   0.961390E-19   0.230871E-23   0.137673E-29   0.164236E-27   0.175104E-30   0.409964E-27   0.383497E-30   0.102204E-26   0.161119E-26
   0.166667E+00   0.245101E-32   0.295122E-35   0.638156E-32   0.110296E-34   0.163481E-31   0.402521E-34   0.415600E-31   0.150317E-33   0.105288E-30   0.570331E-33   0.266268E-30   0.215507E-32   0.438378E-26   0.118343E-19   0.134873E-15   0.430311E-14   0.547399E-15   0.115741E-18   0.277963E-23   0.165635E-29   0.197214E-27   0.135101E-28   0.491976E-27   0.304098E-28   0.122599E-26   0.193231E-26
   0.166667E+00   0.800554E-35   0.155032E-35   0.217446E-34   0.684617E-35   0.612711E-34   0.314710E-34   0.185382E-33   0.151172E-33   0.621710E-33   0.718115E-33   0.226030E-32   0.327319E-32   0.123978E-28   0.473422E-22   0.640751E-18   0.247909E-16   0.378865E-17   0.676713E-21   0.165954E-25   0.113116E-31   0.251111E-29   0.461439E-29   0.918601E-29   0.183525E-28   0.367543E-28   0.735468E-28
   0.166667E+00   0.111022E-33   0.535832E-34   0.292390E-33   0.141705E-33   0.761007E-33   0.383257E-33   0.198241E-32   0.106976E-32   0.521656E-32   0.311026E-32   0.139846E-31   0.949312E-32   0.119413E-27   0.341566E-21   0.401405E-17   0.132956E-15   0.175918E-16   0.357291E-20   0.861485E-25   0.528173E-31   0.732080E-29   0.509165E-29   0.216969E-28   0.196095E-28   0.679039E-28   0.122604E-27
   0.166667E+00   0.150750E-34   0.163547E-35   0.500491E-34   0.654180E-35   0.147596E-33   0.261669E-34   0.409328E-33   0.104668E-33   0.109807E-32   0.418664E-33   0.288582E-32   0.167466E-32   0.187827E-27   0.507722E-21   0.581451E-17   0.186241E-15   0.239031E-16   0.511896E-20   0.123745E-24   0.730196E-31   0.862952E-29   0.435687E-31   0.215928E-28   0.172797E-30   0.539132E-28   0.850456E-28
   0.166667E+00   0.245767E-34   0.411570E-37   0.827368E-34   0.164499E-36   0.246140E-33   0.657618E-36   0.686397E-33   0.262934E-35   0.184776E-32   0.105144E-34   0.486671E-32   0.420484E-34   0.317194E-27   0.857477E-21   0.982457E-17   0.314803E-15   0.404155E-16   0.865669E-20   0.209304E-24   0.123538E-30   0.146020E-28   0.440093E-31   0.365421E-28   0.173475E-30   0.912464E-28   0.143941E-27
   0.166667E+00   0.745747E-32   0.930874E-37   0.254555E-31   0.342539E-36   0.763817E-31   0.125891E-35   0.214115E-30   0.472925E-35   0.578203E-30   0.180804E-34   0.152574E-29   0.695230E-34   0.839796E-25   0.226991E-18   0.259954E-14   0.832640E-13   0.106692E-13   0.224676E-17   0.539763E-22   0.321231E-28   0.385799E-26   0.371867E-30   0.965198E-26   0.685593E-30   0.240968E-25   0.380099E-25
   0.166667E+00   0.700918E-28   0.375120E-32   0.191254E-27   0.129095E-31   0.503104E-27   0.435334E-31   0.130063E-26   0.151607E-30   0.333422E-26   0.544192E-30   0.850338E-26   0.196658E-29   0.284368E-21   0.768219E-15   0.876171E-11   0.279727E-09   0.357783E-10   0.757191E-14   0.182016E-18   0.107956E-24   0.128410E-22   0.246556E-25   0.320900E-22   0.382423E-25   0.800584E-22   0.126252E-21
   0.166667E+00   0.217687E-30   0.214920E-31   0.573778E-30   0.824822E-31   0.150135E-29   0.284525E-30   0.391393E-29   0.930325E-30   0.102029E-28   0.288558E-29   0.264798E-28   0.846080E-29   0.355359E-24   0.959232E-18   0.109317E-13   0.348756E-12   0.443641E-13   0.938020E-17   0.225272E-21   0.134113E-27   0.159816E-25   0.121913E-26   0.398614E-25   0.304656E-26   0.993234E-25   0.156540E-24
   0.166667E+00   0.222995E-32   0.992779E-33   0.581195E-32   0.250967E-32   0.148801E-31   0.634965E-32   0.377940E-31   0.160986E-31   0.956889E-31   0.409582E-31   0.242109E-30   0.104785E-30   0.287908E-26   0.778978E-20   0.888908E-16   0.284065E-14   0.361973E-15   0.763838E-19   0.183470E-23   0.109391E-29   0.131433E-27   0.146448E-28   0.331104E-27   0.434731E-28   0.838796E-27   0.133751E-26
   0.166667E+00   0.612141E-30   0.271365E-30   0.159384E-29   0.683459E-30   0.407629E-29   0.172130E-29   0.103382E-28   0.433489E-29   0.261167E-28   0.109158E-28   0.658518E-28   0.274828E-28   0.806063E-24   0.217569E-17   0.247938E-13   0.790973E-12   0.100620E-12   0.212756E-16   0.510953E-21   0.304175E-27   0.362411E-25   0.275854E-26   0.903900E-25   0.689776E-26   0.225217E-24   0.354946E-24
   0.166667E+00   0.000000E+00   0.000000E+00   0.000000E+00   0.000000E+00   0.000000E+00   0.000000E+00   0.000000E+00   0.000000E+00   0.000000E+00   0.000000E+00   0.000000E+00   0.000000E+00   0.000000E+00   0.000000E+00   0.000000E+00   0.000000E+00   0.000000E+00   0.000000E+00   0.000000E+00   0.000000E+00   0.000000E+00   0.000000E+00   0.000000E+00   0.000000E+00   0.000000E+00   0.000000E+00
   0.166667E+00   0.231537E-26   0.461828E-26   0.925354E-26   0.184731E-25   0.369908E-25   0.738922E-25   0.147900E-24   0.295569E-24   0.591434E-24   0.118227E-23   0.236531E-23   0.472909E-23   0.847509E-20   0.431695E-13   0.620124E-09   0.249441E-07   0.394471E-08   0.688774E-12   0.169669E-16   0.115410E-22   0.243565E-20   0.484254E-20   0.970087E-20   0.193703E-19   0.387550E-19   0.775011E-19
   0.333333E+00   0.218750E-25   0.437500E-25   0.875000E-25   0.175000E-24   0.350000E-24   0.700000E-24   0.140000E-23   0.280000E-23   0.560000E-23   0.112000E-22   0.224000E-22   0.448000E-22   0.757832E-19   0.388097E-12   0.561843E-08   0.227145E-06   0.465013E-07   0.166382E-10   0.186681E-14   0.223461E-19   0.232850E-19   0.458746E-19   0.919866E-19   0.183501E-18   0.367133E-18   0.734165E-18
   0.333333E+00   0.817739E-36   0.163540E-35   0.303219E-37   0.654159E-35   0.130831E-34   0.261665E-34   0.523328E-34   0.104665E-33   0.196881E-35   0.418657E-33   0.837321E-33   0.167464E-32   0.141100E-33   0.645172E-27   0.821927E-23   0.377495E-21   0.965075E-22   0.159350E-25   0.000000E+00   0.000000E+00   0.102302E-33   0.171477E-29   0.234154E-33   0.685924E-29   0.468551E-33   0.739721E-33
   0.333333E+00   0.817740E-36   0.163539E-35   0.303513E-37   0.654193E-35   0.130838E-34   0.261675E-34   0.523355E-34   0.104664E-33   0.196994E-35   0.418679E-33   0.837357E-33   0.167464E-32   0.139638E-31   0.382200E-25   0.440852E-21   0.142995E-19   0.234164E-20   0.103070E-23   0.113858E-27   0.136963E-32   0.668836E-33   0.429647E-31   0.184085E-32   0.171836E-30   0.429094E-32   0.660817E-32
   0.333333E+00   0.817742E-36   0.163538E-35   0.303278E-37   0.654192E-35   0.130838E-34   0.261675E-34   0.523349E-34   0.104665E-33   0.197107E-35   0.418675E-33   0.837357E-33   0.167463E-32   0.297318E-33   0.144519E-26   0.934008E-23   0.377495E-21   0.111596E-21   0.185927E-25   0.821471E-30   0.837692E-35   0.112472E-33   0.171476E-29   0.267843E-33   0.685923E-29   0.468551E-33   0.887665E-33
   0.333333E+00   0.817738E-36   0.163539E-35   0.304100E-37   0.654190E-35   0.130838E-34   0.261675E-34   0.523347E-34   0.104664E-33   0.197182E-35   0.418676E-33   0.837357E-33   0.167463E-32   0.642559E-31   0.174222E-24   0.200924E-20   0.645969E-19   0.108470E-19   0.469116E-23   0.512600E-27   0.623662E-32   0.315272E-32   0.429585E-31   0.786656E-32   0.171885E-30   0.198271E-31   0.315614E-31
   0.333333E+00   0.205359E-37   0.409836E-37   0.244209E-37   0.164334E-36   0.328433E-36   0.656960E-36   0.131383E-35   0.262295E-35   0.505180E-36   0.105069E-34   0.210137E-34   0.419732E-34   0.128821E-28   0.348758E-22   0.401516E-18   0.128978E-16   0.216325E-17   0.937635E-21   0.102488E-24   0.124580E-29   0.626097E-30   0.430140E-31   0.154595E-29   0.171848E-30   0.385163E-29   0.607138E-29
   0.333333E+00   0.206887E-37   0.413127E-37   0.473763E-35   0.165604E-36   0.331231E-36   0.662556E-36   0.132492E-35   0.264590E-35   0.864690E-34   0.106024E-34   0.211988E-34   0.423253E-34   0.224628E-26   0.607948E-20   0.699057E-16   0.224337E-14   0.375051E-15   0.160823E-18   0.174946E-22   0.213482E-27   0.108577E-27   0.511398E-31   0.268014E-27   0.183854E-30   0.667506E-27   0.105209E-26
   0.333333E+00   0.817743E-36   0.163538E-35   0.303336E-37   0.654191E-35   0.130837E-34   0.261674E-34   0.523355E-34   0.104664E-33   0.196994E-35   0.418678E-33   0.837359E-33   0.167462E-32   0.153194E-32   0.456782E-26   0.496892E-22   0.140427E-20   0.325817E-21   0.101627E-24   0.115655E-28   0.119371E-33   0.124384E-33   0.429770E-31   0.346544E-33   0.171774E-30   0.468556E-33   0.887665E-33
   0.333333E+00   0.817743E-36   0.163539E-35   0.308567E-37   0.654187E-35   0.130838E-34   0.261676E-34   0.523350E-34   0.104664E-33   0.197859E-35   0.418679E-33   0.210197E-34   0.419642E-34   0.283253E-30   0.767110E-24   0.883460E-20   0.283831E-18   0.476303E-19   0.206401E-22   0.225592E-26   0.274239E-31   0.138052E-31   0.429678E-31   0.341181E-31   0.171762E-30   0.854735E-31   0.134580E-30
   0.333333E+00   0.205374E-37   0.409895E-37   0.985652E-37   0.164228E-36   0.328574E-36   0.656866E-36   0.131439E-35   0.262220E-35   0.194098E-35   0.105136E-34   0.210212E-34   0.419522E-34   0.547740E-28   0.148297E-21   0.170805E-17   0.548859E-16   0.920817E-17   0.399176E-20   0.436374E-24   0.530589E-29   0.266689E-29   0.431249E-31   0.658572E-29   0.172107E-30   0.164079E-28   0.258644E-28
   0.333333E+00   0.210384E-37   0.420504E-37   0.177206E-34   0.168942E-36   0.338354E-36   0.676897E-36   0.135389E-35   0.270382E-35   0.347117E-33   0.108454E-34   0.216863E-34   0.433184E-34   0.704878E-26   0.190763E-19   0.219544E-15   0.705041E-14   0.117567E-14   0.504964E-18   0.549255E-22   0.670365E-27   0.341861E-27   0.763337E-31   0.844127E-27   0.220486E-30   0.210259E-26   0.331414E-26
   0.333333E+00   0.105433E-36   0.222962E-36   0.286985E-32   0.967714E-36   0.199211E-35   0.407699E-35   0.830567E-35   0.168506E-34   0.541764E-31   0.688482E-34   0.137381E-33   0.276293E-33   0.279247E-25   0.755256E-19   0.866813E-15   0.277759E-13   0.460339E-14   0.199307E-17   0.216777E-21   0.264265E-26   0.133840E-26   0.596210E-29   0.330111E-26   0.877963E-29   0.821666E-26   0.129477E-25
   0.333333E+00   0.107172E-35   0.222452E-35   0.522346E-33   0.938300E-35   0.191192E-34   0.388083E-34   0.785345E-34   0.158537E-33   0.858926E-32   0.642660E-33   0.127654E-32   0.256247E-32   0.139524E-26   0.377248E-20   0.432897E-16   0.138701E-14   0.228572E-15   0.991129E-19   0.107636E-22   0.131520E-27   0.668409E-28   0.761294E-29   0.164817E-27   0.247875E-28   0.411217E-27   0.651103E-27
   0.333333E+00   0.817742E-36   0.163538E-35   0.303513E-37   0.654190E-35   0.130838E-34   0.261674E-34   0.523352E-34   0.104664E-33   0.196919E-35   0.418680E-33   0.837360E-33   0.167464E-32   0.606225E-32   0.162842E-25   0.192779E-21   0.619092E-20   0.984690E-21   0.443611E-24   0.483023E-28   0.569631E-33   0.344621E-33   0.429647E-31   0.883470E-33   0.171750E-30   0.184954E-32   0.369860E-32
   0.333333E+00   0.817740E-36   0.163539E-35   0.323437E-37   0.654191E-35   0.130839E-34   0.657007E-36   0.131402E-35   0.262220E-35   0.101939E-36   0.105144E-34   0.210212E-34   0.419612E-34   0.114294E-29   0.309481E-23   0.356485E-19   0.114558E-17   0.192207E-18   0.833075E-22   0.910756E-26   0.110741E-30   0.556810E-31   0.429647E-31   0.137575E-30   0.171811E-30   0.343127E-30   0.540835E-30
   0.333333E+00   0.205462E-37   0.409895E-37   0.398252E-36   0.164322E-36   0.328574E-36   0.657383E-36   0.131458E-35   0.262370E-35   0.783613E-35   0.105144E-34   0.210258E-34   0.419973E-34   0.226760E-27   0.613961E-21   0.707441E-17   0.227401E-15   0.381539E-16   0.164955E-19   0.179992E-23   0.219211E-28   0.110596E-28   0.437042E-31   0.273140E-28   0.172945E-30   0.680556E-28   0.107281E-27
   0.333333E+00   0.222330E-37   0.446159E-37   0.698272E-34   0.180239E-36   0.361770E-36   0.724387E-36   0.145169E-35   0.290394E-35   0.139077E-32   0.116594E-34   0.233113E-34   0.465563E-34   0.157109E-25   0.425063E-19   0.488720E-15   0.156828E-13   0.260521E-14   0.112374E-17   0.122211E-21   0.149100E-26   0.758702E-27   0.176330E-30   0.187278E-26   0.364059E-30   0.466362E-26   0.735024E-26
   0.333333E+00   0.302896E-36   0.651115E-36   0.619021E-32   0.288888E-35   0.599276E-35   0.121858E-34   0.249447E-34   0.508084E-34   0.105788E-30   0.208634E-33   0.415732E-33   0.837469E-33   0.300749E-25   0.813399E-19   0.933475E-15   0.299102E-13   0.495722E-14   0.214635E-17   0.233452E-21   0.284584E-26   0.144103E-26   0.219271E-28   0.355404E-26   0.340677E-28   0.884594E-26   0.139392E-25
   0.333333E+00   0.293116E-35   0.638191E-35   0.572929E-33   0.288161E-34   0.601415E-34   0.122734E-33   0.252159E-33   0.515193E-33   0.996390E-32   0.212327E-32   0.422492E-32   0.848065E-32   0.150058E-26   0.405731E-20   0.465586E-16   0.149182E-14   0.245870E-15   0.106603E-18   0.115772E-22   0.141460E-27   0.724961E-28   0.809144E-29   0.179019E-27   0.267852E-28   0.454715E-27   0.729197E-27
   0.333333E+00   0.175425E-33   0.291415E-33   0.983408E-33   0.781980E-33   0.127041E-32   0.205642E-32   0.332656E-32   0.537921E-32   0.168589E-31   0.141095E-31   0.229275E-31   0.374074E-31   0.140583E-26   0.381919E-20   0.439413E-16   0.141258E-14   0.233663E-15   0.100976E-18   0.109717E-22   0.134020E-27   0.692835E-28   0.793853E-29   0.174310E-27   0.267177E-28   0.447699E-27   0.721090E-27
   0.333333E+00   0.817739E-36   0.163538E-35   0.303101E-37   0.654187E-35   0.130838E-34   0.261676E-34   0.523354E-34   0.104665E-33   0.196881E-35   0.418679E-33   0.837354E-33   0.167463E-32   0.125982E-33   0.645172E-27   0.821927E-23   0.377495E-21   0.111595E-21   0.796842E-26   0.328578E-30   0.000000E+00   0.505157E-34   0.429400E-31   0.191816E-33   0.171811E-30   0.468551E-33   0.789036E-33
   0.333333E+00   0.205359E-37   0.409718E-37   0.929816E-38   0.164252E-36   0.328480E-36   0.657007E-36   0.131402E-35   0.262220E-35   0.226447E-36   0.105129E-34   0.210227E-34   0.419461E-34   0.471694E-29   0.127721E-22   0.147166E-18   0.473066E-17   0.793863E-18   0.344197E-21   0.376341E-25   0.457692E-30   0.230096E-30   0.429832E-31   0.568359E-30   0.171811E-30   0.141633E-29   0.223272E-29
   0.333333E+00   0.206652E-37   0.412334E-37   0.150644E-35   0.165145E-36   0.329938E-36   0.659734E-36   0.131919E-35   0.263217E-35   0.300099E-34   0.105407E-34   0.210754E-34   0.420695E-34   0.852318E-27   0.230767E-20   0.265978E-16   0.855158E-15   0.143391E-15   0.615942E-19   0.670546E-23   0.817820E-28   0.416150E-28   0.458489E-31   0.102789E-27   0.175940E-30   0.256120E-27   0.403746E-27
   0.333333E+00   0.429217E-37   0.830398E-37   0.258182E-33   0.306686E-36   0.588594E-36   0.112852E-35   0.217833E-35   0.421748E-35   0.522828E-32   0.160635E-34   0.313972E-34   0.616929E-34   0.232251E-25   0.628244E-19   0.721636E-15   0.231392E-13   0.383744E-14   0.165960E-17   0.180500E-21   0.220096E-26   0.111703E-26   0.545263E-30   0.275615E-26   0.888996E-30   0.686173E-26   0.108136E-25
   0.333333E+00   0.404107E-35   0.764098E-35   0.824633E-32   0.260927E-34   0.477632E-34   0.867564E-34   0.159233E-33   0.293903E-33   0.134761E-30   0.102368E-32   0.191019E-32   0.363317E-32   0.316768E-25   0.856721E-19   0.983168E-15   0.315018E-13   0.522119E-14   0.226064E-17   0.245886E-21   0.299735E-26   0.151765E-26   0.457641E-28   0.374290E-26   0.949117E-28   0.931588E-26   0.146796E-25
   0.333333E+00   0.438475E-34   0.830286E-34   0.746853E-33   0.279163E-33   0.502076E-33   0.890754E-33   0.158219E-32   0.280015E-32   0.143974E-31   0.868953E-32   0.151407E-31   0.264750E-31   0.161092E-26   0.435880E-20   0.500568E-16   0.160595E-14   0.265048E-15   0.114768E-18   0.124662E-22   0.152309E-27   0.787107E-28   0.841942E-29   0.196019E-27   0.278350E-28   0.501231E-27   0.805261E-27
   0.333333E+00   0.228435E-33   0.364011E-33   0.113299E-32   0.925313E-33   0.147691E-32   0.235985E-32   0.377624E-32   0.605378E-32   0.186949E-31   0.156734E-31   0.253413E-31   0.411474E-31   0.154670E-26   0.420023E-20   0.483143E-16   0.155270E-14   0.256761E-15   0.110990E-18   0.120592E-22   0.147307E-27   0.760189E-28   0.827505E-29   0.190955E-27   0.275595E-28   0.489120E-27   0.786359E-27
   0.333333E+00   0.817742E-36   0.163547E-35   0.303101E-37   0.654194E-35   0.130838E-34   0.261678E-34   0.523353E-34   0.104664E-33   0.196806E-35   0.418679E-33   0.837356E-33   0.167463E-32   0.141100E-33   0.645172E-27   0.934008E-23   0.377495E-21   0.108586E-21   0.172651E-25   0.164290E-30   0.209423E-35   0.612643E-34   0.429739E-31   0.179299E-33   0.171848E-30   0.468551E-33   0.936980E-33
   0.333333E+00   0.205432E-37   0.410718E-37   0.104031E-38   0.164252E-36   0.328527E-36   0.656913E-36   0.131411E-35   0.262182E-35   0.639469E-37   0.105091E-34   0.210182E-34   0.419491E-34   0.156520E-31   0.428653E-25   0.495771E-21   0.155830E-19   0.264252E-20   0.116476E-23   0.124036E-27   0.155811E-32   0.811632E-33   0.429647E-31   0.205615E-32   0.171787E-30   0.537600E-32   0.843282E-32
   0.333333E+00   0.205300E-37   0.410453E-37   0.689427E-38   0.164322E-36   0.328504E-36   0.656584E-36   0.131336E-35   0.262276E-35   0.182061E-36   0.105106E-34   0.210167E-34   0.419582E-34   0.308072E-29   0.834430E-23   0.961961E-19   0.309372E-17   0.518027E-18   0.221932E-21   0.241508E-25   0.294685E-30   0.151169E-30   0.429616E-31   0.373379E-30   0.171848E-30   0.931454E-30   0.147091E-29
   0.333333E+00   0.203893E-36   0.375729E-36   0.998004E-33   0.122713E-35   0.219768E-35   0.391585E-35   0.702231E-35   0.126472E-34   0.205217E-31   0.419093E-34   0.766385E-34   0.142182E-33   0.282328E-25   0.763628E-19   0.876643E-15   0.280966E-13   0.465790E-14   0.201614E-17   0.219294E-21   0.267329E-26   0.135464E-26   0.203512E-29   0.334150E-26   0.300482E-29   0.831771E-26   0.131073E-25
   0.333333E+00   0.314281E-34   0.577634E-34   0.883468E-32   0.185127E-33   0.326425E-33   0.570042E-33   0.999267E-33   0.175495E-32   0.143335E-30   0.548975E-32   0.970929E-32   0.174675E-31   0.318649E-25   0.861817E-19   0.989011E-15   0.316889E-13   0.525351E-14   0.227448E-17   0.247408E-21   0.301560E-26   0.152666E-26   0.569128E-28   0.376505E-26   0.138607E-27   0.937095E-26   0.147663E-25
   0.333333E+00   0.162742E-34   0.275994E-34   0.964900E-34   0.784101E-34   0.132480E-33   0.224873E-33   0.385218E-33   0.666624E-33   0.197421E-32   0.207044E-32   0.371707E-32   0.677608E-32   0.141539E-27   0.395943E-21   0.464078E-17   0.152892E-15   0.259467E-16   0.109533E-19   0.119438E-23   0.145591E-28   0.875008E-29   0.491611E-29   0.245376E-28   0.191516E-28   0.749666E-28   0.133794E-27
   0.333333E+00   0.239931E-33   0.381742E-33   0.118283E-32   0.968159E-33   0.154382E-32   0.246462E-32   0.394038E-32   0.631124E-32   0.194624E-31   0.163087E-31   0.263416E-31   0.427225E-31   0.160976E-26   0.437075E-20   0.502711E-16   0.161540E-14   0.267097E-15   0.115471E-18   0.125459E-22   0.153254E-27   0.790348E-28   0.842455E-29   0.198403E-27   0.279333E-28   0.507652E-27   0.815559E-27
   0.333333E+00   0.212911E-37   0.423971E-37   0.255077E-35   0.168284E-36   0.335392E-36   0.668574E-36   0.133367E-35   0.265624E-35   0.506553E-34   0.106092E-34   0.211913E-34   0.422531E-34   0.146572E-26   0.396875E-20   0.457485E-16   0.147102E-14   0.246922E-15   0.107071E-18   0.117085E-22   0.142423E-27   0.716084E-28   0.478858E-31   0.176872E-27   0.178911E-30   0.440727E-27   0.694767E-27
   0.333333E+00   0.219171E-37   0.435227E-37   0.473995E-35   0.171693E-36   0.341317E-36   0.679201E-36   0.135116E-35   0.268633E-35   0.957812E-34   0.106972E-34   0.213447E-34   0.425390E-34   0.278297E-26   0.753592E-20   0.869087E-16   0.279554E-14   0.469397E-15   0.203566E-18   0.222624E-22   0.270896E-27   0.136230E-27   0.523446E-31   0.336534E-27   0.185284E-30   0.838643E-27   0.132209E-26
   0.333333E+00   0.389381E-36   0.703427E-36   0.129002E-32   0.219755E-35   0.383738E-35   0.665645E-35   0.115863E-34   0.202196E-34   0.265230E-31   0.626815E-34   0.110842E-33   0.198918E-33   0.553231E-24   0.149765E-17   0.172545E-13   0.554578E-12   0.927658E-13   0.398821E-16   0.434372E-20   0.528953E-25   0.269588E-25   0.264899E-29   0.665838E-25   0.388766E-29   0.165888E-24   0.261495E-24
   0.333333E+00   0.263166E-31   0.475978E-31   0.842270E-28   0.147514E-30   0.255282E-30   0.437292E-30   0.749483E-30   0.128424E-29   0.162069E-26   0.380210E-29   0.653534E-29   0.114002E-28   0.109797E-20   0.297130E-14   0.341114E-10   0.109328E-08   0.182926E-09   0.788239E-13   0.859097E-17   0.104447E-21   0.527273E-22   0.191971E-24   0.130084E-21   0.273434E-24   0.323894E-21   0.510455E-21
   0.333333E+00   0.223320E-30   0.373423E-30   0.132595E-29   0.999820E-30   0.161721E-29   0.260366E-29   0.418223E-29   0.670553E-29   0.222625E-28   0.171810E-28   0.274555E-28   0.438814E-28   0.260093E-23   0.703398E-17   0.807195E-13   0.258629E-11   0.428723E-12   0.185619E-15   0.201903E-19   0.246104E-24   0.124592E-24   0.470965E-26   0.307261E-24   0.117634E-25   0.764735E-24   0.120502E-23
   0.333333E+00   0.262581E-32   0.416821E-32   0.130032E-31   0.105047E-31   0.166782E-31   0.264823E-31   0.420548E-31   0.667949E-31   0.209664E-30   0.168608E-30   0.267998E-30   0.426141E-30   0.224359E-25   0.606908E-19   0.696571E-15   0.223229E-13   0.369844E-14   0.160124E-17   0.174141E-21   0.212328E-26   0.107661E-26   0.468847E-28   0.265842E-26   0.123970E-27   0.663024E-26   0.104631E-25
   0.333333E+00   0.653343E-30   0.103686E-29   0.323799E-29   0.261140E-29   0.414425E-29   0.657677E-29   0.104369E-28   0.165624E-28   0.521044E-28   0.417050E-28   0.661750E-28   0.104996E-27   0.585036E-23   0.158217E-16   0.181563E-12   0.581733E-11   0.964420E-12   0.417542E-15   0.454184E-19   0.553593E-24   0.280241E-24   0.105363E-25   0.691108E-24   0.263160E-25   0.172008E-23   0.271038E-23
   0.333333E+00   0.000000E+00   0.000000E+00   0.000000E+00   0.000000E+00   0.000000E+00   0.000000E+00   0.000000E+00   0.000000E+00   0.000000E+00   0.000000E+00   0.000000E+00   0.000000E+00   0.000000E+00   0.000000E+00   0.000000E+00   0.000000E+00   0.000000E+00   0.000000E+00   0.000000E+00   0.000000E+00   0.000000E+00   0.000000E+00   0.000000E+00   0.000000E+00   0.000000E+00   0.000000E+00
   0.333333E+00   0.230921E-26   0.461838E-26   0.924433E-26   0.184734E-25   0.369466E-25   0.738929E-25   0.147786E-24   0.295570E-24   0.591286E-24   0.118228E-23   0.236456E-23   0.472911E-23   0.809708E-20   0.412311E-13   0.596108E-09   0.240744E-07   0.492491E-08   0.176332E-11   0.197822E-15   0.236812E-20   0.246264E-20   0.484255E-20   0.972166E-20   0.193704E-19   0.387834E-19   0.775438E-19
   0.500000E+00   0.218750E-25   0.437500E-25   0.875000E-25   0.175000E-24   0.350000E-24   0.700000E-24   0.140000E-23   0.280000E-23   0.560000E-23   0.112000E-22   0.224000E-22   0.448000E-22   0.718280E-19   0.369238E-12   0.538475E-08   0.218727E-06   0.551342E-07   0.355968E-10   0.919995E-14   0.649503E-19   0.227849E-19   0.458912E-19   0.921044E-19   0.183500E-18   0.367196E-18   0.734246E-18
   0.500000E+00   0.867021E-40   0.163540E-35   0.327075E-35   0.654159E-35   0.130831E-34   0.261665E-34   0.523327E-34   0.104665E-33   0.209327E-33   0.278405E-37   0.837321E-33   0.167464E-32   0.281800E-33   0.144862E-26   0.207677E-22   0.363456E-21   0.141484E-21   0.197539E-25   0.454615E-29   0.880493E-34   0.214549E-31   0.770650E-34   0.269246E-33   0.685925E-29   0.468630E-33   0.739804E-33
   0.500000E+00   0.819613E-38   0.163549E-35   0.327098E-35   0.654193E-35   0.130838E-34   0.261675E-34   0.523355E-34   0.104670E-33   0.209330E-33   0.630441E-36   0.837357E-33   0.167464E-32   0.665335E-31   0.180783E-24   0.209539E-20   0.675302E-19   0.140287E-19   0.108623E-22   0.272454E-26   0.196036E-31   0.214472E-31   0.132244E-32   0.850409E-32   0.171861E-30   0.210143E-31   0.339323E-31
   0.500000E+00   0.230691E-39   0.163549E-35   0.327095E-35   0.654192E-35   0.130838E-34   0.261675E-34   0.523349E-34   0.104671E-33   0.209330E-33   0.376158E-37   0.837357E-33   0.167463E-32   0.161916E-32   0.419854E-26   0.469064E-22   0.184636E-20   0.385750E-21   0.220125E-24   0.606123E-28   0.469964E-33   0.214549E-31   0.863128E-34   0.413716E-33   0.685922E-29   0.468637E-33   0.887764E-33
   0.500000E+00   0.353163E-37   0.163549E-35   0.327095E-35   0.654190E-35   0.130838E-34   0.261675E-34   0.523348E-34   0.104671E-33   0.209329E-33   0.281968E-35   0.837357E-33   0.167463E-32   0.309092E-30   0.837989E-24   0.970784E-20   0.313154E-18   0.650131E-19   0.503446E-22   0.126474E-25   0.909041E-31   0.214671E-31   0.616828E-32   0.390369E-31   0.171811E-30   0.974257E-31   0.153731E-30
   0.500000E+00   0.684862E-35   0.410718E-37   0.821553E-37   0.164334E-36   0.328574E-36   0.656960E-36   0.131411E-35   0.262709E-35   0.524477E-35   0.560055E-33   0.210137E-34   0.419732E-34   0.621503E-28   0.168411E-21   0.195165E-17   0.629411E-16   0.130718E-16   0.101281E-19   0.254440E-23   0.182813E-28   0.238187E-31   0.122508E-29   0.783012E-29   0.172156E-30   0.194819E-28   0.307014E-28
   0.500000E+00   0.141317E-32   0.417947E-37   0.836012E-37   0.167308E-36   0.334663E-36   0.669468E-36   0.133894E-35   0.267825E-35   0.534822E-35   0.107573E-30   0.214350E-34   0.427827E-34   0.101977E-25   0.276186E-19   0.319630E-15   0.102973E-13   0.212844E-14   0.163604E-17   0.409495E-21   0.295459E-26   0.474126E-30   0.215186E-27   0.127651E-26   0.228141E-30   0.317507E-26   0.500306E-26
   0.500000E+00   0.833132E-39   0.163547E-35   0.327097E-35   0.654188E-35   0.130839E-34   0.261674E-34   0.523350E-34   0.104670E-33   0.209328E-33   0.654515E-37   0.837357E-33   0.167463E-32   0.693038E-32   0.185374E-25   0.225939E-21   0.696382E-20   0.150771E-20   0.112314E-23   0.282602E-27   0.212010E-32   0.214564E-31   0.191121E-33   0.102048E-32   0.171774E-30   0.246647E-32   0.350174E-32
   0.500000E+00   0.150679E-36   0.163549E-35   0.327097E-35   0.654186E-35   0.130838E-34   0.261674E-34   0.523352E-34   0.104670E-33   0.209330E-33   0.123184E-34   0.210167E-34   0.419431E-34   0.136391E-29   0.369621E-23   0.428331E-19   0.138148E-17   0.286916E-18   0.222279E-21   0.558471E-25   0.401286E-30   0.215008E-31   0.269697E-31   0.171964E-30   0.171885E-30   0.428032E-30   0.674800E-30
   0.500000E+00   0.281499E-34   0.410718E-37   0.821494E-37   0.164311E-36   0.328504E-36   0.657242E-36   0.131458E-35   0.262935E-35   0.524741E-35   0.237351E-32   0.210212E-34   0.419732E-34   0.263958E-27   0.715288E-21   0.829278E-17   0.267536E-15   0.555771E-16   0.430463E-19   0.108098E-22   0.777169E-28   0.315041E-31   0.521322E-29   0.333193E-28   0.173056E-30   0.829063E-28   0.130654E-27
   0.500000E+00   0.445691E-32   0.434933E-37   0.871747E-37   0.174725E-36   0.350297E-36   0.701488E-36   0.140476E-35   0.281178E-35   0.561717E-35   0.364236E-30   0.225199E-34   0.449825E-34   0.292633E-25   0.792313E-19   0.917514E-15   0.295739E-13   0.608920E-14   0.469694E-17   0.117544E-20   0.848116E-26   0.186055E-29   0.680309E-27   0.367173E-26   0.399286E-30   0.913330E-26   0.143922E-25
   0.500000E+00   0.244869E-31   0.442571E-36   0.930574E-36   0.193689E-35   0.399884E-35   0.820255E-35   0.167390E-34   0.340177E-34   0.688930E-34   0.161410E-29   0.277733E-33   0.558929E-33   0.889875E-25   0.240787E-18   0.278163E-14   0.894883E-13   0.183174E-13   0.142358E-16   0.356076E-20   0.256636E-25   0.690835E-28   0.249235E-26   0.110398E-25   0.401168E-28   0.274458E-25   0.432403E-25
   0.500000E+00   0.261048E-32   0.706576E-35   0.145620E-34   0.298265E-34   0.607930E-34   0.123427E-33   0.249818E-33   0.504395E-33   0.101640E-32   0.167742E-30   0.406183E-32   0.815427E-32   0.644110E-26   0.174177E-19   0.201170E-15   0.647101E-14   0.131525E-14   0.102508E-17   0.256088E-21   0.185083E-26   0.922531E-29   0.232545E-27   0.797903E-27   0.438306E-28   0.198444E-26   0.312957E-26
   0.500000E+00   0.311800E-38   0.163547E-35   0.327093E-35   0.654188E-35   0.130837E-34   0.261677E-34   0.523347E-34   0.104671E-33   0.209330E-33   0.276100E-36   0.837351E-33   0.167463E-32   0.277311E-31   0.755492E-25   0.876900E-21   0.283932E-19   0.591381E-20   0.448439E-23   0.114858E-26   0.839861E-32   0.214518E-31   0.554868E-33   0.357243E-32   0.171861E-30   0.890397E-32   0.145988E-31
   0.500000E+00   0.573311E-36   0.163547E-35   0.327095E-35   0.654190E-35   0.130837E-34   0.656866E-36   0.131383E-35   0.262747E-35   0.524477E-35   0.482611E-34   0.210182E-34   0.419582E-34   0.536384E-29   0.145357E-22   0.168519E-18   0.543662E-17   0.112943E-17   0.875179E-21   0.219902E-24   0.158036E-29   0.216600E-31   0.105995E-30   0.677182E-30   0.171836E-30   0.168524E-29   0.265604E-29
   0.500000E+00   0.112830E-33   0.411159E-37   0.821964E-37   0.164499E-36   0.328950E-36   0.657807E-36   0.131561E-35   0.263048E-35   0.525305E-35   0.980919E-32   0.210498E-34   0.420304E-34   0.108512E-26   0.294053E-20   0.341041E-16   0.110057E-14   0.228576E-15   0.176323E-18   0.441770E-22   0.317990E-27   0.631980E-31   0.216278E-28   0.137197E-27   0.176951E-30   0.341402E-27   0.538035E-27
   0.500000E+00   0.110598E-31   0.494295E-37   0.998347E-37   0.201268E-36   0.405263E-36   0.812972E-36   0.163328E-35   0.327690E-35   0.656133E-35   0.836162E-30   0.263236E-34   0.526501E-34   0.579538E-25   0.156851E-18   0.181454E-14   0.584415E-13   0.119840E-13   0.928675E-17   0.232319E-20   0.167556E-25   0.734521E-29   0.149573E-26   0.723645E-26   0.107514E-29   0.179961E-25   0.283559E-25
   0.500000E+00   0.285389E-31   0.144559E-35   0.307289E-35   0.645120E-35   0.134098E-34   0.273148E-34   0.559778E-34   0.114147E-33   0.231820E-33   0.184314E-29   0.935366E-33   0.188512E-32   0.954051E-25   0.258151E-18   0.298207E-14   0.959332E-13   0.196367E-13   0.152615E-16   0.381734E-20   0.275123E-25   0.797756E-28   0.270941E-26   0.118334E-25   0.139641E-27   0.294183E-25   0.463477E-25
   0.500000E+00   0.281548E-32   0.214287E-34   0.459415E-34   0.971023E-34   0.202923E-33   0.414787E-33   0.852906E-33   0.174377E-32   0.354828E-32   0.185178E-30   0.142749E-31   0.284977E-31   0.692847E-26   0.187356E-19   0.216392E-15   0.696072E-14   0.141480E-14   0.110266E-17   0.275469E-21   0.199090E-26   0.975724E-29   0.250038E-27   0.860032E-27   0.467996E-28   0.214703E-26   0.339528E-26
   0.500000E+00   0.314994E-32   0.948264E-33   0.154926E-32   0.251344E-32   0.405789E-32   0.652584E-32   0.104783E-31   0.168005E-31   0.269173E-31   0.207278E-30   0.690860E-31   0.110814E-30   0.647625E-26   0.175300E-19   0.202578E-15   0.652082E-14   0.132637E-14   0.103305E-17   0.258107E-21   0.186529E-26   0.926951E-29   0.233996E-27   0.810504E-27   0.452665E-28   0.202864E-26   0.321171E-26
   0.500000E+00   0.734684E-40   0.163548E-35   0.327097E-35   0.654196E-35   0.130837E-34   0.261675E-34   0.523352E-34   0.104670E-33   0.209329E-33   0.263311E-37   0.837354E-33   0.167461E-32   0.281800E-33   0.613822E-27   0.787742E-23   0.363456E-21   0.148595E-21   0.564386E-26   0.303062E-29   0.111179E-33   0.214487E-31   0.739824E-34   0.198223E-33   0.171861E-30   0.468630E-33   0.789124E-33
   0.500000E+00   0.228035E-35   0.410688E-37   0.821729E-37   0.164287E-36   0.328480E-36   0.657007E-36   0.131392E-35   0.262690E-35   0.524327E-35   0.197858E-33   0.210242E-34   0.419582E-34   0.220475E-28   0.597492E-22   0.692996E-18   0.223644E-16   0.464731E-17   0.360182E-20   0.905156E-24   0.650644E-29   0.222984E-31   0.436250E-30   0.278832E-29   0.171910E-30   0.693888E-29   0.109356E-28
   0.500000E+00   0.409487E-33   0.425323E-37   0.847296E-37   0.168801E-36   0.336403E-36   0.670737E-36   0.133809E-35   0.266960E-35   0.532076E-35   0.367068E-31   0.212545E-34   0.423825E-34   0.390434E-26   0.105794E-19   0.122727E-15   0.396124E-14   0.821907E-15   0.631446E-18   0.158071E-21   0.113938E-26   0.178394E-30   0.798577E-28   0.494085E-27   0.191335E-30   0.122952E-26   0.193769E-26
   0.500000E+00   0.168644E-31   0.286541E-36   0.520121E-36   0.935694E-36   0.167710E-35   0.299869E-35   0.539928E-35   0.978407E-35   0.178611E-34   0.116318E-29   0.609482E-34   0.114298E-33   0.768085E-25   0.207854E-18   0.240263E-14   0.773326E-13   0.158396E-13   0.122998E-16   0.307674E-20   0.221775E-25   0.252514E-28   0.206900E-26   0.955540E-26   0.350596E-29   0.237587E-25   0.374335E-25
   0.500000E+00   0.308982E-31   0.459146E-34   0.823748E-34   0.145671E-33   0.255437E-33   0.444463E-33   0.776336E-33   0.136066E-32   0.239916E-32   0.197692E-29   0.758722E-32   0.137293E-31   0.100201E-24   0.271129E-18   0.313195E-14   0.100753E-12   0.206242E-13   0.160288E-16   0.400930E-20   0.288952E-25   0.852733E-28   0.287651E-26   0.124276E-25   0.262692E-27   0.308950E-25   0.486742E-25
   0.500000E+00   0.332122E-32   0.608055E-33   0.104038E-32   0.175416E-32   0.293015E-32   0.485775E-32   0.804020E-32   0.132847E-31   0.219353E-31   0.225233E-30   0.596590E-31   0.985127E-31   0.744146E-26   0.201258E-19   0.232485E-15   0.748036E-14   0.152081E-14   0.118499E-17   0.296049E-21   0.213960E-26   0.103146E-28   0.268323E-27   0.927543E-27   0.492002E-28   0.231907E-26   0.366909E-26
   0.500000E+00   0.356090E-32   0.116850E-32   0.185671E-32   0.295080E-32   0.469087E-32   0.745970E-32   0.118685E-31   0.188942E-31   0.301016E-31   0.228541E-30   0.766367E-31   0.122533E-30   0.712467E-26   0.192835E-19   0.222831E-15   0.717233E-14   0.145881E-14   0.113626E-17   0.283892E-21   0.205164E-26   0.996841E-29   0.256943E-27   0.890830E-27   0.479587E-28   0.222831E-26   0.352628E-26
   0.500000E+00   0.822846E-40   0.163547E-35   0.327095E-35   0.654193E-35   0.130837E-34   0.261674E-34   0.131392E-35   0.262728E-35   0.524477E-35   0.248264E-37   0.210137E-34   0.419582E-34   0.482404E-33   0.137496E-26   0.211258E-22   0.363456E-21   0.141536E-21   0.536120E-25   0.681872E-29   0.174668E-33   0.214487E-31   0.678172E-34   0.228929E-33   0.171774E-30   0.468630E-33   0.937085E-33
   0.500000E+00   0.730570E-38   0.410630E-37   0.821200E-37   0.164252E-36   0.328527E-36   0.656819E-36   0.131373E-35   0.262784E-35   0.524552E-35   0.674828E-36   0.210137E-34   0.419491E-34   0.725278E-31   0.196963E-24   0.228875E-20   0.739706E-19   0.153785E-19   0.119106E-22   0.299642E-26   0.221045E-31   0.214487E-31   0.153514E-32   0.924481E-32   0.171787E-30   0.230122E-31   0.366943E-31
   0.500000E+00   0.157043E-35   0.410894E-37   0.821318E-37   0.164346E-36   0.328527E-36   0.656960E-36   0.131364E-35   0.262859E-35   0.524440E-35   0.143468E-33   0.210152E-34   0.419582E-34   0.134508E-28   0.364449E-22   0.422740E-18   0.136443E-16   0.282333E-17   0.216885E-20   0.542976E-24   0.392028E-29   0.220703E-31   0.289801E-30   0.170433E-29   0.171897E-30   0.424381E-29   0.669345E-29
   0.500000E+00   0.215224E-31   0.254453E-35   0.448990E-35   0.779588E-35   0.133875E-34   0.227836E-34   0.386545E-34   0.656150E-34   0.111575E-33   0.144697E-29   0.325589E-33   0.562459E-33   0.892395E-25   0.241484E-18   0.279017E-14   0.897759E-13   0.183853E-13   0.142842E-16   0.357316E-20   0.257497E-25   0.554372E-28   0.244144E-26   0.110806E-25   0.135253E-28   0.275483E-25   0.434026E-25
   0.500000E+00   0.303730E-31   0.435465E-33   0.771246E-33   0.134143E-32   0.230335E-32   0.391263E-32   0.661474E-32   0.111709E-31   0.188687E-31   0.194959E-29   0.540367E-31   0.922838E-31   0.988196E-25   0.267401E-18   0.308889E-14   0.993685E-13   0.203497E-13   0.158127E-16   0.395555E-20   0.285028E-25   0.830807E-28   0.281032E-26   0.122569E-25   0.305457E-27   0.304708E-25   0.480058E-25
   0.500000E+00   0.319634E-33   0.102275E-33   0.165344E-33   0.267368E-33   0.433026E-33   0.703165E-33   0.114628E-32   0.187814E-32   0.309638E-32   0.215240E-31   0.861536E-32   0.145797E-31   0.646724E-27   0.176150E-20   0.204385E-16   0.661509E-15   0.135300E-15   0.104849E-18   0.262180E-22   0.189380E-27   0.297636E-29   0.274752E-28   0.879599E-28   0.210246E-28   0.232581E-27   0.382128E-27
   0.500000E+00   0.370397E-32   0.121741E-32   0.193391E-32   0.307279E-32   0.488378E-32   0.776495E-32   0.123516E-31   0.196588E-31   0.313118E-31   0.237615E-30   0.796693E-31   0.127333E-30   0.741062E-26   0.200568E-19   0.231763E-15   0.745963E-14   0.151722E-14   0.118178E-17   0.295265E-21   0.213382E-26   0.102732E-28   0.266984E-27   0.926253E-27   0.491321E-28   0.231636E-26   0.366500E-26
   0.500000E+00   0.465805E-33   0.482423E-37   0.945509E-37   0.185458E-36   0.364380E-36   0.716864E-36   0.141417E-35   0.279392E-35   0.553253E-35   0.415796E-31   0.217946E-34   0.432702E-34   0.464328E-26   0.125839E-19   0.146011E-15   0.471358E-14   0.979741E-15   0.759434E-18   0.190880E-21   0.137234E-26   0.199688E-30   0.920195E-28   0.588265E-27   0.195033E-30   0.146397E-26   0.230721E-26
   0.500000E+00   0.948025E-33   0.557625E-37   0.107740E-36   0.208227E-36   0.402959E-36   0.782080E-36   0.152316E-35   0.297673E-35   0.583797E-35   0.874398E-31   0.226462E-34   0.446906E-34   0.978512E-26   0.265202E-19   0.307857E-15   0.994195E-14   0.206700E-14   0.160120E-17   0.402210E-21   0.289341E-26   0.397872E-30   0.194367E-27   0.124224E-26   0.220782E-30   0.309172E-26   0.487271E-26
   0.500000E+00   0.199449E-30   0.358712E-35   0.629765E-35   0.108770E-34   0.185643E-34   0.313757E-34   0.527757E-34   0.886338E-34   0.148835E-33   0.172931E-28   0.421282E-33   0.714544E-33   0.153787E-23   0.416590E-17   0.482930E-13   0.155790E-11   0.322245E-12   0.248471E-15   0.622421E-19   0.447851E-24   0.933436E-28   0.331719E-25   0.193952E-24   0.122952E-28   0.482563E-24   0.760472E-24
   0.500000E+00   0.431303E-27   0.251231E-30   0.443010E-30   0.767123E-30   0.131054E-29   0.221368E-29   0.371585E-29   0.621875E-29   0.103908E-28   0.285744E-25   0.289789E-28   0.486782E-28   0.232361E-20   0.629401E-14   0.727340E-10   0.234045E-08   0.484985E-09   0.374220E-12   0.937858E-16   0.673669E-21   0.121092E-23   0.465063E-22   0.289057E-21   0.876407E-24   0.718809E-21   0.113254E-20
   0.500000E+00   0.307740E-29   0.964778E-30   0.154192E-29   0.245895E-29   0.391602E-29   0.623071E-29   0.990784E-29   0.157491E-28   0.250272E-28   0.197571E-27   0.631633E-28   0.100328E-27   0.812711E-23   0.219894E-16   0.254005E-12   0.817108E-11   0.167305E-11   0.130015E-14   0.325221E-18   0.234363E-23   0.670903E-26   0.232481E-24   0.100782E-23   0.255570E-25   0.250541E-23   0.394717E-23
   0.500000E+00   0.301826E-31   0.979231E-32   0.155423E-31   0.246692E-31   0.391568E-31   0.621548E-31   0.986646E-31   0.156629E-30   0.248664E-30   0.192492E-29   0.626921E-30   0.995620E-30   0.745340E-25   0.201657E-18   0.232944E-14   0.749388E-13   0.153242E-13   0.119142E-16   0.297956E-20   0.214830E-25   0.673245E-28   0.223106E-26   0.924863E-26   0.266708E-27   0.230054E-25   0.362596E-25
   0.500000E+00   0.689508E-29   0.222996E-29   0.353895E-29   0.561627E-29   0.891288E-29   0.141444E-28   0.224462E-28   0.356199E-28   0.565238E-28   0.439516E-27   0.142317E-27   0.225806E-27   0.181416E-22   0.490860E-16   0.567006E-12   0.182400E-10   0.373534E-11   0.290257E-14   0.726077E-18   0.523195E-23   0.148644E-25   0.516041E-24   0.224972E-23   0.566025E-25   0.559275E-23   0.881115E-23
   0.500000E+00   0.000000E+00   0.000000E+00   0.000000E+00   0.000000E+00   0.000000E+00   0.000000E+00   0.000000E+00   0.000000E+00   0.000000E+00   0.000000E+00   0.000000E+00   0.000000E+00   0.000000E+00   0.000000E+00   0.000000E+00   0.000000E+00   0.000000E+00   0.000000E+00   0.000000E+00   0.000000E+00   0.000000E+00   0.000000E+00   0.000000E+00   0.000000E+00   0.000000E+00   0.000000E+00
   0.500000E+00   0.234798E-26   0.461856E-26   0.923700E-26   0.184738E-25   0.369473E-25   0.738941E-25   0.147787E-24   0.295574E-24   0.591145E-24   0.118485E-23   0.236457E-23   0.472913E-23   0.778909E-20   0.395373E-13   0.574892E-09   0.232972E-07   0.586315E-08   0.379092E-11   0.979498E-15   0.691615E-20   0.240528E-20   0.484845E-20   0.974829E-20   0.193704E-19   0.388252E-19   0.776079E-19
   0.666667E+00   0.218750E-25   0.420816E-25   0.875000E-25   0.171901E-24   0.350000E-24   0.694207E-24   0.140000E-23   0.278892E-23   0.560000E-23   0.112000E-22   0.223672E-22   0.448000E-22   0.681616E-19   0.351637E-12   0.516516E-08   0.210778E-06   0.632817E-07   0.562371E-10   0.123569E-13   0.238022E-18   0.224738E-19   0.459288E-19   0.922297E-19   0.183500E-18   0.367257E-18   0.734325E-18
   0.666667E+00   0.119019E-39   0.294724E-39   0.327075E-35   0.114613E-38   0.130831E-34   0.439530E-38   0.523327E-34   0.169101E-37   0.209327E-33   0.308450E-37   0.135658E-36   0.167464E-32   0.960884E-33   0.224472E-26   0.309116E-22   0.121871E-20   0.289472E-21   0.199470E-24   0.627351E-28   0.125590E-32   0.214011E-31   0.771309E-34   0.354905E-33   0.685918E-29   0.468708E-33   0.739886E-33
   0.666667E+00   0.270893E-37   0.931457E-38   0.327077E-35   0.260292E-37   0.130832E-34   0.705634E-37   0.523323E-34   0.188693E-36   0.209330E-33   0.200492E-35   0.838771E-36   0.167464E-32   0.198989E-30   0.539363E-24   0.628124E-20   0.203315E-18   0.504084E-19   0.535111E-22   0.114061E-25   0.219696E-30   0.214661E-31   0.949018E-32   0.262582E-31   0.171811E-30   0.654958E-31   0.103732E-30
   0.666667E+00   0.627420E-39   0.447270E-39   0.327079E-35   0.159608E-38   0.130831E-34   0.546629E-38   0.523322E-34   0.199014E-37   0.209330E-33   0.489006E-37   0.147629E-36   0.167463E-32   0.433758E-32   0.124862E-25   0.139789E-21   0.444060E-20   0.115001E-20   0.115717E-23   0.250105E-27   0.538479E-32   0.213996E-31   0.259160E-33   0.801982E-33   0.685918E-29   0.177616E-32   0.355145E-32
   0.666667E+00   0.117239E-36   0.401025E-37   0.327078E-35   0.113542E-36   0.130831E-34   0.306700E-36   0.523322E-34   0.809140E-36   0.209329E-33   0.916472E-35   0.340337E-35   0.167463E-32   0.924389E-30   0.250440E-23   0.291950E-19   0.944839E-18   0.234370E-18   0.249009E-21   0.530999E-25   0.102202E-29   0.216807E-31   0.439677E-31   0.121872E-30   0.171836E-30   0.303032E-30   0.477671E-30
   0.666667E+00   0.227718E-34   0.780186E-35   0.819731E-37   0.222607E-34   0.327869E-36   0.603036E-34   0.131195E-35   0.158702E-33   0.524477E-35   0.183421E-32   0.658345E-33   0.419732E-34   0.186009E-27   0.503896E-21   0.587622E-17   0.190223E-15   0.471976E-16   0.501578E-19   0.106974E-22   0.205911E-27   0.771172E-31   0.884947E-29   0.245412E-28   0.172662E-30   0.609817E-28   0.960790E-28
   0.666667E+00   0.457843E-32   0.157996E-32   0.845944E-37   0.440660E-32   0.338707E-36   0.117671E-31   0.135614E-35   0.306878E-31   0.542721E-35   0.340846E-30   0.126317E-30   0.434357E-34   0.289268E-25   0.782937E-19   0.911671E-15   0.294782E-13   0.726884E-14   0.769109E-17   0.163589E-20   0.314820E-25   0.106198E-28   0.143000E-26   0.378831E-26   0.342981E-30   0.941016E-26   0.148245E-25
   0.666667E+00   0.262723E-38   0.111417E-38   0.327076E-35   0.354671E-38   0.130831E-34   0.106859E-37   0.523320E-34   0.339392E-37   0.209327E-33   0.230961E-36   0.204623E-36   0.167464E-32   0.203327E-31   0.546215E-25   0.636779E-21   0.207602E-19   0.526334E-20   0.561175E-23   0.116520E-26   0.236729E-31   0.214087E-31   0.103972E-32   0.276581E-32   0.171811E-30   0.698128E-32   0.107037E-31
   0.666667E+00   0.500138E-36   0.171491E-36   0.327078E-35   0.489273E-36   0.130832E-34   0.132623E-35   0.523323E-34   0.349532E-35   0.209329E-33   0.402241E-34   0.144804E-34   0.419552E-34   0.407575E-29   0.110415E-22   0.128758E-18   0.416821E-17   0.103420E-17   0.109905E-20   0.234400E-24   0.451190E-29   0.226283E-31   0.193950E-30   0.537808E-30   0.171897E-30   0.133673E-29   0.210611E-29
   0.666667E+00   0.935103E-34   0.322622E-34   0.820201E-37   0.930055E-34   0.328104E-36   0.253591E-33   0.131270E-35   0.670113E-33   0.524853E-35   0.776505E-32   0.278947E-32   0.419823E-34   0.788561E-27   0.213625E-20   0.249225E-16   0.807054E-15   0.200272E-15   0.212561E-18   0.452586E-22   0.872858E-27   0.258201E-30   0.376138E-28   0.104232E-27   0.175571E-30   0.259023E-27   0.408110E-27
   0.666667E+00   0.133327E-31   0.546575E-32   0.908304E-37   0.156479E-31   0.365955E-36   0.423815E-31   0.147040E-35   0.111406E-30   0.589816E-35   0.105527E-29   0.461251E-30   0.472515E-34   0.773056E-25   0.209112E-18   0.243596E-14   0.787928E-13   0.193367E-13   0.205554E-16   0.436956E-20   0.840827E-25   0.416626E-28   0.406916E-26   0.101360E-25   0.858871E-30   0.251781E-25   0.396659E-25
   0.666667E+00   0.565641E-31   0.324651E-31   0.156033E-35   0.848894E-31   0.672340E-35   0.217966E-30   0.281888E-34   0.554724E-30   0.116151E-33   0.370205E-29   0.223531E-29   0.942791E-33   0.199460E-24   0.539188E-18   0.626723E-14   0.202367E-12   0.493899E-13   0.528448E-16   0.112224E-19   0.215941E-24   0.182210E-27   0.118155E-25   0.258834E-25   0.118590E-27   0.642633E-25   0.101225E-24
   0.666667E+00   0.732187E-32   0.457555E-32   0.328442E-34   0.117892E-31   0.137160E-33   0.300721E-31   0.563754E-33   0.764696E-31   0.229399E-32   0.472703E-30   0.310736E-30   0.184054E-31   0.187170E-25   0.505418E-19   0.587296E-15   0.189600E-13   0.459062E-14   0.493484E-17   0.104711E-20   0.201481E-25   0.226160E-28   0.125612E-26   0.242319E-26   0.776613E-28   0.601639E-26   0.947981E-26
   0.666667E+00   0.993440E-38   0.364662E-38   0.327076E-35   0.106932E-37   0.130832E-34   0.302668E-37   0.523324E-34   0.852532E-37   0.209329E-33   0.823786E-36   0.414837E-36   0.167462E-32   0.804378E-31   0.218322E-24   0.254918E-20   0.825363E-19   0.205055E-19   0.217821E-22   0.463988E-26   0.930036E-31   0.214283E-31   0.383803E-32   0.106705E-31   0.171786E-30   0.265437E-31   0.423708E-31
   0.666667E+00   0.185679E-35   0.640608E-36   0.327078E-35   0.184575E-35   0.130830E-34   0.502958E-35   0.131138E-35   0.132888E-34   0.524477E-35   0.153886E-33   0.553405E-34   0.419522E-34   0.156355E-28   0.423585E-22   0.494170E-18   0.160024E-16   0.397156E-17   0.422122E-20   0.900501E-24   0.173364E-28   0.261012E-31   0.745260E-30   0.206678E-29   0.171922E-30   0.513635E-29   0.809293E-29
   0.666667E+00   0.374349E-33   0.130074E-33   0.821435E-37   0.378861E-33   0.328598E-36   0.103975E-32   0.131458E-35   0.275880E-32   0.525794E-35   0.320478E-31   0.115241E-31   0.420635E-34   0.321954E-26   0.872144E-20   0.101784E-15   0.329693E-14   0.817829E-15   0.864769E-18   0.183858E-21   0.354658E-26   0.100268E-29   0.154631E-27   0.426182E-27   0.187724E-30   0.105914E-26   0.166880E-26
   0.666667E+00   0.298730E-31   0.131124E-31   0.115051E-36   0.355328E-31   0.471726E-36   0.930851E-31   0.191145E-35   0.239716E-30   0.772629E-35   0.217594E-29   0.975211E-30   0.621082E-34   0.141161E-24   0.381656E-18   0.444142E-14   0.143547E-12   0.350857E-13   0.374613E-16   0.795805E-20   0.153129E-24   0.109384E-27   0.794027E-26   0.184168E-25   0.290178E-29   0.457369E-25   0.720495E-25
   0.666667E+00   0.633647E-31   0.384531E-31   0.569176E-35   0.994390E-31   0.249378E-34   0.253629E-30   0.104447E-33   0.642778E-30   0.433271E-33   0.408989E-29   0.257997E-29   0.352818E-32   0.213480E-24   0.577084E-18   0.670748E-14   0.216577E-12   0.528572E-13   0.565559E-16   0.120105E-19   0.231105E-24   0.195484E-27   0.126948E-25   0.276983E-25   0.330121E-27   0.687685E-25   0.108321E-24
   0.666667E+00   0.789257E-32   0.495762E-32   0.112658E-33   0.128471E-31   0.499579E-33   0.330632E-31   0.210732E-32   0.852892E-31   0.877894E-32   0.520526E-30   0.359048E-30   0.699773E-31   0.201342E-25   0.543686E-19   0.631764E-15   0.203956E-13   0.493823E-14   0.530850E-17   0.112640E-20   0.216737E-25   0.241600E-28   0.135115E-26   0.260842E-26   0.830835E-28   0.648436E-26   0.102265E-25
   0.666667E+00   0.855835E-32   0.662538E-32   0.356334E-32   0.172869E-31   0.924568E-32   0.443074E-31   0.236987E-31   0.112646E-30   0.604368E-31   0.562004E-30   0.453769E-30   0.245416E-30   0.188207E-25   0.508383E-19   0.590848E-15   0.190790E-13   0.462053E-14   0.496590E-17   0.105374E-20   0.202757E-25   0.227385E-28   0.126331E-26   0.244487E-26   0.791729E-28   0.608310E-26   0.959740E-26
   0.666667E+00   0.955089E-40   0.274187E-39   0.327097E-35   0.115468E-38   0.130837E-34   0.419676E-38   0.523346E-34   0.168617E-37   0.209331E-33   0.300927E-37   0.127753E-36   0.167463E-32   0.589222E-33   0.217457E-26   0.182035E-22   0.784459E-21   0.160850E-21   0.301421E-24   0.368045E-28   0.135940E-32   0.214072E-31   0.771309E-34   0.260281E-33   0.171774E-30   0.468708E-33   0.789212E-33
   0.666667E+00   0.735617E-35   0.255530E-35   0.821905E-37   0.743753E-35   0.328692E-36   0.204028E-34   0.131383E-35   0.541221E-34   0.524552E-35   0.628459E-33   0.226053E-33   0.419492E-34   0.640038E-28   0.173401E-21   0.202382E-17   0.655581E-16   0.162752E-16   0.173012E-19   0.369159E-23   0.710851E-28   0.406442E-31   0.305618E-29   0.847619E-29   0.172144E-30   0.210657E-28   0.331919E-28
   0.666667E+00   0.132329E-32   0.463109E-33   0.919178E-37   0.136284E-32   0.357468E-36   0.376457E-32   0.139771E-35   0.100297E-31   0.549191E-35   0.116754E-30   0.420426E-31   0.432612E-34   0.111403E-25   0.301722E-19   0.352181E-15   0.114092E-13   0.282630E-14   0.298264E-17   0.634447E-21   0.122199E-25   0.361085E-29   0.541836E-27   0.147541E-26   0.231074E-30   0.366672E-26   0.577738E-26
   0.666667E+00   0.406001E-31   0.179393E-31   0.169376E-35   0.476408E-31   0.512689E-35   0.123617E-30   0.153042E-34   0.316868E-30   0.464615E-34   0.276209E-29   0.128573E-29   0.260094E-33   0.173993E-24   0.470395E-18   0.547031E-14   0.176704E-12   0.431603E-13   0.461440E-16   0.980065E-20   0.188583E-24   0.150655E-27   0.100648E-25   0.226299E-25   0.100827E-28   0.561916E-25   0.885143E-25
   0.666667E+00   0.673690E-31   0.416476E-31   0.311603E-33   0.107347E-30   0.935046E-33   0.273350E-30   0.273778E-32   0.692276E-30   0.808043E-32   0.433110E-29   0.277913E-29   0.427443E-31   0.223772E-24   0.604909E-18   0.703083E-14   0.227015E-12   0.554077E-13   0.592834E-16   0.125898E-19   0.242251E-24   0.204704E-27   0.133337E-25   0.290327E-25   0.497985E-27   0.720811E-25   0.113539E-24
   0.666667E+00   0.950074E-32   0.709736E-32   0.325329E-32   0.185933E-31   0.861452E-32   0.478630E-31   0.225074E-31   0.122316E-30   0.586169E-31   0.629787E-30   0.497383E-30   0.246389E-30   0.216302E-25   0.584112E-19   0.678773E-15   0.219151E-13   0.530655E-14   0.570402E-17   0.121034E-20   0.232888E-25   0.257937E-28   0.145140E-26   0.280606E-26   0.881643E-28   0.697921E-26   0.110087E-25
   0.666667E+00   0.958366E-32   0.749558E-32   0.418763E-32   0.193219E-31   0.105608E-31   0.491944E-31   0.266504E-31   0.124571E-30   0.673230E-31   0.618975E-30   0.500162E-30   0.271218E-30   0.207003E-25   0.559138E-19   0.649826E-15   0.209830E-13   0.508158E-14   0.546150E-17   0.115890E-20   0.222992E-25   0.247807E-28   0.138892E-26   0.268821E-26   0.852309E-28   0.668716E-26   0.105489E-25
   0.666667E+00   0.170447E-39   0.144160E-39   0.821083E-37   0.577338E-39   0.328504E-36   0.223827E-38   0.131448E-35   0.899207E-38   0.525455E-35   0.308450E-37   0.570924E-37   0.420334E-34   0.983547E-33   0.292281E-26   0.329724E-22   0.126074E-20   0.285441E-21   0.217200E-24   0.644074E-28   0.197323E-32   0.213996E-31   0.678752E-34   0.303358E-33   0.171774E-30   0.468708E-33   0.937189E-33
   0.666667E+00   0.238669E-37   0.844891E-38   0.821494E-37   0.249987E-37   0.328457E-36   0.694797E-37   0.131430E-35   0.187335E-36   0.525531E-35   0.212153E-35   0.812815E-36   0.420244E-34   0.214078E-30   0.580376E-24   0.677857E-20   0.219845E-18   0.545919E-19   0.580013E-22   0.123754E-25   0.248543E-30   0.214782E-31   0.103232E-31   0.285583E-31   0.171823E-30   0.712930E-31   0.112660E-30
   0.666667E+00   0.501067E-35   0.180787E-35   0.822317E-37   0.537505E-35   0.328833E-36   0.149431E-34   0.131495E-35   0.399722E-34   0.525643E-35   0.442802E-33   0.168147E-33   0.420485E-34   0.372757E-28   0.100917E-21   0.117757E-17   0.381404E-16   0.941213E-17   0.995438E-20   0.211751E-23   0.407825E-28   0.361164E-31   0.187318E-29   0.493331E-29   0.172095E-30   0.122627E-28   0.193304E-28
   0.666667E+00   0.500620E-31   0.253957E-31   0.184018E-34   0.677117E-31   0.533320E-34   0.176058E-30   0.149386E-33   0.451765E-30   0.414511E-33   0.335565E-29   0.183475E-29   0.193809E-32   0.197102E-24   0.532870E-18   0.619475E-14   0.200050E-12   0.488604E-13   0.522528E-16   0.110977E-19   0.213540E-24   0.175466E-27   0.115087E-25   0.255974E-25   0.400397E-28   0.635554E-25   0.100111E-24
   0.666667E+00   0.646957E-31   0.411672E-31   0.322389E-32   0.106760E-30   0.940645E-32   0.273230E-30   0.264052E-31   0.695101E-30   0.731508E-31   0.419883E-29   0.281001E-29   0.338811E-30   0.216541E-24   0.585415E-18   0.680437E-14   0.219705E-12   0.536588E-13   0.573900E-16   0.121886E-19   0.234531E-24   0.194950E-27   0.127888E-25   0.280991E-25   0.522792E-27   0.697639E-25   0.109889E-24
   0.666667E+00   0.873083E-33   0.682625E-33   0.381548E-33   0.176820E-32   0.977266E-33   0.452890E-32   0.251744E-32   0.115668E-31   0.655257E-32   0.573987E-31   0.474656E-31   0.284262E-31   0.188417E-26   0.509992E-20   0.593511E-16   0.191999E-14   0.465777E-15   0.499790E-18   0.106082E-21   0.204121E-26   0.430202E-29   0.130656E-27   0.251803E-27   0.244547E-28   0.639042E-27   0.102233E-26
   0.666667E+00   0.995681E-32   0.778820E-32   0.435303E-32   0.200752E-31   0.109764E-31   0.511099E-31   0.276951E-31   0.129414E-30   0.699495E-31   0.642993E-30   0.519549E-30   0.281684E-30   0.215168E-25   0.581189E-19   0.675449E-15   0.218102E-13   0.528196E-14   0.567685E-17   0.120460E-20   0.231784E-25   0.256581E-28   0.144323E-26   0.279393E-26   0.878223E-28   0.694960E-26   0.109623E-25
   0.666667E+00   0.114545E-32   0.400597E-33   0.124403E-36   0.117720E-32   0.449509E-36   0.324883E-32   0.164861E-35   0.865071E-32   0.616899E-35   0.100673E-30   0.362446E-31   0.461681E-34   0.102739E-25   0.278352E-19   0.325005E-15   0.105313E-13   0.261518E-14   0.278041E-17   0.593386E-21   0.114284E-25   0.311670E-29   0.491423E-27   0.136303E-26   0.225836E-30   0.338772E-26   0.533789E-26
   0.666667E+00   0.256221E-32   0.902809E-33   0.177999E-36   0.268238E-32   0.605003E-36   0.745445E-32   0.208298E-35   0.199362E-31   0.736066E-35   0.232650E-30   0.838408E-31   0.515487E-34   0.237670E-25   0.643938E-19   0.752194E-15   0.243824E-13   0.605551E-14   0.642755E-17   0.136878E-20   0.264232E-25   0.720530E-29   0.114027E-26   0.315930E-26   0.297166E-30   0.785286E-26   0.123738E-25
   0.666667E+00   0.440553E-30   0.185913E-30   0.210352E-34   0.542201E-30   0.613149E-34   0.148317E-29   0.171762E-33   0.392039E-29   0.473413E-33   0.367536E-28   0.162997E-28   0.216456E-32   0.305281E-23   0.826498E-17   0.963843E-13   0.312023E-11   0.770306E-12   0.816738E-15   0.173711E-18   0.334277E-23   0.153362E-26   0.152910E-24   0.402527E-24   0.281216E-28   0.100016E-23   0.157578E-23
   0.666667E+00   0.732730E-27   0.422135E-27   0.147381E-29   0.110582E-26   0.432693E-29   0.284168E-26   0.121568E-28   0.723474E-26   0.334908E-28   0.480561E-25   0.291578E-25   0.152103E-27   0.387536E-20   0.104950E-13   0.122047E-09   0.394210E-08   0.976045E-09   0.103380E-11   0.219930E-15   0.423187E-20   0.269218E-23   0.182518E-21   0.504923E-21   0.191981E-23   0.125401E-20   0.197537E-20
   0.666667E+00   0.635135E-29   0.492292E-29   0.271389E-29   0.126907E-28   0.685198E-29   0.322964E-28   0.172794E-28   0.817148E-28   0.435504E-28   0.408988E-27   0.327370E-27   0.174140E-27   0.179434E-22   0.485029E-16   0.563737E-12   0.182020E-10   0.444425E-11   0.475408E-14   0.100965E-17   0.194275E-22   0.160784E-25   0.106389E-23   0.232774E-23   0.438963E-25   0.577917E-23   0.910304E-23
   0.666667E+00   0.664666E-31   0.516912E-31   0.287163E-31   0.133100E-30   0.723352E-31   0.338542E-30   0.182220E-30   0.856352E-30   0.459071E-30   0.427325E-29   0.343065E-29   0.183616E-29   0.174415E-24   0.471351E-18   0.547816E-14   0.176877E-12   0.431033E-13   0.461594E-16   0.980113E-20   0.188592E-24   0.166517E-27   0.106548E-25   0.226223E-25   0.477519E-27   0.561774E-25   0.885030E-25
   0.666667E+00   0.139751E-28   0.108466E-28   0.601636E-29   0.279276E-28   0.151522E-28   0.710289E-28   0.381590E-28   0.179648E-27   0.960911E-28   0.898304E-27   0.719456E-27   0.383870E-27   0.397550E-22   0.107465E-15   0.124905E-11   0.403296E-10   0.984958E-11   0.105346E-13   0.223735E-17   0.430508E-22   0.353796E-25   0.234772E-23   0.515759E-23   0.962596E-25   0.128050E-22   0.201698E-22
   0.666667E+00   0.000000E+00   0.000000E+00   0.000000E+00   0.000000E+00   0.000000E+00   0.000000E+00   0.000000E+00   0.000000E+00   0.000000E+00   0.000000E+00   0.000000E+00   0.000000E+00   0.000000E+00   0.000000E+00   0.000000E+00   0.000000E+00   0.000000E+00   0.000000E+00   0.000000E+00   0.000000E+00   0.000000E+00   0.000000E+00   0.000000E+00   0.000000E+00   0.000000E+00   0.000000E+00
   0.666667E+00   0.237546E-26   0.448070E-26   0.923741E-26   0.182468E-25   0.369484E-25   0.735400E-25   0.147790E-24   0.295059E-24   0.591152E-24   0.118662E-23   0.236375E-23   0.472916E-23   0.754155E-20   0.380570E-13   0.556144E-09   0.226021E-07   0.676724E-08   0.602880E-11   0.132405E-14   0.255039E-19   0.237258E-20   0.486463E-20   0.978091E-20   0.193705E-19   0.388797E-19   0.776920E-19
   0.833333E+00   0.218750E-25   0.437500E-25   0.875000E-25   0.175000E-24   0.350000E-24   0.700000E-24   0.140000E-23   0.280000E-23   0.560000E-23   0.112000E-22   0.224000E-22   0.448000E-22   0.647625E-19   0.335198E-12   0.495864E-08   0.203266E-06   0.709824E-07   0.742706E-10   0.656394E-14   0.146821E-18   0.228633E-19   0.459650E-19   0.923628E-19   0.183500E-18   0.367316E-18   0.734404E-18
   0.833333E+00   0.817739E-36   0.163540E-35   0.327075E-35   0.654159E-35   0.130831E-34   0.261665E-34   0.523327E-34   0.104665E-33   0.209328E-33   0.418657E-33   0.837321E-33   0.167464E-32   0.204556E-32   0.546089E-26   0.642972E-22   0.213417E-20   0.616331E-21   0.675928E-24   0.569051E-28   0.156883E-32   0.214691E-31   0.154391E-33   0.513285E-33   0.685923E-29   0.108561E-32   0.187459E-32
   0.833333E+00   0.817740E-36   0.163549E-35   0.327098E-35   0.654193E-35   0.130838E-34   0.261675E-34   0.523355E-34   0.104670E-33   0.209338E-33   0.418679E-33   0.837357E-33   0.167464E-32   0.459804E-30   0.124377E-23   0.145740E-19   0.473057E-18   0.136619E-18   0.170300E-21   0.145639E-25   0.318242E-30   0.214907E-31   0.287475E-31   0.631059E-31   0.171860E-30   0.156870E-30   0.247446E-30
   0.833333E+00   0.817739E-36   0.163549E-35   0.327095E-35   0.654192E-35   0.130838E-34   0.261675E-34   0.523349E-34   0.104670E-33   0.209339E-33   0.418675E-33   0.837357E-33   0.167463E-32   0.100943E-31   0.275942E-25   0.326432E-21   0.106709E-19   0.295394E-20   0.381655E-23   0.331314E-27   0.729305E-32   0.214707E-31   0.633001E-33   0.151197E-32   0.171823E-30   0.382430E-32   0.626507E-32
   0.833333E+00   0.817742E-36   0.163549E-35   0.327095E-35   0.654190E-35   0.130838E-34   0.261675E-34   0.523348E-34   0.104670E-33   0.209340E-33   0.418676E-33   0.837357E-33   0.167463E-32   0.213470E-29   0.577361E-23   0.677030E-19   0.219862E-17   0.635349E-18   0.792333E-21   0.677803E-25   0.148164E-29   0.215767E-31   0.133668E-30   0.293619E-30   0.171873E-30   0.728862E-30   0.114833E-29
   0.833333E+00   0.205359E-37   0.410718E-37   0.821729E-37   0.164334E-36   0.328574E-36   0.656960E-36   0.131411E-35   0.262822E-35   0.525568E-35   0.105084E-34   0.210227E-34   0.419823E-34   0.429768E-27   0.116235E-20   0.136357E-16   0.442958E-15   0.128041E-15   0.159700E-18   0.136617E-22   0.298744E-27   0.439137E-31   0.269461E-28   0.592009E-28   0.173943E-30   0.146909E-27   0.231410E-27
   0.833333E+00   0.215042E-37   0.430584E-37   0.862401E-37   0.172645E-36   0.345525E-36   0.691614E-36   0.138313E-35   0.276796E-35   0.553855E-35   0.110794E-34   0.221572E-34   0.442392E-34   0.636728E-25   0.171964E-18   0.201400E-14   0.653418E-13   0.187466E-13   0.233355E-16   0.199488E-20   0.434892E-25   0.425842E-29   0.409432E-26   0.869542E-26   0.578776E-30   0.215689E-25   0.339714E-25
   0.833333E+00   0.817749E-36   0.163548E-35   0.327097E-35   0.654192E-35   0.130839E-34   0.261675E-34   0.523350E-34   0.104670E-33   0.209341E-33   0.418678E-33   0.837357E-33   0.167464E-32   0.466173E-31   0.126603E-24   0.148213E-20   0.483565E-19   0.138213E-19   0.178824E-22   0.149091E-26   0.326427E-31   0.214738E-31   0.301062E-32   0.637777E-32   0.171836E-30   0.164075E-31   0.262936E-31
   0.833333E+00   0.817747E-36   0.163547E-35   0.327095E-35   0.654192E-35   0.130837E-34   0.261678E-34   0.523355E-34   0.104670E-33   0.209338E-33   0.418679E-33   0.210197E-34   0.419582E-34   0.940342E-29   0.254328E-22   0.298349E-18   0.969172E-17   0.280148E-17   0.349432E-20   0.298953E-24   0.653681E-29   0.219576E-31   0.589581E-30   0.129532E-29   0.171873E-30   0.321461E-29   0.506390E-29
   0.833333E+00   0.205491E-37   0.411188E-37   0.822200E-37   0.164416E-36   0.328786E-36   0.657713E-36   0.131533E-35   0.263047E-35   0.526057E-35   0.105234E-34   0.210393E-34   0.420033E-34   0.181762E-26   0.491584E-20   0.576916E-16   0.187473E-14   0.541922E-15   0.674660E-18   0.576463E-22   0.126152E-26   0.116779E-30   0.114280E-27   0.250816E-27   0.180969E-30   0.622453E-27   0.980510E-27
   0.833333E+00   0.235848E-37   0.475811E-37   0.958087E-37   0.192640E-36   0.387043E-36   0.777284E-36   0.155936E-35   0.312493E-35   0.626379E-35   0.125441E-34   0.250732E-34   0.501073E-34   0.160466E-24   0.432961E-18   0.507193E-14   0.164588E-12   0.469690E-13   0.587732E-16   0.501945E-20   0.109372E-24   0.169236E-28   0.107835E-25   0.219149E-25   0.179267E-29   0.543573E-25   0.856146E-25
   0.833333E+00   0.520134E-36   0.111199E-35   0.234514E-35   0.489242E-35   0.101185E-34   0.207837E-34   0.424574E-34   0.863550E-34   0.175032E-33   0.353799E-33   0.705765E-33   0.142090E-32   0.369437E-24   0.996101E-18   0.116451E-13   0.377288E-12   0.107111E-12   0.134815E-15   0.114989E-19   0.250474E-24   0.206484E-27   0.269655E-25   0.499690E-25   0.264544E-27   0.123886E-24   0.195096E-24
   0.833333E+00   0.142881E-34   0.296913E-34   0.612167E-34   0.125428E-33   0.255718E-33   0.519295E-33   0.105124E-32   0.212280E-32   0.427816E-32   0.860836E-32   0.170986E-31   0.343280E-31   0.422558E-25   0.113743E-18   0.132917E-14   0.430518E-13   0.121174E-13   0.153378E-16   0.130749E-20   0.284412E-25   0.327309E-28   0.331745E-26   0.569595E-26   0.129747E-27   0.141197E-25   0.222384E-25
   0.833333E+00   0.817739E-36   0.163547E-35   0.327093E-35   0.654186E-35   0.130837E-34   0.261674E-34   0.523347E-34   0.104670E-33   0.209340E-33   0.418680E-33   0.837355E-33   0.167463E-32   0.180793E-30   0.489229E-24   0.574092E-20   0.186632E-18   0.539603E-19   0.672762E-22   0.575500E-26   0.125919E-30   0.214784E-31   0.114126E-31   0.250705E-31   0.171823E-30   0.624718E-31   0.985639E-31
   0.833333E+00   0.817733E-36   0.163547E-35   0.327093E-35   0.654193E-35   0.328480E-36   0.656960E-36   0.131392E-35   0.262709E-35   0.525568E-35   0.105099E-34   0.210197E-34   0.419461E-34   0.352246E-28   0.952715E-22   0.111809E-17   0.363332E-16   0.105053E-16   0.131056E-19   0.112138E-23   0.245274E-28   0.233078E-31   0.221243E-29   0.486105E-29   0.171947E-30   0.120641E-28   0.190038E-28
   0.833333E+00   0.206152E-37   0.412158E-37   0.824786E-37   0.165028E-36   0.330008E-36   0.660017E-36   0.132013E-35   0.264025E-35   0.528089E-35   0.105595E-34   0.211220E-34   0.421809E-34   0.737783E-26   0.199512E-19   0.234219E-15   0.761310E-14   0.219962E-14   0.272978E-17   0.233249E-21   0.509895E-26   0.416059E-30   0.466052E-27   0.101939E-26   0.209997E-30   0.252994E-26   0.398533E-26
   0.833333E+00   0.327199E-37   0.673852E-37   0.138097E-36   0.281742E-36   0.570256E-36   0.115537E-35   0.233575E-35   0.471025E-35   0.948821E-35   0.190802E-34   0.380973E-34   0.763812E-34   0.275938E-24   0.744089E-18   0.870783E-14   0.282354E-12   0.802600E-13   0.100849E-15   0.860539E-20   0.187452E-24   0.639071E-28   0.194012E-25   0.374958E-25   0.660963E-29   0.929813E-25   0.146439E-24
   0.833333E+00   0.206578E-35   0.449255E-35   0.960524E-35   0.202588E-34   0.418262E-34   0.865158E-34   0.177724E-33   0.363088E-33   0.738552E-33   0.149707E-32   0.298662E-32   0.602399E-32   0.395148E-24   0.106542E-17   0.124551E-13   0.403523E-12   0.114555E-12   0.144190E-15   0.122984E-19   0.267889E-24   0.225497E-27   0.289043E-25   0.534397E-25   0.593848E-27   0.132489E-24   0.208645E-24
   0.833333E+00   0.496416E-34   0.109148E-33   0.235419E-33   0.500034E-33   0.103778E-32   0.215628E-32   0.444532E-32   0.910585E-32   0.185417E-31   0.374816E-31   0.740178E-31   0.145899E-30   0.454563E-25   0.122358E-18   0.142985E-14   0.463127E-13   0.130352E-13   0.164995E-16   0.140652E-20   0.305954E-25   0.350426E-28   0.356867E-26   0.612911E-26   0.139119E-27   0.152015E-25   0.239516E-25
   0.833333E+00   0.257485E-32   0.418722E-32   0.675976E-32   0.108605E-31   0.173873E-31   0.277858E-31   0.443356E-31   0.706694E-31   0.112567E-30   0.179228E-30   0.285282E-30   0.454124E-30   0.425048E-25   0.114428E-18   0.133729E-14   0.433189E-13   0.121937E-13   0.154330E-16   0.131563E-20   0.286185E-25   0.329313E-28   0.333733E-26   0.573775E-26   0.131628E-27   0.142362E-25   0.224344E-25
   0.833333E+00   0.817744E-36   0.163548E-35   0.327095E-35   0.654198E-35   0.130838E-34   0.261674E-34   0.523346E-34   0.104670E-33   0.209339E-33   0.418677E-33   0.837358E-33   0.167464E-32   0.139098E-32   0.372232E-26   0.412162E-22   0.168843E-20   0.473331E-21   0.431184E-24   0.392013E-28   0.134081E-32   0.214584E-31   0.182181E-33   0.371940E-33   0.171873E-30   0.468785E-33   0.789309E-33
   0.833333E+00   0.205844E-37   0.411482E-37   0.822787E-37   0.164546E-36   0.328950E-36   0.657760E-36   0.131496E-35   0.263047E-35   0.525869E-35   0.105151E-34   0.210242E-34   0.419823E-34   0.143595E-27   0.388391E-21   0.456005E-17   0.148232E-15   0.428722E-16   0.534919E-19   0.457765E-23   0.100156E-27   0.290065E-31   0.903574E-29   0.198539E-28   0.172526E-30   0.492760E-28   0.776240E-28
   0.833333E+00   0.296092E-37   0.570556E-37   0.109815E-36   0.211589E-36   0.408813E-36   0.792518E-36   0.154347E-35   0.301604E-35   0.591659E-35   0.116474E-34   0.229592E-34   0.453316E-34   0.246155E-25   0.665416E-19   0.781238E-15   0.253955E-13   0.732461E-14   0.908348E-17   0.776737E-21   0.169542E-25   0.142927E-29   0.156863E-26   0.340116E-26   0.311439E-30   0.844094E-26   0.132968E-25
   0.833333E+00   0.146588E-35   0.260848E-35   0.455374E-35   0.784912E-35   0.134052E-34   0.228384E-34   0.388950E-34   0.664025E-34   0.113917E-33   0.196719E-33   0.340738E-33   0.596828E-33   0.322116E-24   0.868654E-18   0.101595E-13   0.329267E-12   0.935686E-13   0.117671E-15   0.100381E-19   0.218680E-24   0.133299E-27   0.231025E-25   0.436577E-25   0.231057E-28   0.108249E-24   0.170477E-24
   0.833333E+00   0.282900E-33   0.506376E-33   0.887233E-33   0.153193E-32   0.261616E-32   0.444990E-32   0.755453E-32   0.128387E-31   0.218964E-31   0.375461E-31   0.644810E-31   0.111905E-30   0.413527E-24   0.111499E-17   0.130345E-13   0.422292E-12   0.119891E-12   0.150900E-15   0.128708E-19   0.280360E-24   0.236714E-27   0.302727E-25   0.559246E-25   0.793196E-27   0.138649E-24   0.218346E-24
   0.833333E+00   0.264571E-32   0.430448E-32   0.695726E-32   0.111984E-31   0.179743E-31   0.288085E-31   0.461295E-31   0.738300E-31   0.118149E-30   0.189085E-30   0.302537E-30   0.484320E-30   0.488431E-25   0.131477E-18   0.153644E-14   0.497672E-13   0.140079E-13   0.177302E-16   0.151144E-20   0.328779E-25   0.374924E-28   0.383447E-26   0.658960E-26   0.148404E-27   0.163472E-25   0.257585E-25
   0.833333E+00   0.309120E-32   0.490690E-32   0.778934E-32   0.123656E-31   0.196316E-31   0.311696E-31   0.494939E-31   0.786010E-31   0.124846E-30   0.198341E-30   0.315181E-30   0.501010E-30   0.467369E-25   0.125820E-18   0.147041E-14   0.476308E-13   0.134075E-13   0.169692E-16   0.144659E-20   0.314673E-25   0.359712E-28   0.366900E-26   0.630823E-26   0.142863E-27   0.156503E-25   0.246612E-25
   0.833333E+00   0.205418E-37   0.410777E-37   0.821377E-37   0.164193E-36   0.328433E-36   0.656819E-36   0.131420E-35   0.262784E-35   0.525606E-35   0.105114E-34   0.210212E-34   0.420214E-34   0.220490E-32   0.615186E-26   0.804540E-22   0.267447E-20   0.643333E-21   0.791512E-24   0.815640E-28   0.190026E-32   0.214707E-31   0.151303E-33   0.483198E-33   0.171823E-30   0.108561E-32   0.197325E-32
   0.833333E+00   0.205315E-37   0.410659E-37   0.821435E-37   0.164170E-36   0.328480E-36   0.656960E-36   0.131430E-35   0.262803E-35   0.525531E-35   0.105061E-34   0.210212E-34   0.420274E-34   0.491486E-30   0.132976E-23   0.156213E-19   0.508041E-18   0.147001E-18   0.183370E-21   0.156900E-25   0.343749E-30   0.214953E-31   0.310881E-31   0.682133E-31   0.171823E-30   0.169700E-30   0.267524E-30
   0.833333E+00   0.206461E-37   0.412657E-37   0.824844E-37   0.164910E-36   0.329444E-36   0.658512E-36   0.131627E-35   0.263160E-35   0.526358E-35   0.105242E-34   0.210378E-34   0.420665E-34   0.806083E-28   0.217728E-21   0.255496E-17   0.830235E-16   0.238334E-16   0.296582E-19   0.253543E-23   0.552968E-28   0.271648E-31   0.525492E-29   0.111127E-28   0.172403E-30   0.275791E-28   0.434568E-28
   0.833333E+00   0.176246E-34   0.311052E-34   0.537689E-34   0.915243E-34   0.153950E-33   0.257041E-33   0.426928E-33   0.707044E-33   0.116991E-32   0.193729E-32   0.320729E-32   0.533451E-32   0.358884E-24   0.967832E-18   0.113163E-13   0.366676E-12   0.104202E-12   0.131064E-15   0.111798E-19   0.243561E-24   0.183692E-27   0.259230E-25   0.485825E-25   0.925064E-28   0.120453E-24   0.189693E-24
   0.833333E+00   0.306525E-32   0.544222E-32   0.944308E-32   0.161069E-31   0.271130E-31   0.452531E-31   0.750664E-31   0.124051E-30   0.204632E-30   0.337472E-30   0.555905E-30   0.918585E-30   0.392897E-24   0.105954E-17   0.123868E-13   0.401316E-12   0.114036E-12   0.143448E-15   0.122359E-19   0.266568E-24   0.219276E-27   0.285707E-25   0.531516E-25   0.783573E-27   0.131777E-24   0.207524E-24
   0.833333E+00   0.282488E-33   0.450075E-33   0.717033E-33   0.114263E-32   0.182184E-32   0.290716E-32   0.464424E-32   0.743006E-32   0.119090E-31   0.191321E-31   0.308241E-31   0.498373E-31   0.427383E-26   0.115154E-19   0.134653E-15   0.436519E-14   0.122949E-14   0.155516E-17   0.132590E-21   0.288438E-26   0.538450E-29   0.339863E-27   0.583968E-27   0.298028E-28   0.146149E-26   0.231729E-26
   0.833333E+00   0.320971E-32   0.509479E-32   0.808731E-32   0.128382E-31   0.203812E-31   0.323587E-31   0.513803E-31   0.815935E-31   0.129593E-30   0.205870E-30   0.327123E-30   0.519952E-30   0.485482E-25   0.130697E-18   0.152740E-14   0.494766E-13   0.139273E-13   0.176270E-16   0.150266E-20   0.326872E-25   0.372493E-28   0.381055E-26   0.655245E-26   0.147580E-27   0.162556E-25   0.256145E-25
   0.833333E+00   0.566956E-37   0.104719E-36   0.192023E-36   0.351050E-36   0.642290E-36   0.118015E-35   0.217984E-35   0.405630E-35   0.760705E-35   0.143790E-34   0.273873E-34   0.525207E-34   0.187343E-25   0.506736E-19   0.595189E-15   0.193538E-13   0.559908E-14   0.698696E-17   0.597980E-21   0.130876E-25   0.100931E-29   0.118090E-26   0.259488E-26   0.275928E-30   0.644077E-26   0.101463E-25
   0.833333E+00   0.108622E-36   0.197342E-36   0.353571E-36   0.628020E-36   0.111054E-35   0.196420E-35   0.348379E-35   0.621413E-35   0.111681E-34   0.202531E-34   0.370380E-34   0.684608E-34   0.471547E-25   0.127544E-18   0.149870E-14   0.487500E-13   0.141038E-13   0.175597E-16   0.150034E-20   0.328611E-25   0.251969E-29   0.298119E-26   0.654333E-26   0.434994E-30   0.162424E-25   0.255877E-25
   0.833333E+00   0.172374E-34   0.308217E-34   0.538704E-34   0.925083E-34   0.156652E-33   0.262719E-33   0.437417E-33   0.724764E-33   0.119754E-32   0.197662E-32   0.325748E-32   0.538214E-32   0.507151E-23   0.137030E-16   0.160711E-12   0.521985E-11   0.150025E-11   0.186978E-14   0.159721E-18   0.348482E-23   0.504640E-27   0.329182E-24   0.697115E-24   0.533266E-28   0.172967E-23   0.272451E-23
   0.833333E+00   0.118017E-29   0.212650E-29   0.373911E-29   0.645090E-29   0.109628E-28   0.184343E-28   0.307503E-28   0.510137E-28   0.843469E-28   0.139240E-27   0.229385E-27   0.378685E-27   0.568839E-20   0.153811E-13   0.179941E-09   0.583255E-08   0.168260E-08   0.209271E-11   0.178786E-15   0.390311E-20   0.216216E-23   0.352054E-21   0.773939E-21   0.327916E-23   0.191955E-20   0.302311E-20
   0.833333E+00   0.163382E-29   0.259619E-29   0.412358E-29   0.654782E-29   0.103954E-28   0.165021E-28   0.261937E-28   0.415744E-28   0.659825E-28   0.104714E-27   0.166172E-27   0.263682E-27   0.328024E-22   0.884417E-16   0.103390E-11   0.334957E-10   0.951443E-11   0.119713E-13   0.102111E-17   0.222443E-22   0.183344E-25   0.239190E-23   0.443580E-23   0.662917E-25   0.109973E-22   0.173186E-22
   0.833333E+00   0.184369E-31   0.292601E-31   0.464373E-31   0.736987E-31   0.116965E-30   0.185632E-30   0.294613E-30   0.467578E-30   0.742092E-30   0.117778E-29   0.186928E-29   0.296678E-29   0.336978E-24   0.908118E-18   0.106149E-13   0.343876E-12   0.974299E-13   0.122790E-15   0.104719E-19   0.228031E-24   0.206222E-27   0.250867E-25   0.455325E-25   0.761262E-27   0.112892E-24   0.177797E-24
   0.833333E+00   0.357054E-29   0.566639E-29   0.899244E-29   0.142708E-28   0.226472E-28   0.359398E-28   0.570338E-28   0.905065E-28   0.143620E-27   0.227896E-27   0.361608E-27   0.573739E-27   0.721372E-22   0.194510E-15   0.227388E-11   0.736688E-10   0.209330E-10   0.263325E-13   0.224611E-17   0.489331E-22   0.398568E-25   0.524477E-23   0.975624E-23   0.143937E-24   0.241880E-22   0.380913E-22
   0.833333E+00   0.000000E+00   0.000000E+00   0.000000E+00   0.000000E+00   0.000000E+00   0.000000E+00   0.000000E+00   0.000000E+00   0.000000E+00   0.000000E+00   0.000000E+00   0.000000E+00   0.000000E+00   0.000000E+00   0.000000E+00   0.000000E+00   0.000000E+00   0.000000E+00   0.000000E+00   0.000000E+00   0.000000E+00   0.000000E+00   0.000000E+00   0.000000E+00   0.000000E+00   0.000000E+00
   0.833333E+00   0.230969E-26   0.461917E-26   0.923800E-26   0.184754E-25   0.369499E-25   0.738984E-25   0.147794E-24   0.295585E-24   0.591163E-24   0.118232E-23   0.236461E-23   0.472920E-23   0.734671E-20   0.367635E-13   0.539578E-09   0.219801E-07   0.764383E-08   0.802775E-11   0.708928E-15   0.158486E-19   0.241365E-20   0.488376E-20   0.981926E-20   0.193706E-19   0.389461E-19   0.777950E-19
   0.100000E+01   0.206614E-25   0.420970E-25   0.875000E-25   0.171938E-24   0.350000E-24   0.694294E-24   0.140000E-23   0.278912E-23   0.560000E-23   0.111782E-22   0.223680E-22   0.448000E-22   0.616104E-19   0.319833E-12   0.476424E-08   0.196160E-06   0.782588E-07   0.987648E-10   0.893396E-14   0.438155E-18   0.227952E-19   0.459996E-19   0.925048E-19   0.183500E-18   0.367373E-18   0.734482E-18
   0.100000E+01   0.729315E-38   0.148659E-37   0.327075E-35   0.606365E-37   0.130831E-34   0.244806E-36   0.523327E-34   0.982873E-36   0.209327E-33   0.393970E-35   0.788388E-35   0.167464E-32   0.376500E-32   0.103999E-25   0.123870E-21   0.392317E-20   0.138530E-20   0.192333E-23   0.166223E-27   0.852333E-32   0.214691E-31   0.327575E-33   0.795369E-33   0.685916E-29   0.175206E-32   0.320689E-32
   0.100000E+01   0.822301E-38   0.164550E-37   0.327077E-35   0.651752E-37   0.130832E-34   0.257117E-36   0.523323E-34   0.101491E-35   0.209330E-33   0.402305E-35   0.801157E-35   0.167464E-32   0.903830E-30   0.243729E-23   0.287157E-19   0.934982E-18   0.308688E-18   0.462924E-21   0.404058E-25   0.194927E-29   0.215595E-31   0.653758E-31   0.128973E-30   0.171835E-30   0.319738E-30   0.503532E-30
   0.100000E+01   0.730981E-38   0.148828E-37   0.327079E-35   0.607170E-37   0.130831E-34   0.245038E-36   0.523322E-34   0.983241E-36   0.209330E-33   0.394271E-35   0.788534E-35   0.167463E-32   0.196608E-31   0.534881E-25   0.625686E-21   0.204501E-19   0.677034E-20   0.102979E-22   0.897088E-27   0.433195E-31   0.214676E-31   0.152971E-32   0.276915E-32   0.171835E-30   0.735371E-32   0.117915E-31
   0.100000E+01   0.113457E-37   0.218926E-37   0.327078E-35   0.808126E-37   0.130831E-34   0.300534E-36   0.523322E-34   0.113181E-35   0.209329E-33   0.433090E-35   0.851936E-35   0.167463E-32   0.419207E-29   0.113036E-22   0.133290E-18   0.434246E-17   0.143459E-17   0.215233E-20   0.187917E-24   0.907032E-29   0.219042E-31   0.304057E-30   0.600001E-30   0.171799E-30   0.148690E-29   0.234182E-29
   0.100000E+01   0.788754E-36   0.138223E-35   0.819731E-37   0.401474E-35   0.327869E-36   0.110944E-34   0.131195E-35   0.297775E-34   0.524477E-35   0.786852E-34   0.127436E-33   0.419823E-34   0.844307E-27   0.227657E-20   0.268567E-16   0.875278E-15   0.289232E-15   0.433916E-18   0.378818E-22   0.182918E-26   0.110958E-30   0.613455E-28   0.121053E-27   0.176248E-30   0.299968E-27   0.472405E-27
   0.100000E+01   0.159641E-33   0.275307E-33   0.878388E-37   0.781510E-33   0.352037E-36   0.212837E-32   0.141059E-35   0.565913E-32   0.564952E-35   0.148601E-31   0.240105E-31   0.452353E-34   0.119664E-24   0.321974E-18   0.379135E-14   0.123388E-12   0.404214E-13   0.606256E-16   0.528819E-20   0.254901E-24   0.167592E-28   0.883966E-26   0.169838E-25   0.998731E-30   0.420642E-25   0.662359E-25
   0.100000E+01   0.737503E-38   0.150014E-37   0.327076E-35   0.610512E-37   0.130829E-34   0.246294E-36   0.523322E-34   0.986039E-36   0.209331E-33   0.394646E-35   0.789275E-35   0.167462E-32   0.912286E-31   0.246428E-24   0.290572E-20   0.947690E-19   0.313459E-19   0.482387E-22   0.410330E-26   0.198066E-30   0.214768E-31   0.670910E-32   0.130363E-31   0.171774E-30   0.326968E-31   0.511130E-31
   0.100000E+01   0.245636E-37   0.450994E-37   0.327078E-35   0.148456E-36   0.130831E-34   0.487217E-36   0.523319E-34   0.163314E-35   0.209328E-33   0.565539E-35   0.303202E-35   0.419612E-34   0.184483E-28   0.497442E-22   0.586819E-18   0.191245E-16   0.631961E-17   0.948294E-20   0.828061E-24   0.399809E-28   0.234145E-31   0.134029E-29   0.264489E-29   0.171897E-30   0.655425E-29   0.103221E-28
   0.100000E+01   0.322984E-35   0.570106E-35   0.820730E-37   0.167290E-34   0.328245E-36   0.465229E-34   0.131317E-35   0.125348E-33   0.525230E-35   0.331930E-33   0.537934E-33   0.420214E-34   0.356183E-26   0.960342E-20   0.113335E-15   0.369481E-14   0.122087E-14   0.182782E-17   0.159408E-21   0.769719E-26   0.400984E-30   0.259455E-27   0.511514E-27   0.190534E-30   0.126761E-26   0.199634E-26
   0.100000E+01   0.545320E-33   0.970035E-33   0.101310E-36   0.287794E-32   0.410812E-36   0.805896E-32   0.165839E-35   0.218072E-31   0.667192E-35   0.578990E-31   0.939157E-31   0.535228E-34   0.287006E-24   0.771158E-18   0.908124E-14   0.295572E-12   0.962757E-13   0.145207E-15   0.126516E-19   0.609501E-24   0.656175E-28   0.218955E-25   0.406906E-25   0.343784E-29   0.100769E-24   0.158675E-24
   0.100000E+01   0.221437E-31   0.362688E-31   0.327276E-35   0.948829E-31   0.141317E-34   0.243704E-30   0.593222E-34   0.620406E-30   0.244628E-33   0.157255E-29   0.250126E-29   0.198628E-32   0.607331E-24   0.163060E-17   0.191654E-13   0.622848E-12   0.201888E-12   0.306145E-15   0.266408E-19   0.128276E-23   0.331419E-27   0.492144E-25   0.853178E-25   0.484847E-27   0.211196E-24   0.332514E-24
   0.100000E+01   0.436557E-32   0.706904E-32   0.101082E-33   0.182605E-31   0.422369E-33   0.467561E-31   0.173668E-32   0.119582E-30   0.706851E-32   0.307032E-30   0.493060E-30   0.567243E-31   0.814225E-25   0.218088E-18   0.256189E-14   0.832264E-13   0.267327E-13   0.407867E-16   0.354625E-20   0.170668E-24   0.570929E-28   0.690076E-26   0.113848E-25   0.202543E-27   0.281749E-25   0.443608E-25
   0.100000E+01   0.761652E-38   0.154281E-37   0.327079E-35   0.622513E-37   0.130831E-34   0.249601E-36   0.523322E-34   0.994642E-36   0.209329E-33   0.397349E-35   0.792869E-35   0.167464E-32   0.346048E-30   0.933564E-24   0.110130E-19   0.359043E-18   0.118661E-18   0.177979E-21   0.155418E-25   0.750568E-30   0.215013E-31   0.252356E-31   0.497474E-31   0.171811E-30   0.123606E-30   0.194930E-30
   0.100000E+01   0.686417E-37   0.123076E-36   0.327076E-35   0.377951E-36   0.327822E-36   0.889684E-36   0.131119E-35   0.240686E-35   0.524590E-35   0.641525E-35   0.104393E-34   0.419401E-34   0.675473E-28   0.182138E-21   0.214953E-17   0.700772E-16   0.231635E-16   0.347633E-19   0.303598E-23   0.146630E-27   0.286332E-31   0.491620E-29   0.970202E-29   0.172205E-30   0.240437E-28   0.378663E-28
   0.100000E+01   0.129231E-34   0.229752E-34   0.824962E-37   0.681084E-34   0.330267E-36   0.190622E-33   0.132069E-35   0.515644E-33   0.528540E-35   0.136877E-32   0.222007E-32   0.422982E-34   0.143832E-25   0.387720E-19   0.457700E-15   0.149249E-13   0.492866E-14   0.735899E-17   0.641950E-21   0.309789E-25   0.158957E-29   0.105145E-26   0.206780E-26   0.250302E-30   0.512450E-26   0.807065E-26
   0.100000E+01   0.207185E-32   0.371204E-32   0.171205E-36   0.111256E-31   0.715547E-36   0.313520E-31   0.295416E-35   0.851681E-31   0.120634E-34   0.226659E-30   0.367946E-30   0.975182E-34   0.471088E-24   0.126490E-17   0.148807E-13   0.483952E-12   0.157042E-12   0.237792E-15   0.207003E-19   0.996875E-24   0.187278E-27   0.371177E-25   0.664494E-25   0.131354E-28   0.164520E-24   0.259042E-24
   0.100000E+01   0.260195E-31   0.422307E-31   0.153521E-34   0.109159E-30   0.672427E-34   0.278389E-30   0.286563E-33   0.705596E-30   0.119308E-32   0.178332E-29   0.283350E-29   0.974870E-32   0.649502E-24   0.174381E-17   0.204955E-13   0.666062E-12   0.215886E-12   0.327384E-15   0.284888E-19   0.137174E-23   0.356774E-27   0.527069E-25   0.912314E-25   0.920051E-27   0.225833E-24   0.355558E-24
   0.100000E+01   0.476223E-32   0.775452E-32   0.447509E-33   0.203619E-31   0.198633E-32   0.534688E-31   0.853823E-32   0.142215E-30   0.356152E-31   0.386113E-30   0.639551E-30   0.274196E-30   0.875909E-25   0.234610E-18   0.275597E-14   0.895315E-13   0.287579E-13   0.438766E-16   0.381491E-20   0.183598E-24   0.612496E-28   0.742351E-26   0.122490E-25   0.217475E-27   0.303218E-25   0.477504E-25
   0.100000E+01   0.846007E-32   0.137953E-31   0.113061E-31   0.358365E-31   0.288905E-31   0.915929E-31   0.733612E-31   0.232399E-30   0.185722E-30   0.587662E-30   0.933861E-30   0.746493E-30   0.819349E-25   0.219474E-18   0.257827E-14   0.837626E-13   0.269058E-13   0.410494E-16   0.356912E-20   0.171769E-24   0.574717E-28   0.694460E-26   0.114646E-25   0.205039E-27   0.283853E-25   0.447046E-25
   0.100000E+01   0.729176E-38   0.148454E-37   0.327093E-35   0.606453E-37   0.130838E-34   0.244795E-36   0.523351E-34   0.982829E-36   0.209339E-33   0.394271E-35   0.787301E-35   0.167471E-32   0.265885E-32   0.689071E-26   0.874377E-22   0.306295E-20   0.892427E-21   0.130460E-23   0.137091E-27   0.658999E-32   0.214615E-31   0.250316E-33   0.570743E-33   0.171774E-30   0.108578E-32   0.197347E-32
   0.100000E+01   0.242169E-36   0.430342E-36   0.825021E-37   0.127516E-35   0.329491E-36   0.356928E-35   0.131674E-35   0.966155E-35   0.526433E-35   0.256820E-34   0.416954E-34   0.420725E-34   0.274219E-27   0.739431E-21   0.873024E-17   0.284712E-15   0.941370E-16   0.141300E-18   0.123418E-22   0.596259E-27   0.506537E-31   0.199946E-28   0.394611E-28   0.173302E-30   0.977996E-28   0.154028E-27
   0.100000E+01   0.435837E-34   0.780409E-34   0.146614E-36   0.233710E-33   0.514044E-36   0.658297E-33   0.184195E-35   0.178786E-32   0.676821E-35   0.475765E-32   0.772323E-32   0.496378E-34   0.463662E-25   0.124915E-18   0.147462E-14   0.480859E-13   0.158459E-13   0.236606E-16   0.206507E-20   0.996031E-25   0.547524E-29   0.341105E-26   0.666226E-26   0.452669E-30   0.165099E-25   0.260016E-25
   0.100000E+01   0.658548E-32   0.117056E-31   0.103095E-34   0.343939E-31   0.300102E-34   0.950746E-31   0.861271E-34   0.254065E-30   0.249208E-33   0.666692E-30   0.107541E-29   0.127051E-32   0.526366E-24   0.141358E-17   0.166213E-13   0.540337E-12   0.175351E-12   0.265649E-15   0.231208E-19   0.111336E-23   0.257221E-27   0.420900E-25   0.740917E-25   0.454441E-28   0.183425E-24   0.288798E-24
   0.100000E+01   0.284432E-31   0.461558E-31   0.207995E-32   0.119410E-30   0.608791E-32   0.305113E-30   0.174844E-31   0.775603E-30   0.504342E-31   0.196874E-29   0.313634E-29   0.254377E-30   0.678729E-24   0.182231E-17   0.214181E-13   0.696044E-12   0.225621E-12   0.342130E-15   0.297722E-19   0.143354E-23   0.372589E-27   0.551010E-25   0.953375E-25   0.114308E-26   0.235997E-24   0.371560E-24
   0.100000E+01   0.946327E-32   0.154030E-31   0.122333E-31   0.399659E-31   0.312676E-31   0.102215E-30   0.796130E-31   0.259794E-30   0.202469E-30   0.658590E-30   0.104801E-29   0.820902E-30   0.941336E-25   0.252136E-18   0.296188E-14   0.962226E-13   0.309074E-13   0.471556E-16   0.410002E-20   0.197320E-24   0.656698E-28   0.797796E-26   0.131678E-25   0.232673E-27   0.325996E-25   0.513393E-25
   0.100000E+01   0.958028E-32   0.154895E-31   0.128239E-31   0.398393E-31   0.323113E-31   0.101313E-30   0.814263E-31   0.256335E-30   0.205258E-30   0.647125E-30   0.102781E-29   0.822242E-30   0.900664E-25   0.241255E-18   0.283413E-14   0.920747E-13   0.295761E-13   0.451231E-16   0.392332E-20   0.188816E-24   0.629256E-28   0.763314E-26   0.126017E-25   0.223474E-27   0.311992E-25   0.491347E-25
   0.100000E+01   0.247037E-39   0.494848E-39   0.821318E-37   0.199803E-38   0.328574E-36   0.792820E-38   0.131373E-35   0.316619E-37   0.525455E-35   0.126143E-36   0.246407E-36   0.420244E-34   0.422795E-32   0.112506E-25   0.136859E-21   0.448364E-20   0.146295E-20   0.213216E-23   0.184216E-27   0.101656E-31   0.214645E-31   0.315213E-33   0.781261E-33   0.171786E-30   0.175206E-32   0.320689E-32
   0.100000E+01   0.106864E-38   0.197091E-38   0.821083E-37   0.637521E-38   0.328527E-36   0.204734E-37   0.131420E-35   0.640731E-37   0.525380E-35   0.219248E-36   0.398158E-36   0.420214E-34   0.962374E-30   0.259537E-23   0.306593E-19   0.100027E-17   0.330831E-18   0.496404E-21   0.433438E-25   0.209582E-29   0.215718E-31   0.703884E-31   0.138920E-30   0.171799E-30   0.344637E-30   0.542902E-30
   0.100000E+01   0.173050E-36   0.312147E-36   0.829664E-37   0.944905E-36   0.330878E-36   0.268081E-35   0.132060E-35   0.732082E-35   0.527336E-35   0.195671E-34   0.318466E-34   0.421026E-34   0.149266E-27   0.401616E-21   0.473782E-17   0.154419E-15   0.506093E-16   0.758917E-19   0.661985E-23   0.319122E-27   0.437333E-31   0.111578E-28   0.213684E-28   0.173019E-30   0.529463E-28   0.834012E-28
   0.100000E+01   0.154675E-31   0.261208E-31   0.126374E-33   0.711263E-31   0.360374E-33   0.187026E-30   0.996513E-33   0.483187E-30   0.272378E-32   0.123718E-29   0.197567E-29   0.123363E-31   0.579420E-24   0.155616E-17   0.182935E-13   0.594584E-12   0.192971E-12   0.292365E-15   0.254450E-19   0.122527E-23   0.301078E-27   0.465911E-25   0.814801E-25   0.181794E-27   0.201707E-24   0.317577E-24
   0.100000E+01   0.318597E-31   0.526265E-31   0.213457E-31   0.139850E-30   0.599526E-31   0.363994E-30   0.163021E-30   0.938046E-30   0.437147E-30   0.240834E-29   0.385609E-29   0.190799E-29   0.633502E-24   0.170137E-17   0.199979E-13   0.649917E-12   0.210900E-12   0.319572E-15   0.278120E-19   0.133923E-23   0.338349E-27   0.511760E-25   0.890330E-25   0.108127E-26   0.220398E-24   0.347002E-24
   0.100000E+01   0.886296E-33   0.143448E-32   0.118953E-32   0.369750E-32   0.301149E-32   0.942926E-32   0.763988E-32   0.239557E-31   0.194524E-31   0.608600E-31   0.970851E-31   0.799752E-31   0.827879E-26   0.221843E-19   0.260680E-15   0.847219E-14   0.272186E-14   0.415172E-17   0.361000E-21   0.173741E-25   0.789165E-29   0.706073E-27   0.116537E-26   0.373537E-28   0.289795E-26   0.457828E-26
   0.100000E+01   0.993634E-32   0.160650E-31   0.133015E-31   0.413187E-31   0.335134E-31   0.105073E-30   0.844524E-31   0.265843E-30   0.212875E-30   0.671107E-30   0.106588E-29   0.852650E-30   0.934956E-25   0.250442E-18   0.294205E-14   0.955808E-13   0.307031E-13   0.468419E-16   0.407277E-20   0.196009E-24   0.651811E-28   0.792299E-26   0.130813E-25   0.231070E-27   0.323862E-25   0.510035E-25
   0.100000E+01   0.261606E-34   0.467880E-34   0.320187E-36   0.139875E-33   0.100672E-35   0.393540E-33   0.318042E-35   0.106799E-32   0.103067E-34   0.284048E-32   0.461004E-32   0.643592E-34   0.302826E-25   0.816591E-19   0.964505E-15   0.314645E-13   0.104062E-13   0.156219E-16   0.136463E-20   0.659491E-25   0.325516E-29   0.221183E-26   0.436548E-26   0.349550E-30   0.108201E-25   0.170414E-25
   0.100000E+01   0.689703E-34   0.124313E-33   0.718386E-36   0.375762E-33   0.215767E-35   0.106459E-32   0.637475E-35   0.290178E-32   0.190031E-34   0.773897E-32   0.125723E-31   0.102959E-33   0.823430E-25   0.222028E-18   0.262350E-14   0.856125E-13   0.283132E-13   0.423916E-16   0.369711E-20   0.178582E-24   0.886970E-29   0.603030E-26   0.118906E-25   0.657982E-30   0.294735E-25   0.464212E-25
   0.100000E+01   0.122903E-31   0.223245E-31   0.115040E-33   0.682296E-31   0.333689E-33   0.194654E-30   0.928813E-33   0.532904E-30   0.253300E-32   0.142517E-29   0.231749E-29   0.112730E-31   0.755446E-23   0.203414E-16   0.239851E-12   0.781414E-11   0.256619E-11   0.385115E-14   0.335740E-18   0.161810E-22   0.159846E-26   0.562297E-24   0.107928E-23   0.897067E-28   0.267388E-23   0.421078E-23
   0.100000E+01   0.186920E-27   0.306834E-27   0.790777E-29   0.804992E-27   0.231353E-28   0.207121E-26   0.647259E-28   0.527924E-26   0.177002E-27   0.133947E-25   0.213150E-25   0.788543E-27   0.771427E-20   0.207979E-13   0.244686E-09   0.795711E-08   0.262451E-08   0.392796E-11   0.342557E-15   0.165125E-19   0.300213E-23   0.552937E-21   0.109267E-20   0.476431E-23   0.270622E-20   0.426111E-20
   0.100000E+01   0.431781E-29   0.697876E-29   0.575113E-29   0.179372E-28   0.144908E-28   0.455852E-28   0.365023E-28   0.115260E-27   0.919329E-28   0.290741E-27   0.461542E-27   0.367315E-27   0.532876E-22   0.143073E-15   0.168157E-11   0.546472E-10   0.177248E-10   0.268665E-13   0.233806E-17   0.112582E-21   0.286164E-25   0.431299E-23   0.748511E-23   0.922909E-25   0.185286E-22   0.291719E-22
   0.100000E+01   0.517101E-31   0.835520E-31   0.689467E-31   0.214680E-30   0.173652E-30   0.545511E-30   0.437368E-30   0.137925E-29   0.110157E-29   0.347931E-29   0.552360E-29   0.440278E-29   0.577062E-24   0.154809E-17   0.181918E-13   0.591124E-12   0.191133E-12   0.290314E-15   0.252575E-19   0.121599E-23   0.338206E-27   0.473905E-25   0.809373E-25   0.112189E-26   0.200346E-24   0.315442E-24
   0.100000E+01   0.929899E-29   0.150248E-28   0.123899E-28   0.386034E-28   0.312031E-28   0.980875E-28   0.785798E-28   0.247982E-27   0.197875E-27   0.625485E-27   0.992907E-27   0.790472E-27   0.116320E-21   0.312348E-15   0.367119E-11   0.119308E-09   0.387150E-10   0.586649E-13   0.510553E-17   0.245847E-21   0.617063E-25   0.939441E-23   0.163428E-22   0.198411E-24   0.404555E-22   0.636941E-22
   0.100000E+01   0.000000E+00   0.000000E+00   0.000000E+00   0.000000E+00   0.000000E+00   0.000000E+00   0.000000E+00   0.000000E+00   0.000000E+00   0.000000E+00   0.000000E+00   0.000000E+00   0.000000E+00   0.000000E+00   0.000000E+00   0.000000E+00   0.000000E+00   0.000000E+00   0.000000E+00   0.000000E+00   0.000000E+00   0.000000E+00   0.000000E+00   0.000000E+00   0.000000E+00   0.000000E+00
   0.100000E+01   0.219868E-26   0.447273E-26   0.923881E-26   0.182257E-25   0.369521E-25   0.734848E-25   0.147800E-24   0.294917E-24   0.591178E-24   0.118123E-23   0.236318E-23   0.472926E-23   0.719830E-20   0.356344E-13   0.524947E-09   0.214231E-07   0.849724E-08   0.107793E-10   0.973911E-15   0.477383E-19   0.240654E-20   0.490566E-20   0.986320E-20   0.193707E-19   0.390236E-19   0.779156E-19
   0.116667E+01   0.218750E-25   0.437500E-25   0.875000E-25   0.175000E-24   0.350000E-24   0.700000E-24   0.140000E-23   0.280000E-23   0.560000E-23   0.112000E-22   0.224000E-22   0.448000E-22   0.896000E-22   0.305463E-12   0.458114E-08   0.189432E-06   0.851767E-07   0.918030E-10   0.726536E-14   0.939791E-18   0.225181E-19   0.460323E-19   0.926611E-19   0.183500E-18   0.367428E-18   0.734558E-18
   0.116667E+01   0.365882E-39   0.163540E-35   0.327075E-35   0.654159E-35   0.130831E-34   0.261665E-34   0.523327E-34   0.104665E-33   0.209328E-33   0.418657E-33   0.837321E-33   0.167464E-32   0.334927E-32   0.177934E-25   0.215676E-21   0.716122E-20   0.256673E-20   0.330557E-23   0.254323E-27   0.332738E-31   0.214487E-31   0.603091E-33   0.124961E-32   0.685920E-29   0.244340E-32   0.458885E-32
   0.116667E+01   0.712144E-37   0.163549E-35   0.327098E-35   0.654193E-35   0.130838E-34   0.261675E-34   0.523355E-34   0.104670E-33   0.209338E-33   0.418679E-33   0.837357E-33   0.167473E-32   0.334925E-32   0.427009E-23   0.505685E-19   0.165122E-17   0.614471E-18   0.785838E-21   0.598666E-25   0.763212E-29   0.219803E-31   0.126658E-30   0.235380E-30   0.171786E-30   0.582540E-30   0.917424E-30
   0.116667E+01   0.154871E-38   0.163549E-35   0.327095E-35   0.654192E-35   0.130838E-34   0.261675E-34   0.523349E-34   0.104670E-33   0.209339E-33   0.418675E-33   0.837354E-33   0.167470E-32   0.334930E-32   0.927043E-25   0.110092E-20   0.357306E-19   0.133007E-19   0.174502E-22   0.133902E-26   0.167080E-30   0.214639E-31   0.276803E-32   0.515194E-32   0.171761E-30   0.127353E-31   0.196385E-31
   0.116667E+01   0.307399E-36   0.163549E-35   0.327095E-35   0.654190E-35   0.130838E-34   0.261675E-34   0.523348E-34   0.104670E-33   0.209340E-33   0.418676E-33   0.837357E-33   0.167473E-32   0.334926E-32   0.197831E-22   0.234485E-18   0.766206E-17   0.285286E-17   0.364981E-20   0.278121E-24   0.354783E-28   0.239006E-31   0.588765E-30   0.109426E-29   0.171798E-30   0.270755E-29   0.426314E-29
   0.116667E+01   0.597931E-34   0.410953E-37   0.821847E-37   0.164358E-36   0.328574E-36   0.657383E-36   0.131430E-35   0.262822E-35   0.525681E-35   0.105144E-34   0.210287E-34   0.420665E-34   0.839465E-34   0.398551E-20   0.472599E-16   0.154479E-14   0.575335E-15   0.735862E-18   0.560591E-22   0.715468E-26   0.514368E-30   0.118834E-27   0.220855E-27   0.179970E-30   0.546440E-27   0.860365E-27
   0.116667E+01   0.116701E-31   0.449333E-37   0.900546E-37   0.180450E-36   0.361370E-36   0.723587E-36   0.144859E-35   0.289755E-35   0.579885E-35   0.116030E-34   0.232150E-34   0.464510E-34   0.927275E-34   0.540681E-18   0.639799E-14   0.208801E-12   0.770135E-13   0.986545E-16   0.750894E-20   0.955875E-24   0.907976E-28   0.163297E-25   0.296950E-25   0.167844E-29   0.734256E-25   0.115590E-24
   0.116667E+01   0.674881E-38   0.163548E-35   0.327096E-35   0.654192E-35   0.130838E-34   0.261677E-34   0.523353E-34   0.104669E-33   0.209340E-33   0.418678E-33   0.837358E-33   0.167472E-32   0.334926E-32   0.429702E-24   0.509824E-20   0.166671E-18   0.620956E-19   0.813467E-22   0.604885E-26   0.772018E-30   0.215032E-31   0.128567E-31   0.239350E-31   0.171798E-30   0.594066E-31   0.931092E-31
   0.116667E+01   0.130764E-35   0.163548E-35   0.327096E-35   0.654185E-35   0.130838E-34   0.261675E-34   0.523351E-34   0.104671E-33   0.209339E-33   0.418676E-33   0.210182E-34   0.420334E-34   0.838742E-34   0.869733E-22   0.103130E-17   0.337098E-16   0.125551E-16   0.160649E-19   0.122433E-23   0.156225E-27   0.322026E-31   0.259285E-29   0.481925E-29   0.172045E-30   0.119239E-28   0.187745E-28
   0.116667E+01   0.244668E-33   0.411423E-37   0.822729E-37   0.164546E-36   0.329162E-36   0.658183E-36   0.131637E-35   0.263330E-35   0.526584E-35   0.105354E-34   0.210664E-34   0.421267E-34   0.840969E-34   0.167704E-19   0.198935E-15   0.650455E-14   0.242230E-14   0.309159E-17   0.235320E-21   0.300345E-25   0.210925E-29   0.501217E-27   0.930845E-27   0.206286E-30   0.230323E-26   0.362650E-26
   0.116667E+01   0.308143E-31   0.533939E-37   0.107981E-36   0.218054E-36   0.439494E-36   0.884536E-36   0.177791E-35   0.356974E-35   0.716431E-35   0.143610E-34   0.287009E-34   0.574950E-34   0.114984E-33   0.124048E-17   0.146774E-13   0.478991E-12   0.175614E-12   0.226265E-15   0.171996E-19   0.218863E-23   0.281980E-27   0.384459E-25   0.681065E-25   0.607256E-29   0.168377E-24   0.265063E-24
   0.116667E+01   0.103237E-30   0.205233E-35   0.433221E-35   0.904403E-35   0.187150E-34   0.384566E-34   0.785844E-34   0.159874E-33   0.324110E-33   0.655233E-33   0.130703E-32   0.263184E-32   0.529193E-32   0.245725E-17   0.290216E-13   0.945760E-12   0.345140E-12   0.446901E-15   0.339300E-19   0.431633E-23   0.653077E-27   0.797605E-25   0.133837E-24   0.775788E-27   0.330742E-24   0.520598E-24
   0.116667E+01   0.209406E-31   0.744253E-34   0.153510E-33   0.314636E-33   0.641647E-33   0.130331E-32   0.263886E-32   0.532951E-32   0.107420E-31   0.216168E-31   0.429401E-31   0.862144E-31   0.172955E-30   0.374680E-18   0.442188E-14   0.144028E-12   0.520656E-13   0.678665E-16   0.514719E-20   0.654299E-24   0.116747E-27   0.125455E-25   0.203469E-25   0.297758E-27   0.502639E-25   0.791152E-25
   0.116667E+01   0.240800E-37   0.163549E-35   0.327093E-35   0.654186E-35   0.130838E-34   0.261676E-34   0.523350E-34   0.104670E-33   0.209340E-33   0.418675E-33   0.837363E-33   0.167471E-32   0.334925E-32   0.159401E-23   0.189037E-19   0.617929E-18   0.230171E-18   0.294487E-21   0.224457E-25   0.286440E-29   0.216501E-31   0.475854E-31   0.885072E-31   0.171811E-30   0.218968E-30   0.345348E-30
   0.116667E+01   0.453330E-35   0.163547E-35   0.327097E-35   0.164252E-36   0.328551E-36   0.656866E-36   0.131401E-35   0.262728E-35   0.525606E-35   0.105106E-34   0.210257E-34   0.420395E-34   0.839103E-34   0.311562E-21   0.369595E-17   0.120849E-15   0.450229E-16   0.576174E-19   0.439169E-23   0.560555E-27   0.600513E-31   0.930482E-29   0.172956E-28   0.172439E-30   0.427961E-28   0.673843E-28
   0.116667E+01   0.974815E-33   0.414656E-37   0.830193E-37   0.166050E-36   0.332289E-36   0.664530E-36   0.133000E-35   0.266000E-35   0.532113E-35   0.106385E-34   0.212815E-34   0.425751E-34   0.849816E-34   0.673791E-19   0.799469E-15   0.261456E-13   0.972947E-14   0.123903E-16   0.943590E-21   0.120299E-24   0.863079E-29   0.202002E-26   0.374416E-26   0.316233E-30   0.926454E-26   0.145875E-25
   0.116667E+01   0.573033E-31   0.105145E-36   0.219106E-36   0.450967E-36   0.926760E-36   0.189452E-35   0.385713E-35   0.782296E-35   0.158212E-34   0.319358E-34   0.637814E-34   0.128297E-33   0.257587E-33   0.195997E-17   0.231673E-13   0.755471E-12   0.275981E-12   0.356895E-15   0.271058E-19   0.344839E-23   0.503637E-27   0.622551E-25   0.107139E-24   0.235681E-28   0.264809E-24   0.416841E-24
   0.116667E+01   0.113396E-30   0.109868E-34   0.236380E-34   0.497077E-34   0.104133E-33   0.216093E-33   0.445053E-33   0.911109E-33   0.185631E-32   0.376770E-32   0.752690E-32   0.151944E-31   0.306133E-31   0.262814E-17   0.310391E-13   0.101149E-11   0.369106E-12   0.477956E-15   0.362874E-19   0.461621E-23   0.699276E-27   0.853953E-25   0.143130E-24   0.130074E-26   0.353704E-24   0.556740E-24
   0.116667E+01   0.226486E-31   0.366989E-33   0.797567E-33   0.169054E-32   0.356478E-32   0.743615E-32   0.153739E-31   0.315155E-31   0.639393E-31   0.127865E-30   0.248133E-30   0.476345E-30   0.892305E-30   0.403072E-18   0.475694E-14   0.154942E-12   0.560108E-13   0.730091E-16   0.553721E-20   0.703879E-24   0.125426E-27   0.134961E-25   0.218904E-25   0.319966E-27   0.540850E-25   0.851390E-25
   0.116667E+01   0.273713E-31   0.108135E-31   0.173030E-31   0.276139E-31   0.440043E-31   0.700473E-31   0.111422E-30   0.177147E-30   0.281547E-30   0.447373E-30   0.710753E-30   0.112917E-29   0.179395E-29   0.377203E-18   0.445173E-14   0.145004E-12   0.524188E-13   0.683262E-16   0.518207E-20   0.658733E-24   0.117570E-27   0.126300E-25   0.204912E-25   0.301127E-27   0.506333E-25   0.797093E-25
   0.116667E+01   0.214528E-39   0.163548E-35   0.327096E-35   0.654191E-35   0.130837E-34   0.261674E-34   0.131373E-35   0.262765E-35   0.525493E-35   0.105114E-34   0.210137E-34   0.420485E-34   0.840789E-34   0.125326E-25   0.147440E-21   0.489581E-20   0.181408E-20   0.217496E-23   0.168159E-27   0.235375E-31   0.214548E-31   0.432988E-33   0.838304E-33   0.171774E-30   0.175233E-32   0.320726E-32
   0.116667E+01   0.177377E-34   0.414685E-37   0.828253E-37   0.165439E-36   0.330478E-36   0.660346E-36   0.131947E-35   0.263800E-35   0.527110E-35   0.105362E-34   0.210724E-34   0.421087E-34   0.841872E-34   0.125959E-20   0.149484E-16   0.488939E-15   0.182211E-15   0.233216E-18   0.177783E-22   0.226993E-26   0.177794E-30   0.376855E-28   0.700529E-28   0.174547E-30   0.173352E-27   0.272957E-27
   0.116667E+01   0.319698E-32   0.117288E-36   0.212929E-36   0.386514E-36   0.704168E-36   0.129032E-35   0.238174E-35   0.443415E-35   0.832401E-35   0.157460E-34   0.299587E-34   0.573777E-34   0.110422E-33   0.210064E-18   0.249223E-14   0.815010E-13   0.302544E-13   0.385591E-16   0.293739E-20   0.374190E-24   0.292210E-28   0.633114E-26   0.116691E-25   0.677678E-30   0.288716E-25   0.454592E-25
   0.116667E+01   0.684996E-31   0.118392E-34   0.204554E-34   0.349354E-34   0.593192E-34   0.100419E-33   0.169926E-33   0.288319E-33   0.491162E-33   0.840504E-33   0.143832E-32   0.247667E-32   0.426996E-32   0.211121E-17   0.249444E-13   0.813138E-12   0.297161E-12   0.384348E-15   0.291869E-19   0.371334E-23   0.545729E-27   0.678090E-25   0.115185E-24   0.802489E-28   0.284678E-24   0.448104E-24
   0.116667E+01   0.120121E-30   0.244194E-32   0.424273E-32   0.727621E-32   0.123913E-31   0.210179E-31   0.356049E-31   0.604341E-31   0.102924E-30   0.175977E-30   0.300701E-30   0.516764E-30   0.888662E-30   0.274280E-17   0.323934E-13   0.105562E-11   0.385245E-12   0.498823E-15   0.378721E-19   0.481783E-23   0.728709E-27   0.891407E-25   0.149375E-24   0.154291E-26   0.369137E-24   0.581032E-24
   0.116667E+01   0.311977E-31   0.119926E-31   0.191584E-31   0.305606E-31   0.487058E-31   0.775799E-31   0.123527E-30   0.196654E-30   0.313046E-30   0.498299E-30   0.793042E-30   0.126219E-29   0.200872E-29   0.433254E-18   0.511317E-14   0.166546E-12   0.602058E-13   0.784770E-16   0.595192E-20   0.756595E-24   0.134675E-27   0.145066E-25   0.235331E-25   0.342931E-27   0.581474E-25   0.915357E-25
   0.116667E+01   0.303595E-31   0.122265E-31   0.194055E-31   0.308002E-31   0.488870E-31   0.775967E-31   0.123171E-30   0.195519E-30   0.310378E-30   0.492742E-30   0.782315E-30   0.124218E-29   0.197260E-29   0.414512E-18   0.489205E-14   0.159346E-12   0.576043E-13   0.750846E-16   0.569465E-20   0.723893E-24   0.128934E-27   0.138785E-25   0.225173E-25   0.328923E-27   0.556385E-25   0.875871E-25
   0.116667E+01   0.345301E-39   0.410571E-37   0.821200E-37   0.164252E-36   0.328480E-36   0.656866E-36   0.131383E-35   0.262803E-35   0.525343E-35   0.105099E-34   0.210212E-34   0.420395E-34   0.840548E-34   0.195402E-25   0.235477E-21   0.782826E-20   0.285506E-20   0.366302E-23   0.278643E-27   0.372165E-31   0.214518E-31   0.578348E-33   0.127242E-32   0.171848E-30   0.308510E-32   0.458885E-32
   0.116667E+01   0.619030E-37   0.410688E-37   0.821494E-37   0.164287E-36   0.328386E-36   0.657101E-36   0.131392E-35   0.262803E-35   0.525643E-35   0.105099E-34   0.210167E-34   0.420184E-34   0.840548E-34   0.453607E-23   0.538569E-19   0.176225E-17   0.656892E-18   0.840218E-21   0.640164E-25   0.818390E-29   0.220212E-31   0.136057E-30   0.252923E-30   0.171848E-30   0.626102E-30   0.986306E-30
   0.116667E+01   0.123911E-34   0.420915E-37   0.838656E-37   0.167261E-36   0.333511E-36   0.665236E-36   0.132765E-35   0.264947E-35   0.529104E-35   0.105708E-34   0.211160E-34   0.422050E-34   0.843858E-34   0.665711E-21   0.789109E-17   0.257890E-15   0.951504E-16   0.121875E-18   0.927621E-23   0.118100E-26   0.242733E-30   0.203199E-28   0.368586E-28   0.173968E-30   0.911712E-28   0.143567E-27
   0.116667E+01   0.862316E-31   0.148894E-33   0.256330E-33   0.435001E-33   0.730820E-33   0.121890E-32   0.202308E-32   0.334969E-32   0.554143E-32   0.916949E-32   0.151553E-31   0.251074E-31   0.416131E-31   0.230262E-17   0.272005E-13   0.886538E-12   0.324026E-12   0.419101E-15   0.318251E-19   0.404905E-23   0.596183E-27   0.742808E-25   0.125516E-24   0.316997E-27   0.310201E-24   0.488272E-24
   0.116667E+01   0.117493E-30   0.231842E-31   0.390834E-31   0.650245E-31   0.107218E-30   0.175675E-30   0.286596E-30   0.466355E-30   0.757728E-30   0.123016E-29   0.199419E-29   0.323389E-29   0.524091E-29   0.251728E-17   0.297329E-13   0.968984E-12   0.354094E-12   0.458065E-15   0.347827E-19   0.442528E-23   0.654778E-27   0.814859E-25   0.137147E-24   0.140990E-26   0.338936E-24   0.533498E-24
   0.116667E+01   0.283147E-32   0.114056E-32   0.181263E-32   0.288111E-32   0.458052E-32   0.728482E-32   0.115910E-31   0.184537E-31   0.294018E-31   0.468899E-31   0.748692E-31   0.119723E-30   0.191803E-30   0.383126E-19   0.452226E-15   0.147331E-13   0.532575E-14   0.694171E-17   0.526492E-21   0.669262E-25   0.140248E-28   0.128702E-26   0.208775E-26   0.473278E-28   0.517138E-26   0.815528E-26
   0.116667E+01   0.314599E-31   0.126707E-31   0.201102E-31   0.319185E-31   0.506613E-31   0.804120E-31   0.127638E-30   0.202606E-30   0.321624E-30   0.510584E-30   0.810621E-30   0.128709E-29   0.204383E-29   0.430018E-18   0.507506E-14   0.165307E-12   0.597614E-13   0.778946E-16   0.590779E-20   0.750989E-24   0.133580E-27   0.143968E-25   0.233596E-25   0.340162E-27   0.577193E-25   0.908621E-25
   0.116667E+01   0.165421E-32   0.301417E-36   0.529825E-36   0.922399E-36   0.159844E-35   0.276655E-35   0.479733E-35   0.835805E-35   0.146626E-34   0.259308E-34   0.462539E-34   0.833657E-34   0.151673E-33   0.121082E-18   0.143751E-14   0.470336E-13   0.175325E-13   0.224434E-16   0.171108E-20   0.218536E-24   0.150810E-28   0.362870E-26   0.674566E-26   0.451153E-30   0.166940E-25   0.262866E-25
   0.116667E+01   0.469162E-32   0.785022E-36   0.136924E-35   0.235469E-35   0.401152E-35   0.679337E-35   0.114721E-34   0.193701E-34   0.327781E-34   0.556865E-34   0.950025E-34   0.163274E-33   0.282618E-33   0.353524E-18   0.419870E-14   0.137418E-12   0.512191E-13   0.653718E-16   0.497580E-20   0.635387E-24   0.443377E-28   0.106209E-25   0.197286E-25   0.993800E-30   0.488267E-25   0.768853E-25
   0.116667E+01   0.559607E-30   0.122471E-33   0.213202E-33   0.364632E-33   0.615514E-33   0.102880E-32   0.170727E-32   0.281980E-32   0.464322E-32   0.763210E-32   0.125154E-31   0.205304E-31   0.336544E-31   0.280339E-16   0.332189E-12   0.108527E-10   0.401555E-11   0.514254E-14   0.391256E-18   0.498246E-22   0.567316E-26   0.851594E-24   0.154871E-23   0.138886E-27   0.383072E-23   0.603107E-23
   0.116667E+01   0.728065E-27   0.829002E-29   0.145213E-28   0.249573E-28   0.422915E-28   0.709015E-28   0.117934E-27   0.195132E-27   0.321741E-27   0.529349E-27   0.868586E-27   0.142531E-26   0.233659E-26   0.266247E-13   0.314871E-09   0.102701E-07   0.381837E-08   0.487392E-11   0.371013E-15   0.472633E-19   0.570526E-23   0.783148E-21   0.145796E-20   0.624405E-23   0.360545E-20   0.567571E-20
   0.116667E+01   0.119598E-28   0.477103E-29   0.757310E-29   0.120200E-28   0.190771E-28   0.302766E-28   0.480492E-28   0.762521E-28   0.121005E-27   0.192015E-27   0.304683E-27   0.483431E-27   0.766985E-27   0.213255E-15   0.251865E-11   0.820767E-10   0.299757E-10   0.387932E-13   0.294553E-17   0.374732E-21   0.558051E-25   0.691450E-23   0.116147E-22   0.121476E-24   0.287028E-22   0.451790E-22
   0.116667E+01   0.151964E-30   0.607648E-31   0.964329E-31   0.153038E-30   0.242870E-30   0.385432E-30   0.611675E-30   0.970712E-30   0.154048E-29   0.244464E-29   0.387942E-29   0.615610E-29   0.976856E-29   0.242580E-17   0.286417E-13   0.933191E-12   0.339563E-12   0.440573E-15   0.334389E-19   0.425288E-23   0.676784E-27   0.795416E-25   0.131977E-24   0.156252E-26   0.326115E-24   0.513316E-24
   0.116667E+01   0.254779E-28   0.101696E-28   0.161386E-28   0.256111E-28   0.406431E-28   0.644975E-28   0.102351E-27   0.162419E-27   0.257732E-27   0.408966E-27   0.648911E-27   0.102958E-26   0.163343E-26   0.462153E-15   0.545848E-11   0.177884E-09   0.650024E-10   0.840904E-13   0.638529E-17   0.812377E-21   0.119794E-24   0.149584E-22   0.251749E-22   0.258572E-24   0.622147E-22   0.979277E-22
   0.116667E+01   0.000000E+00   0.000000E+00   0.000000E+00   0.000000E+00   0.000000E+00   0.000000E+00   0.000000E+00   0.000000E+00   0.000000E+00   0.000000E+00   0.000000E+00   0.000000E+00   0.000000E+00   0.000000E+00   0.000000E+00   0.000000E+00   0.000000E+00   0.000000E+00   0.000000E+00   0.000000E+00   0.000000E+00   0.000000E+00   0.000000E+00   0.000000E+00   0.000000E+00   0.000000E+00
   0.116667E+01   0.237661E-26   0.462031E-26   0.923989E-26   0.184786E-25   0.369551E-25   0.739067E-25   0.147808E-24   0.295607E-24   0.591199E-24   0.118237E-23   0.236471E-23   0.472936E-23   0.945860E-23   0.346508E-13   0.512040E-09   0.209245E-07   0.933616E-08   0.101311E-10   0.800454E-15   0.103475E-18   0.237753E-20   0.493013E-20   0.991306E-20   0.193709E-19   0.391115E-19   0.780529E-19
   0.133333E+01   0.206702E-25   0.421107E-25   0.875000E-25   0.171970E-24   0.350000E-24   0.694368E-24   0.140000E-23   0.278929E-23   0.560000E-23   0.111786E-22   0.224000E-22   0.447528E-22   0.896000E-22   0.292013E-12   0.440853E-08   0.183057E-06   0.869041E-07   0.491069E-08   0.109299E-11   0.865685E-16   0.129225E-19   0.460631E-19   0.928292E-19   0.183500E-18   0.367481E-18   0.734633E-18
   0.133333E+01   0.730737E-38   0.148877E-37   0.327075E-35   0.606593E-37   0.130831E-34   0.244971E-36   0.523327E-34   0.983681E-36   0.209327E-33   0.394528E-35   0.837320E-33   0.157616E-34   0.334927E-32   0.287382E-25   0.350314E-21   0.112733E-19   0.449243E-20   0.254741E-21   0.661092E-25   0.509379E-29   0.193897E-31   0.913085E-33   0.190171E-32   0.685917E-29   0.459133E-32   0.720482E-32
   0.133333E+01   0.106507E-37   0.207090E-37   0.327077E-35   0.773509E-37   0.130832E-34   0.291006E-36   0.523323E-34   0.110659E-35   0.209330E-33   0.426815E-35   0.837325E-33   0.165973E-34   0.334925E-32   0.689489E-23   0.820491E-19   0.268616E-17   0.105230E-17   0.621119E-19   0.152090E-22   0.119238E-26   0.294100E-31   0.220773E-30   0.395335E-30   0.171847E-30   0.976424E-30   0.153744E-29
   0.133333E+01   0.736152E-38   0.149866E-37   0.327079E-35   0.610516E-37   0.130831E-34   0.245809E-36   0.523322E-34   0.984799E-36   0.209330E-33   0.394300E-35   0.837313E-33   0.157675E-34   0.334930E-32   0.149070E-24   0.177473E-20   0.582393E-19   0.226796E-19   0.134931E-20   0.329846E-24   0.259018E-28   0.195626E-31   0.477890E-32   0.857559E-32   0.171860E-30   0.217471E-31   0.337541E-31
   0.133333E+01   0.217791E-37   0.404159E-37   0.327078E-35   0.135639E-36   0.130831E-34   0.453410E-36   0.523322E-34   0.154613E-35   0.209329E-33   0.543649E-35   0.837311E-33   0.197235E-34   0.334926E-32   0.319087E-22   0.380037E-18   0.124507E-16   0.488032E-17   0.288175E-18   0.705818E-22   0.553700E-26   0.661033E-31   0.102542E-29   0.183621E-29   0.171847E-30   0.453555E-29   0.713963E-29
   0.133333E+01   0.281925E-35   0.501065E-35   0.820142E-37   0.148565E-34   0.327963E-36   0.416501E-34   0.131213E-35   0.113031E-33   0.524816E-35   0.301358E-33   0.209987E-34   0.794823E-33   0.840006E-34   0.642954E-20   0.766093E-16   0.251070E-14   0.984354E-15   0.581165E-16   0.142239E-19   0.111627E-23   0.946136E-29   0.207012E-27   0.370672E-27   0.185591E-30   0.915614E-27   0.144129E-26
   0.133333E+01   0.559593E-33   0.978768E-33   0.922175E-37   0.283658E-32   0.370304E-36   0.783844E-32   0.148470E-35   0.210785E-31   0.594744E-35   0.558719E-31   0.238168E-34   0.146800E-30   0.953155E-34   0.839116E-18   0.997502E-14   0.326323E-12   0.126651E-12   0.738178E-14   0.183258E-17   0.143550E-21   0.126874E-26   0.272419E-25   0.478971E-25   0.270478E-29   0.118223E-24   0.186064E-24
   0.133333E+01   0.760727E-38   0.154079E-37   0.327078E-35   0.622522E-37   0.130831E-34   0.249398E-36   0.523326E-34   0.996029E-36   0.209329E-33   0.396849E-35   0.837322E-33   0.158545E-34   0.334929E-32   0.691679E-24   0.824044E-20   0.269975E-18   0.105860E-18   0.625044E-20   0.153081E-23   0.120091E-27   0.203621E-31   0.222943E-31   0.399442E-31   0.171823E-30   0.982200E-31   0.154658E-30
   0.133333E+01   0.688681E-37   0.124225E-36   0.327075E-35   0.384722E-36   0.130831E-34   0.115261E-35   0.523322E-34   0.344632E-35   0.209329E-33   0.105063E-34   0.209746E-34   0.178111E-34   0.838803E-34   0.140141E-21   0.166977E-17   0.547225E-16   0.214559E-16   0.126716E-17   0.310401E-21   0.243573E-25   0.225057E-30   0.451130E-29   0.807874E-29   0.172156E-30   0.199560E-28   0.314136E-28
   0.133333E+01   0.115185E-34   0.206206E-34   0.821435E-37   0.617731E-34   0.328668E-36   0.174303E-33   0.131439E-35   0.474937E-33   0.525982E-35   0.126942E-32   0.210348E-34   0.335295E-32   0.841391E-34   0.269908E-19   0.321714E-15   0.105464E-13   0.413454E-14   0.243811E-15   0.595716E-19   0.467440E-23   0.399609E-28   0.870888E-27   0.155851E-26   0.230198E-30   0.384995E-26   0.606043E-26
   0.133333E+01   0.187844E-32   0.338897E-32   0.115104E-36   0.102649E-31   0.470080E-36   0.291658E-31   0.190543E-35   0.798183E-31   0.768717E-35   0.213923E-30   0.308239E-34   0.565997E-30   0.123675E-33   0.185428E-17   0.220370E-13   0.720811E-12   0.278010E-12   0.162350E-13   0.404222E-17   0.316508E-21   0.279190E-26   0.614300E-25   0.105742E-24   0.100092E-28   0.260941E-24   0.410668E-24
   0.133333E+01   0.403269E-31   0.656767E-31   0.551091E-35   0.170495E-30   0.238141E-34   0.435866E-30   0.100015E-33   0.110630E-29   0.412542E-33   0.279831E-29   0.166370E-32   0.706550E-29   0.673656E-32   0.348679E-17   0.413661E-13   0.135121E-11   0.518762E-12   0.303968E-13   0.757171E-17   0.592678E-21   0.519948E-26   0.119726E-24   0.197318E-24   0.112938E-26   0.486729E-24   0.765920E-24
   0.133333E+01   0.940801E-32   0.152319E-31   0.219270E-33   0.393390E-31   0.916833E-33   0.100720E-30   0.377147E-32   0.257609E-30   0.153549E-31   0.661515E-30   0.613857E-31   0.171194E-29   0.247267E-30   0.594271E-18   0.704360E-14   0.229925E-12   0.874241E-13   0.510533E-14   0.128346E-17   0.100427E-21   0.894585E-27   0.208321E-25   0.335056E-25   0.416474E-27   0.826105E-25   0.129989E-24
   0.133333E+01   0.839313E-38   0.168248E-37   0.327079E-35   0.664329E-37   0.130830E-34   0.261054E-36   0.523321E-34   0.102693E-35   0.209329E-33   0.405853E-35   0.837307E-33   0.160797E-34   0.334925E-32   0.251170E-23   0.299271E-19   0.980826E-18   0.384591E-18   0.227134E-19   0.556367E-23   0.436582E-27   0.230386E-31   0.809040E-31   0.144942E-30   0.171847E-30   0.358346E-30   0.564295E-30
   0.133333E+01   0.216804E-36   0.389708E-36   0.327076E-35   0.112392E-35   0.327751E-36   0.317171E-35   0.131148E-35   0.864890E-35   0.524515E-35   0.231526E-34   0.209791E-34   0.613093E-34   0.838923E-34   0.491601E-21   0.585984E-17   0.192104E-15   0.753429E-16   0.445046E-17   0.109030E-20   0.855814E-25   0.742185E-30   0.158534E-28   0.283916E-28   0.172870E-30   0.701371E-28   0.110408E-27
   0.133333E+01   0.459199E-34   0.827958E-34   0.832896E-37   0.250564E-33   0.333488E-36   0.711534E-33   0.133527E-35   0.194655E-32   0.534370E-35   0.521570E-32   0.213868E-34   0.137974E-31   0.855474E-34   0.107944E-18   0.128690E-14   0.421946E-13   0.165295E-13   0.971074E-15   0.237781E-18   0.186475E-22   0.161437E-27   0.349204E-26   0.623901E-26   0.417169E-30   0.154121E-25   0.242614E-25
   0.133333E+01   0.706114E-32   0.128046E-31   0.285792E-36   0.389540E-31   0.122261E-35   0.110648E-30   0.512393E-35   0.302062E-30   0.211168E-34   0.806677E-30   0.852841E-34   0.212559E-29   0.345241E-33   0.284098E-17   0.337296E-13   0.110242E-11   0.423694E-12   0.247788E-13   0.617804E-17   0.483623E-21   0.425268E-26   0.959007E-25   0.161306E-24   0.391213E-28   0.397957E-24   0.626259E-24
   0.133333E+01   0.452314E-31   0.732775E-31   0.353143E-34   0.188947E-30   0.156403E-33   0.481197E-30   0.670213E-33   0.121864E-29   0.280013E-32   0.307865E-29   0.113678E-31   0.776959E-29   0.462659E-31   0.373021E-17   0.442530E-13   0.144548E-11   0.554939E-12   0.324940E-13   0.809985E-17   0.634009E-21   0.556226E-26   0.128183E-24   0.211073E-24   0.172955E-26   0.520654E-24   0.819303E-24
   0.133333E+01   0.103326E-31   0.168727E-31   0.135254E-32   0.446623E-31   0.608528E-32   0.118905E-30   0.263054E-31   0.322221E-30   0.108498E-30   0.891173E-30   0.410418E-30   0.247752E-29   0.142293E-29   0.639314E-18   0.757746E-14   0.247351E-12   0.940535E-13   0.548879E-14   0.138075E-17   0.108038E-21   0.962296E-27   0.224110E-25   0.360468E-25   0.447749E-27   0.888842E-25   0.139870E-24
   0.133333E+01   0.185622E-31   0.301314E-31   0.248034E-31   0.778323E-31   0.628750E-31   0.198327E-30   0.158908E-30   0.502250E-30   0.401058E-30   0.126829E-29   0.101154E-29   0.319842E-29   0.255090E-29   0.598505E-18   0.709386E-14   0.231568E-12   0.880515E-13   0.513844E-14   0.129264E-17   0.101143E-21   0.901009E-27   0.209806E-25   0.337515E-25   0.421003E-27   0.832295E-25   0.130976E-24
   0.133333E+01   0.730182E-38   0.509152E-39   0.821200E-37   0.198685E-38   0.328504E-36   0.806897E-38   0.131373E-35   0.322259E-37   0.525531E-35   0.131404E-36   0.210227E-34   0.514042E-36   0.840909E-34   0.188158E-25   0.229536E-21   0.755202E-20   0.289882E-20   0.170633E-21   0.431060E-25   0.346699E-29   0.193761E-31   0.615934E-33   0.126811E-32   0.171823E-30   0.308557E-32   0.444133E-32
   0.133333E+01   0.819440E-36   0.147660E-35   0.834131E-37   0.446506E-35   0.332312E-36   0.126744E-34   0.132408E-35   0.346704E-34   0.528540E-35   0.929061E-34   0.211100E-34   0.245889E-33   0.843377E-34   0.197917E-20   0.236013E-16   0.773983E-15   0.303641E-15   0.179390E-16   0.439516E-20   0.345096E-24   0.293445E-29   0.639395E-28   0.114514E-27   0.176322E-30   0.282912E-27   0.445364E-27
   0.133333E+01   0.147587E-33   0.268006E-33   0.321598E-36   0.819319E-33   0.101699E-35   0.234151E-32   0.328160E-35   0.643129E-32   0.109417E-34   0.172753E-31   0.375932E-34   0.457695E-31   0.132558E-33   0.326167E-18   0.388781E-14   0.127457E-12   0.498010E-13   0.291486E-14   0.717332E-18   0.562240E-22   0.494575E-27   0.105939E-25   0.188384E-25   0.101221E-29   0.465301E-25   0.732451E-25
   0.133333E+01   0.181056E-31   0.314869E-31   0.367134E-34   0.892217E-31   0.106557E-33   0.240417E-30   0.306555E-33   0.631292E-30   0.890118E-33   0.163562E-29   0.260408E-32   0.420517E-29   0.765153E-32   0.296370E-17   0.351747E-13   0.114933E-11   0.441872E-12   0.260123E-13   0.644394E-17   0.504478E-21   0.441861E-26   0.100926E-24   0.168008E-24   0.130838E-27   0.414480E-24   0.652249E-24
   0.133333E+01   0.499463E-31   0.812152E-31   0.780483E-32   0.210969E-30   0.228320E-31   0.541496E-30   0.659603E-31   0.138407E-29   0.191828E-30   0.353721E-29   0.560955E-30   0.904613E-29   0.164436E-29   0.388807E-17   0.461259E-13   0.150666E-11   0.578322E-12   0.340390E-13   0.844266E-17   0.660905E-21   0.579703E-26   0.133627E-24   0.220009E-24   0.198805E-26   0.542698E-24   0.853992E-24
   0.133333E+01   0.210913E-31   0.341936E-31   0.277905E-31   0.882608E-31   0.704416E-31   0.224973E-30   0.178268E-30   0.570225E-30   0.450878E-30   0.144160E-29   0.113987E-29   0.363960E-29   0.288081E-29   0.687298E-18   0.814622E-14   0.265919E-12   0.101117E-12   0.589678E-14   0.148440E-17   0.116146E-21   0.103445E-26   0.240930E-25   0.387559E-25   0.480438E-27   0.955677E-25   0.150389E-24
   0.133333E+01   0.206601E-31   0.333982E-31   0.276054E-31   0.858774E-31   0.695387E-31   0.218334E-30   0.175180E-30   0.552258E-30   0.441348E-30   0.139366E-29   0.111207E-29   0.351324E-29   0.280267E-29   0.657497E-18   0.779307E-14   0.254393E-12   0.967357E-13   0.564131E-14   0.142007E-17   0.111113E-21   0.989662E-27   0.230478E-25   0.370777E-25   0.460397E-27   0.914306E-25   0.143880E-24
   0.133333E+01   0.254085E-39   0.509152E-39   0.821141E-37   0.203305E-38   0.328480E-36   0.806897E-38   0.131392E-35   0.320385E-37   0.525681E-35   0.133656E-36   0.210227E-34   0.502018E-36   0.840969E-34   0.309713E-25   0.375525E-21   0.121854E-19   0.470443E-20   0.288694E-21   0.706098E-25   0.549781E-29   0.193960E-31   0.108330E-32   0.196367E-32   0.171823E-30   0.454196E-32   0.720482E-32
   0.133333E+01   0.318925E-38   0.582979E-38   0.821612E-37   0.183552E-37   0.328621E-36   0.545238E-37   0.131392E-35   0.159443E-36   0.525380E-35   0.471551E-36   0.210122E-34   0.141286E-35   0.840728E-34   0.731378E-23   0.872531E-19   0.286238E-17   0.112315E-17   0.663339E-19   0.162317E-22   0.127498E-26   0.301461E-31   0.236816E-30   0.424127E-30   0.171872E-30   0.104798E-29   0.165045E-29
   0.133333E+01   0.595860E-36   0.108979E-35   0.854290E-37   0.336585E-35   0.337766E-36   0.968267E-35   0.133978E-35   0.267100E-34   0.532828E-35   0.719611E-34   0.212093E-34   0.191118E-33   0.846145E-34   0.102132E-20   0.121608E-16   0.398355E-15   0.154642E-15   0.901541E-17   0.223750E-20   0.175274E-24   0.265843E-29   0.334777E-28   0.587431E-28   0.175422E-30   0.145039E-27   0.228324E-27
   0.133333E+01   0.307177E-31   0.509858E-31   0.467758E-33   0.135602E-30   0.133663E-32   0.351548E-30   0.371500E-32   0.900211E-30   0.102254E-31   0.229116E-29   0.280532E-31   0.581183E-29   0.769475E-31   0.320802E-17   0.380679E-13   0.124369E-11   0.478347E-12   0.280377E-13   0.697416E-17   0.545941E-21   0.477750E-26   0.109634E-24   0.181720E-24   0.502176E-27   0.448295E-24   0.705454E-24
   0.133333E+01   0.616272E-31   0.101753E-30   0.613053E-31   0.269615E-30   0.164992E-30   0.699578E-30   0.435325E-30   0.179772E-29   0.113887E-29   0.460038E-29   0.296583E-29   0.117426E-28   0.770125E-29   0.350954E-17   0.416412E-13   0.136031E-11   0.523078E-12   0.306597E-13   0.762754E-17   0.597081E-21   0.522570E-26   0.120256E-24   0.198702E-24   0.176396E-26   0.490176E-24   0.771352E-24
   0.133333E+01   0.194055E-32   0.313836E-32   0.259638E-32   0.807731E-32   0.655425E-32   0.205616E-31   0.165615E-31   0.521067E-31   0.419183E-31   0.131877E-30   0.106384E-30   0.333961E-30   0.271132E-30   0.610968E-19   0.724204E-15   0.236431E-13   0.898824E-14   0.524623E-15   0.131964E-18   0.103256E-22   0.931397E-28   0.214592E-26   0.345166E-26   0.598883E-28   0.852416E-26   0.134285E-25
   0.133333E+01   0.213917E-31   0.345806E-31   0.285837E-31   0.889170E-31   0.720019E-31   0.226060E-30   0.181382E-30   0.571795E-30   0.456962E-30   0.144294E-29   0.115138E-29   0.363740E-29   0.290159E-29   0.681655E-18   0.807943E-14   0.263742E-12   0.100289E-12   0.585516E-14   0.147226E-17   0.115199E-21   0.102592E-26   0.238938E-25   0.384403E-25   0.476024E-27   0.947904E-25   0.149166E-24
   0.133333E+01   0.684600E-34   0.124155E-33   0.836523E-36   0.378827E-33   0.245925E-35   0.108128E-32   0.714691E-35   0.296737E-32   0.209945E-34   0.796592E-32   0.631765E-34   0.210957E-31   0.196625E-33   0.169024E-18   0.201637E-14   0.661455E-13   0.259564E-13   0.153376E-14   0.375830E-18   0.295172E-22   0.246540E-27   0.546964E-26   0.979653E-26   0.585073E-30   0.242045E-25   0.381040E-25
   0.133333E+01   0.207680E-33   0.379567E-33   0.240257E-35   0.117100E-32   0.694016E-35   0.336568E-32   0.195134E-34   0.927706E-32   0.545294E-34   0.249732E-31   0.153275E-33   0.662500E-31   0.437607E-33   0.527250E-18   0.629204E-14   0.206465E-12   0.810097E-13   0.477985E-14   0.116725E-17   0.916117E-22   0.776110E-27   0.171002E-25   0.306079E-25   0.147272E-29   0.756274E-25   0.119060E-24
   0.133333E+01   0.312254E-31   0.575131E-31   0.353835E-33   0.179402E-30   0.101712E-32   0.519237E-30   0.281563E-32   0.143749E-29   0.765081E-32   0.388029E-29   0.205870E-31   0.103116E-28   0.551267E-31   0.366377E-16   0.436149E-12   0.142841E-10   0.556413E-11   0.326324E-12   0.804398E-16   0.630069E-20   0.546279E-25   0.119581E-23   0.210395E-23   0.202279E-27   0.519518E-23   0.817724E-23
   0.133333E+01   0.250765E-27   0.409803E-27   0.238938E-28   0.106955E-26   0.692941E-28   0.274523E-26   0.192874E-27   0.699036E-26   0.525816E-27   0.177328E-25   0.141746E-26   0.448929E-25   0.379858E-26   0.327641E-13   0.389369E-09   0.127338E-07   0.498493E-08   0.293890E-09   0.718572E-13   0.562979E-17   0.484536E-22   0.104080E-20   0.186689E-20   0.765137E-23   0.460919E-20   0.725415E-20
   0.133333E+01   0.719528E-29   0.116232E-28   0.956620E-29   0.298537E-28   0.240950E-28   0.758386E-28   0.606833E-28   0.191707E-27   0.152815E-27   0.483502E-27   0.384767E-27   0.121806E-26   0.968558E-27   0.299518E-15   0.355344E-11   0.116072E-09   0.445977E-10   0.261818E-11   0.650651E-15   0.509330E-19   0.446112E-24   0.102754E-22   0.169507E-22   0.153458E-24   0.418135E-22   0.657980E-22
   0.133333E+01   0.969944E-31   0.156667E-30   0.129035E-30   0.402343E-30   0.324966E-30   0.102204E-29   0.818402E-30   0.258353E-29   0.206102E-29   0.651613E-29   0.518997E-29   0.164170E-28   0.130674E-28   0.357396E-17   0.423839E-13   0.138407E-11   0.529579E-12   0.310402E-13   0.774541E-17   0.606216E-21   0.534505E-26   0.123611E-24   0.201950E-24   0.208548E-26   0.498076E-24   0.783764E-24
   0.133333E+01   0.151747E-28   0.245099E-28   0.201748E-28   0.629428E-28   0.508062E-28   0.159883E-27   0.127942E-27   0.404135E-27   0.322169E-27   0.101923E-26   0.811139E-27   0.256763E-26   0.204178E-26   0.644339E-15   0.764482E-11   0.249728E-09   0.960146E-10   0.563856E-11   0.140024E-14   0.109614E-18   0.959113E-24   0.220754E-22   0.364743E-22   0.323407E-24   0.899765E-22   0.141588E-21
   0.133333E+01   0.000000E+00   0.000000E+00   0.000000E+00   0.000000E+00   0.000000E+00   0.000000E+00   0.000000E+00   0.000000E+00   0.000000E+00   0.000000E+00   0.000000E+00   0.000000E+00   0.000000E+00   0.000000E+00   0.000000E+00   0.000000E+00   0.000000E+00   0.000000E+00   0.000000E+00   0.000000E+00   0.000000E+00   0.000000E+00   0.000000E+00   0.000000E+00   0.000000E+00   0.000000E+00
   0.133333E+01   0.220602E-26   0.448451E-26   0.924125E-26   0.182557E-25   0.369588E-25   0.735602E-25   0.147818E-24   0.295107E-24   0.591225E-24   0.118171E-23   0.236478E-23   0.472840E-23   0.945879E-23   0.337964E-13   0.500677E-09   0.204783E-07   0.962544E-08   0.545007E-09   0.121891E-12   0.964861E-17   0.136849E-20   0.495704E-20   0.996835E-20   0.193710E-19   0.392092E-19   0.782057E-19
   0.150000E+01   0.206735E-25   0.421161E-25   0.875000E-25   0.171984E-24   0.350000E-24   0.694399E-24   0.140000E-23   0.278937E-23   0.560000E-23   0.111788E-22   0.224000E-22   0.447534E-22   0.896000E-22   0.124419E-14   0.424596E-08   0.177012E-06   0.867771E-07   0.112444E-07   0.267376E-11   0.200771E-15   0.946929E-20   0.460918E-19   0.930153E-19   0.183499E-18   0.367531E-18   0.734707E-18
   0.150000E+01   0.731687E-38   0.149009E-37   0.327075E-35   0.607794E-37   0.130831E-34   0.245216E-36   0.523327E-34   0.984456E-36   0.209327E-33   0.394685E-35   0.837320E-33   0.157768E-34   0.334927E-32   0.187392E-27   0.519821E-21   0.172262E-19   0.692799E-20   0.917534E-21   0.255995E-24   0.183592E-28   0.177574E-31   0.154872E-32   0.268985E-32   0.171847E-30   0.669054E-32   0.101175E-31
   0.150000E+01   0.129882E-37   0.247966E-37   0.327077E-35   0.893943E-37   0.130832E-34   0.323949E-36   0.523323E-34   0.119711E-35   0.209330E-33   0.450625E-35   0.837325E-33   0.172648E-34   0.334925E-32   0.448419E-25   0.125083E-18   0.410463E-17   0.165871E-17   0.218361E-18   0.586554E-22   0.434679E-26   0.363039E-31   0.356738E-30   0.623113E-30   0.171847E-30   0.153645E-29   0.241774E-29
   0.150000E+01   0.741408E-38   0.150677E-37   0.327079E-35   0.612642E-37   0.130831E-34   0.246333E-36   0.523322E-34   0.988385E-36   0.209330E-33   0.395133E-35   0.837313E-33   0.157948E-34   0.334930E-32   0.961614E-27   0.269793E-20   0.886475E-19   0.358472E-19   0.472332E-20   0.126666E-23   0.939569E-28   0.180778E-31   0.770642E-32   0.136079E-31   0.171835E-30   0.331564E-31   0.532528E-31
   0.150000E+01   0.317976E-37   0.582888E-37   0.327078E-35   0.188975E-36   0.130831E-34   0.603762E-36   0.523322E-34   0.195856E-35   0.209329E-33   0.654114E-35   0.837311E-33   0.226427E-34   0.334926E-32   0.207303E-24   0.578725E-18   0.190035E-16   0.768398E-17   0.101195E-17   0.271900E-21   0.201623E-25   0.104101E-30   0.165508E-29   0.289109E-29   0.171970E-30   0.712858E-29   0.112187E-28
   0.150000E+01   0.476947E-35   0.851837E-35   0.820142E-37   0.254437E-34   0.328057E-36   0.717370E-34   0.131232E-35   0.195664E-33   0.524816E-35   0.523839E-33   0.209987E-34   0.138501E-32   0.840006E-34   0.417794E-22   0.116674E-15   0.383250E-14   0.154996E-14   0.204088E-15   0.547823E-19   0.406356E-23   0.174749E-28   0.334168E-27   0.583684E-27   0.193960E-30   0.143926E-26   0.226504E-26
   0.150000E+01   0.936539E-33   0.164613E-32   0.947918E-37   0.480601E-32   0.380907E-36   0.133566E-31   0.152852E-35   0.361003E-31   0.612461E-35   0.960923E-31   0.245315E-34   0.253121E-30   0.981743E-34   0.528760E-20   0.146482E-13   0.480204E-12   0.192030E-12   0.251188E-13   0.680670E-17   0.503941E-21   0.218635E-26   0.422533E-25   0.726626E-25   0.417760E-29   0.179010E-24   0.281656E-24
   0.150000E+01   0.782651E-38   0.158087E-37   0.327077E-35   0.634122E-37   0.130832E-34   0.252721E-36   0.523324E-34   0.100392E-35   0.209330E-33   0.399783E-35   0.837317E-33   0.159269E-34   0.334929E-32   0.448003E-26   0.125198E-19   0.411160E-18   0.166299E-18   0.218982E-19   0.588246E-23   0.436346E-27   0.195436E-31   0.358652E-31   0.626868E-31   0.171823E-30   0.154821E-30   0.243808E-30
   0.150000E+01   0.111314E-36   0.200547E-36   0.327079E-35   0.614851E-36   0.130831E-34   0.180665E-35   0.523321E-34   0.524193E-35   0.209330E-33   0.153354E-34   0.209746E-34   0.306265E-34   0.839043E-34   0.909550E-24   0.254016E-17   0.834383E-16   0.337470E-16   0.444516E-17   0.119451E-20   0.886024E-25   0.397492E-30   0.727416E-29   0.127072E-28   0.172340E-30   0.313341E-28   0.493124E-28
   0.150000E+01   0.194627E-34   0.350134E-34   0.822493E-37   0.105666E-33   0.328856E-36   0.299858E-33   0.131571E-35   0.821196E-33   0.526358E-35   0.220411E-32   0.210468E-34   0.583652E-32   0.842173E-34   0.175065E-21   0.488867E-15   0.160626E-13   0.649555E-14   0.854584E-15   0.228971E-18   0.169800E-22   0.723168E-28   0.140245E-26   0.244853E-26   0.265105E-30   0.603791E-26   0.950241E-26
   0.150000E+01   0.311729E-32   0.565164E-32   0.123074E-36   0.172451E-31   0.504240E-36   0.492786E-31   0.204828E-35   0.135545E-30   0.827548E-35   0.364796E-30   0.331817E-34   0.967610E-30   0.133268E-33   0.113109E-19   0.313019E-13   0.102588E-11   0.407580E-12   0.533943E-13   0.145186E-16   0.107436E-20   0.465257E-26   0.917873E-25   0.155096E-24   0.156008E-28   0.381979E-24   0.600985E-24
   0.150000E+01   0.507599E-31   0.825275E-31   0.679751E-35   0.213755E-30   0.293804E-34   0.545729E-30   0.123406E-33   0.138399E-29   0.509070E-33   0.349866E-29   0.205302E-32   0.882969E-29   0.831322E-32   0.203864E-19   0.563150E-13   0.184321E-11   0.728998E-12   0.957731E-13   0.260638E-16   0.192805E-20   0.832445E-26   0.170154E-24   0.277440E-24   0.153741E-26   0.683020E-24   0.107450E-23
   0.150000E+01   0.127714E-31   0.206760E-31   0.298874E-33   0.533952E-31   0.125014E-32   0.136705E-30   0.514386E-32   0.349653E-30   0.209457E-31   0.897946E-30   0.837457E-31   0.232413E-29   0.337357E-30   0.382733E-20   0.105562E-13   0.345226E-12   0.135246E-12   0.176403E-13   0.486301E-17   0.359486E-21   0.156498E-26   0.323693E-25   0.518320E-25   0.559238E-27   0.127529E-24   0.200606E-24
   0.150000E+01   0.913602E-38   0.181254E-37   0.327078E-35   0.704466E-37   0.130831E-34   0.272354E-36   0.523319E-34   0.105806E-35   0.209329E-33   0.413819E-35   0.837317E-33   0.162873E-34   0.334923E-32   0.159514E-25   0.445601E-19   0.146377E-17   0.592019E-18   0.779822E-19   0.209529E-22   0.155428E-26   0.243380E-31   0.127651E-30   0.223027E-30   0.171786E-30   0.550130E-30   0.866209E-30
   0.150000E+01   0.354179E-36   0.638529E-36   0.819555E-37   0.188252E-35   0.327775E-36   0.534148E-35   0.131129E-35   0.146317E-34   0.524590E-35   0.393009E-34   0.209761E-34   0.104220E-33   0.839043E-34   0.312705E-23   0.873669E-17   0.287074E-15   0.116140E-15   0.153008E-16   0.411213E-20   0.305105E-24   0.132569E-29   0.250529E-28   0.437673E-28   0.173548E-30   0.107931E-27   0.169863E-27
   0.150000E+01   0.774355E-34   0.140304E-33   0.838891E-37   0.427741E-33   0.336403E-36   0.122161E-32   0.134740E-35   0.335892E-32   0.539599E-35   0.903794E-32   0.215840E-34   0.239695E-31   0.863659E-34   0.697906E-21   0.194684E-14   0.639761E-13   0.258474E-13   0.339520E-14   0.910122E-18   0.674646E-22   0.291420E-27   0.559642E-26   0.975705E-26   0.563637E-30   0.240598E-25   0.378653E-25
   0.150000E+01   0.115833E-31   0.210039E-31   0.375441E-36   0.636738E-31   0.162961E-35   0.180081E-30   0.687090E-35   0.489901E-30   0.284244E-34   0.130429E-29   0.114981E-33   0.342470E-29   0.466165E-33   0.168901E-19   0.466901E-13   0.152903E-11   0.605543E-12   0.792443E-13   0.216246E-16   0.159962E-20   0.691487E-26   0.139061E-24   0.230572E-24   0.611549E-28   0.567716E-24   0.893153E-24
   0.150000E+01   0.562857E-31   0.911368E-31   0.510531E-34   0.234832E-30   0.228520E-33   0.597825E-30   0.981537E-33   0.151372E-29   0.410688E-32   0.382391E-29   0.166908E-31   0.965103E-29   0.679700E-31   0.218170E-19   0.602655E-13   0.197248E-11   0.780320E-12   0.102214E-12   0.278924E-16   0.206308E-20   0.890793E-26   0.182202E-24   0.296881E-24   0.220118E-26   0.730873E-24   0.114978E-23
   0.150000E+01   0.140932E-31   0.230589E-31   0.218685E-32   0.613927E-31   0.995745E-32   0.164899E-30   0.430465E-31   0.451740E-30   0.174801E-30   0.125849E-29   0.640395E-30   0.349648E-29   0.213799E-29   0.411750E-20   0.113565E-13   0.371400E-12   0.145501E-12   0.189770E-13   0.523170E-17   0.386740E-21   0.168356E-26   0.348234E-25   0.557634E-25   0.601413E-27   0.137210E-24   0.215844E-24
   0.150000E+01   0.253280E-31   0.410589E-31   0.338259E-31   0.105892E-30   0.855684E-31   0.269601E-30   0.216004E-30   0.682406E-30   0.544746E-30   0.172264E-29   0.137318E-29   0.434303E-29   0.346102E-29   0.385612E-20   0.106357E-13   0.347828E-12   0.136264E-12   0.177720E-13   0.489961E-17   0.362191E-21   0.157680E-26   0.326127E-25   0.522287E-25   0.565247E-27   0.128518E-24   0.202174E-24
   0.150000E+01   0.251348E-39   0.520533E-39   0.821435E-37   0.206787E-38   0.328480E-36   0.830255E-38   0.131383E-35   0.322268E-37   0.525380E-35   0.128402E-36   0.210152E-34   0.502024E-36   0.840428E-34   0.121867E-27   0.346171E-21   0.112412E-19   0.460205E-20   0.615931E-21   0.166224E-24   0.122655E-28   0.177306E-31   0.100047E-32   0.189203E-32   0.171773E-30   0.459203E-32   0.690953E-32
   0.150000E+01   0.135078E-35   0.244594E-35   0.843535E-37   0.745050E-35   0.334734E-36   0.212677E-34   0.133235E-35   0.584642E-34   0.530759E-35   0.157309E-33   0.211747E-34   0.417263E-33   0.845122E-34   0.125368E-22   0.350409E-16   0.115176E-14   0.466095E-15   0.614155E-16   0.165061E-19   0.122507E-23   0.527050E-29   0.100618E-27   0.175790E-27   0.178848E-30   0.433535E-27   0.682318E-27
   0.150000E+01   0.243192E-33   0.443779E-33   0.487354E-36   0.136669E-32   0.149941E-35   0.392810E-32   0.468749E-35   0.108438E-31   0.150712E-34   0.292502E-31   0.496213E-34   0.776937E-31   0.167068E-33   0.205155E-20   0.570808E-14   0.187538E-12   0.754260E-13   0.100198E-13   0.266384E-17   0.197453E-21   0.855786E-27   0.164607E-25   0.285831E-25   0.148485E-29   0.704699E-25   0.110902E-24
   0.150000E+01   0.257588E-31   0.442693E-31   0.609763E-34   0.123318E-30   0.177826E-33   0.328745E-30   0.515404E-33   0.857299E-30   0.150616E-32   0.221028E-29   0.440194E-32   0.565972E-29   0.128109E-31   0.171227E-19   0.473239E-13   0.154945E-11   0.612976E-12   0.816846E-13   0.219191E-16   0.162244E-20   0.699682E-26   0.142002E-24   0.233473E-24   0.200738E-27   0.574864E-24   0.904388E-24
   0.150000E+01   0.629592E-31   0.102540E-30   0.132639E-31   0.267228E-30   0.390028E-31   0.688394E-30   0.113571E-30   0.176733E-29   0.332560E-30   0.453884E-29   0.971651E-30   0.116583E-28   0.281971E-29   0.227128E-19   0.627409E-13   0.205351E-11   0.810900E-12   0.108011E-12   0.290307E-16   0.214859E-20   0.927491E-26   0.189705E-24   0.309083E-24   0.247402E-26   0.760916E-24   0.119705E-23
   0.150000E+01   0.288500E-31   0.467311E-31   0.381587E-31   0.120482E-30   0.965520E-31   0.306865E-30   0.244024E-30   0.777292E-30   0.616425E-30   0.196383E-29   0.155641E-29   0.495484E-29   0.392830E-29   0.442729E-20   0.122110E-13   0.399344E-12   0.156155E-12   0.206988E-13   0.562365E-17   0.415955E-21   0.181047E-26   0.374432E-25   0.599622E-25   0.645845E-27   0.147545E-24   0.232103E-24
   0.150000E+01   0.280522E-31   0.453453E-31   0.374581E-31   0.116586E-30   0.943530E-31   0.296383E-30   0.237673E-30   0.749615E-30   0.598716E-30   0.189151E-29   0.150830E-29   0.476762E-29   0.380006E-29   0.423483E-20   0.116802E-13   0.381989E-12   0.149701E-12   0.194647E-13   0.538115E-17   0.397744E-21   0.173149E-26   0.358150E-25   0.573580E-25   0.618496E-27   0.141138E-24   0.222026E-24
   0.150000E+01   0.258292E-39   0.543164E-39   0.821024E-37   0.210252E-38   0.328480E-36   0.858241E-38   0.131411E-35   0.316647E-37   0.525719E-35   0.126150E-36   0.210167E-34   0.502024E-36   0.840608E-34   0.196079E-27   0.554834E-21   0.182610E-19   0.738210E-20   0.968079E-21   0.270546E-24   0.195208E-28   0.177588E-31   0.157969E-32   0.294931E-32   0.171847E-30   0.676473E-32   0.113514E-31
   0.150000E+01   0.521999E-38   0.957893E-38   0.821612E-37   0.299783E-37   0.328598E-36   0.881097E-37   0.131383E-35   0.252755E-36   0.525531E-35   0.723859E-36   0.210182E-34   0.210129E-35   0.840488E-34   0.475374E-25   0.132923E-18   0.437057E-17   0.176895E-17   0.233014E-18   0.625262E-22   0.464131E-26   0.376646E-31   0.382332E-30   0.667986E-30   0.171860E-30   0.164775E-29   0.259374E-29
   0.150000E+01   0.989805E-36   0.181909E-35   0.878388E-37   0.565921E-35   0.344702E-36   0.163709E-34   0.135906E-35   0.453813E-34   0.538094E-35   0.122750E-33   0.213598E-34   0.326703E-33   0.849877E-34   0.637060E-23   0.176734E-16   0.580103E-15   0.232116E-15   0.302386E-16   0.822451E-20   0.608819E-24   0.345029E-29   0.513531E-28   0.881675E-28   0.177542E-30   0.217265E-27   0.341922E-27
   0.150000E+01   0.391742E-31   0.646719E-31   0.788330E-33   0.170797E-30   0.226245E-32   0.441018E-30   0.632505E-32   0.112663E-29   0.175167E-31   0.286298E-29   0.482074E-31   0.725372E-29   0.132050E-30   0.184161E-19   0.508918E-13   0.166607E-11   0.660701E-12   0.863939E-13   0.235802E-16   0.174418E-20   0.751922E-26   0.153178E-24   0.250948E-24   0.736035E-27   0.617880E-24   0.972053E-24
   0.150000E+01   0.795122E-31   0.130931E-30   0.864750E-31   0.345479E-30   0.229482E-30   0.893831E-30   0.599765E-30   0.229182E-29   0.155687E-29   0.585149E-29   0.402253E-29   0.148967E-28   0.103564E-28   0.201717E-19   0.557364E-13   0.182451E-11   0.723325E-12   0.945778E-13   0.258200E-16   0.190983E-20   0.823428E-26   0.168126E-24   0.274734E-24   0.213849E-26   0.676424E-24   0.106415E-23
   0.150000E+01   0.265410E-32   0.429157E-32   0.354758E-32   0.110414E-31   0.894977E-32   0.280951E-31   0.225943E-31   0.711561E-31   0.571102E-31   0.179932E-30   0.144634E-30   0.455039E-30   0.367418E-30   0.395673E-21   0.109131E-14   0.356920E-13   0.139831E-13   0.181811E-14   0.502722E-18   0.371581E-22   0.162615E-27   0.335028E-26   0.536478E-26   0.751473E-28   0.132133E-25   0.208004E-25
   0.150000E+01   0.290218E-31   0.469125E-31   0.387535E-31   0.120614E-30   0.976148E-31   0.306622E-30   0.245886E-30   0.775506E-30   0.619394E-30   0.195682E-29   0.156035E-29   0.493217E-29   0.393107E-29   0.438761E-20   0.121017E-13   0.395775E-12   0.155106E-12   0.201736E-13   0.557545E-17   0.412110E-21   0.179390E-26   0.371067E-25   0.594285E-25   0.639215E-27   0.146233E-24   0.230040E-24
   0.150000E+01   0.101807E-33   0.185527E-33   0.125271E-35   0.570237E-33   0.362682E-35   0.163684E-32   0.103422E-34   0.451466E-32   0.296341E-34   0.121703E-31   0.862907E-34   0.323119E-31   0.257822E-33   0.966143E-21   0.270146E-14   0.888221E-13   0.359537E-13   0.473836E-14   0.127372E-17   0.945593E-22   0.397607E-27   0.776701E-26   0.135704E-25   0.755600E-30   0.334700E-25   0.526780E-25
   0.150000E+01   0.328934E-33   0.604093E-33   0.391702E-35   0.187734E-32   0.112293E-34   0.542645E-32   0.313165E-34   0.150327E-31   0.865506E-34   0.406363E-31   0.239130E-33   0.108076E-30   0.665475E-33   0.320731E-20   0.896645E-14   0.294890E-12   0.119352E-12   0.157055E-13   0.420711E-17   0.312033E-21   0.133143E-26   0.258240E-25   0.450945E-25   0.212926E-29   0.111226E-24   0.175060E-24
   0.150000E+01   0.457203E-31   0.846191E-31   0.540551E-33   0.265885E-30   0.155013E-32   0.773860E-30   0.429041E-32   0.215300E-29   0.116668E-31   0.583523E-29   0.313760E-31   0.155437E-28   0.837772E-31   0.198363E-18   0.550259E-12   0.180600E-10   0.725583E-11   0.950926E-12   0.256737E-15   0.190067E-19   0.815154E-25   0.159329E-23   0.274288E-23   0.281277E-27   0.676045E-23   0.106383E-22
   0.150000E+01   0.279630E-27   0.456668E-27   0.362093E-28   0.119138E-26   0.104765E-27   0.305864E-26   0.291576E-27   0.779281E-26   0.795567E-27   0.197821E-25   0.214377E-26   0.501122E-25   0.572976E-26   0.167702E-15   0.467272E-09   0.153172E-07   0.618663E-08   0.813604E-09   0.218210E-12   0.161604E-16   0.690293E-22   0.132410E-20   0.231677E-20   0.896052E-23   0.570994E-20   0.898447E-20
   0.150000E+01   0.881344E-29   0.142347E-28   0.117082E-28   0.365522E-28   0.294879E-28   0.928410E-28   0.742617E-28   0.234663E-27   0.187003E-27   0.591807E-27   0.470836E-27   0.149085E-26   0.118520E-26   0.173088E-17   0.479134E-11   0.156826E-09   0.621201E-10   0.812386E-11   0.221865E-14   0.164102E-18   0.707901E-24   0.144666E-22   0.236076E-22   0.187877E-24   0.581208E-22   0.914341E-22
   0.150000E+01   0.125528E-30   0.202725E-30   0.166845E-30   0.520514E-30   0.420171E-30   0.132203E-29   0.105813E-29   0.334152E-29   0.266463E-29   0.842735E-29   0.670963E-29   0.212310E-28   0.168925E-28   0.216282E-19   0.598219E-13   0.195729E-11   0.771710E-12   0.100696E-12   0.276387E-16   0.204371E-20   0.885122E-26   0.181749E-24   0.294295E-24   0.269237E-26   0.724351E-24   0.113949E-23
   0.150000E+01   0.183989E-28   0.297133E-28   0.244403E-28   0.762888E-28   0.615460E-28   0.193756E-27   0.154984E-27   0.489713E-27   0.390254E-27   0.123499E-26   0.982547E-27   0.311106E-26   0.247322E-26   0.369559E-17   0.102326E-10   0.334947E-09   0.132777E-09   0.173710E-10   0.474002E-14   0.350611E-18   0.151150E-23   0.308626E-22   0.504308E-22   0.391999E-24   0.124164E-21   0.195333E-21
   0.150000E+01   0.000000E+00   0.000000E+00   0.000000E+00   0.000000E+00   0.000000E+00   0.000000E+00   0.000000E+00   0.000000E+00   0.000000E+00   0.000000E+00   0.000000E+00   0.000000E+00   0.000000E+00   0.000000E+00   0.000000E+00   0.000000E+00   0.000000E+00   0.000000E+00   0.000000E+00   0.000000E+00   0.000000E+00   0.000000E+00   0.000000E+00   0.000000E+00   0.000000E+00   0.000000E+00
   0.150000E+01   0.220935E-26   0.448991E-26   0.924291E-26   0.182696E-25   0.369634E-25   0.735958E-25   0.147830E-24   0.295197E-24   0.591258E-24   0.118194E-23   0.236486E-23   0.472899E-23   0.945902E-23   0.146602E-15   0.490730E-09   0.200793E-07   0.972286E-08   0.126094E-08   0.302096E-12   0.226637E-16   0.100586E-20   0.498622E-20   0.100295E-19   0.193710E-19   0.393162E-19   0.783733E-19
   0.166667E+01   0.206749E-25   0.421187E-25   0.875000E-25   0.171992E-24   0.350000E-24   0.694422E-24   0.140000E-23   0.278943E-23   0.560000E-23   0.111789E-22   0.224000E-22   0.447538E-22   0.895278E-22   0.179200E-21   0.481995E-09   0.174879E-06   0.828060E-07   0.211080E-07   0.674419E-11   0.730358E-15   0.278248E-20   0.461184E-19   0.932213E-19   0.183499E-18   0.367579E-18   0.734780E-18
   0.166667E+01   0.733956E-38   0.149301E-37   0.327075E-35   0.609092E-37   0.130831E-34   0.245316E-36   0.523327E-34   0.984473E-36   0.209327E-33   0.394464E-35   0.837320E-33   0.157794E-34   0.315369E-34   0.669849E-32   0.877608E-22   0.255857E-19   0.987012E-20   0.255578E-20   0.965875E-24   0.102945E-27   0.258608E-32   0.227204E-32   0.390902E-32   0.171884E-30   0.967926E-32   0.157951E-31
   0.166667E+01   0.163970E-37   0.308045E-37   0.327077E-35   0.107063E-36   0.130832E-34   0.373542E-36   0.523323E-34   0.133110E-35   0.209330E-33   0.487049E-35   0.837325E-33   0.181993E-34   0.355119E-34   0.669849E-32   0.210421E-19   0.613095E-17   0.237114E-17   0.613647E-18   0.221316E-21   0.237543E-25   0.762768E-31   0.544102E-30   0.934021E-30   0.171884E-30   0.229843E-29   0.361614E-29
   0.166667E+01   0.748538E-38   0.152044E-37   0.327079E-35   0.616366E-37   0.130831E-34   0.247600E-36   0.523322E-34   0.991400E-36   0.209330E-33   0.396038E-35   0.837313E-33   0.158365E-34   0.316329E-34   0.669856E-32   0.450920E-21   0.131961E-18   0.510814E-19   0.132250E-19   0.476544E-23   0.511744E-27   0.386717E-32   0.116980E-31   0.201637E-31   0.171909E-30   0.498038E-31   0.776434E-31
   0.166667E+01   0.464330E-37   0.845301E-37   0.327078E-35   0.267809E-36   0.130831E-34   0.828050E-36   0.523322E-34   0.257541E-35   0.209329E-33   0.820522E-35   0.837311E-33   0.270495E-34   0.498242E-34   0.669855E-32   0.972488E-19   0.283523E-16   0.109714E-16   0.284053E-17   0.102473E-20   0.110022E-24   0.345157E-30   0.252159E-29   0.432887E-29   0.171958E-30   0.106538E-28   0.167622E-28
   0.166667E+01   0.762034E-35   0.136668E-34   0.820554E-37   0.410923E-34   0.328057E-36   0.116508E-33   0.131251E-35   0.319410E-33   0.525004E-35   0.858430E-33   0.210047E-34   0.227391E-32   0.368720E-32   0.167977E-33   0.196084E-16   0.571817E-14   0.221319E-14   0.572863E-15   0.206442E-18   0.221451E-22   0.658730E-28   0.509148E-27   0.874004E-27   0.205484E-30   0.215110E-26   0.338452E-26
   0.166667E+01   0.147947E-32   0.261127E-32   0.975895E-37   0.767448E-32   0.392568E-36   0.214486E-31   0.157573E-35   0.582705E-31   0.631795E-35   0.155707E-30   0.253064E-34   0.410942E-30   0.665481E-30   0.202680E-33   0.238604E-14   0.692269E-12   0.265408E-12   0.674125E-13   0.247839E-16   0.265350E-20   0.790419E-26   0.620290E-25   0.105052E-24   0.620426E-29   0.258271E-24   0.406256E-24
   0.166667E+01   0.814087E-38   0.163840E-37   0.327076E-35   0.651133E-37   0.130830E-34   0.257392E-36   0.523325E-34   0.101837E-35   0.209328E-33   0.403017E-35   0.837320E-33   0.160078E-34   0.319453E-34   0.669854E-32   0.209831E-20   0.612211E-18   0.236932E-18   0.613457E-19   0.221281E-22   0.237592E-26   0.967701E-32   0.545072E-31   0.936189E-31   0.171835E-30   0.230623E-30   0.363188E-30
   0.166667E+01   0.173272E-36   0.312379E-36   0.327077E-35   0.954558E-36   0.130832E-34   0.277814E-35   0.523325E-34   0.792665E-35   0.209327E-33   0.225916E-34   0.209761E-34   0.498993E-34   0.811125E-34   0.167845E-33   0.426416E-18   0.124356E-15   0.481349E-16   0.124646E-16   0.449721E-20   0.482925E-24   0.150756E-29   0.110712E-28   0.190073E-28   0.172549E-30   0.467816E-28   0.736056E-28
   0.166667E+01   0.310569E-34   0.561045E-34   0.822552E-37   0.170440E-33   0.329138E-36   0.486391E-33   0.131684E-35   0.133891E-32   0.526772E-35   0.360757E-32   0.210754E-34   0.957117E-32   0.155283E-31   0.168555E-33   0.820096E-16   0.239144E-13   0.925704E-14   0.239099E-14   0.861151E-18   0.923059E-22   0.274651E-27   0.213199E-26   0.365844E-26   0.313841E-30   0.900453E-26   0.141679E-25
   0.166667E+01   0.488380E-32   0.889115E-32   0.131649E-36   0.273088E-31   0.540892E-36   0.784668E-31   0.220194E-35   0.216906E-30   0.890667E-35   0.585903E-30   0.357260E-34   0.155669E-29   0.252671E-29   0.287493E-33   0.495071E-14   0.143555E-11   0.546790E-12   0.138917E-12   0.513088E-16   0.549194E-20   0.163630E-25   0.130395E-24   0.217580E-24   0.232181E-28   0.534734E-24   0.841078E-24
   0.166667E+01   0.619391E-31   0.100581E-30   0.817983E-35   0.260099E-30   0.353614E-34   0.663422E-30   0.148543E-33   0.168146E-29   0.612790E-33   0.424884E-29   0.247136E-32   0.107193E-28   0.170198E-28   0.201012E-31   0.859822E-14   0.248995E-11   0.944093E-12   0.240443E-12   0.889146E-16   0.951678E-20   0.283530E-25   0.232009E-24   0.375767E-24   0.199168E-26   0.923128E-24   0.145182E-23
   0.166667E+01   0.167002E-31   0.270358E-31   0.392585E-33   0.698156E-31   0.164277E-32   0.178742E-30   0.676116E-32   0.457186E-30   0.275361E-31   0.117420E-29   0.110108E-30   0.303960E-29   0.491569E-29   0.889146E-30   0.175361E-14   0.507301E-12   0.190514E-12   0.482205E-13   0.180398E-16   0.192906E-20   0.575759E-26   0.477824E-25   0.763281E-25   0.726119E-27   0.187377E-24   0.294655E-24
   0.166667E+01   0.101629E-37   0.200051E-37   0.327079E-35   0.760647E-37   0.130829E-34   0.288362E-36   0.523326E-34   0.110286E-35   0.209327E-33   0.426440E-35   0.837317E-33   0.166241E-34   0.329371E-34   0.669852E-32   0.732575E-20   0.213683E-17   0.827157E-18   0.214180E-18   0.772749E-22   0.829767E-26   0.281383E-31   0.190306E-30   0.326715E-30   0.171859E-30   0.804342E-30   0.126573E-29
   0.166667E+01   0.550139E-36   0.994916E-36   0.819613E-37   0.297660E-35   0.327869E-36   0.849192E-35   0.131110E-35   0.233765E-34   0.524590E-35   0.630157E-34   0.209746E-34   0.167314E-33   0.271578E-33   0.167845E-33   0.143856E-17   0.419660E-15   0.162483E-15   0.420833E-16   0.151853E-19   0.163089E-23   0.508674E-29   0.374003E-28   0.642131E-28   0.174349E-30   0.158055E-27   0.248690E-27
   0.166667E+01   0.123309E-33   0.224351E-33   0.847708E-37   0.688508E-33   0.340235E-36   0.197740E-32   0.136367E-35   0.546509E-32   0.546219E-35   0.147620E-31   0.218608E-34   0.392255E-31   0.636734E-31   0.175007E-33   0.325495E-15   0.948369E-13   0.367098E-13   0.942023E-14   0.340839E-17   0.365245E-21   0.108701E-26   0.846834E-26   0.145137E-25   0.767543E-30   0.357210E-25   0.562040E-25
   0.166667E+01   0.177481E-31   0.320448E-31   0.496740E-36   0.962287E-31   0.217361E-35   0.270053E-30   0.921042E-35   0.730515E-30   0.382177E-34   0.193544E-29   0.154821E-33   0.505746E-29   0.814739E-29   0.126327E-32   0.722435E-14   0.209317E-11   0.794594E-12   0.202037E-12   0.747576E-16   0.800107E-20   0.238395E-25   0.192661E-24   0.316438E-24   0.910819E-28   0.777478E-24   0.122280E-23
   0.166667E+01   0.681662E-31   0.110333E-30   0.724533E-34   0.284158E-30   0.325351E-33   0.723213E-30   0.140027E-32   0.183103E-29   0.586639E-32   0.462556E-29   0.238639E-31   0.116759E-28   0.185504E-28   0.195687E-30   0.920496E-14   0.266561E-11   0.101074E-11   0.257235E-12   0.951861E-16   0.101876E-19   0.303524E-25   0.248501E-24   0.402253E-24   0.271055E-26   0.988183E-24   0.155413E-23
   0.166667E+01   0.185336E-31   0.303969E-31   0.343164E-32   0.814908E-31   0.156910E-31   0.221105E-30   0.675594E-31   0.612142E-30   0.268020E-30   0.171282E-29   0.947499E-30   0.474233E-29   0.784544E-29   0.530049E-29   0.188661E-14   0.545776E-12   0.204963E-12   0.518772E-13   0.194080E-16   0.207536E-20   0.619426E-26   0.514064E-25   0.821188E-25   0.781035E-27   0.201601E-24   0.317031E-24
   0.166667E+01   0.332371E-31   0.538318E-31   0.443695E-31   0.138691E-30   0.112081E-30   0.352911E-30   0.282715E-30   0.892987E-30   0.712642E-30   0.225373E-29   0.179578E-29   0.568097E-29   0.901712E-29   0.718190E-29   0.176750E-14   0.511322E-12   0.192020E-12   0.486001E-13   0.181825E-16   0.194432E-20   0.580318E-26   0.481606E-25   0.769389E-25   0.733963E-27   0.188889E-24   0.297045E-24
   0.166667E+01   0.263863E-39   0.537540E-39   0.821083E-37   0.204486E-38   0.328410E-36   0.834947E-38   0.131383E-35   0.326022E-37   0.525531E-35   0.126902E-36   0.210242E-34   0.505036E-36   0.986243E-36   0.168134E-33   0.554515E-22   0.165357E-19   0.640298E-20   0.165577E-20   0.622195E-24   0.672847E-28   0.247776E-32   0.152192E-32   0.269239E-32   0.171835E-30   0.676561E-32   0.982257E-32
   0.166667E+01   0.210474E-35   0.382701E-35   0.856700E-37   0.117342E-34   0.338730E-36   0.336823E-34   0.134382E-35   0.930622E-34   0.534107E-35   0.251345E-33   0.212680E-34   0.667895E-33   0.108424E-32   0.169325E-33   0.574552E-17   0.167663E-14   0.649327E-15   0.168203E-15   0.606933E-19   0.651798E-23   0.193811E-28   0.149577E-27   0.256824E-27   0.182312E-30   0.632201E-27   0.994754E-27
   0.166667E+01   0.378647E-33   0.693832E-33   0.727343E-36   0.215091E-32   0.220586E-35   0.621677E-32   0.677451E-35   0.172502E-31   0.212447E-34   0.467107E-31   0.674918E-34   0.124310E-30   0.201895E-30   0.393600E-33   0.928532E-15   0.270145E-12   0.104288E-12   0.266515E-13   0.969621E-17   0.103883E-20   0.309201E-26   0.241847E-25   0.413055E-25   0.212555E-29   0.101636E-24   0.159909E-24
   0.166667E+01   0.341912E-31   0.581761E-31   0.953537E-34   0.159834E-30   0.279962E-33   0.422545E-30   0.819046E-33   0.109608E-29   0.240757E-32   0.281502E-29   0.701771E-32   0.718548E-29   0.114629E-28   0.341571E-31   0.713592E-14   0.206726E-11   0.784664E-12   0.200989E-12   0.738698E-16   0.790983E-20   0.235552E-25   0.191498E-24   0.312344E-24   0.293319E-27   0.767457E-24   0.120704E-23
   0.166667E+01   0.775454E-31   0.126552E-30   0.211969E-31   0.331170E-30   0.627462E-31   0.857136E-30   0.184326E-30   0.221253E-29   0.542086E-30   0.571173E-29   0.157511E-29   0.147260E-28   0.236369E-28   0.757648E-29   0.957197E-14   0.277192E-11   0.105000E-11   0.268747E-12   0.989696E-16   0.105958E-19   0.315637E-25   0.258432E-24   0.418308E-24   0.299623E-26   0.102763E-23   0.161617E-23
   0.166667E+01   0.379129E-31   0.613774E-31   0.502635E-31   0.158125E-30   0.127034E-30   0.402533E-30   0.320785E-30   0.101917E-29   0.809652E-30   0.257382E-29   0.204257E-29   0.649111E-29   0.103052E-28   0.817913E-29   0.202889E-14   0.586940E-12   0.220191E-12   0.560201E-13   0.208681E-16   0.223210E-20   0.666129E-26   0.552831E-25   0.883152E-25   0.839259E-27   0.216816E-24   0.340960E-24
   0.166667E+01   0.366873E-31   0.593022E-31   0.489648E-31   0.152461E-30   0.123333E-30   0.387562E-30   0.310656E-30   0.980168E-30   0.782501E-30   0.247310E-29   0.197103E-29   0.623294E-29   0.989263E-29   0.787982E-29   0.194045E-14   0.561358E-12   0.210770E-12   0.534012E-13   0.199614E-16   0.213464E-20   0.637106E-26   0.528727E-25   0.844677E-25   0.803294E-27   0.207372E-24   0.326109E-24
   0.166667E+01   0.272196E-39   0.560173E-39   0.821318E-37   0.209107E-38   0.328433E-36   0.834947E-38   0.131373E-35   0.335390E-37   0.525493E-35   0.132910E-36   0.210137E-34   0.517060E-36   0.998270E-36   0.168098E-33   0.910622E-22   0.265901E-19   0.103795E-19   0.265111E-20   0.100555E-23   0.108097E-27   0.260036E-32   0.242702E-32   0.425584E-32   0.171822E-30   0.103706E-31   0.169797E-31
   0.166667E+01   0.820614E-38   0.150738E-37   0.821494E-37   0.471242E-37   0.328574E-36   0.138303E-36   0.131448E-35   0.392350E-36   0.525643E-35   0.110758E-35   0.210152E-34   0.309334E-35   0.524393E-35   0.168110E-33   0.223608E-19   0.652732E-17   0.252828E-17   0.654704E-18   0.235858E-21   0.253016E-25   0.102011E-30   0.583045E-30   0.100109E-29   0.171896E-30   0.246461E-29   0.387863E-29
   0.166667E+01   0.155319E-35   0.286625E-35   0.914299E-37   0.897552E-35   0.355117E-36   0.261076E-34   0.138859E-35   0.727383E-34   0.545956E-35   0.197487E-33   0.215840E-34   0.526521E-33   0.855776E-33   0.170661E-33   0.285220E-17   0.828450E-15   0.317201E-15   0.811425E-16   0.296577E-19   0.317652E-23   0.952449E-29   0.746461E-28   0.126249E-27   0.180364E-30   0.310459E-27   0.488439E-27
   0.166667E+01   0.479352E-31   0.788304E-31   0.124924E-32   0.207173E-30   0.360532E-32   0.533512E-30   0.101512E-31   0.136085E-29   0.282838E-31   0.345480E-29   0.779764E-31   0.874663E-29   0.139079E-28   0.350818E-30   0.763165E-14   0.221067E-11   0.838960E-12   0.215342E-12   0.790012E-16   0.846027E-20   0.251914E-25   0.205334E-24   0.333900E-24   0.101273E-26   0.820415E-24   0.129032E-23
   0.166667E+01   0.985756E-31   0.161884E-30   0.113439E-30   0.425477E-30   0.297954E-30   0.109793E-29   0.773341E-30   0.280939E-29   0.199546E-29   0.715766E-29   0.512464E-29   0.181801E-28   0.289512E-28   0.209504E-28   0.837131E-14   0.242470E-11   0.919878E-12   0.236088E-12   0.866388E-16   0.927796E-20   0.276275E-25   0.225628E-24   0.366120E-24   0.252889E-26   0.899548E-24   0.141477E-23
   0.166667E+01   0.349634E-32   0.565287E-32   0.467003E-32   0.145405E-31   0.117767E-31   0.369883E-31   0.297136E-31   0.936433E-31   0.750381E-31   0.236657E-30   0.189774E-30   0.597961E-30   0.950737E-30   0.766829E-30   0.182298E-15   0.527377E-13   0.197691E-13   0.503838E-14   0.187457E-17   0.200519E-21   0.598502E-27   0.497085E-26   0.794036E-26   0.931702E-28   0.195061E-25   0.306892E-25
   0.166667E+01   0.379248E-31   0.613022E-31   0.506167E-31   0.157602E-30   0.127493E-30   0.400628E-30   0.321130E-30   0.101321E-29   0.808874E-30   0.255644E-29   0.203743E-29   0.644293E-29   0.102258E-28   0.814492E-29   0.200921E-14   0.581251E-12   0.217976E-12   0.555762E-13   0.206652E-16   0.221063E-20   0.659682E-26   0.547457E-25   0.874623E-25   0.829745E-27   0.214724E-24   0.337670E-24
   0.166667E+01   0.144869E-33   0.265090E-33   0.179062E-35   0.820140E-33   0.513997E-35   0.236732E-32   0.145042E-34   0.656291E-32   0.409316E-34   0.177601E-31   0.116520E-33   0.472432E-31   0.767151E-31   0.580331E-33   0.404649E-15   0.118118E-12   0.457568E-13   0.118554E-13   0.427887E-17   0.459679E-21   0.136669E-26   0.105478E-25   0.181117E-25   0.966753E-30   0.445873E-25   0.701588E-25
   0.166667E+01   0.496538E-33   0.915660E-33   0.601966E-35   0.286432E-32   0.171967E-34   0.832550E-32   0.478138E-34   0.231821E-31   0.131464E-33   0.629074E-31   0.359567E-33   0.167630E-30   0.272369E-30   0.163200E-32   0.142366E-14   0.415495E-12   0.160947E-12   0.416297E-13   0.149748E-16   0.160549E-20   0.477448E-26   0.371523E-25   0.637643E-25   0.299959E-29   0.156979E-24   0.247014E-24
   0.166667E+01   0.640351E-31   0.119002E-30   0.776503E-33   0.376306E-30   0.222549E-32   0.110088E-29   0.616915E-32   0.307661E-29   0.168040E-31   0.836440E-29   0.451798E-31   0.223063E-28   0.362485E-28   0.195776E-30   0.782530E-13   0.227293E-10   0.874102E-11   0.225128E-11   0.816244E-15   0.874921E-19   0.260073E-24   0.204215E-23   0.346295E-23   0.376913E-27   0.851858E-23   0.134015E-22
   0.166667E+01   0.306972E-27   0.501328E-27   0.516193E-28   0.130866E-26   0.149270E-27   0.336291E-26   0.416102E-27   0.857756E-26   0.113732E-26   0.217976E-25   0.306409E-26   0.552646E-25   0.879460E-25   0.132958E-25   0.634715E-10   0.184782E-07   0.714383E-08   0.184711E-08   0.665086E-12   0.713290E-16   0.211820E-21   0.163138E-20   0.280508E-20   0.101627E-22   0.690061E-20   0.108554E-19
   0.166667E+01   0.105289E-28   0.170033E-28   0.139780E-28   0.436531E-28   0.352024E-28   0.110863E-27   0.886493E-28   0.280191E-27   0.223227E-27   0.706586E-27   0.562028E-27   0.177993E-26   0.282426E-26   0.224426E-26   0.723972E-12   0.209951E-09   0.795740E-10   0.204196E-10   0.749888E-14   0.802987E-18   0.239146E-23   0.195519E-22   0.316893E-22   0.224395E-24   0.778536E-22   0.122442E-21
   0.166667E+01   0.158042E-30   0.255207E-30   0.209911E-30   0.655151E-30   0.528603E-30   0.166378E-29   0.133115E-29   0.420496E-29   0.335203E-29   0.106043E-28   0.844018E-29   0.267141E-28   0.423896E-28   0.337110E-28   0.944535E-14   0.273758E-11   0.103244E-11   0.264154E-12   0.975653E-16   0.104425E-19   0.311293E-25   0.256172E-24   0.412572E-24   0.338408E-26   0.101324E-23   0.159345E-23
   0.166667E+01   0.217577E-28   0.351336E-28   0.288820E-28   0.901894E-28   0.727279E-28   0.229032E-27   0.183136E-27   0.578824E-27   0.461132E-27   0.145964E-26   0.116098E-26   0.367685E-26   0.583413E-26   0.463583E-26   0.153468E-11   0.445136E-09   0.168857E-09   0.433537E-10   0.159051E-13   0.170327E-17   0.507187E-23   0.414178E-22   0.672053E-22   0.463504E-24   0.165119E-21   0.259690E-21
   0.166667E+01   0.000000E+00   0.000000E+00   0.000000E+00   0.000000E+00   0.000000E+00   0.000000E+00   0.000000E+00   0.000000E+00   0.000000E+00   0.000000E+00   0.000000E+00   0.000000E+00   0.000000E+00   0.000000E+00   0.000000E+00   0.000000E+00   0.000000E+00   0.000000E+00   0.000000E+00   0.000000E+00   0.000000E+00   0.000000E+00   0.000000E+00   0.000000E+00   0.000000E+00   0.000000E+00
   0.166667E+01   0.221236E-26   0.449486E-26   0.924487E-26   0.182827E-25   0.369688E-25   0.736298E-25   0.147845E-24   0.295285E-24   0.591298E-24   0.118216E-23   0.236497E-23   0.472958E-23   0.945908E-23   0.189182E-22   0.566763E-10   0.201476E-07   0.939291E-08   0.239667E-08   0.772634E-12   0.836081E-16   0.313057E-21   0.501752E-20   0.100966E-19   0.193711E-19   0.394317E-19   0.785545E-19
   0.183333E+01   0.206758E-25   0.421209E-25   0.875000E-25   0.171999E-24   0.350000E-24   0.694443E-24   0.140000E-23   0.278948E-23   0.560000E-23   0.111791E-22   0.224000E-22   0.447543E-22   0.895287E-22   0.179200E-21   0.736893E-20   0.169725E-06   0.851991E-07   0.243514E-07   0.646903E-11   0.772730E-15   0.311734E-21   0.461426E-19   0.934447E-19   0.183499E-18   0.367625E-18   0.734852E-18
   0.183333E+01   0.736074E-38   0.149619E-37   0.327075E-35   0.609811E-37   0.130831E-34   0.245649E-36   0.523327E-34   0.984679E-36   0.209327E-33   0.394619E-35   0.837321E-33   0.157795E-34   0.315612E-34   0.669849E-32   0.171415E-32   0.358933E-19   0.148180E-19   0.420336E-20   0.133681E-23   0.149608E-27   0.743951E-33   0.329410E-32   0.570628E-32   0.171859E-30   0.142000E-31   0.217702E-31
   0.183333E+01   0.211753E-37   0.392798E-37   0.327077E-35   0.132092E-36   0.130832E-34   0.444503E-36   0.523323E-34   0.152637E-35   0.209330E-33   0.539243E-35   0.837325E-33   0.196064E-34   0.377312E-34   0.669849E-32   0.412690E-30   0.859994E-17   0.352098E-17   0.100771E-17   0.306190E-21   0.358714E-25   0.494028E-32   0.793007E-30   0.134426E-29   0.171884E-30   0.330128E-29   0.519296E-29
   0.183333E+01   0.758989E-38   0.153806E-37   0.327079E-35   0.622169E-37   0.130831E-34   0.249240E-36   0.523322E-34   0.995916E-36   0.209330E-33   0.397170E-35   0.837313E-33   0.158517E-34   0.316573E-34   0.669856E-32   0.883437E-32   0.184647E-18   0.756457E-19   0.216526E-19   0.657712E-23   0.770828E-27   0.816731E-33   0.170162E-31   0.289006E-31   0.171884E-30   0.710738E-31   0.111714E-30
   0.183333E+01   0.669271E-37   0.121366E-36   0.327078E-35   0.379484E-36   0.130831E-34   0.114728E-35   0.523322E-34   0.346024E-35   0.209329E-33   0.105947E-34   0.837311E-33   0.333898E-34   0.600841E-34   0.669855E-32   0.190624E-29   0.397239E-16   0.162729E-16   0.465921E-17   0.141605E-20   0.165998E-24   0.202283E-31   0.367090E-29   0.622316E-29   0.172093E-30   0.152852E-28   0.240434E-28
   0.183333E+01   0.116115E-34   0.209025E-34   0.820554E-37   0.632511E-34   0.328127E-36   0.180363E-33   0.131289E-35   0.496946E-33   0.525042E-35   0.133969E-32   0.210077E-34   0.355214E-32   0.575943E-32   0.168049E-33   0.384770E-27   0.801189E-14   0.328268E-14   0.939649E-15   0.285214E-18   0.334422E-22   0.376636E-29   0.741228E-27   0.125649E-26   0.221261E-30   0.308632E-26   0.485483E-26
   0.183333E+01   0.222784E-32   0.394684E-32   0.100628E-36   0.116742E-31   0.405005E-36   0.328145E-31   0.162623E-35   0.895959E-31   0.652522E-35   0.240156E-30   0.261415E-34   0.634447E-30   0.102736E-29   0.209469E-33   0.469402E-25   0.939028E-12   0.381309E-12   0.106341E-12   0.331758E-16   0.387197E-20   0.437728E-27   0.872122E-25   0.146097E-24   0.891658E-29   0.358393E-24   0.563590E-24
   0.183333E+01   0.859401E-38   0.171629E-37   0.327077E-35   0.675423E-37   0.130832E-34   0.264490E-36   0.523322E-34   0.103619E-35   0.209330E-33   0.408278E-35   0.837319E-33   0.161493E-34   0.321560E-34   0.669848E-32   0.410616E-31   0.856155E-18   0.350757E-18   0.100428E-18   0.305193E-22   0.357777E-26   0.114656E-32   0.791661E-31   0.134240E-30   0.171810E-30   0.329908E-30   0.519375E-30
   0.183333E+01   0.259860E-36   0.469292E-36   0.327078E-35   0.143477E-35   0.130831E-34   0.416138E-35   0.523324E-34   0.117710E-34   0.209329E-33   0.330146E-34   0.209836E-34   0.775869E-34   0.125952E-33   0.167869E-33   0.835229E-29   0.174054E-15   0.713206E-16   0.204241E-16   0.620811E-20   0.727965E-24   0.862535E-31   0.161009E-28   0.272966E-28   0.172882E-30   0.670498E-28   0.105471E-27
   0.183333E+01   0.472618E-34   0.856973E-34   0.823434E-37   0.262010E-33   0.329350E-36   0.752004E-33   0.131796E-35   0.208045E-32   0.527261E-35   0.562296E-32   0.210904E-34   0.149328E-31   0.242254E-31   0.168748E-33   0.161040E-26   0.334384E-13   0.137001E-13   0.391734E-14   0.118762E-17   0.139143E-21   0.157421E-28   0.309712E-26   0.524847E-26   0.379956E-30   0.128922E-25   0.202800E-25
   0.183333E+01   0.729446E-32   0.133286E-31   0.140748E-36   0.411880E-31   0.579989E-36   0.118958E-30   0.236547E-35   0.330230E-30   0.957811E-35   0.893998E-30   0.384268E-34   0.237557E-29   0.385402E-29   0.309485E-33   0.950510E-25   0.189585E-11   0.765206E-12   0.212862E-12   0.668663E-16   0.779815E-20   0.880637E-27   0.178061E-24   0.294511E-24   0.333123E-28   0.722159E-24   0.113554E-23
   0.183333E+01   0.737725E-31   0.119690E-30   0.964611E-35   0.309151E-30   0.417038E-34   0.787985E-30   0.175198E-33   0.199627E-29   0.722786E-33   0.504266E-29   0.291499E-32   0.127186E-28   0.201920E-28   0.237101E-31   0.159689E-24   0.319189E-11   0.128232E-11   0.357964E-12   0.112460E-15   0.131142E-19   0.147952E-26   0.306173E-24   0.493751E-24   0.248613E-26   0.121021E-23   0.190276E-23
   0.183333E+01   0.211866E-31   0.342978E-31   0.500452E-33   0.885643E-31   0.209500E-32   0.226739E-30   0.862479E-32   0.579968E-30   0.351325E-31   0.148967E-29   0.140500E-30   0.385684E-29   0.623804E-29   0.113466E-29   0.356623E-25   0.700706E-12   0.279137E-12   0.768810E-13   0.245932E-16   0.286201E-20   0.323383E-27   0.677033E-25   0.108012E-24   0.916783E-27   0.264516E-24   0.415822E-24
   0.183333E+01   0.115730E-37   0.225695E-37   0.327076E-35   0.839473E-37   0.130831E-34   0.311040E-36   0.523321E-34   0.116528E-35   0.209329E-33   0.442966E-35   0.837316E-33   0.170662E-34   0.336531E-34   0.669853E-32   0.140667E-30   0.293190E-17   0.120140E-17   0.344038E-18   0.104572E-21   0.122619E-25   0.216691E-32   0.271249E-30   0.459884E-30   0.171810E-30   0.112975E-29   0.177760E-29
   0.183333E+01   0.818097E-36   0.146977E-35   0.819672E-37   0.449013E-35   0.327916E-36   0.128823E-34   0.131119E-35   0.356355E-34   0.524440E-35   0.963270E-34   0.209866E-34   0.255945E-33   0.415357E-33   0.167857E-33   0.276670E-28   0.576567E-15   0.236319E-15   0.676873E-16   0.205766E-19   0.241352E-23   0.284298E-30   0.533903E-28   0.905202E-28   0.175446E-30   0.222366E-27   0.349796E-27
   0.183333E+01   0.187246E-33   0.341950E-33   0.858699E-37   0.105613E-32   0.345172E-36   0.305063E-32   0.138567E-35   0.847352E-32   0.555247E-35   0.229593E-31   0.222325E-34   0.610676E-31   0.991231E-31   0.178064E-33   0.641129E-26   0.132050E-12   0.540652E-13   0.154005E-13   0.468230E-17   0.548055E-21   0.620542E-28   0.122470E-25   0.207318E-25   0.104360E-29   0.509213E-25   0.801010E-25
   0.183333E+01   0.255815E-31   0.458622E-31   0.654445E-36   0.136018E-30   0.288238E-35   0.378292E-30   0.122614E-34   0.101665E-29   0.510059E-34   0.267835E-29   0.206876E-33   0.696233E-29   0.111884E-28   0.169005E-32   0.135850E-24   0.271247E-11   0.109111E-11   0.303955E-12   0.955898E-16   0.111461E-19   0.125788E-26   0.257539E-24   0.420284E-24   0.130610E-27   0.103027E-23   0.161991E-23
   0.183333E+01   0.807772E-31   0.130709E-30   0.100379E-33   0.336520E-30   0.451991E-33   0.856332E-30   0.194869E-32   0.216795E-29   0.817287E-32   0.547707E-29   0.332728E-31   0.138279E-28   0.219732E-28   0.272992E-30   0.171047E-24   0.341849E-11   0.137337E-11   0.383172E-12   0.120441E-15   0.140443E-19   0.158446E-26   0.328040E-24   0.528770E-24   0.325336E-26   0.129603E-23   0.203769E-23
   0.183333E+01   0.236695E-31   0.389187E-31   0.520842E-32   0.105200E-30   0.238845E-31   0.288570E-30   0.101828E-30   0.806174E-30   0.392148E-30   0.225827E-29   0.133672E-29   0.621795E-29   0.102455E-28   0.713656E-29   0.383683E-25   0.753873E-12   0.300317E-12   0.827136E-13   0.264592E-16   0.307916E-20   0.347917E-27   0.728403E-25   0.116209E-24   0.986267E-27   0.284598E-24   0.447400E-24
   0.183333E+01   0.422707E-31   0.684203E-31   0.564042E-31   0.176156E-30   0.142351E-30   0.448077E-30   0.358887E-30   0.113354E-29   0.904373E-30   0.286042E-29   0.227841E-29   0.720938E-29   0.114424E-28   0.910884E-29   0.359620E-25   0.706538E-12   0.281454E-12   0.775138E-13   0.247975E-16   0.288577E-20   0.326070E-27   0.682658E-25   0.108916E-24   0.926854E-27   0.266742E-24   0.419333E-24
   0.183333E+01   0.269431E-39   0.551715E-39   0.821141E-37   0.221825E-38   0.328551E-36   0.848966E-38   0.131420E-35   0.329776E-37   0.525455E-35   0.128406E-36   0.210212E-34   0.508047E-36   0.101031E-35   0.168146E-33   0.109866E-32   0.230866E-19   0.955364E-20   0.267892E-20   0.857195E-24   0.972733E-28   0.737609E-33   0.214021E-32   0.375133E-32   0.171834E-30   0.896449E-32   0.138225E-31
   0.183333E+01   0.313021E-35   0.571275E-35   0.874803E-37   0.176279E-34   0.344138E-36   0.508889E-34   0.136000E-35   0.141300E-33   0.538809E-35   0.382785E-33   0.214034E-34   0.101809E-32   0.165256E-32   0.169927E-33   0.110070E-27   0.229380E-14   0.940412E-15   0.269394E-15   0.818850E-19   0.960787E-23   0.112993E-29   0.212626E-27   0.360513E-27   0.186835E-30   0.885678E-27   0.139327E-26
   0.183333E+01   0.562528E-33   0.103461E-32   0.106015E-35   0.322783E-32   0.319937E-35   0.938284E-32   0.974757E-35   0.261655E-31   0.300460E-34   0.710714E-31   0.927606E-34   0.189328E-30   0.307475E-30   0.511202E-33   0.180298E-25   0.365974E-12   0.149520E-12   0.422073E-13   0.129620E-16   0.151538E-20   0.171413E-27   0.340063E-25   0.573910E-25   0.297046E-29   0.140920E-24   0.221659E-24
   0.183333E+01   0.431189E-31   0.727747E-31   0.142001E-33   0.197788E-30   0.420549E-33   0.519533E-30   0.124251E-32   0.134212E-29   0.366622E-32   0.343627E-29   0.106371E-31   0.874924E-29   0.139421E-28   0.510054E-31   0.130439E-24   0.261639E-11   0.105249E-11   0.295481E-12   0.922513E-16   0.107644E-19   0.121417E-26   0.249789E-24   0.405253E-24   0.412351E-27   0.993521E-24   0.156214E-23
   0.183333E+01   0.937753E-31   0.153401E-30   0.322073E-31   0.403444E-30   0.960357E-31   0.105005E-29   0.284072E-30   0.272618E-29   0.834322E-30   0.706839E-29   0.239723E-29   0.182642E-28   0.293307E-28   0.112414E-28   0.177624E-24   0.355086E-11   0.142554E-11   0.399326E-12   0.125095E-15   0.145911E-19   0.164616E-26   0.340767E-24   0.549268E-24   0.355036E-26   0.134629E-23   0.211671E-23
   0.183333E+01   0.482618E-31   0.781020E-31   0.640755E-31   0.201108E-30   0.161816E-30   0.511765E-30   0.408362E-30   0.129532E-29   0.103008E-29   0.327017E-29   0.259717E-29   0.824492E-29   0.130877E-28   0.103917E-28   0.412708E-25   0.810872E-12   0.322793E-12   0.891940E-13   0.284563E-16   0.331227E-20   0.374268E-27   0.783470E-25   0.124998E-24   0.106033E-26   0.306126E-24   0.481244E-24
   0.183333E+01   0.465475E-31   0.752391E-31   0.620981E-31   0.193424E-30   0.156410E-30   0.491665E-30   0.393956E-30   0.124339E-29   0.992267E-30   0.313706E-29   0.249919E-29   0.790578E-29   0.125471E-28   0.998885E-29   0.394648E-25   0.775417E-12   0.308855E-12   0.851197E-13   0.272147E-16   0.316721E-20   0.357868E-27   0.749206E-25   0.119534E-24   0.101443E-26   0.292747E-24   0.460213E-24
   0.183333E+01   0.287485E-39   0.594154E-39   0.821259E-37   0.225291E-38   0.328551E-36   0.872289E-38   0.131373E-35   0.333523E-37   0.525418E-35   0.134413E-36   0.210197E-34   0.514060E-36   0.101031E-35   0.168134E-33   0.176266E-32   0.371509E-19   0.152351E-19   0.438075E-20   0.137713E-23   0.155601E-27   0.744554E-33   0.344915E-32   0.593499E-32   0.171810E-30   0.145210E-31   0.232018E-31
   0.183333E+01   0.123994E-37   0.228268E-37   0.822023E-37   0.716310E-37   0.328715E-36   0.210329E-36   0.131467E-35   0.595845E-36   0.525568E-35   0.165952E-35   0.210242E-34   0.456942E-35   0.760738E-35   0.168073E-33   0.440015E-30   0.916032E-17   0.375607E-17   0.107558E-17   0.326337E-21   0.382846E-25   0.683501E-32   0.850157E-30   0.144143E-29   0.171896E-30   0.354157E-29   0.557194E-29
   0.183333E+01   0.232497E-35   0.430635E-35   0.965668E-37   0.135707E-34   0.369999E-36   0.396986E-34   0.143138E-35   0.111150E-33   0.558068E-35   0.302681E-33   0.219180E-34   0.807708E-33   0.131261E-32   0.172142E-33   0.556795E-28   0.111432E-14   0.452285E-15   0.126476E-15   0.393709E-19   0.459599E-23   0.541555E-30   0.104028E-27   0.174071E-27   0.184271E-30   0.427101E-27   0.671751E-27
   0.183333E+01   0.568915E-31   0.933007E-31   0.188385E-32   0.244373E-30   0.547321E-32   0.628208E-30   0.155255E-31   0.160090E-29   0.434553E-31   0.406177E-29   0.119744E-30   0.102785E-28   0.163402E-28   0.535005E-30   0.138686E-24   0.278425E-11   0.111988E-11   0.315041E-12   0.981776E-16   0.114579E-19   0.129226E-26   0.266429E-24   0.431134E-24   0.132582E-26   0.105697E-23   0.166190E-23
   0.183333E+01   0.118377E-30   0.193937E-30   0.141399E-30   0.508021E-30   0.368589E-30   0.130803E-29   0.951631E-30   0.334081E-29   0.244372E-29   0.849525E-29   0.624641E-29   0.215366E-28   0.342650E-28   0.253721E-28   0.152479E-24   0.305940E-11   0.123011E-11   0.345937E-12   0.107864E-15   0.125876E-19   0.141971E-26   0.293197E-24   0.473592E-24   0.293105E-26   0.116101E-23   0.182547E-23
   0.183333E+01   0.446841E-32   0.722399E-32   0.596492E-32   0.185788E-31   0.150379E-31   0.472512E-31   0.379268E-31   0.119593E-30   0.957204E-31   0.302115E-30   0.241848E-30   0.762880E-30   0.121243E-29   0.974774E-30   0.373259E-26   0.732501E-13   0.291414E-13   0.805575E-14   0.256998E-17   0.299133E-21   0.338255E-28   0.708055E-26   0.112958E-25   0.113982E-27   0.276757E-25   0.435218E-25
   0.183333E+01   0.480790E-31   0.777143E-31   0.641414E-31   0.199786E-30   0.161555E-30   0.507835E-30   0.406913E-30   0.128427E-29   0.102489E-29   0.324020E-29   0.258132E-29   0.816564E-29   0.129595E-28   0.103168E-28   0.408318E-25   0.802394E-12   0.319342E-12   0.883700E-13   0.281582E-16   0.327792E-20   0.370384E-27   0.775270E-25   0.123695E-24   0.104718E-26   0.302939E-24   0.476235E-24
   0.183333E+01   0.198720E-33   0.364973E-33   0.246232E-35   0.113635E-32   0.703912E-35   0.329877E-32   0.197609E-34   0.919072E-32   0.552362E-34   0.249483E-31   0.154702E-33   0.664305E-31   0.107867E-30   0.742675E-33   0.715432E-26   0.149100E-12   0.611437E-13   0.175193E-13   0.532694E-17   0.625172E-21   0.702066E-28   0.138342E-25   0.234576E-25   0.122403E-29   0.576331E-25   0.906654E-25
   0.183333E+01   0.719999E-33   0.133265E-32   0.882642E-35   0.419524E-32   0.251986E-34   0.122636E-31   0.700548E-34   0.343178E-31   0.192156E-33   0.934134E-31   0.522010E-33   0.249168E-30   0.404834E-30   0.232524E-32   0.266688E-25   0.553795E-12   0.227077E-12   0.649686E-13   0.196839E-16   0.230674E-20   0.260811E-27   0.514456E-25   0.871971E-25   0.412861E-29   0.214238E-24   0.337034E-24
   0.183333E+01   0.864278E-31   0.161178E-30   0.106449E-32   0.512435E-30   0.305428E-32   0.150524E-29   0.848907E-32   0.421921E-29   0.231628E-31   0.114825E-28   0.622300E-31   0.305940E-28   0.496704E-28   0.268491E-30   0.133772E-23   0.272712E-10   0.111077E-10   0.315400E-11   0.966238E-15   0.113000E-18   0.127361E-25   0.254033E-23   0.426139E-23   0.490856E-27   0.104609E-22   0.164530E-22
   0.183333E+01   0.333118E-27   0.544310E-27   0.702490E-28   0.142279E-26   0.203373E-27   0.366185E-26   0.568416E-27   0.935457E-26   0.155624E-26   0.238033E-25   0.418941E-26   0.604060E-25   0.961621E-25   0.180988E-25   0.102608E-20   0.213734E-07   0.874789E-08   0.250267E-08   0.758907E-12   0.888568E-16   0.100083E-22   0.196104E-20   0.332948E-20   0.112632E-22   0.817452E-20   0.128565E-19
   0.183333E+01   0.123273E-28   0.199054E-28   0.163560E-28   0.510951E-28   0.411886E-28   0.129747E-27   0.103720E-27   0.327891E-27   0.261169E-27   0.826832E-27   0.657543E-27   0.208276E-26   0.330473E-26   0.262561E-26   0.132858E-22   0.266858E-09   0.107199E-09   0.301134E-10   0.940471E-14   0.109731E-17   0.123778E-24   0.255879E-22   0.412897E-22   0.262703E-24   0.101211E-21   0.159132E-21
   0.183333E+01   0.194555E-30   0.314138E-30   0.258244E-30   0.806301E-30   0.650285E-30   0.204738E-29   0.163750E-29   0.517402E-29   0.412332E-29   0.130473E-28   0.103819E-28   0.328670E-28   0.521519E-28   0.414635E-28   0.182544E-24   0.362915E-11   0.145116E-11   0.404556E-12   0.127626E-15   0.148738E-19   0.167929E-26   0.349144E-24   0.560442E-24   0.416094E-26   0.137314E-23   0.215877E-23
   0.183333E+01   0.252155E-28   0.407131E-28   0.334514E-28   0.104495E-27   0.842302E-28   0.265328E-27   0.212092E-27   0.670497E-27   0.534029E-27   0.169073E-26   0.134449E-26   0.425880E-26   0.675744E-26   0.536848E-26   0.279013E-22   0.561651E-09   0.225807E-09   0.635188E-10   0.198016E-13   0.231085E-17   0.260629E-24   0.538202E-22   0.869318E-22   0.537166E-24   0.213109E-21   0.335072E-21
   0.183333E+01   0.000000E+00   0.000000E+00   0.000000E+00   0.000000E+00   0.000000E+00   0.000000E+00   0.000000E+00   0.000000E+00   0.000000E+00   0.000000E+00   0.000000E+00   0.000000E+00   0.000000E+00   0.000000E+00   0.000000E+00   0.000000E+00   0.000000E+00   0.000000E+00   0.000000E+00   0.000000E+00   0.000000E+00   0.000000E+00   0.000000E+00   0.000000E+00   0.000000E+00   0.000000E+00
   0.183333E+01   0.221524E-26   0.449965E-26   0.924713E-26   0.182955E-25   0.369751E-25   0.736634E-25   0.147862E-24   0.295372E-24   0.591345E-24   0.118239E-23   0.236509E-23   0.473016E-23   0.946003E-23   0.189187E-22   0.872015E-21   0.198746E-07   0.979461E-08   0.279953E-08   0.752389E-12   0.897079E-16   0.338234E-22   0.505082E-20   0.101690E-19   0.193712E-19   0.395553E-19   0.787487E-19
   0.200000E+01   0.206763E-25   0.421224E-25   0.875000E-25   0.172006E-24   0.350000E-24   0.694462E-24   0.140000E-23   0.278954E-23   0.560000E-23   0.111792E-22   0.224000E-22   0.448000E-22   0.896000E-22   0.179200E-21   0.358400E-21   0.164375E-06   0.872289E-07   0.276694E-07   0.806755E-11   0.785075E-15   0.102204E-20   0.461646E-19   0.936858E-19   0.183498E-18   0.367668E-18   0.734923E-18
   0.200000E+01   0.739146E-38   0.150134E-37   0.327075E-35   0.611219E-37   0.130831E-34   0.246076E-36   0.523327E-34   0.986196E-36   0.209327E-33   0.395136E-35   0.837321E-33   0.167464E-32   0.334927E-32   0.669850E-32   0.133970E-31   0.486959E-19   0.210763E-19   0.662809E-20   0.231756E-23   0.211189E-27   0.290630E-32   0.462777E-32   0.784774E-32   0.171785E-30   0.191171E-31   0.310053E-31
   0.200000E+01   0.276479E-37   0.507601E-37   0.327077E-35   0.166458E-36   0.130832E-34   0.542008E-36   0.523323E-34   0.179416E-35   0.209330E-33   0.610875E-35   0.837357E-33   0.167473E-32   0.334940E-32   0.669880E-32   0.133971E-31   0.116339E-16   0.502920E-17   0.158252E-17   0.531598E-21   0.506750E-25   0.172406E-31   0.111396E-29   0.187069E-29   0.171883E-30   0.458459E-29   0.720933E-29
   0.200000E+01   0.772201E-38   0.156216E-37   0.327079E-35   0.628892E-37   0.130831E-34   0.251299E-36   0.523322E-34   0.100043E-35   0.209330E-33   0.399040E-35   0.837354E-33   0.167472E-32   0.334942E-32   0.669886E-32   0.133970E-31   0.249178E-18   0.107800E-18   0.339216E-19   0.113940E-22   0.108670E-26   0.315459E-32   0.239518E-31   0.400947E-31   0.171772E-30   0.983022E-31   0.154977E-30
   0.200000E+01   0.945891E-37   0.171324E-36   0.327078E-35   0.531870E-36   0.130831E-34   0.158687E-35   0.523322E-34   0.467956E-35   0.209329E-33   0.138973E-34   0.837357E-33   0.167470E-32   0.334945E-32   0.669878E-32   0.133971E-31   0.536755E-16   0.232164E-16   0.730825E-17   0.245559E-20   0.234223E-24   0.693855E-31   0.515047E-29   0.865019E-29   0.172179E-30   0.212018E-28   0.333423E-28
   0.200000E+01   0.170028E-34   0.307172E-34   0.820554E-37   0.935329E-34   0.328221E-36   0.268226E-33   0.131307E-35   0.742187E-33   0.525305E-35   0.200445E-32   0.210483E-34   0.420936E-34   0.842113E-34   0.168399E-33   0.336099E-33   0.108261E-13   0.468342E-14   0.147389E-14   0.494544E-18   0.471723E-22   0.128280E-28   0.103998E-26   0.174654E-26   0.242005E-30   0.428099E-26   0.673250E-26
   0.200000E+01   0.322244E-32   0.572934E-32   0.103790E-36   0.170528E-31   0.418335E-36   0.482054E-31   0.168124E-35   0.132182E-30   0.674414E-35   0.354951E-30   0.270714E-34   0.541848E-34   0.108424E-33   0.216884E-33   0.433190E-33   0.123048E-11   0.527523E-12   0.161453E-12   0.557909E-16   0.529845E-20   0.144710E-26   0.118416E-24   0.196792E-24   0.124432E-28   0.481626E-24   0.757167E-24
   0.200000E+01   0.918864E-38   0.182528E-37   0.327077E-35   0.709068E-37   0.130831E-34   0.273873E-36   0.523321E-34   0.106319E-35   0.209328E-33   0.415635E-35   0.837363E-33   0.167473E-32   0.334942E-32   0.669887E-32   0.133971E-31   0.115474E-17   0.499500E-18   0.157241E-18   0.528309E-22   0.503913E-26   0.427744E-32   0.110864E-30   0.186236E-30   0.171785E-30   0.456513E-30   0.718356E-30
   0.200000E+01   0.376640E-36   0.681769E-36   0.327078E-35   0.208998E-35   0.130831E-34   0.606156E-35   0.523329E-34   0.170743E-34   0.209329E-33   0.473884E-34   0.210212E-34   0.420364E-34   0.840608E-34   0.168110E-33   0.335617E-33   0.234943E-15   0.101647E-15   0.320033E-16   0.107544E-19   0.102609E-23   0.294357E-30   0.225670E-28   0.379031E-28   0.173264E-30   0.929073E-28   0.146111E-27
   0.200000E+01   0.691147E-34   0.125770E-33   0.824080E-37   0.386939E-33   0.329750E-36   0.111687E-32   0.131909E-35   0.310308E-32   0.527637E-35   0.840216E-32   0.211446E-34   0.423073E-34   0.845724E-34   0.169169E-33   0.337784E-33   0.450942E-13   0.195069E-13   0.613245E-14   0.205551E-17   0.195953E-21   0.535779E-28   0.433643E-26   0.728069E-26   0.467099E-30   0.178463E-25   0.280664E-25
   0.200000E+01   0.104650E-31   0.191847E-31   0.150346E-36   0.595881E-31   0.621014E-36   0.172777E-30   0.253700E-35   0.480713E-30   0.102845E-34   0.130115E-29   0.413022E-34   0.828451E-34   0.166142E-33   0.332825E-33   0.666035E-33   0.242490E-11   0.103378E-11   0.314807E-12   0.109755E-15   0.104125E-19   0.284010E-26   0.235521E-24   0.387098E-24   0.463093E-28   0.946900E-24   0.148849E-23
   0.200000E+01   0.861639E-31   0.139701E-30   0.111836E-34   0.360517E-30   0.483553E-34   0.918417E-30   0.203151E-33   0.232586E-29   0.838139E-33   0.587362E-29   0.338024E-32   0.680697E-32   0.136882E-31   0.274949E-31   0.551785E-31   0.398013E-11   0.168910E-11   0.515928E-12   0.179949E-15   0.170685E-19   0.465061E-26   0.393441E-24   0.632716E-24   0.301371E-26   0.154708E-23   0.243168E-23
   0.200000E+01   0.262121E-31   0.424324E-31   0.622295E-33   0.109565E-30   0.260618E-32   0.280498E-30   0.107323E-31   0.717499E-30   0.437254E-31   0.184309E-29   0.174887E-30   0.351202E-30   0.704655E-30   0.141248E-29   0.282634E-29   0.934086E-12   0.393323E-12   0.118157E-12   0.420700E-16   0.398175E-20   0.108650E-26   0.927601E-25   0.147901E-24   0.113049E-26   0.361271E-24   0.567733E-24
   0.200000E+01   0.134413E-37   0.259401E-37   0.327076E-35   0.943719E-37   0.130830E-34   0.341416E-36   0.523322E-34   0.125018E-35   0.209328E-33   0.465797E-35   0.837357E-33   0.167471E-32   0.334945E-32   0.669888E-32   0.133971E-31   0.388244E-17   0.167977E-17   0.528856E-18   0.177712E-21   0.169553E-25   0.766257E-32   0.372953E-30   0.626418E-30   0.171822E-30   0.153576E-29   0.241545E-29
   0.200000E+01   0.117195E-35   0.211854E-35   0.819848E-37   0.651249E-35   0.327798E-36   0.187890E-34   0.131101E-35   0.521918E-34   0.524665E-35   0.141327E-33   0.210242E-34   0.420334E-34   0.841150E-34   0.168206E-33   0.335786E-33   0.764505E-15   0.330849E-15   0.104186E-15   0.350147E-19   0.334175E-23   0.952282E-30   0.735081E-28   0.123470E-27   0.176912E-30   0.302670E-27   0.476009E-27
   0.200000E+01   0.273218E-33   0.500738E-33   0.873333E-37   0.155624E-32   0.351755E-36   0.452070E-32   0.141398E-35   0.126105E-31   0.567171E-35   0.342309E-31   0.227516E-34   0.455302E-34   0.911025E-34   0.182253E-33   0.363904E-33   0.177352E-12   0.766614E-13   0.240099E-13   0.807187E-17   0.768985E-21   0.210462E-27   0.170736E-25   0.286385E-25   0.140688E-29   0.701902E-25   0.110385E-24
   0.200000E+01   0.349637E-31   0.621682E-31   0.854431E-36   0.181956E-30   0.378279E-35   0.501487E-30   0.161438E-34   0.133866E-29   0.672845E-34   0.350620E-29   0.273211E-33   0.551454E-33   0.111091E-32   0.223430E-32   0.448373E-32   0.341259E-11   0.145011E-11   0.442070E-12   0.154329E-15   0.146378E-19   0.398962E-26   0.334444E-24   0.543360E-24   0.181332E-27   0.132876E-23   0.208860E-23
   0.200000E+01   0.940158E-31   0.152101E-30   0.135934E-33   0.391493E-30   0.613535E-33   0.996102E-30   0.264908E-32   0.252179E-29   0.111207E-31   0.637166E-29   0.453048E-31   0.915864E-31   0.184734E-30   0.371886E-30   0.746916E-30   0.426452E-11   0.180976E-11   0.552540E-12   0.192802E-15   0.182868E-19   0.498258E-26   0.421689E-24   0.677881E-24   0.382471E-26   0.165749E-23   0.260521E-23
   0.200000E+01   0.295085E-31   0.486750E-31   0.766807E-32   0.132759E-30   0.351868E-31   0.368218E-30   0.147558E-30   0.103548E-29   0.549455E-30   0.289533E-29   0.180865E-29   0.317623E-29   0.547026E-29   0.927041E-29   0.155031E-28   0.100500E-11   0.423182E-12   0.127125E-12   0.452637E-16   0.428401E-20   0.116897E-26   0.998019E-25   0.159130E-24   0.121633E-26   0.388709E-24   0.610860E-24
   0.200000E+01   0.523911E-31   0.847673E-31   0.698802E-31   0.218138E-30   0.176253E-30   0.554722E-30   0.444214E-30   0.140311E-29   0.111917E-29   0.354031E-29   0.281913E-29   0.447409E-29   0.710035E-29   0.112678E-28   0.178807E-28   0.942233E-12   0.396744E-12   0.119174E-12   0.424363E-16   0.401637E-20   0.109596E-26   0.935675E-25   0.149194E-24   0.114321E-26   0.364443E-24   0.572730E-24
   0.200000E+01   0.291659E-39   0.560223E-39   0.821612E-37   0.220678E-38   0.328410E-36   0.872313E-38   0.131383E-35   0.342898E-37   0.525380E-35   0.132913E-36   0.210167E-34   0.420364E-34   0.840488E-34   0.168098E-33   0.336171E-33   0.305606E-19   0.134583E-19   0.418320E-20   0.146992E-23   0.135801E-27   0.288492E-32   0.300756E-32   0.513295E-32   0.171772E-30   0.125965E-31   0.193043E-31
   0.200000E+01   0.447709E-35   0.819998E-35   0.899429E-37   0.254607E-34   0.351449E-36   0.739156E-34   0.138153E-35   0.206108E-33   0.545354E-35   0.559348E-33   0.215945E-34   0.429934E-34   0.856798E-34   0.170782E-33   0.340649E-33   0.302864E-14   0.131101E-14   0.412894E-15   0.138737E-18   0.132448E-22   0.376766E-29   0.291506E-27   0.489656E-27   0.192652E-30   0.120042E-26   0.188795E-26
   0.200000E+01   0.803478E-33   0.148303E-32   0.150608E-35   0.465575E-32   0.455043E-35   0.136101E-31   0.138302E-34   0.381159E-31   0.420917E-34   0.103720E-30   0.126983E-33   0.220507E-33   0.383248E-33   0.667925E-33   0.116971E-32   0.478777E-12   0.206483E-12   0.640953E-13   0.217647E-16   0.207099E-20   0.566097E-27   0.461505E-25   0.772030E-25   0.405377E-29   0.189146E-24   0.297438E-24
   0.200000E+01   0.523287E-31   0.877525E-31   0.203155E-33   0.236478E-30   0.607703E-33   0.618062E-30   0.181173E-32   0.159136E-29   0.535165E-32   0.406406E-29   0.154315E-31   0.260152E-31   0.436475E-31   0.729770E-31   0.121772E-30   0.322053E-11   0.136882E-11   0.420478E-12   0.145729E-15   0.138317E-19   0.376785E-26   0.317159E-24   0.512705E-24   0.560357E-27   0.125397E-23   0.197110E-23
   0.200000E+01   0.111709E-30   0.183232E-30   0.468721E-31   0.484595E-30   0.140604E-30   0.126877E-29   0.416848E-30   0.331054E-29   0.121462E-29   0.860548E-29   0.343728E-29   0.573277E-29   0.951035E-29   0.157137E-28   0.258923E-28   0.442486E-11   0.187685E-11   0.574717E-12   0.200042E-15   0.189778E-19   0.517089E-26   0.437576E-24   0.703405E-24   0.413173E-26   0.171992E-23   0.270335E-23
   0.200000E+01   0.598551E-31   0.968384E-31   0.795376E-31   0.249259E-30   0.200750E-30   0.634117E-30   0.506385E-30   0.160460E-29   0.127678E-29   0.405005E-29   0.321795E-29   0.510813E-29   0.810800E-29   0.128688E-28   0.204235E-28   0.108118E-11   0.455029E-12   0.136983E-12   0.486903E-16   0.460900E-20   0.125769E-26   0.107366E-24   0.171194E-24   0.130824E-26   0.418181E-24   0.657178E-24
   0.200000E+01   0.575918E-31   0.930901E-31   0.768030E-31   0.239305E-30   0.193444E-30   0.608260E-30   0.487225E-30   0.153818E-29   0.122713E-29   0.388064E-29   0.309054E-29   0.490448E-29   0.778290E-29   0.123503E-28   0.195972E-28   0.103374E-11   0.435240E-12   0.130803E-12   0.465573E-16   0.440657E-20   0.120242E-26   0.102655E-24   0.163685E-24   0.125109E-26   0.399840E-24   0.628356E-24
   0.200000E+01   0.313880E-39   0.628129E-39   0.821259E-37   0.242630E-38   0.328433E-36   0.932956E-38   0.131430E-35   0.342898E-37   0.525493E-35   0.135917E-36   0.210152E-34   0.420425E-34   0.840368E-34   0.168158E-33   0.336219E-33   0.492881E-19   0.213591E-19   0.671469E-20   0.236448E-23   0.216491E-27   0.290763E-32   0.483258E-32   0.812034E-32   0.171834E-30   0.199568E-31   0.307091E-31
   0.200000E+01   0.180828E-37   0.334040E-37   0.822493E-37   0.105209E-36   0.328903E-36   0.309321E-36   0.131430E-35   0.875984E-36   0.525719E-35   0.241872E-35   0.210227E-34   0.420575E-34   0.841270E-34   0.168158E-33   0.336340E-33   0.124046E-16   0.537033E-17   0.169073E-17   0.567048E-21   0.541094E-25   0.224951E-31   0.119530E-29   0.200783E-29   0.171859E-30   0.492282E-29   0.774274E-29
   0.200000E+01   0.334535E-35   0.621826E-35   0.103602E-36   0.197175E-34   0.390828E-36   0.580045E-34   0.149081E-35   0.163089E-33   0.574845E-35   0.444918E-33   0.223769E-34   0.442723E-34   0.877382E-34   0.174116E-33   0.346065E-33   0.144921E-14   0.621232E-15   0.190264E-15   0.657141E-19   0.624117E-23   0.178347E-29   0.140138E-27   0.232668E-27   0.189127E-30   0.569528E-27   0.895497E-27
   0.200000E+01   0.659562E-31   0.107955E-30   0.272667E-32   0.282100E-30   0.797874E-32   0.724401E-30   0.227813E-31   0.184504E-29   0.638931E-31   0.467949E-29   0.175577E-30   0.289353E-30   0.475148E-30   0.778127E-30   0.127204E-29   0.341205E-11   0.145010E-11   0.446306E-12   0.154410E-15   0.146580E-19   0.399251E-26   0.336698E-24   0.543073E-24   0.166662E-26   0.132827E-23   0.208787E-23
   0.200000E+01   0.138582E-30   0.226588E-30   0.169810E-30   0.591905E-30   0.440112E-30   0.152113E-29   0.113149E-29   0.387865E-29   0.289415E-29   0.984657E-29   0.737103E-29   0.117500E-28   0.187183E-28   0.298040E-28   0.474365E-28   0.375681E-11   0.159602E-11   0.490965E-12   0.169983E-15   0.161351E-19   0.439501E-26   0.371170E-24   0.597745E-24   0.334103E-26   0.146191E-23   0.229791E-23
   0.200000E+01   0.556922E-32   0.900325E-32   0.743077E-32   0.231519E-31   0.187297E-31   0.588728E-31   0.472243E-31   0.148976E-30   0.119133E-30   0.376231E-30   0.300798E-30   0.478188E-30   0.760514E-30   0.121017E-29   0.192698E-29   0.981963E-13   0.413047E-13   0.124306E-13   0.442112E-17   0.418471E-21   0.114282E-27   0.975361E-26   0.155511E-25   0.137567E-27   0.379979E-25   0.597283E-25
   0.200000E+01   0.594393E-31   0.960760E-31   0.792668E-31   0.246980E-30   0.199649E-30   0.627765E-30   0.502848E-30   0.158750E-29   0.126647E-29   0.400505E-29   0.318958E-29   0.506162E-29   0.803220E-29   0.127457E-28   0.202244E-28   0.106904E-11   0.449851E-12   0.135568E-12   0.481434E-16   0.455760E-20   0.124365E-26   0.106161E-24   0.169279E-24   0.129061E-26   0.413506E-24   0.649833E-24
   0.200000E+01   0.264312E-33   0.487165E-33   0.327996E-35   0.152623E-32   0.936535E-35   0.445557E-32   0.262278E-34   0.124666E-31   0.728235E-34   0.339024E-31   0.201467E-33   0.335666E-33   0.560644E-33   0.940179E-33   0.158523E-32   0.183136E-12   0.792952E-13   0.249792E-13   0.839684E-17   0.801830E-21   0.217278E-27   0.176436E-25   0.296387E-25   0.153138E-29   0.726662E-25   0.114288E-24
   0.200000E+01   0.100915E-32   0.187446E-32   0.124619E-34   0.593759E-32   0.356207E-34   0.174547E-31   0.991484E-34   0.490525E-31   0.271513E-33   0.133765E-30   0.733627E-33   0.120245E-32   0.196864E-32   0.322247E-32   0.527936E-32   0.716049E-12   0.309993E-12   0.975106E-13   0.326633E-16   0.311422E-20   0.851167E-27   0.690609E-25   0.115971E-24   0.555947E-29   0.284331E-24   0.447196E-24
   0.200000E+01   0.113046E-30   0.211413E-30   0.140695E-32   0.674512E-30   0.404633E-32   0.198505E-29   0.112794E-31   0.556547E-29   0.308050E-31   0.151183E-28   0.826313E-31   0.134668E-30   0.218851E-30   0.354884E-30   0.574613E-30   0.319588E-10   0.137481E-10   0.428587E-11   0.145340E-14   0.138290E-18   0.376477E-25   0.308568E-23   0.513526E-23   0.623884E-27   0.125785E-22   0.197785E-22
   0.200000E+01   0.358288E-27   0.585981E-27   0.921934E-28   0.153478E-26   0.267496E-27   0.395811E-26   0.749670E-27   0.101300E-25   0.205377E-26   0.258114E-25   0.551809E-26   0.899704E-26   0.146248E-25   0.237174E-25   0.383999E-25   0.242583E-07   0.104837E-07   0.329886E-08   0.110562E-11   0.105335E-15   0.286591E-22   0.231155E-20   0.388777E-20   0.122644E-22   0.952532E-20   0.149775E-19
   0.200000E+01   0.141939E-28   0.229175E-28   0.188229E-28   0.588178E-28   0.473984E-28   0.149340E-27   0.119352E-27   0.377375E-27   0.300521E-27   0.951563E-27   0.756602E-27   0.120042E-26   0.190444E-26   0.302109E-26   0.479193E-26   0.330106E-09   0.140111E-09   0.430272E-10   0.149296E-13   0.141681E-17   0.385978E-24   0.326244E-22   0.524931E-22   0.302500E-24   0.128365E-21   0.201766E-21
   0.200000E+01   0.235039E-30   0.379472E-30   0.311806E-30   0.973843E-30   0.785116E-30   0.247252E-29   0.197693E-29   0.624787E-29   0.497784E-29   0.157543E-28   0.125330E-28   0.198855E-28   0.315497E-28   0.500520E-28   0.793973E-28   0.467480E-11   0.197526E-11   0.600473E-12   0.210945E-15   0.199924E-19   0.545153E-26   0.462964E-24   0.741645E-24   0.502249E-26   0.181253E-23   0.284864E-23
   0.200000E+01   0.287377E-28   0.463960E-28   0.381033E-28   0.119061E-27   0.959383E-28   0.302279E-27   0.241563E-27   0.763813E-27   0.608216E-27   0.192592E-26   0.153123E-26   0.242941E-26   0.385418E-26   0.611401E-26   0.969773E-26   0.689675E-09   0.292976E-09   0.901411E-10   0.312050E-13   0.296207E-17   0.806814E-24   0.681321E-22   0.109719E-21   0.612265E-24   0.268335E-21   0.421782E-21
   0.200000E+01   0.000000E+00   0.000000E+00   0.000000E+00   0.000000E+00   0.000000E+00   0.000000E+00   0.000000E+00   0.000000E+00   0.000000E+00   0.000000E+00   0.000000E+00   0.000000E+00   0.000000E+00   0.000000E+00   0.000000E+00   0.000000E+00   0.000000E+00   0.000000E+00   0.000000E+00   0.000000E+00   0.000000E+00   0.000000E+00   0.000000E+00   0.000000E+00   0.000000E+00   0.000000E+00
   0.200000E+01   0.221800E-26   0.450427E-26   0.924970E-26   0.183081E-25   0.369824E-25   0.736967E-25   0.147882E-24   0.295459E-24   0.591399E-24   0.118261E-23   0.236524E-23   0.473021E-23   0.945999E-23   0.189193E-22   0.378374E-22   0.195817E-07   0.101710E-07   0.322355E-08   0.953225E-12   0.925520E-16   0.110520E-21   0.508598E-20   0.102468E-19   0.193713E-19   0.396865E-19   0.789550E-19
   0.216667E+01   0.206857E-25   0.421360E-25   0.875000E-25   0.172033E-24   0.350000E-24   0.694518E-24   0.140000E-23   0.278965E-23   0.560000E-23   0.111795E-22   0.224000E-22   0.448000E-22   0.896000E-22   0.179200E-21   0.358400E-21   0.117902E-06   0.114065E-06   0.473007E-07   0.137325E-10   0.595629E-15   0.758451E-19   0.462923E-19   0.939498E-19   0.183498E-18   0.367709E-18   0.734992E-18
   0.216667E+01   0.743234E-38   0.150974E-37   0.327075E-35   0.613049E-37   0.130831E-34   0.246888E-36   0.523327E-34   0.988295E-36   0.209327E-33   0.395369E-35   0.837321E-33   0.167464E-32   0.334927E-32   0.669850E-32   0.133970E-31   0.458191E-19   0.415991E-19   0.152490E-19   0.535216E-23   0.221513E-27   0.290233E-31   0.632735E-32   0.106804E-31   0.171797E-30   0.263575E-31   0.419216E-31
   0.216667E+01   0.361626E-37   0.659695E-37   0.327077E-35   0.212164E-36   0.130832E-34   0.672349E-36   0.523323E-34   0.215438E-35   0.209330E-33   0.707459E-35   0.837357E-33   0.167473E-32   0.334940E-32   0.669880E-32   0.133971E-31   0.110179E-16   0.996593E-17   0.364896E-17   0.122950E-20   0.518994E-25   0.672382E-29   0.152702E-29   0.253072E-29   0.171969E-30   0.618818E-29   0.972928E-29
   0.216667E+01   0.790059E-38   0.159549E-37   0.327079E-35   0.638699E-37   0.130831E-34   0.254024E-36   0.523322E-34   0.100815E-35   0.209330E-33   0.400550E-35   0.837354E-33   0.167472E-32   0.334942E-32   0.669886E-32   0.133970E-31   0.235493E-18   0.213106E-18   0.780457E-19   0.262984E-22   0.111018E-26   0.143882E-30   0.327265E-31   0.543019E-31   0.171772E-30   0.132306E-30   0.208374E-30
   0.216667E+01   0.130978E-36   0.237328E-36   0.327078E-35   0.734549E-36   0.130831E-34   0.217373E-35   0.523322E-34   0.631148E-35   0.209329E-33   0.182981E-34   0.837357E-33   0.167470E-32   0.334945E-32   0.669878E-32   0.133971E-31   0.507676E-16   0.459475E-16   0.168312E-16   0.567268E-20   0.239520E-24   0.310450E-28   0.705210E-29   0.116886E-28   0.172228E-30   0.285852E-28   0.449436E-28
   0.216667E+01   0.240989E-34   0.436813E-34   0.820848E-37   0.133790E-33   0.328269E-36   0.385592E-33   0.131383E-35   0.106997E-32   0.525455E-35   0.289041E-32   0.210483E-34   0.421177E-34   0.842655E-34   0.168447E-33   0.336267E-33   0.102408E-13   0.926746E-14   0.339448E-14   0.114235E-17   0.482048E-22   0.625135E-26   0.142395E-26   0.236003E-26   0.267926E-30   0.577191E-26   0.907513E-26
   0.216667E+01   0.451069E-32   0.804637E-32   0.107158E-36   0.240902E-31   0.432394E-36   0.684400E-31   0.173832E-35   0.188201E-30   0.697698E-35   0.505503E-30   0.280072E-34   0.560626E-34   0.112185E-33   0.224431E-33   0.448429E-33   0.113625E-11   0.101099E-11   0.363542E-12   0.125128E-15   0.525413E-20   0.682354E-24   0.157157E-24   0.258095E-24   0.167655E-28   0.630097E-24   0.990299E-24
   0.216667E+01   0.997231E-38   0.196653E-37   0.327074E-35   0.752399E-37   0.130831E-34   0.286397E-36   0.523318E-34   0.109827E-35   0.209330E-33   0.425031E-35   0.837352E-33   0.167471E-32   0.334943E-32   0.669884E-32   0.133970E-31   0.109029E-17   0.986793E-18   0.361469E-18   0.121824E-21   0.514369E-26   0.666661E-30   0.151490E-30   0.251146E-30   0.171846E-30   0.614399E-30   0.966222E-30
   0.216667E+01   0.530096E-36   0.962011E-36   0.327078E-35   0.295957E-35   0.130831E-34   0.859596E-35   0.523322E-34   0.241512E-34   0.209329E-33   0.665114E-34   0.210152E-34   0.420244E-34   0.840488E-34   0.168182E-33   0.335714E-33   0.221973E-15   0.200954E-15   0.736283E-16   0.248181E-19   0.104804E-23   0.135870E-27   0.308670E-28   0.511636E-28   0.173917E-30   0.125134E-27   0.196747E-27
   0.216667E+01   0.978286E-34   0.178612E-33   0.825021E-37   0.552737E-33   0.330079E-36   0.160342E-32   0.132060E-35   0.446757E-32   0.528465E-35   0.120997E-31   0.211792E-34   0.423494E-34   0.846747E-34   0.169386E-33   0.338193E-33   0.425874E-13   0.385093E-13   0.140966E-13   0.473944E-17   0.199889E-21   0.259080E-25   0.592541E-26   0.981874E-26   0.575639E-30   0.240138E-25   0.377572E-25
   0.216667E+01   0.145255E-31   0.266938E-31   0.160349E-36   0.831691E-31   0.663966E-36   0.241502E-30   0.271605E-35   0.671403E-30   0.110207E-34   0.181201E-29   0.442633E-34   0.888215E-34   0.178130E-33   0.356947E-33   0.714351E-33   0.218807E-11   0.194473E-11   0.695328E-12   0.240793E-15   0.101022E-19   0.131261E-23   0.305244E-24   0.496468E-24   0.620808E-28   0.121134E-23   0.190361E-23
   0.216667E+01   0.991207E-31   0.160601E-30   0.127872E-34   0.414095E-30   0.552930E-34   0.105437E-29   0.232308E-33   0.266925E-29   0.958457E-33   0.673914E-29   0.386552E-32   0.778426E-32   0.156535E-31   0.314426E-31   0.631010E-31   0.350824E-11   0.312045E-11   0.111409E-11   0.386274E-15   0.162048E-19   0.210555E-23   0.497427E-24   0.793904E-24   0.356351E-26   0.193624E-23   0.304244E-23
   0.216667E+01   0.317819E-31   0.514402E-31   0.758158E-33   0.132796E-30   0.317658E-32   0.339941E-30   0.130850E-31   0.869546E-30   0.533213E-31   0.223383E-29   0.213293E-30   0.428349E-30   0.859470E-30   0.172283E-29   0.344718E-29   0.876312E-12   0.772189E-12   0.272253E-12   0.958954E-16   0.401081E-20   0.522130E-24   0.124283E-24   0.197012E-24   0.136680E-26   0.479923E-24   0.753939E-24
   0.216667E+01   0.158331E-37   0.303043E-37   0.327079E-35   0.107884E-36   0.130831E-34   0.380631E-36   0.523325E-34   0.136116E-35   0.209329E-33   0.495769E-35   0.837357E-33   0.167471E-32   0.334944E-32   0.669882E-32   0.133970E-31   0.360098E-17   0.325998E-17   0.119443E-17   0.402601E-21   0.170013E-25   0.220402E-29   0.500769E-30   0.830064E-30   0.171883E-30   0.203044E-29   0.319291E-29
   0.216667E+01   0.162067E-35   0.295717E-35   0.820025E-37   0.914362E-35   0.327892E-36   0.265113E-34   0.131185E-35   0.738491E-34   0.524665E-35   0.200000E-33   0.210257E-34   0.420515E-34   0.840969E-34   0.168194E-33   0.335810E-33   0.709979E-15   0.642930E-15   0.235616E-15   0.794293E-19   0.335463E-23   0.434993E-27   0.988338E-28   0.163831E-27   0.178662E-30   0.400721E-27   0.630070E-27
   0.216667E+01   0.385853E-33   0.709509E-33   0.892729E-37   0.221803E-32   0.360077E-36   0.647537E-32   0.144915E-35   0.181145E-31   0.581917E-35   0.491836E-31   0.233624E-34   0.467489E-34   0.935761E-34   0.187212E-33   0.374064E-33   0.167022E-12   0.150546E-12   0.549734E-13   0.185360E-16   0.781120E-21   0.101237E-24   0.232307E-25   0.384638E-25   0.185790E-29   0.940571E-25   0.147884E-24
   0.216667E+01   0.457524E-31   0.806584E-31   0.110334E-35   0.233028E-30   0.490541E-35   0.636634E-30   0.209888E-34   0.168804E-29   0.876163E-34   0.439648E-29   0.356052E-33   0.718893E-33   0.144864E-32   0.291408E-32   0.584842E-32   0.303188E-11   0.269565E-11   0.962415E-12   0.333731E-15   0.139996E-19   0.181910E-23   0.426549E-24   0.686822E-24   0.242718E-27   0.167529E-23   0.263250E-23
   0.216667E+01   0.107886E-30   0.174488E-30   0.180352E-33   0.448952E-30   0.815666E-33   0.114212E-29   0.352634E-32   0.289142E-29   0.148154E-31   0.730647E-29   0.603913E-31   0.122106E-30   0.246328E-30   0.495924E-30   0.996024E-30   0.376061E-11   0.334470E-11   0.119394E-11   0.414040E-15   0.173691E-19   0.225687E-23   0.533339E-24   0.850939E-24   0.441983E-26   0.207531E-23   0.326095E-23
   0.216667E+01   0.360819E-31   0.597355E-31   0.109887E-31   0.164512E-30   0.502827E-31   0.461021E-30   0.206120E-30   0.130124E-29   0.741021E-30   0.362353E-29   0.236206E-29   0.409173E-29   0.696569E-29   0.116911E-28   0.193964E-28   0.943113E-12   0.831407E-12   0.292102E-12   0.103205E-15   0.431451E-20   0.561791E-24   0.133724E-24   0.211978E-24   0.147073E-26   0.516389E-24   0.811235E-24
   0.216667E+01   0.636064E-31   0.102870E-30   0.847707E-31   0.264591E-30   0.213721E-30   0.672676E-30   0.538529E-30   0.170122E-29   0.135661E-29   0.429209E-29   0.341690E-29   0.542249E-29   0.860495E-29   0.136546E-28   0.216666E-28   0.886653E-12   0.777473E-12   0.273954E-12   0.967863E-16   0.404565E-20   0.526934E-24   0.125415E-24   0.198811E-24   0.138262E-26   0.484317E-24   0.760854E-24
   0.216667E+01   0.311244E-39   0.600027E-39   0.820965E-37   0.240358E-38   0.328433E-36   0.891044E-38   0.131448E-35   0.350408E-37   0.525568E-35   0.132916E-36   0.210152E-34   0.420154E-34   0.840488E-34   0.168194E-33   0.336315E-33   0.289422E-19   0.261795E-19   0.957802E-20   0.337366E-23   0.139439E-27   0.183398E-31   0.400077E-32   0.687083E-32   0.171895E-30   0.164271E-31   0.265158E-31
   0.216667E+01   0.620258E-35   0.113977E-34   0.931462E-37   0.355966E-34   0.361229E-36   0.103856E-33   0.141106E-35   0.290414E-33   0.554156E-35   0.788319E-33   0.218337E-34   0.433936E-34   0.863479E-34   0.171925E-33   0.342406E-33   0.280059E-14   0.253668E-14   0.929776E-15   0.313349E-18   0.132321E-22   0.171664E-26   0.390272E-27   0.646958E-27   0.199801E-30   0.158254E-26   0.248836E-26
   0.216667E+01   0.111142E-32   0.205818E-32   0.208826E-35   0.649915E-32   0.634062E-35   0.190938E-31   0.192663E-34   0.536248E-31   0.580130E-34   0.145959E-30   0.171716E-33   0.294770E-33   0.505948E-33   0.870292E-33   0.150307E-32   0.440869E-12   0.394476E-12   0.143236E-12   0.487251E-16   0.205013E-20   0.265938E-24   0.611934E-25   0.101085E-24   0.536447E-29   0.247076E-24   0.388436E-24
   0.216667E+01   0.617356E-31   0.102981E-30   0.281374E-33   0.275604E-30   0.850719E-33   0.717379E-30   0.255454E-32   0.184191E-29   0.753429E-32   0.469387E-29   0.215714E-31   0.362093E-31   0.604944E-31   0.100747E-30   0.167515E-30   0.280695E-11   0.249211E-11   0.892458E-12   0.308883E-15   0.129621E-19   0.168408E-23   0.396148E-24   0.635117E-24   0.732823E-27   0.154948E-23   0.243490E-23
   0.216667E+01   0.131517E-30   0.216318E-30   0.656992E-31   0.575312E-30   0.197680E-30   0.151441E-29   0.584003E-30   0.396450E-29   0.167975E-29   0.103106E-28   0.467577E-29   0.773444E-29   0.127330E-28   0.208905E-28   0.341992E-28   0.390623E-11   0.346051E-11   0.123558E-11   0.429236E-15   0.179998E-19   0.233965E-23   0.552853E-24   0.882060E-24   0.473735E-26   0.215124E-23   0.338029E-23
   0.216667E+01   0.727028E-31   0.117585E-30   0.966184E-31   0.302522E-30   0.243758E-30   0.769389E-30   0.614654E-30   0.194645E-29   0.154927E-29   0.491199E-29   0.390371E-29   0.619595E-29   0.983353E-29   0.156057E-28   0.247642E-28   0.101672E-11   0.892261E-12   0.314558E-12   0.111033E-15   0.464192E-20   0.604526E-24   0.143886E-24   0.228090E-24   0.158251E-26   0.555641E-24   0.872900E-24
   0.216667E+01   0.698275E-31   0.112850E-30   0.930468E-31   0.290041E-30   0.234355E-30   0.737132E-30   0.590253E-30   0.186393E-29   0.148658E-29   0.470222E-29   0.374378E-29   0.594093E-29   0.942724E-29   0.149588E-28   0.237348E-28   0.971948E-12   0.853024E-12   0.300641E-12   0.106146E-15   0.443744E-20   0.577904E-24   0.137548E-24   0.218047E-24   0.151275E-26   0.531177E-24   0.834470E-24
   0.216667E+01   0.343202E-39   0.682107E-39   0.821435E-37   0.253069E-38   0.328363E-36   0.951691E-38   0.131401E-35   0.363525E-37   0.525342E-35   0.137422E-36   0.210137E-34   0.420274E-34   0.840488E-34   0.168122E-33   0.336243E-33   0.462657E-19   0.417032E-19   0.153076E-19   0.539723E-23   0.223686E-27   0.293580E-31   0.650475E-32   0.108280E-31   0.171760E-30   0.266292E-31   0.418723E-31
   0.216667E+01   0.255901E-37   0.473880E-37   0.822963E-37   0.149935E-36   0.328856E-36   0.442116E-36   0.131533E-35   0.125116E-35   0.525869E-35   0.344530E-35   0.210272E-34   0.420545E-34   0.840849E-34   0.168122E-33   0.336364E-33   0.117633E-16   0.106527E-16   0.390400E-17   0.131321E-20   0.554228E-25   0.719040E-29   0.164082E-29   0.272009E-29   0.171908E-30   0.665409E-29   0.104635E-28
   0.216667E+01   0.466133E-35   0.869285E-35   0.113006E-36   0.277249E-34   0.418735E-36   0.819650E-34   0.157102E-35   0.231109E-33   0.597339E-35   0.630618E-33   0.229742E-34   0.452594E-34   0.893270E-34   0.176656E-33   0.350206E-33   0.132928E-14   0.118267E-14   0.425236E-15   0.146393E-18   0.614708E-23   0.798335E-27   0.184680E-27   0.303048E-27   0.195167E-30   0.739953E-27   0.116312E-26
   0.216667E+01   0.751364E-31   0.122792E-30   0.381538E-32   0.320326E-30   0.112419E-31   0.821984E-30   0.322471E-31   0.209291E-29   0.903811E-31   0.530691E-29   0.247284E-30   0.406394E-30   0.665468E-30   0.108686E-29   0.177224E-29   0.295554E-11   0.263437E-11   0.944531E-12   0.325914E-15   0.136850E-19   0.177718E-23   0.418752E-24   0.670047E-24   0.201975E-26   0.163474E-23   0.256888E-23
   0.216667E+01   0.159095E-30   0.259664E-30   0.198401E-30   0.676635E-30   0.511897E-30   0.173592E-29   0.131143E-29   0.441965E-29   0.334363E-29   0.112045E-28   0.849259E-29   0.135218E-28   0.215181E-28   0.342295E-28   0.544330E-28   0.326143E-11   0.290587E-11   0.104132E-11   0.359552E-15   0.150955E-19   0.196051E-23   0.462512E-24   0.739072E-24   0.375673E-26   0.180303E-23   0.283329E-23
   0.216667E+01   0.680241E-32   0.109948E-31   0.906826E-32   0.282657E-31   0.228538E-31   0.718625E-31   0.576106E-31   0.181811E-30   0.145288E-30   0.459045E-30   0.366649E-30   0.582670E-30   0.926276E-30   0.147313E-29   0.234408E-29   0.926964E-13   0.815517E-13   0.287418E-13   0.101348E-16   0.423785E-21   0.551789E-25   0.131400E-25   0.208289E-25   0.163935E-27   0.507495E-25   0.797399E-25
   0.216667E+01   0.720092E-31   0.116375E-30   0.959538E-31   0.299101E-30   0.241675E-30   0.760156E-30   0.608688E-30   0.192214E-29   0.153300E-29   0.484906E-29   0.386064E-29   0.612635E-29   0.972140E-29   0.154254E-28   0.244749E-28   0.100264E-11   0.882859E-12   0.311452E-12   0.109684E-15   0.458756E-20   0.597227E-24   0.142159E-24   0.225359E-24   0.155942E-26   0.548995E-24   0.862463E-24
   0.216667E+01   0.342871E-33   0.634035E-33   0.425696E-35   0.199795E-32   0.121612E-34   0.586172E-32   0.340155E-34   0.164475E-31   0.939263E-34   0.447402E-31   0.257276E-33   0.425892E-33   0.706160E-33   0.117432E-32   0.196173E-32   0.158610E-12   0.143709E-12   0.526876E-13   0.177656E-16   0.750501E-21   0.973574E-25   0.221254E-25   0.366799E-25   0.187836E-29   0.897303E-25   0.141094E-24
   0.216667E+01   0.137560E-32   0.256352E-32   0.170652E-34   0.816762E-32   0.488873E-34   0.241299E-31   0.136256E-33   0.680041E-31   0.372425E-33   0.185495E-30   0.100144E-32   0.163618E-32   0.266901E-32   0.435130E-32   0.709693E-32   0.651337E-12   0.589469E-12   0.215921E-12   0.725495E-16   0.306073E-20   0.396693E-24   0.909054E-25   0.150662E-24   0.727793E-29   0.368559E-24   0.579536E-24
   0.216667E+01   0.144086E-30   0.269873E-30   0.180726E-32   0.861455E-30   0.521298E-32   0.253188E-29   0.145671E-31   0.707670E-29   0.397756E-31   0.191358E-28   0.106447E-30   0.173218E-30   0.281061E-30   0.455078E-30   0.735808E-30   0.265404E-10   0.238679E-10   0.867587E-11   0.294382E-14   0.123996E-18   0.160715E-22   0.369836E-23   0.608171E-23   0.770421E-27   0.148625E-22   0.233640E-22
   0.216667E+01   0.383029E-27   0.627139E-27   0.117602E-27   0.164644E-26   0.342066E-27   0.425581E-26   0.960302E-27   0.109121E-25   0.262795E-26   0.278375E-25   0.703842E-26   0.114537E-25   0.185822E-25   0.300790E-25   0.486142E-25   0.195629E-07   0.176838E-07   0.647505E-08   0.217723E-11   0.918660E-16   0.118941E-19   0.269806E-20   0.447793E-20   0.131616E-22   0.109472E-19   0.172095E-19
   0.216667E+01   0.161299E-28   0.260374E-28   0.213709E-28   0.668040E-28   0.538111E-28   0.169585E-27   0.135493E-27   0.428486E-27   0.341151E-27   0.108037E-26   0.858874E-27   0.136267E-26   0.216183E-26   0.342938E-26   0.543951E-26   0.288770E-09   0.256991E-09   0.919549E-10   0.318108E-13   0.133506E-17   0.173429E-21   0.409443E-22   0.653769E-22   0.343634E-24   0.159467E-21   0.250578E-21
   0.216667E+01   0.279687E-30   0.451452E-30   0.370685E-30   0.115820E-29   0.933315E-30   0.294004E-29   0.234998E-29   0.742838E-29   0.591693E-29   0.187296E-28   0.148969E-28   0.236358E-28   0.374991E-28   0.594893E-28   0.943660E-28   0.425854E-11   0.376662E-11   0.133709E-11   0.467231E-15   0.195709E-19   0.254546E-23   0.603444E-24   0.960021E-24   0.596991E-26   0.233995E-23   0.367636E-23
   0.216667E+01   0.323217E-28   0.521700E-28   0.428153E-28   0.133836E-27   0.107796E-27   0.339726E-27   0.271407E-27   0.858335E-27   0.683333E-27   0.216410E-26   0.172030E-26   0.272936E-26   0.433001E-26   0.686877E-26   0.108948E-25   0.598701E-09   0.533458E-09   0.191173E-09   0.660049E-13   0.277120E-17   0.359903E-21   0.848968E-22   0.135657E-21   0.688401E-24   0.330942E-21   0.520040E-21
   0.216667E+01   0.000000E+00   0.000000E+00   0.000000E+00   0.000000E+00   0.000000E+00   0.000000E+00   0.000000E+00   0.000000E+00   0.000000E+00   0.000000E+00   0.000000E+00   0.000000E+00   0.000000E+00   0.000000E+00   0.000000E+00   0.000000E+00   0.000000E+00   0.000000E+00   0.000000E+00   0.000000E+00   0.000000E+00   0.000000E+00   0.000000E+00   0.000000E+00   0.000000E+00   0.000000E+00
   0.216667E+01   0.222167E-26   0.451014E-26   0.925259E-26   0.183229E-25   0.369906E-25   0.737340E-25   0.147905E-24   0.295553E-24   0.591459E-24   0.118285E-23   0.236540E-23   0.473047E-23   0.946040E-23   0.189199E-22   0.378385E-22   0.142504E-07   0.136709E-07   0.558939E-08   0.165036E-11   0.713434E-16   0.910284E-20   0.513583E-20   0.103302E-19   0.193713E-19   0.398247E-19   0.791725E-19
   0.233333E+01   0.206849E-25   0.421358E-25   0.875000E-25   0.172036E-24   0.350000E-24   0.694531E-24   0.140000E-23   0.278969E-23   0.560000E-23   0.111796E-22   0.224000E-22   0.448000E-22   0.896000E-22   0.179200E-21   0.358400E-21   0.114253E-06   0.113825E-06   0.511879E-07   0.164897E-10   0.416162E-14   0.444387E-18   0.465474E-19   0.942394E-19   0.183498E-18   0.367746E-18   0.735061E-18
   0.233333E+01   0.747234E-38   0.151851E-37   0.327075E-35   0.616064E-37   0.130831E-34   0.247779E-36   0.523327E-34   0.991119E-36   0.209327E-33   0.395674E-35   0.837321E-33   0.167464E-32   0.334927E-32   0.669849E-32   0.133970E-31   0.592187E-19   0.542163E-19   0.215626E-19   0.847143E-23   0.197882E-26   0.216580E-30   0.857534E-32   0.138832E-31   0.171833E-30   0.344397E-31   0.544704E-31
   0.233333E+01   0.470585E-37   0.855068E-37   0.327077E-35   0.271068E-36   0.130832E-34   0.841196E-36   0.523323E-34   0.261876E-35   0.209330E-33   0.831223E-35   0.837357E-33   0.167473E-32   0.334940E-32   0.669880E-32   0.133971E-31   0.142810E-16   0.130171E-16   0.517322E-17   0.195106E-20   0.477532E-24   0.520021E-28   0.205405E-29   0.334238E-29   0.172006E-30   0.815379E-29   0.128165E-28
   0.233333E+01   0.813649E-38   0.163398E-37   0.327080E-35   0.651421E-37   0.130831E-34   0.257574E-36   0.523323E-34   0.101847E-35   0.209330E-33   0.402958E-35   0.837354E-33   0.167472E-32   0.334942E-32   0.669886E-32   0.133970E-31   0.304677E-18   0.277785E-18   0.110448E-18   0.416502E-22   0.101969E-25   0.111068E-29   0.439376E-31   0.715208E-31   0.171821E-30   0.174052E-30   0.273883E-30
   0.233333E+01   0.177481E-36   0.321922E-36   0.327078E-35   0.995887E-36   0.130831E-34   0.293141E-35   0.523322E-34   0.841274E-35   0.209329E-33   0.239274E-34   0.837357E-33   0.167470E-32   0.334945E-32   0.669878E-32   0.133971E-31   0.657260E-16   0.599446E-16   0.238339E-16   0.899113E-20   0.220136E-23   0.239824E-27   0.947473E-29   0.154192E-28   0.172413E-30   0.376210E-28   0.591367E-28
   0.233333E+01   0.331676E-34   0.603104E-34   0.821024E-37   0.185722E-33   0.328410E-36   0.537294E-33   0.131401E-35   0.149247E-32   0.525455E-35   0.402672E-32   0.210634E-34   0.421297E-34   0.842715E-34   0.168555E-33   0.336364E-33   0.132585E-13   0.120911E-13   0.480689E-14   0.181056E-17   0.442969E-21   0.482695E-25   0.191309E-26   0.311330E-26   0.301821E-30   0.759642E-26   0.119411E-25
   0.233333E+01   0.612894E-32   0.109679E-31   0.110732E-36   0.330149E-31   0.446946E-36   0.941511E-31   0.179841E-35   0.259171E-30   0.721960E-35   0.695262E-30   0.289913E-34   0.580337E-34   0.116128E-33   0.232339E-33   0.464269E-33   0.143464E-11   0.127870E-11   0.498972E-12   0.192858E-15   0.468944E-19   0.512378E-23   0.204922E-24   0.330933E-24   0.223305E-28   0.805809E-24   0.126610E-23
   0.233333E+01   0.109681E-37   0.214794E-37   0.327078E-35   0.808573E-37   0.130831E-34   0.302637E-36   0.523321E-34   0.114232E-35   0.209330E-33   0.436300E-35   0.837351E-33   0.167470E-32   0.334943E-32   0.669883E-32   0.133971E-31   0.140910E-17   0.128512E-17   0.510994E-18   0.192748E-21   0.471915E-25   0.514140E-29   0.203186E-30   0.330648E-30   0.171760E-30   0.807061E-30   0.126882E-29
   0.233333E+01   0.725890E-36   0.132088E-35   0.327080E-35   0.407958E-35   0.130831E-34   0.118665E-34   0.523321E-34   0.332564E-34   0.209329E-33   0.909922E-34   0.210182E-34   0.420304E-34   0.840488E-34   0.168061E-33   0.335569E-33   0.287080E-15   0.261900E-15   0.104153E-15   0.392956E-19   0.962249E-23   0.104852E-26   0.414278E-28   0.674232E-28   0.174582E-30   0.164517E-27   0.258611E-27
   0.233333E+01   0.134460E-33   0.246273E-33   0.825843E-37   0.766245E-33   0.330408E-36   0.223121E-32   0.132201E-35   0.622320E-32   0.528766E-35   0.168337E-31   0.211973E-34   0.424066E-34   0.847710E-34   0.169566E-33   0.338578E-33   0.550305E-13   0.501500E-13   0.199247E-13   0.749840E-17   0.183319E-20   0.199728E-24   0.794496E-26   0.129277E-25   0.717273E-30   0.315432E-25   0.495845E-25
   0.233333E+01   0.195501E-31   0.359772E-31   0.170664E-36   0.112148E-30   0.708165E-36   0.325109E-30   0.290074E-35   0.900363E-30   0.117813E-34   0.241774E-29   0.473327E-34   0.949935E-34   0.190456E-33   0.381792E-33   0.764377E-33   0.271082E-11   0.240786E-11   0.934147E-12   0.363722E-15   0.883436E-19   0.965914E-23   0.389486E-24   0.623687E-24   0.822167E-28   0.151765E-23   0.238426E-23
   0.233333E+01   0.112440E-30   0.182110E-30   0.144421E-34   0.469293E-30   0.624526E-34   0.119448E-29   0.262398E-33   0.302316E-29   0.108262E-32   0.763115E-29   0.436633E-32   0.879279E-32   0.176816E-31   0.355165E-31   0.712771E-31   0.426431E-11   0.379078E-11   0.146842E-11   0.572449E-15   0.139040E-18   0.152014E-22   0.621230E-24   0.978498E-24   0.414396E-26   0.237998E-23   0.373858E-23
   0.233333E+01   0.378324E-31   0.612329E-31   0.907404E-33   0.158071E-30   0.380361E-32   0.404636E-30   0.156726E-31   0.103506E-29   0.638780E-31   0.265926E-29   0.255555E-30   0.513244E-30   0.102984E-29   0.206437E-29   0.413036E-29   0.112759E-11   0.988385E-12   0.378090E-12   0.150093E-15   0.363176E-19   0.398052E-23   0.163617E-24   0.256361E-24   0.162437E-26   0.622699E-24   0.977904E-24
   0.233333E+01   0.188115E-37   0.357808E-37   0.327075E-35   0.124965E-36   0.130831E-34   0.430649E-36   0.523327E-34   0.149909E-35   0.209329E-33   0.532872E-35   0.837360E-33   0.167472E-32   0.334941E-32   0.669883E-32   0.133971E-31   0.457491E-17   0.417361E-17   0.165977E-17   0.626192E-21   0.153337E-24   0.167082E-28   0.660201E-30   0.107452E-29   0.171944E-30   0.262204E-29   0.412168E-29
   0.233333E+01   0.219100E-35   0.401051E-35   0.819731E-37   0.124675E-34   0.328033E-36   0.362853E-34   0.131166E-35   0.101176E-33   0.524703E-35   0.273652E-33   0.210303E-34   0.420515E-34   0.840909E-34   0.168278E-33   0.335810E-33   0.903202E-15   0.824208E-15   0.327844E-15   0.123705E-18   0.302968E-22   0.330198E-26   0.130477E-27   0.212362E-27   0.180942E-30   0.518215E-27   0.814629E-27
   0.233333E+01   0.529102E-33   0.976007E-33   0.915416E-37   0.306764E-32   0.370516E-36   0.898971E-32   0.149372E-35   0.251743E-31   0.600837E-35   0.682676E-31   0.241193E-34   0.483017E-34   0.966516E-34   0.193472E-33   0.386582E-33   0.214962E-12   0.195313E-12   0.774026E-13   0.292146E-16   0.713508E-20   0.777494E-24   0.310176E-25   0.504403E-25   0.244451E-29   0.123049E-24   0.193421E-24
   0.233333E+01   0.576521E-31   0.100822E-30   0.140644E-35   0.287835E-30   0.627425E-35   0.779958E-30   0.269008E-34   0.205497E-29   0.112441E-33   0.532499E-29   0.457246E-33   0.923483E-33   0.186131E-32   0.374462E-32   0.751575E-32   0.370848E-11   0.329485E-11   0.127639E-11   0.497665E-15   0.120864E-18   0.132153E-22   0.536623E-24   0.851762E-24   0.320785E-27   0.207198E-23   0.325488E-23
   0.233333E+01   0.122171E-30   0.197571E-30   0.234619E-33   0.508271E-30   0.106296E-32   0.129296E-29   0.460058E-32   0.327342E-29   0.193422E-31   0.827317E-29   0.788833E-31   0.159520E-30   0.321842E-30   0.648002E-30   0.130143E-29   0.457314E-11   0.406483E-11   0.157431E-11   0.613860E-15   0.149092E-18   0.163008E-22   0.666330E-24   0.104924E-23   0.503873E-26   0.255200E-23   0.400879E-23
   0.233333E+01   0.433661E-31   0.720831E-31   0.153498E-31   0.200600E-30   0.697237E-31   0.567196E-30   0.278058E-30   0.160239E-29   0.965753E-30   0.443735E-29   0.299139E-29   0.512149E-29   0.863387E-29   0.143748E-28   0.236929E-28   0.121352E-11   0.106407E-11   0.406006E-12   0.161531E-15   0.390717E-19   0.428309E-23   0.176053E-24   0.275848E-24   0.174805E-26   0.670039E-24   0.105226E-23
   0.233333E+01   0.757906E-31   0.122553E-30   0.100977E-30   0.315146E-30   0.254507E-30   0.801096E-30   0.641205E-30   0.202582E-29   0.161512E-29   0.511074E-29   0.406772E-29   0.645507E-29   0.102431E-28   0.162534E-28   0.257886E-28   0.114061E-11   0.996040E-12   0.380922E-12   0.151540E-15   0.366515E-19   0.401863E-23   0.165170E-24   0.258801E-24   0.164370E-26   0.628633E-24   0.987234E-24
   0.233333E+01   0.334852E-39   0.670782E-39   0.821377E-37   0.251918E-38   0.328457E-36   0.970370E-38   0.131401E-35   0.352287E-37   0.525606E-35   0.136672E-36   0.210197E-34   0.420304E-34   0.840668E-34   0.168061E-33   0.336171E-33   0.370801E-19   0.338203E-19   0.134641E-19   0.530752E-23   0.128927E-26   0.140395E-30   0.536746E-32   0.888622E-32   0.171858E-30   0.212469E-31   0.337292E-31
   0.233333E+01   0.834989E-35   0.153921E-34   0.972663E-37   0.483305E-34   0.373995E-36   0.141542E-33   0.144981E-35   0.396200E-33   0.565140E-35   0.107414E-32   0.221377E-34   0.438962E-34   0.871905E-34   0.173262E-33   0.344765E-33   0.354766E-14   0.323807E-14   0.128820E-14   0.485895E-18   0.118982E-21   0.129703E-25   0.513028E-27   0.835028E-27   0.208798E-30   0.203782E-26   0.320352E-26
   0.233333E+01   0.149349E-32   0.277448E-32   0.282973E-35   0.880822E-32   0.865065E-35   0.259754E-31   0.262834E-34   0.730273E-31   0.783699E-34   0.198525E-30   0.228321E-33   0.388358E-33   0.660082E-33   0.112370E-32   0.191965E-32   0.553886E-12   0.499331E-12   0.196771E-12   0.749462E-16   0.182741E-19   0.199314E-23   0.796982E-25   0.129362E-24   0.702969E-29   0.315407E-24   0.495736E-24
   0.233333E+01   0.711465E-31   0.118188E-30   0.378898E-33   0.314590E-30   0.115778E-32   0.816144E-30   0.349321E-32   0.209060E-29   0.102652E-31   0.531828E-29   0.291731E-31   0.487752E-31   0.811876E-31   0.134764E-30   0.223434E-30   0.336436E-11   0.299182E-11   0.116293E-11   0.451894E-15   0.109831E-18   0.120038E-22   0.488771E-24   0.772843E-24   0.942294E-27   0.188052E-23   0.295425E-23
   0.233333E+01   0.153061E-30   0.252470E-30   0.888915E-31   0.675124E-30   0.267257E-30   0.178464E-29   0.782767E-30   0.467801E-29   0.221706E-29   0.121525E-28   0.607559E-29   0.997848E-29   0.163221E-28   0.266248E-28   0.433581E-28   0.474300E-11   0.420303E-11   0.162851E-11   0.635722E-15   0.154362E-18   0.168813E-22   0.690004E-24   0.108650E-23   0.536360E-26   0.264269E-23   0.415127E-23
   0.233333E+01   0.866595E-31   0.140139E-30   0.115203E-30   0.360474E-30   0.290551E-30   0.916609E-30   0.732446E-30   0.231853E-29   0.184575E-29   0.585025E-29   0.464991E-29   0.737971E-29   0.117114E-28   0.185843E-28   0.294884E-28   0.130788E-11   0.114284E-11   0.437211E-12   0.173822E-15   0.420458E-19   0.460968E-23   0.189467E-24   0.296869E-24   0.188158E-26   0.721100E-24   0.113245E-23
   0.233333E+01   0.831146E-31   0.134324E-30   0.110720E-30   0.345225E-30   0.278865E-30   0.877347E-30   0.702348E-30   0.221840E-29   0.176885E-29   0.559624E-29   0.445449E-29   0.706857E-29   0.112163E-28   0.177968E-28   0.282364E-28   0.125003E-11   0.109237E-11   0.417822E-12   0.166138E-15   0.401862E-19   0.440584E-23   0.181087E-24   0.283742E-24   0.179789E-26   0.689218E-24   0.108238E-23
   0.233333E+01   0.377924E-39   0.755691E-39   0.821200E-37   0.280808E-38   0.328457E-36   0.102169E-37   0.131411E-35   0.387890E-37   0.525531E-35   0.141929E-36   0.210227E-34   0.420274E-34   0.840488E-34   0.168122E-33   0.336099E-33   0.592981E-19   0.539222E-19   0.215521E-19   0.846966E-23   0.197940E-26   0.216832E-30   0.857849E-32   0.140999E-31   0.171760E-30   0.340692E-31   0.544704E-31
   0.233333E+01   0.352303E-37   0.654423E-37   0.823610E-37   0.207948E-36   0.329138E-36   0.614832E-36   0.131627E-35   0.173726E-35   0.525982E-35   0.476025E-35   0.210318E-34   0.420455E-34   0.840789E-34   0.168206E-33   0.336219E-33   0.152759E-16   0.139406E-16   0.554511E-17   0.208761E-20   0.510848E-24   0.556823E-28   0.221104E-29   0.359903E-29   0.172031E-30   0.878359E-29   0.138090E-28
   0.233333E+01   0.630872E-35   0.118021E-34   0.125178E-36   0.378436E-34   0.455128E-36   0.112301E-33   0.167560E-35   0.316962E-33   0.626303E-35   0.863781E-33   0.237476E-34   0.465172E-34   0.913733E-34   0.180026E-33   0.355623E-33   0.166848E-14   0.148683E-14   0.580041E-15   0.224285E-18   0.545355E-22   0.595880E-26   0.239297E-27   0.386191E-27   0.202907E-30   0.940472E-27   0.147788E-26
   0.233333E+01   0.842855E-31   0.137614E-30   0.517987E-32   0.358654E-30   0.153532E-31   0.920065E-30   0.441381E-31   0.234236E-29   0.123362E-30   0.593867E-29   0.335799E-30   0.550350E-30   0.898851E-30   0.146452E-29   0.238284E-29   0.352998E-11   0.315033E-11   0.122570E-11   0.475039E-15   0.115520E-18   0.126203E-22   0.514622E-24   0.812318E-24   0.239560E-26   0.197665E-23   0.310528E-23
   0.233333E+01   0.179538E-30   0.292639E-30   0.226825E-30   0.761110E-30   0.583105E-30   0.194987E-29   0.148948E-29   0.495812E-29   0.378792E-29   0.125560E-28   0.960168E-29   0.152749E-28   0.242900E-28   0.386136E-28   0.613684E-28   0.390461E-11   0.348237E-11   0.135409E-11   0.525245E-15   0.127706E-18   0.139532E-22   0.569565E-24   0.898002E-24   0.417487E-26   0.218497E-23   0.343250E-23
   0.233333E+01   0.815730E-32   0.131846E-31   0.108706E-31   0.338930E-31   0.273931E-31   0.861606E-31   0.690425E-31   0.217957E-30   0.174076E-30   0.550211E-30   0.439131E-30   0.697672E-30   0.110873E-29   0.176257E-29   0.280318E-29   0.119970E-12   0.104963E-12   0.401295E-13   0.159527E-16   0.385878E-20   0.423037E-24   0.173941E-25   0.272541E-25   0.193003E-27   0.662074E-25   0.103988E-24
   0.233333E+01   0.856429E-31   0.138410E-30   0.114087E-30   0.355725E-30   0.287345E-30   0.904027E-30   0.723703E-30   0.228585E-29   0.182263E-29   0.576639E-29   0.458988E-29   0.728338E-29   0.115570E-28   0.183374E-28   0.290939E-28   0.128925E-11   0.112954E-11   0.432295E-12   0.171577E-15   0.415171E-19   0.455044E-23   0.187044E-24   0.293078E-24   0.185201E-26   0.711903E-24   0.111801E-23
   0.233333E+01   0.434715E-33   0.806410E-33   0.540200E-35   0.255479E-32   0.154521E-34   0.752377E-32   0.431712E-34   0.211332E-31   0.118608E-33   0.574164E-31   0.322219E-33   0.530648E-33   0.874818E-33   0.144542E-32   0.239737E-32   0.189291E-12   0.172828E-12   0.687740E-13   0.259563E-16   0.635893E-20   0.693308E-24   0.274013E-25   0.446025E-25   0.229755E-29   0.108858E-24   0.171132E-24
   0.233333E+01   0.182802E-32   0.341738E-32   0.227648E-34   0.109466E-31   0.653792E-34   0.324623E-31   0.182352E-33   0.915826E-31   0.497217E-33   0.249507E-30   0.133109E-32   0.216895E-32   0.352798E-32   0.573394E-32   0.932078E-32   0.813993E-12   0.742419E-12   0.295155E-12   0.111008E-15   0.271492E-19   0.295759E-23   0.117880E-24   0.191843E-24   0.944927E-29   0.468198E-24   0.736045E-24
   0.233333E+01   0.179134E-30   0.335510E-30   0.226571E-32   0.106797E-29   0.655504E-32   0.312444E-29   0.183442E-31   0.868117E-29   0.500241E-31   0.233268E-28   0.133509E-30   0.216926E-30   0.351472E-30   0.568326E-30   0.917806E-30   0.304371E-10   0.275323E-10   0.108628E-10   0.412971E-14   0.100816E-17   0.109866E-21   0.439108E-23   0.709816E-23   0.944035E-27   0.173044E-22   0.271962E-22
   0.233333E+01   0.406985E-27   0.667370E-27   0.146340E-27   0.175708E-26   0.426421E-27   0.455299E-26   0.119699E-26   0.116938E-25   0.326616E-26   0.298588E-25   0.871168E-26   0.141466E-25   0.229049E-25   0.370073E-25   0.597095E-25   0.218517E-07   0.199150E-07   0.791572E-08   0.297847E-11   0.728667E-15   0.792982E-19   0.312888E-20   0.509827E-20   0.139950E-22   0.124351E-19   0.195442E-19
   0.233333E+01   0.181046E-28   0.292231E-28   0.239777E-28   0.749680E-28   0.603710E-28   0.190290E-27   0.152003E-27   0.480761E-27   0.382705E-27   0.121210E-26   0.963462E-27   0.152859E-26   0.242504E-26   0.384689E-26   0.610171E-26   0.348397E-09   0.310125E-09   0.120390E-09   0.468115E-13   0.113758E-16   0.124334E-20   0.507823E-22   0.800146E-22   0.385810E-24   0.194648E-21   0.305770E-21
   0.233333E+01   0.328127E-30   0.529607E-30   0.434701E-30   0.135853E-29   0.109442E-29   0.344819E-29   0.275549E-29   0.871157E-29   0.693763E-29   0.219637E-28   0.174660E-28   0.277116E-28   0.439649E-28   0.697457E-28   0.110633E-27   0.534360E-11   0.471093E-11   0.181358E-11   0.713812E-15   0.173020E-18   0.189425E-22   0.776238E-24   0.121953E-23   0.700126E-26   0.296404E-23   0.465537E-23
   0.233333E+01   0.359044E-28   0.579491E-28   0.475416E-28   0.148642E-27   0.119687E-27   0.377266E-27   0.301330E-27   0.953102E-27   0.758641E-27   0.240290E-26   0.190983E-26   0.303003E-26   0.480698E-26   0.762535E-26   0.120948E-25   0.716755E-09   0.639271E-09   0.248581E-09   0.964192E-13   0.234432E-16   0.256140E-20   0.104544E-21   0.164824E-21   0.764956E-24   0.401033E-21   0.630000E-21
   0.233333E+01   0.000000E+00   0.000000E+00   0.000000E+00   0.000000E+00   0.000000E+00   0.000000E+00   0.000000E+00   0.000000E+00   0.000000E+00   0.000000E+00   0.000000E+00   0.000000E+00   0.000000E+00   0.000000E+00   0.000000E+00   0.000000E+00   0.000000E+00   0.000000E+00   0.000000E+00   0.000000E+00   0.000000E+00   0.000000E+00   0.000000E+00   0.000000E+00   0.000000E+00   0.000000E+00
   0.233333E+01   0.222421E-26   0.451448E-26   0.925578E-26   0.183351E-25   0.369997E-25   0.737670E-25   0.147930E-24   0.295640E-24   0.591526E-24   0.118308E-23   0.236557E-23   0.473075E-23   0.946085E-23   0.189207E-22   0.378396E-22   0.140832E-07   0.138568E-07   0.613455E-08   0.201618E-11   0.506686E-15   0.542442E-19   0.520344E-20   0.104195E-19   0.193714E-19   0.399695E-19   0.794007E-19
   0.250000E+01   0.206836E-25   0.421349E-25   0.875000E-25   0.172038E-24   0.350000E-24   0.694541E-24   0.140000E-23   0.278973E-23   0.560000E-23   0.111797E-22   0.224000E-22   0.448000E-22   0.896000E-22   0.179200E-21   0.358400E-21   0.110784E-06   0.113413E-06   0.550652E-07   0.198290E-10   0.487210E-14   0.408389E-18   0.471596E-19   0.945563E-19   0.183497E-18   0.367782E-18   0.735128E-18
   0.250000E+01   0.752883E-38   0.152668E-37   0.327075E-35   0.619189E-37   0.130831E-34   0.248575E-36   0.523327E-34   0.992629E-36   0.209327E-33   0.396504E-35   0.837321E-33   0.167464E-32   0.334927E-32   0.669849E-32   0.133970E-31   0.750169E-19   0.690380E-19   0.298021E-19   0.131672E-22   0.300254E-26   0.252022E-30   0.114413E-31   0.180761E-31   0.171870E-30   0.440559E-31   0.690476E-31
   0.250000E+01   0.606710E-37   0.109953E-36   0.327077E-35   0.345168E-36   0.130832E-34   0.105283E-35   0.523323E-34   0.319670E-35   0.209330E-33   0.984727E-35   0.837357E-33   0.167473E-32   0.334940E-32   0.669880E-32   0.133971E-31   0.181133E-16   0.166633E-16   0.716118E-17   0.303785E-20   0.721798E-24   0.608620E-28   0.275347E-29   0.432365E-29   0.171993E-30   0.105218E-28   0.165351E-28
   0.250000E+01   0.841106E-38   0.168601E-37   0.327080E-35   0.666565E-37   0.130831E-34   0.262103E-36   0.523323E-34   0.103123E-35   0.209330E-33   0.406266E-35   0.837354E-33   0.167472E-32   0.334942E-32   0.669886E-32   0.133970E-31   0.385728E-18   0.355014E-18   0.152612E-18   0.647329E-22   0.153859E-25   0.129755E-29   0.587660E-31   0.923249E-31   0.171870E-30   0.224826E-30   0.353684E-30
   0.250000E+01   0.235515E-36   0.427761E-36   0.327078E-35   0.132359E-35   0.130831E-34   0.388047E-35   0.523322E-34   0.110297E-34   0.209329E-33   0.309063E-34   0.837357E-33   0.167470E-32   0.334945E-32   0.669878E-32   0.133971E-31   0.832660E-16   0.766450E-16   0.329536E-16   0.139828E-19   0.332365E-23   0.280352E-27   0.126859E-28   0.199223E-28   0.172708E-30   0.484893E-28   0.762042E-28
   0.250000E+01   0.444921E-34   0.811250E-34   0.821435E-37   0.250884E-33   0.328527E-36   0.727259E-33   0.131430E-35   0.201852E-32   0.525831E-35   0.543309E-32   0.210679E-34   0.421387E-34   0.842835E-34   0.168603E-33   0.336436E-33   0.167973E-13   0.154605E-13   0.664640E-14   0.281573E-17   0.668687E-21   0.564658E-25   0.256140E-26   0.402262E-26   0.344159E-30   0.979109E-26   0.153877E-25
   0.250000E+01   0.811368E-32   0.145597E-31   0.114399E-36   0.440138E-31   0.462298E-36   0.125767E-30   0.186085E-35   0.345919E-30   0.747238E-35   0.925758E-30   0.300024E-34   0.600830E-34   0.120208E-33   0.240597E-33   0.480688E-33   0.177137E-11   0.159062E-11   0.671073E-12   0.292070E-15   0.688933E-19   0.581213E-23   0.266486E-24   0.416151E-24   0.291640E-28   0.101052E-23   0.158730E-23
   0.250000E+01   0.122053E-37   0.237459E-37   0.327077E-35   0.878264E-37   0.130831E-34   0.323122E-36   0.523322E-34   0.119874E-35   0.209331E-33   0.451849E-35   0.837352E-33   0.167472E-32   0.334945E-32   0.669889E-32   0.133971E-31   0.178207E-17   0.164031E-17   0.705257E-18   0.299245E-21   0.711288E-25   0.599968E-29   0.271544E-30   0.426479E-30   0.171771E-30   0.103824E-29   0.163185E-29
   0.250000E+01   0.970003E-36   0.176934E-35   0.327078E-35   0.548261E-35   0.130831E-34   0.159550E-34   0.523327E-34   0.445742E-34   0.209329E-33   0.121246E-33   0.210242E-34   0.420184E-34   0.840789E-34   0.168170E-33   0.335497E-33   0.363318E-15   0.334519E-15   0.143857E-15   0.610485E-19   0.145136E-22   0.122444E-26   0.554111E-28   0.870238E-28   0.175568E-30   0.211824E-27   0.332905E-27
   0.250000E+01   0.180121E-33   0.330811E-33   0.826549E-37   0.103366E-32   0.330784E-36   0.301591E-32   0.132351E-35   0.840510E-32   0.529631E-35   0.226817E-31   0.212228E-34   0.424367E-34   0.849094E-34   0.169807E-33   0.338940E-33   0.695872E-13   0.640084E-13   0.274988E-13   0.116409E-16   0.276231E-20   0.233117E-24   0.106160E-25   0.166720E-25   0.894084E-30   0.405789E-25   0.637741E-25
   0.250000E+01   0.255871E-31   0.470778E-31   0.181214E-36   0.146347E-30   0.753421E-36   0.422210E-30   0.308948E-35   0.116206E-29   0.125599E-34   0.310139E-29   0.504624E-34   0.101304E-33   0.203192E-33   0.407214E-33   0.815342E-33   0.328970E-11   0.293643E-11   0.123188E-11   0.540693E-15   0.127364E-18   0.107482E-22   0.496490E-24   0.769675E-24   0.106711E-27   0.186757E-23   0.293313E-23
   0.250000E+01   0.126062E-30   0.204109E-30   0.161354E-34   0.525742E-30   0.697788E-34   0.133773E-29   0.293186E-33   0.338493E-29   0.120968E-32   0.854292E-29   0.487877E-32   0.982479E-32   0.197570E-31   0.396853E-31   0.796434E-31   0.509150E-11   0.454441E-11   0.190353E-11   0.836871E-15   0.197114E-18   0.166352E-22   0.777133E-24   0.118752E-23   0.474230E-26   0.288012E-23   0.452286E-23
   0.250000E+01   0.443369E-31   0.717606E-31   0.106931E-32   0.185243E-30   0.448431E-32   0.474183E-30   0.184830E-31   0.121299E-29   0.753475E-31   0.311668E-29   0.301480E-30   0.605504E-30   0.121501E-29   0.243555E-29   0.487278E-29   0.141679E-11   0.124409E-11   0.514709E-12   0.230650E-15   0.540987E-19   0.456838E-23   0.214722E-24   0.326924E-24   0.190155E-26   0.791674E-24   0.124285E-23
   0.250000E+01   0.224670E-37   0.424735E-37   0.327079E-35   0.145976E-36   0.130831E-34   0.491677E-36   0.523323E-34   0.166833E-35   0.209330E-33   0.578310E-35   0.837354E-33   0.167470E-32   0.334943E-32   0.669888E-32   0.133970E-31   0.569111E-17   0.523991E-17   0.225337E-17   0.956237E-21   0.227332E-24   0.191787E-28   0.867968E-30   0.136321E-29   0.171895E-30   0.331845E-29   0.521561E-29
   0.250000E+01   0.288886E-35   0.530245E-35   0.820025E-37   0.165538E-34   0.328010E-36   0.482737E-34   0.131176E-35   0.134493E-33   0.524703E-35   0.362888E-33   0.210363E-34   0.420665E-34   0.841210E-34   0.168302E-33   0.335786E-33   0.112506E-14   0.103616E-14   0.445687E-15   0.189157E-18   0.449776E-22   0.379524E-26   0.171768E-27   0.269778E-27   0.183629E-30   0.656717E-27   0.103213E-26
   0.250000E+01   0.707092E-33   0.130792E-32   0.944333E-37   0.412838E-32   0.383399E-36   0.121224E-31   0.154874E-35   0.339197E-31   0.623896E-35   0.917655E-31   0.250642E-34   0.501885E-34   0.100449E-33   0.201187E-33   0.401942E-33   0.270769E-12   0.248368E-12   0.106423E-12   0.451848E-16   0.107098E-19   0.903157E-24   0.412690E-25   0.647955E-25   0.317361E-29   0.157671E-24   0.247786E-24
   0.250000E+01   0.704149E-31   0.122229E-30   0.176831E-35   0.345173E-30   0.791070E-35   0.928266E-30   0.339748E-34   0.243160E-29   0.142158E-33   0.627344E-29   0.578408E-33   0.116845E-32   0.235547E-32   0.473937E-32   0.951260E-32   0.445060E-11   0.397096E-11   0.166352E-11   0.731361E-15   0.172251E-18   0.145369E-22   0.675478E-24   0.103910E-23   0.415397E-27   0.252049E-23   0.395826E-23
   0.250000E+01   0.136807E-30   0.221222E-30   0.299619E-33   0.569054E-30   0.135955E-32   0.144753E-29   0.588992E-32   0.366499E-29   0.247781E-31   0.926463E-29   0.101097E-30   0.204469E-30   0.412573E-30   0.830730E-30   0.166836E-29   0.546264E-11   0.487491E-11   0.204163E-11   0.897789E-15   0.211452E-18   0.178454E-22   0.833861E-24   0.127391E-23   0.567403E-26   0.308957E-23   0.485177E-23
   0.250000E+01   0.513626E-31   0.857482E-31   0.209298E-31   0.241173E-30   0.938996E-31   0.686631E-30   0.363283E-30   0.193697E-29   0.122148E-29   0.532992E-29   0.368978E-29   0.625467E-29   0.104582E-28   0.172963E-28   0.283545E-28   0.152478E-11   0.133926E-11   0.553043E-12   0.248230E-15   0.582067E-19   0.491546E-23   0.231053E-24   0.351791E-24   0.204653E-26   0.851899E-24   0.133740E-23
   0.250000E+01   0.888915E-31   0.143721E-30   0.118397E-30   0.369519E-30   0.298356E-30   0.939215E-30   0.751603E-30   0.237493E-29   0.189308E-29   0.599118E-29   0.476754E-29   0.756541E-29   0.120047E-28   0.190478E-28   0.302210E-28   0.143307E-11   0.125466E-11   0.519053E-12   0.232957E-15   0.546214E-19   0.461287E-23   0.216842E-24   0.330159E-24   0.192488E-26   0.799514E-24   0.125517E-23
   0.250000E+01   0.364007E-39   0.707561E-39   0.821083E-37   0.263477E-38   0.328457E-36   0.979715E-38   0.131373E-35   0.371030E-37   0.525643E-35   0.143432E-36   0.210137E-34   0.420425E-34   0.840668E-34   0.168146E-33   0.336171E-33   0.466319E-19   0.429572E-19   0.185592E-19   0.818568E-23   0.187155E-26   0.162997E-30   0.712706E-32   0.113453E-31   0.171845E-30   0.271552E-31   0.429695E-31
   0.250000E+01   0.109627E-34   0.202640E-34   0.102444E-36   0.638981E-34   0.390052E-36   0.187505E-33   0.149786E-35   0.524438E-33   0.578795E-35   0.141844E-32   0.225183E-34   0.445401E-34   0.882317E-34   0.174923E-33   0.347582E-33   0.440029E-14   0.405342E-14   0.174374E-14   0.739749E-18   0.175839E-21   0.148489E-25   0.672489E-27   0.105627E-26   0.219805E-30   0.257143E-26   0.404150E-26
   0.250000E+01   0.195686E-32   0.364522E-32   0.375451E-35   0.116217E-31   0.115609E-34   0.343406E-31   0.350908E-34   0.964685E-31   0.103655E-33   0.261630E-30   0.298011E-33   0.503110E-33   0.848625E-33   0.143306E-32   0.242754E-32   0.681506E-12   0.620472E-12   0.264351E-12   0.113248E-15   0.267970E-19   0.225973E-23   0.103512E-24   0.162324E-24   0.905004E-29   0.394740E-24   0.620271E-24
   0.250000E+01   0.804843E-31   0.133248E-30   0.497913E-33   0.353101E-30   0.153638E-32   0.913500E-30   0.464575E-32   0.233538E-29   0.135823E-31   0.593255E-29   0.383207E-31   0.638427E-31   0.105932E-30   0.175358E-30   0.290069E-30   0.396270E-11   0.354357E-11   0.148985E-11   0.652226E-15   0.153765E-18   0.129754E-22   0.604144E-24   0.926107E-24   0.118207E-26   0.224718E-23   0.352927E-23
   0.250000E+01   0.176310E-30   0.291579E-30   0.116381E-30   0.783330E-30   0.348321E-30   0.207593E-29   0.100800E-29   0.543889E-29   0.281086E-29   0.140989E-28   0.759788E-29   0.124053E-28   0.201868E-28   0.327777E-28   0.531562E-28   0.565779E-11   0.503713E-11   0.211066E-11   0.928809E-15   0.218722E-18   0.184598E-22   0.862632E-24   0.131782E-23   0.600497E-26   0.319618E-23   0.501921E-23
   0.250000E+01   0.101666E-30   0.164392E-30   0.135177E-30   0.422789E-30   0.340838E-30   0.107490E-29   0.859035E-30   0.271860E-29   0.216440E-29   0.685906E-29   0.545198E-29   0.865217E-29   0.137299E-28   0.217862E-28   0.345670E-28   0.164313E-11   0.143931E-11   0.595576E-12   0.267176E-15   0.626504E-19   0.529084E-23   0.248705E-24   0.378671E-24   0.220364E-26   0.916989E-24   0.143959E-23
   0.250000E+01   0.973951E-31   0.157406E-30   0.129710E-30   0.404540E-30   0.326691E-30   0.102805E-29   0.822793E-30   0.259935E-29   0.207216E-29   0.655704E-29   0.521815E-29   0.828023E-29   0.131386E-28   0.208463E-28   0.330734E-28   0.157010E-11   0.137544E-11   0.569076E-12   0.255309E-15   0.598673E-19   0.505582E-23   0.237657E-24   0.361850E-24   0.210475E-26   0.876262E-24   0.137566E-23
   0.250000E+01   0.426527E-39   0.823601E-39   0.821083E-37   0.309701E-38   0.328504E-36   0.113834E-37   0.131336E-35   0.410382E-37   0.525305E-35   0.151693E-36   0.210242E-34   0.420394E-34   0.840307E-34   0.168086E-33   0.336315E-33   0.741092E-19   0.683147E-19   0.295019E-19   0.130516E-22   0.297709E-26   0.250209E-30   0.113271E-31   0.179912E-31   0.171747E-30   0.434382E-31   0.695415E-31
   0.250000E+01   0.473348E-37   0.881395E-37   0.824257E-37   0.281134E-36   0.329326E-36   0.832245E-36   0.131693E-35   0.234705E-35   0.526020E-35   0.640114E-35   0.210393E-34   0.420725E-34   0.841150E-34   0.168218E-33   0.336436E-33   0.194195E-16   0.178863E-16   0.769325E-17   0.325763E-20   0.773801E-24   0.653825E-28   0.297029E-29   0.466596E-29   0.172043E-30   0.113592E-28   0.178545E-28
   0.250000E+01   0.832421E-35   0.156151E-34   0.140595E-36   0.502815E-34   0.501113E-36   0.149500E-33   0.180697E-35   0.421582E-33   0.662226E-35   0.114605E-32   0.247136E-34   0.480640E-34   0.939312E-34   0.184119E-33   0.362027E-33   0.204959E-14   0.183944E-14   0.775794E-15   0.337868E-18   0.796916E-22   0.672346E-26   0.309444E-27   0.483006E-27   0.212335E-30   0.117297E-26   0.184269E-26
   0.250000E+01   0.933736E-31   0.152358E-30   0.684406E-32   0.396883E-30   0.203769E-31   0.101807E-29   0.585772E-31   0.259182E-29   0.163043E-30   0.657077E-29   0.441523E-30   0.721814E-30   0.117621E-29   0.191252E-29   0.310614E-29   0.414400E-11   0.371765E-11   0.156428E-11   0.683235E-15   0.161158E-18   0.135980E-22   0.633759E-24   0.970017E-24   0.277897E-26   0.235386E-23   0.369684E-23
   0.250000E+01   0.199799E-30   0.325305E-30   0.254843E-30   0.844726E-30   0.653170E-30   0.216144E-29   0.166441E-29   0.549031E-29   0.422442E-29   0.138922E-28   0.106924E-28   0.169999E-28   0.270193E-28   0.429328E-28   0.682048E-28   0.459498E-11   0.411870E-11   0.173191E-11   0.757206E-15   0.178567E-18   0.150673E-22   0.702914E-24   0.107482E-23   0.459190E-26   0.260792E-23   0.409577E-23
   0.250000E+01   0.963089E-32   0.155663E-31   0.128304E-31   0.400136E-31   0.323290E-31   0.101712E-30   0.814729E-31   0.257268E-30   0.205377E-30   0.649357E-30   0.517943E-30   0.822717E-30   0.130711E-29   0.207728E-29   0.330237E-29   0.151610E-12   0.132865E-12   0.549309E-13   0.246545E-16   0.578047E-20   0.488161E-24   0.229533E-25   0.349504E-25   0.224654E-27   0.846388E-25   0.132887E-24
   0.250000E+01   0.100278E-30   0.162065E-30   0.133549E-30   0.416513E-30   0.336358E-30   0.105847E-29   0.847138E-30   0.267627E-29   0.213346E-29   0.675104E-29   0.537249E-29   0.852511E-29   0.135271E-28   0.214626E-28   0.340510E-28   0.161887E-11   0.142107E-11   0.588170E-12   0.263514E-15   0.618090E-19   0.521948E-23   0.245326E-24   0.373528E-24   0.216651E-26   0.904554E-24   0.142007E-23
   0.250000E+01   0.540249E-33   0.100492E-32   0.672119E-35   0.319719E-32   0.192515E-34   0.943444E-32   0.537052E-34   0.264794E-31   0.146844E-33   0.717730E-31   0.396174E-33   0.649788E-33   0.106630E-32   0.175303E-32   0.289111E-32   0.222308E-12   0.204850E-12   0.881485E-13   0.374200E-16   0.890105E-20   0.751312E-24   0.340097E-25   0.534215E-25   0.278032E-29   0.130063E-24   0.204424E-24
   0.250000E+01   0.237564E-32   0.445325E-32   0.296832E-34   0.143253E-31   0.854420E-34   0.425666E-31   0.238269E-33   0.119995E-30   0.647845E-33   0.326149E-30   0.172739E-32   0.280846E-32   0.455773E-32   0.738999E-32   0.119824E-31   0.998832E-12   0.919500E-12   0.395277E-12   0.167227E-15   0.396980E-19   0.335076E-23   0.152840E-24   0.240072E-24   0.120763E-28   0.584457E-24   0.918612E-24
   0.250000E+01   0.217652E-30   0.406867E-30   0.278152E-32   0.128706E-29   0.806831E-32   0.373756E-29   0.225869E-31   0.103046E-28   0.614671E-31   0.274979E-28   0.163585E-30   0.265421E-30   0.429493E-30   0.693691E-30   0.111914E-29   0.344255E-10   0.313979E-10   0.133977E-10   0.573157E-14   0.135790E-17   0.114498E-21   0.523818E-23   0.818172E-23   0.113945E-26   0.198953E-22   0.312607E-22
   0.250000E+01   0.430348E-27   0.706856E-27   0.178113E-27   0.186662E-26   0.519171E-27   0.484783E-26   0.145416E-26   0.124673E-25   0.395071E-26   0.318510E-25   0.104890E-25   0.169961E-25   0.274649E-25   0.442967E-25   0.713563E-25   0.241451E-07   0.222174E-07   0.955040E-08   0.404129E-11   0.959725E-15   0.808936E-19   0.365543E-20   0.574698E-20   0.147494E-22   0.139834E-19   0.219731E-19
   0.250000E+01   0.201115E-28   0.324609E-28   0.266266E-28   0.832645E-28   0.670357E-28   0.211327E-27   0.168774E-27   0.533867E-27   0.424912E-27   0.134592E-26   0.106969E-26   0.169710E-26   0.269236E-26   0.427091E-26   0.677422E-26   0.413127E-09   0.369407E-09   0.155059E-09   0.679815E-13   0.160217E-16   0.135202E-20   0.631181E-22   0.964683E-22   0.428744E-24   0.234011E-21   0.367497E-21
   0.250000E+01   0.380353E-30   0.613871E-30   0.503705E-30   0.157449E-29   0.126806E-29   0.399590E-29   0.319246E-29   0.100945E-28   0.803745E-29   0.254487E-28   0.202342E-28   0.321031E-28   0.509313E-28   0.807960E-28   0.128160E-27   0.657705E-11   0.581285E-11   0.241899E-11   0.107486E-14   0.252564E-18   0.213222E-22   0.999175E-24   0.152411E-23   0.811403E-26   0.369320E-23   0.579868E-23
   0.250000E+01   0.394709E-28   0.637018E-28   0.522453E-28   0.163378E-27   0.131519E-27   0.414621E-27   0.331099E-27   0.104739E-26   0.833551E-27   0.264045E-26   0.209835E-26   0.332909E-26   0.528136E-26   0.837780E-26   0.132882E-25   0.843458E-09   0.756053E-09   0.317924E-09   0.138996E-12   0.327786E-16   0.276583E-20   0.129015E-21   0.197270E-21   0.841309E-24   0.478644E-21   0.751709E-21
   0.250000E+01   0.000000E+00   0.000000E+00   0.000000E+00   0.000000E+00   0.000000E+00   0.000000E+00   0.000000E+00   0.000000E+00   0.000000E+00   0.000000E+00   0.000000E+00   0.000000E+00   0.000000E+00   0.000000E+00   0.000000E+00   0.000000E+00   0.000000E+00   0.000000E+00   0.000000E+00   0.000000E+00   0.000000E+00   0.000000E+00   0.000000E+00   0.000000E+00   0.000000E+00   0.000000E+00
   0.250000E+01   0.222664E-26   0.451869E-26   0.925924E-26   0.183471E-25   0.370095E-25   0.737995E-25   0.147957E-24   0.295725E-24   0.591597E-24   0.118330E-23   0.236575E-23   0.473104E-23   0.946132E-23   0.189214E-22   0.378408E-22   0.139369E-07   0.140325E-07   0.669745E-08   0.246818E-11   0.603328E-15   0.506141E-19   0.531785E-20   0.105146E-19   0.193714E-19   0.401204E-19   0.796387E-19
   0.266667E+01   0.206818E-25   0.421333E-25   0.875000E-25   0.172039E-24   0.350000E-24   0.694550E-24   0.140000E-23   0.278976E-23   0.560000E-23   0.111798E-22   0.224000E-22   0.448000E-22   0.896000E-22   0.179200E-21   0.358400E-21   0.107485E-06   0.112850E-06   0.589230E-07   0.238529E-10   0.950403E-14   0.190939E-17   0.481689E-19   0.949025E-19   0.183497E-18   0.367814E-18   0.735194E-18
   0.266667E+01   0.760597E-38   0.154134E-37   0.327075E-35   0.623467E-37   0.130831E-34   0.249324E-36   0.523327E-34   0.996201E-36   0.209327E-33   0.397635E-35   0.837321E-33   0.167464E-32   0.334927E-32   0.669849E-32   0.133970E-31   0.936431E-19   0.867051E-19   0.403121E-19   0.200950E-22   0.740946E-26   0.151561E-29   0.153148E-31   0.227699E-31   0.171833E-30   0.554289E-31   0.875805E-31
   0.266667E+01   0.773322E-37   0.139894E-36   0.327077E-35   0.435757E-36   0.130832E-34   0.130981E-35   0.523323E-34   0.389327E-35   0.209330E-33   0.116895E-34   0.837357E-33   0.167473E-32   0.334940E-32   0.669880E-32   0.133971E-31   0.225499E-16   0.209535E-16   0.970258E-17   0.464828E-20   0.178557E-23   0.365090E-27   0.368767E-29   0.549257E-29   0.172104E-30   0.133320E-28   0.209467E-28
   0.266667E+01   0.874791E-38   0.174793E-37   0.327080E-35   0.686213E-37   0.130831E-34   0.267565E-36   0.523323E-34   0.104585E-35   0.209330E-33   0.410476E-35   0.837354E-33   0.167472E-32   0.334942E-32   0.669886E-32   0.133970E-31   0.479381E-18   0.445586E-18   0.206406E-18   0.988829E-22   0.379945E-25   0.776911E-29   0.785142E-31   0.117007E-30   0.171796E-30   0.284335E-30   0.447140E-30
   0.266667E+01   0.306346E-36   0.557108E-36   0.327078E-35   0.172369E-35   0.130831E-34   0.503268E-35   0.523322E-34   0.141840E-34   0.209329E-33   0.392633E-34   0.837357E-33   0.167470E-32   0.334945E-32   0.669878E-32   0.133971E-31   0.103539E-15   0.962647E-16   0.445956E-16   0.213699E-19   0.821153E-23   0.167969E-26   0.169697E-28   0.252784E-28   0.172942E-30   0.613669E-28   0.964225E-28
   0.266667E+01   0.583190E-34   0.106564E-33   0.821670E-37   0.330455E-33   0.328739E-36   0.957988E-33   0.131514E-35   0.265288E-32   0.525831E-35   0.711877E-32   0.210799E-34   0.421598E-34   0.843317E-34   0.168651E-33   0.336580E-33   0.208880E-13   0.194192E-13   0.899484E-14   0.430338E-17   0.165272E-20   0.338169E-24   0.342618E-26   0.510426E-26   0.396395E-30   0.123917E-25   0.194707E-25
   0.266667E+01   0.104920E-31   0.188678E-31   0.118190E-36   0.571923E-31   0.477862E-36   0.163432E-30   0.192461E-35   0.448474E-30   0.773419E-35   0.119650E-29   0.310541E-34   0.621654E-34   0.124427E-33   0.248999E-33   0.497757E-33   0.214779E-11   0.194782E-11   0.885194E-12   0.435237E-15   0.165930E-18   0.340272E-22   0.346406E-24   0.514547E-24   0.374345E-28   0.124578E-23   0.195631E-23
   0.266667E+01   0.137241E-37   0.265016E-37   0.327078E-35   0.963434E-37   0.130830E-34   0.347479E-36   0.523325E-34   0.126659E-35   0.209329E-33   0.469126E-35   0.837361E-33   0.167471E-32   0.334938E-32   0.669887E-32   0.133970E-31   0.221216E-17   0.205670E-17   0.952758E-18   0.456561E-21   0.175426E-24   0.358838E-28   0.362597E-30   0.540175E-30   0.171882E-30   0.131164E-29   0.206113E-29
   0.266667E+01   0.126755E-35   0.231654E-35   0.327078E-35   0.719313E-35   0.130831E-34   0.209124E-34   0.523324E-34   0.582002E-34   0.209329E-33   0.157447E-33   0.210197E-34   0.420304E-34   0.840909E-34   0.168170E-33   0.335569E-33   0.451314E-15   0.419717E-15   0.194479E-15   0.932038E-19   0.358193E-22   0.732840E-26   0.740454E-28   0.110306E-27   0.176627E-30   0.267803E-27   0.420795E-27
   0.266667E+01   0.235767E-33   0.433938E-33   0.827489E-37   0.135959E-32   0.331231E-36   0.396717E-32   0.132492E-35   0.110311E-31   0.530308E-35   0.296775E-31   0.212544E-34   0.425029E-34   0.850118E-34   0.170036E-33   0.339445E-33   0.863748E-13   0.802544E-13   0.371474E-13   0.177603E-16   0.681443E-20   0.139424E-23   0.141713E-25   0.211157E-25   0.111153E-29   0.512608E-25   0.805448E-25
   0.266667E+01   0.326253E-31   0.599141E-31   0.191952E-36   0.185169E-30   0.799595E-36   0.530371E-30   0.328301E-35   0.144900E-29   0.133536E-34   0.384297E-29   0.536537E-34   0.107732E-33   0.216071E-33   0.433202E-33   0.867415E-33   0.392478E-11   0.353117E-11   0.159614E-11   0.792011E-15   0.301478E-18   0.618703E-22   0.633578E-24   0.935273E-24   0.136079E-27   0.226253E-23   0.355240E-23
   0.266667E+01   0.139895E-30   0.226448E-30   0.178556E-34   0.583058E-30   0.772210E-34   0.148316E-29   0.324465E-33   0.375214E-29   0.133875E-32   0.946832E-29   0.539935E-32   0.108731E-31   0.218652E-31   0.439201E-31   0.881425E-31   0.598903E-11   0.538191E-11   0.242913E-11   0.120792E-14   0.459709E-18   0.943488E-22   0.975424E-24   0.142189E-23   0.535391E-26   0.343807E-23   0.539747E-23
   0.266667E+01   0.512535E-31   0.829559E-31   0.124305E-32   0.214136E-30   0.521531E-32   0.548134E-30   0.215025E-31   0.140220E-29   0.876741E-31   0.360314E-29   0.350847E-30   0.704686E-30   0.141407E-29   0.283461E-29   0.567088E-29   0.174549E-11   0.154176E-11   0.687446E-12   0.348527E-15   0.132044E-18   0.271612E-22   0.281521E-24   0.409653E-24   0.219663E-26   0.988784E-24   0.155177E-23
   0.266667E+01   0.268119E-37   0.504897E-37   0.327094E-35   0.170926E-36   0.130838E-34   0.564463E-36   0.523349E-34   0.186792E-35   0.209339E-33   0.631334E-35   0.837354E-33   0.167472E-32   0.334941E-32   0.669890E-32   0.133978E-31   0.695293E-17   0.646606E-17   0.299606E-17   0.143584E-20   0.551803E-24   0.112893E-27   0.114072E-29   0.169938E-29   0.171907E-30   0.412590E-29   0.648353E-29
   0.266667E+01   0.372424E-35   0.685038E-35   0.821906E-37   0.214446E-34   0.328645E-36   0.625397E-34   0.131505E-35   0.173843E-33   0.525756E-35   0.467630E-33   0.210393E-34   0.420635E-34   0.841330E-34   0.168266E-33   0.336508E-33   0.137636E-14   0.128034E-14   0.593380E-15   0.284408E-18   0.109316E-21   0.223700E-25   0.226050E-27   0.336767E-27   0.186907E-30   0.817672E-27   0.128483E-26
   0.266667E+01   0.923289E-33   0.171148E-32   0.980421E-37   0.541689E-32   0.399433E-36   0.159071E-31   0.161804E-35   0.444089E-31   0.652446E-35   0.119778E-30   0.261896E-34   0.524665E-34   0.105090E-33   0.210420E-33   0.421129E-33   0.334824E-12   0.310285E-12   0.143231E-12   0.686859E-16   0.263192E-19   0.538560E-23   0.548527E-25   0.817533E-25   0.406703E-29   0.198405E-24   0.311733E-24
   0.266667E+01   0.837906E-31   0.144466E-30   0.219295E-35   0.403976E-30   0.983284E-35   0.107896E-29   0.422891E-34   0.281208E-29   0.177104E-33   0.722879E-29   0.720895E-33   0.145656E-32   0.293674E-32   0.590946E-32   0.118617E-31   0.525748E-11   0.472435E-11   0.213267E-11   0.106031E-14   0.403518E-18   0.828186E-22   0.852324E-24   0.124968E-23   0.528387E-27   0.302208E-23   0.474457E-23
   0.266667E+01   0.151694E-30   0.245282E-30   0.376097E-33   0.630891E-30   0.170889E-32   0.160480E-29   0.740974E-32   0.406353E-29   0.311887E-31   0.102744E-28   0.127301E-30   0.257499E-30   0.519623E-30   0.104633E-29   0.210127E-29   0.642836E-11   0.577566E-11   0.260643E-11   0.129639E-14   0.493352E-18   0.101256E-21   0.104701E-23   0.152596E-23   0.632161E-26   0.368963E-23   0.579236E-23
   0.266667E+01   0.600623E-31   0.100741E-30   0.278903E-31   0.286270E-30   0.122996E-30   0.818797E-30   0.461176E-30   0.230229E-29   0.150533E-29   0.629352E-29   0.444974E-29   0.747987E-29   0.124215E-28   0.204298E-28   0.333426E-28   0.187858E-11   0.165966E-11   0.738967E-12   0.375101E-15   0.142083E-18   0.292283E-22   0.302949E-24   0.440837E-24   0.236438E-26   0.106406E-23   0.166991E-23
   0.266667E+01   0.102827E-30   0.166239E-30   0.136923E-30   0.427369E-30   0.344992E-30   0.108616E-29   0.869026E-30   0.274635E-29   0.218875E-29   0.692786E-29   0.551193E-29   0.874646E-29   0.138784E-28   0.220202E-28   0.349358E-28   0.176566E-11   0.155588E-11   0.693774E-12   0.352140E-15   0.133377E-18   0.274401E-22   0.284408E-24   0.413863E-24   0.222448E-26   0.998947E-24   0.156773E-23
   0.266667E+01   0.405652E-39   0.772628E-39   0.821200E-37   0.288901E-38   0.328527E-36   0.106370E-37   0.131411E-35   0.389774E-37   0.525568E-35   0.144185E-36   0.210197E-34   0.420244E-34   0.840608E-34   0.168122E-33   0.336171E-33   0.578208E-19   0.538213E-19   0.248720E-19   0.124238E-22   0.478978E-26   0.940230E-30   0.955418E-32   0.142774E-31   0.171870E-30   0.343990E-31   0.541883E-31
   0.266667E+01   0.140728E-34   0.260682E-34   0.108757E-36   0.824235E-34   0.409848E-36   0.241884E-33   0.155711E-35   0.675002E-33   0.595684E-35   0.182012E-32   0.229788E-34   0.452894E-34   0.894233E-34   0.176993E-33   0.350904E-33   0.536025E-14   0.498728E-14   0.231165E-14   0.110743E-17   0.425634E-21   0.871239E-25   0.881210E-27   0.131291E-26   0.233042E-30   0.318796E-26   0.500946E-26
   0.266667E+01   0.250637E-32   0.467878E-32   0.488663E-35   0.149574E-31   0.151466E-34   0.442002E-31   0.458687E-34   0.123885E-30   0.134286E-33   0.334968E-30   0.381763E-33   0.640679E-33   0.107410E-32   0.180238E-32   0.303336E-32   0.823922E-12   0.758209E-12   0.347972E-12   0.168345E-15   0.643969E-19   0.131850E-22   0.134397E-24   0.200238E-24   0.114677E-28   0.485591E-24   0.762844E-24
   0.266667E+01   0.896694E-31   0.148041E-30   0.640410E-33   0.390847E-30   0.199260E-32   0.100877E-29   0.602461E-32   0.257474E-29   0.175087E-31   0.653324E-29   0.490625E-31   0.814855E-31   0.134844E-30   0.222719E-30   0.367743E-30   0.459991E-11   0.414588E-11   0.187867E-11   0.929557E-15   0.354178E-18   0.726511E-22   0.749433E-24   0.109507E-23   0.144984E-26   0.264935E-23   0.415973E-23
   0.266667E+01   0.201118E-30   0.333356E-30   0.147837E-30   0.898723E-30   0.439102E-30   0.238374E-29   0.125354E-29   0.623442E-29   0.344559E-29   0.161193E-28   0.920718E-29   0.149618E-28   0.242468E-28   0.392273E-28   0.634075E-28   0.664961E-11   0.596331E-11   0.269266E-11   0.133983E-14   0.509833E-18   0.104648E-21   0.108209E-23   0.157702E-23   0.665726E-26   0.381320E-23   0.598641E-23
   0.266667E+01   0.117628E-30   0.190191E-30   0.156413E-30   0.489077E-30   0.394303E-30   0.124328E-29   0.993632E-30   0.314414E-29   0.250324E-29   0.793213E-29   0.630491E-29   0.100054E-28   0.158766E-28   0.251915E-28   0.399681E-28   0.202432E-11   0.178456E-11   0.795867E-12   0.403816E-15   0.152962E-18   0.314679E-22   0.326157E-24   0.474612E-24   0.254677E-26   0.114558E-23   0.179785E-23
   0.266667E+01   0.112577E-30   0.181946E-30   0.149894E-30   0.467604E-30   0.377525E-30   0.118827E-29   0.950813E-30   0.300435E-29   0.239453E-29   0.757842E-29   0.602984E-29   0.956808E-29   0.151818E-28   0.240876E-28   0.382146E-28   0.193391E-11   0.170498E-11   0.760315E-12   0.385793E-15   0.146134E-18   0.300634E-22   0.311600E-24   0.453428E-24   0.243147E-26   0.109446E-23   0.171762E-23
   0.266667E+01   0.483448E-39   0.939607E-39   0.821200E-37   0.339748E-38   0.328386E-36   0.119900E-37   0.131383E-35   0.434748E-37   0.525493E-35   0.156200E-36   0.210152E-34   0.420394E-34   0.840668E-34   0.168134E-33   0.336364E-33   0.916991E-19   0.854019E-19   0.396084E-19   0.197515E-22   0.729034E-26   0.149317E-29   0.150338E-31   0.226026E-31   0.171808E-30   0.545639E-31   0.853089E-31
   0.266667E+01   0.621967E-37   0.116058E-36   0.825726E-37   0.370984E-36   0.329726E-36   0.109771E-35   0.131721E-35   0.308408E-35   0.526697E-35   0.837848E-35   0.210393E-34   0.420786E-34   0.841270E-34   0.168242E-33   0.336388E-33   0.242406E-16   0.225515E-16   0.104510E-16   0.499758E-20   0.191980E-23   0.392941E-27   0.398798E-29   0.594289E-29   0.172129E-30   0.144305E-28   0.226768E-28
   0.266667E+01   0.107357E-34   0.201814E-34   0.159597E-36   0.651581E-34   0.557701E-36   0.193720E-33   0.196797E-35   0.544929E-33   0.705974E-35   0.147651E-32   0.258752E-34   0.499478E-34   0.969405E-34   0.188982E-33   0.370091E-33   0.247402E-14   0.224178E-14   0.101841E-14   0.501153E-18   0.191043E-21   0.391793E-25   0.400253E-27   0.594378E-27   0.223588E-30   0.143915E-26   0.226021E-26
   0.266667E+01   0.102349E-30   0.166944E-30   0.882341E-32   0.434807E-30   0.263444E-31   0.111546E-29   0.755930E-31   0.283990E-29   0.209417E-30   0.719963E-29   0.564368E-30   0.920633E-30   0.149730E-29   0.243053E-29   0.394165E-29   0.479518E-11   0.433447E-11   0.196550E-11   0.970523E-15   0.369967E-18   0.758695E-22   0.783471E-24   0.114321E-23   0.316464E-26   0.276601E-23   0.434294E-23
   0.266667E+01   0.219737E-30   0.357443E-30   0.282277E-30   0.926941E-30   0.721682E-30   0.236932E-29   0.183536E-29   0.601324E-29   0.465126E-29   0.152057E-28   0.117601E-28   0.186896E-28   0.296940E-28   0.471677E-28   0.749105E-28   0.533025E-11   0.481329E-11   0.218110E-11   0.107818E-14   0.410900E-18   0.842747E-22   0.870856E-24   0.126974E-23   0.500515E-26   0.307179E-23   0.482294E-23
   0.266667E+01   0.112168E-31   0.181297E-31   0.149391E-31   0.466010E-31   0.376396E-31   0.118448E-30   0.948473E-31   0.299573E-30   0.239056E-30   0.756049E-30   0.602740E-30   0.957259E-30   0.152057E-29   0.241589E-29   0.383947E-29   0.187859E-12   0.165600E-12   0.737764E-13   0.374680E-16   0.141890E-19   0.291933E-23   0.302599E-25   0.440419E-25   0.258762E-27   0.106302E-24   0.166838E-24
   0.266667E+01   0.115818E-30   0.187184E-30   0.154208E-30   0.481063E-30   0.388389E-30   0.122247E-29   0.978171E-30   0.309081E-29   0.246342E-29   0.779649E-29   0.620329E-29   0.984327E-29   0.156183E-28   0.247801E-28   0.393132E-28   0.199319E-11   0.176017E-11   0.785114E-12   0.397956E-15   0.150777E-18   0.310143E-22   0.321463E-24   0.467777E-24   0.250094E-26   0.112911E-23   0.177201E-23
   0.266667E+01   0.659348E-33   0.122906E-32   0.821717E-35   0.392095E-32   0.235601E-34   0.115712E-31   0.655941E-34   0.324040E-31   0.178540E-33   0.875671E-31   0.478917E-33   0.782933E-33   0.128013E-32   0.209627E-32   0.344195E-32   0.257538E-12   0.239696E-12   0.111133E-12   0.532780E-16   0.204840E-19   0.419334E-23   0.423824E-25   0.631479E-25   0.333122E-29   0.153347E-24   0.240970E-24
   0.266667E+01   0.302551E-32   0.568350E-32   0.379312E-34   0.183324E-31   0.109367E-33   0.544785E-31   0.304685E-33   0.153231E-30   0.825920E-33   0.415231E-30   0.219436E-32   0.356119E-32   0.576876E-32   0.933624E-32   0.151091E-31   0.120656E-11   0.112195E-11   0.519637E-12   0.248289E-15   0.953082E-19   0.194980E-22   0.198549E-24   0.295898E-24   0.152180E-28   0.718488E-24   0.112903E-23
   0.266667E+01   0.258778E-30   0.481942E-30   0.335247E-32   0.151086E-29   0.974316E-32   0.434712E-29   0.272582E-31   0.118850E-28   0.739959E-31   0.315041E-28   0.196395E-30   0.318259E-30   0.514428E-30   0.830082E-30   0.133808E-29   0.384896E-10   0.354414E-10   0.162971E-10   0.787485E-14   0.301650E-17   0.617135E-21   0.628811E-23   0.932975E-23   0.135741E-26   0.226261E-22   0.355433E-22
   0.266667E+01   0.453113E-27   0.745521E-27   0.212419E-27   0.197439E-26   0.618232E-27   0.513736E-26   0.172472E-26   0.132228E-25   0.466161E-26   0.337877E-25   0.123186E-25   0.199201E-25   0.321319E-25   0.517409E-25   0.832278E-25   0.264366E-07   0.245782E-07   0.113847E-07   0.543976E-11   0.208910E-14   0.426861E-18   0.430743E-20   0.642244E-20   0.154308E-22   0.155872E-19   0.244883E-19
   0.266667E+01   0.221394E-28   0.357327E-28   0.293029E-28   0.916469E-28   0.737680E-28   0.232577E-27   0.185712E-27   0.587504E-27   0.467535E-27   0.148106E-26   0.117695E-26   0.186726E-26   0.296228E-26   0.469905E-26   0.745327E-26   0.482867E-09   0.434827E-09   0.196662E-09   0.975135E-13   0.371358E-16   0.761922E-20   0.787505E-22   0.114796E-21   0.472211E-24   0.277634E-21   0.435878E-21
   0.266667E+01   0.436242E-30   0.704044E-30   0.577536E-30   0.180557E-29   0.145381E-29   0.458186E-29   0.365987E-29   0.115737E-28   0.921376E-29   0.291764E-28   0.231947E-28   0.367996E-28   0.583814E-28   0.926135E-28   0.146903E-27   0.796647E-11   0.708286E-11   0.317503E-11   0.159681E-14   0.606070E-18   0.124557E-21   0.128915E-23   0.187781E-23   0.930594E-26   0.453566E-23   0.711910E-23
   0.266667E+01   0.429970E-28   0.693894E-28   0.568949E-28   0.177944E-27   0.143212E-27   0.451538E-27   0.360512E-27   0.114055E-26   0.907557E-27   0.287514E-26   0.228457E-26   0.362450E-26   0.574995E-26   0.912106E-26   0.144670E-25   0.978396E-09   0.883521E-09   0.400363E-09   0.197908E-12   0.754240E-16   0.154692E-19   0.159835E-21   0.233037E-21   0.916972E-24   0.563758E-21   0.885134E-21
   0.266667E+01   0.000000E+00   0.000000E+00   0.000000E+00   0.000000E+00   0.000000E+00   0.000000E+00   0.000000E+00   0.000000E+00   0.000000E+00   0.000000E+00   0.000000E+00   0.000000E+00   0.000000E+00   0.000000E+00   0.000000E+00   0.000000E+00   0.000000E+00   0.000000E+00   0.000000E+00   0.000000E+00   0.000000E+00   0.000000E+00   0.000000E+00   0.000000E+00   0.000000E+00   0.000000E+00
   0.266667E+01   0.222896E-26   0.452276E-26   0.926292E-26   0.183588E-25   0.370199E-25   0.738313E-25   0.147985E-24   0.295809E-24   0.591670E-24   0.118352E-23   0.236594E-23   0.473134E-23   0.946180E-23   0.189222E-22   0.378420E-22   0.138095E-07   0.141990E-07   0.727774E-08   0.302431E-11   0.119764E-14   0.241284E-18   0.548613E-20   0.106157E-19   0.193714E-19   0.402771E-19   0.798860E-19
   0.283333E+01   0.206796E-25   0.421312E-25   0.875000E-25   0.172039E-24   0.350000E-24   0.694556E-24   0.140000E-23   0.278979E-23   0.560000E-23   0.111799E-22   0.224000E-22   0.448000E-22   0.896000E-22   0.179200E-21   0.358400E-21   0.104344E-06   0.112157E-06   0.627516E-07   0.287244E-10   0.108116E-13   0.345168E-17   0.501180E-19   0.952756E-19   0.183496E-18   0.367844E-18   0.735260E-18
   0.283333E+01   0.769266E-38   0.155683E-37   0.327075E-35   0.627279E-37   0.130831E-34   0.250913E-36   0.523327E-34   0.999396E-36   0.209327E-33   0.398239E-35   0.837321E-33   0.167464E-32   0.334927E-32   0.669849E-32   0.133970E-31   0.114537E-18   0.107230E-18   0.535097E-19   0.302486E-22   0.104938E-25   0.340711E-29   0.210293E-31   0.286142E-31   0.171820E-30   0.687815E-31   0.108836E-30
   0.283333E+01   0.972404E-37   0.175673E-36   0.327077E-35   0.543631E-36   0.130832E-34   0.161410E-35   0.523323E-34   0.471278E-35   0.209330E-33   0.138358E-34   0.837357E-33   0.167473E-32   0.334940E-32   0.669880E-32   0.133971E-31   0.276226E-16   0.259334E-16   0.128942E-16   0.700958E-20   0.253784E-23   0.821763E-27   0.505669E-29   0.686702E-29   0.172104E-30   0.166232E-28   0.261121E-28
   0.283333E+01   0.915535E-38   0.182057E-37   0.327080E-35   0.708167E-37   0.130831E-34   0.274099E-36   0.523323E-34   0.106254E-35   0.209330E-33   0.414985E-35   0.837354E-33   0.167472E-32   0.334942E-32   0.669886E-32   0.133970E-31   0.586217E-18   0.550558E-18   0.273801E-18   0.148851E-21   0.539058E-25   0.174574E-28   0.107490E-30   0.146045E-30   0.171820E-30   0.353794E-30   0.556184E-30
   0.283333E+01   0.390966E-36   0.711496E-36   0.327078E-35   0.219945E-35   0.130831E-34   0.639218E-35   0.523322E-34   0.178773E-34   0.209329E-33   0.489969E-34   0.837357E-33   0.167470E-32   0.334945E-32   0.669878E-32   0.133971E-31   0.126683E-15   0.119003E-15   0.591948E-16   0.321875E-19   0.116567E-22   0.377616E-26   0.232419E-28   0.315664E-28   0.173275E-30   0.764248E-28   0.120058E-27
   0.283333E+01   0.748388E-34   0.136942E-33   0.821847E-37   0.425092E-33   0.328809E-36   0.123034E-32   0.131533E-35   0.339609E-32   0.526057E-35   0.908298E-32   0.210889E-34   0.421598E-34   0.843497E-34   0.168736E-33   0.336749E-33   0.255583E-13   0.240077E-13   0.119401E-13   0.648207E-17   0.234657E-20   0.760662E-24   0.469212E-26   0.637416E-26   0.459933E-30   0.154327E-25   0.242442E-25
   0.283333E+01   0.132782E-31   0.239118E-31   0.122057E-36   0.725537E-31   0.493849E-36   0.206976E-30   0.199044E-35   0.566064E-30   0.799976E-35   0.150507E-29   0.321314E-34   0.643231E-34   0.128742E-33   0.257653E-33   0.514945E-33   0.256462E-11   0.235128E-11   0.114692E-11   0.639960E-15   0.229958E-18   0.746024E-22   0.461005E-24   0.626834E-24   0.473124E-28   0.151295E-23   0.237522E-23
   0.283333E+01   0.155228E-37   0.297944E-37   0.327076E-35   0.106432E-36   0.130832E-34   0.376175E-36   0.523324E-34   0.134399E-35   0.209327E-33   0.490758E-35   0.837361E-33   0.167469E-32   0.334943E-32   0.669886E-32   0.133971E-31   0.270191E-17   0.253810E-17   0.126253E-17   0.686480E-21   0.248610E-24   0.805341E-28   0.495734E-30   0.673341E-30   0.171808E-30   0.163059E-29   0.256191E-29
   0.283333E+01   0.162247E-35   0.296889E-35   0.327078E-35   0.922412E-35   0.130830E-34   0.267547E-34   0.523322E-34   0.741372E-34   0.209329E-33   0.199563E-33   0.210242E-34   0.420274E-34   0.840548E-34   0.168110E-33   0.335593E-33   0.551623E-15   0.518320E-15   0.257877E-15   0.140238E-18   0.507939E-22   0.164579E-25   0.101308E-27   0.137601E-27   0.178057E-30   0.333168E-27   0.523398E-27
   0.283333E+01   0.302124E-33   0.556850E-33   0.828312E-37   0.174648E-32   0.331560E-36   0.508781E-32   0.132643E-35   0.141014E-31   0.530947E-35   0.378124E-31   0.212740E-34   0.425691E-34   0.851141E-34   0.170228E-33   0.339806E-33   0.105496E-12   0.990427E-13   0.492222E-13   0.267058E-16   0.965911E-20   0.312990E-23   0.193665E-25   0.263209E-25   0.137567E-29   0.637228E-25   0.100106E-24
   0.283333E+01   0.405902E-31   0.742866E-31   0.202867E-36   0.227717E-30   0.846285E-36   0.646675E-30   0.347786E-35   0.175338E-29   0.141541E-34   0.462313E-29   0.568887E-34   0.114226E-33   0.229132E-33   0.459358E-33   0.919968E-33   0.461570E-11   0.419245E-11   0.203461E-11   0.114617E-14   0.411134E-18   0.133472E-21   0.828794E-24   0.112118E-23   0.170817E-27   0.270363E-23   0.424375E-23
   0.283333E+01   0.153845E-30   0.248978E-30   0.195910E-34   0.640857E-30   0.847289E-34   0.162978E-29   0.356018E-33   0.412234E-29   0.146896E-32   0.104012E-28   0.592454E-32   0.119308E-31   0.239921E-31   0.481924E-31   0.967164E-31   0.695593E-11   0.630340E-11   0.305493E-11   0.172538E-14   0.618694E-18   0.200883E-21   0.125730E-23   0.168240E-23   0.597429E-26   0.405493E-23   0.636403E-23
   0.283333E+01   0.585354E-31   0.947428E-31   0.142765E-32   0.244556E-30   0.599253E-32   0.625986E-30   0.247144E-31   0.160139E-29   0.100790E-30   0.411537E-29   0.403386E-30   0.810248E-30   0.162595E-29   0.325936E-29   0.652027E-29   0.211502E-11   0.188360E-11   0.901921E-12   0.519324E-15   0.185370E-18   0.602857E-22   0.377518E-24   0.505444E-24   0.250771E-26   0.121580E-23   0.190741E-23
   0.283333E+01   0.319152E-37   0.598658E-37   0.327094E-35   0.200139E-36   0.130838E-34   0.648026E-36   0.523345E-34   0.209599E-35   0.209340E-33   0.691642E-35   0.837357E-33   0.167471E-32   0.334943E-32   0.669884E-32   0.133976E-31   0.836295E-17   0.785790E-17   0.390946E-17   0.212601E-20   0.770032E-24   0.249495E-27   0.153584E-29   0.208607E-29   0.171931E-30   0.505118E-29   0.793578E-29
   0.283333E+01   0.470324E-35   0.866329E-35   0.822023E-37   0.271474E-34   0.328974E-36   0.790425E-34   0.131514E-35   0.219005E-33   0.525982E-35   0.587158E-33   0.210438E-34   0.420906E-34   0.841451E-34   0.168326E-33   0.336677E-33   0.165772E-14   0.155805E-14   0.775329E-15   0.421682E-18   0.152750E-21   0.495036E-25   0.304760E-27   0.413964E-27   0.190950E-30   0.100239E-26   0.157478E-26
   0.283333E+01   0.118021E-32   0.219079E-32   0.102121E-36   0.694102E-32   0.417747E-36   0.203498E-31   0.169723E-35   0.566288E-31   0.685661E-35   0.152232E-30   0.275212E-34   0.551809E-34   0.110572E-33   0.221386E-33   0.443181E-33   0.407447E-12   0.381577E-12   0.189098E-12   0.102912E-15   0.371735E-19   0.120417E-22   0.746198E-25   0.101528E-24   0.514758E-29   0.245706E-24   0.385970E-24
   0.283333E+01   0.975461E-31   0.167162E-30   0.268257E-35   0.463344E-30   0.120516E-34   0.123002E-29   0.518938E-34   0.319205E-29   0.217490E-33   0.818155E-29   0.885654E-33   0.178977E-32   0.360895E-32   0.726274E-32   0.145777E-31   0.612810E-11   0.555497E-11   0.269267E-11   0.152023E-14   0.545141E-18   0.176999E-21   0.110366E-23   0.148417E-23   0.661495E-27   0.357766E-23   0.561519E-23
   0.283333E+01   0.166732E-30   0.269590E-30   0.464586E-33   0.693369E-30   0.211351E-32   0.176372E-29   0.917120E-32   0.446638E-29   0.386217E-31   0.112957E-28   0.157694E-30   0.319011E-30   0.643802E-30   0.129644E-29   0.260344E-29   0.746933E-11   0.676730E-11   0.327922E-11   0.185250E-14   0.664243E-18   0.215677E-21   0.135005E-23   0.180628E-23   0.697731E-26   0.435337E-23   0.683239E-23
   0.283333E+01   0.694493E-31   0.117056E-30   0.363559E-31   0.335801E-30   0.156972E-30   0.962765E-30   0.570687E-30   0.269503E-29   0.181395E-29   0.731955E-29   0.526325E-29   0.878506E-29   0.145058E-28   0.237485E-28   0.386163E-28   0.227639E-11   0.202764E-11   0.969836E-12   0.558945E-15   0.199480E-18   0.648774E-22   0.406279E-24   0.543953E-24   0.269959E-26   0.130843E-23   0.205275E-23
   0.283333E+01   0.117504E-30   0.189959E-30   0.156431E-30   0.488309E-30   0.394105E-30   0.124096E-29   0.992690E-30   0.313760E-29   0.250013E-29   0.791452E-29   0.629591E-29   0.999035E-29   0.158519E-28   0.251508E-28   0.399014E-28   0.213977E-11   0.190198E-11   0.910807E-12   0.524903E-15   0.187321E-18   0.609264E-22   0.381532E-24   0.510832E-24   0.254062E-26   0.122875E-23   0.192774E-23
   0.283333E+01   0.444502E-39   0.860319E-39   0.821435E-37   0.315479E-38   0.328457E-36   0.111970E-37   0.131383E-35   0.408517E-37   0.525455E-35   0.154699E-36   0.210122E-34   0.420364E-34   0.840668E-34   0.168134E-33   0.336364E-33   0.703093E-19   0.658568E-19   0.328160E-19   0.185865E-22   0.676730E-26   0.210072E-29   0.129428E-31   0.176870E-31   0.171870E-30   0.427567E-31   0.670405E-31
   0.283333E+01   0.176966E-34   0.328266E-34   0.116392E-36   0.103898E-33   0.433734E-36   0.304411E-33   0.162848E-35   0.846757E-33   0.615696E-35   0.227571E-32   0.235144E-34   0.461591E-34   0.908497E-34   0.179352E-33   0.354636E-33   0.642847E-14   0.604310E-14   0.300755E-14   0.163485E-17   0.592202E-21   0.192020E-24   0.118292E-26   0.160695E-26   0.248770E-30   0.389141E-26   0.611362E-26
   0.283333E+01   0.314405E-32   0.587734E-32   0.624857E-35   0.188081E-31   0.194714E-34   0.554897E-31   0.587580E-34   0.155027E-30   0.170567E-33   0.417791E-30   0.480345E-33   0.802264E-33   0.133849E-32   0.223514E-32   0.374283E-32   0.981135E-12   0.912824E-12   0.449697E-12   0.246875E-15   0.890208E-19   0.288460E-22   0.178680E-24   0.243336E-24   0.143251E-28   0.588389E-24   0.924118E-24
   0.283333E+01   0.986335E-31   0.162461E-30   0.807982E-33   0.427587E-30   0.253038E-32   0.110142E-29   0.763537E-32   0.280747E-29   0.220504E-31   0.711747E-29   0.614050E-31   0.101712E-30   0.167939E-30   0.276878E-30   0.456515E-30   0.527393E-11   0.479707E-11   0.233460E-11   0.131127E-14   0.470814E-18   0.152802E-21   0.955081E-24   0.127979E-23   0.174214E-26   0.308664E-23   0.484500E-23
   0.283333E+01   0.227273E-30   0.377392E-30   0.182720E-30   0.101977E-29   0.537412E-30   0.270319E-29   0.151327E-29   0.705248E-29   0.410731E-29   0.181861E-28   0.108729E-28   0.176021E-28   0.284332E-28   0.458689E-28   0.739515E-28   0.771729E-11   0.698158E-11   0.338512E-11   0.191270E-14   0.685788E-18   0.222683E-21   0.139400E-23   0.186491E-23   0.731626E-26   0.449486E-23   0.705451E-23
   0.283333E+01   0.134440E-30   0.217366E-30   0.178772E-30   0.558901E-30   0.450596E-30   0.142064E-29   0.113535E-29   0.359237E-29   0.286003E-29   0.906239E-29   0.720312E-29   0.114304E-28   0.181374E-28   0.287778E-28   0.456564E-28   0.245307E-11   0.218120E-11   0.104464E-11   0.601864E-15   0.214799E-18   0.698619E-22   0.437489E-24   0.585747E-24   0.290887E-26   0.140896E-23   0.221046E-23
   0.283333E+01   0.128558E-30   0.207780E-30   0.171135E-30   0.533993E-30   0.431023E-30   0.135693E-29   0.108554E-29   0.343065E-29   0.273381E-29   0.865351E-29   0.688407E-29   0.109234E-28   0.173320E-28   0.274987E-28   0.436253E-28   0.234293E-11   0.208342E-11   0.997763E-12   0.574862E-15   0.205163E-18   0.667278E-22   0.417867E-24   0.559469E-24   0.277598E-26   0.134576E-23   0.211131E-23
   0.283333E+01   0.550071E-39   0.106691E-38   0.820848E-37   0.380193E-38   0.328363E-36   0.132031E-37   0.131336E-35   0.468483E-37   0.525305E-35   0.169719E-36   0.210212E-34   0.420394E-34   0.840969E-34   0.168086E-33   0.336243E-33   0.111359E-18   0.104711E-18   0.521461E-19   0.294803E-22   0.102678E-25   0.332906E-29   0.204801E-31   0.280105E-31   0.171820E-30   0.678176E-31   0.106366E-30
   0.283333E+01   0.800687E-37   0.149588E-36   0.827313E-37   0.478662E-36   0.330102E-36   0.141334E-35   0.131919E-35   0.395606E-35   0.526847E-35   0.106983E-34   0.210498E-34   0.420756E-34   0.841571E-34   0.168182E-33   0.336412E-33   0.297844E-16   0.279964E-16   0.139306E-16   0.755898E-20   0.273707E-23   0.887700E-27   0.548385E-29   0.745209E-29   0.172202E-30   0.180458E-28   0.283524E-28
   0.283333E+01   0.135594E-34   0.255245E-34   0.182419E-36   0.824821E-34   0.625763E-36   0.244755E-33   0.215990E-35   0.685995E-33   0.757883E-35   0.185189E-32   0.272399E-34   0.521716E-34   0.100467E-33   0.194784E-33   0.379456E-33   0.294273E-14   0.269510E-14   0.131409E-14   0.733945E-18   0.263693E-21   0.855539E-25   0.530328E-27   0.721123E-27   0.237220E-30   0.174058E-26   0.273285E-26
   0.283333E+01   0.111163E-30   0.181292E-30   0.111228E-31   0.472217E-30   0.332508E-31   0.121168E-29   0.951242E-31   0.308519E-29   0.262273E-30   0.782173E-29   0.703770E-30   0.114591E-29   0.186072E-29   0.301633E-29   0.488592E-29   0.548117E-11   0.499872E-11   0.243436E-11   0.136472E-14   0.490234E-18   0.159075E-21   0.995235E-24   0.133185E-23   0.354806E-26   0.321249E-23   0.504263E-23
   0.283333E+01   0.239226E-30   0.388857E-30   0.308975E-30   0.100727E-29   0.788302E-30   0.257238E-29   0.200160E-29   0.652414E-29   0.506670E-29   0.164896E-28   0.128004E-28   0.203366E-28   0.323023E-28   0.512988E-28   0.814542E-28   0.610818E-11   0.556432E-11   0.270775E-11   0.151984E-14   0.545797E-18   0.177123E-21   0.110866E-23   0.148286E-23   0.541212E-26   0.357624E-23   0.561343E-23
   0.283333E+01   0.129072E-31   0.208624E-31   0.171864E-31   0.536236E-31   0.432996E-31   0.136289E-30   0.109101E-30   0.344669E-30   0.274950E-30   0.869774E-30   0.693114E-30   0.110065E-29   0.174806E-29   0.277677E-29   0.441189E-29   0.228944E-12   0.203488E-12   0.973411E-13   0.561512E-16   0.200334E-19   0.651635E-23   0.408001E-25   0.546492E-25   0.295177E-27   0.131442E-24   0.206222E-24
   0.283333E+01   0.132154E-30   0.213592E-30   0.175922E-30   0.548928E-30   0.443075E-30   0.139488E-29   0.111589E-29   0.352659E-29   0.281023E-29   0.889547E-29   0.707649E-29   0.112287E-28   0.178164E-28   0.282671E-28   0.448441E-28   0.241367E-11   0.214929E-11   0.102947E-11   0.592636E-15   0.211548E-18   0.687986E-22   0.430842E-24   0.576825E-24   0.285314E-26   0.138754E-23   0.217686E-23
   0.283333E+01   0.791343E-33   0.147717E-32   0.988860E-35   0.471732E-32   0.283651E-34   0.138992E-31   0.787828E-34   0.387990E-31   0.213552E-33   0.104505E-30   0.570093E-33   0.929463E-33   0.151541E-32   0.247369E-32   0.404753E-32   0.294862E-12   0.277275E-12   0.138035E-12   0.750906E-16   0.272076E-19   0.882090E-23   0.543160E-25   0.737875E-25   0.395480E-29   0.178699E-24   0.280755E-24
   0.283333E+01   0.378188E-32   0.711426E-32   0.476006E-34   0.229710E-31   0.137379E-33   0.681540E-31   0.382099E-33   0.191084E-30   0.103267E-32   0.516110E-30   0.273515E-32   0.443216E-32   0.716923E-32   0.115860E-31   0.187222E-31   0.143777E-11   0.135086E-11   0.671751E-12   0.364245E-15   0.131797E-18   0.427086E-22   0.264715E-24   0.359843E-24   0.189352E-28   0.871373E-24   0.136900E-23
   0.283333E+01   0.301443E-30   0.558502E-30   0.397470E-32   0.173195E-29   0.115647E-31   0.493378E-29   0.323099E-31   0.133796E-28   0.874814E-31   0.352542E-28   0.231614E-30   0.374929E-30   0.605471E-30   0.976228E-30   0.157264E-29   0.426155E-10   0.396414E-10   0.195754E-10   0.107335E-13   0.387532E-17   0.125522E-20   0.777697E-23   0.105394E-22   0.159845E-26   0.254879E-22   0.400302E-22
   0.283333E+01   0.475207E-27   0.783165E-27   0.248573E-27   0.207938E-26   0.721063E-27   0.541788E-26   0.200110E-26   0.139500E-25   0.537922E-26   0.356430E-25   0.141519E-25   0.228425E-25   0.367865E-25   0.591523E-25   0.950288E-25   0.287213E-07   0.269857E-07   0.134229E-07   0.727690E-11   0.263433E-14   0.852447E-18   0.524100E-20   0.712298E-20   0.160444E-22   0.172414E-19   0.270819E-19
   0.283333E+01   0.241775E-28   0.390210E-28   0.319924E-28   0.100070E-27   0.805320E-28   0.253929E-27   0.202728E-27   0.641388E-27   0.510348E-27   0.161680E-26   0.128469E-26   0.203816E-26   0.323337E-26   0.512904E-26   0.813524E-26   0.557523E-09   0.506353E-09   0.245899E-09   0.138477E-12   0.496895E-16   0.161299E-19   0.100952E-21   0.135046E-21   0.515997E-24   0.325574E-21   0.510998E-21
   0.283333E+01   0.495645E-30   0.799884E-30   0.655998E-30   0.205114E-29   0.165118E-29   0.520448E-29   0.415644E-29   0.131454E-28   0.104633E-28   0.331364E-28   0.263394E-28   0.417883E-28   0.662950E-28   0.105166E-27   0.166812E-27   0.951925E-11   0.853111E-11   0.410493E-11   0.234596E-14   0.838816E-18   0.272632E-21   0.170619E-23   0.228463E-23   0.105742E-25   0.549949E-23   0.862909E-23
   0.283333E+01   0.464600E-28   0.749753E-28   0.614607E-28   0.192247E-27   0.154691E-27   0.487780E-27   0.389382E-27   0.123199E-26   0.980185E-27   0.310548E-26   0.246732E-26   0.391438E-26   0.620976E-26   0.985038E-26   0.156237E-25   0.112116E-08   0.102134E-08   0.497014E-09   0.278969E-12   0.100182E-15   0.325111E-19   0.203475E-21   0.272141E-21   0.991493E-24   0.656312E-21   0.103017E-20
   0.283333E+01   0.000000E+00   0.000000E+00   0.000000E+00   0.000000E+00   0.000000E+00   0.000000E+00   0.000000E+00   0.000000E+00   0.000000E+00   0.000000E+00   0.000000E+00   0.000000E+00   0.000000E+00   0.000000E+00   0.000000E+00   0.000000E+00   0.000000E+00   0.000000E+00   0.000000E+00   0.000000E+00   0.000000E+00   0.000000E+00   0.000000E+00   0.000000E+00   0.000000E+00   0.000000E+00
   0.283333E+01   0.223118E-26   0.452667E-26   0.926676E-26   0.183701E-25   0.370306E-25   0.738620E-25   0.148013E-24   0.295889E-24   0.591744E-24   0.118372E-23   0.236613E-23   0.473164E-23   0.946227E-23   0.189229E-22   0.378432E-22   0.136995E-07   0.143574E-07   0.787495E-08   0.371167E-11   0.138715E-14   0.443936E-18   0.578022E-20   0.107223E-19   0.193715E-19   0.404390E-19   0.801419E-19
   0.300000E+01   0.206606E-25   0.421066E-25   0.875000E-25   0.171998E-24   0.350000E-24   0.694494E-24   0.140000E-23   0.278970E-23   0.560000E-23   0.111798E-22   0.224000E-22   0.448000E-22   0.896000E-22   0.179200E-21   0.358400E-21   0.531016E-18   0.212296E-06   0.669548E-07   0.313588E-10   0.959685E-14   0.280335E-17   0.537905E-19   0.956655E-19   0.183496E-18   0.367872E-18   0.735324E-18
   0.300000E+01   0.778276E-38   0.157204E-37   0.327075E-35   0.632678E-37   0.130831E-34   0.252243E-36   0.523327E-34   0.100255E-35   0.209327E-33   0.399513E-35   0.837321E-33   0.167464E-32   0.334927E-32   0.669849E-32   0.133970E-31   0.601738E-30   0.268845E-18   0.700598E-19   0.406261E-22   0.114970E-25   0.337747E-29   0.301315E-31   0.350610E-31   0.171832E-30   0.850784E-31   0.133358E-30
   0.300000E+01   0.120448E-36   0.217353E-36   0.327077E-35   0.668673E-36   0.130832E-34   0.196336E-35   0.523323E-34   0.564900E-35   0.209330E-33   0.162779E-34   0.837357E-33   0.167473E-32   0.334940E-32   0.669880E-32   0.133971E-31   0.145681E-27   0.649033E-16   0.169576E-16   0.942513E-20   0.277419E-23   0.815524E-27   0.725881E-29   0.846412E-29   0.172239E-30   0.204319E-28   0.320896E-28
   0.300000E+01   0.962436E-38   0.190691E-37   0.327080E-35   0.733997E-37   0.130831E-34   0.281165E-36   0.523323E-34   0.108200E-35   0.209330E-33   0.420164E-35   0.837354E-33   0.167472E-32   0.334942E-32   0.669886E-32   0.133970E-31   0.308598E-29   0.137533E-17   0.359492E-18   0.199811E-21   0.588213E-25   0.172951E-28   0.154013E-30   0.179679E-30   0.171832E-30   0.434019E-30   0.681813E-30
   0.300000E+01   0.489430E-36   0.891088E-36   0.327078E-35   0.275004E-35   0.130831E-34   0.795340E-35   0.523322E-34   0.220904E-34   0.209329E-33   0.600530E-34   0.837357E-33   0.167470E-32   0.334945E-32   0.669878E-32   0.133971E-31   0.667736E-27   0.297386E-15   0.777565E-16   0.432278E-19   0.127269E-22   0.374302E-26   0.333233E-28   0.388615E-28   0.173644E-30   0.938245E-28   0.147365E-27
   0.300000E+01   0.940713E-34   0.172288E-33   0.822082E-37   0.534653E-33   0.328856E-36   0.154317E-32   0.131590E-35   0.424403E-32   0.526320E-35   0.113139E-31   0.210934E-34   0.421899E-34   0.843858E-34   0.168772E-33   0.336917E-33   0.135028E-24   0.600027E-13   0.156851E-13   0.870608E-17   0.256230E-20   0.754066E-24   0.672647E-26   0.784764E-26   0.536475E-30   0.189471E-25   0.297595E-25
   0.300000E+01   0.164535E-31   0.296561E-31   0.126042E-36   0.899473E-31   0.510447E-36   0.255842E-30   0.205768E-35   0.697022E-30   0.826908E-35   0.184692E-29   0.332283E-34   0.665349E-34   0.133208E-33   0.266501E-33   0.532833E-33   0.134494E-22   0.581647E-11   0.147253E-11   0.839767E-15   0.245367E-18   0.721560E-22   0.642068E-24   0.753621E-24   0.590028E-28   0.181313E-23   0.284574E-23
   0.300000E+01   0.176000E-37   0.335896E-37   0.327075E-35   0.118064E-36   0.130832E-34   0.409449E-36   0.523323E-34   0.143427E-35   0.209329E-33   0.513658E-35   0.837355E-33   0.167472E-32   0.334943E-32   0.669886E-32   0.133971E-31   0.142156E-28   0.633190E-17   0.165554E-17   0.920367E-21   0.270965E-24   0.796909E-28   0.709520E-30   0.827513E-30   0.171807E-30   0.199818E-29   0.313854E-29
   0.300000E+01   0.203497E-35   0.372666E-35   0.327075E-35   0.115711E-34   0.130831E-34   0.334527E-34   0.523324E-34   0.922862E-34   0.209330E-33   0.247297E-33   0.210182E-34   0.420425E-34   0.840789E-34   0.168086E-33   0.335617E-33   0.290537E-26   0.129375E-14   0.338388E-15   0.188144E-18   0.553990E-22   0.162965E-25   0.145100E-27   0.169225E-27   0.179647E-30   0.408595E-27   0.641773E-27
   0.300000E+01   0.379222E-33   0.699576E-33   0.829370E-37   0.219345E-32   0.332007E-36   0.637227E-32   0.132868E-35   0.175970E-31   0.531737E-35   0.470319E-31   0.213071E-34   0.426052E-34   0.852043E-34   0.170457E-33   0.340336E-33   0.562990E-24   0.247195E-12   0.645467E-13   0.358110E-16   0.105306E-19   0.309754E-23   0.277009E-25   0.323471E-25   0.169369E-29   0.780915E-25   0.122655E-24
   0.300000E+01   0.492971E-31   0.898339E-31   0.213770E-36   0.272815E-30   0.893023E-36   0.767958E-30   0.367337E-35   0.206755E-29   0.149587E-34   0.542374E-29   0.601236E-34   0.120744E-33   0.242222E-33   0.485659E-33   0.972595E-33   0.237472E-22   0.102683E-10   0.257351E-11   0.148157E-14   0.432166E-18   0.127124E-21   0.113590E-23   0.132795E-23   0.211529E-27   0.319162E-23   0.500833E-23
   0.300000E+01   0.167660E-30   0.271362E-30   0.213265E-34   0.698479E-30   0.922377E-34   0.177616E-29   0.387575E-33   0.449215E-29   0.159918E-32   0.113334E-28   0.644977E-32   0.129885E-31   0.261192E-31   0.524652E-31   0.105291E-30   0.353331E-22   0.152787E-10   0.381810E-11   0.220429E-14   0.642733E-18   0.189077E-21   0.170062E-23   0.196962E-23   0.659834E-26   0.473136E-23   0.742355E-23
   0.300000E+01   0.660688E-31   0.106966E-30   0.162171E-32   0.276182E-30   0.681014E-32   0.707015E-30   0.280948E-31   0.180882E-29   0.114598E-30   0.464897E-29   0.458707E-30   0.921409E-30   0.184908E-29   0.370666E-29   0.741465E-29   0.110882E-22   0.479197E-11   0.117257E-11   0.689789E-15   0.200250E-18   0.589441E-22   0.529295E-24   0.615111E-24   0.283224E-26   0.147430E-23   0.231220E-23
   0.300000E+01   0.377175E-37   0.705163E-37   0.327095E-35   0.233088E-36   0.130838E-34   0.742294E-36   0.523349E-34   0.234965E-35   0.209341E-33   0.758172E-35   0.837360E-33   0.167470E-32   0.334943E-32   0.669887E-32   0.133977E-31   0.433659E-28   0.193118E-16   0.505104E-17   0.280834E-20   0.826910E-24   0.243244E-27   0.216583E-29   0.252601E-29   0.171931E-30   0.609922E-29   0.958021E-29
   0.300000E+01   0.582124E-35   0.107322E-34   0.821964E-37   0.336205E-34   0.328927E-36   0.976193E-34   0.131533E-35   0.269488E-33   0.526132E-35   0.720142E-33   0.210543E-34   0.420876E-34   0.841451E-34   0.168399E-33   0.336749E-33   0.861068E-26   0.383374E-14   0.100309E-14   0.557770E-18   0.164253E-21   0.483287E-25   0.430357E-27   0.501943E-27   0.195608E-30   0.121204E-26   0.190378E-26
   0.300000E+01   0.147761E-32   0.274530E-32   0.106864E-36   0.869522E-32   0.439235E-36   0.254225E-31   0.178844E-35   0.704869E-31   0.724142E-35   0.188870E-30   0.290936E-34   0.583406E-34   0.116970E-33   0.234362E-33   0.469060E-33   0.218734E-23   0.950354E-12   0.247095E-12   0.137531E-15   0.403884E-19   0.118734E-22   0.106210E-24   0.124318E-24   0.644323E-29   0.299994E-24   0.471151E-24
   0.300000E+01   0.111357E-30   0.189851E-30   0.323772E-35   0.522315E-30   0.145698E-34   0.137948E-29   0.628004E-34   0.356744E-29   0.263367E-33   0.912261E-29   0.107288E-32   0.216842E-32   0.437298E-32   0.880074E-32   0.176642E-31   0.312322E-22   0.135052E-10   0.337665E-11   0.194843E-14   0.568160E-18   0.167138E-21   0.149875E-23   0.174306E-23   0.816761E-27   0.418777E-23   0.657092E-23
   0.300000E+01   0.181650E-30   0.293783E-30   0.565209E-33   0.755781E-30   0.257405E-32   0.192275E-29   0.111773E-31   0.486995E-29   0.470905E-31   0.123200E-28   0.192331E-30   0.389118E-30   0.785345E-30   0.158152E-29   0.317577E-29   0.379533E-22   0.164116E-10   0.410007E-11   0.236766E-14   0.690331E-18   0.203081E-21   0.182670E-23   0.211549E-23   0.763577E-26   0.508161E-23   0.797304E-23
   0.300000E+01   0.794237E-31   0.134572E-30   0.463836E-31   0.389380E-30   0.195531E-30   0.111699E-29   0.690309E-30   0.311083E-29   0.214330E-29   0.839742E-29   0.612095E-29   0.101561E-28   0.166898E-28   0.272197E-28   0.441258E-28   0.119357E-22   0.515823E-11   0.126121E-11   0.742463E-15   0.215510E-18   0.634375E-22   0.569659E-24   0.662026E-24   0.304943E-26   0.158674E-23   0.248856E-23
   0.300000E+01   0.132698E-30   0.214577E-30   0.176762E-30   0.551724E-30   0.445294E-30   0.140222E-29   0.112159E-29   0.354537E-29   0.282470E-29   0.894302E-29   0.711309E-29   0.112869E-28   0.179088E-28   0.284139E-28   0.450773E-28   0.112121E-22   0.484547E-11   0.118480E-11   0.697445E-15   0.202444E-18   0.595913E-22   0.535119E-24   0.621909E-24   0.287079E-26   0.149058E-23   0.233773E-23
   0.300000E+01   0.491280E-39   0.953153E-39   0.821259E-37   0.338512E-38   0.328551E-36   0.122689E-37   0.131411E-35   0.432865E-37   0.525493E-35   0.155449E-36   0.210212E-34   0.420274E-34   0.840548E-34   0.168182E-33   0.336219E-33   0.367327E-30   0.164287E-18   0.428808E-19   0.248321E-22   0.725405E-26   0.206979E-29   0.183730E-31   0.216350E-31   0.171857E-30   0.518331E-31   0.822681E-31
   0.300000E+01   0.218102E-34   0.404932E-34   0.125402E-36   0.128124E-33   0.462275E-36   0.374358E-33   0.171180E-35   0.103753E-32   0.638867E-35   0.277938E-32   0.241479E-34   0.471913E-34   0.925289E-34   0.182061E-33   0.359330E-33   0.332642E-25   0.148048E-13   0.387437E-14   0.215311E-17   0.634042E-21   0.186662E-24   0.166318E-26   0.194013E-26   0.267171E-30   0.468512E-26   0.735920E-26
   0.300000E+01   0.386453E-32   0.723059E-32   0.785864E-35   0.231315E-31   0.245793E-34   0.680573E-31   0.738412E-34   0.189446E-30   0.212669E-33   0.508893E-30   0.594127E-33   0.988426E-33   0.164277E-32   0.273282E-32   0.455848E-32   0.502832E-23   0.223460E-11   0.575687E-12   0.323139E-15   0.947354E-19   0.278485E-22   0.248661E-24   0.291807E-24   0.176748E-28   0.703471E-24   0.110461E-23
   0.300000E+01   0.107214E-30   0.176297E-30   0.100134E-32   0.462935E-30   0.315016E-32   0.119067E-29   0.947354E-32   0.303190E-29   0.271877E-31   0.768132E-29   0.752902E-31   0.124428E-30   0.205063E-30   0.337591E-30   0.556005E-30   0.257768E-22   0.114618E-10   0.288329E-11   0.165481E-14   0.483190E-18   0.142117E-21   0.127781E-23   0.148018E-23   0.205539E-26   0.355846E-23   0.558413E-23
   0.300000E+01   0.254266E-30   0.422902E-30   0.220295E-30   0.114430E-29   0.640820E-30   0.302877E-29   0.178126E-29   0.788063E-29   0.478319E-29   0.202715E-28   0.125666E-28   0.202834E-28   0.326806E-28   0.526022E-28   0.846335E-28   0.380776E-22   0.169278E-10   0.422904E-11   0.244217E-14   0.712064E-18   0.209475E-21   0.188448E-23   0.218209E-23   0.797648E-26   0.524183E-23   0.822452E-23
   0.300000E+01   0.151847E-30   0.245571E-30   0.202073E-30   0.631560E-30   0.509263E-30   0.160540E-29   0.128306E-29   0.405952E-29   0.323191E-29   0.102406E-28   0.813933E-29   0.129157E-28   0.204938E-28   0.325159E-28   0.515856E-28   0.125051E-22   0.555532E-11   0.135867E-11   0.799633E-15   0.232115E-18   0.683250E-22   0.613541E-24   0.713042E-24   0.328705E-26   0.170901E-23   0.268031E-23
   0.300000E+01   0.145092E-30   0.234573E-30   0.193260E-30   0.603027E-30   0.486744E-30   0.153250E-29   0.122587E-29   0.387462E-29   0.308718E-29   0.977334E-29   0.777379E-29   0.123351E-28   0.195717E-28   0.310516E-28   0.492608E-28   0.119409E-22   0.530472E-11   0.129740E-11   0.763566E-15   0.221647E-18   0.652436E-22   0.585884E-24   0.680879E-24   0.313549E-26   0.163194E-23   0.255944E-23
   0.300000E+01   0.623120E-39   0.121053E-38   0.821200E-37   0.427473E-38   0.328339E-36   0.145548E-37   0.131392E-35   0.511567E-37   0.525455E-35   0.175725E-36   0.210182E-34   0.420364E-34   0.840668E-34   0.168134E-33   0.336315E-33   0.581702E-30   0.259624E-18   0.679862E-19   0.393083E-22   0.111315E-25   0.327562E-29   0.291198E-31   0.341389E-31   0.171807E-30   0.824584E-31   0.128911E-30
   0.300000E+01   0.101034E-36   0.188934E-36   0.828723E-37   0.604170E-36   0.330714E-36   0.177844E-35   0.131994E-35   0.495827E-35   0.527110E-35   0.133581E-34   0.210679E-34   0.421117E-34   0.841631E-34   0.168290E-33   0.336580E-33   0.157997E-27   0.702639E-16   0.183825E-16   0.101983E-19   0.300218E-23   0.883994E-27   0.789624E-29   0.921603E-29   0.172325E-30   0.222547E-28   0.349584E-28
   0.300000E+01   0.167790E-34   0.316118E-34   0.209391E-36   0.102093E-33   0.705461E-36   0.301952E-33   0.238277E-35   0.842716E-33   0.817956E-35   0.226640E-32   0.288182E-34   0.546934E-34   0.104596E-33   0.201368E-33   0.389929E-33   0.149611E-25   0.664847E-14   0.168132E-14   0.959851E-18   0.280410E-21   0.824653E-25   0.735763E-27   0.863979E-27   0.253169E-30   0.207862E-26   0.326272E-26
   0.300000E+01   0.119652E-30   0.195189E-30   0.137315E-31   0.508708E-30   0.410440E-31   0.130584E-29   0.116992E-30   0.332559E-29   0.321118E-30   0.843197E-29   0.858455E-30   0.139563E-29   0.226324E-29   0.366481E-29   0.593086E-29   0.267409E-22   0.118912E-10   0.299697E-11   0.171715E-14   0.501587E-18   0.147519E-21   0.132749E-23   0.153576E-23   0.392529E-26   0.369250E-23   0.579458E-23
   0.300000E+01   0.257914E-30   0.419091E-30   0.334754E-30   0.108488E-29   0.852600E-30   0.276889E-29   0.216211E-29   0.701914E-29   0.546819E-29   0.177345E-28   0.138067E-28   0.219303E-28   0.348269E-28   0.552987E-28   0.877916E-28   0.298607E-22   0.132779E-10   0.334162E-11   0.191709E-14   0.559822E-18   0.164654E-21   0.148200E-23   0.171412E-23   0.580953E-26   0.412065E-23   0.646627E-23
   0.300000E+01   0.146799E-31   0.237346E-31   0.195579E-31   0.610229E-31   0.492723E-31   0.155106E-30   0.124143E-30   0.392252E-30   0.312828E-30   0.989793E-30   0.788482E-30   0.125196E-29   0.198812E-29   0.315760E-29   0.501595E-29   0.117350E-23   0.521270E-12   0.127274E-12   0.750155E-16   0.217670E-19   0.640756E-23   0.575115E-25   0.668872E-25   0.333672E-27   0.160291E-24   0.251396E-24
   0.300000E+01   0.149033E-30   0.240944E-30   0.198508E-30   0.619402E-30   0.499959E-30   0.157411E-29   0.125915E-29   0.397982E-29   0.317098E-29   0.100387E-28   0.798478E-29   0.126698E-28   0.201028E-28   0.318941E-28   0.505971E-28   0.123023E-22   0.546534E-11   0.133764E-11   0.786737E-15   0.228405E-18   0.672312E-22   0.603734E-24   0.701581E-24   0.322020E-26   0.168160E-23   0.263734E-23
   0.300000E+01   0.934055E-33   0.174513E-32   0.117280E-34   0.557144E-32   0.336366E-34   0.163710E-31   0.931806E-34   0.455337E-31   0.251638E-33   0.122250E-30   0.669064E-33   0.108850E-32   0.177063E-32   0.288315E-32   0.470423E-32   0.146162E-23   0.650597E-12   0.170340E-12   0.947396E-16   0.279057E-19   0.821408E-23   0.731595E-25   0.853393E-25   0.465793E-29   0.206099E-24   0.323742E-24
   0.300000E+01   0.464090E-32   0.873802E-32   0.587506E-34   0.282057E-31   0.169602E-33   0.834567E-31   0.470772E-33   0.233142E-30   0.126871E-32   0.627675E-30   0.335144E-32   0.542414E-32   0.876357E-32   0.141466E-31   0.228341E-31   0.741144E-23   0.329530E-11   0.861308E-12   0.477578E-15   0.140492E-18   0.413302E-22   0.370210E-24   0.432400E-24   0.233049E-28   0.104412E-23   0.164008E-23
   0.300000E+01   0.344141E-30   0.633889E-30   0.464158E-32   0.194339E-29   0.135102E-31   0.548267E-29   0.376764E-31   0.147596E-28   0.101753E-30   0.386928E-28   0.268812E-30   0.434751E-30   0.701544E-30   0.113042E-29   0.182010E-29   0.203714E-21   0.906359E-10   0.234102E-10   0.131207E-13   0.385177E-17   0.113204E-20   0.101251E-22   0.118076E-22   0.186385E-26   0.284719E-22   0.447073E-22
   0.300000E+01   0.496023E-27   0.818923E-27   0.285683E-27   0.217951E-26   0.824779E-27   0.568413E-26   0.227554E-26   0.146364E-25   0.608459E-26   0.373872E-25   0.159432E-25   0.256919E-25   0.413174E-25   0.663564E-25   0.106485E-24   0.135441E-18   0.603326E-07   0.157785E-07   0.874518E-11   0.257393E-14   0.756193E-18   0.672637E-20   0.784678E-20   0.165933E-22   0.189412E-19   0.297466E-19
   0.300000E+01   0.261909E-28   0.422808E-28   0.346763E-28   0.108452E-27   0.872805E-28   0.275206E-27   0.219701E-27   0.695117E-27   0.553051E-27   0.175220E-26   0.139214E-26   0.220861E-26   0.350374E-26   0.555789E-26   0.881539E-26   0.274889E-20   0.121928E-08   0.305662E-09   0.175967E-12   0.513428E-16   0.151025E-19   0.135867E-21   0.157255E-21   0.559803E-24   0.377866E-21   0.592907E-21
   0.300000E+01   0.557866E-30   0.900516E-30   0.738756E-30   0.230964E-29   0.185931E-29   0.586056E-29   0.468004E-29   0.148022E-28   0.117808E-28   0.373116E-28   0.296549E-28   0.470478E-28   0.746380E-28   0.118399E-27   0.187800E-27   0.482409E-22   0.213834E-10   0.527178E-11   0.308039E-14   0.895615E-18   0.263570E-21   0.236689E-23   0.274844E-23   0.119136E-25   0.659246E-23   0.103407E-22
   0.300000E+01   0.497928E-28   0.803727E-28   0.659061E-28   0.206126E-27   0.165864E-27   0.523009E-27   0.417476E-27   0.132094E-26   0.105085E-26   0.332958E-26   0.264512E-26   0.419641E-26   0.665711E-26   0.105599E-25   0.167490E-25   0.549388E-20   0.243711E-08   0.613338E-09   0.351876E-12   0.102753E-15   0.302215E-19   0.271989E-21   0.314572E-21   0.106429E-23   0.756197E-21   0.118664E-20
   0.300000E+01   0.000000E+00   0.000000E+00   0.000000E+00   0.000000E+00   0.000000E+00   0.000000E+00   0.000000E+00   0.000000E+00   0.000000E+00   0.000000E+00   0.000000E+00   0.000000E+00   0.000000E+00   0.000000E+00   0.000000E+00   0.000000E+00   0.000000E+00   0.000000E+00   0.000000E+00   0.000000E+00   0.000000E+00   0.000000E+00   0.000000E+00   0.000000E+00   0.000000E+00   0.000000E+00
   0.300000E+01   0.223151E-26   0.452803E-26   0.927068E-26   0.183767E-25   0.370414E-25   0.738841E-25   0.148042E-24   0.295954E-24   0.591816E-24   0.118390E-23   0.236631E-23   0.473193E-23   0.946274E-23   0.189237E-22   0.378444E-22   0.687466E-19   0.280623E-07   0.854248E-08   0.412934E-11   0.125401E-14   0.366719E-18   0.630831E-20   0.108333E-19   0.193715E-19   0.406058E-19   0.804056E-19
   0.316667E+01   0.206574E-25   0.421031E-25   0.875000E-25   0.171996E-24   0.350000E-24   0.694496E-24   0.140000E-23   0.278972E-23   0.560000E-23   0.111799E-22   0.224000E-22   0.448000E-22   0.895343E-22   0.179094E-21   0.358400E-21   0.724077E-23   0.206713E-06   0.725333E-07   0.350773E-10   0.203019E-13   0.553251E-18   0.457155E-19   0.960745E-19   0.183495E-18   0.367897E-18   0.735388E-18
   0.316667E+01   0.788839E-38   0.159227E-37   0.327075E-35   0.639368E-37   0.130831E-34   0.253784E-36   0.523327E-34   0.100837E-35   0.209327E-33   0.400492E-35   0.837321E-33   0.167464E-32   0.318267E-34   0.636043E-34   0.133970E-31   0.000000E+00   0.319765E-18   0.928075E-19   0.553754E-22   0.295915E-25   0.817992E-30   0.429687E-31   0.426029E-31   0.171819E-30   0.102812E-30   0.161743E-30
   0.316667E+01   0.146971E-36   0.264780E-36   0.327077E-35   0.809587E-36   0.130832E-34   0.235411E-35   0.523323E-34   0.668680E-35   0.209330E-33   0.189717E-34   0.837357E-33   0.167464E-32   0.941931E-34   0.163525E-33   0.133971E-31   0.000000E+00   0.772780E-16   0.224253E-16   0.128651E-19   0.714889E-23   0.197598E-27   0.468143E-31   0.102936E-28   0.172349E-30   0.247907E-28   0.389283E-28
   0.316667E+01   0.101640E-37   0.200347E-37   0.327080E-35   0.763445E-37   0.130831E-34   0.289236E-36   0.523323E-34   0.110393E-35   0.209330E-33   0.426249E-35   0.837357E-33   0.167463E-32   0.328551E-34   0.652400E-34   0.133970E-31   0.000000E+00   0.163478E-17   0.474584E-18   0.272277E-21   0.151334E-24   0.418398E-29   0.430393E-31   0.218121E-30   0.171819E-30   0.525681E-30   0.825616E-30
   0.316667E+01   0.601693E-36   0.109499E-35   0.327078E-35   0.336946E-35   0.130831E-34   0.969412E-35   0.523322E-34   0.267591E-34   0.209329E-33   0.722566E-34   0.837357E-33   0.167464E-32   0.317588E-33   0.522114E-33   0.133971E-31   0.000000E+00   0.353670E-15   0.102704E-15   0.589343E-19   0.327586E-22   0.905819E-27   0.606335E-31   0.472048E-28   0.174087E-30   0.113704E-27   0.178557E-27
   0.316667E+01   0.116004E-33   0.212437E-33   0.822493E-37   0.657956E-33   0.328927E-36   0.189210E-32   0.131618E-35   0.518385E-32   0.526509E-35   0.137769E-31   0.211040E-34   0.421177E-34   0.578208E-31   0.928475E-31   0.336965E-33   0.000000E+00   0.713641E-13   0.207192E-13   0.118703E-16   0.659430E-20   0.182325E-24   0.362225E-29   0.953304E-26   0.627868E-30   0.229627E-25   0.360603E-25
   0.316667E+01   0.199891E-31   0.360237E-31   0.130039E-36   0.109026E-30   0.526833E-36   0.308888E-30   0.212482E-35   0.838118E-30   0.854594E-35   0.221350E-29   0.343327E-34   0.686624E-34   0.923850E-29   0.148172E-28   0.550623E-33   0.000000E+00   0.676913E-11   0.190386E-11   0.112027E-14   0.617932E-18   0.171245E-22   0.568427E-27   0.894867E-24   0.726569E-28   0.214698E-23   0.336888E-23
   0.316667E+01   0.199895E-37   0.379167E-37   0.327077E-35   0.131267E-36   0.130830E-34   0.446257E-36   0.523330E-34   0.153229E-35   0.209330E-33   0.539646E-35   0.837360E-33   0.167465E-32   0.376063E-34   0.728421E-34   0.133969E-31   0.000000E+00   0.751726E-17   0.218299E-17   0.125263E-20   0.696267E-24   0.192525E-28   0.433373E-31   0.100341E-29   0.171906E-30   0.241719E-29   0.379629E-29
   0.316667E+01   0.250456E-35   0.458584E-35   0.327078E-35   0.142079E-34   0.130831E-34   0.409102E-34   0.523322E-34   0.112366E-33   0.209328E-33   0.299899E-33   0.210182E-34   0.419522E-34   0.124291E-32   0.199614E-32   0.335497E-33   0.000000E+00   0.153701E-14   0.446493E-15   0.256237E-18   0.142449E-21   0.393965E-26   0.119811E-30   0.205342E-27   0.181643E-30   0.494651E-27   0.776805E-27
   0.316667E+01   0.466956E-33   0.861338E-33   0.830663E-37   0.269536E-32   0.332477E-36   0.780167E-32   0.133019E-35   0.214623E-31   0.532414E-35   0.571871E-31   0.213387E-34   0.425931E-34   0.240538E-30   0.386425E-30   0.340865E-33   0.000000E+00   0.293480E-12   0.851162E-13   0.487442E-16   0.270589E-19   0.748356E-24   0.149586E-28   0.392247E-25   0.207228E-29   0.944722E-25   0.148357E-24
   0.316667E+01   0.585529E-31   0.106144E-30   0.224578E-36   0.319109E-30   0.939361E-36   0.890651E-30   0.386700E-35   0.238282E-29   0.157550E-34   0.622395E-29   0.633345E-34   0.127108E-33   0.256661E-28   0.410232E-28   0.102486E-32   0.000000E+00   0.117855E-10   0.328211E-11   0.194904E-14   0.107316E-17   0.297527E-22   0.172249E-26   0.155501E-23   0.258558E-27   0.372661E-23   0.584626E-23
   0.316667E+01   0.181397E-30   0.293557E-30   0.230382E-34   0.755428E-30   0.996427E-34   0.192062E-29   0.418698E-33   0.485685E-29   0.172761E-32   0.122525E-28   0.696777E-32   0.140316E-31   0.489977E-28   0.777496E-28   0.113748E-30   0.000000E+00   0.173535E-10   0.481794E-11   0.286944E-14   0.157917E-17   0.437837E-22   0.393080E-26   0.228260E-23   0.721808E-26   0.546726E-23   0.857581E-23
   0.316667E+01   0.738568E-31   0.119577E-30   0.182288E-32   0.308738E-30   0.765827E-32   0.790343E-30   0.316029E-31   0.202206E-29   0.128932E-30   0.519749E-29   0.516146E-30   0.103683E-29   0.218148E-28   0.354768E-28   0.834327E-29   0.000000E+00   0.564654E-11   0.153536E-11   0.931443E-15   0.510354E-18   0.141758E-22   0.152272E-26   0.738948E-24   0.316655E-26   0.176550E-23   0.276801E-23
   0.316667E+01   0.442069E-37   0.823744E-37   0.327094E-35   0.269431E-36   0.130837E-34   0.844739E-36   0.523352E-34   0.262513E-35   0.209340E-33   0.830120E-35   0.837361E-33   0.167472E-32   0.498330E-34   0.924744E-34   0.133976E-31   0.000000E+00   0.226016E-16   0.656552E-17   0.376781E-20   0.209462E-23   0.579289E-28   0.440745E-31   0.301945E-29   0.171906E-30   0.727373E-29   0.114233E-28
   0.316667E+01   0.707231E-35   0.130374E-34   0.822376E-37   0.407622E-34   0.329021E-36   0.117922E-33   0.131580E-35   0.324296E-33   0.526283E-35   0.863946E-33   0.210558E-34   0.421026E-34   0.363362E-32   0.583765E-32   0.336821E-33   0.000000E+00   0.449300E-14   0.130562E-14   0.749352E-18   0.416635E-21   0.115250E-25   0.268213E-30   0.600827E-27   0.201142E-30   0.144745E-26   0.227315E-26
   0.316667E+01   0.181471E-32   0.337126E-32   0.112295E-36   0.106570E-31   0.463450E-36   0.310440E-31   0.189433E-35   0.857461E-31   0.768453E-35   0.229054E-30   0.308976E-34   0.619879E-34   0.965516E-30   0.155179E-29   0.498792E-33   0.000000E+00   0.112451E-11   0.324738E-12   0.186576E-15   0.103450E-18   0.286241E-23   0.599983E-28   0.150217E-24   0.797869E-29   0.361609E-24   0.567811E-24
   0.316667E+01   0.125083E-30   0.212251E-30   0.385405E-35   0.580042E-30   0.173676E-34   0.152521E-29   0.749253E-34   0.393300E-29   0.314389E-33   0.100390E-28   0.128113E-32   0.258965E-32   0.405524E-28   0.644965E-28   0.210976E-31   0.000000E+00   0.153809E-10   0.427301E-11   0.254333E-14   0.139983E-17   0.388113E-22   0.305159E-26   0.202548E-23   0.995065E-27   0.485222E-23   0.761139E-23
   0.316667E+01   0.196517E-30   0.317826E-30   0.677225E-33   0.817617E-30   0.308718E-32   0.208013E-29   0.134138E-31   0.526925E-29   0.565348E-31   0.133339E-28   0.230968E-30   0.467324E-30   0.537777E-28   0.857189E-28   0.381424E-29   0.000000E+00   0.186478E-10   0.517584E-11   0.308336E-14   0.169680E-17   0.470462E-22   0.424355E-26   0.245263E-23   0.828908E-26   0.587430E-23   0.921423E-23
   0.316667E+01   0.900138E-31   0.153266E-30   0.579137E-31   0.446501E-30   0.238025E-30   0.127936E-29   0.817846E-30   0.354374E-29   0.248790E-29   0.951234E-29   0.701011E-29   0.115737E-28   0.401505E-28   0.644451E-28   0.497998E-28   0.000000E+00   0.607853E-11   0.165182E-11   0.100265E-14   0.549303E-18   0.152582E-22   0.163941E-26   0.795379E-24   0.341009E-26   0.190032E-23   0.297940E-23
   0.316667E+01   0.148424E-30   0.240006E-30   0.197677E-30   0.617085E-30   0.497955E-30   0.156827E-29   0.125420E-29   0.396506E-29   0.315862E-29   0.100014E-28   0.795383E-29   0.126208E-28   0.399865E-28   0.634437E-28   0.504024E-28   0.000000E+00   0.571185E-11   0.155218E-11   0.942159E-15   0.516163E-18   0.143377E-22   0.154301E-26   0.747413E-24   0.321145E-26   0.178570E-23   0.279969E-23
   0.316667E+01   0.555032E-39   0.105489E-38   0.821494E-37   0.376632E-38   0.328480E-36   0.131553E-37   0.131401E-35   0.455354E-37   0.525455E-35   0.163711E-36   0.210242E-34   0.420424E-34   0.117877E-35   0.221351E-35   0.336219E-33   0.000000E+00   0.194498E-18   0.563835E-19   0.337032E-22   0.180360E-25   0.508917E-30   0.429626E-31   0.261654E-31   0.171770E-30   0.630125E-31   0.982417E-31
   0.316667E+01   0.263850E-34   0.489817E-34   0.135922E-36   0.154680E-33   0.495377E-36   0.450299E-33   0.180800E-35   0.124327E-32   0.665574E-35   0.332034E-32   0.248626E-34   0.483438E-34   0.139933E-31   0.224895E-31   0.364314E-33   0.000000E+00   0.172765E-13   0.502130E-14   0.288018E-17   0.160124E-20   0.442892E-25   0.912184E-30   0.231240E-26   0.288580E-30   0.557110E-26   0.874935E-26
   0.316667E+01   0.466106E-32   0.872001E-32   0.972379E-35   0.278419E-31   0.304748E-34   0.816164E-31   0.910897E-34   0.226329E-30   0.260467E-33   0.606110E-30   0.722764E-33   0.119864E-32   0.256033E-29   0.411679E-29   0.547828E-32   0.000000E+00   0.259422E-11   0.741909E-12   0.430053E-15   0.238008E-18   0.658844E-23   0.159142E-27   0.345588E-24   0.215545E-28   0.830988E-24   0.130457E-23
   0.316667E+01   0.115408E-30   0.189466E-30   0.121886E-32   0.496449E-30   0.384453E-32   0.127517E-29   0.115127E-31   0.324432E-29   0.328426E-31   0.821515E-29   0.905067E-31   0.149288E-30   0.329596E-28   0.523394E-28   0.664747E-30   0.000000E+00   0.128695E-10   0.359549E-11   0.212958E-14   0.117357E-17   0.325200E-22   0.263245E-26   0.169500E-23   0.238250E-26   0.406362E-23   0.637525E-23
   0.316667E+01   0.281898E-30   0.469289E-30   0.259492E-30   0.126983E-29   0.746307E-30   0.335348E-29   0.205052E-29   0.870168E-29   0.545755E-29   0.223337E-28   0.142518E-28   0.229492E-28   0.908861E-28   0.144943E-27   0.952376E-28   0.000000E+00   0.192324E-10   0.533427E-11   0.317984E-14   0.174966E-17   0.485136E-22   0.435334E-26   0.252741E-23   0.862723E-26   0.605376E-23   0.949584E-23
   0.316667E+01   0.169810E-30   0.274621E-30   0.225974E-30   0.706235E-30   0.569440E-30   0.179510E-29   0.143458E-29   0.453894E-29   0.361340E-29   0.114495E-28   0.909975E-29   0.144395E-28   0.457783E-28   0.726337E-28   0.576683E-28   0.000000E+00   0.655504E-11   0.177980E-11   0.108115E-14   0.592211E-18   0.164512E-22   0.176747E-26   0.856833E-24   0.367621E-26   0.204713E-23   0.320957E-23
   0.316667E+01   0.162145E-30   0.262155E-30   0.215942E-30   0.673934E-30   0.543870E-30   0.171265E-29   0.136974E-29   0.432996E-29   0.344946E-29   0.109216E-28   0.868596E-29   0.137824E-28   0.436648E-28   0.692792E-28   0.550384E-28   0.000000E+00   0.625768E-11   0.169913E-11   0.103212E-14   0.565355E-18   0.157050E-22   0.168543E-26   0.817969E-24   0.350519E-26   0.195430E-23   0.306404E-23
   0.316667E+01   0.707665E-39   0.135749E-38   0.821141E-37   0.475989E-38   0.328433E-36   0.159077E-37   0.131354E-35   0.539679E-37   0.525568E-35   0.187742E-36   0.210137E-34   0.420334E-34   0.125695E-35   0.241802E-35   0.336171E-33   0.000000E+00   0.306805E-18   0.891773E-19   0.532280E-22   0.284669E-25   0.804417E-30   0.429626E-31   0.412149E-31   0.171869E-30   0.987340E-31   0.155615E-30
   0.316667E+01   0.125136E-36   0.233970E-36   0.830487E-37   0.746633E-36   0.331184E-36   0.218961E-35   0.132210E-35   0.607870E-35   0.527675E-35   0.163133E-34   0.210784E-34   0.421478E-34   0.693608E-34   0.111927E-33   0.336628E-33   0.000000E+00   0.839831E-16   0.244020E-16   0.139737E-19   0.776423E-23   0.214700E-27   0.472229E-31   0.112504E-28   0.172386E-30   0.271038E-28   0.425677E-28
   0.316667E+01   0.203680E-34   0.383659E-34   0.240353E-36   0.123604E-33   0.796891E-36   0.363959E-33   0.263659E-35   0.101116E-32   0.885664E-35   0.270948E-32   0.305937E-34   0.575763E-34   0.114447E-31   0.183994E-31   0.401917E-33   0.000000E+00   0.772311E-14   0.216775E-14   0.127796E-17   0.704648E-21   0.195296E-25   0.796053E-30   0.102297E-26   0.271706E-30   0.245421E-26   0.385126E-26
   0.316667E+01   0.127833E-30   0.208564E-30   0.166024E-31   0.543800E-30   0.495674E-31   0.139637E-29   0.140744E-30   0.355675E-29   0.384740E-30   0.901887E-29   0.102528E-29   0.166473E-29   0.362564E-28   0.576144E-28   0.705573E-29   0.000000E+00   0.133124E-10   0.372594E-11   0.220332E-14   0.121468E-17   0.336536E-22   0.275839E-26   0.175357E-23   0.428928E-26   0.420460E-23   0.659658E-23
   0.316667E+01   0.275858E-30   0.448025E-30   0.359194E-30   0.115887E-29   0.913548E-30   0.295594E-29   0.231434E-29   0.749013E-29   0.584927E-29   0.189191E-28   0.147624E-28   0.234444E-28   0.757369E-28   0.120205E-27   0.938161E-28   0.000000E+00   0.149036E-10   0.416475E-11   0.246624E-14   0.135917E-17   0.376620E-22   0.316583E-26   0.196215E-23   0.619072E-26   0.470379E-23   0.737946E-23
   0.316667E+01   0.165333E-31   0.267322E-31   0.220235E-31   0.687292E-31   0.554820E-31   0.174685E-30   0.139781E-30   0.441740E-30   0.352208E-30   0.111459E-29   0.887634E-30   0.140928E-29   0.446021E-29   0.707998E-29   0.564398E-29   0.000000E+00   0.618565E-12   0.167623E-12   0.101997E-15   0.558453E-19   0.155165E-23   0.175008E-27   0.808139E-25   0.373802E-27   0.193040E-24   0.302656E-24
   0.316667E+01   0.166421E-30   0.269067E-30   0.221635E-30   0.691701E-30   0.558205E-30   0.175779E-29   0.140583E-29   0.444409E-29   0.354036E-29   0.112095E-28   0.891481E-29   0.141455E-28   0.448155E-28   0.711048E-28   0.564879E-28   0.000000E+00   0.644343E-11   0.175060E-11   0.106282E-14   0.582243E-18   0.161734E-22   0.173078E-26   0.842336E-24   0.359720E-26   0.201259E-23   0.315543E-23
   0.316667E+01   0.108562E-32   0.202810E-32   0.137142E-34   0.646237E-32   0.393076E-34   0.189199E-31   0.108603E-33   0.524247E-31   0.292325E-33   0.140323E-30   0.774657E-33   0.125811E-32   0.592491E-30   0.952583E-30   0.540462E-32   0.000000E+00   0.729560E-12   0.212141E-12   0.121785E-15   0.677315E-19   0.187423E-23   0.369168E-28   0.977399E-25   0.544423E-29   0.235500E-24   0.369860E-24
   0.316667E+01   0.559859E-32   0.105402E-31   0.713617E-34   0.339572E-31   0.205937E-33   0.100109E-30   0.570379E-33   0.278608E-30   0.153318E-32   0.747800E-30   0.404105E-32   0.653373E-32   0.316490E-29   0.509086E-29   0.274316E-31   0.000000E+00   0.383362E-11   0.111279E-11   0.636966E-15   0.353709E-18   0.978020E-23   0.197369E-27   0.513726E-24   0.283909E-28   0.123757E-23   0.194361E-23
   0.316667E+01   0.385701E-30   0.705833E-30   0.533894E-32   0.213894E-29   0.155361E-31   0.598007E-29   0.432379E-31   0.159967E-28   0.116499E-30   0.417589E-28   0.307190E-30   0.496448E-30   0.172025E-27   0.274846E-27   0.207527E-29   0.000000E+00   0.986720E-10   0.283103E-10   0.163751E-13   0.907437E-17   0.250919E-21   0.121489E-25   0.131232E-22   0.215241E-26   0.315671E-22   0.495579E-22
   0.316667E+01   0.515699E-27   0.852511E-27   0.322433E-27   0.227243E-26   0.925606E-27   0.592851E-26   0.253853E-26   0.152616E-25   0.675461E-26   0.389686E-25   0.176362E-25   0.283802E-25   0.157683E-24   0.250987E-24   0.117255E-24   0.000000E+00   0.646296E-07   0.187767E-07   0.107406E-10   0.596781E-14   0.164849E-18   0.102667E-22   0.858695E-20   0.170690E-22   0.206807E-19   0.324732E-19
   0.316667E+01   0.281887E-28   0.455054E-28   0.373156E-28   0.116714E-27   0.939152E-28   0.296145E-27   0.236386E-27   0.747953E-27   0.595024E-27   0.188529E-26   0.149775E-26   0.237614E-26   0.753237E-26   0.119489E-25   0.948386E-26   0.000000E+00   0.137905E-08   0.383760E-09   0.228091E-12   0.125591E-15   0.348137E-20   0.304871E-24   0.181338E-21   0.603059E-24   0.434487E-21   0.681569E-21
   0.316667E+01   0.623098E-30   0.100580E-29   0.824995E-30   0.257945E-29   0.207617E-29   0.654457E-29   0.522551E-29   0.165286E-28   0.131533E-28   0.416612E-28   0.331085E-28   0.525263E-28   0.166452E-27   0.264052E-27   0.209662E-27   0.000000E+00   0.249863E-10   0.683368E-11   0.412431E-14   0.226250E-17   0.628140E-22   0.646764E-26   0.327104E-23   0.133124E-25   0.782128E-23   0.122643E-22
   0.316667E+01   0.530120E-28   0.855675E-28   0.701551E-28   0.219430E-27   0.176540E-27   0.556710E-27   0.444316E-27   0.140595E-26   0.111836E-26   0.354368E-26   0.281495E-26   0.446579E-26   0.141577E-25   0.224588E-25   0.178238E-25   0.000000E+00   0.273546E-08   0.764401E-09   0.452661E-12   0.249465E-15   0.691259E-20   0.580158E-24   0.360081E-21   0.113424E-23   0.863190E-21   0.135419E-20
   0.316667E+01   0.000000E+00   0.000000E+00   0.000000E+00   0.000000E+00   0.000000E+00   0.000000E+00   0.000000E+00   0.000000E+00   0.000000E+00   0.000000E+00   0.000000E+00   0.000000E+00   0.000000E+00   0.000000E+00   0.000000E+00   0.000000E+00   0.000000E+00   0.000000E+00   0.000000E+00   0.000000E+00   0.000000E+00   0.000000E+00   0.000000E+00   0.000000E+00   0.000000E+00   0.000000E+00
   0.316667E+01   0.223339E-26   0.453141E-26   0.927454E-26   0.183866E-25   0.370518E-25   0.739109E-25   0.148069E-24   0.296024E-24   0.591885E-24   0.118408E-23   0.236649E-23   0.473221E-23   0.946712E-23   0.189305E-22   0.378455E-22   0.764337E-24   0.278943E-07   0.941674E-08   0.471183E-11   0.270344E-14   0.738836E-19   0.482672E-20   0.109481E-19   0.193714E-19   0.407770E-19   0.806764E-19
   0.333333E+01   0.206578E-25   0.421045E-25   0.875000E-25   0.172001E-24   0.350000E-24   0.694513E-24   0.140000E-23   0.280000E-23   0.558582E-23   0.112000E-22   0.224000E-22   0.447576E-22   0.896000E-22   0.179095E-21   0.358222E-21   0.946822E-10   0.201212E-06   0.779347E-07   0.402798E-10   0.267895E-13   0.138291E-17   0.450287E-19   0.965067E-19   0.183495E-18   0.367920E-18   0.735451E-18
   0.333333E+01   0.802452E-38   0.161608E-37   0.327075E-35   0.645282E-37   0.130831E-34   0.255929E-36   0.523327E-34   0.104665E-33   0.201598E-35   0.418657E-33   0.837321E-33   0.159736E-34   0.334927E-32   0.301954E-35   0.127000E-33   0.176850E-21   0.375784E-18   0.120190E-18   0.765180E-22   0.468099E-25   0.239965E-29   0.432068E-31   0.511409E-31   0.171819E-30   0.123096E-30   0.193745E-30
   0.333333E+01   0.176881E-36   0.318066E-36   0.327077E-35   0.966557E-36   0.130832E-34   0.278563E-35   0.523355E-34   0.104664E-33   0.130924E-34   0.418679E-33   0.837325E-33   0.623685E-34   0.334925E-32   0.612979E-33   0.317982E-33   0.427792E-19   0.909001E-16   0.290693E-16   0.178165E-19   0.113221E-22   0.580293E-27   0.893806E-31   0.123697E-28   0.172435E-30   0.297299E-28   0.466766E-28
   0.333333E+01   0.107678E-37   0.211157E-37   0.327080E-35   0.796167E-37   0.130831E-34   0.298241E-36   0.523349E-34   0.104665E-33   0.220283E-35   0.418678E-33   0.837313E-33   0.167672E-34   0.334930E-32   0.133173E-34   0.130297E-33   0.903427E-21   0.191978E-17   0.614188E-18   0.376461E-21   0.239274E-24   0.122662E-28   0.440008E-31   0.261630E-30   0.171856E-30   0.629178E-30   0.988394E-30
   0.333333E+01   0.728147E-36   0.132375E-35   0.327078E-35   0.405807E-35   0.130831E-34   0.116140E-34   0.523347E-34   0.104664E-33   0.523314E-34   0.418675E-33   0.837312E-33   0.228028E-33   0.334926E-32   0.279691E-32   0.100241E-32   0.195527E-18   0.415524E-15   0.132974E-15   0.815187E-19   0.518169E-22   0.265700E-26   0.255316E-30   0.566576E-28   0.174567E-30   0.136194E-27   0.213841E-27
   0.333333E+01   0.140713E-33   0.257486E-33   0.823022E-37   0.795058E-33   0.329068E-36   0.227699E-32   0.131975E-35   0.263386E-35   0.101465E-31   0.105573E-34   0.210739E-34   0.428889E-31   0.842715E-34   0.565731E-30   0.177319E-30   0.394582E-16   0.838481E-13   0.268278E-13   0.164205E-16   0.104371E-19   0.535043E-24   0.430590E-28   0.114428E-25   0.734421E-30   0.275062E-25   0.431885E-25
   0.333333E+01   0.238819E-31   0.430023E-31   0.134053E-36   0.129712E-30   0.543549E-36   0.365851E-30   0.219554E-35   0.439898E-35   0.160820E-29   0.177013E-34   0.354025E-34   0.674930E-29   0.141929E-33   0.743344E-28   0.277961E-28   0.366519E-14   0.778789E-11   0.241473E-11   0.151734E-14   0.955001E-18   0.489934E-22   0.510408E-26   0.105096E-23   0.882560E-28   0.251505E-23   0.394548E-23
   0.333333E+01   0.226457E-37   0.427230E-37   0.327080E-35   0.145794E-36   0.130830E-34   0.486618E-36   0.523351E-34   0.104665E-33   0.304029E-35   0.418678E-33   0.837318E-33   0.202875E-34   0.334929E-32   0.598254E-34   0.144854E-33   0.414889E-20   0.881694E-17   0.282152E-17   0.172968E-20   0.109945E-23   0.563759E-28   0.475135E-31   0.120225E-29   0.171893E-30   0.289025E-29   0.453817E-29
   0.333333E+01   0.303270E-35   0.554821E-35   0.327075E-35   0.171343E-34   0.130831E-34   0.491210E-34   0.523348E-34   0.104665E-33   0.219684E-33   0.418678E-33   0.209806E-34   0.920592E-33   0.838622E-34   0.121348E-31   0.380765E-32   0.848815E-18   0.180397E-14   0.577481E-15   0.354061E-18   0.225083E-21   0.115440E-25   0.965572E-30   0.246205E-27   0.183923E-30   0.591875E-27   0.929337E-27
   0.333333E+01   0.565584E-33   0.104245E-32   0.831486E-37   0.325220E-32   0.333018E-36   0.937481E-32   0.133461E-35   0.266489E-35   0.420069E-31   0.106814E-34   0.213312E-34   0.178055E-30   0.853127E-34   0.235081E-29   0.737163E-30   0.161998E-15   0.344225E-12   0.110023E-12   0.673186E-16   0.427190E-19   0.219177E-23   0.179025E-27   0.470006E-25   0.251303E-29   0.112965E-24   0.177368E-24
   0.333333E+01   0.682669E-31   0.123060E-30   0.235299E-36   0.366234E-30   0.985393E-36   0.101415E-29   0.406242E-35   0.820401E-35   0.436202E-29   0.333344E-34   0.664777E-34   0.180524E-28   0.267915E-33   0.149194E-27   0.735647E-28   0.629988E-14   0.133863E-10   0.411010E-11   0.260597E-14   0.163771E-17   0.839312E-22   0.897779E-26   0.180262E-23   0.311719E-27   0.430854E-23   0.675742E-23
   0.333333E+01   0.195022E-30   0.315552E-30   0.247316E-34   0.811805E-30   0.106969E-33   0.206355E-29   0.449492E-33   0.914680E-33   0.828842E-29   0.375009E-32   0.748024E-32   0.331633E-28   0.302925E-31   0.250323E-27   0.132497E-27   0.919036E-14   0.195283E-10   0.597644E-11   0.380088E-14   0.238794E-17   0.122313E-21   0.130990E-25   0.262161E-23   0.783273E-26   0.626237E-23   0.982039E-23
   0.333333E+01   0.818604E-31   0.132530E-30   0.203103E-32   0.342150E-30   0.853639E-32   0.875834E-30   0.352368E-31   0.712596E-31   0.358955E-29   0.289594E-30   0.575665E-30   0.149359E-28   0.232088E-29   0.108611E-27   0.643158E-28   0.309419E-14   0.657454E-11   0.197119E-11   0.127644E-14   0.797500E-18   0.408630E-22   0.465572E-26   0.877581E-24   0.351017E-26   0.209048E-23   0.327651E-23
   0.333333E+01   0.513649E-37   0.954152E-37   0.327095E-35   0.309045E-36   0.130839E-34   0.955276E-36   0.523352E-34   0.104669E-33   0.513206E-35   0.418676E-33   0.837355E-33   0.291262E-34   0.334942E-32   0.176372E-33   0.181309E-33   0.123021E-19   0.261453E-16   0.836940E-17   0.513134E-20   0.326207E-23   0.167302E-27   0.564088E-31   0.356825E-29   0.172065E-30   0.857827E-29   0.134693E-28
   0.333333E+01   0.845630E-35   0.155767E-34   0.822670E-37   0.485532E-34   0.329068E-36   0.139884E-33   0.131608E-35   0.263330E-35   0.626530E-33   0.105317E-34   0.210603E-34   0.265528E-32   0.842474E-34   0.350007E-31   0.109936E-31   0.244881E-17   0.520471E-14   0.166665E-14   0.102194E-17   0.649731E-21   0.333308E-25   0.270753E-29   0.711004E-27   0.207501E-30   0.170938E-26   0.268406E-26
   0.333333E+01   0.219217E-32   0.406932E-32   0.118513E-36   0.128245E-31   0.491568E-36   0.372049E-31   0.201423E-35   0.406420E-35   0.167619E-30   0.164720E-34   0.329560E-34   0.712427E-30   0.132691E-33   0.940287E-29   0.295350E-29   0.618631E-15   0.131448E-11   0.418370E-12   0.256804E-15   0.162558E-18   0.834961E-23   0.716229E-27   0.179375E-24   0.975799E-29   0.430862E-24   0.676434E-24
   0.333333E+01   0.138685E-30   0.234347E-30   0.453353E-35   0.636669E-30   0.204548E-34   0.166785E-29   0.883133E-34   0.181444E-33   0.685570E-29   0.754200E-33   0.151119E-32   0.277344E-28   0.616194E-32   0.212113E-27   0.111490E-27   0.816425E-14   0.173479E-10   0.531323E-11   0.337666E-14   0.212156E-17   0.108683E-21   0.116338E-25   0.233159E-23   0.119537E-26   0.557061E-23   0.873600E-23
   0.333333E+01   0.211286E-30   0.341691E-30   0.801079E-33   0.878940E-30   0.365500E-32   0.223616E-29   0.158899E-31   0.327256E-31   0.901314E-29   0.136495E-30   0.273767E-30   0.363323E-28   0.111820E-29   0.272332E-27   0.147373E-27   0.987987E-14   0.209934E-10   0.642297E-11   0.408590E-14   0.256681E-17   0.131475E-21   0.140918E-25   0.281801E-23   0.893798E-26   0.673125E-23   0.105556E-22
   0.333333E+01   0.101200E-30   0.173119E-30   0.709516E-31   0.506973E-30   0.284164E-30   0.144917E-29   0.952461E-30   0.166457E-29   0.654538E-29   0.478544E-29   0.792782E-29   0.278436E-28   0.212621E-28   0.146283E-27   0.114782E-27   0.333121E-14   0.707815E-11   0.212116E-11   0.137415E-14   0.858459E-18   0.439855E-22   0.501252E-26   0.944699E-24   0.378101E-26   0.225036E-23   0.352710E-23
   0.333333E+01   0.164594E-30   0.266140E-30   0.219142E-30   0.684219E-30   0.552004E-30   0.173877E-29   0.139030E-29   0.220637E-29   0.698281E-29   0.555623E-29   0.881674E-29   0.279350E-28   0.221972E-28   0.140507E-27   0.111573E-27   0.313126E-14   0.665331E-11   0.199378E-11   0.129166E-14   0.806911E-18   0.413448E-22   0.471441E-26   0.888001E-24   0.356197E-26   0.211526E-23   0.331535E-23
   0.333333E+01   0.614709E-39   0.117088E-38   0.821200E-37   0.412460E-38   0.328363E-36   0.139954E-37   0.131392E-35   0.262765E-35   0.926757E-37   0.105091E-34   0.210227E-34   0.622328E-36   0.840488E-34   0.199699E-35   0.449963E-35   0.928657E-22   0.227203E-18   0.728928E-19   0.464075E-22   0.293290E-25   0.152455E-29   0.431249E-31   0.312706E-31   0.171819E-30   0.749604E-31   0.118174E-30
   0.333333E+01   0.314145E-34   0.582732E-34   0.148095E-36   0.183464E-33   0.533110E-36   0.531907E-33   0.191737E-35   0.364460E-35   0.239514E-32   0.133258E-34   0.256600E-34   0.101774E-31   0.965854E-34   0.134049E-30   0.421879E-31   0.911057E-17   0.199280E-13   0.638234E-14   0.391103E-17   0.248708E-20   0.127581E-24   0.102604E-28   0.272472E-26   0.313070E-30   0.655103E-26   0.102867E-25
   0.333333E+01   0.553227E-32   0.103418E-31   0.118609E-34   0.329197E-31   0.371920E-34   0.961070E-31   0.110573E-33   0.187233E-33   0.435326E-30   0.523369E-33   0.866676E-33   0.185524E-29   0.236959E-32   0.240604E-28   0.770147E-29   0.136173E-14   0.297596E-11   0.937949E-12   0.580805E-15   0.366909E-18   0.188339E-22   0.179553E-26   0.404782E-24   0.259523E-28   0.971067E-24   0.152417E-23
   0.333333E+01   0.123272E-30   0.202090E-30   0.146182E-32   0.528544E-30   0.461531E-32   0.135609E-29   0.137552E-31   0.232862E-31   0.548739E-29   0.648723E-31   0.107073E-30   0.220365E-28   0.289792E-30   0.165983E-27   0.882284E-28   0.655025E-14   0.143170E-10   0.440848E-11   0.278859E-14   0.175500E-17   0.898775E-22   0.939987E-26   0.192403E-23   0.271688E-26   0.460098E-23   0.721654E-23
   0.333333E+01   0.310075E-30   0.516426E-30   0.299942E-30   0.139612E-29   0.853049E-30   0.367746E-29   0.231998E-29   0.378116E-29   0.152472E-28   0.989746E-29   0.159289E-28   0.621035E-28   0.410992E-28   0.341685E-27   0.251574E-27   0.990267E-14   0.216432E-10   0.661420E-11   0.421166E-14   0.264527E-17   0.135483E-21   0.144949E-25   0.290112E-23   0.927279E-26   0.693025E-23   0.108678E-22
   0.333333E+01   0.188299E-30   0.304505E-30   0.250521E-30   0.783000E-30   0.631247E-30   0.199004E-29   0.159020E-29   0.252376E-29   0.799273E-29   0.635609E-29   0.100863E-28   0.319767E-28   0.253945E-28   0.160885E-27   0.127718E-27   0.349621E-14   0.763998E-11   0.228604E-11   0.148287E-14   0.926077E-18   0.474478E-22   0.540784E-26   0.101787E-23   0.407696E-26   0.242463E-23   0.380023E-23
   0.333333E+01   0.179678E-30   0.290496E-30   0.239215E-30   0.746747E-30   0.602482E-30   0.189758E-29   0.151734E-29   0.240793E-29   0.762035E-29   0.606366E-29   0.962183E-29   0.304849E-28   0.242236E-28   0.153332E-27   0.121755E-27   0.333665E-14   0.729133E-11   0.218185E-11   0.141522E-14   0.883845E-18   0.452836E-22   0.515879E-26   0.971431E-24   0.388545E-26   0.231405E-23   0.362693E-23
   0.333333E+01   0.808973E-39   0.153289E-38   0.821141E-37   0.526840E-38   0.328363E-36   0.177274E-37   0.131345E-35   0.262652E-35   0.105058E-36   0.105099E-34   0.210167E-34   0.697489E-36   0.840668E-34   0.286315E-35   0.486056E-35   0.163583E-21   0.358273E-18   0.114792E-18   0.731207E-22   0.447591E-25   0.240288E-29   0.432007E-31   0.491256E-31   0.171868E-30   0.118374E-30   0.185441E-30
   0.333333E+01   0.152549E-36   0.285001E-36   0.833132E-37   0.906720E-36   0.331936E-36   0.264736E-35   0.132370E-35   0.264308E-35   0.120118E-34   0.105550E-34   0.210844E-34   0.514067E-34   0.842594E-34   0.670410E-33   0.215308E-33   0.453779E-19   0.992149E-16   0.317652E-16   0.194343E-19   0.123569E-22   0.633558E-27   0.941359E-31   0.135763E-28   0.172558E-30   0.326396E-28   0.512539E-28
   0.333333E+01   0.243326E-34   0.457903E-34   0.275606E-36   0.146970E-33   0.899935E-36   0.430581E-33   0.292143E-35   0.528577E-35   0.195241E-32   0.176313E-34   0.325918E-34   0.831629E-32   0.114382E-33   0.868700E-31   0.344909E-31   0.405919E-17   0.887090E-14   0.274348E-14   0.172783E-17   0.108700E-20   0.557538E-25   0.879761E-29   0.119869E-26   0.292943E-30   0.286832E-26   0.449996E-26
   0.333333E+01   0.135755E-30   0.221527E-30   0.197376E-31   0.577863E-30   0.588160E-31   0.148432E-29   0.166367E-30   0.275609E-30   0.602431E-29   0.740607E-30   0.120430E-29   0.242559E-28   0.316163E-29   0.173800E-27   0.973572E-28   0.675626E-14   0.147675E-10   0.455520E-11   0.287695E-14   0.181148E-17   0.927673E-22   0.965636E-26   0.198495E-23   0.463929E-26   0.474747E-23   0.744652E-23
   0.333333E+01   0.293146E-30   0.475877E-30   0.382599E-30   0.123000E-29   0.971923E-30   0.313574E-29   0.246025E-29   0.391098E-29   0.126254E-28   0.987268E-29   0.156795E-28   0.505746E-28   0.395294E-28   0.256779E-27   0.202171E-27   0.758384E-14   0.165762E-10   0.510453E-11   0.322864E-14   0.203200E-17   0.104063E-21   0.108899E-25   0.222670E-23   0.655968E-26   0.532442E-23   0.835111E-23
   0.333333E+01   0.184660E-31   0.298562E-31   0.245895E-31   0.767556E-31   0.619445E-31   0.195071E-30   0.156056E-30   0.247705E-30   0.783632E-30   0.624150E-30   0.990822E-30   0.313692E-29   0.249745E-29   0.157724E-28   0.125448E-28   0.331783E-15   0.724999E-12   0.216470E-12   0.140677E-15   0.877965E-19   0.449885E-23   0.521855E-27   0.965275E-25   0.415658E-27   0.229873E-24   0.360285E-24
   0.333333E+01   0.184271E-30   0.297921E-30   0.245327E-30   0.765830E-30   0.617874E-30   0.194606E-29   0.155611E-29   0.246944E-29   0.781505E-29   0.621853E-29   0.986757E-29   0.312637E-28   0.248422E-28   0.157251E-27   0.124865E-27   0.343365E-14   0.750331E-11   0.224646E-11   0.145645E-14   0.909714E-18   0.466091E-22   0.530373E-26   0.999778E-24   0.398439E-26   0.238166E-23   0.373293E-23
   0.333333E+01   0.124534E-32   0.232470E-32   0.158476E-34   0.738515E-32   0.453749E-34   0.215337E-31   0.125042E-33   0.205376E-33   0.974365E-31   0.546362E-33   0.886885E-33   0.415026E-30   0.233196E-32   0.545390E-29   0.172236E-29   0.370652E-15   0.810915E-12   0.259836E-12   0.159362E-15   0.101343E-18   0.520094E-23   0.416156E-27   0.110980E-24   0.630532E-29   0.266854E-24   0.419036E-24
   0.333333E+01   0.665594E-32   0.125211E-31   0.855154E-34   0.402175E-31   0.246583E-33   0.118083E-30   0.681440E-33   0.111929E-32   0.537479E-30   0.296993E-32   0.480767E-32   0.229616E-29   0.125277E-31   0.302070E-28   0.954320E-29   0.201947E-14   0.441409E-11   0.141190E-11   0.863475E-15   0.548263E-18   0.281203E-22   0.230708E-26   0.604223E-24   0.341932E-28   0.145255E-23   0.228084E-23
   0.333333E+01   0.425936E-30   0.774288E-30   0.606807E-32   0.232019E-29   0.176448E-31   0.643412E-29   0.490033E-31   0.806122E-31   0.276651E-28   0.214235E-30   0.346849E-30   0.114400E-27   0.902953E-30   0.922727E-27   0.465695E-27   0.487829E-13   0.106641E-09   0.337246E-10   0.208359E-13   0.132009E-16   0.676187E-21   0.661945E-25   0.144840E-22   0.246062E-26   0.347647E-22   0.545679E-22
   0.333333E+01   0.534483E-27   0.884447E-27   0.358677E-27   0.235987E-26   0.102329E-26   0.615619E-26   0.279023E-26   0.455397E-26   0.253252E-25   0.119459E-25   0.192392E-25   0.102691E-24   0.496188E-25   0.622744E-24   0.414036E-24   0.314724E-10   0.688185E-07   0.220371E-07   0.134661E-10   0.855892E-14   0.438438E-18   0.420437E-22   0.934240E-20   0.174909E-22   0.224554E-19   0.352544E-19
   0.333333E+01   0.301775E-28   0.487126E-28   0.399355E-28   0.124922E-27   0.100500E-27   0.316935E-27   0.252942E-27   0.401297E-27   0.127091E-26   0.101010E-26   0.160253E-26   0.508011E-26   0.403312E-26   0.255620E-25   0.202791E-25   0.706823E-12   0.154558E-08   0.473844E-09   0.300874E-12   0.189128E-15   0.968656E-20   0.102818E-23   0.207318E-21   0.646135E-24   0.495423E-21   0.776956E-21
   0.333333E+01   0.691454E-30   0.111606E-29   0.915187E-30   0.286179E-29   0.230292E-29   0.726005E-29   0.579583E-29   0.919504E-29   0.291113E-28   0.231445E-28   0.367191E-28   0.116363E-27   0.924134E-28   0.585159E-27   0.464517E-27   0.132175E-13   0.288977E-10   0.870360E-11   0.561302E-14   0.351109E-17   0.179898E-21   0.202281E-25   0.385607E-23   0.147778E-25   0.919279E-23   0.144104E-22
   0.333333E+01   0.561249E-28   0.905852E-28   0.742496E-28   0.232262E-27   0.186826E-27   0.589195E-27   0.470169E-27   0.745906E-27   0.236244E-26   0.187743E-26   0.297851E-26   0.944276E-26   0.749588E-26   0.475219E-25   0.376932E-25   0.139129E-11   0.304242E-08   0.936880E-09   0.592590E-12   0.372955E-15   0.190998E-19   0.199786E-23   0.408628E-21   0.120196E-23   0.977075E-21   0.153248E-20
   0.333333E+01   0.000000E+00   0.000000E+00   0.000000E+00   0.000000E+00   0.000000E+00   0.000000E+00   0.000000E+00   0.000000E+00   0.000000E+00   0.000000E+00   0.000000E+00   0.000000E+00   0.000000E+00   0.000000E+00   0.000000E+00   0.000000E+00   0.000000E+00   0.000000E+00   0.000000E+00   0.000000E+00   0.000000E+00   0.000000E+00   0.000000E+00   0.000000E+00   0.000000E+00   0.000000E+00
   0.333333E+01   0.223556E-26   0.453513E-26   0.927834E-26   0.183969E-25   0.370619E-25   0.739377E-25   0.148095E-24   0.296072E-24   0.592202E-24   0.118359E-23   0.236665E-23   0.473499E-23   0.946359E-23   0.189669E-22   0.378558E-22   0.129614E-10   0.277268E-07   0.102985E-07   0.552086E-11   0.363386E-14   0.187266E-18   0.475722E-20   0.110672E-19   0.193714E-19   0.409520E-19   0.809536E-19
   0.350000E+01   0.206502E-25   0.420952E-25   0.875000E-25   0.175000E-24   0.350000E-24   0.694496E-24   0.140000E-23   0.280000E-23   0.560000E-23   0.111801E-22   0.224000E-22   0.448000E-22   0.896000E-22   0.179200E-21   0.358400E-21   0.716800E-21   0.196097E-06   0.831381E-07   0.466079E-10   0.110600E-12   0.308374E-17   0.454145E-19   0.969745E-19   0.183494E-18   0.367940E-18   0.735514E-18
   0.350000E+01   0.815059E-38   0.164056E-37   0.327075E-35   0.654159E-35   0.130831E-34   0.257742E-36   0.523327E-34   0.104665E-33   0.209327E-33   0.402900E-35   0.837321E-33   0.167464E-32   0.334927E-32   0.669849E-32   0.133970E-31   0.267942E-31   0.437388E-18   0.152932E-18   0.105459E-21   0.230039E-24   0.637758E-29   0.430238E-31   0.607511E-31   0.171843E-30   0.146227E-30   0.229068E-30
   0.350000E+01   0.209978E-36   0.376852E-36   0.327098E-35   0.654193E-35   0.130832E-34   0.325459E-35   0.523355E-34   0.104670E-33   0.209330E-33   0.251232E-34   0.837357E-33   0.167473E-32   0.334940E-32   0.669879E-32   0.133976E-31   0.267940E-31   0.105899E-15   0.370142E-16   0.246008E-19   0.556876E-22   0.154384E-26   0.525884E-31   0.147099E-28   0.172558E-30   0.352791E-28   0.553811E-28
   0.350000E+01   0.114352E-37   0.223294E-37   0.327095E-35   0.654186E-35   0.130831E-34   0.308030E-36   0.523349E-34   0.104671E-33   0.209330E-33   0.439097E-35   0.837354E-33   0.167472E-32   0.334942E-32   0.669883E-32   0.133976E-31   0.267941E-31   0.223289E-17   0.780732E-18   0.518933E-21   0.117488E-23   0.325810E-28   0.432040E-31   0.310581E-30   0.171855E-30   0.745329E-30   0.117025E-29
   0.350000E+01   0.867855E-36   0.157568E-35   0.327095E-35   0.654182E-35   0.130831E-34   0.136972E-34   0.523348E-34   0.104671E-33   0.209329E-33   0.999836E-34   0.837357E-33   0.167470E-32   0.334945E-32   0.669882E-32   0.133976E-31   0.267942E-31   0.483513E-15   0.169113E-15   0.112426E-18   0.254556E-21   0.706080E-26   0.869361E-31   0.672959E-28   0.175208E-30   0.161422E-27   0.253414E-27
   0.350000E+01   0.168025E-33   0.307112E-33   0.824844E-37   0.164957E-36   0.329279E-36   0.269483E-32   0.132041E-35   0.264025E-35   0.526809E-35   0.193783E-31   0.211145E-34   0.422381E-34   0.844821E-34   0.168856E-33   0.337808E-33   0.674364E-33   0.975813E-13   0.341223E-13   0.226492E-16   0.512814E-19   0.142117E-23   0.894724E-29   0.135924E-25   0.861446E-30   0.326035E-25   0.511843E-25
   0.350000E+01   0.280813E-31   0.504990E-31   0.138273E-36   0.278745E-36   0.560194E-36   0.425936E-30   0.226419E-35   0.454268E-35   0.909927E-35   0.301076E-29   0.365626E-34   0.732305E-34   0.146593E-33   0.293403E-33   0.587144E-33   0.117390E-32   0.888209E-11   0.301056E-11   0.205073E-14   0.459738E-17   0.127577E-21   0.134082E-26   0.122251E-23   0.106487E-27   0.291776E-23   0.457619E-23
   0.350000E+01   0.256003E-37   0.480237E-37   0.327096E-35   0.654192E-35   0.130832E-34   0.530831E-36   0.523352E-34   0.104670E-33   0.209329E-33   0.597553E-35   0.837360E-33   0.167470E-32   0.334942E-32   0.669887E-32   0.133977E-31   0.267942E-31   0.102420E-16   0.358215E-17   0.238136E-20   0.539191E-23   0.149556E-27   0.439122E-31   0.142551E-29   0.171905E-30   0.341958E-29   0.536867E-29
   0.350000E+01   0.361539E-35   0.660642E-35   0.327097E-35   0.654185E-35   0.130832E-34   0.580184E-34   0.523349E-34   0.104669E-33   0.209330E-33   0.419190E-33   0.210212E-34   0.420485E-34   0.840608E-34   0.168170E-33   0.336219E-33   0.671331E-33   0.209695E-14   0.733663E-15   0.487790E-18   0.110459E-20   0.306463E-25   0.233729E-30   0.292128E-27   0.186609E-30   0.700778E-27   0.110017E-26
   0.350000E+01   0.674358E-33   0.124152E-32   0.834366E-37   0.166967E-36   0.333441E-36   0.110786E-31   0.133724E-35   0.267543E-35   0.533994E-35   0.801993E-31   0.214019E-34   0.428128E-34   0.856256E-34   0.171239E-33   0.342479E-33   0.683657E-33   0.399937E-12   0.139702E-12   0.927015E-16   0.209532E-18   0.581368E-23   0.370378E-28   0.557338E-25   0.303688E-29   0.133664E-24   0.209836E-24
   0.350000E+01   0.782390E-31   0.140257E-30   0.246096E-36   0.505075E-36   0.103088E-35   0.113695E-29   0.425209E-35   0.859503E-35   0.173277E-34   0.781327E-29   0.696630E-34   0.139919E-33   0.280789E-33   0.563058E-33   0.112850E-32   0.225974E-32   0.150854E-10   0.506357E-11   0.347991E-14   0.778892E-17   0.215930E-21   0.317342E-26   0.207143E-23   0.373269E-27   0.493724E-23   0.774154E-23
   0.350000E+01   0.208361E-30   0.337126E-30   0.263991E-34   0.551502E-34   0.114183E-33   0.220413E-29   0.479811E-33   0.976386E-33   0.197980E-32   0.140561E-28   0.798491E-32   0.160801E-31   0.323363E-31   0.649535E-31   0.130355E-30   0.261423E-30   0.218255E-10   0.730060E-11   0.503339E-14   0.112615E-16   0.312035E-21   0.545523E-26   0.298756E-23   0.844376E-26   0.711634E-23   0.111567E-22
   0.350000E+01   0.899836E-31   0.145694E-30   0.224493E-32   0.461626E-32   0.943927E-32   0.962894E-30   0.389744E-31   0.788267E-31   0.159063E-30   0.633373E-29   0.636921E-30   0.127955E-29   0.256802E-29   0.514788E-29   0.102958E-28   0.204877E-28   0.758478E-11   0.248638E-11   0.174467E-14   0.388182E-17   0.107607E-21   0.217720E-26   0.103183E-23   0.386139E-26   0.245019E-23   0.383914E-23
   0.350000E+01   0.591223E-37   0.109484E-36   0.327095E-35   0.654190E-35   0.130837E-34   0.107295E-35   0.523350E-34   0.104670E-33   0.209340E-33   0.988737E-35   0.837354E-33   0.167471E-32   0.334943E-32   0.669882E-32   0.133978E-31   0.267956E-31   0.299688E-16   0.104850E-16   0.697106E-20   0.157857E-22   0.437961E-27   0.457073E-31   0.417485E-29   0.172028E-30   0.100151E-28   0.157233E-28
   0.350000E+01   0.995858E-35   0.183229E-34   0.823199E-37   0.164593E-36   0.329115E-36   0.163275E-33   0.131702E-35   0.263424E-35   0.526847E-35   0.118137E-32   0.210679E-34   0.421387E-34   0.842715E-34   0.168579E-33   0.336990E-33   0.674316E-33   0.597417E-14   0.209085E-14   0.139026E-17   0.314855E-20   0.873736E-25   0.587369E-30   0.833043E-27   0.214822E-30   0.199851E-26   0.313761E-26
   0.350000E+01   0.260673E-32   0.483333E-32   0.125455E-36   0.256587E-36   0.522977E-36   0.438484E-31   0.215003E-35   0.434256E-35   0.875508E-35   0.319519E-30   0.352656E-34   0.708080E-34   0.142079E-33   0.284857E-33   0.570485E-33   0.113981E-32   0.152224E-11   0.529490E-12   0.352477E-15   0.794773E-18   0.220789E-22   0.147832E-27   0.211987E-24   0.118633E-28   0.508042E-24   0.797471E-24
   0.350000E+01   0.151980E-30   0.255905E-30   0.527382E-35   0.112856E-34   0.238208E-34   0.180671E-29   0.102915E-33   0.211496E-33   0.432219E-33   0.118103E-28   0.176227E-32   0.356288E-32   0.718682E-32   0.144655E-31   0.290303E-31   0.579565E-31   0.194254E-10   0.650362E-11   0.448020E-14   0.100250E-16   0.277808E-21   0.462040E-26   0.266215E-23   0.142543E-26   0.634250E-23   0.994399E-23
   0.350000E+01   0.225766E-30   0.365136E-30   0.936383E-33   0.201605E-32   0.427575E-32   0.238996E-29   0.185982E-31   0.383105E-31   0.784389E-31   0.153342E-28   0.320607E-30   0.648797E-30   0.130968E-29   0.263761E-29   0.529564E-29   0.105752E-28   0.234724E-10   0.784917E-11   0.541300E-14   0.121099E-16   0.335543E-21   0.588354E-26   0.321264E-23   0.958152E-26   0.765212E-23   0.119966E-22
   0.350000E+01   0.112882E-30   0.193968E-30   0.854010E-31   0.173252E-30   0.333402E-30   0.162484E-29   0.109270E-29   0.189333E-29   0.321482E-29   0.118362E-28   0.886705E-29   0.145259E-28   0.236289E-28   0.382258E-28   0.615706E-28   0.988227E-28   0.816665E-11   0.267607E-11   0.187843E-14   0.417907E-17   0.115846E-21   0.234494E-26   0.111087E-23   0.416033E-26   0.263789E-23   0.413324E-23
   0.350000E+01   0.181016E-30   0.292720E-30   0.241023E-30   0.382533E-30   0.607105E-30   0.191253E-29   0.152906E-29   0.242656E-29   0.385075E-29   0.121954E-28   0.969647E-29   0.153858E-28   0.244117E-28   0.387298E-28   0.614402E-28   0.974561E-28   0.767890E-11   0.251609E-11   0.176622E-14   0.392933E-17   0.108924E-21   0.220802E-26   0.104452E-23   0.392060E-26   0.248027E-23   0.388626E-23
   0.350000E+01   0.685227E-39   0.129786E-38   0.821318E-37   0.164240E-36   0.328457E-36   0.153012E-37   0.131401E-35   0.262747E-35   0.525568E-35   0.177982E-36   0.210197E-34   0.420364E-34   0.841030E-34   0.168086E-33   0.336123E-33   0.672487E-33   0.264109E-18   0.924244E-19   0.637172E-22   0.139197E-24   0.386408E-29   0.430055E-31   0.369553E-31   0.171806E-30   0.881962E-31   0.138954E-30
   0.350000E+01   0.368386E-34   0.682567E-34   0.161877E-36   0.305546E-36   0.575804E-36   0.618227E-33   0.203925E-35   0.384791E-35   0.728844E-35   0.450216E-32   0.265462E-34   0.511184E-34   0.989747E-34   0.192533E-33   0.376327E-33   0.738739E-33   0.227762E-13   0.797253E-14   0.529774E-17   0.120016E-19   0.332812E-24   0.212404E-29   0.317873E-26   0.341591E-30   0.762630E-26   0.119733E-25
   0.350000E+01   0.646666E-32   0.120747E-31   0.142756E-34   0.254517E-34   0.447309E-34   0.111344E-30   0.132264E-33   0.223286E-33   0.373544E-33   0.816647E-30   0.102562E-32   0.169291E-32   0.279271E-32   0.461260E-32   0.763932E-32   0.127012E-31   0.338261E-11   0.116564E-11   0.782490E-15   0.176099E-17   0.488901E-22   0.378458E-27   0.469582E-24   0.310539E-28   0.112379E-23   0.176355E-23
   0.350000E+01   0.130732E-30   0.214091E-30   0.172943E-32   0.309631E-32   0.545797E-32   0.143333E-29   0.161857E-31   0.273271E-31   0.456806E-31   0.921594E-29   0.124882E-30   0.205377E-30   0.337187E-30   0.553550E-30   0.909939E-30   0.149923E-29   0.158150E-10   0.532418E-11   0.365042E-14   0.818251E-17   0.226668E-21   0.367986E-26   0.216751E-23   0.306447E-26   0.516944E-23   0.810630E-23
   0.350000E+01   0.338383E-30   0.563696E-30   0.341054E-30   0.575817E-30   0.959752E-30   0.399805E-29   0.258723E-29   0.420266E-29   0.679437E-29   0.264003E-28   0.175871E-28   0.282236E-28   0.452497E-28   0.725148E-28   0.116203E-27   0.186243E-27   0.241771E-10   0.807625E-11   0.557498E-14   0.124701E-16   0.345487E-21   0.602607E-26   0.330419E-23   0.991247E-26   0.787084E-23   0.123397E-22
   0.350000E+01   0.207111E-30   0.334955E-30   0.275595E-30   0.437472E-30   0.694384E-30   0.218910E-29   0.174918E-29   0.277604E-29   0.440554E-29   0.139604E-28   0.110941E-28   0.176038E-28   0.279313E-28   0.443142E-28   0.702996E-28   0.111509E-27   0.881714E-11   0.288482E-11   0.202773E-14   0.450980E-17   0.125004E-21   0.252987E-26   0.119712E-23   0.448779E-26   0.284266E-23   0.445409E-23
   0.350000E+01   0.197495E-30   0.319336E-30   0.262958E-30   0.417316E-30   0.662279E-30   0.208615E-29   0.166794E-29   0.264691E-29   0.420039E-29   0.133021E-28   0.105766E-28   0.167822E-28   0.266271E-28   0.422440E-28   0.670141E-28   0.106296E-27   0.841225E-11   0.275257E-11   0.193464E-14   0.430289E-17   0.119268E-21   0.241079E-26   0.114218E-23   0.427476E-26   0.271224E-23   0.424975E-23
   0.350000E+01   0.918259E-39   0.173614E-38   0.821200E-37   0.164240E-36   0.328457E-36   0.188466E-37   0.131383E-35   0.262690E-35   0.525455E-35   0.208021E-36   0.210212E-34   0.420364E-34   0.840608E-34   0.168146E-33   0.336195E-33   0.672438E-33   0.414669E-18   0.145226E-18   0.100151E-21   0.218667E-24   0.607120E-29   0.430208E-31   0.579965E-31   0.171917E-30   0.139353E-30   0.218984E-30
   0.350000E+01   0.183152E-36   0.341781E-36   0.835953E-37   0.166838E-36   0.332735E-36   0.314986E-35   0.132586E-35   0.264759E-35   0.528653E-35   0.231571E-34   0.211010E-34   0.421749E-34   0.842655E-34   0.168507E-33   0.336749E-33   0.673353E-33   0.116115E-15   0.406333E-16   0.269585E-19   0.610620E-22   0.169219E-26   0.536569E-31   0.162188E-28   0.172743E-30   0.389090E-28   0.610891E-28
   0.350000E+01   0.286298E-34   0.538014E-34   0.315150E-36   0.567188E-36   0.101511E-35   0.500995E-33   0.323825E-35   0.580412E-35   0.104602E-34   0.367240E-32   0.348007E-34   0.643441E-34   0.120124E-33   0.226357E-33   0.430277E-33   0.824442E-33   0.101007E-13   0.341501E-14   0.233154E-17   0.522454E-20   0.144950E-24   0.213997E-29   0.139205E-26   0.317753E-30   0.332188E-26   0.521028E-26
   0.350000E+01   0.143330E-30   0.233975E-30   0.231113E-31   0.401521E-31   0.687069E-31   0.156939E-29   0.193636E-30   0.320238E-30   0.525721E-30   0.101426E-28   0.139404E-29   0.225916E-29   0.365406E-29   0.590437E-29   0.953878E-29   0.154169E-28   0.162678E-10   0.548608E-11   0.375577E-14   0.842273E-17   0.233312E-21   0.377594E-26   0.223011E-23   0.497986E-26   0.531980E-23   0.834238E-23
   0.350000E+01   0.309587E-30   0.502428E-30   0.404961E-30   0.645460E-30   0.102772E-29   0.330781E-29   0.259979E-29   0.413187E-29   0.656458E-29   0.211495E-28   0.165577E-28   0.262896E-28   0.417356E-28   0.662483E-28   0.105146E-27   0.166860E-27   0.183084E-10   0.616332E-11   0.422592E-14   0.947247E-17   0.262400E-21   0.432337E-26   0.250814E-23   0.691667E-26   0.598137E-23   0.937935E-23
   0.350000E+01   0.204599E-31   0.330835E-31   0.272466E-31   0.432446E-31   0.686365E-31   0.216171E-30   0.172909E-30   0.274450E-30   0.435630E-30   0.137901E-29   0.109768E-29   0.174254E-29   0.276642E-29   0.439228E-29   0.697438E-29   0.110758E-28   0.841389E-12   0.274661E-12   0.193437E-15   0.429910E-18   0.119182E-22   0.251117E-27   0.114150E-24   0.459132E-27   0.270967E-24   0.424557E-24
   0.350000E+01   0.202380E-30   0.327234E-30   0.269459E-30   0.427633E-30   0.678651E-30   0.213773E-29   0.170917E-29   0.271234E-29   0.430420E-29   0.136310E-28   0.108380E-28   0.171969E-28   0.272850E-28   0.432877E-28   0.686696E-28   0.108921E-27   0.865166E-11   0.283226E-11   0.198981E-14   0.442617E-17   0.122684E-21   0.247317E-26   0.117481E-23   0.438018E-26   0.278985E-23   0.437139E-23
   0.350000E+01   0.141061E-32   0.263024E-32   0.181172E-34   0.308106E-34   0.518040E-34   0.241769E-31   0.142408E-33   0.233600E-33   0.381251E-33   0.177103E-30   0.100518E-32   0.162829E-32   0.263666E-32   0.427234E-32   0.693342E-32   0.112784E-31   0.895387E-12   0.313563E-12   0.208547E-15   0.472410E-18   0.131162E-22   0.820700E-28   0.125079E-24   0.727757E-29   0.300115E-24   0.471196E-24
   0.350000E+01   0.780261E-32   0.146616E-31   0.101227E-33   0.172878E-33   0.291556E-33   0.137208E-30   0.803987E-33   0.131916E-32   0.215172E-32   0.101229E-29   0.565164E-32   0.912422E-32   0.147082E-31   0.236927E-31   0.381637E-31   0.615046E-31   0.504155E-11   0.176260E-11   0.116899E-14   0.264389E-17   0.733289E-22   0.470788E-27   0.704446E-24   0.409629E-28   0.168980E-23   0.265298E-23
   0.350000E+01   0.464068E-30   0.838264E-30   0.682326E-32   0.117084E-31   0.198193E-31   0.684559E-29   0.549285E-31   0.902683E-31   0.147401E-30   0.470255E-28   0.387515E-30   0.625548E-30   0.100789E-29   0.162210E-29   0.260937E-29   0.419761E-29   0.114655E-09   0.396401E-10   0.265519E-13   0.599232E-16   0.166008E-20   0.203157E-25   0.158917E-22   0.280194E-26   0.380571E-22   0.597258E-22
   0.350000E+01   0.552005E-27   0.914254E-27   0.393896E-27   0.667740E-27   0.111664E-26   0.636602E-26   0.302826E-26   0.493181E-26   0.799029E-26   0.417630E-25   0.207421E-25   0.333036E-25   0.533927E-25   0.855187E-25   0.136905E-24   0.219129E-24   0.729813E-07   0.255468E-07   0.169274E-10   0.383259E-13   0.106176E-17   0.138267E-22   0.101147E-19   0.178730E-22   0.242612E-19   0.380844E-19
   0.350000E+01   0.321361E-28   0.518772E-28   0.425313E-28   0.674660E-28   0.107023E-27   0.337510E-27   0.269342E-27   0.427305E-27   0.677922E-27   0.214815E-26   0.170632E-26   0.270697E-26   0.429424E-26   0.681171E-26   0.108039E-25   0.171336E-25   0.172023E-08   0.576404E-09   0.396816E-12   0.888305E-15   0.246104E-19   0.421457E-24   0.235272E-21   0.689034E-24   0.560661E-21   0.879048E-21
   0.350000E+01   0.762422E-30   0.123068E-29   0.100920E-29   0.160077E-29   0.253923E-29   0.800521E-29   0.639013E-29   0.101376E-28   0.160833E-28   0.509477E-28   0.404812E-28   0.642215E-28   0.101880E-27   0.161609E-27   0.256331E-27   0.406520E-27   0.331539E-10   0.109109E-10   0.762984E-14   0.169939E-16   0.471058E-21   0.930201E-26   0.450831E-23   0.163093E-25   0.107139E-22   0.167898E-22
   0.350000E+01   0.590932E-28   0.953812E-28   0.781826E-28   0.124008E-27   0.196702E-27   0.620351E-27   0.494990E-27   0.785265E-27   0.124579E-26   0.394788E-26   0.313552E-26   0.497426E-26   0.789089E-26   0.125168E-25   0.198525E-25   0.314832E-25   0.336038E-08   0.113121E-08   0.775635E-12   0.173859E-14   0.481613E-19   0.792670E-24   0.460277E-21   0.126746E-23   0.109763E-20   0.172117E-20
   0.350000E+01   0.000000E+00   0.000000E+00   0.000000E+00   0.000000E+00   0.000000E+00   0.000000E+00   0.000000E+00   0.000000E+00   0.000000E+00   0.000000E+00   0.000000E+00   0.000000E+00   0.000000E+00   0.000000E+00   0.000000E+00   0.000000E+00   0.000000E+00   0.000000E+00   0.000000E+00   0.000000E+00   0.000000E+00   0.000000E+00   0.000000E+00   0.000000E+00   0.000000E+00   0.000000E+00
   0.350000E+01   0.223676E-26   0.453752E-26   0.928204E-26   0.185490E-25   0.370717E-25   0.739593E-25   0.148120E-24   0.296112E-24   0.592013E-24   0.118441E-23   0.236681E-23   0.473272E-23   0.946399E-23   0.189256E-22   0.378476E-22   0.756892E-22   0.275996E-07   0.111846E-07   0.651969E-11   0.152944E-13   0.425791E-18   0.479529E-20   0.111921E-19   0.193714E-19   0.411306E-19   0.812367E-19
   0.366667E+01   0.206464E-25   0.420909E-25   0.875000E-25   0.175000E-24   0.350000E-24   0.694495E-24   0.140000E-23   0.280000E-23   0.560000E-23   0.111801E-22   0.224000E-22   0.448000E-22   0.896000E-22   0.179200E-21   0.358400E-21   0.716800E-21   0.191093E-06   0.881338E-07   0.550090E-10   0.288868E-12   0.711792E-17   0.446694E-19   0.110832E-18   0.183495E-18   0.367958E-18   0.735575E-18
   0.366667E+01   0.829885E-38   0.166584E-37   0.327075E-35   0.654159E-35   0.130831E-34   0.260027E-36   0.523327E-34   0.104665E-33   0.209327E-33   0.404629E-35   0.837321E-33   0.167464E-32   0.334927E-32   0.669849E-32   0.133970E-31   0.267942E-31   0.504210E-18   0.191446E-18   0.146718E-21   0.705466E-24   0.171878E-28   0.431234E-31   0.193687E-32   0.171794E-30   0.171761E-30   0.268408E-30
   0.366667E+01   0.246226E-36   0.440930E-36   0.327098E-35   0.654193E-35   0.130832E-34   0.375859E-35   0.523355E-34   0.104670E-33   0.209330E-33   0.285418E-34   0.837357E-33   0.167473E-32   0.334940E-32   0.669879E-32   0.133976E-31   0.267940E-31   0.122166E-15   0.463828E-16   0.343145E-19   0.170901E-21   0.416324E-26   0.681123E-31   0.469496E-30   0.172620E-30   0.414670E-28   0.650862E-28
   0.366667E+01   0.121640E-37   0.236248E-37   0.327095E-35   0.654186E-35   0.130831E-34   0.318713E-36   0.523349E-34   0.104671E-33   0.209330E-33   0.445783E-35   0.837354E-33   0.167472E-32   0.334942E-32   0.669883E-32   0.133976E-31   0.267941E-31   0.257178E-17   0.976735E-18   0.722675E-21   0.359954E-23   0.877128E-28   0.435533E-31   0.101228E-31   0.171868E-30   0.874307E-30   0.137294E-29
   0.366667E+01   0.102056E-35   0.184976E-35   0.327095E-35   0.654182E-35   0.130831E-34   0.159300E-34   0.523348E-34   0.104671E-33   0.209329E-33   0.115325E-33   0.837357E-33   0.167470E-32   0.334945E-32   0.669882E-32   0.133976E-31   0.267942E-31   0.557125E-15   0.211664E-15   0.156629E-18   0.780269E-21   0.190178E-25   0.157576E-30   0.214444E-29   0.175554E-30   0.189508E-27   0.297466E-27
   0.366667E+01   0.197884E-33   0.361119E-33   0.825373E-37   0.165016E-36   0.329350E-36   0.314284E-32   0.132050E-35   0.264082E-35   0.527148E-35   0.224779E-31   0.211281E-34   0.422591E-34   0.845243E-34   0.168988E-33   0.338097E-33   0.674942E-33   0.112448E-12   0.427120E-13   0.315585E-16   0.157232E-18   0.382854E-23   0.232591E-28   0.434667E-27   0.926097E-30   0.382789E-25   0.600860E-25
   0.366667E+01   0.325576E-31   0.584453E-31   0.142317E-36   0.286926E-36   0.576956E-36   0.488435E-30   0.233246E-35   0.468091E-35   0.937499E-35   0.343172E-29   0.376850E-34   0.754814E-34   0.151095E-33   0.302467E-33   0.605320E-33   0.121001E-32   0.100380E-10   0.369630E-11   0.280195E-14   0.137763E-16   0.336473E-21   0.306751E-26   0.480552E-25   0.114672E-27   0.335540E-23   0.526141E-23
   0.366667E+01   0.287977E-37   0.537751E-37   0.327097E-35   0.654189E-35   0.130831E-34   0.577387E-36   0.523354E-34   0.104669E-33   0.209327E-33   0.630149E-35   0.837355E-33   0.167470E-32   0.334942E-32   0.669881E-32   0.133976E-31   0.267942E-31   0.117808E-16   0.447576E-17   0.331198E-20   0.164989E-22   0.402126E-27   0.454533E-31   0.455622E-31   0.171930E-30   0.400759E-29   0.629115E-29
   0.366667E+01   0.425130E-35   0.775594E-35   0.327096E-35   0.654191E-35   0.130830E-34   0.675391E-34   0.523350E-34   0.104671E-33   0.209330E-33   0.485015E-33   0.210242E-34   0.420304E-34   0.840849E-34   0.168098E-33   0.336340E-33   0.671620E-33   0.241369E-14   0.917302E-15   0.678871E-18   0.338226E-20   0.824574E-25   0.539706E-30   0.929853E-29   0.187978E-30   0.821846E-27   0.129007E-26
   0.366667E+01   0.793007E-33   0.145765E-32   0.835659E-37   0.167144E-36   0.333934E-36   0.129009E-31   0.133931E-35   0.267881E-35   0.534709E-35   0.928875E-31   0.214305E-34   0.428640E-34   0.857099E-34   0.171480E-33   0.343056E-33   0.684716E-33   0.460093E-12   0.174577E-12   0.128953E-15   0.640994E-18   0.156357E-22   0.963514E-28   0.180302E-26   0.330074E-29   0.156660E-24   0.245902E-24
   0.366667E+01   0.883632E-31   0.157550E-30   0.256505E-36   0.526821E-36   0.107555E-35   0.125806E-29   0.443923E-35   0.897532E-35   0.180962E-34   0.858994E-29   0.727610E-34   0.146142E-33   0.293301E-33   0.588191E-33   0.117891E-32   0.236076E-32   0.168592E-10   0.614783E-11   0.470147E-14   0.230874E-16   0.562813E-21   0.573972E-26   0.903554E-25   0.398852E-27   0.561233E-23   0.879795E-23
   0.366667E+01   0.221465E-30   0.358301E-30   0.280330E-34   0.585640E-34   0.121252E-33   0.234191E-29   0.509521E-33   0.103685E-32   0.210240E-32   0.149325E-28   0.847940E-32   0.170759E-31   0.343389E-31   0.689763E-31   0.138428E-30   0.277613E-30   0.242119E-10   0.879653E-11   0.674977E-14   0.331404E-16   0.807051E-21   0.853841E-26   0.139001E-24   0.896820E-26   0.802858E-23   0.125837E-22
   0.366667E+01   0.982234E-31   0.159039E-30   0.246328E-32   0.506637E-32   0.103615E-31   0.105106E-29   0.427939E-31   0.865600E-31   0.174682E-30   0.691453E-29   0.699540E-30   0.140540E-29   0.282068E-29   0.565438E-29   0.113081E-28   0.224981E-28   0.866698E-11   0.308693E-11   0.240970E-14   0.117482E-16   0.286371E-21   0.334475E-26   0.592717E-25   0.421178E-26   0.284539E-23   0.445703E-23
   0.366667E+01   0.674295E-37   0.124497E-36   0.327095E-35   0.654194E-35   0.130837E-34   0.119676E-35   0.523350E-34   0.104670E-33   0.209340E-33   0.107398E-34   0.837358E-33   0.167471E-32   0.334944E-32   0.669881E-32   0.133977E-31   0.267950E-31   0.340313E-16   0.129330E-16   0.957129E-20   0.476857E-22   0.116252E-26   0.500320E-31   0.131356E-30   0.172029E-30   0.115873E-28   0.181889E-28
   0.366667E+01   0.115724E-34   0.212588E-34   0.823434E-37   0.164640E-36   0.329279E-36   0.187889E-33   0.131778E-35   0.263480E-35   0.526922E-35   0.135213E-32   0.210799E-34   0.421688E-34   0.843196E-34   0.168555E-33   0.337279E-33   0.674557E-33   0.679361E-14   0.258264E-14   0.191149E-17   0.952442E-20   0.232248E-24   0.144279E-29   0.261967E-28   0.218336E-30   0.231549E-26   0.363475E-26
   0.366667E+01   0.305702E-32   0.565930E-32   0.133207E-36   0.273185E-36   0.557819E-36   0.509224E-31   0.230021E-35   0.465120E-35   0.938778E-35   0.369065E-30   0.378295E-34   0.760020E-34   0.152564E-33   0.305970E-33   0.612638E-33   0.122398E-32   0.174552E-11   0.659543E-12   0.488717E-15   0.241912E-17   0.591759E-22   0.383417E-27   0.706996E-26   0.129238E-28   0.593417E-24   0.931336E-24
   0.366667E+01   0.164966E-30   0.276901E-30   0.607118E-35   0.129990E-34   0.274488E-34   0.194149E-29   0.118661E-33   0.243906E-33   0.498537E-33   0.126595E-28   0.203314E-32   0.411086E-32   0.829268E-32   0.166918E-31   0.334965E-31   0.668593E-31   0.215832E-10   0.784958E-11   0.601752E-14   0.295479E-16   0.719736E-21   0.753210E-26   0.120687E-24   0.152124E-26   0.716719E-23   0.112342E-22
   0.366667E+01   0.240011E-30   0.388182E-30   0.108251E-32   0.233162E-32   0.494666E-32   0.254100E-29   0.215267E-31   0.443503E-31   0.908171E-31   0.163113E-28   0.371279E-30   0.751387E-30   0.151684E-29   0.305488E-29   0.613307E-29   0.122451E-28   0.260492E-10   0.946121E-11   0.726169E-14   0.356502E-16   0.868179E-21   0.920014E-26   0.150077E-24   0.101799E-25   0.863636E-23   0.135362E-22
   0.366667E+01   0.125064E-30   0.215760E-30   0.101124E-30   0.202628E-30   0.385168E-30   0.180501E-29   0.123718E-29   0.212763E-29   0.359094E-29   0.130289E-28   0.982115E-29   0.160399E-28   0.260288E-28   0.420277E-28   0.675923E-28   0.108359E-27   0.933303E-11   0.332306E-11   0.259478E-14   0.126495E-16   0.308335E-21   0.360270E-26   0.638738E-25   0.453917E-26   0.306376E-23   0.479910E-23
   0.366667E+01   0.197686E-30   0.319686E-30   0.263194E-30   0.417714E-30   0.662934E-30   0.208866E-29   0.166965E-29   0.264966E-29   0.420478E-29   0.133179E-28   0.105878E-28   0.168000E-28   0.266555E-28   0.422893E-28   0.670861E-28   0.106410E-27   0.877828E-11   0.312529E-11   0.244052E-14   0.118969E-16   0.289997E-21   0.339191E-26   0.601774E-25   0.427897E-26   0.288153E-23   0.451363E-23
   0.366667E+01   0.765535E-39   0.144475E-38   0.821377E-37   0.164252E-36   0.328433E-36   0.160942E-37   0.131392E-35   0.262784E-35   0.525418E-35   0.188496E-36   0.210242E-34   0.420394E-34   0.840368E-34   0.168098E-33   0.336147E-33   0.672390E-33   0.303423E-18   0.115094E-18   0.883686E-22   0.425540E-24   0.103769E-28   0.430963E-31   0.142815E-32   0.171807E-30   0.103734E-30   0.163250E-30
   0.366667E+01   0.426273E-34   0.788582E-34   0.177323E-36   0.333006E-36   0.623153E-36   0.708427E-33   0.217448E-35   0.406984E-35   0.765444E-35   0.513124E-32   0.275197E-34   0.527163E-34   0.101527E-33   0.196830E-33   0.383236E-33   0.750101E-33   0.257897E-13   0.980569E-14   0.725287E-17   0.361530E-19   0.880888E-24   0.536721E-29   0.995942E-28   0.354928E-30   0.879803E-26   0.138111E-25
   0.366667E+01   0.745798E-32   0.139037E-31   0.169682E-34   0.302507E-34   0.530752E-34   0.127165E-30   0.156098E-33   0.262804E-33   0.438554E-33   0.927664E-30   0.119917E-32   0.197586E-32   0.325437E-32   0.536722E-32   0.887642E-32   0.147376E-31   0.380992E-11   0.142662E-11   0.106566E-14   0.526315E-17   0.128652E-21   0.959600E-27   0.162978E-25   0.333696E-28   0.128920E-23   0.202276E-23
   0.366667E+01   0.137838E-30   0.225515E-30   0.202011E-32   0.361693E-32   0.636578E-32   0.150683E-29   0.187839E-31   0.316352E-31   0.527669E-31   0.968180E-29   0.143791E-30   0.236204E-30   0.387476E-30   0.635753E-30   0.104473E-29   0.172111E-29   0.173407E-10   0.634383E-11   0.483891E-14   0.238201E-16   0.579806E-21   0.586544E-26   0.911475E-25   0.322324E-26   0.576797E-23   0.904289E-23
   0.366667E+01   0.366749E-30   0.610861E-30   0.382280E-30   0.642182E-30   0.106529E-29   0.431336E-29   0.285010E-29   0.461685E-29   0.744740E-29   0.283827E-28   0.192157E-28   0.307992E-28   0.493266E-28   0.789731E-28   0.126439E-27   0.202475E-27   0.268003E-10   0.972677E-11   0.747056E-14   0.366734E-16   0.892937E-21   0.942830E-26   0.153303E-24   0.105191E-25   0.887502E-23   0.139105E-22
   0.366667E+01   0.226245E-30   0.365909E-30   0.301048E-30   0.477861E-30   0.758475E-30   0.239126E-29   0.191056E-29   0.303213E-29   0.481190E-29   0.152487E-28   0.121172E-28   0.192270E-28   0.305066E-28   0.483996E-28   0.767797E-28   0.121786E-27   0.100759E-10   0.358318E-11   0.280093E-14   0.136508E-16   0.332704E-21   0.388806E-26   0.689538E-25   0.489909E-26   0.330229E-23   0.517272E-23
   0.366667E+01   0.215591E-30   0.348613E-30   0.287026E-30   0.455512E-30   0.722895E-30   0.227739E-29   0.182059E-29   0.288916E-29   0.458480E-29   0.145209E-28   0.115445E-28   0.183179E-28   0.290634E-28   0.461090E-28   0.731446E-28   0.116018E-27   0.961014E-11   0.341788E-11   0.267150E-14   0.130207E-16   0.317339E-21   0.370484E-26   0.656494E-25   0.466391E-26   0.314981E-23   0.493390E-23
   0.366667E+01   0.102904E-38   0.195366E-38   0.821553E-37   0.164264E-36   0.328504E-36   0.210391E-37   0.131392E-35   0.262671E-35   0.525568E-35   0.219287E-36   0.210212E-34   0.420214E-34   0.840789E-34   0.168182E-33   0.336243E-33   0.672438E-33   0.475529E-18   0.180835E-18   0.138623E-21   0.666909E-24   0.162720E-28   0.431174E-31   0.207523E-32   0.171844E-30   0.162463E-30   0.255801E-30
   0.366667E+01   0.216967E-36   0.404249E-36   0.838892E-37   0.167332E-36   0.333605E-36   0.369463E-35   0.132840E-35   0.265135E-35   0.529217E-35   0.270053E-34   0.211175E-34   0.421959E-34   0.843256E-34   0.168543E-33   0.336966E-33   0.673305E-33   0.134619E-15   0.511704E-16   0.377911E-19   0.188373E-21   0.458645E-26   0.709804E-31   0.522853E-30   0.172842E-30   0.459580E-28   0.721464E-28
   0.366667E+01   0.332369E-34   0.623386E-34   0.358949E-36   0.642278E-36   0.114204E-35   0.574467E-33   0.358676E-35   0.637381E-35   0.113852E-34   0.418209E-32   0.372126E-34   0.682351E-34   0.126407E-33   0.236408E-33   0.446479E-33   0.850779E-33   0.114011E-13   0.418853E-14   0.318164E-17   0.156369E-19   0.381788E-24   0.536365E-29   0.566094E-28   0.330080E-30   0.381583E-26   0.598361E-26
   0.366667E+01   0.150608E-30   0.245945E-30   0.266891E-31   0.463188E-31   0.791359E-31   0.165136E-29   0.222270E-30   0.367042E-30   0.601779E-30   0.106760E-28   0.159265E-29   0.257917E-29   0.416929E-29   0.673392E-29   0.108753E-28   0.175725E-28   0.177896E-10   0.651917E-11   0.496533E-14   0.244577E-16   0.595268E-21   0.598096E-26   0.926333E-25   0.520562E-26   0.592038E-23   0.928219E-23
   0.366667E+01   0.325309E-30   0.527794E-30   0.426232E-30   0.679055E-30   0.108081E-29   0.347199E-29   0.273267E-29   0.434226E-29   0.689783E-29   0.221911E-28   0.173947E-28   0.276163E-28   0.438387E-28   0.695824E-28   0.110431E-27   0.175238E-27   0.200741E-10   0.734272E-11   0.560155E-14   0.275734E-16   0.671156E-21   0.681627E-26   0.106856E-24   0.724504E-26   0.667352E-23   0.104624E-22
   0.366667E+01   0.225166E-31   0.364108E-31   0.299826E-31   0.475865E-31   0.755269E-31   0.237906E-30   0.190262E-30   0.301987E-30   0.479327E-30   0.151753E-29   0.120770E-29   0.191710E-29   0.304337E-29   0.483162E-29   0.767125E-29   0.121810E-28   0.966883E-12   0.343019E-12   0.268683E-15   0.130811E-17   0.318920E-22   0.383427E-27   0.684178E-26   0.503338E-27   0.316490E-24   0.495727E-24
   0.366667E+01   0.220742E-30   0.356940E-30   0.293880E-30   0.466388E-30   0.740155E-30   0.233178E-29   0.186406E-29   0.295813E-29   0.469424E-29   0.148676E-28   0.118201E-28   0.187550E-28   0.297570E-28   0.472092E-28   0.748898E-28   0.118786E-27   0.987774E-11   0.351462E-11   0.274606E-14   0.133861E-16   0.326239E-21   0.380112E-26   0.673786E-25   0.477504E-26   0.323805E-23   0.507217E-23
   0.366667E+01   0.158026E-32   0.294197E-32   0.205085E-34   0.348577E-34   0.585533E-34   0.268230E-31   0.160594E-33   0.263135E-33   0.429001E-33   0.195434E-30   0.112886E-32   0.182686E-32   0.295532E-32   0.478359E-32   0.775380E-32   0.125963E-31   0.981673E-12   0.373417E-12   0.276447E-15   0.137775E-17   0.336134E-22   0.202972E-27   0.379274E-26   0.761842E-29   0.335234E-24   0.526265E-24
   0.366667E+01   0.903458E-32   0.169499E-31   0.118484E-33   0.202251E-33   0.340802E-33   0.157336E-30   0.937873E-33   0.153737E-32   0.250553E-32   0.115457E-29   0.657210E-32   0.106044E-31   0.170862E-31   0.275113E-31   0.442968E-31   0.713610E-31   0.571081E-11   0.216874E-11   0.160115E-14   0.796524E-17   0.194192E-21   0.120336E-26   0.224920E-25   0.443547E-28   0.195004E-23   0.306112E-23
   0.366667E+01   0.499961E-30   0.897640E-30   0.759747E-32   0.130308E-31   0.220395E-31   0.721701E-29   0.609616E-31   0.100092E-30   0.163314E-30   0.492687E-28   0.428852E-30   0.691980E-30   0.111456E-29   0.179335E-29   0.288438E-29   0.463954E-29   0.122568E-09   0.460426E-10   0.343205E-13   0.170341E-15   0.414661E-20   0.367937E-25   0.519248E-24   0.288681E-26   0.414380E-22   0.650215E-22
   0.366667E+01   0.568459E-27   0.942070E-27   0.427604E-27   0.722545E-27   0.120462E-26   0.655772E-26   0.325062E-26   0.528384E-26   0.854714E-26   0.429736E-25   0.221361E-25   0.355102E-25   0.568876E-25   0.910571E-25   0.145686E-24   0.233056E-24   0.770277E-07   0.292929E-07   0.216039E-10   0.107644E-12   0.262033E-17   0.229548E-22   0.300541E-21   0.180788E-22   0.260951E-19   0.409579E-19
   0.366667E+01   0.340749E-28   0.550073E-28   0.450939E-28   0.715275E-28   0.113461E-27   0.357826E-27   0.285527E-27   0.452973E-27   0.718630E-27   0.227725E-26   0.180874E-26   0.286943E-26   0.455192E-26   0.722042E-26   0.114521E-25   0.181615E-25   0.190071E-08   0.691871E-09   0.530023E-12   0.260436E-14   0.634103E-19   0.661853E-24   0.106729E-22   0.730222E-24   0.630192E-21   0.987824E-21
   0.366667E+01   0.836204E-30   0.134977E-29   0.110675E-29   0.175543E-29   0.278444E-29   0.877862E-29   0.700674E-29   0.111156E-28   0.176345E-28   0.558644E-28   0.443843E-28   0.704129E-28   0.111701E-27   0.177186E-27   0.281036E-27   0.445698E-27   0.377246E-10   0.134849E-10   0.104934E-13   0.512176E-16   0.124843E-20   0.143974E-25   0.253265E-24   0.178754E-25   0.123917E-22   0.194130E-22
   0.366667E+01   0.619392E-28   0.999745E-28   0.819405E-28   0.129962E-27   0.206137E-27   0.650130E-27   0.518698E-27   0.822856E-27   0.130541E-26   0.413696E-26   0.328547E-26   0.521209E-26   0.826811E-26   0.131150E-25   0.208013E-25   0.329878E-25   0.368448E-08   0.134768E-08   0.102813E-11   0.506089E-14   0.123186E-18   0.125025E-23   0.196104E-22   0.132785E-23   0.122466E-20   0.191993E-20
   0.366667E+01   0.000000E+00   0.000000E+00   0.000000E+00   0.000000E+00   0.000000E+00   0.000000E+00   0.000000E+00   0.000000E+00   0.000000E+00   0.000000E+00   0.000000E+00   0.000000E+00   0.000000E+00   0.000000E+00   0.000000E+00   0.000000E+00   0.000000E+00   0.000000E+00   0.000000E+00   0.000000E+00   0.000000E+00   0.000000E+00   0.000000E+00   0.000000E+00   0.000000E+00   0.000000E+00
   0.366667E+01   0.223825E-26   0.454023E-26   0.928559E-26   0.185548E-25   0.370809E-25   0.739807E-25   0.148143E-24   0.296149E-24   0.592071E-24   0.118455E-23   0.236695E-23   0.473295E-23   0.946435E-23   0.189262E-22   0.378485E-22   0.756906E-22   0.274751E-07   0.120729E-07   0.785434E-11   0.406860E-13   0.999495E-18   0.471751E-20   0.117287E-19   0.193715E-19   0.413124E-19   0.815250E-19
   0.383333E+01   0.206423E-25   0.420863E-25   0.875000E-25   0.175000E-24   0.350000E-24   0.694492E-24   0.140000E-23   0.280000E-23   0.560000E-23   0.111802E-22   0.224000E-22   0.448000E-22   0.896000E-22   0.179200E-21   0.358400E-21   0.716800E-21   0.186300E-06   0.929158E-07   0.659341E-10   0.163828E-13   0.521849E-18   0.457576E-19   0.111297E-18   0.183494E-18   0.367973E-18   0.735636E-18
   0.383333E+01   0.846084E-38   0.169393E-37   0.327075E-35   0.654159E-35   0.130831E-34   0.262172E-36   0.523327E-34   0.104665E-33   0.209327E-33   0.406134E-35   0.837321E-33   0.167464E-32   0.334927E-32   0.669849E-32   0.133970E-31   0.267942E-31   0.576378E-18   0.236307E-18   0.205382E-21   0.471485E-25   0.146533E-29   0.429740E-31   0.828150E-32   0.171843E-30   0.199251E-30   0.314041E-30
   0.383333E+01   0.285304E-36   0.509691E-36   0.327098E-35   0.654193E-35   0.130832E-34   0.429272E-35   0.523355E-34   0.104670E-33   0.209330E-33   0.321392E-34   0.837357E-33   0.167473E-32   0.334940E-32   0.669879E-32   0.133976E-31   0.267940E-31   0.139775E-15   0.572933E-16   0.481907E-19   0.114300E-22   0.355260E-27   0.465893E-31   0.200446E-29   0.172804E-30   0.483189E-28   0.758308E-28
   0.383333E+01   0.129561E-37   0.250358E-37   0.327095E-35   0.654186E-35   0.130831E-34   0.329394E-36   0.523349E-34   0.104671E-33   0.209330E-33   0.453896E-35   0.837354E-33   0.167472E-32   0.334942E-32   0.669883E-32   0.133976E-31   0.267941E-31   0.293758E-17   0.120450E-17   0.101323E-20   0.240346E-24   0.747245E-29   0.430386E-31   0.423630E-31   0.171855E-30   0.101706E-29   0.159641E-29
   0.383333E+01   0.118487E-35   0.214342E-35   0.327095E-35   0.654182E-35   0.130831E-34   0.182925E-34   0.523348E-34   0.104671E-33   0.209329E-33   0.131484E-33   0.837357E-33   0.167470E-32   0.334945E-32   0.669882E-32   0.133976E-31   0.267942E-31   0.636674E-15   0.261141E-15   0.219704E-18   0.521220E-22   0.162089E-26   0.595685E-31   0.914744E-29   0.176219E-30   0.220556E-27   0.346156E-27
   0.383333E+01   0.230021E-33   0.418999E-33   0.825491E-37   0.165039E-36   0.329538E-36   0.361687E-32   0.132154E-35   0.264214E-35   0.527336E-35   0.257434E-31   0.211431E-34   0.422742E-34   0.845543E-34   0.169061E-33   0.338145E-33   0.675038E-33   0.128518E-12   0.527016E-13   0.442734E-16   0.104981E-19   0.326395E-24   0.340999E-29   0.185455E-26   0.108072E-29   0.445540E-25   0.699266E-25
   0.383333E+01   0.372470E-31   0.667247E-31   0.146349E-36   0.295120E-36   0.593719E-36   0.552478E-30   0.240017E-35   0.481784E-35   0.965297E-35   0.386059E-29   0.387985E-34   0.777083E-34   0.155609E-33   0.311375E-33   0.623279E-33   0.124608E-32   0.112574E-10   0.447626E-11   0.385661E-14   0.908361E-18   0.281170E-22   0.503309E-27   0.195271E-24   0.136002E-27   0.382807E-23   0.600122E-23
   0.383333E+01   0.322349E-37   0.599433E-37   0.327095E-35   0.654191E-35   0.130831E-34   0.626647E-36   0.523352E-34   0.104670E-33   0.209329E-33   0.663346E-35   0.837363E-33   0.167472E-32   0.334943E-32   0.669885E-32   0.133977E-31   0.267939E-31   0.134398E-16   0.551243E-17   0.463767E-20   0.110022E-23   0.342142E-28   0.432968E-31   0.193306E-30   0.171942E-30   0.465606E-29   0.730776E-29
   0.383333E+01   0.493443E-35   0.898557E-35   0.327096E-35   0.654192E-35   0.130831E-34   0.775933E-34   0.523349E-34   0.104670E-33   0.209330E-33   0.554223E-33   0.210212E-34   0.420394E-34   0.840789E-34   0.168134E-33   0.336292E-33   0.671475E-33   0.275547E-14   0.113054E-14   0.951258E-18   0.225698E-21   0.702051E-26   0.114892E-30   0.396249E-28   0.191330E-30   0.955493E-27   0.149966E-26
   0.383333E+01   0.920403E-33   0.168873E-32   0.837187E-37   0.167402E-36   0.334452E-36   0.148243E-31   0.134082E-35   0.268295E-35   0.535649E-35   0.106221E-30   0.214711E-34   0.429272E-34   0.858784E-34   0.171733E-33   0.343658E-33   0.685872E-33   0.524966E-12   0.215051E-12   0.180608E-15   0.428188E-19   0.133069E-23   0.139896E-28   0.764814E-26   0.393649E-29   0.182029E-24   0.285682E-24
   0.383333E+01   0.984773E-31   0.174690E-30   0.266726E-36   0.548051E-36   0.111938E-35   0.137639E-29   0.462167E-35   0.934640E-35   0.188470E-34   0.934728E-29   0.757808E-34   0.152242E-33   0.305531E-33   0.612855E-33   0.122833E-32   0.245941E-32   0.187095E-10   0.736711E-11   0.640307E-14   0.150485E-17   0.465233E-22   0.161824E-26   0.366111E-24   0.469417E-27   0.633328E-23   0.992569E-23
   0.383333E+01   0.234237E-30   0.378943E-30   0.296262E-34   0.618930E-34   0.128146E-33   0.247623E-29   0.538493E-33   0.109581E-32   0.222195E-32   0.157870E-28   0.896162E-32   0.180470E-31   0.362918E-31   0.728991E-31   0.146301E-30   0.293402E-30   0.266916E-10   0.104690E-10   0.913146E-14   0.214420E-17   0.662560E-22   0.463603E-26   0.573731E-24   0.955958E-26   0.899835E-23   0.141001E-22
   0.383333E+01   0.106515E-30   0.172468E-30   0.268478E-32   0.552312E-32   0.112976E-31   0.113980E-29   0.466720E-31   0.944131E-31   0.190544E-30   0.749919E-29   0.763146E-30   0.153325E-29   0.307734E-29   0.616889E-29   0.123363E-28   0.245395E-28   0.982310E-11   0.377832E-11   0.335131E-14   0.783576E-18   0.241570E-22   0.204462E-26   0.252905E-24   0.457104E-26   0.327667E-23   0.513103E-23
   0.383333E+01   0.761975E-37   0.140230E-36   0.327095E-35   0.654190E-35   0.130838E-34   0.132439E-35   0.523352E-34   0.104669E-33   0.209337E-33   0.116185E-34   0.837357E-33   0.167472E-32   0.334940E-32   0.669883E-32   0.133977E-31   0.267951E-31   0.383444E-16   0.157319E-16   0.132370E-19   0.314062E-23   0.976904E-28   0.439609E-31   0.551639E-30   0.172090E-30   0.132961E-28   0.208686E-28
   0.383333E+01   0.132793E-34   0.243497E-34   0.823551E-37   0.164699E-36   0.329421E-36   0.213455E-33   0.131759E-35   0.263574E-35   0.527299E-35   0.152870E-32   0.210904E-34   0.421839E-34   0.843557E-34   0.168651E-33   0.337327E-33   0.674749E-33   0.766553E-14   0.314603E-14   0.264731E-17   0.628148E-21   0.195439E-25   0.243881E-30   0.110336E-27   0.227099E-30   0.266074E-26   0.417617E-26
   0.383333E+01   0.353833E-32   0.653834E-32   0.141700E-36   0.291405E-36   0.596093E-36   0.583529E-31   0.246591E-35   0.499294E-35   0.100822E-34   0.420879E-30   0.406717E-34   0.817407E-34   0.164149E-33   0.329178E-33   0.659342E-33   0.131724E-32   0.198525E-11   0.809879E-12   0.682276E-15   0.161620E-18   0.501915E-23   0.555740E-28   0.295775E-25   0.154595E-28   0.687206E-24   0.107837E-23
   0.383333E+01   0.177535E-30   0.297192E-30   0.692068E-35   0.148250E-34   0.313168E-34   0.207161E-29   0.135456E-33   0.278479E-33   0.569291E-33   0.134802E-28   0.232217E-32   0.469562E-32   0.947286E-32   0.190676E-31   0.382621E-31   0.763568E-31   0.238242E-10   0.935526E-11   0.815149E-14   0.191459E-17   0.591695E-22   0.330017E-26   0.494913E-24   0.178139E-26   0.804383E-23   0.126052E-22
   0.383333E+01   0.253917E-30   0.410682E-30   0.123862E-32   0.266887E-32   0.566387E-32   0.268855E-29   0.246585E-31   0.508105E-31   0.104059E-30   0.172674E-28   0.425494E-30   0.861161E-30   0.173852E-29   0.350139E-29   0.702907E-29   0.140313E-28   0.287283E-10   0.112644E-10   0.982782E-14   0.230756E-17   0.713012E-22   0.502445E-26   0.619773E-24   0.108011E-25   0.968318E-23   0.151731E-22
   0.383333E+01   0.137660E-30   0.238327E-30   0.117950E-30   0.233528E-30   0.438882E-30   0.198822E-29   0.138456E-29   0.236552E-29   0.397162E-29   0.142319E-28   0.107837E-28   0.175659E-28   0.284465E-28   0.458568E-28   0.736558E-28   0.117960E-27   0.105795E-10   0.406809E-11   0.360923E-14   0.843828E-18   0.260136E-22   0.220365E-26   0.272596E-24   0.492770E-26   0.352865E-23   0.552561E-23
   0.383333E+01   0.214472E-30   0.346845E-30   0.285522E-30   0.453146E-30   0.719161E-30   0.226606E-29   0.181125E-29   0.287436E-29   0.456134E-29   0.144484E-28   0.114856E-28   0.182244E-28   0.289153E-28   0.458741E-28   0.727724E-28   0.115428E-27   0.995355E-11   0.382705E-11   0.339564E-14   0.793875E-18   0.244734E-22   0.207710E-26   0.256905E-24   0.464657E-26   0.331970E-23   0.519839E-23
   0.383333E+01   0.837487E-39   0.160007E-38   0.821435E-37   0.164264E-36   0.328433E-36   0.179602E-37   0.131392E-35   0.262803E-35   0.525719E-35   0.196758E-36   0.210212E-34   0.420364E-34   0.840909E-34   0.168134E-33   0.336316E-33   0.672583E-33   0.346076E-18   0.142100E-18   0.123423E-21   0.291166E-25   0.882803E-30   0.429679E-31   0.517244E-32   0.171806E-30   0.120411E-30   0.188149E-30
   0.383333E+01   0.487078E-34   0.899422E-34   0.194433E-36   0.363298E-36   0.675415E-36   0.801435E-33   0.232099E-35   0.431435E-35   0.805618E-35   0.577697E-32   0.285910E-34   0.544557E-34   0.104422E-33   0.201464E-33   0.390843E-33   0.762620E-33   0.289756E-13   0.118937E-13   0.100021E-16   0.237266E-20   0.738205E-25   0.806995E-30   0.417680E-27   0.388329E-30   0.100666E-25   0.158004E-25
   0.383333E+01   0.849245E-32   0.158033E-31   0.199327E-34   0.355154E-34   0.621930E-34   0.143364E-30   0.181976E-33   0.305617E-33   0.508879E-33   0.104080E-29   0.138657E-32   0.228135E-32   0.375275E-32   0.618198E-32   0.102129E-31   0.169378E-31   0.425928E-11   0.172231E-11   0.146232E-14   0.345721E-18   0.107235E-22   0.138057E-27   0.665246E-25   0.392868E-28   0.146726E-23   0.230171E-23
   0.383333E+01   0.144535E-30   0.236285E-30   0.233134E-32   0.417214E-32   0.732966E-32   0.157624E-29   0.215234E-31   0.361673E-31   0.602096E-31   0.101221E-28   0.163617E-30   0.268515E-30   0.440183E-30   0.721926E-30   0.118610E-29   0.195394E-29   0.189009E-10   0.746787E-11   0.647308E-14   0.152243E-17   0.470838E-22   0.284937E-26   0.369426E-24   0.356910E-26   0.639537E-23   0.100243E-22
   0.383333E+01   0.394824E-30   0.657373E-30   0.423099E-30   0.707452E-30   0.116863E-29   0.462081E-29   0.310650E-29   0.502064E-29   0.808392E-29   0.303135E-28   0.208034E-28   0.333103E-28   0.533016E-28   0.852699E-28   0.136419E-27   0.218298E-27   0.295242E-10   0.115708E-10   0.100997E-13   0.237113E-17   0.732608E-22   0.512993E-26   0.632089E-24   0.111338E-25   0.994186E-23   0.155788E-22
   0.383333E+01   0.245525E-30   0.397104E-30   0.326697E-30   0.518562E-30   0.823061E-30   0.259502E-29   0.207320E-29   0.329021E-29   0.522143E-29   0.165472E-28   0.131483E-28   0.208629E-28   0.331020E-28   0.525168E-28   0.833103E-28   0.132143E-27   0.114219E-10   0.438763E-11   0.389616E-14   0.910710E-18   0.280720E-22   0.237958E-26   0.294338E-24   0.532125E-26   0.380429E-23   0.595722E-23
   0.383333E+01   0.233797E-30   0.378071E-30   0.311243E-30   0.493944E-30   0.783885E-30   0.246984E-29   0.197419E-29   0.313290E-29   0.497158E-29   0.157473E-28   0.125184E-28   0.198630E-28   0.315148E-28   0.499978E-28   0.793129E-28   0.125801E-27   0.108902E-10   0.418387E-11   0.371487E-14   0.868357E-18   0.267669E-22   0.226434E-26   0.280096E-24   0.506274E-26   0.362745E-23   0.568034E-23
   0.383333E+01   0.115917E-38   0.218243E-38   0.821671E-37   0.164275E-36   0.328457E-36   0.230450E-37   0.131401E-35   0.262822E-35   0.525606E-35   0.232806E-36   0.210182E-34   0.420425E-34   0.840368E-34   0.168146E-33   0.336147E-33   0.672487E-33   0.540982E-18   0.222114E-18   0.193167E-21   0.443582E-25   0.138094E-29   0.429802E-31   0.802299E-32   0.171868E-30   0.188543E-30   0.296141E-30
   0.383333E+01   0.253791E-36   0.471965E-36   0.842653E-37   0.167919E-36   0.334616E-36   0.427816E-35   0.133066E-35   0.265474E-35   0.530082E-35   0.311096E-34   0.211311E-34   0.422260E-34   0.843858E-34   0.168567E-33   0.337038E-33   0.673835E-33   0.154841E-15   0.635405E-16   0.533556E-19   0.126530E-22   0.393527E-27   0.470781E-31   0.224373E-29   0.173051E-30   0.538317E-28   0.844953E-28
   0.383333E+01   0.380956E-34   0.712897E-34   0.406850E-36   0.724340E-36   0.128018E-35   0.650079E-33   0.396405E-35   0.698921E-35   0.123861E-34   0.470324E-32   0.398291E-34   0.724481E-34   0.133184E-33   0.247350E-33   0.464173E-33   0.878898E-33   0.127787E-13   0.506978E-14   0.437665E-17   0.103033E-20   0.318838E-25   0.687025E-30   0.228353E-27   0.359389E-30   0.435087E-26   0.682099E-26
   0.383333E+01   0.157519E-30   0.257335E-30   0.304266E-31   0.527428E-31   0.899729E-31   0.172964E-29   0.251922E-30   0.415457E-30   0.680396E-30   0.111862E-28   0.179778E-29   0.290962E-29   0.470128E-29   0.759046E-29   0.122554E-28   0.197987E-28   0.193397E-10   0.765427E-11   0.662499E-14   0.155875E-17   0.482166E-22   0.299804E-26   0.373328E-24   0.551805E-26   0.654779E-23   0.102637E-22
   0.383333E+01   0.340177E-30   0.551788E-30   0.446323E-30   0.710790E-30   0.113098E-29   0.362737E-29   0.285828E-29   0.454119E-29   0.721301E-29   0.231772E-28   0.181864E-28   0.288715E-28   0.458287E-28   0.727374E-28   0.115433E-27   0.183166E-27   0.218813E-10   0.864340E-11   0.749357E-14   0.176236E-17   0.545022E-22   0.352222E-26   0.432648E-24   0.757171E-26   0.739954E-23   0.115980E-22
   0.383333E+01   0.246203E-31   0.398145E-31   0.327812E-31   0.520280E-31   0.825753E-31   0.260141E-30   0.208013E-30   0.330155E-30   0.524027E-30   0.165924E-29   0.132024E-29   0.209567E-29   0.332667E-29   0.528103E-29   0.838411E-29   0.133116E-28   0.110219E-11   0.422337E-12   0.375827E-15   0.878002E-19   0.270560E-23   0.241405E-27   0.293363E-25   0.549292E-27   0.366589E-24   0.574013E-24
   0.383333E+01   0.239182E-30   0.386778E-30   0.318409E-30   0.505315E-30   0.801930E-30   0.252671E-29   0.201963E-29   0.320501E-29   0.508601E-29   0.161099E-28   0.128065E-28   0.203201E-28   0.322400E-28   0.511482E-28   0.811376E-28   0.128695E-27   0.111867E-10   0.429962E-11   0.381625E-14   0.892138E-18   0.275013E-22   0.231755E-26   0.286850E-24   0.517915E-26   0.372689E-23   0.583611E-23
   0.383333E+01   0.175176E-32   0.325533E-32   0.230038E-34   0.390736E-34   0.655735E-34   0.294399E-31   0.179472E-33   0.293777E-33   0.478521E-33   0.213473E-30   0.125711E-32   0.203277E-32   0.328575E-32   0.531377E-32   0.860508E-32   0.139640E-31   0.107012E-11   0.439452E-12   0.369885E-15   0.877870E-19   0.273269E-23   0.284935E-28   0.154308E-25   0.869352E-29   0.372156E-24   0.584150E-24
   0.383333E+01   0.103389E-31   0.193617E-31   0.137244E-33   0.234135E-33   0.394186E-33   0.178269E-30   0.108274E-32   0.177334E-32   0.288799E-32   0.130191E-29   0.756674E-32   0.122038E-31   0.196556E-31   0.316377E-31   0.509255E-31   0.820151E-31   0.642444E-11   0.263390E-11   0.221100E-14   0.524278E-18   0.162948E-22   0.174278E-27   0.938995E-25   0.523683E-28   0.223389E-23   0.350621E-23
   0.383333E+01   0.533178E-30   0.951940E-30   0.838238E-32   0.143688E-31   0.242819E-31   0.754946E-29   0.670413E-31   0.109987E-30   0.179336E-30   0.512711E-28   0.470457E-30   0.758846E-30   0.122194E-29   0.196576E-29   0.316133E-29   0.508475E-29   0.130445E-09   0.529157E-10   0.448351E-13   0.106072E-16   0.329084E-21   0.969939E-26   0.201571E-23   0.324796E-26   0.449007E-22   0.704442E-22
   0.383333E+01   0.583571E-27   0.967500E-27   0.459363E-27   0.773778E-27   0.128638E-26   0.672987E-26   0.345562E-26   0.560760E-26   0.905841E-26   0.440536E-25   0.234131E-25   0.375302E-25   0.600850E-25   0.961210E-25   0.153711E-24   0.245777E-24   0.810043E-07   0.332620E-07   0.278891E-10   0.661620E-14   0.205564E-18   0.950542E-23   0.113385E-20   0.183809E-22   0.279535E-19   0.438698E-19
   0.383333E+01   0.359783E-28   0.580803E-28   0.476104E-28   0.755156E-28   0.119782E-27   0.377773E-27   0.301417E-27   0.478172E-27   0.758596E-27   0.240398E-26   0.190928E-26   0.302892E-26   0.480489E-26   0.762165E-26   0.120885E-25   0.191706E-25   0.208797E-08   0.820600E-09   0.714529E-12   0.167857E-15   0.518799E-20   0.355795E-24   0.437925E-22   0.772058E-24   0.703984E-21   0.110322E-20
   0.383333E+01   0.912371E-30   0.147272E-29   0.120749E-29   0.191510E-29   0.303759E-29   0.957708E-29   0.764328E-29   0.121252E-28   0.192358E-28   0.609400E-28   0.484134E-28   0.768040E-28   0.121838E-27   0.193265E-27   0.306538E-27   0.486139E-27   0.426417E-10   0.164545E-10   0.145539E-13   0.340528E-17   0.105022E-21   0.875508E-26   0.107975E-23   0.195204E-25   0.142325E-22   0.222899E-22
   0.383333E+01   0.646366E-28   0.104328E-27   0.855036E-28   0.135606E-27   0.215080E-27   0.678355E-27   0.541168E-27   0.858483E-27   0.136190E-26   0.431617E-26   0.342758E-26   0.543748E-26   0.862559E-26   0.136820E-25   0.217005E-25   0.344136E-25   0.401623E-08   0.158643E-08   0.137541E-11   0.323471E-15   0.100036E-19   0.645721E-24   0.794069E-22   0.138778E-23   0.135791E-20   0.212835E-20
   0.383333E+01   0.000000E+00   0.000000E+00   0.000000E+00   0.000000E+00   0.000000E+00   0.000000E+00   0.000000E+00   0.000000E+00   0.000000E+00   0.000000E+00   0.000000E+00   0.000000E+00   0.000000E+00   0.000000E+00   0.000000E+00   0.000000E+00   0.000000E+00   0.000000E+00   0.000000E+00   0.000000E+00   0.000000E+00   0.000000E+00   0.000000E+00   0.000000E+00   0.000000E+00   0.000000E+00
   0.383333E+01   0.223959E-26   0.454268E-26   0.928894E-26   0.185602E-25   0.370895E-25   0.740001E-25   0.148164E-24   0.296183E-24   0.592125E-24   0.118468E-23   0.236709E-23   0.473316E-23   0.946469E-23   0.189268E-22   0.378493E-22   0.756920E-22   0.273682E-07   0.129616E-07   0.961077E-11   0.235780E-14   0.746046E-19   0.483111E-20   0.118599E-19   0.193715E-19   0.414971E-19   0.818183E-19
   0.400000E+01   0.206382E-25   0.420815E-25   0.875000E-25   0.175000E-24   0.350000E-24   0.694489E-24   0.140000E-23   0.280000E-23   0.560000E-23   0.111802E-22   0.224000E-22   0.448000E-22   0.896000E-22   0.179200E-21   0.358400E-21   0.716800E-21   0.181707E-06   0.968946E-07   0.679718E-09   0.640358E-12   0.231386E-16   0.433506E-19   0.111802E-18   0.183493E-18   0.367986E-18   0.735696E-18
   0.400000E+01   0.863381E-38   0.172483E-37   0.327075E-35   0.654159E-35   0.130831E-34   0.264270E-36   0.523327E-34   0.104665E-33   0.209327E-33   0.407487E-35   0.837321E-33   0.167464E-32   0.334927E-32   0.669849E-32   0.133970E-31   0.267942E-31   0.654097E-18   0.285929E-18   0.229472E-20   0.214426E-23   0.770778E-28   0.440863E-31   0.158037E-31   0.171830E-30   0.230085E-30   0.362411E-30
   0.400000E+01   0.326913E-36   0.582626E-36   0.327098E-35   0.654193E-35   0.130832E-34   0.485291E-35   0.523355E-34   0.104670E-33   0.209330E-33   0.359048E-34   0.837357E-33   0.167473E-32   0.334940E-32   0.669879E-32   0.133976E-31   0.267940E-31   0.158724E-15   0.693795E-16   0.556726E-18   0.520309E-21   0.187050E-25   0.151293E-30   0.381322E-29   0.172989E-30   0.558563E-28   0.876494E-28
   0.400000E+01   0.137977E-37   0.264830E-37   0.327095E-35   0.654186E-35   0.130831E-34   0.341195E-36   0.523349E-34   0.104671E-33   0.209330E-33   0.461258E-35   0.837354E-33   0.167472E-32   0.334942E-32   0.669883E-32   0.133976E-31   0.267941E-31   0.333049E-17   0.145620E-17   0.116866E-19   0.109235E-22   0.392793E-27   0.458990E-31   0.803237E-31   0.171806E-30   0.117385E-29   0.184227E-29
   0.400000E+01   0.135951E-35   0.245428E-35   0.327095E-35   0.654182E-35   0.130831E-34   0.207652E-34   0.523348E-34   0.104671E-33   0.209329E-33   0.148334E-33   0.837357E-33   0.167470E-32   0.334945E-32   0.669882E-32   0.133976E-31   0.267942E-31   0.722129E-15   0.315851E-15   0.253514E-17   0.236987E-20   0.852394E-25   0.534254E-30   0.173813E-28   0.177143E-30   0.254656E-27   0.399625E-27
   0.400000E+01   0.264191E-33   0.480288E-33   0.826079E-37   0.165169E-36   0.329703E-36   0.411324E-32   0.132173E-35   0.264326E-35   0.527562E-35   0.291508E-31   0.211476E-34   0.422832E-34   0.845905E-34   0.169109E-33   0.338314E-33   0.675520E-33   0.145784E-12   0.637536E-13   0.506435E-15   0.477427E-18   0.171593E-22   0.995232E-28   0.352345E-26   0.125809E-29   0.514468E-25   0.807347E-25
   0.400000E+01   0.420925E-31   0.752341E-31   0.150334E-36   0.303289E-36   0.610270E-36   0.617329E-30   0.246788E-35   0.495382E-35   0.992644E-35   0.429281E-29   0.399044E-34   0.799351E-34   0.160057E-33   0.320354E-33   0.641166E-33   0.128195E-32   0.125373E-10   0.531909E-11   0.411142E-13   0.405510E-16   0.145646E-20   0.100553E-25   0.359023E-24   0.159974E-27   0.433566E-23   0.679543E-23
   0.400000E+01   0.358966E-37   0.664322E-37   0.327093E-35   0.654190E-35   0.130831E-34   0.678099E-36   0.523351E-34   0.104670E-33   0.209327E-33   0.698645E-35   0.837354E-33   0.167471E-32   0.334942E-32   0.669890E-32   0.133976E-31   0.267942E-31   0.152172E-16   0.665576E-17   0.534209E-19   0.499382E-22   0.179614E-26   0.539724E-31   0.366518E-30   0.171941E-30   0.536652E-29   0.842180E-29
   0.400000E+01   0.565939E-35   0.102851E-34   0.327097E-35   0.654189E-35   0.130832E-34   0.881002E-34   0.523351E-34   0.104670E-33   0.209329E-33   0.626294E-33   0.210212E-34   0.420394E-34   0.840909E-34   0.168146E-33   0.336267E-33   0.671235E-33   0.312206E-14   0.136596E-14   0.109651E-16   0.102514E-19   0.368808E-24   0.216653E-29   0.752141E-28   0.195039E-30   0.110206E-26   0.172949E-26
   0.400000E+01   0.105552E-32   0.193280E-32   0.837951E-37   0.167731E-36   0.334851E-36   0.168330E-31   0.134317E-35   0.268784E-35   0.536514E-35   0.120096E-30   0.214967E-34   0.429874E-34   0.860590E-34   0.172010E-33   0.343995E-33   0.686883E-33   0.594510E-12   0.259762E-12   0.201985E-14   0.194344E-17   0.698656E-22   0.410904E-27   0.144787E-25   0.466450E-29   0.209833E-24   0.329277E-24
   0.400000E+01   0.108463E-30   0.191502E-30   0.276658E-36   0.568704E-36   0.116200E-35   0.149122E-29   0.480006E-35   0.970883E-35   0.195805E-34   0.100813E-28   0.787314E-34   0.158170E-33   0.317478E-33   0.636725E-33   0.127643E-32   0.255585E-32   0.206310E-10   0.866747E-11   0.672858E-13   0.665260E-16   0.238829E-20   0.165641E-25   0.663330E-24   0.547892E-27   0.709925E-23   0.111234E-22
   0.400000E+01   0.246621E-30   0.398961E-30   0.311719E-34   0.651226E-34   0.134833E-33   0.260649E-29   0.566598E-33   0.115300E-32   0.233794E-32   0.166156E-28   0.942942E-32   0.189891E-31   0.381863E-31   0.767047E-31   0.153939E-30   0.308719E-30   0.292579E-10   0.122408E-10   0.952069E-13   0.942261E-16   0.338197E-20   0.233949E-25   0.103607E-23   0.101370E-25   0.100245E-22   0.157042E-22
   0.400000E+01   0.114807E-30   0.185900E-30   0.290803E-32   0.598362E-32   0.122416E-31   0.122856E-29   0.505844E-31   0.102337E-30   0.206550E-30   0.808419E-29   0.827338E-30   0.166228E-29   0.333640E-29   0.668818E-29   0.133739E-28   0.265990E-28   0.110512E-10   0.453529E-11   0.355730E-13   0.353430E-16   0.126823E-20   0.911795E-26   0.463990E-24   0.493180E-26   0.374440E-23   0.586165E-23
   0.400000E+01   0.853358E-37   0.156583E-36   0.327096E-35   0.654193E-35   0.130838E-34   0.145593E-35   0.523349E-34   0.104669E-33   0.209341E-33   0.125130E-34   0.837357E-33   0.167470E-32   0.334941E-32   0.669890E-32   0.133976E-31   0.267953E-31   0.428984E-16   0.187686E-16   0.150660E-18   0.140853E-21   0.506730E-26   0.728281E-31   0.103363E-29   0.172188E-30   0.151423E-28   0.237636E-28
   0.400000E+01   0.150630E-34   0.275657E-34   0.823728E-37   0.164769E-36   0.329632E-36   0.239744E-33   0.131862E-35   0.263781E-35   0.527449E-35   0.170960E-32   0.210995E-34   0.421929E-34   0.843678E-34   0.168820E-33   0.337567E-33   0.674942E-33   0.858827E-14   0.375864E-14   0.301712E-16   0.282124E-19   0.101516E-23   0.588903E-29   0.207091E-27   0.237032E-30   0.303456E-26   0.476231E-26
   0.400000E+01   0.404642E-32   0.746241E-32   0.151039E-36   0.311259E-36   0.638011E-36   0.660750E-31   0.264721E-35   0.536420E-35   0.108435E-34   0.474533E-30   0.437683E-34   0.879939E-34   0.176758E-33   0.354612E-33   0.710307E-33   0.141878E-32   0.224115E-11   0.975329E-12   0.749369E-14   0.731142E-17   0.262851E-21   0.162381E-26   0.556961E-25   0.183500E-28   0.789576E-24   0.123882E-23
   0.400000E+01   0.189628E-30   0.316695E-30   0.781619E-35   0.167504E-34   0.353963E-34   0.219668E-29   0.153175E-33   0.314964E-33   0.643961E-33   0.142699E-28   0.262726E-32   0.531292E-32   0.107187E-31   0.215756E-31   0.432926E-31   0.863793E-31   0.261419E-10   0.109513E-10   0.851285E-13   0.842254E-16   0.302320E-20   0.209122E-25   0.893444E-24   0.206686E-26   0.897123E-23   0.140550E-22
   0.400000E+01   0.267420E-30   0.432536E-30   0.140361E-32   0.302543E-32   0.642234E-32   0.283195E-29   0.279719E-31   0.576462E-31   0.118071E-30   0.181981E-28   0.482877E-30   0.977354E-30   0.197318E-29   0.397402E-29   0.797741E-29   0.159214E-28   0.315025E-10   0.131757E-10   0.102494E-12   0.101444E-15   0.364100E-20   0.252018E-25   0.111955E-23   0.114081E-25   0.107915E-22   0.169054E-22
   0.400000E+01   0.150595E-30   0.261503E-30   0.135683E-30   0.265594E-30   0.493964E-30   0.217304E-29   0.153357E-29   0.260511E-29   0.435408E-29   0.154373E-28   0.117482E-28   0.190944E-28   0.308671E-28   0.496896E-28   0.797245E-28   0.127570E-27   0.119040E-10   0.488402E-11   0.383131E-13   0.380670E-16   0.136596E-20   0.982273E-26   0.500198E-24   0.531817E-26   0.403298E-23   0.631339E-23
   0.400000E+01   0.231275E-30   0.374035E-30   0.307875E-30   0.488619E-30   0.775455E-30   0.244369E-29   0.195301E-29   0.309932E-29   0.491833E-29   0.155804E-28   0.123844E-28   0.196505E-28   0.311778E-28   0.494633E-28   0.784655E-28   0.124457E-27   0.112028E-10   0.459586E-11   0.360543E-13   0.358233E-16   0.128546E-20   0.924780E-26   0.471494E-24   0.501612E-26   0.379519E-23   0.594112E-23
   0.400000E+01   0.939904E-39   0.176384E-38   0.821259E-37   0.164252E-36   0.328410E-36   0.191730E-37   0.131373E-35   0.262728E-35   0.525305E-35   0.206522E-36   0.210182E-34   0.420364E-34   0.840729E-34   0.168158E-33   0.336243E-33   0.672438E-33   0.391923E-18   0.171567E-18   0.137658E-20   0.128755E-23   0.463116E-28   0.439018E-31   0.965611E-32   0.171818E-30   0.138971E-30   0.218050E-30
   0.400000E+01   0.550172E-34   0.101392E-33   0.213123E-36   0.396189E-36   0.731957E-36   0.896352E-33   0.248011E-35   0.457597E-35   0.848425E-35   0.643352E-32   0.297315E-34   0.563064E-34   0.107425E-33   0.206412E-33   0.398932E-33   0.775909E-33   0.323253E-13   0.141494E-13   0.113314E-15   0.106138E-18   0.381641E-23   0.220799E-28   0.780626E-27   0.425798E-30   0.114319E-25   0.179411E-25
   0.400000E+01   0.955838E-32   0.177517E-31   0.231576E-34   0.412216E-34   0.720386E-34   0.159772E-30   0.209763E-33   0.351508E-33   0.584166E-33   0.115495E-29   0.158696E-32   0.260791E-32   0.428551E-32   0.705312E-32   0.116421E-31   0.192926E-31   0.472932E-11   0.204049E-11   0.156714E-13   0.153859E-16   0.552882E-21   0.366045E-26   0.122775E-24   0.459004E-28   0.165784E-23   0.260020E-23
   0.400000E+01   0.150812E-30   0.246384E-30   0.266021E-32   0.475640E-32   0.833976E-32   0.164142E-29   0.243767E-31   0.408786E-31   0.679364E-31   0.105359E-28   0.184172E-30   0.302008E-30   0.494821E-30   0.811278E-30   0.133274E-29   0.219560E-29   0.204905E-10   0.863903E-11   0.669719E-13   0.661778E-16   0.237546E-20   0.161552E-25   0.661409E-24   0.391227E-26   0.705025E-23   0.110484E-22
   0.400000E+01   0.422383E-30   0.702861E-30   0.463105E-30   0.771073E-30   0.126902E-29   0.491871E-29   0.335496E-29   0.541181E-29   0.870058E-29   0.321835E-28   0.223418E-28   0.357439E-28   0.571542E-28   0.913732E-28   0.146093E-27   0.233634E-27   0.323414E-10   0.135225E-10   0.105210E-12   0.104137E-15   0.373759E-20   0.258314E-25   0.114095E-23   0.117327E-25   0.110701E-22   0.173423E-22
   0.400000E+01   0.264839E-30   0.428358E-30   0.352394E-30   0.559340E-30   0.887770E-30   0.279919E-29   0.223615E-29   0.354878E-29   0.563174E-29   0.178482E-28   0.141813E-28   0.225020E-28   0.357024E-28   0.566419E-28   0.898535E-28   0.142521E-27   0.128530E-10   0.526899E-11   0.413497E-13   0.410905E-16   0.147442E-20   0.106048E-25   0.540237E-24   0.574594E-26   0.434915E-23   0.680833E-23
   0.400000E+01   0.252003E-30   0.407534E-30   0.335465E-30   0.532383E-30   0.844888E-30   0.266234E-29   0.212782E-29   0.337670E-29   0.535845E-29   0.169741E-28   0.134924E-28   0.214085E-28   0.339667E-28   0.538874E-28   0.854826E-28   0.135586E-27   0.122504E-10   0.502258E-11   0.394140E-13   0.391658E-16   0.140536E-20   0.101028E-25   0.513918E-24   0.546331E-26   0.414556E-23   0.648966E-23
   0.400000E+01   0.128509E-38   0.240832E-38   0.821259E-37   0.164264E-36   0.328645E-36   0.249575E-37   0.131401E-35   0.262747E-35   0.525606E-35   0.251581E-36   0.210182E-34   0.420455E-34   0.840729E-34   0.168134E-33   0.336243E-33   0.672583E-33   0.611170E-18   0.267610E-18   0.214850E-20   0.200859E-23   0.723291E-28   0.440600E-31   0.149547E-31   0.171843E-30   0.216334E-30   0.340403E-30
   0.400000E+01   0.293418E-36   0.544590E-36   0.846297E-37   0.168613E-36   0.335745E-36   0.489732E-35   0.133405E-35   0.266076E-35   0.530985E-35   0.354452E-34   0.211642E-34   0.422591E-34   0.844219E-34   0.168687E-33   0.337158E-33   0.673931E-33   0.176816E-15   0.773791E-16   0.612554E-18   0.579288E-21   0.208221E-25   0.164843E-30   0.428995E-29   0.173223E-30   0.625725E-28   0.982030E-28
   0.400000E+01   0.431567E-34   0.805602E-34   0.458596E-36   0.812890E-36   0.142907E-35   0.727120E-33   0.436992E-35   0.765313E-35   0.134646E-34   0.523154E-32   0.426323E-34   0.769650E-34   0.140479E-33   0.259074E-33   0.483168E-33   0.909617E-33   0.142321E-13   0.602441E-14   0.466114E-16   0.459978E-19   0.165197E-23   0.148428E-28   0.419712E-27   0.392433E-30   0.492757E-26   0.772322E-26
   0.400000E+01   0.164041E-30   0.268106E-30   0.342807E-31   0.593502E-31   0.101095E-30   0.180394E-29   0.282263E-30   0.464952E-30   0.760717E-30   0.116709E-28   0.200720E-29   0.324694E-29   0.524430E-29   0.846478E-29   0.136643E-28   0.220718E-28   0.209129E-10   0.883224E-11   0.684197E-13   0.675848E-16   0.242601E-20   0.164386E-25   0.666799E-24   0.581330E-26   0.720051E-23   0.112844E-22
   0.400000E+01   0.354159E-30   0.574357E-30   0.465199E-30   0.740613E-30   0.117813E-29   0.377361E-29   0.297640E-29   0.472829E-29   0.750948E-29   0.241056E-28   0.189314E-28   0.300526E-28   0.477014E-28   0.757065E-28   0.120140E-27   0.190629E-27   0.237244E-10   0.999928E-11   0.775285E-13   0.766137E-16   0.275004E-20   0.187126E-25   0.774638E-24   0.788246E-26   0.815790E-23   0.127838E-22
   0.400000E+01   0.267609E-31   0.432783E-31   0.356294E-31   0.565479E-31   0.897485E-31   0.282772E-30   0.226077E-30   0.358822E-30   0.569517E-30   0.180347E-29   0.143478E-29   0.227739E-29   0.361498E-29   0.573840E-29   0.910957E-29   0.144621E-28   0.124728E-11   0.509969E-12   0.400658E-14   0.398352E-17   0.142938E-21   0.104053E-26   0.540686E-25   0.596220E-27   0.421387E-24   0.659599E-24
   0.400000E+01   0.257589E-30   0.416566E-30   0.342896E-30   0.544177E-30   0.863602E-30   0.272132E-29   0.217495E-29   0.345148E-29   0.547712E-29   0.173501E-28   0.137912E-28   0.218825E-28   0.347188E-28   0.550804E-28   0.873749E-28   0.138587E-27   0.125763E-10   0.515836E-11   0.404725E-13   0.402140E-16   0.144298E-20   0.103638E-25   0.525948E-24   0.558428E-26   0.425669E-23   0.666370E-23
   0.400000E+01   0.192323E-32   0.356694E-32   0.255863E-34   0.434298E-34   0.728178E-34   0.320054E-31   0.198921E-33   0.325335E-33   0.529509E-33   0.231087E-30   0.138914E-32   0.224476E-32   0.362595E-32   0.585975E-32   0.948174E-32   0.153728E-31   0.116047E-11   0.508174E-12   0.408071E-14   0.381633E-17   0.137393E-21   0.790509E-27   0.280321E-25   0.986735E-29   0.410817E-24   0.644754E-24
   0.400000E+01   0.117046E-31   0.218762E-31   0.157452E-33   0.268436E-33   0.451551E-33   0.199842E-30   0.123817E-32   0.202641E-32   0.329805E-32   0.145324E-29   0.863287E-32   0.139182E-31   0.224098E-31   0.360614E-31   0.580324E-31   0.934410E-31   0.718183E-11   0.314055E-11   0.243450E-13   0.234909E-16   0.844384E-21   0.499201E-26   0.175436E-24   0.614076E-28   0.254187E-23   0.398908E-23
   0.400000E+01   0.563608E-30   0.100118E-29   0.917092E-32   0.157105E-31   0.265272E-31   0.784577E-29   0.731175E-31   0.119871E-30   0.195336E-30   0.530528E-28   0.512002E-30   0.825620E-30   0.132919E-29   0.213800E-29   0.343807E-29   0.552976E-29   0.138274E-09   0.598506E-10   0.458713E-12   0.450799E-15   0.161901E-19   0.106008E-24   0.355559E-23   0.363339E-26   0.484386E-22   0.759836E-22
   0.400000E+01   0.597281E-27   0.990455E-27   0.488920E-27   0.821116E-27   0.136150E-26   0.688258E-26   0.364270E-26   0.590245E-26   0.952332E-26   0.450056E-25   0.245720E-25   0.393621E-25   0.629829E-25   0.100708E-24   0.160977E-24   0.257291E-24   0.849072E-07   0.371804E-07   0.301733E-09   0.278013E-12   0.998835E-17   0.644719E-22   0.198053E-20   0.186449E-22   0.298333E-19   0.468147E-19
   0.400000E+01   0.378407E-28   0.610876E-28   0.500736E-28   0.794190E-28   0.125969E-27   0.397295E-27   0.316968E-27   0.502833E-27   0.797707E-27   0.252801E-26   0.200768E-26   0.318499E-26   0.505245E-26   0.801429E-26   0.127112E-25   0.201580E-25   0.228164E-08   0.956472E-09   0.752282E-11   0.735361E-14   0.263950E-18   0.181747E-23   0.789774E-22   0.813253E-24   0.781988E-21   0.122516E-20
   0.400000E+01   0.990710E-30   0.159919E-29   0.131111E-29   0.207935E-29   0.329798E-29   0.103984E-28   0.829801E-29   0.131636E-28   0.208827E-28   0.661605E-28   0.525573E-28   0.833773E-28   0.132265E-27   0.209803E-27   0.332767E-27   0.527732E-27   0.479094E-10   0.197149E-10   0.156135E-12   0.153362E-15   0.550371E-20   0.395054E-25   0.198681E-23   0.212176E-25   0.162423E-22   0.254294E-22
   0.400000E+01   0.671780E-28   0.108431E-27   0.888619E-28   0.140925E-27   0.223508E-27   0.704952E-27   0.562340E-27   0.892051E-27   0.141513E-26   0.448503E-26   0.356146E-26   0.564983E-26   0.896239E-26   0.142162E-25   0.225476E-25   0.357569E-25   0.435460E-08   0.183508E-08   0.144571E-10   0.140620E-13   0.504772E-18   0.343393E-23   0.142179E-21   0.144480E-23   0.149710E-20   0.234600E-20
   0.400000E+01   0.000000E+00   0.000000E+00   0.000000E+00   0.000000E+00   0.000000E+00   0.000000E+00   0.000000E+00   0.000000E+00   0.000000E+00   0.000000E+00   0.000000E+00   0.000000E+00   0.000000E+00   0.000000E+00   0.000000E+00   0.000000E+00   0.000000E+00   0.000000E+00   0.000000E+00   0.000000E+00   0.000000E+00   0.000000E+00   0.000000E+00   0.000000E+00   0.000000E+00   0.000000E+00
   0.400000E+01   0.224077E-26   0.454487E-26   0.929208E-26   0.185652E-25   0.370974E-25   0.740176E-25   0.148184E-24   0.296214E-24   0.592175E-24   0.118480E-23   0.236721E-23   0.473336E-23   0.946500E-23   0.189272E-22   0.378501E-22   0.756932E-22   0.272771E-07   0.137627E-07   0.100369E-09   0.940761E-13   0.339381E-17   0.458227E-20   0.119970E-19   0.193714E-19   0.416844E-19   0.821158E-19
