   0.000000E+00   0.000000E+00   0.000000E+00   0.000000E+00   0.000000E+00   0.000000E+00   0.000000E+00   0.000000E+00   0.000000E+00   0.000000E+00   0.316190E-54   0.725870E-40   0.467826E-28   0.846492E-19   0.430007E-12   0.613256E-08   0.245540E-06   0.276004E-07   0.871010E-11   0.771693E-17   0.191946E-25   0.134038E-36   0.262779E-50   0.000000E+00   0.000000E+00   0.000000E+00   0.000000E+00
   0.000000E+00   0.000000E+00   0.000000E+00   0.000000E+00   0.000000E+00   0.000000E+00   0.000000E+00   0.000000E+00   0.000000E+00   0.000000E+00   0.000000E+00   0.000000E+00   0.000000E+00   0.000000E+00   0.000000E+00   0.000000E+00   0.000000E+00   0.000000E+00   0.000000E+00   0.000000E+00   0.000000E+00   0.000000E+00   0.000000E+00   0.000000E+00   0.000000E+00   0.000000E+00   0.000000E+00
   0.000000E+00   0.000000E+00   0.000000E+00   0.000000E+00   0.000000E+00   0.000000E+00   0.000000E+00   0.000000E+00   0.000000E+00   0.000000E+00   0.000000E+00   0.000000E+00   0.000000E+00   0.000000E+00   0.000000E+00   0.000000E+00   0.000000E+00   0.000000E+00   0.000000E+00   0.000000E+00   0.000000E+00   0.000000E+00   0.000000E+00   0.000000E+00   0.000000E+00   0.000000E+00   0.000000E+00
   0.000000E+00   0.000000E+00   0.000000E+00   0.000000E+00   0.000000E+00   0.000000E+00   0.000000E+00   0.000000E+00   0.000000E+00   0.000000E+00   0.000000E+00   0.000000E+00   0.000000E+00   0.000000E+00   0.000000E+00   0.000000E+00   0.000000E+00   0.000000E+00   0.000000E+00   0.000000E+00   0.000000E+00   0.000000E+00   0.000000E+00   0.000000E+00   0.000000E+00   0.000000E+00   0.000000E+00
   0.000000E+00   0.000000E+00   0.000000E+00   0.000000E+00   0.000000E+00   0.000000E+00   0.000000E+00   0.000000E+00   0.000000E+00   0.000000E+00   0.000000E+00   0.000000E+00   0.000000E+00   0.000000E+00   0.000000E+00   0.000000E+00   0.000000E+00   0.000000E+00   0.000000E+00   0.000000E+00   0.000000E+00   0.000000E+00   0.000000E+00   0.000000E+00   0.000000E+00   0.000000E+00   0.000000E+00
   0.000000E+00   0.000000E+00   0.000000E+00   0.000000E+00   0.000000E+00   0.000000E+00   0.000000E+00   0.000000E+00   0.000000E+00   0.000000E+00   0.000000E+00   0.000000E+00   0.000000E+00   0.000000E+00   0.000000E+00   0.000000E+00   0.000000E+00   0.000000E+00   0.000000E+00   0.000000E+00   0.000000E+00   0.000000E+00   0.000000E+00   0.000000E+00   0.000000E+00   0.000000E+00   0.000000E+00
   0.000000E+00   0.000000E+00   0.000000E+00   0.000000E+00   0.000000E+00   0.000000E+00   0.000000E+00   0.000000E+00   0.000000E+00   0.000000E+00   0.000000E+00   0.000000E+00   0.000000E+00   0.000000E+00   0.000000E+00   0.000000E+00   0.000000E+00   0.000000E+00   0.000000E+00   0.000000E+00   0.000000E+00   0.000000E+00   0.000000E+00   0.000000E+00   0.000000E+00   0.000000E+00   0.000000E+00
   0.000000E+00   0.000000E+00   0.000000E+00   0.000000E+00   0.000000E+00   0.000000E+00   0.000000E+00   0.000000E+00   0.000000E+00   0.000000E+00   0.000000E+00   0.000000E+00   0.000000E+00   0.000000E+00   0.000000E+00   0.000000E+00   0.000000E+00   0.000000E+00   0.000000E+00   0.000000E+00   0.000000E+00   0.000000E+00   0.000000E+00   0.000000E+00   0.000000E+00   0.000000E+00   0.000000E+00
   0.000000E+00   0.000000E+00   0.000000E+00   0.000000E+00   0.000000E+00   0.000000E+00   0.000000E+00   0.000000E+00   0.000000E+00   0.000000E+00   0.000000E+00   0.000000E+00   0.000000E+00   0.000000E+00   0.000000E+00   0.000000E+00   0.000000E+00   0.000000E+00   0.000000E+00   0.000000E+00   0.000000E+00   0.000000E+00   0.000000E+00   0.000000E+00   0.000000E+00   0.000000E+00   0.000000E+00
   0.000000E+00   0.000000E+00   0.000000E+00   0.000000E+00   0.000000E+00   0.000000E+00   0.000000E+00   0.000000E+00   0.000000E+00   0.000000E+00   0.000000E+00   0.000000E+00   0.000000E+00   0.000000E+00   0.000000E+00   0.000000E+00   0.000000E+00   0.000000E+00   0.000000E+00   0.000000E+00   0.000000E+00   0.000000E+00   0.000000E+00   0.000000E+00   0.000000E+00   0.000000E+00   0.000000E+00
   0.000000E+00   0.000000E+00   0.000000E+00   0.000000E+00   0.000000E+00   0.000000E+00   0.000000E+00   0.000000E+00   0.000000E+00   0.000000E+00   0.000000E+00   0.000000E+00   0.000000E+00   0.000000E+00   0.000000E+00   0.000000E+00   0.000000E+00   0.000000E+00   0.000000E+00   0.000000E+00   0.000000E+00   0.000000E+00   0.000000E+00   0.000000E+00   0.000000E+00   0.000000E+00   0.000000E+00
   0.000000E+00   0.000000E+00   0.000000E+00   0.000000E+00   0.000000E+00   0.000000E+00   0.000000E+00   0.000000E+00   0.000000E+00   0.000000E+00   0.000000E+00   0.000000E+00   0.000000E+00   0.000000E+00   0.000000E+00   0.000000E+00   0.000000E+00   0.000000E+00   0.000000E+00   0.000000E+00   0.000000E+00   0.000000E+00   0.000000E+00   0.000000E+00   0.000000E+00   0.000000E+00   0.000000E+00
   0.000000E+00   0.000000E+00   0.000000E+00   0.000000E+00   0.000000E+00   0.000000E+00   0.000000E+00   0.000000E+00   0.000000E+00   0.000000E+00   0.000000E+00   0.000000E+00   0.000000E+00   0.000000E+00   0.000000E+00   0.000000E+00   0.000000E+00   0.000000E+00   0.000000E+00   0.000000E+00   0.000000E+00   0.000000E+00   0.000000E+00   0.000000E+00   0.000000E+00   0.000000E+00   0.000000E+00
   0.000000E+00   0.000000E+00   0.000000E+00   0.000000E+00   0.000000E+00   0.000000E+00   0.000000E+00   0.000000E+00   0.000000E+00   0.000000E+00   0.000000E+00   0.000000E+00   0.000000E+00   0.000000E+00   0.000000E+00   0.000000E+00   0.000000E+00   0.000000E+00   0.000000E+00   0.000000E+00   0.000000E+00   0.000000E+00   0.000000E+00   0.000000E+00   0.000000E+00   0.000000E+00   0.000000E+00
   0.000000E+00   0.000000E+00   0.000000E+00   0.000000E+00   0.000000E+00   0.000000E+00   0.000000E+00   0.000000E+00   0.000000E+00   0.000000E+00   0.000000E+00   0.000000E+00   0.000000E+00   0.000000E+00   0.000000E+00   0.000000E+00   0.000000E+00   0.000000E+00   0.000000E+00   0.000000E+00   0.000000E+00   0.000000E+00   0.000000E+00   0.000000E+00   0.000000E+00   0.000000E+00   0.000000E+00
   0.000000E+00   0.000000E+00   0.000000E+00   0.000000E+00   0.000000E+00   0.000000E+00   0.000000E+00   0.000000E+00   0.000000E+00   0.000000E+00   0.000000E+00   0.000000E+00   0.000000E+00   0.000000E+00   0.000000E+00   0.000000E+00   0.000000E+00   0.000000E+00   0.000000E+00   0.000000E+00   0.000000E+00   0.000000E+00   0.000000E+00   0.000000E+00   0.000000E+00   0.000000E+00   0.000000E+00
   0.000000E+00   0.000000E+00   0.000000E+00   0.000000E+00   0.000000E+00   0.000000E+00   0.000000E+00   0.000000E+00   0.000000E+00   0.000000E+00   0.000000E+00   0.000000E+00   0.000000E+00   0.000000E+00   0.000000E+00   0.000000E+00   0.000000E+00   0.000000E+00   0.000000E+00   0.000000E+00   0.000000E+00   0.000000E+00   0.000000E+00   0.000000E+00   0.000000E+00   0.000000E+00   0.000000E+00
   0.000000E+00   0.000000E+00   0.000000E+00   0.000000E+00   0.000000E+00   0.000000E+00   0.000000E+00   0.000000E+00   0.000000E+00   0.000000E+00   0.000000E+00   0.000000E+00   0.000000E+00   0.000000E+00   0.000000E+00   0.000000E+00   0.000000E+00   0.000000E+00   0.000000E+00   0.000000E+00   0.000000E+00   0.000000E+00   0.000000E+00   0.000000E+00   0.000000E+00   0.000000E+00   0.000000E+00
   0.000000E+00   0.000000E+00   0.000000E+00   0.000000E+00   0.000000E+00   0.000000E+00   0.000000E+00   0.000000E+00   0.000000E+00   0.000000E+00   0.000000E+00   0.000000E+00   0.000000E+00   0.000000E+00   0.000000E+00   0.000000E+00   0.000000E+00   0.000000E+00   0.000000E+00   0.000000E+00   0.000000E+00   0.000000E+00   0.000000E+00   0.000000E+00   0.000000E+00   0.000000E+00   0.000000E+00
   0.000000E+00   0.000000E+00   0.000000E+00   0.000000E+00   0.000000E+00   0.000000E+00   0.000000E+00   0.000000E+00   0.000000E+00   0.000000E+00   0.000000E+00   0.000000E+00   0.000000E+00   0.000000E+00   0.000000E+00   0.000000E+00   0.000000E+00   0.000000E+00   0.000000E+00   0.000000E+00   0.000000E+00   0.000000E+00   0.000000E+00   0.000000E+00   0.000000E+00   0.000000E+00   0.000000E+00
   0.000000E+00   0.000000E+00   0.000000E+00   0.000000E+00   0.000000E+00   0.000000E+00   0.000000E+00   0.000000E+00   0.000000E+00   0.000000E+00   0.000000E+00   0.000000E+00   0.000000E+00   0.000000E+00   0.000000E+00   0.000000E+00   0.000000E+00   0.000000E+00   0.000000E+00   0.000000E+00   0.000000E+00   0.000000E+00   0.000000E+00   0.000000E+00   0.000000E+00   0.000000E+00   0.000000E+00
   0.000000E+00   0.000000E+00   0.000000E+00   0.000000E+00   0.000000E+00   0.000000E+00   0.000000E+00   0.000000E+00   0.000000E+00   0.000000E+00   0.000000E+00   0.000000E+00   0.000000E+00   0.000000E+00   0.000000E+00   0.000000E+00   0.000000E+00   0.000000E+00   0.000000E+00   0.000000E+00   0.000000E+00   0.000000E+00   0.000000E+00   0.000000E+00   0.000000E+00   0.000000E+00   0.000000E+00
   0.000000E+00   0.000000E+00   0.000000E+00   0.000000E+00   0.000000E+00   0.000000E+00   0.000000E+00   0.000000E+00   0.000000E+00   0.000000E+00   0.000000E+00   0.000000E+00   0.000000E+00   0.000000E+00   0.000000E+00   0.000000E+00   0.000000E+00   0.000000E+00   0.000000E+00   0.000000E+00   0.000000E+00   0.000000E+00   0.000000E+00   0.000000E+00   0.000000E+00   0.000000E+00   0.000000E+00
   0.000000E+00   0.000000E+00   0.000000E+00   0.000000E+00   0.000000E+00   0.000000E+00   0.000000E+00   0.000000E+00   0.000000E+00   0.000000E+00   0.000000E+00   0.000000E+00   0.000000E+00   0.000000E+00   0.000000E+00   0.000000E+00   0.000000E+00   0.000000E+00   0.000000E+00   0.000000E+00   0.000000E+00   0.000000E+00   0.000000E+00   0.000000E+00   0.000000E+00   0.000000E+00   0.000000E+00
   0.000000E+00   0.000000E+00   0.000000E+00   0.000000E+00   0.000000E+00   0.000000E+00   0.000000E+00   0.000000E+00   0.000000E+00   0.000000E+00   0.000000E+00   0.000000E+00   0.000000E+00   0.000000E+00   0.000000E+00   0.000000E+00   0.000000E+00   0.000000E+00   0.000000E+00   0.000000E+00   0.000000E+00   0.000000E+00   0.000000E+00   0.000000E+00   0.000000E+00   0.000000E+00   0.000000E+00
   0.000000E+00   0.000000E+00   0.000000E+00   0.000000E+00   0.000000E+00   0.000000E+00   0.000000E+00   0.000000E+00   0.000000E+00   0.000000E+00   0.000000E+00   0.000000E+00   0.000000E+00   0.000000E+00   0.000000E+00   0.000000E+00   0.000000E+00   0.000000E+00   0.000000E+00   0.000000E+00   0.000000E+00   0.000000E+00   0.000000E+00   0.000000E+00   0.000000E+00   0.000000E+00   0.000000E+00
   0.000000E+00   0.000000E+00   0.000000E+00   0.000000E+00   0.000000E+00   0.000000E+00   0.000000E+00   0.000000E+00   0.000000E+00   0.000000E+00   0.000000E+00   0.000000E+00   0.000000E+00   0.000000E+00   0.000000E+00   0.000000E+00   0.000000E+00   0.000000E+00   0.000000E+00   0.000000E+00   0.000000E+00   0.000000E+00   0.000000E+00   0.000000E+00   0.000000E+00   0.000000E+00   0.000000E+00
   0.000000E+00   0.000000E+00   0.000000E+00   0.000000E+00   0.000000E+00   0.000000E+00   0.000000E+00   0.000000E+00   0.000000E+00   0.000000E+00   0.000000E+00   0.000000E+00   0.000000E+00   0.000000E+00   0.000000E+00   0.000000E+00   0.000000E+00   0.000000E+00   0.000000E+00   0.000000E+00   0.000000E+00   0.000000E+00   0.000000E+00   0.000000E+00   0.000000E+00   0.000000E+00   0.000000E+00
   0.000000E+00   0.000000E+00   0.000000E+00   0.000000E+00   0.000000E+00   0.000000E+00   0.000000E+00   0.000000E+00   0.000000E+00   0.000000E+00   0.000000E+00   0.000000E+00   0.000000E+00   0.000000E+00   0.000000E+00   0.000000E+00   0.000000E+00   0.000000E+00   0.000000E+00   0.000000E+00   0.000000E+00   0.000000E+00   0.000000E+00   0.000000E+00   0.000000E+00   0.000000E+00   0.000000E+00
   0.000000E+00   0.000000E+00   0.000000E+00   0.000000E+00   0.000000E+00   0.000000E+00   0.000000E+00   0.000000E+00   0.000000E+00   0.000000E+00   0.000000E+00   0.000000E+00   0.000000E+00   0.000000E+00   0.000000E+00   0.000000E+00   0.000000E+00   0.000000E+00   0.000000E+00   0.000000E+00   0.000000E+00   0.000000E+00   0.000000E+00   0.000000E+00   0.000000E+00   0.000000E+00   0.000000E+00
   0.000000E+00   0.000000E+00   0.000000E+00   0.000000E+00   0.000000E+00   0.000000E+00   0.000000E+00   0.000000E+00   0.000000E+00   0.000000E+00   0.000000E+00   0.000000E+00   0.000000E+00   0.000000E+00   0.000000E+00   0.000000E+00   0.000000E+00   0.000000E+00   0.000000E+00   0.000000E+00   0.000000E+00   0.000000E+00   0.000000E+00   0.000000E+00   0.000000E+00   0.000000E+00   0.000000E+00
   0.000000E+00   0.000000E+00   0.000000E+00   0.000000E+00   0.000000E+00   0.000000E+00   0.000000E+00   0.000000E+00   0.000000E+00   0.000000E+00   0.000000E+00   0.000000E+00   0.000000E+00   0.000000E+00   0.000000E+00   0.000000E+00   0.000000E+00   0.000000E+00   0.000000E+00   0.000000E+00   0.000000E+00   0.000000E+00   0.000000E+00   0.000000E+00   0.000000E+00   0.000000E+00   0.000000E+00
   0.000000E+00   0.000000E+00   0.000000E+00   0.000000E+00   0.000000E+00   0.000000E+00   0.000000E+00   0.000000E+00   0.000000E+00   0.000000E+00   0.000000E+00   0.000000E+00   0.000000E+00   0.000000E+00   0.000000E+00   0.000000E+00   0.000000E+00   0.000000E+00   0.000000E+00   0.000000E+00   0.000000E+00   0.000000E+00   0.000000E+00   0.000000E+00   0.000000E+00   0.000000E+00   0.000000E+00
   0.000000E+00   0.000000E+00   0.000000E+00   0.000000E+00   0.000000E+00   0.000000E+00   0.000000E+00   0.000000E+00   0.000000E+00   0.000000E+00   0.000000E+00   0.000000E+00   0.000000E+00   0.000000E+00   0.000000E+00   0.000000E+00   0.000000E+00   0.000000E+00   0.000000E+00   0.000000E+00   0.000000E+00   0.000000E+00   0.000000E+00   0.000000E+00   0.000000E+00   0.000000E+00   0.000000E+00
   0.000000E+00   0.000000E+00   0.000000E+00   0.000000E+00   0.000000E+00   0.000000E+00   0.000000E+00   0.000000E+00   0.000000E+00   0.000000E+00   0.000000E+00   0.000000E+00   0.000000E+00   0.000000E+00   0.000000E+00   0.000000E+00   0.000000E+00   0.000000E+00   0.000000E+00   0.000000E+00   0.000000E+00   0.000000E+00   0.000000E+00   0.000000E+00   0.000000E+00   0.000000E+00   0.000000E+00
   0.000000E+00   0.000000E+00   0.000000E+00   0.000000E+00   0.000000E+00   0.000000E+00   0.000000E+00   0.000000E+00   0.000000E+00   0.000000E+00   0.000000E+00   0.000000E+00   0.000000E+00   0.000000E+00   0.000000E+00   0.000000E+00   0.000000E+00   0.000000E+00   0.000000E+00   0.000000E+00   0.000000E+00   0.000000E+00   0.000000E+00   0.000000E+00   0.000000E+00   0.000000E+00   0.000000E+00
   0.000000E+00   0.000000E+00   0.000000E+00   0.000000E+00   0.000000E+00   0.000000E+00   0.000000E+00   0.000000E+00   0.000000E+00   0.000000E+00   0.000000E+00   0.000000E+00   0.000000E+00   0.000000E+00   0.000000E+00   0.000000E+00   0.000000E+00   0.000000E+00   0.000000E+00   0.000000E+00   0.000000E+00   0.000000E+00   0.000000E+00   0.000000E+00   0.000000E+00   0.000000E+00   0.000000E+00
   0.000000E+00   0.000000E+00   0.000000E+00   0.000000E+00   0.000000E+00   0.000000E+00   0.000000E+00   0.000000E+00   0.000000E+00   0.000000E+00   0.000000E+00   0.000000E+00   0.000000E+00   0.000000E+00   0.000000E+00   0.000000E+00   0.000000E+00   0.000000E+00   0.000000E+00   0.000000E+00   0.000000E+00   0.000000E+00   0.000000E+00   0.000000E+00   0.000000E+00   0.000000E+00   0.000000E+00
   0.000000E+00   0.000000E+00   0.000000E+00   0.000000E+00   0.000000E+00   0.000000E+00   0.000000E+00   0.000000E+00   0.000000E+00   0.000000E+00   0.000000E+00   0.000000E+00   0.000000E+00   0.000000E+00   0.000000E+00   0.000000E+00   0.000000E+00   0.000000E+00   0.000000E+00   0.000000E+00   0.000000E+00   0.000000E+00   0.000000E+00   0.000000E+00   0.000000E+00   0.000000E+00   0.000000E+00
   0.000000E+00   0.000000E+00   0.000000E+00   0.000000E+00   0.000000E+00   0.000000E+00   0.000000E+00   0.000000E+00   0.000000E+00   0.000000E+00   0.000000E+00   0.000000E+00   0.000000E+00   0.000000E+00   0.000000E+00   0.000000E+00   0.000000E+00   0.000000E+00   0.000000E+00   0.000000E+00   0.000000E+00   0.000000E+00   0.000000E+00   0.000000E+00   0.000000E+00   0.000000E+00   0.000000E+00
   0.000000E+00   0.000000E+00   0.000000E+00   0.000000E+00   0.000000E+00   0.000000E+00   0.000000E+00   0.000000E+00   0.000000E+00   0.000000E+00   0.000000E+00   0.000000E+00   0.000000E+00   0.000000E+00   0.000000E+00   0.000000E+00   0.000000E+00   0.000000E+00   0.000000E+00   0.000000E+00   0.000000E+00   0.000000E+00   0.000000E+00   0.000000E+00   0.000000E+00   0.000000E+00   0.000000E+00
   0.000000E+00   0.000000E+00   0.000000E+00   0.000000E+00   0.000000E+00   0.000000E+00   0.000000E+00   0.000000E+00   0.000000E+00   0.000000E+00   0.000000E+00   0.000000E+00   0.000000E+00   0.000000E+00   0.000000E+00   0.000000E+00   0.000000E+00   0.000000E+00   0.000000E+00   0.000000E+00   0.000000E+00   0.000000E+00   0.000000E+00   0.000000E+00   0.000000E+00   0.000000E+00   0.000000E+00
   0.000000E+00   0.000000E+00   0.000000E+00   0.000000E+00   0.000000E+00   0.000000E+00   0.000000E+00   0.000000E+00   0.000000E+00   0.000000E+00   0.000000E+00   0.000000E+00   0.000000E+00   0.000000E+00   0.000000E+00   0.000000E+00   0.000000E+00   0.000000E+00   0.000000E+00   0.000000E+00   0.000000E+00   0.000000E+00   0.000000E+00   0.000000E+00   0.000000E+00   0.000000E+00   0.000000E+00
   0.166667E+00   0.218750E-25   0.437500E-25   0.875001E-25   0.175000E-24   0.350000E-24   0.700000E-24   0.140000E-23   0.280000E-23   0.560000E-23   0.112000E-22   0.224000E-22   0.448000E-22   0.795753E-19   0.406167E-12   0.584104E-08   0.235136E-06   0.383042E-07   0.364410E-12   0.463358E-18   0.115852E-21   0.230864E-19   0.458741E-19   0.918971E-19   0.183500E-18   0.367170E-18   0.734003E-18
   0.166667E+00   0.465610E-40   0.163540E-35   0.186244E-39   0.654159E-35   0.658277E-39   0.131655E-38   0.112847E-38   0.526621E-38   0.116609E-37   0.210649E-37   0.431692E-37   0.167464E-32   0.148160E-33   0.675213E-27   0.971015E-23   0.390824E-21   0.627303E-22   0.293133E-28   0.660092E-33   0.000000E+00   0.122877E-33   0.171475E-29   0.265476E-33   0.685921E-29   0.690510E-33   0.274371E-28
   0.166667E+00   0.509455E-40   0.163538E-35   0.186149E-39   0.654152E-35   0.658277E-39   0.131655E-38   0.291523E-38   0.526621E-38   0.112847E-37   0.210649E-37   0.431451E-37   0.167464E-32   0.148160E-33   0.675213E-27   0.971015E-23   0.390824E-21   0.702650E-22   0.585761E-28   0.541181E-34   0.000000E+00   0.114858E-33   0.171474E-29   0.257707E-33   0.685917E-29   0.688631E-33   0.274371E-28
   0.166667E+00   0.509219E-40   0.163538E-35   0.186055E-39   0.654155E-35   0.658277E-39   0.145761E-38   0.291523E-38   0.526621E-38   0.112847E-37   0.210649E-37   0.416163E-37   0.167463E-32   0.148160E-33   0.675213E-27   0.971015E-23   0.390824E-21   0.627372E-22   0.000000E+00   0.960236E-35   0.000000E+00   0.117676E-33   0.171475E-29   0.262277E-33   0.685921E-29   0.686751E-33   0.274370E-28
   0.166667E+00   0.508981E-40   0.163538E-35   0.185960E-39   0.654152E-35   0.658277E-39   0.145761E-38   0.291523E-38   0.526621E-38   0.105324E-37   0.210649E-37   0.430966E-37   0.167463E-32   0.148160E-33   0.675213E-27   0.971015E-23   0.390824E-21   0.752934E-22   0.878778E-28   0.211107E-33   0.000000E+00   0.109657E-33   0.171474E-29   0.235998E-33   0.685920E-29   0.544211E-33   0.687393E-30
   0.166667E+00   0.508742E-40   0.163538E-35   0.185864E-39   0.654156E-35   0.658277E-39   0.145761E-38   0.291523E-38   0.526621E-38   0.116609E-37   0.210649E-37   0.376392E-37   0.419732E-34   0.148160E-33   0.675213E-27   0.971015E-23   0.437723E-21   0.702735E-22   0.000000E+00   0.125297E-33   0.000000E+00   0.557396E-34   0.429611E-31   0.161783E-33   0.171873E-30   0.544163E-33   0.687295E-30
   0.166667E+00   0.695033E-39   0.409748E-37   0.201606E-38   0.163899E-36   0.533674E-38   0.775826E-38   0.149523E-37   0.199364E-37   0.443867E-37   0.496529E-37   0.948146E-37   0.419792E-34   0.365109E-33   0.756238E-27   0.108754E-22   0.437723E-21   0.702826E-22   0.234333E-27   0.449616E-33   0.000000E+00   0.572417E-34   0.429549E-31   0.186420E-33   0.171774E-30   0.618096E-33   0.687245E-30
   0.166667E+00   0.508260E-40   0.163539E-35   0.179794E-39   0.654158E-35   0.658277E-39   0.131655E-38   0.291523E-38   0.526621E-38   0.116609E-37   0.210649E-37   0.430226E-37   0.167464E-32   0.148160E-33   0.756238E-27   0.971015E-23   0.437723E-21   0.702792E-22   0.847356E-32   0.199404E-33   0.000000E+00   0.110369E-33   0.171474E-29   0.237363E-33   0.685921E-29   0.777841E-33   0.274370E-28
   0.166667E+00   0.508018E-40   0.163538E-35   0.197329E-39   0.654155E-35   0.658277E-39   0.145761E-38   0.263311E-38   0.526621E-38   0.116609E-37   0.210649E-37   0.429976E-37   0.167464E-32   0.148160E-33   0.756238E-27   0.971015E-23   0.390824E-21   0.753006E-22   0.000000E+00   0.154149E-33   0.000000E+00   0.540544E-34   0.429611E-31   0.186340E-33   0.171786E-30   0.593341E-33   0.687344E-30
   0.166667E+00   0.499788E-40   0.409836E-37   0.182283E-39   0.163899E-36   0.728807E-39   0.145761E-38   0.291523E-38   0.526621E-38   0.116609E-37   0.233218E-37   0.376367E-37   0.419612E-34   0.148160E-33   0.756238E-27   0.971015E-23   0.390824E-21   0.727928E-22   0.292960E-28   0.231834E-33   0.000000E+00   0.586528E-34   0.429611E-31   0.186300E-33   0.171823E-30   0.691933E-33   0.687245E-30
   0.166667E+00   0.194840E-38   0.409660E-37   0.574825E-38   0.163899E-36   0.165039E-37   0.270834E-37   0.410012E-37   0.673323E-37   0.111343E-36   0.194850E-36   0.308470E-36   0.419552E-34   0.814881E-33   0.175555E-26   0.240812E-22   0.101614E-20   0.158147E-21   0.908003E-27   0.141698E-32   0.000000E+00   0.849236E-34   0.429580E-31   0.254125E-33   0.171811E-30   0.839845E-33   0.687295E-30
   0.166667E+00   0.155709E-36   0.410306E-37   0.464074E-36   0.164216E-36   0.131651E-35   0.214960E-35   0.348906E-35   0.563372E-35   0.906165E-35   0.145370E-34   0.232225E-34   0.420394E-34   0.525810E-31   0.142740E-24   0.163946E-20   0.526831E-19   0.694131E-20   0.814266E-25   0.101226E-30   0.000000E+00   0.248279E-32   0.430289E-31   0.625091E-32   0.172156E-30   0.158823E-31   0.688379E-30
   0.166667E+00   0.192008E-36   0.410571E-37   0.543325E-36   0.164228E-36   0.149156E-35   0.240765E-35   0.387170E-35   0.620849E-35   0.992682E-35   0.158498E-34   0.252192E-34   0.420454E-34   0.568512E-31   0.154381E-24   0.176802E-20   0.567164E-19   0.746850E-20   0.872260E-25   0.108492E-30   0.000000E+00   0.267161E-32   0.430566E-31   0.671359E-32   0.172107E-30   0.167700E-31   0.688725E-30
   0.166667E+00   0.506778E-40   0.163537E-35   0.196833E-39   0.654155E-35   0.658277E-39   0.131655E-38   0.263311E-38   0.526621E-38   0.105324E-37   0.203125E-37   0.428704E-37   0.167464E-32   0.148160E-33   0.675213E-27   0.104870E-22   0.390824E-21   0.778149E-22   0.557528E-32   0.260290E-33   0.000000E+00   0.102499E-33   0.171474E-29   0.184547E-33   0.685921E-29   0.741774E-33   0.274371E-28
   0.166667E+00   0.535913E-40   0.163540E-35   0.196733E-39   0.654152E-35   0.658277E-39   0.145761E-38   0.291523E-38   0.526621E-38   0.105324E-37   0.203125E-37   0.428445E-37   0.167463E-32   0.148160E-33   0.756238E-27   0.104870E-22   0.390824E-21   0.702854E-22   0.292916E-28   0.134707E-33   0.000000E+00   0.491357E-34   0.429549E-31   0.179930E-33   0.171811E-30   0.617715E-33   0.687245E-30
   0.166667E+00   0.114627E-39   0.409660E-37   0.464386E-39   0.163923E-36   0.799336E-39   0.131655E-38   0.291523E-38   0.526621E-38   0.105324E-37   0.233218E-37   0.421467E-37   0.419401E-34   0.148160E-33   0.756238E-27   0.108754E-22   0.390824E-21   0.853470E-22   0.000000E+00   0.173115E-33   0.000000E+00   0.552820E-34   0.429488E-31   0.186059E-33   0.171749E-30   0.666987E-33   0.687393E-30
   0.166667E+00   0.616695E-38   0.409865E-37   0.184142E-37   0.163887E-36   0.524976E-37   0.862343E-37   0.140401E-36   0.227764E-36   0.368635E-36   0.592825E-36   0.959972E-36   0.419521E-34   0.205308E-32   0.569880E-26   0.722435E-22   0.228242E-20   0.266653E-21   0.316332E-26   0.435481E-32   0.000000E+00   0.143475E-33   0.429457E-31   0.420463E-33   0.171762E-30   0.120946E-32   0.687344E-30
   0.166667E+00   0.500164E-36   0.411511E-37   0.150838E-35   0.164557E-36   0.431084E-35   0.705673E-35   0.114752E-34   0.185600E-34   0.298884E-34   0.479737E-34   0.766551E-34   0.421748E-34   0.173691E-30   0.470920E-24   0.539962E-20   0.173151E-18   0.228140E-19   0.268090E-24   0.333199E-30   0.000000E+00   0.813137E-32   0.431891E-31   0.203482E-31   0.172686E-30   0.510224E-31   0.690894E-30
   0.166667E+00   0.514204E-36   0.411423E-37   0.156381E-35   0.164663E-36   0.448768E-35   0.735827E-35   0.119805E-34   0.193974E-34   0.312610E-34   0.502073E-34   0.802887E-34   0.421748E-34   0.182052E-30   0.493554E-24   0.566218E-20   0.181749E-18   0.239260E-19   0.276877E-24   0.342335E-30   0.000000E+00   0.856788E-32   0.431860E-31   0.214155E-31   0.172748E-30   0.538089E-31   0.690943E-30
   0.166667E+00   0.127785E-34   0.547134E-37   0.342611E-34   0.222192E-36   0.905861E-34   0.144633E-33   0.230576E-33   0.367161E-33   0.584048E-33   0.928432E-33   0.147295E-32   0.579614E-34   0.329924E-29   0.894025E-23   0.102191E-18   0.326933E-17   0.428030E-18   0.492720E-23   0.607028E-29   0.000000E+00   0.154337E-30   0.130589E-29   0.383825E-30   0.831642E-29   0.962861E-30   0.444397E-28
   0.166667E+00   0.534364E-40   0.163539E-35   0.213745E-39   0.654155E-35   0.658277E-39   0.145761E-38   0.263311E-38   0.526621E-38   0.105324E-37   0.210649E-37   0.426855E-37   0.167463E-32   0.132286E-33   0.675213E-27   0.971015E-23   0.375192E-21   0.702868E-22   0.292917E-28   0.247648E-33   0.000000E+00   0.896986E-34   0.171474E-29   0.204130E-33   0.685922E-29   0.728342E-33   0.274371E-28
   0.166667E+00   0.563489E-40   0.163539E-35   0.213640E-39   0.654155E-35   0.705297E-39   0.145761E-38   0.263311E-38   0.526621E-38   0.105324E-37   0.210649E-37   0.421427E-37   0.419461E-34   0.148160E-33   0.756238E-27   0.971015E-23   0.375192E-21   0.828383E-22   0.140914E-32   0.205117E-33   0.000000E+00   0.472672E-34   0.429519E-31   0.191987E-33   0.171823E-30   0.691358E-33   0.687245E-30
   0.166667E+00   0.268906E-39   0.409718E-37   0.787629E-39   0.163923E-36   0.277417E-38   0.366754E-38   0.677085E-38   0.127894E-37   0.255788E-37   0.504052E-37   0.421420E-37   0.419521E-34   0.148160E-33   0.756238E-27   0.108754E-22   0.437723E-21   0.627566E-22   0.585812E-28   0.410236E-33   0.000000E+00   0.596058E-34   0.429457E-31   0.185777E-33   0.171848E-30   0.666650E-33   0.687344E-30
   0.166667E+00   0.195029E-37   0.409748E-37   0.588394E-37   0.163946E-36   0.168354E-36   0.275489E-36   0.448945E-36   0.727302E-36   0.117399E-35   0.188831E-35   0.303335E-35   0.419552E-34   0.691591E-32   0.192571E-25   0.223334E-21   0.730060E-20   0.956428E-21   0.112473E-25   0.135788E-31   0.000000E+00   0.367624E-33   0.429519E-31   0.969275E-33   0.171860E-30   0.236813E-32   0.687492E-30
   0.166667E+00   0.158732E-35   0.413774E-37   0.484442E-35   0.165709E-36   0.139485E-34   0.228934E-34   0.373029E-34   0.604336E-34   0.974404E-34   0.156548E-33   0.250347E-33   0.425149E-34   0.567877E-30   0.153811E-23   0.176437E-19   0.565773E-18   0.745035E-19   0.876145E-24   0.108938E-29   0.000000E+00   0.265252E-31   0.435219E-31   0.662127E-31   0.174017E-30   0.165666E-30   0.696367E-30
   0.166667E+00   0.155321E-35   0.413862E-37   0.471117E-35   0.165839E-36   0.134755E-34   0.220804E-34   0.359288E-34   0.581416E-34   0.936649E-34   0.150375E-33   0.240407E-33   0.425059E-34   0.544843E-30   0.147637E-23   0.169380E-19   0.543293E-18   0.714484E-19   0.818737E-24   0.100869E-29   0.000000E+00   0.256490E-31   0.435312E-31   0.639484E-31   0.174067E-30   0.160389E-30   0.696712E-30
   0.166667E+00   0.182213E-34   0.749877E-37   0.483551E-34   0.309531E-36   0.127077E-33   0.202406E-33   0.322060E-33   0.512049E-33   0.813529E-33   0.129194E-32   0.204802E-32   0.960738E-34   0.458311E-29   0.124215E-22   0.141938E-18   0.454061E-17   0.594699E-18   0.685501E-23   0.844979E-29   0.000000E+00   0.215803E-30   0.265167E-29   0.534341E-30   0.130488E-28   0.133985E-29   0.591916E-28
   0.166667E+00   0.517792E-40   0.163538E-35   0.189484E-39   0.654152E-35   0.658277E-39   0.131655E-38   0.291523E-38   0.526621E-38   0.105324E-37   0.210649E-37   0.439968E-37   0.167463E-32   0.132286E-33   0.675213E-27   0.971015E-23   0.390824E-21   0.677773E-22   0.292904E-28   0.287165E-33   0.000000E+00   0.784380E-34   0.171475E-29   0.192834E-33   0.685924E-29   0.690125E-33   0.274369E-28
   0.166667E+00   0.532211E-40   0.163540E-35   0.212884E-39   0.654153E-35   0.728807E-39   0.131655E-38   0.291523E-38   0.526621E-38   0.105324E-37   0.210649E-37   0.511656E-37   0.419491E-34   0.132286E-33   0.675213E-27   0.971015E-23   0.437723E-21   0.778186E-22   0.292898E-28   0.820472E-34   0.000000E+00   0.515908E-34   0.429426E-31   0.191704E-33   0.171823E-30   0.691018E-33   0.687393E-30
   0.166667E+00   0.543738E-40   0.409777E-37   0.205740E-39   0.163946E-36   0.658277E-39   0.131655E-38   0.263311E-38   0.526621E-38   0.105324E-37   0.210649E-37   0.421371E-37   0.419461E-34   0.148160E-33   0.675213E-27   0.971015E-23   0.437723E-21   0.702879E-22   0.180343E-33   0.164094E-33   0.000000E+00   0.499969E-34   0.429457E-31   0.185494E-33   0.171885E-30   0.641649E-33   0.687443E-30
   0.166667E+00   0.618061E-37   0.409865E-37   0.188526E-36   0.163923E-36   0.542773E-36   0.891166E-36   0.145206E-35   0.235381E-35   0.379807E-35   0.611107E-35   0.977862E-35   0.419702E-34   0.222399E-31   0.605801E-25   0.697966E-21   0.224490E-19   0.297972E-20   0.347669E-25   0.433619E-31   0.000000E+00   0.107787E-32   0.429673E-31   0.257309E-32   0.171885E-30   0.675726E-32   0.687591E-30
   0.166667E+00   0.494604E-35   0.419093E-37   0.152760E-34   0.168060E-36   0.443152E-34   0.729251E-34   0.119074E-33   0.193224E-33   0.311957E-33   0.501688E-33   0.802943E-33   0.431288E-34   0.182336E-29   0.493751E-23   0.566552E-19   0.181752E-17   0.239341E-18   0.281542E-23   0.350095E-29   0.000000E+00   0.852187E-31   0.442121E-31   0.212543E-30   0.176914E-30   0.531446E-30   0.707559E-30
   0.166667E+00   0.644680E-36   0.411217E-37   0.194265E-35   0.164499E-36   0.553009E-35   0.904670E-35   0.147029E-34   0.237738E-34   0.382786E-34   0.614432E-34   0.982435E-34   0.421327E-34   0.222981E-30   0.607367E-24   0.698626E-20   0.224818E-18   0.297093E-19   0.340317E-24   0.421517E-30   0.000000E+00   0.113725E-31   0.431367E-31   0.279116E-31   0.172711E-30   0.712182E-31   0.726984E-30
   0.166667E+00   0.216217E-34   0.112683E-36   0.570420E-34   0.473947E-36   0.149505E-33   0.237740E-33   0.377757E-33   0.599879E-33   0.952038E-33   0.151050E-32   0.239262E-32   0.369405E-33   0.535154E-29   0.145115E-22   0.165823E-18   0.530416E-17   0.695459E-18   0.801692E-23   0.988627E-29   0.000000E+00   0.253923E-30   0.352472E-29   0.626579E-30   0.156155E-28   0.157126E-29   0.663091E-28
   0.166667E+00   0.672693E-38   0.163540E-35   0.201075E-37   0.654156E-35   0.571290E-37   0.931932E-37   0.151968E-36   0.246760E-36   0.399480E-36   0.646240E-36   0.103836E-35   0.167464E-32   0.242348E-32   0.661709E-26   0.772928E-22   0.262634E-20   0.353951E-21   0.348548E-26   0.451259E-32   0.000000E+00   0.164698E-33   0.171476E-29   0.432076E-33   0.171774E-30   0.123324E-32   0.687393E-30
   0.166667E+00   0.475354E-38   0.163538E-35   0.143474E-37   0.654150E-35   0.412128E-37   0.674734E-37   0.111155E-36   0.180744E-36   0.293027E-36   0.472455E-36   0.726741E-36   0.419401E-34   0.178851E-32   0.534769E-26   0.555421E-22   0.218862E-20   0.243498E-21   0.342690E-26   0.344598E-32   0.000000E+00   0.125578E-33   0.429580E-31   0.364169E-33   0.171836E-30   0.123319E-32   0.687344E-30
   0.166667E+00   0.722903E-36   0.410629E-37   0.220270E-35   0.164334E-36   0.633587E-35   0.103950E-34   0.169330E-34   0.274283E-34   0.442174E-34   0.710315E-34   0.113583E-33   0.420725E-34   0.257640E-30   0.697954E-24   0.800544E-20   0.256928E-18   0.338362E-19   0.397754E-24   0.494416E-30   0.000000E+00   0.120566E-31   0.431028E-31   0.301016E-31   0.172304E-30   0.755828E-31   0.689168E-30
   0.166667E+00   0.253194E-31   0.316057E-35   0.781354E-31   0.142107E-34   0.226550E-30   0.372741E-30   0.608529E-30   0.987354E-30   0.159391E-29   0.256312E-29   0.410196E-29   0.369695E-32   0.931381E-26   0.252181E-19   0.289347E-15   0.928166E-14   0.122220E-14   0.143769E-19   0.178769E-25   0.000000E+00   0.435040E-27   0.428360E-29   0.108461E-26   0.171097E-28   0.271074E-26   0.679131E-28
   0.166667E+00   0.119533E-32   0.184453E-36   0.373789E-32   0.822646E-36   0.109269E-31   0.180307E-31   0.295048E-31   0.479604E-31   0.775369E-31   0.124829E-30   0.199961E-30   0.215584E-33   0.454609E-27   0.123097E-20   0.141300E-16   0.453420E-15   0.597124E-16   0.700517E-21   0.868782E-27   0.000000E+00   0.212726E-28   0.247558E-30   0.530430E-28   0.989266E-30   0.132578E-27   0.393010E-29
   0.166667E+00   0.411624E-33   0.117167E-36   0.119853E-32   0.517828E-36   0.332982E-32   0.540339E-32   0.872345E-32   0.140276E-31   0.224842E-31   0.359521E-31   0.572931E-31   0.134881E-33   0.129152E-27   0.349507E-21   0.400062E-17   0.128085E-15   0.167847E-16   0.193178E-21   0.237978E-27   0.000000E+00   0.596803E-29   0.154450E-30   0.148731E-28   0.647419E-30   0.371471E-28   0.375779E-29
   0.166667E+00   0.370977E-30   0.221908E-32   0.972877E-30   0.899098E-32   0.254168E-29   0.403367E-29   0.639902E-29   0.101484E-28   0.160888E-28   0.255025E-28   0.403541E-28   0.155407E-29   0.901186E-25   0.243799E-18   0.278169E-14   0.888350E-13   0.116429E-13   0.134657E-18   0.166173E-24   0.000000E+00   0.411038E-26   0.308308E-27   0.102319E-25   0.798206E-27   0.255442E-25   0.204804E-26
   0.166667E+00   0.000000E+00   0.000000E+00   0.000000E+00   0.000000E+00   0.000000E+00   0.000000E+00   0.000000E+00   0.000000E+00   0.000000E+00   0.000000E+00   0.000000E+00   0.000000E+00   0.000000E+00   0.000000E+00   0.000000E+00   0.000000E+00   0.000000E+00   0.000000E+00   0.000000E+00   0.000000E+00   0.000000E+00   0.000000E+00   0.000000E+00   0.000000E+00   0.000000E+00   0.000000E+00
   0.166667E+00   0.230917E-26   0.461825E-26   0.923662E-26   0.184730E-25   0.369463E-25   0.738925E-25   0.147785E-24   0.295569E-24   0.591138E-24   0.118228E-23   0.236455E-23   0.472909E-23   0.839998E-20   0.428751E-13   0.616582E-09   0.248210E-07   0.404340E-08   0.384672E-13   0.489121E-19   0.122294E-22   0.243700E-20   0.484247E-20   0.970067E-20   0.193703E-19   0.387585E-19   0.774814E-19
   0.333333E+00   0.218750E-25   0.437500E-25   0.875001E-25   0.175000E-24   0.350000E-24   0.700000E-24   0.140000E-23   0.280000E-23   0.560000E-23   0.112000E-22   0.224000E-22   0.448000E-22   0.748978E-19   0.384087E-12   0.556918E-08   0.225390E-06   0.483205E-07   0.164194E-11   0.503273E-15   0.115852E-21   0.232523E-19   0.458739E-19   0.920479E-19   0.183500E-18   0.367360E-18   0.734003E-18
   0.333333E+00   0.465316E-40   0.163540E-35   0.186126E-39   0.654159E-35   0.658277E-39   0.131655E-38   0.112847E-38   0.470198E-38   0.105324E-37   0.210649E-37   0.431388E-37   0.167464E-32   0.139451E-33   0.638507E-27   0.814723E-23   0.374567E-21   0.815404E-22   0.195165E-24   0.824351E-31   0.000000E+00   0.126317E-33   0.171473E-29   0.224226E-33   0.685920E-29   0.690126E-33   0.274368E-28
   0.333333E+00   0.465080E-40   0.163539E-35   0.186032E-39   0.654152E-35   0.658277E-39   0.131655E-38   0.263311E-38   0.526621E-38   0.105324E-37   0.210649E-37   0.431147E-37   0.167464E-32   0.139451E-33   0.638507E-27   0.925821E-23   0.374567E-21   0.969129E-22   0.913945E-27   0.153847E-30   0.000000E+00   0.118009E-33   0.171473E-29   0.247241E-33   0.685921E-29   0.688211E-33   0.274370E-28
   0.333333E+00   0.464844E-40   0.163538E-35   0.185937E-39   0.654155E-35   0.658277E-39   0.131655E-38   0.263311E-38   0.526621E-38   0.105324E-37   0.210649E-37   0.430905E-37   0.167463E-32   0.139451E-33   0.638507E-27   0.925821E-23   0.374567E-21   0.111656E-21   0.195297E-24   0.188968E-30   0.000000E+00   0.126814E-33   0.171473E-29   0.245551E-33   0.685918E-29   0.760300E-33   0.274371E-28
   0.333333E+00   0.508687E-40   0.163539E-35   0.185842E-39   0.654152E-35   0.658277E-39   0.131655E-38   0.291523E-38   0.526621E-38   0.105324E-37   0.210649E-37   0.415615E-37   0.167463E-32   0.139451E-33   0.638507E-27   0.925821E-23   0.374567E-21   0.875334E-22   0.115682E-30   0.150972E-30   0.000000E+00   0.118506E-33   0.171472E-29   0.256213E-33   0.685921E-29   0.544383E-33   0.687344E-30
   0.333333E+00   0.230108E-39   0.163539E-35   0.679454E-39   0.654156E-35   0.256258E-38   0.324436E-38   0.667681E-38   0.127894E-37   0.267072E-37   0.210649E-37   0.376384E-37   0.419732E-34   0.139451E-33   0.638507E-27   0.925821E-23   0.374567E-21   0.129637E-21   0.195038E-24   0.333621E-30   0.000000E+00   0.624019E-34   0.429486E-31   0.174344E-33   0.171811E-30   0.544335E-33   0.687196E-30
   0.333333E+00   0.193119E-37   0.409748E-37   0.598386E-37   0.163899E-36   0.178957E-36   0.289407E-36   0.467471E-36   0.751188E-36   0.120672E-35   0.193195E-35   0.307098E-35   0.419792E-34   0.661398E-32   0.176994E-25   0.215531E-21   0.702687E-20   0.123845E-20   0.504017E-25   0.139799E-28   0.000000E+00   0.371952E-33   0.429517E-31   0.828991E-33   0.171811E-30   0.256711E-32   0.687097E-30
   0.333333E+00   0.463885E-40   0.163539E-35   0.185554E-39   0.654158E-35   0.658277E-39   0.131655E-38   0.263311E-38   0.526621E-38   0.105324E-37   0.210649E-37   0.429921E-37   0.167464E-32   0.139451E-33   0.638507E-27   0.814723E-23   0.374567E-21   0.906758E-22   0.143623E-26   0.295602E-30   0.000000E+00   0.115362E-33   0.171474E-29   0.257312E-33   0.685921E-29   0.777272E-33   0.274369E-28
   0.333333E+00   0.463643E-40   0.163539E-35   0.185457E-39   0.654155E-35   0.658277E-39   0.131655E-38   0.263311E-38   0.526621E-38   0.105324E-37   0.210649E-37   0.429672E-37   0.167464E-32   0.139451E-33   0.638507E-27   0.925821E-23   0.374567E-21   0.875435E-22   0.145348E-30   0.221696E-30   0.000000E+00   0.529105E-34   0.429455E-31   0.198923E-33   0.171799E-30   0.618196E-33   0.687344E-30
   0.333333E+00   0.743520E-39   0.409836E-37   0.228642E-38   0.163899E-36   0.707648E-38   0.122251E-37   0.184318E-37   0.357350E-37   0.583045E-37   0.842594E-37   0.154997E-36   0.419612E-34   0.308785E-33   0.715128E-27   0.925821E-23   0.374567E-21   0.969300E-22   0.104469E-26   0.478455E-30   0.000000E+00   0.575259E-34   0.429517E-31   0.229762E-33   0.171799E-30   0.667485E-33   0.687492E-30
   0.333333E+00   0.575581E-37   0.409660E-37   0.187538E-36   0.163899E-36   0.578437E-36   0.945944E-36   0.153839E-35   0.248923E-35   0.401323E-35   0.645111E-35   0.102661E-34   0.419552E-34   0.220582E-31   0.604794E-25   0.698810E-21   0.225939E-19   0.397778E-20   0.164262E-24   0.490721E-28   0.000000E+00   0.112942E-32   0.429517E-31   0.280524E-32   0.171848E-30   0.750062E-32   0.687295E-30
   0.333333E+00   0.477899E-35   0.412216E-37   0.157660E-34   0.164969E-36   0.490036E-34   0.803496E-34   0.130883E-33   0.212070E-33   0.342150E-33   0.550132E-33   0.875993E-33   0.422711E-34   0.187849E-29   0.510563E-23   0.590292E-19   0.190220E-17   0.331948E-18   0.137952E-22   0.411553E-26   0.000000E+00   0.931317E-31   0.432783E-31   0.231712E-30   0.173142E-30   0.578059E-30   0.692521E-30
   0.333333E+00   0.101100E-34   0.414890E-37   0.313437E-34   0.166133E-36   0.934119E-34   0.151174E-33   0.243695E-33   0.391596E-33   0.627632E-33   0.100386E-32   0.159238E-32   0.425540E-34   0.339317E-29   0.922040E-23   0.106391E-18   0.342322E-17   0.595649E-18   0.244162E-22   0.722772E-26   0.000000E+00   0.166936E-30   0.435772E-31   0.415025E-30   0.174264E-30   0.103559E-29   0.696958E-30
   0.333333E+00   0.491790E-40   0.163539E-35   0.179083E-39   0.654152E-35   0.658277E-39   0.131655E-38   0.263311E-38   0.526621E-38   0.105324E-37   0.210649E-37   0.428399E-37   0.167464E-32   0.139451E-33   0.638507E-27   0.925821E-23   0.374567E-21   0.844213E-22   0.130632E-27   0.147214E-30   0.000000E+00   0.109067E-33   0.171475E-29   0.234788E-33   0.685920E-29   0.740976E-33   0.274371E-28
   0.333333E+00   0.653169E-40   0.163540E-35   0.261267E-39   0.654159E-35   0.658277E-39   0.145761E-38   0.291523E-38   0.526621E-38   0.105324E-37   0.210649E-37   0.428141E-37   0.167463E-32   0.139451E-33   0.638507E-27   0.925821E-23   0.374567E-21   0.969314E-22   0.913949E-27   0.183863E-30   0.000000E+00   0.603770E-34   0.429671E-31   0.186315E-33   0.171799E-30   0.642573E-33   0.687344E-30
   0.333333E+00   0.231133E-38   0.409689E-37   0.756437E-38   0.163864E-36   0.225930E-37   0.388854E-37   0.614078E-37   0.104572E-36   0.165133E-36   0.279109E-36   0.425827E-36   0.419461E-34   0.956238E-33   0.255403E-26   0.366625E-22   0.883977E-21   0.193876E-21   0.649234E-26   0.183665E-29   0.000000E+00   0.898848E-34   0.429578E-31   0.291271E-33   0.171848E-30   0.913877E-33   0.687147E-30
   0.333333E+00   0.187505E-36   0.409718E-37   0.618110E-36   0.163923E-36   0.192041E-35   0.314873E-35   0.512892E-35   0.831046E-35   0.134089E-34   0.215636E-34   0.343418E-34   0.419521E-34   0.737000E-31   0.200747E-24   0.232344E-20   0.749133E-19   0.130962E-19   0.543826E-24   0.162053E-27   0.000000E+00   0.369153E-32   0.429547E-31   0.926543E-32   0.171799E-30   0.233375E-31   0.687344E-30
   0.333333E+00   0.153580E-34   0.416654E-37   0.512741E-34   0.166932E-36   0.160569E-33   0.263976E-33   0.430897E-33   0.699345E-33   0.112979E-32   0.181845E-32   0.289795E-32   0.428339E-34   0.622163E-29   0.169099E-22   0.195582E-18   0.630464E-17   0.110040E-17   0.457373E-22   0.136478E-25   0.000000E+00   0.308878E-30   0.438699E-31   0.768379E-30   0.175472E-30   0.191677E-29   0.701691E-30
   0.333333E+00   0.253071E-34   0.422032E-37   0.827087E-34   0.169412E-36   0.253658E-33   0.415271E-33   0.675484E-33   0.109313E-32   0.176176E-32   0.283016E-32   0.450654E-32   0.436012E-34   0.964602E-29   0.262170E-22   0.303008E-18   0.976212E-17   0.169725E-17   0.695179E-22   0.205770E-25   0.000000E+00   0.478042E-30   0.446680E-31   0.118860E-29   0.178504E-30   0.296632E-29   0.713475E-30
   0.333333E+00   0.205542E-33   0.138705E-36   0.580551E-33   0.578519E-36   0.161965E-32   0.257651E-32   0.409646E-32   0.651033E-32   0.103430E-31   0.164274E-31   0.259392E-31   0.155796E-33   0.547704E-28   0.148791E-21   0.171225E-17   0.549776E-16   0.949728E-17   0.392546E-21   0.116289E-24   0.000000E+00   0.267209E-29   0.141602E-29   0.663238E-29   0.858751E-29   0.165462E-28   0.451272E-28
   0.333333E+00   0.519377E-40   0.163539E-35   0.213628E-39   0.654150E-35   0.658277E-39   0.131655E-38   0.263311E-38   0.526621E-38   0.105324E-37   0.210649E-37   0.426550E-37   0.167463E-32   0.124510E-33   0.638507E-27   0.814723E-23   0.374567E-21   0.875504E-22   0.867561E-31   0.220407E-30   0.000000E+00   0.913431E-34   0.171474E-29   0.229066E-33   0.685917E-29   0.751954E-33   0.274370E-28
   0.333333E+00   0.140073E-39   0.163540E-35   0.295807E-39   0.654155E-35   0.159867E-38   0.145761E-38   0.263311E-38   0.526621E-38   0.105324E-37   0.210649E-37   0.421419E-37   0.419552E-34   0.139451E-33   0.638507E-27   0.925821E-23   0.374567E-21   0.875517E-22   0.261205E-27   0.293852E-30   0.000000E+00   0.600111E-34   0.429578E-31   0.173665E-33   0.171836E-30   0.642229E-33   0.687196E-30
   0.333333E+00   0.727926E-38   0.409748E-37   0.240095E-37   0.163899E-36   0.745969E-37   0.122628E-36   0.200492E-36   0.326693E-36   0.526998E-36   0.857641E-36   0.131957E-35   0.419612E-34   0.299322E-32   0.794303E-26   0.885085E-22   0.320629E-20   0.575367E-21   0.214130E-25   0.650122E-29   0.000000E+00   0.187536E-33   0.429393E-31   0.544202E-33   0.171823E-30   0.140690E-32   0.687196E-30
   0.333333E+00   0.590771E-36   0.409983E-37   0.197077E-35   0.163970E-36   0.616855E-35   0.101400E-34   0.165493E-34   0.268581E-34   0.433895E-34   0.698360E-34   0.111302E-33   0.419852E-34   0.238955E-30   0.650000E-24   0.752026E-20   0.242524E-18   0.423333E-19   0.175886E-23   0.524946E-27   0.000000E+00   0.119059E-31   0.429794E-31   0.296903E-31   0.171909E-30   0.743518E-31   0.687689E-30
   0.333333E+00   0.486918E-34   0.426557E-37   0.164503E-33   0.171469E-36   0.518969E-33   0.855401E-33   0.139917E-32   0.227454E-32   0.367927E-32   0.592797E-32   0.945480E-32   0.441339E-34   0.203217E-28   0.552348E-22   0.639095E-18   0.206074E-16   0.359747E-17   0.149295E-21   0.444618E-25   0.000000E+00   0.101045E-29   0.452781E-31   0.251378E-29   0.181006E-30   0.627055E-29   0.723434E-30
   0.333333E+00   0.648757E-34   0.440075E-37   0.206087E-33   0.177676E-36   0.618003E-33   0.100608E-32   0.162900E-32   0.262637E-32   0.422013E-32   0.676298E-32   0.107528E-31   0.459816E-34   0.229403E-28   0.623413E-22   0.719819E-18   0.231729E-16   0.401691E-17   0.165023E-21   0.488485E-25   0.000000E+00   0.113285E-29   0.472348E-31   0.281484E-29   0.188796E-30   0.702269E-29   0.753904E-30
   0.333333E+00   0.246226E-33   0.286130E-36   0.692538E-33   0.121390E-35   0.192832E-32   0.306362E-32   0.486603E-32   0.772719E-32   0.122685E-31   0.194758E-31   0.307374E-31   0.341085E-33   0.648723E-28   0.176234E-21   0.202767E-17   0.650974E-16   0.112502E-16   0.464983E-21   0.137774E-24   0.000000E+00   0.316690E-29   0.280705E-29   0.785348E-29   0.133966E-28   0.195897E-28   0.600346E-28
   0.333333E+00   0.502805E-40   0.163539E-35   0.212876E-39   0.654155E-35   0.658277E-39   0.131655E-38   0.263311E-38   0.470198E-38   0.105324E-37   0.210649E-37   0.454710E-37   0.167464E-32   0.124510E-33   0.638507E-27   0.925821E-23   0.374567E-21   0.103188E-21   0.913948E-27   0.293840E-30   0.000000E+00   0.751671E-34   0.171474E-29   0.217136E-33   0.685918E-29   0.787478E-33   0.274370E-28
   0.333333E+00   0.502531E-40   0.163541E-35   0.218644E-39   0.654155E-35   0.658277E-39   0.131655E-38   0.263311E-38   0.526621E-38   0.105324E-37   0.210649E-37   0.466510E-37   0.419401E-34   0.124510E-33   0.638507E-27   0.814723E-23   0.374567E-21   0.875536E-22   0.246011E-31   0.257110E-30   0.000000E+00   0.471988E-34   0.429702E-31   0.198072E-33   0.171860E-30   0.666552E-33   0.687393E-30
   0.333333E+00   0.734748E-40   0.409865E-37   0.276267E-39   0.163840E-36   0.658277E-39   0.131655E-38   0.263311E-38   0.526621E-38   0.105324E-37   0.210649E-37   0.421363E-37   0.419491E-34   0.139451E-33   0.638507E-27   0.925821E-23   0.374567E-21   0.106316E-21   0.194795E-24   0.293840E-30   0.000000E+00   0.549254E-34   0.429517E-31   0.210382E-33   0.171848E-30   0.567828E-33   0.687393E-30
   0.333333E+00   0.187368E-35   0.410218E-37   0.632526E-35   0.164146E-36   0.199473E-34   0.328745E-34   0.537677E-34   0.874004E-34   0.141371E-33   0.227771E-33   0.363282E-33   0.420153E-34   0.780818E-30   0.212275E-23   0.245635E-19   0.792148E-18   0.138286E-18   0.574874E-23   0.171559E-26   0.000000E+00   0.388590E-31   0.430256E-31   0.967281E-31   0.172057E-30   0.241728E-30   0.688330E-30
   0.333333E+00   0.149798E-33   0.447099E-37   0.510648E-33   0.180720E-36   0.161801E-32   0.267197E-32   0.437693E-32   0.712345E-32   0.115331E-31   0.185949E-31   0.296774E-31   0.466917E-34   0.638301E-28   0.173497E-21   0.200796E-17   0.647596E-16   0.113015E-16   0.465611E-21   0.138154E-24   0.000000E+00   0.317724E-29   0.482178E-31   0.790463E-29   0.192716E-30   0.197183E-28   0.769139E-30
   0.333333E+00   0.124122E-34   0.415919E-37   0.381402E-34   0.166720E-36   0.111988E-33   0.181065E-33   0.291579E-33   0.468084E-33   0.749598E-33   0.119813E-32   0.190127E-32   0.427646E-34   0.404609E-29   0.110140E-22   0.127151E-18   0.409481E-17   0.710226E-18   0.292244E-22   0.865955E-26   0.000000E+00   0.204978E-30   0.438484E-31   0.505510E-30   0.175496E-30   0.127004E-29   0.739754E-30
   0.333333E+00   0.265429E-33   0.563635E-36   0.745286E-33   0.242446E-35   0.207403E-32   0.329305E-32   0.522781E-32   0.829837E-32   0.131710E-31   0.209031E-31   0.329811E-31   0.856828E-33   0.695941E-28   0.189069E-21   0.217520E-17   0.698293E-16   0.120725E-16   0.498874E-21   0.147832E-24   0.000000E+00   0.340000E-29   0.370095E-29   0.842714E-29   0.159998E-28   0.210205E-28   0.672273E-28
   0.333333E+00   0.101156E-36   0.163537E-35   0.332671E-36   0.654153E-35   0.103201E-35   0.169144E-35   0.275357E-35   0.446274E-35   0.719929E-35   0.115706E-34   0.184379E-34   0.167463E-32   0.396092E-31   0.108010E-24   0.125060E-20   0.403783E-19   0.706689E-20   0.292718E-24   0.872339E-28   0.000000E+00   0.201468E-32   0.171474E-29   0.495978E-32   0.171811E-30   0.124332E-31   0.687196E-30
   0.333333E+00   0.745529E-37   0.163540E-35   0.248324E-36   0.654159E-35   0.776720E-36   0.127640E-35   0.208307E-35   0.338204E-35   0.546483E-35   0.879759E-35   0.140277E-34   0.419582E-34   0.301813E-31   0.824951E-25   0.958040E-21   0.308793E-19   0.541899E-20   0.224435E-24   0.669221E-28   0.000000E+00   0.153889E-32   0.429578E-31   0.389741E-32   0.171749E-30   0.959623E-32   0.687245E-30
   0.333333E+00   0.109756E-34   0.411687E-37   0.370217E-34   0.164792E-36   0.116690E-33   0.192276E-33   0.314427E-33   0.511047E-33   0.826542E-33   0.133156E-32   0.212355E-32   0.421809E-34   0.456377E-29   0.124047E-22   0.143524E-18   0.462778E-17   0.807943E-18   0.335845E-22   0.100234E-25   0.000000E+00   0.226922E-30   0.432413E-31   0.564531E-30   0.172896E-30   0.140845E-29   0.691239E-30
   0.333333E+00   0.384467E-30   0.637484E-35   0.131347E-29   0.287212E-34   0.417335E-29   0.689604E-29   0.113023E-28   0.184025E-28   0.298052E-28   0.480697E-28   0.767290E-28   0.749728E-32   0.165108E-24   0.448788E-18   0.519470E-14   0.167553E-12   0.292590E-13   0.121646E-17   0.363133E-21   0.000000E+00   0.822262E-26   0.911890E-29   0.204581E-25   0.348811E-28   0.510338E-25   0.136371E-27
   0.333333E+00   0.352425E-31   0.666173E-36   0.120389E-30   0.306121E-35   0.381145E-30   0.629818E-30   0.103215E-29   0.168034E-29   0.272111E-29   0.438795E-29   0.700540E-29   0.819558E-33   0.150660E-25   0.409509E-19   0.473963E-15   0.152864E-13   0.266510E-14   0.109329E-18   0.324027E-22   0.000000E+00   0.750028E-27   0.999659E-30   0.186594E-26   0.384269E-29   0.465454E-26   0.150428E-28
   0.333333E+00   0.562323E-32   0.384801E-36   0.168152E-31   0.177978E-35   0.486464E-31   0.781174E-31   0.125110E-30   0.199962E-30   0.319084E-30   0.508535E-30   0.804740E-30   0.476998E-33   0.170651E-26   0.463532E-20   0.534024E-16   0.171607E-14   0.297391E-15   0.122732E-19   0.363929E-23   0.000000E+00   0.833261E-28   0.588816E-30   0.207004E-27   0.232366E-29   0.515912E-27   0.107891E-28
   0.333333E+00   0.253131E-29   0.991408E-32   0.722241E-29   0.407146E-31   0.204135E-28   0.323963E-28   0.514100E-28   0.815783E-28   0.129441E-27   0.205374E-27   0.323644E-27   0.675973E-29   0.683369E-24   0.185582E-17   0.213451E-13   0.685009E-12   0.119015E-12   0.490750E-17   0.145650E-20   0.000000E+00   0.331349E-25   0.121378E-26   0.822847E-25   0.309977E-26   0.205021E-24   0.784995E-26
   0.333333E+00   0.000000E+00   0.000000E+00   0.000000E+00   0.000000E+00   0.000000E+00   0.000000E+00   0.000000E+00   0.000000E+00   0.000000E+00   0.000000E+00   0.000000E+00   0.000000E+00   0.000000E+00   0.000000E+00   0.000000E+00   0.000000E+00   0.000000E+00   0.000000E+00   0.000000E+00   0.000000E+00   0.000000E+00   0.000000E+00   0.000000E+00   0.000000E+00   0.000000E+00   0.000000E+00
   0.333333E+00   0.230939E-26   0.461825E-26   0.923729E-26   0.184730E-25   0.369482E-25   0.738956E-25   0.147790E-24   0.295577E-24   0.591151E-24   0.118230E-23   0.236459E-23   0.472909E-23   0.790630E-20   0.405445E-13   0.587886E-09   0.237923E-07   0.510073E-08   0.173324E-12   0.531257E-16   0.122294E-22   0.245452E-20   0.484245E-20   0.971660E-20   0.193703E-19   0.387786E-19   0.774814E-19
   0.500000E+00   0.218750E-25   0.437500E-25   0.875001E-25   0.175000E-24   0.350000E-24   0.700000E-24   0.140000E-23   0.280000E-23   0.560000E-23   0.112000E-22   0.224000E-22   0.448000E-22   0.705770E-19   0.363596E-12   0.531515E-08   0.216244E-06   0.577201E-07   0.244038E-11   0.732051E-18   0.115852E-21   0.235179E-19   0.458736E-19   0.922033E-19   0.183500E-18   0.367550E-18   0.734003E-18
   0.500000E+00   0.465303E-40   0.163540E-35   0.186120E-39   0.654159E-35   0.658277E-39   0.131655E-38   0.112847E-38   0.470198E-38   0.105324E-37   0.210649E-37   0.431373E-37   0.167464E-32   0.131406E-33   0.580264E-27   0.777560E-23   0.359312E-21   0.110731E-21   0.268939E-26   0.000000E+00   0.000000E+00   0.139437E-33   0.171474E-29   0.271139E-33   0.685922E-29   0.741056E-33   0.274370E-28
   0.500000E+00   0.465068E-40   0.163539E-35   0.186026E-39   0.654152E-35   0.658277E-39   0.131655E-38   0.263311E-38   0.526621E-38   0.105324E-37   0.210649E-37   0.416086E-37   0.167464E-32   0.131406E-33   0.580264E-27   0.883591E-23   0.359312E-21   0.118111E-21   0.249736E-26   0.331348E-34   0.000000E+00   0.130806E-33   0.171473E-29   0.244624E-33   0.685917E-29   0.763782E-33   0.274370E-28
   0.500000E+00   0.464831E-40   0.163538E-35   0.168299E-39   0.654155E-35   0.658277E-39   0.131655E-38   0.263311E-38   0.526621E-38   0.105324E-37   0.210649E-37   0.430890E-37   0.167463E-32   0.131406E-33   0.604442E-27   0.777560E-23   0.359312E-21   0.107015E-21   0.000000E+00   0.162104E-33   0.000000E+00   0.131615E-33   0.171473E-29   0.236658E-33   0.685919E-29   0.761827E-33   0.274365E-28
   0.500000E+00   0.508675E-40   0.163539E-35   0.185837E-39   0.654152E-35   0.658277E-39   0.131655E-38   0.291523E-38   0.526621E-38   0.105324E-37   0.210649E-37   0.430647E-37   0.167463E-32   0.131406E-33   0.604442E-27   0.883591E-23   0.359312E-21   0.129190E-21   0.288166E-26   0.155246E-33   0.000000E+00   0.127705E-33   0.171473E-29   0.222509E-33   0.685919E-29   0.544605E-33   0.687344E-30
   0.500000E+00   0.985362E-39   0.163539E-35   0.404724E-38   0.654156E-35   0.176089E-37   0.291052E-37   0.450449E-37   0.793694E-37   0.127518E-36   0.198612E-36   0.332546E-36   0.419732E-34   0.614795E-33   0.217599E-26   0.208528E-22   0.804859E-21   0.280529E-21   0.537934E-26   0.203623E-32   0.000000E+00   0.837446E-34   0.429484E-31   0.230262E-33   0.171848E-30   0.544555E-33   0.687245E-30
   0.500000E+00   0.897446E-37   0.409748E-37   0.373496E-36   0.163899E-36   0.154763E-35   0.251622E-35   0.407266E-35   0.656716E-35   0.105550E-34   0.169256E-34   0.263762E-34   0.419792E-34   0.542240E-31   0.148475E-24   0.172901E-20   0.560671E-19   0.122464E-19   0.627263E-24   0.182081E-30   0.000000E+00   0.291243E-32   0.429607E-31   0.722958E-32   0.171749E-30   0.181887E-31   0.687245E-30
   0.500000E+00   0.463873E-40   0.163539E-35   0.185548E-39   0.654158E-35   0.634767E-39   0.131655E-38   0.263311E-38   0.470198E-38   0.105324E-37   0.210649E-37   0.429907E-37   0.167464E-32   0.117327E-33   0.604442E-27   0.777560E-23   0.359312E-21   0.139151E-21   0.505640E-24   0.337502E-33   0.000000E+00   0.126985E-33   0.171474E-29   0.254254E-33   0.685918E-29   0.753985E-33   0.274370E-28
   0.500000E+00   0.463630E-40   0.163539E-35   0.185451E-39   0.654155E-35   0.658277E-39   0.131655E-38   0.263311E-38   0.526621E-38   0.105324E-37   0.210649E-37   0.429658E-37   0.167464E-32   0.131406E-33   0.604442E-27   0.883591E-23   0.359312E-21   0.125493E-21   0.384243E-27   0.397403E-33   0.000000E+00   0.615435E-34   0.429514E-31   0.174479E-33   0.171848E-30   0.667794E-33   0.687245E-30
   0.500000E+00   0.321794E-38   0.409836E-37   0.138768E-37   0.163899E-36   0.588688E-37   0.967197E-37   0.158080E-36   0.251086E-36   0.420169E-36   0.662038E-36   0.101503E-35   0.419612E-34   0.220575E-32   0.623784E-26   0.724545E-22   0.228523E-20   0.505762E-21   0.238224E-25   0.747179E-32   0.000000E+00   0.159029E-33   0.429638E-31   0.458861E-33   0.171835E-30   0.123532E-32   0.687443E-30
   0.500000E+00   0.267784E-36   0.409895E-37   0.117270E-35   0.163899E-36   0.501830E-35   0.825094E-35   0.134725E-34   0.218747E-34   0.353574E-34   0.569361E-34   0.889900E-34   0.419552E-34   0.183819E-30   0.502267E-24   0.585856E-20   0.189961E-18   0.414469E-19   0.212653E-23   0.618509E-30   0.000000E+00   0.984881E-32   0.429699E-31   0.243012E-31   0.171798E-30   0.609541E-31   0.687640E-30
   0.500000E+00   0.222602E-34   0.415478E-37   0.987388E-34   0.166438E-36   0.425930E-33   0.702243E-33   0.114918E-32   0.186914E-32   0.302516E-32   0.487665E-32   0.762772E-32   0.426864E-34   0.157694E-28   0.430564E-22   0.502357E-18   0.162845E-16   0.355147E-17   0.182441E-21   0.530377E-28   0.000000E+00   0.842736E-30   0.437680E-31   0.207478E-29   0.174868E-30   0.517034E-29   0.699177E-30
   0.500000E+00   0.644203E-34   0.426851E-37   0.261478E-33   0.171117E-36   0.104477E-32   0.169478E-32   0.273742E-32   0.440604E-32   0.707160E-32   0.113236E-31   0.176606E-31   0.438991E-34   0.361422E-28   0.986485E-22   0.114798E-17   0.371374E-16   0.805451E-17   0.410063E-21   0.118688E-27   0.000000E+00   0.191100E-29   0.451146E-31   0.470113E-29   0.180044E-30   0.117115E-28   0.719293E-30
   0.500000E+00   0.506472E-40   0.163539E-35   0.184955E-39   0.654158E-35   0.658277E-39   0.131655E-38   0.263311E-38   0.526621E-38   0.105324E-37   0.210649E-37   0.428385E-37   0.167463E-32   0.117327E-33   0.580264E-27   0.883591E-23   0.359312E-21   0.103351E-21   0.100438E-29   0.454331E-31   0.000000E+00   0.109807E-33   0.171473E-29   0.224978E-33   0.685922E-29   0.668106E-33   0.274370E-28
   0.500000E+00   0.138784E-39   0.163537E-35   0.508406E-39   0.654155E-35   0.242152E-38   0.507814E-38   0.639469E-38   0.122251E-37   0.233218E-37   0.466436E-37   0.428126E-37   0.167463E-32   0.131406E-33   0.604442E-27   0.883591E-23   0.359312E-21   0.114426E-21   0.192126E-27   0.636634E-33   0.000000E+00   0.627663E-34   0.429668E-31   0.174211E-33   0.171798E-30   0.692174E-33   0.687344E-30
   0.500000E+00   0.105413E-37   0.409601E-37   0.461206E-37   0.163899E-36   0.197154E-36   0.324389E-36   0.529819E-36   0.861967E-36   0.139592E-35   0.225394E-35   0.352989E-35   0.419582E-34   0.734468E-32   0.203818E-25   0.228320E-21   0.767491E-20   0.174241E-20   0.854915E-25   0.249146E-31   0.000000E+00   0.430857E-33   0.429453E-31   0.111401E-32   0.171761E-30   0.283904E-32   0.687295E-30
   0.500000E+00   0.872571E-36   0.409924E-37   0.386723E-35   0.163946E-36   0.166734E-34   0.274851E-34   0.449724E-34   0.731402E-34   0.118366E-33   0.190805E-33   0.298438E-33   0.419762E-34   0.616982E-30   0.168506E-23   0.196596E-19   0.637391E-18   0.139046E-18   0.714113E-23   0.207597E-29   0.000000E+00   0.330074E-31   0.429761E-31   0.813348E-31   0.171922E-30   0.202872E-30   0.687788E-30
   0.500000E+00   0.715343E-34   0.425411E-37   0.321100E-33   0.170776E-36   0.139507E-32   0.230599E-32   0.378125E-32   0.616007E-32   0.998260E-32   0.161084E-31   0.252172E-31   0.439533E-34   0.521894E-28   0.142503E-21   0.166328E-17   0.539332E-16   0.117640E-16   0.603140E-21   0.175131E-27   0.000000E+00   0.279342E-29   0.451916E-31   0.687793E-29   0.180254E-30   0.171403E-28   0.719983E-30
   0.500000E+00   0.149981E-33   0.450008E-37   0.623790E-33   0.181896E-36   0.248570E-32   0.405856E-32   0.658761E-32   0.106426E-31   0.171295E-31   0.274887E-31   0.430199E-31   0.472785E-34   0.880892E-28   0.240462E-21   0.280042E-17   0.906489E-16   0.196126E-16   0.100117E-20   0.289726E-27   0.000000E+00   0.467297E-29   0.489417E-31   0.114970E-28   0.194355E-30   0.286441E-28   0.774316E-30
   0.500000E+00   0.657331E-33   0.357518E-36   0.231906E-32   0.150669E-35   0.834437E-32   0.132594E-31   0.210633E-31   0.334525E-31   0.531186E-31   0.843322E-31   0.130941E-30   0.410656E-33   0.264704E-27   0.722196E-21   0.837628E-17   0.270263E-15   0.582123E-16   0.299143E-20   0.865653E-27   0.000000E+00   0.138160E-28   0.173418E-29   0.339420E-28   0.932951E-29   0.845201E-28   0.469619E-28
   0.500000E+00   0.460590E-40   0.163540E-35   0.195990E-39   0.654152E-35   0.658277E-39   0.131655E-38   0.263311E-38   0.526621E-38   0.105324E-37   0.210649E-37   0.411490E-37   0.167464E-32   0.117327E-33   0.580264E-27   0.777560E-23   0.359312E-21   0.125506E-21   0.268961E-26   0.000000E+00   0.000000E+00   0.918560E-34   0.171472E-29   0.212433E-33   0.685919E-29   0.728191E-33   0.274372E-28
   0.500000E+00   0.403089E-39   0.163539E-35   0.191798E-38   0.654152E-35   0.804038E-38   0.133066E-37   0.221933E-37   0.357350E-37   0.537906E-37   0.100058E-36   0.174550E-36   0.419672E-34   0.290972E-33   0.140231E-26   0.883591E-23   0.359312E-21   0.114432E-21   0.153693E-26   0.101731E-32   0.000000E+00   0.733693E-34   0.429576E-31   0.241912E-33   0.171835E-30   0.815210E-33   0.687295E-30
   0.500000E+00   0.332841E-37   0.409836E-37   0.147389E-36   0.163946E-36   0.634908E-36   0.104699E-35   0.171368E-35   0.278733E-35   0.451352E-35   0.727941E-35   0.113946E-34   0.419552E-34   0.236109E-31   0.648929E-25   0.759535E-21   0.246201E-19   0.541909E-20   0.276838E-24   0.817584E-31   0.000000E+00   0.130364E-32   0.429391E-31   0.325309E-32   0.171860E-30   0.814429E-32   0.687295E-30
   0.500000E+00   0.272361E-35   0.410394E-37   0.122158E-34   0.164134E-36   0.530651E-34   0.877057E-34   0.143805E-33   0.234263E-33   0.379619E-33   0.612565E-33   0.958880E-33   0.420093E-34   0.198464E-29   0.541940E-23   0.632567E-19   0.205127E-17   0.447488E-18   0.229889E-22   0.668432E-29   0.000000E+00   0.106272E-30   0.430346E-31   0.261742E-30   0.172020E-30   0.652442E-30   0.688084E-30
   0.500000E+00   0.226335E-33   0.448216E-37   0.102514E-32   0.180991E-36   0.446247E-32   0.739030E-32   0.121361E-31   0.197937E-31   0.321050E-31   0.518424E-31   0.812296E-31   0.469084E-34   0.168186E-27   0.459247E-21   0.536166E-17   0.173892E-15   0.379166E-16   0.193334E-20   0.560466E-27   0.000000E+00   0.901179E-29   0.487198E-31   0.221900E-28   0.193270E-30   0.553019E-28   0.769928E-30
   0.500000E+00   0.332829E-33   0.509283E-37   0.130643E-32   0.208756E-36   0.496172E-32   0.803176E-32   0.129461E-31   0.207980E-31   0.333245E-31   0.532854E-31   0.832579E-31   0.550996E-34   0.169557E-27   0.462756E-21   0.538164E-17   0.174008E-15   0.375282E-16   0.192304E-20   0.556379E-27   0.000000E+00   0.894313E-29   0.582875E-31   0.219903E-28   0.228806E-30   0.547730E-28   0.906844E-30
   0.500000E+00   0.750830E-33   0.839429E-36   0.264629E-32   0.358421E-35   0.953523E-32   0.151402E-31   0.240366E-31   0.381565E-31   0.605652E-31   0.961259E-31   0.149182E-30   0.983509E-33   0.301550E-27   0.822714E-21   0.954102E-17   0.307817E-15   0.663235E-16   0.340761E-20   0.986160E-27   0.000000E+00   0.157389E-28   0.323944E-29   0.386530E-28   0.143343E-28   0.962437E-28   0.622671E-28
   0.500000E+00   0.458713E-40   0.163539E-35   0.201117E-39   0.654165E-35   0.658277E-39   0.131655E-38   0.263311E-38   0.470198E-38   0.105324E-37   0.210649E-37   0.469744E-37   0.167464E-32   0.117327E-33   0.604442E-27   0.777560E-23   0.359312E-21   0.125507E-21   0.230538E-26   0.269831E-33   0.000000E+00   0.833376E-34   0.171472E-29   0.212223E-33   0.685924E-29   0.862184E-33   0.274369E-28
   0.500000E+00   0.502520E-40   0.163539E-35   0.218640E-39   0.654152E-35   0.658277E-39   0.131655E-38   0.263311E-38   0.526621E-38   0.105324E-37   0.210649E-37   0.421370E-37   0.419431E-34   0.117327E-33   0.604442E-27   0.777560E-23   0.359312E-21   0.121816E-21   0.211327E-26   0.134915E-33   0.000000E+00   0.587996E-34   0.429576E-31   0.216864E-33   0.171860E-30   0.716149E-33   0.687245E-30
   0.500000E+00   0.164576E-39   0.409806E-37   0.546631E-39   0.163934E-36   0.256258E-38   0.493708E-38   0.620661E-38   0.124132E-37   0.244503E-37   0.466436E-37   0.421363E-37   0.419582E-34   0.131406E-33   0.604442E-27   0.883591E-23   0.359312E-21   0.121816E-21   0.768462E-27   0.404746E-33   0.000000E+00   0.571676E-34   0.429545E-31   0.210636E-33   0.171823E-30   0.790130E-33   0.687393E-30
   0.500000E+00   0.862765E-35   0.410835E-37   0.391603E-34   0.164452E-36   0.171394E-33   0.284026E-33   0.466676E-33   0.761492E-33   0.123561E-32   0.199588E-32   0.312684E-32   0.420906E-34   0.647930E-29   0.176931E-22   0.206595E-18   0.670123E-17   0.146226E-17   0.751373E-22   0.218493E-28   0.000000E+00   0.347415E-30   0.431209E-31   0.855561E-30   0.172476E-30   0.213243E-29   0.689711E-30
   0.500000E+00   0.681100E-33   0.494471E-37   0.308359E-32   0.202150E-36   0.133547E-31   0.221297E-31   0.363547E-31   0.593084E-31   0.962126E-31   0.155378E-30   0.243613E-30   0.527464E-34   0.504144E-27   0.137661E-20   0.160721E-16   0.521266E-15   0.113557E-15   0.577416E-20   0.167297E-26   0.000000E+00   0.270145E-28   0.563894E-31   0.665184E-28   0.220831E-30   0.165775E-27   0.874748E-30
   0.500000E+00   0.486452E-34   0.428761E-37   0.181817E-33   0.172539E-36   0.673116E-33   0.108115E-32   0.173194E-32   0.276882E-32   0.441941E-32   0.704523E-32   0.109787E-31   0.444288E-34   0.222933E-28   0.608804E-22   0.707443E-18   0.228635E-16   0.493125E-17   0.252949E-21   0.732062E-28   0.000000E+00   0.118548E-29   0.460606E-31   0.290377E-29   0.183311E-30   0.725136E-29   0.775499E-30
   0.500000E+00   0.793069E-33   0.176420E-35   0.279464E-32   0.762409E-35   0.100780E-31   0.159968E-31   0.253900E-31   0.402966E-31   0.639516E-31   0.101487E-30   0.157469E-30   0.215479E-32   0.318291E-27   0.868392E-21   0.100703E-16   0.324881E-15   0.700140E-16   0.359675E-20   0.104094E-26   0.000000E+00   0.166146E-28   0.417533E-29   0.407960E-28   0.170251E-28   0.101577E-27   0.696489E-28
   0.500000E+00   0.309877E-36   0.163539E-35   0.136994E-35   0.654154E-35   0.589736E-35   0.971635E-35   0.158916E-34   0.258374E-34   0.418040E-34   0.673775E-34   0.105368E-33   0.167462E-32   0.217834E-30   0.595206E-24   0.694538E-20   0.225203E-18   0.491548E-19   0.252305E-23   0.733400E-30   0.000000E+00   0.116923E-31   0.171473E-29   0.288140E-31   0.171848E-30   0.720331E-31   0.687393E-30
   0.500000E+00   0.239061E-36   0.163539E-35   0.107044E-35   0.654153E-35   0.464508E-35   0.767513E-35   0.125809E-34   0.204912E-34   0.332020E-34   0.535762E-34   0.838653E-34   0.419642E-34   0.173574E-30   0.474414E-24   0.553835E-20   0.179699E-18   0.392065E-19   0.201452E-23   0.585398E-30   0.000000E+00   0.931274E-32   0.429576E-31   0.230450E-31   0.171872E-30   0.576462E-31   0.687245E-30
   0.500000E+00   0.336973E-34   0.412833E-37   0.152824E-33   0.165263E-36   0.668523E-33   0.110764E-32   0.181968E-32   0.296889E-32   0.481693E-32   0.778020E-32   0.121881E-31   0.423193E-34   0.252535E-28   0.689583E-22   0.805170E-18   0.261160E-16   0.569846E-17   0.292808E-21   0.851443E-28   0.000000E+00   0.135381E-29   0.434660E-31   0.333369E-29   0.173487E-30   0.830868E-29   0.693556E-30
   0.500000E+00   0.118037E-29   0.995022E-35   0.542186E-29   0.449889E-34   0.239089E-28   0.397255E-28   0.654086E-28   0.106907E-27   0.173698E-27   0.280868E-27   0.440387E-27   0.118393E-31   0.913632E-24   0.249494E-17   0.291439E-13   0.945614E-12   0.206389E-12   0.106062E-16   0.308434E-23   0.000000E+00   0.490656E-25   0.165867E-28   0.120836E-24   0.563569E-28   0.301175E-24   0.210706E-27
   0.500000E+00   0.154499E-30   0.160571E-35   0.689870E-30   0.749005E-35   0.293197E-29   0.484815E-29   0.794975E-29   0.129485E-28   0.209776E-28   0.338403E-28   0.530677E-28   0.205051E-32   0.109551E-24   0.299119E-18   0.349059E-14   0.113168E-12   0.246014E-13   0.125216E-17   0.362693E-24   0.000000E+00   0.585824E-26   0.280674E-29   0.144227E-25   0.974237E-29   0.359399E-25   0.367019E-28
   0.500000E+00   0.139529E-31   0.940933E-36   0.523372E-31   0.445009E-35   0.198815E-30   0.317805E-30   0.507176E-30   0.808365E-30   0.128715E-29   0.204792E-29   0.317742E-29   0.123044E-32   0.645433E-26   0.176095E-19   0.204395E-15   0.659846E-14   0.142782E-14   0.731530E-19   0.211889E-25   0.000000E+00   0.337445E-27   0.171455E-29   0.829423E-27   0.603932E-29   0.206478E-26   0.247388E-28
   0.500000E+00   0.475048E-29   0.258950E-31   0.176917E-28   0.107906E-30   0.679301E-28   0.107804E-27   0.171077E-27   0.271480E-27   0.430790E-27   0.683563E-27   0.105635E-26   0.166974E-28   0.214335E-23   0.584698E-17   0.677981E-13   0.218695E-11   0.474648E-12   0.242682E-16   0.703343E-23   0.000000E+00   0.111584E-24   0.271675E-26   0.274206E-24   0.686554E-26   0.682502E-24   0.172872E-25
   0.500000E+00   0.000000E+00   0.000000E+00   0.000000E+00   0.000000E+00   0.000000E+00   0.000000E+00   0.000000E+00   0.000000E+00   0.000000E+00   0.000000E+00   0.000000E+00   0.000000E+00   0.000000E+00   0.000000E+00   0.000000E+00   0.000000E+00   0.000000E+00   0.000000E+00   0.000000E+00   0.000000E+00   0.000000E+00   0.000000E+00   0.000000E+00   0.000000E+00   0.000000E+00   0.000000E+00
   0.500000E+00   0.230967E-26   0.461826E-26   0.923862E-26   0.184730E-25   0.369544E-25   0.739055E-25   0.147806E-24   0.295603E-24   0.591192E-24   0.118236E-23   0.236469E-23   0.472909E-23   0.745040E-20   0.383820E-13   0.561077E-09   0.228270E-07   0.609301E-08   0.257611E-12   0.772764E-19   0.122294E-22   0.248257E-20   0.484243E-20   0.973303E-20   0.193703E-19   0.387987E-19   0.774814E-19
   0.666667E+00   0.218750E-25   0.437500E-25   0.875001E-25   0.175000E-24   0.350000E-24   0.700000E-24   0.140000E-23   0.280000E-23   0.560000E-23   0.112000E-22   0.224000E-22   0.448000E-22   0.665793E-19   0.344550E-12   0.507745E-08   0.207648E-06   0.665510E-07   0.495148E-11   0.330820E-14   0.223778E-19   0.237817E-19   0.458735E-19   0.923626E-19   0.183500E-18   0.367741E-18   0.734003E-18
   0.666667E+00   0.111035E-38   0.163540E-35   0.450594E-38   0.654159E-35   0.658277E-39   0.131655E-38   0.112847E-38   0.470198E-38   0.105324E-37   0.210649E-37   0.115052E-35   0.167464E-32   0.123963E-33   0.572780E-27   0.742786E-23   0.344980E-21   0.117784E-21   0.000000E+00   0.131994E-28   0.636451E-32   0.143493E-33   0.171474E-29   0.233952E-33   0.685925E-29   0.789951E-33   0.274370E-28
   0.666667E+00   0.861776E-40   0.163539E-35   0.268189E-39   0.654152E-35   0.658277E-39   0.131655E-38   0.263311E-38   0.526621E-38   0.105324E-37   0.210649E-37   0.551189E-37   0.167464E-32   0.123963E-33   0.572780E-27   0.844075E-23   0.344980E-21   0.138894E-21   0.100372E-25   0.659972E-29   0.636897E-32   0.148826E-33   0.171472E-29   0.238265E-33   0.685923E-29   0.763277E-33   0.274371E-28
   0.666667E+00   0.920314E-40   0.163538E-35   0.350379E-39   0.654155E-35   0.658277E-39   0.131655E-38   0.263311E-38   0.526621E-38   0.105324E-37   0.210649E-37   0.836827E-37   0.167463E-32   0.123963E-33   0.549869E-27   0.742786E-23   0.344980E-21   0.143044E-21   0.000000E+00   0.593975E-29   0.636153E-32   0.147803E-33   0.171474E-29   0.267339E-33   0.685922E-29   0.711915E-33   0.274371E-28
   0.666667E+00   0.699671E-40   0.163539E-35   0.250367E-39   0.654152E-35   0.159867E-38   0.131655E-38   0.291523E-38   0.526621E-38   0.105324E-37   0.210649E-37   0.580796E-37   0.167463E-32   0.123963E-33   0.572780E-27   0.844075E-23   0.344980E-21   0.164140E-21   0.115814E-25   0.681971E-29   0.637195E-32   0.138831E-33   0.171474E-29   0.271651E-33   0.685918E-29   0.544774E-33   0.687245E-30
   0.666667E+00   0.221288E-39   0.163539E-35   0.814509E-39   0.654156E-35   0.823551E-37   0.135934E-36   0.222780E-36   0.364121E-36   0.590568E-36   0.953937E-36   0.842812E-37   0.419732E-34   0.295741E-32   0.859170E-26   0.945364E-22   0.346360E-20   0.921749E-21   0.683300E-25   0.470780E-28   0.658177E-32   0.218219E-33   0.429544E-31   0.577152E-33   0.171798E-30   0.100144E-32   0.687443E-30
   0.666667E+00   0.201186E-37   0.409748E-37   0.567941E-37   0.163934E-36   0.756181E-35   0.123771E-34   0.201450E-34   0.326304E-34   0.526471E-34   0.845408E-34   0.335084E-35   0.419792E-34   0.257153E-30   0.705665E-24   0.829489E-20   0.270188E-18   0.708098E-19   0.636435E-23   0.410569E-26   0.256411E-31   0.147043E-31   0.429452E-31   0.359601E-31   0.171872E-30   0.896606E-31   0.687097E-30
   0.666667E+00   0.845887E-40   0.163539E-35   0.344119E-39   0.654153E-35   0.658277E-39   0.131655E-38   0.263311E-38   0.470198E-38   0.105324E-37   0.210649E-37   0.790705E-37   0.167464E-32   0.110681E-33   0.572780E-27   0.742786E-23   0.344980E-21   0.151504E-21   0.887905E-26   0.637973E-29   0.637195E-32   0.126218E-33   0.171473E-29   0.247445E-33   0.685916E-29   0.802668E-33   0.274370E-28
   0.666667E+00   0.698708E-40   0.163539E-35   0.285247E-39   0.654149E-35   0.364403E-38   0.686489E-38   0.968607E-38   0.180556E-37   0.233218E-37   0.466436E-37   0.624946E-37   0.167464E-32   0.123963E-33   0.572780E-27   0.844075E-23   0.344980E-21   0.151486E-21   0.772091E-27   0.681971E-29   0.637492E-32   0.638312E-34   0.429636E-31   0.199411E-33   0.171860E-30   0.643317E-33   0.687245E-30
   0.666667E+00   0.759683E-39   0.409836E-37   0.230404E-38   0.163923E-36   0.283905E-36   0.468881E-36   0.768585E-36   0.125355E-35   0.203276E-35   0.327935E-35   0.188098E-36   0.419612E-34   0.100986E-31   0.274935E-25   0.324462E-21   0.110118E-19   0.277366E-20   0.258650E-24   0.167413E-27   0.712194E-32   0.618543E-33   0.429729E-31   0.154882E-32   0.171848E-30   0.360557E-32   0.687245E-30
   0.666667E+00   0.599047E-37   0.409895E-37   0.177782E-36   0.163923E-36   0.245177E-34   0.405857E-34   0.666480E-34   0.108726E-33   0.176409E-33   0.284526E-33   0.111825E-34   0.419732E-34   0.872967E-30   0.239484E-23   0.281938E-19   0.919330E-18   0.241134E-18   0.216934E-22   0.140026E-25   0.722685E-31   0.501956E-31   0.429636E-31   0.122573E-30   0.171885E-30   0.305440E-30   0.687344E-30
   0.666667E+00   0.497674E-35   0.420151E-37   0.149547E-34   0.168366E-36   0.208153E-32   0.345526E-32   0.568648E-32   0.929259E-32   0.150980E-31   0.243778E-31   0.954446E-33   0.432371E-34   0.749444E-28   0.205579E-21   0.242104E-17   0.789610E-16   0.207139E-16   0.186154E-20   0.119974E-23   0.569024E-29   0.431277E-29   0.446122E-31   0.105280E-28   0.177505E-30   0.262155E-28   0.709038E-30
   0.666667E+00   0.200076E-34   0.449274E-37   0.566257E-34   0.180544E-36   0.560199E-32   0.910089E-32   0.147181E-31   0.237139E-31   0.380921E-31   0.609512E-31   0.324303E-32   0.464691E-34   0.184023E-27   0.504542E-21   0.592035E-17   0.192540E-15   0.500623E-16   0.448780E-20   0.288113E-23   0.143023E-28   0.104312E-28   0.486395E-31   0.254337E-28   0.191717E-30   0.632932E-28   0.762088E-30
   0.666667E+00   0.888486E-40   0.163539E-35   0.367036E-39   0.654158E-35   0.658277E-39   0.131655E-38   0.263311E-38   0.526621E-38   0.105324E-37   0.210649E-37   0.608627E-37   0.167464E-32   0.110681E-33   0.572780E-27   0.844075E-23   0.344980E-21   0.126239E-21   0.000000E+00   0.571976E-29   0.637046E-32   0.110528E-33   0.171475E-29   0.211393E-33   0.685922E-29   0.741228E-33   0.274368E-28
   0.666667E+00   0.932315E-40   0.163539E-35   0.361057E-39   0.654158E-35   0.111907E-37   0.195132E-37   0.304688E-37   0.496529E-37   0.853879E-37   0.135417E-36   0.638461E-37   0.167462E-32   0.438299E-33   0.128303E-26   0.189073E-22   0.800353E-21   0.130466E-21   0.926509E-26   0.116595E-28   0.639725E-32   0.713870E-34   0.429729E-31   0.242460E-33   0.171823E-30   0.791130E-33   0.687245E-30
   0.666667E+00   0.240831E-38   0.409748E-37   0.719996E-38   0.163864E-36   0.959392E-36   0.158805E-35   0.260866E-35   0.425623E-35   0.690702E-35   0.111411E-34   0.495040E-36   0.419521E-34   0.342581E-31   0.942796E-25   0.111350E-20   0.364299E-19   0.955793E-20   0.858565E-24   0.554597E-27   0.894335E-32   0.201067E-32   0.429575E-31   0.489124E-32   0.171860E-30   0.122947E-31   0.687393E-30
   0.666667E+00   0.195015E-36   0.410042E-37   0.585608E-36   0.164087E-36   0.814474E-34   0.135181E-33   0.222451E-33   0.363492E-33   0.590547E-33   0.953481E-33   0.373721E-34   0.419883E-34   0.293114E-29   0.804067E-23   0.946930E-19   0.308845E-17   0.810282E-18   0.729124E-22   0.470710E-25   0.228009E-30   0.168705E-30   0.430037E-31   0.411921E-30   0.172082E-30   0.102592E-29   0.687886E-30
   0.666667E+00   0.159885E-34   0.437842E-37   0.486201E-34   0.176230E-36   0.677967E-32   0.112773E-31   0.185895E-31   0.304163E-31   0.494667E-31   0.799335E-31   0.315652E-32   0.455512E-34   0.246092E-27   0.675077E-21   0.795242E-17   0.259424E-15   0.680380E-16   0.608714E-20   0.391467E-23   0.187829E-28   0.141785E-28   0.476258E-31   0.346139E-28   0.187847E-30   0.861950E-28   0.747100E-30
   0.666667E+00   0.469560E-34   0.502494E-37   0.137277E-33   0.205218E-36   0.116109E-31   0.188975E-31   0.305947E-31   0.493252E-31   0.792594E-31   0.126845E-30   0.797908E-32   0.541878E-34   0.382997E-27   0.105007E-20   0.123213E-16   0.400705E-15   0.103874E-15   0.934450E-20   0.599798E-23   0.290709E-28   0.217073E-28   0.589930E-31   0.529227E-28   0.226452E-30   0.131694E-27   0.891116E-30
   0.666667E+00   0.185493E-33   0.766566E-36   0.481707E-33   0.324211E-35   0.261745E-31   0.415710E-31   0.660119E-31   0.104807E-30   0.166380E-30   0.263713E-30   0.204688E-31   0.887131E-33   0.781676E-27   0.214208E-20   0.250426E-16   0.812053E-15   0.210063E-15   0.189679E-19   0.121773E-22   0.582319E-28   0.436467E-28   0.241409E-29   0.106285E-27   0.108181E-28   0.264333E-27   0.505118E-28
   0.666667E+00   0.622199E-40   0.163539E-35   0.278153E-39   0.654155E-35   0.658277E-39   0.131655E-38   0.263311E-38   0.470198E-38   0.105324E-37   0.203125E-37   0.516501E-37   0.167462E-32   0.110681E-33   0.572780E-27   0.742786E-23   0.344980E-21   0.143087E-21   0.926509E-26   0.593975E-29   0.636600E-32   0.969827E-34   0.171473E-29   0.229140E-33   0.685919E-29   0.776397E-33   0.274371E-28
   0.666667E+00   0.151825E-39   0.163540E-35   0.501392E-39   0.654154E-35   0.368165E-37   0.612197E-37   0.101093E-36   0.162688E-36   0.266696E-36   0.434839E-36   0.707292E-37   0.419612E-34   0.126620E-32   0.398655E-26   0.452424E-22   0.172490E-20   0.416646E-21   0.331999E-25   0.259589E-28   0.646272E-32   0.126566E-33   0.429575E-31   0.378314E-33   0.171823E-30   0.101295E-32   0.687196E-30
   0.666667E+00   0.741738E-38   0.409777E-37   0.223109E-37   0.163958E-36   0.306929E-35   0.509379E-35   0.838128E-35   0.136952E-34   0.222490E-34   0.359306E-34   0.146402E-35   0.419582E-34   0.110496E-30   0.303505E-24   0.357685E-20   0.116700E-18   0.306678E-19   0.275598E-23   0.177973E-26   0.147171E-31   0.638972E-32   0.429452E-31   0.156990E-31   0.171786E-30   0.393007E-31   0.687393E-30
   0.666667E+00   0.603127E-36   0.410747E-37   0.183263E-35   0.164263E-36   0.256847E-33   0.427425E-33   0.704834E-33   0.115363E-32   0.187672E-32   0.303327E-32   0.118875E-33   0.420605E-34   0.934338E-29   0.256316E-22   0.301973E-18   0.985176E-17   0.258532E-17   0.232676E-21   0.150246E-24   0.714050E-30   0.538592E-30   0.431116E-31   0.131495E-29   0.172328E-30   0.327483E-29   0.689316E-30
   0.666667E+00   0.505192E-34   0.478779E-37   0.155468E-33   0.194803E-36   0.212540E-31   0.353880E-31   0.583727E-31   0.955553E-31   0.155457E-30   0.251271E-30   0.102672E-31   0.508897E-34   0.773881E-27   0.212292E-20   0.250098E-16   0.815915E-15   0.213818E-15   0.190773E-19   0.122630E-22   0.586450E-28   0.445990E-28   0.554401E-31   0.108879E-27   0.213103E-30   0.271130E-27   0.839693E-30
   0.666667E+00   0.973306E-34   0.638998E-37   0.272923E-33   0.267237E-36   0.197843E-31   0.318878E-31   0.512229E-31   0.820660E-31   0.131210E-30   0.209146E-30   0.149805E-31   0.722404E-34   0.626610E-27   0.171761E-20   0.201227E-16   0.653611E-15   0.169042E-15   0.152513E-19   0.978818E-23   0.469845E-28   0.352867E-28   0.858688E-31   0.859835E-28   0.312622E-30   0.213901E-27   0.120548E-29
   0.666667E+00   0.217173E-33   0.188369E-35   0.555101E-33   0.806000E-35   0.294566E-31   0.467599E-31   0.742218E-31   0.117804E-30   0.186966E-30   0.296283E-30   0.235445E-31   0.219753E-32   0.877882E-27   0.240570E-20   0.281223E-16   0.911863E-15   0.235941E-15   0.213009E-19   0.136759E-22   0.653122E-28   0.490128E-28   0.409531E-29   0.119332E-27   0.161636E-28   0.296769E-27   0.665336E-28
   0.666667E+00   0.590937E-40   0.163539E-35   0.259771E-39   0.654156E-35   0.658277E-39   0.131655E-38   0.263311E-38   0.470198E-38   0.105324E-37   0.210649E-37   0.574757E-37   0.167463E-32   0.110681E-33   0.572780E-27   0.742786E-23   0.344980E-21   0.117832E-21   0.000000E+00   0.615974E-29   0.637492E-32   0.723025E-34   0.171472E-29   0.191145E-33   0.685923E-29   0.613956E-33   0.274369E-28
   0.666667E+00   0.605357E-40   0.163539E-35   0.242029E-39   0.654158E-35   0.658277E-39   0.131655E-38   0.263311E-38   0.526621E-38   0.105324E-37   0.210649E-37   0.571826E-37   0.419431E-34   0.110681E-33   0.572780E-27   0.742786E-23   0.344980E-21   0.134668E-21   0.000000E+00   0.615974E-29   0.636451E-32   0.577528E-34   0.429606E-31   0.198467E-33   0.171860E-30   0.666985E-33   0.687196E-30
   0.666667E+00   0.734748E-40   0.409660E-37   0.288019E-39   0.163899E-36   0.112377E-37   0.181026E-37   0.292463E-37   0.498410E-37   0.842594E-37   0.136169E-36   0.556772E-37   0.419461E-34   0.425017E-33   0.135176E-26   0.189073E-22   0.814153E-21   0.143087E-21   0.965114E-26   0.123195E-28   0.640320E-32   0.719941E-34   0.429482E-31   0.247941E-33   0.171774E-30   0.889107E-33   0.687393E-30
   0.666667E+00   0.190832E-35   0.411746E-37   0.586790E-35   0.164804E-36   0.828521E-33   0.138240E-32   0.228439E-32   0.374519E-32   0.610068E-32   0.987062E-32   0.387091E-33   0.422140E-34   0.304659E-28   0.835801E-22   0.985079E-18   0.321482E-16   0.843854E-17   0.759555E-21   0.490510E-24   0.231769E-29   0.175908E-29   0.433581E-31   0.429516E-29   0.173093E-30   0.106969E-28   0.691831E-30
   0.666667E+00   0.152351E-33   0.562826E-37   0.474452E-33   0.233077E-36   0.603704E-31   0.100359E-30   0.165305E-30   0.270256E-30   0.439191E-30   0.709244E-30   0.318246E-31   0.615455E-34   0.218007E-26   0.598005E-20   0.704209E-16   0.229665E-14   0.600721E-15   0.536265E-19   0.344670E-22   0.163982E-27   0.125415E-27   0.738360E-31   0.306128E-27   0.268076E-30   0.762246E-27   0.103336E-29
   0.666667E+00   0.127602E-34   0.453770E-37   0.356258E-34   0.183977E-36   0.231505E-32   0.370451E-32   0.591694E-32   0.943723E-32   0.150353E-31   0.238987E-31   0.180917E-32   0.476938E-34   0.712289E-28   0.195294E-21   0.228596E-17   0.742054E-16   0.191986E-16   0.173267E-20   0.111229E-23   0.593023E-29   0.402122E-29   0.522478E-31   0.977536E-29   0.201122E-30   0.243462E-28   0.852314E-30
   0.666667E+00   0.232273E-33   0.410126E-35   0.591416E-33   0.177719E-34   0.309500E-31   0.491207E-31   0.779565E-31   0.123716E-30   0.196329E-30   0.311096E-30   0.258859E-31   0.468130E-32   0.921632E-27   0.252559E-20   0.295230E-16   0.957256E-15   0.247716E-15   0.223620E-19   0.143575E-22   0.685327E-28   0.514552E-28   0.506141E-29   0.125269E-27   0.189862E-28   0.311528E-27   0.742449E-28
   0.666667E+00   0.513766E-37   0.163539E-35   0.153926E-36   0.654154E-35   0.213418E-34   0.354024E-34   0.582329E-34   0.951233E-34   0.154500E-33   0.249402E-33   0.981485E-35   0.167463E-32   0.766443E-30   0.210272E-23   0.247641E-19   0.807653E-18   0.211916E-18   0.190664E-22   0.123069E-25   0.643013E-31   0.441248E-31   0.429606E-31   0.107797E-30   0.171835E-30   0.268657E-30   0.687196E-30
   0.666667E+00   0.414260E-37   0.163538E-35   0.125708E-36   0.654159E-35   0.175623E-34   0.292157E-34   0.481636E-34   0.788155E-34   0.128195E-33   0.207171E-33   0.817618E-35   0.419732E-34   0.638030E-30   0.175067E-23   0.206238E-19   0.672973E-18   0.176641E-18   0.158923E-22   0.102626E-25   0.546764E-31   0.368171E-31   0.429575E-31   0.899316E-31   0.171798E-30   0.224222E-30   0.687245E-30
   0.666667E+00   0.559172E-35   0.414156E-37   0.171801E-34   0.165897E-36   0.242403E-32   0.404380E-32   0.668136E-32   0.109526E-31   0.178395E-31   0.288614E-31   0.113189E-32   0.424968E-34   0.890691E-28   0.244350E-21   0.287983E-17   0.939816E-16   0.246686E-16   0.222044E-20   0.143407E-23   0.676275E-29   0.514208E-29   0.438572E-31   0.125552E-28   0.174424E-30   0.312681E-28   0.696120E-30
   0.666667E+00   0.195839E-30   0.143209E-34   0.609412E-30   0.651297E-34   0.866570E-28   0.144961E-27   0.240032E-27   0.394156E-27   0.642870E-27   0.104118E-26   0.408902E-28   0.173681E-31   0.321982E-23   0.883367E-17   0.104153E-12   0.340009E-11   0.892629E-12   0.802169E-16   0.517119E-19   0.244460E-24   0.186203E-24   0.308560E-28   0.454697E-24   0.879873E-28   0.113247E-23   0.300893E-27
   0.666667E+00   0.407305E-31   0.322592E-35   0.128401E-30   0.152525E-34   0.120985E-28   0.199957E-28   0.327740E-28   0.533630E-28   0.864272E-28   0.139187E-27   0.829696E-29   0.428337E-32   0.425459E-24   0.116687E-17   0.137253E-13   0.447222E-12   0.116603E-12   0.104414E-16   0.670911E-20   0.317739E-25   0.243569E-25   0.694142E-29   0.594310E-25   0.209414E-28   0.147945E-24   0.733895E-28
   0.666667E+00   0.277041E-32   0.197824E-35   0.752453E-32   0.953181E-35   0.514227E-30   0.820021E-30   0.130621E-29   0.207887E-29   0.330639E-29   0.524814E-29   0.331449E-30   0.272909E-32   0.155997E-25   0.427500E-19   0.500040E-15   0.162207E-13   0.421995E-14   0.379480E-18   0.243924E-21   0.115258E-26   0.872268E-27   0.446549E-29   0.212488E-26   0.135691E-28   0.528421E-26   0.490525E-28
   0.666667E+00   0.929224E-30   0.559321E-31   0.238817E-29   0.236257E-30   0.158539E-27   0.251590E-27   0.399249E-27   0.633558E-27   0.100535E-26   0.159287E-26   0.110267E-27   0.326518E-28   0.471864E-23   0.129300E-16   0.151139E-12   0.490008E-11   0.127861E-11   0.114717E-15   0.737827E-19   0.348308E-24   0.263101E-24   0.480245E-26   0.640835E-24   0.120430E-25   0.159349E-23   0.301825E-25
   0.666667E+00   0.000000E+00   0.000000E+00   0.000000E+00   0.000000E+00   0.000000E+00   0.000000E+00   0.000000E+00   0.000000E+00   0.000000E+00   0.000000E+00   0.000000E+00   0.000000E+00   0.000000E+00   0.000000E+00   0.000000E+00   0.000000E+00   0.000000E+00   0.000000E+00   0.000000E+00   0.000000E+00   0.000000E+00   0.000000E+00   0.000000E+00   0.000000E+00   0.000000E+00   0.000000E+00
   0.666667E+00   0.230923E-26   0.461826E-26   0.923680E-26   0.184730E-25   0.369687E-25   0.739288E-25   0.147843E-24   0.295664E-24   0.591290E-24   0.118252E-23   0.236456E-23   0.472909E-23   0.702886E-20   0.363728E-13   0.536000E-09   0.219201E-07   0.702533E-08   0.522697E-12   0.349225E-15   0.236226E-20   0.251044E-20   0.484241E-20   0.974991E-20   0.193703E-19   0.388191E-19   0.774814E-19
   0.833333E+00   0.218750E-25   0.437500E-25   0.875001E-25   0.175000E-24   0.350000E-24   0.700000E-24   0.140000E-23   0.280000E-23   0.560000E-23   0.112000E-22   0.224000E-22   0.448000E-22   0.628751E-19   0.326823E-12   0.485471E-08   0.199559E-06   0.748585E-07   0.879444E-11   0.284676E-16   0.122702E-20   0.240907E-19   0.458734E-19   0.925189E-19   0.183500E-18   0.367927E-18   0.734003E-18
   0.833333E+00   0.817739E-36   0.163540E-35   0.327076E-35   0.654159E-35   0.658277E-39   0.131655E-38   0.112847E-38   0.470322E-38   0.209328E-33   0.418657E-33   0.837322E-33   0.167464E-32   0.117066E-33   0.543310E-27   0.710201E-23   0.331496E-21   0.131053E-21   0.703295E-30   0.179218E-31   0.309902E-35   0.151694E-33   0.171472E-29   0.264372E-33   0.685923E-29   0.809877E-33   0.274371E-28
   0.833333E+00   0.817740E-36   0.163549E-35   0.327098E-35   0.654152E-35   0.155165E-38   0.131655E-38   0.263311E-38   0.526626E-38   0.209338E-33   0.418679E-33   0.837358E-33   0.167464E-32   0.117066E-33   0.543310E-27   0.807047E-23   0.331496E-21   0.159147E-21   0.613807E-30   0.204793E-31   0.299572E-35   0.145574E-33   0.171472E-29   0.287192E-33   0.685917E-29   0.709076E-33   0.274369E-28
   0.833333E+00   0.817739E-36   0.163549E-35   0.327093E-35   0.654155E-35   0.658277E-39   0.131655E-38   0.263311E-38   0.526626E-38   0.209339E-33   0.418675E-33   0.837358E-33   0.167463E-32   0.117066E-33   0.543310E-27   0.710201E-23   0.331496E-21   0.177498E-21   0.288020E-23   0.281544E-31   0.309902E-35   0.145893E-33   0.171472E-29   0.254239E-33   0.685921E-29   0.657662E-33   0.274369E-28
   0.833333E+00   0.817742E-36   0.163549E-35   0.327097E-35   0.654152E-35   0.336191E-38   0.686489E-38   0.996819E-38   0.197483E-37   0.209340E-33   0.418676E-33   0.837358E-33   0.167463E-32   0.117066E-33   0.543310E-27   0.807047E-23   0.331496E-21   0.159168E-21   0.135832E-26   0.256980E-32   0.340892E-35   0.149433E-33   0.171474E-29   0.258468E-33   0.685923E-29   0.544832E-33   0.687541E-30
   0.833333E+00   0.817737E-36   0.163549E-35   0.327096E-35   0.654156E-35   0.293827E-36   0.487783E-36   0.803286E-36   0.131279E-35   0.525568E-35   0.105069E-34   0.210137E-34   0.419732E-34   0.101471E-31   0.277740E-25   0.332181E-21   0.111515E-19   0.344683E-20   0.486975E-24   0.151485E-29   0.658025E-34   0.671816E-33   0.429605E-31   0.150732E-32   0.171786E-30   0.437240E-32   0.687443E-30
   0.833333E+00   0.205359E-37   0.410777E-37   0.821436E-37   0.163934E-36   0.271904E-34   0.448659E-34   0.735156E-34   0.119576E-33   0.525719E-35   0.105106E-34   0.210273E-34   0.419792E-34   0.905433E-30   0.249475E-23   0.296015E-19   0.969984E-18   0.297617E-18   0.421094E-22   0.131151E-27   0.538940E-32   0.558405E-31   0.429882E-31   0.134737E-30   0.171823E-30   0.335399E-30   0.687245E-30
   0.833333E+00   0.817739E-36   0.163549E-35   0.327097E-35   0.654153E-35   0.658277E-39   0.131655E-38   0.263311E-38   0.470202E-38   0.209338E-33   0.418681E-33   0.837364E-33   0.167464E-32   0.104524E-33   0.543310E-27   0.710201E-23   0.331496E-21   0.159171E-21   0.000000E+00   0.512584E-32   0.309902E-35   0.126240E-33   0.171472E-29   0.240164E-33   0.685921E-29   0.748307E-33   0.274369E-28
   0.833333E+00   0.817734E-36   0.163548E-35   0.327098E-35   0.654149E-35   0.121311E-37   0.189960E-37   0.331019E-37   0.556715E-37   0.209339E-33   0.418678E-33   0.837356E-33   0.167464E-32   0.405551E-33   0.121702E-26   0.180779E-22   0.742551E-21   0.159210E-21   0.176586E-25   0.486268E-31   0.578484E-35   0.823849E-34   0.429481E-31   0.255369E-33   0.171860E-30   0.766876E-33   0.687147E-30
   0.833333E+00   0.817739E-36   0.410571E-37   0.821319E-37   0.163923E-36   0.101763E-35   0.169370E-35   0.279486E-35   0.457183E-35   0.525531E-35   0.105106E-34   0.210137E-34   0.419612E-34   0.352161E-31   0.972308E-25   0.115860E-20   0.380690E-19   0.117306E-19   0.165583E-23   0.516625E-29   0.222096E-33   0.222507E-32   0.429697E-31   0.535548E-32   0.171823E-30   0.136079E-31   0.687147E-30
   0.833333E+00   0.205476E-37   0.410865E-37   0.821730E-37   0.163958E-36   0.881312E-34   0.147070E-33   0.243149E-33   0.398312E-33   0.525756E-35   0.105129E-34   0.210273E-34   0.419732E-34   0.307302E-29   0.846827E-23   0.100645E-18   0.330207E-17   0.101430E-17   0.143627E-21   0.447529E-27   0.184109E-31   0.190783E-30   0.429759E-31   0.460392E-30   0.171959E-30   0.114582E-29   0.687837E-30
   0.833333E+00   0.213000E-37   0.426646E-37   0.855349E-37   0.170952E-36   0.746549E-32   0.124888E-31   0.206871E-31   0.339394E-31   0.550470E-35   0.110079E-34   0.220278E-34   0.439984E-34   0.262843E-27   0.724324E-21   0.861110E-17   0.282601E-15   0.867932E-16   0.122416E-19   0.380803E-25   0.156993E-29   0.163367E-28   0.462175E-31   0.394226E-28   0.181758E-30   0.980980E-28   0.722744E-30
   0.833333E+00   0.241946E-37   0.485685E-37   0.975132E-37   0.195379E-36   0.198092E-31   0.321955E-31   0.520845E-31   0.838257E-31   0.630930E-35   0.126352E-34   0.252824E-34   0.505015E-34   0.615564E-27   0.169513E-20   0.200509E-16   0.655421E-15   0.198875E-15   0.281990E-19   0.875204E-25   0.360673E-29   0.374498E-28   0.565955E-31   0.902350E-28   0.213127E-30   0.224322E-27   0.834861E-30
   0.833333E+00   0.817736E-36   0.163548E-35   0.327095E-35   0.654158E-35   0.658277E-39   0.131655E-38   0.263311E-38   0.526626E-38   0.209338E-33   0.418681E-33   0.837365E-33   0.167464E-32   0.104524E-33   0.543310E-27   0.807047E-23   0.331496E-21   0.140455E-21   0.137465E-30   0.204747E-31   0.299572E-35   0.118490E-33   0.171474E-29   0.215933E-33   0.685923E-29   0.686638E-33   0.274370E-28
   0.833333E+00   0.817747E-36   0.163547E-35   0.327094E-35   0.654156E-35   0.379685E-37   0.638999E-37   0.107205E-36   0.176418E-36   0.209338E-33   0.418678E-33   0.837364E-33   0.167464E-32   0.133790E-32   0.438995E-26   0.545564E-22   0.173704E-20   0.449538E-21   0.624840E-25   0.186795E-30   0.109499E-34   0.130247E-33   0.429666E-31   0.372816E-33   0.171848E-30   0.116168E-32   0.687541E-30
   0.833333E+00   0.205285E-37   0.410659E-37   0.821201E-37   0.163911E-36   0.344486E-35   0.574779E-35   0.950204E-35   0.155647E-34   0.525493E-35   0.105106E-34   0.210197E-34   0.419491E-34   0.120144E-30   0.331332E-24   0.394065E-20   0.129456E-18   0.397699E-19   0.562559E-23   0.175327E-28   0.756161E-33   0.749707E-32   0.429574E-31   0.181707E-31   0.171774E-30   0.454385E-31   0.687245E-30
   0.833333E+00   0.205579E-37   0.411247E-37   0.822377E-37   0.164169E-36   0.292691E-33   0.489721E-33   0.811344E-33   0.133131E-32   0.525230E-35   0.105084E-34   0.210513E-34   0.420244E-34   0.103161E-28   0.284290E-22   0.338002E-18   0.110932E-16   0.340827E-17   0.482692E-21   0.150428E-26   0.618978E-31   0.641399E-30   0.430806E-31   0.154786E-29   0.172156E-30   0.385192E-29   0.688478E-30
   0.833333E+00   0.226077E-37   0.453594E-37   0.914065E-37   0.183283E-36   0.240434E-31   0.402772E-31   0.667855E-31   0.109653E-30   0.593051E-35   0.118806E-34   0.238274E-34   0.476035E-34   0.850664E-27   0.234424E-20   0.278733E-16   0.914852E-15   0.280810E-15   0.394891E-19   0.122788E-24   0.505929E-29   0.529009E-28   0.525250E-31   0.127661E-27   0.199766E-30   0.317674E-27   0.785261E-30
   0.833333E+00   0.287497E-37   0.584691E-37   0.119319E-36   0.242011E-36   0.361723E-31   0.586824E-31   0.947568E-31   0.152236E-30   0.804941E-35   0.161673E-34   0.324850E-34   0.650603E-34   0.111149E-26   0.306055E-20   0.361795E-16   0.118205E-14   0.357737E-15   0.508820E-19   0.157864E-24   0.649969E-29   0.674431E-28   0.825992E-31   0.162464E-27   0.286836E-30   0.403824E-27   0.108981E-29
   0.833333E+00   0.688946E-36   0.141450E-35   0.292071E-35   0.599066E-35   0.628891E-31   0.998513E-31   0.158518E-30   0.251276E-30   0.202106E-33   0.406764E-33   0.817672E-33   0.164182E-32   0.177136E-26   0.487540E-20   0.574496E-16   0.187222E-14   0.566503E-15   0.806875E-19   0.250359E-24   0.103010E-28   0.106089E-27   0.363703E-29   0.255288E-27   0.133940E-28   0.634221E-27   0.564126E-28
   0.833333E+00   0.817744E-36   0.163540E-35   0.327093E-35   0.654156E-35   0.658277E-39   0.131655E-38   0.263311E-38   0.470198E-38   0.209338E-33   0.418659E-33   0.837351E-33   0.167464E-32   0.104524E-33   0.543310E-27   0.710201E-23   0.331496E-21   0.146879E-21   0.287830E-23   0.204725E-31   0.278912E-35   0.917304E-34   0.171472E-29   0.220683E-33   0.685919E-29   0.622799E-33   0.274370E-28
   0.833333E+00   0.817746E-36   0.163539E-35   0.327095E-35   0.654156E-35   0.128646E-36   0.214880E-36   0.355375E-36   0.584174E-36   0.209341E-33   0.418656E-33   0.837360E-33   0.419401E-34   0.459067E-32   0.126265E-25   0.154953E-21   0.477353E-20   0.157334E-20   0.208420E-24   0.649922E-30   0.306803E-34   0.326149E-33   0.429636E-31   0.849643E-33   0.171774E-30   0.232195E-32   0.687295E-30
   0.833333E+00   0.205344E-37   0.409630E-37   0.821260E-37   0.163934E-36   0.109287E-34   0.182826E-34   0.302867E-34   0.496914E-34   0.525493E-35   0.104918E-34   0.210182E-34   0.419612E-34   0.385031E-30   0.106145E-23   0.126229E-19   0.414317E-18   0.127305E-18   0.180245E-22   0.561718E-28   0.242271E-32   0.239758E-31   0.429697E-31   0.579245E-31   0.171835E-30   0.144438E-30   0.687245E-30
   0.833333E+00   0.205947E-37   0.411070E-37   0.824081E-37   0.164569E-36   0.914840E-33   0.153472E-32   0.254798E-32   0.418784E-32   0.527524E-35   0.105272E-34   0.210935E-34   0.421237E-34   0.325937E-28   0.898257E-22   0.106838E-17   0.350755E-16   0.107796E-16   0.152685E-20   0.475896E-26   0.195869E-30   0.202984E-29   0.432748E-31   0.489903E-29   0.172723E-30   0.121919E-28   0.690302E-30
   0.833333E+00   0.256757E-37   0.519010E-37   0.105348E-36   0.212670E-36   0.733162E-31   0.122736E-30   0.203366E-30   0.333669E-30   0.700219E-35   0.140247E-34   0.281532E-34   0.560927E-34   0.258192E-26   0.711491E-20   0.845728E-16   0.277521E-14   0.850488E-15   0.119593E-18   0.371796E-24   0.152989E-28   0.160360E-27   0.699348E-31   0.386949E-27   0.246013E-30   0.962819E-27   0.940273E-30
   0.833333E+00   0.409219E-37   0.845739E-37   0.175402E-36   0.360594E-36   0.547581E-31   0.879694E-31   0.140943E-30   0.225031E-30   0.123711E-34   0.249130E-34   0.501735E-34   0.996909E-34   0.161605E-26   0.444893E-20   0.525118E-16   0.171358E-14   0.517961E-15   0.737973E-19   0.228924E-24   0.942155E-29   0.974425E-28   0.155511E-30   0.234608E-27   0.478183E-30   0.582981E-27   0.172524E-29
   0.833333E+00   0.172892E-35   0.356165E-35   0.740097E-35   0.152575E-34   0.702913E-31   0.111563E-30   0.177061E-30   0.280604E-30   0.519147E-33   0.104621E-32   0.210530E-32   0.415234E-32   0.197693E-26   0.544116E-20   0.641127E-16   0.208927E-14   0.632298E-15   0.900459E-19   0.279406E-24   0.114951E-28   0.118387E-27   0.547394E-29   0.284852E-27   0.191901E-28   0.707648E-27   0.734858E-28
   0.833333E+00   0.817733E-36   0.163538E-35   0.327094E-35   0.654155E-35   0.658277E-39   0.131655E-38   0.263311E-38   0.470198E-38   0.209338E-33   0.418657E-33   0.837348E-33   0.167463E-32   0.104524E-33   0.543310E-27   0.710201E-23   0.331496E-21   0.159194E-21   0.000000E+00   0.255881E-31   0.299572E-35   0.855772E-34   0.171472E-29   0.196400E-33   0.685923E-29   0.733785E-33   0.274370E-28
   0.833333E+00   0.817740E-36   0.163539E-35   0.327094E-35   0.654159E-35   0.658277E-39   0.131655E-38   0.263311E-38   0.526622E-38   0.525531E-35   0.104888E-34   0.210137E-34   0.419582E-34   0.104524E-33   0.543310E-27   0.710201E-23   0.331496E-21   0.178417E-21   0.288307E-23   0.383806E-31   0.289242E-35   0.552469E-34   0.429451E-31   0.198655E-33   0.171848E-30   0.741199E-33   0.687245E-30
   0.833333E+00   0.205374E-37   0.409689E-37   0.821495E-37   0.163887E-36   0.353354E-37   0.608436E-37   0.983654E-37   0.165698E-36   0.525568E-35   0.104888E-34   0.210167E-34   0.419431E-34   0.137971E-32   0.365105E-26   0.409980E-22   0.168400E-20   0.477604E-21   0.597669E-25   0.179106E-30   0.108466E-34   0.122792E-33   0.429543E-31   0.396911E-33   0.171860E-30   0.125973E-32   0.687443E-30
   0.833333E+00   0.206828E-37   0.413039E-37   0.828371E-37   0.165380E-36   0.294696E-32   0.495671E-32   0.824627E-32   0.135757E-31   0.530571E-35   0.105911E-34   0.212244E-34   0.423614E-34   0.106115E-27   0.292458E-21   0.347986E-17   0.114281E-15   0.351289E-16   0.497175E-20   0.154872E-25   0.638085E-30   0.661930E-29   0.438448E-31   0.159773E-28   0.174165E-30   0.397639E-28   0.694592E-30
   0.833333E+00   0.320543E-37   0.655074E-37   0.134700E-36   0.275054E-36   0.194610E-30   0.324242E-30   0.535031E-30   0.874765E-30   0.917450E-35   0.184370E-34   0.370907E-34   0.735705E-34   0.669871E-26   0.184567E-19   0.219160E-15   0.718568E-14   0.219550E-14   0.309532E-18   0.961891E-24   0.395545E-28   0.414178E-27   0.114057E-30   0.999098E-27   0.351387E-30   0.248544E-26   0.126923E-29
   0.833333E+00   0.245634E-37   0.496029E-37   0.100705E-36   0.203396E-36   0.587724E-32   0.938273E-32   0.149588E-31   0.237906E-31   0.665800E-35   0.133423E-34   0.267930E-34   0.532971E-34   0.169153E-27   0.465719E-21   0.549255E-17   0.179129E-15   0.541823E-16   0.771792E-20   0.239454E-25   0.992170E-30   0.102035E-28   0.705449E-31   0.245276E-28   0.241921E-30   0.609850E-28   0.101152E-29
   0.833333E+00   0.389901E-35   0.804629E-35   0.168537E-34   0.349677E-34   0.736663E-31   0.116904E-30   0.185516E-30   0.293978E-30   0.116555E-32   0.233842E-32   0.465185E-32   0.893773E-32   0.207068E-26   0.569919E-20   0.671517E-16   0.218827E-14   0.662312E-15   0.943142E-19   0.292655E-24   0.120397E-28   0.123997E-27   0.640754E-29   0.298339E-27   0.221340E-28   0.741147E-27   0.816397E-28
   0.833333E+00   0.817737E-36   0.163537E-35   0.327093E-35   0.654151E-35   0.606335E-34   0.101395E-33   0.167915E-33   0.275431E-33   0.209340E-33   0.418657E-33   0.837357E-33   0.167463E-32   0.213244E-29   0.587686E-23   0.698664E-19   0.229295E-17   0.704459E-18   0.997605E-22   0.310884E-27   0.127918E-31   0.132572E-30   0.429728E-31   0.319974E-30   0.171848E-30   0.796368E-30   0.687393E-30
   0.833333E+00   0.817744E-36   0.163539E-35   0.327096E-35   0.654159E-35   0.520322E-34   0.872568E-34   0.144824E-33   0.237979E-33   0.525568E-35   0.104895E-34   0.210197E-34   0.419582E-34   0.185114E-29   0.510190E-23   0.606803E-19   0.199216E-17   0.612254E-18   0.867170E-22   0.270262E-27   0.111237E-31   0.115295E-30   0.429944E-31   0.278311E-30   0.171798E-30   0.692825E-30   0.687393E-30
   0.833333E+00   0.208195E-37   0.415919E-37   0.834601E-37   0.166638E-36   0.689974E-32   0.116034E-31   0.193017E-31   0.317733E-31   0.534972E-35   0.106791E-34   0.214019E-34   0.427105E-34   0.248303E-27   0.684337E-21   0.814255E-17   0.267402E-15   0.822002E-16   0.116445E-19   0.362982E-25   0.149431E-29   0.154877E-28   0.447507E-31   0.373832E-28   0.176014E-30   0.930379E-28   0.700064E-30
   0.833333E+00   0.945490E-35   0.201115E-34   0.433971E-34   0.922050E-34   0.245926E-27   0.414564E-27   0.690889E-27   0.113895E-26   0.314398E-32   0.637915E-32   0.128883E-31   0.250065E-31   0.893325E-23   0.246216E-16   0.293054E-12   0.962641E-11   0.295888E-11   0.417311E-15   0.129848E-20   0.535285E-25   0.557954E-24   0.632615E-28   0.134687E-23   0.142817E-27   0.335222E-23   0.426444E-27
   0.833333E+00   0.270971E-35   0.592655E-35   0.131072E-34   0.284171E-34   0.350985E-28   0.579139E-28   0.947937E-28   0.153954E-27   0.101971E-32   0.208047E-32   0.422167E-32   0.820184E-32   0.115703E-23   0.318710E-17   0.377762E-13   0.123681E-11   0.376534E-12   0.532877E-16   0.165506E-21   0.680405E-26   0.709882E-25   0.172806E-28   0.171148E-24   0.425071E-28   0.425607E-24   0.133703E-27
   0.833333E+00   0.174262E-35   0.386325E-35   0.865441E-35   0.189612E-34   0.105407E-29   0.167846E-29   0.267060E-29   0.424057E-29   0.696810E-33   0.142574E-32   0.289950E-32   0.563066E-32   0.300250E-25   0.826418E-19   0.974177E-15   0.317553E-13   0.967138E-14   0.137066E-17   0.425822E-23   0.174978E-27   0.180029E-26   0.112568E-28   0.433322E-26   0.282882E-28   0.107653E-25   0.890156E-28
   0.833333E+00   0.549139E-31   0.111064E-30   0.230888E-30   0.471749E-30   0.304906E-27   0.483839E-27   0.767775E-27   0.121658E-26   0.107868E-28   0.190712E-28   0.330377E-28   0.555907E-28   0.856835E-23   0.235823E-16   0.277856E-12   0.905372E-11   0.276544E-11   0.391019E-15   0.121543E-20   0.499300E-25   0.512737E-24   0.744457E-26   0.123401E-23   0.185696E-25   0.306552E-23   0.463625E-25
   0.833333E+00   0.000000E+00   0.000000E+00   0.000000E+00   0.000000E+00   0.000000E+00   0.000000E+00   0.000000E+00   0.000000E+00   0.000000E+00   0.000000E+00   0.000000E+00   0.000000E+00   0.000000E+00   0.000000E+00   0.000000E+00   0.000000E+00   0.000000E+00   0.000000E+00   0.000000E+00   0.000000E+00   0.000000E+00   0.000000E+00   0.000000E+00   0.000000E+00   0.000000E+00   0.000000E+00
   0.833333E+00   0.230913E-26   0.461827E-26   0.923654E-26   0.184731E-25   0.369977E-25   0.739765E-25   0.147921E-24   0.295790E-24   0.591138E-24   0.118228E-23   0.236455E-23   0.472910E-23   0.663875E-20   0.345040E-13   0.512518E-09   0.210673E-07   0.790261E-08   0.928419E-12   0.300528E-17   0.129534E-21   0.254311E-20   0.484240E-20   0.976655E-20   0.193703E-19   0.388390E-19   0.774814E-19
   0.100000E+01   0.218750E-25   0.437500E-25   0.875001E-25   0.175000E-24   0.350000E-24   0.700000E-24   0.140000E-23   0.280000E-23   0.560001E-23   0.112000E-22   0.224000E-22   0.448000E-22   0.594380E-19   0.310301E-12   0.464574E-08   0.191939E-06   0.826823E-07   0.144487E-10   0.104415E-16   0.592658E-19   0.244453E-19   0.458732E-19   0.926758E-19   0.183500E-18   0.368107E-18   0.734003E-18
   0.100000E+01   0.508209E-40   0.163540E-35   0.203283E-39   0.654159E-35   0.658277E-39   0.131655E-38   0.112847E-38   0.470198E-38   0.118822E-37   0.418657E-33   0.460251E-37   0.167464E-32   0.110667E-33   0.515845E-27   0.679631E-23   0.318795E-21   0.158571E-21   0.331834E-26   0.127185E-31   0.985425E-34   0.155744E-33   0.171470E-29   0.242842E-33   0.685920E-29   0.712492E-33   0.274371E-28
   0.100000E+01   0.610830E-40   0.163539E-35   0.244331E-39   0.654152E-35   0.329138E-38   0.484304E-38   0.959203E-38   0.116609E-37   0.118761E-37   0.418656E-33   0.475057E-37   0.167464E-32   0.110667E-33   0.515845E-27   0.772308E-23   0.318795E-21   0.179026E-21   0.000000E+00   0.166319E-31   0.118251E-33   0.160664E-33   0.171470E-29   0.271802E-33   0.685920E-29   0.784540E-33   0.274370E-28
   0.100000E+01   0.507737E-40   0.163538E-35   0.203094E-39   0.654155E-35   0.658277E-39   0.131655E-38   0.263311E-38   0.526621E-38   0.118701E-37   0.418661E-33   0.429675E-37   0.167463E-32   0.110667E-33   0.515845E-27   0.679631E-23   0.318795E-21   0.220000E-21   0.924629E-23   0.136969E-31   0.134018E-33   0.154158E-33   0.171472E-29   0.251131E-33   0.685920E-29   0.658967E-33   0.274370E-28
   0.100000E+01   0.225605E-39   0.163539E-35   0.796624E-39   0.654152E-35   0.952150E-38   0.168331E-37   0.289642E-37   0.432582E-37   0.156256E-37   0.418657E-33   0.519710E-37   0.167463E-32   0.371525E-33   0.121739E-26   0.172997E-22   0.752357E-21   0.173989E-21   0.254303E-25   0.146752E-31   0.173435E-33   0.758230E-34   0.429418E-31   0.218693E-33   0.171835E-30   0.545040E-33   0.687196E-30
   0.100000E+01   0.175098E-37   0.163539E-35   0.545636E-37   0.654156E-35   0.871723E-36   0.146072E-35   0.242378E-35   0.397881E-35   0.122365E-35   0.104880E-34   0.325003E-35   0.419732E-34   0.294018E-31   0.816892E-25   0.981449E-21   0.325299E-19   0.114745E-19   0.240594E-23   0.166808E-29   0.918021E-32   0.200546E-32   0.429510E-31   0.467800E-32   0.171798E-30   0.124022E-31   0.687393E-30
   0.100000E+01   0.169189E-35   0.409836E-37   0.512793E-35   0.163934E-36   0.808714E-34   0.134686E-33   0.222423E-33   0.363658E-33   0.110249E-33   0.104895E-34   0.290178E-33   0.419792E-34   0.265551E-29   0.734938E-23   0.880446E-19   0.290347E-17   0.102290E-17   0.214684E-21   0.148871E-27   0.817197E-30   0.177231E-30   0.429726E-31   0.421711E-30   0.171860E-30   0.104867E-29   0.687541E-30
   0.100000E+01   0.521473E-40   0.163539E-35   0.196833E-39   0.654153E-35   0.658277E-39   0.131655E-38   0.263311E-38   0.470198E-38   0.107170E-37   0.418659E-33   0.473831E-37   0.167464E-32   0.988098E-34   0.515845E-27   0.679631E-23   0.318795E-21   0.179059E-21   0.000000E+00   0.000000E+00   0.110368E-33   0.137920E-33   0.171470E-29   0.255293E-33   0.685923E-29   0.749504E-33   0.274370E-28
   0.100000E+01   0.714808E-39   0.163539E-35   0.223034E-38   0.654155E-35   0.342304E-37   0.585396E-37   0.980833E-37   0.162124E-36   0.528405E-37   0.418659E-33   0.128272E-36   0.167464E-32   0.115410E-32   0.326014E-26   0.392332E-22   0.154297E-20   0.527092E-21   0.906645E-25   0.606575E-31   0.441470E-33   0.129374E-33   0.429418E-31   0.373583E-33   0.171811E-30   0.106359E-32   0.687147E-30
   0.100000E+01   0.594727E-37   0.409718E-37   0.187309E-36   0.163923E-36   0.302347E-35   0.507875E-35   0.844344E-35   0.138800E-34   0.423743E-35   0.104880E-34   0.112411E-34   0.419612E-34   0.102885E-30   0.285138E-24   0.341978E-20   0.113045E-18   0.399070E-19   0.836877E-23   0.580845E-29   0.319199E-31   0.689630E-32   0.429510E-31   0.166215E-31   0.171798E-30   0.415263E-31   0.687196E-30
   0.100000E+01   0.504468E-35   0.410130E-37   0.160885E-34   0.164028E-36   0.262028E-33   0.441331E-33   0.735368E-33   0.121088E-32   0.369146E-33   0.104926E-34   0.979391E-33   0.419853E-34   0.900949E-29   0.249400E-22   0.299292E-18   0.988307E-17   0.348577E-17   0.732043E-21   0.507913E-27   0.279146E-29   0.605547E-30   0.430404E-31   0.144150E-29   0.172020E-30   0.358494E-29   0.688084E-30
   0.100000E+01   0.419444E-33   0.433052E-37   0.135477E-32   0.174149E-36   0.220480E-31   0.372021E-31   0.620709E-31   0.102313E-30   0.315803E-31   0.112163E-34   0.839414E-31   0.449042E-34   0.762984E-27   0.211212E-20   0.253508E-16   0.837249E-15   0.295131E-15   0.616349E-19   0.426931E-25   0.234628E-27   0.513156E-28   0.495944E-31   0.122160E-27   0.188451E-30   0.303786E-27   0.741973E-30
   0.100000E+01   0.158694E-32   0.535232E-37   0.452787E-32   0.216573E-36   0.534850E-31   0.868804E-31   0.140484E-30   0.225814E-30   0.866783E-31   0.140435E-34   0.223896E-30   0.562702E-34   0.156690E-26   0.433333E-20   0.516558E-16   0.169680E-14   0.589362E-15   0.124396E-18   0.859673E-25   0.469637E-27   0.102341E-27   0.752159E-31   0.243168E-27   0.251929E-30   0.603886E-27   0.950873E-30
   0.100000E+01   0.608152E-40   0.163539E-35   0.243260E-39   0.654154E-35   0.145761E-38   0.305629E-38   0.611257E-38   0.526621E-38   0.125598E-37   0.418656E-33   0.457263E-37   0.167464E-32   0.988098E-34   0.515845E-27   0.772308E-23   0.318795E-21   0.168843E-21   0.129027E-30   0.176103E-31   0.106426E-33   0.126621E-33   0.171470E-29   0.267719E-33   0.685918E-29   0.811119E-33   0.274370E-28
   0.100000E+01   0.225750E-38   0.163540E-35   0.714331E-38   0.654148E-35   0.112401E-36   0.189067E-36   0.315315E-36   0.517970E-36   0.154713E-36   0.418654E-33   0.421859E-36   0.167463E-32   0.384568E-32   0.106470E-25   0.125732E-21   0.462891E-20   0.145928E-20   0.342755E-24   0.234803E-30   0.117857E-32   0.308475E-33   0.429480E-31   0.807547E-33   0.171823E-30   0.210078E-32   0.687295E-30
   0.100000E+01   0.197383E-36   0.409895E-37   0.629031E-36   0.163911E-36   0.102365E-34   0.172384E-34   0.287198E-34   0.472867E-34   0.144253E-34   0.104865E-34   0.382884E-34   0.419522E-34   0.351814E-30   0.974224E-24   0.116930E-19   0.386227E-18   0.136237E-18   0.286046E-22   0.198468E-28   0.109090E-30   0.236890E-31   0.429572E-31   0.564566E-31   0.171823E-30   0.140583E-30   0.687393E-30
   0.100000E+01   0.164264E-34   0.410482E-37   0.530151E-34   0.164228E-36   0.869958E-33   0.146913E-32   0.245306E-32   0.404601E-32   0.123505E-32   0.105144E-34   0.328286E-32   0.420454E-34   0.302362E-28   0.837036E-22   0.100488E-17   0.331934E-16   0.117105E-16   0.245965E-20   0.170680E-26   0.938320E-29   0.203559E-29   0.432006E-31   0.484617E-29   0.172341E-30   0.120522E-28   0.689020E-30
   0.100000E+01   0.134062E-32   0.473313E-37   0.436788E-32   0.192005E-36   0.698866E-31   0.117950E-30   0.196799E-30   0.324370E-30   0.102519E-30   0.125027E-34   0.272586E-30   0.501373E-34   0.241661E-26   0.668961E-20   0.802818E-16   0.265114E-14   0.933459E-15   0.194727E-18   0.134888E-24   0.739370E-27   0.162426E-27   0.631524E-31   0.386658E-27   0.219721E-30   0.961494E-27   0.840383E-30
   0.100000E+01   0.281355E-32   0.702034E-37   0.794403E-32   0.294461E-36   0.876569E-31   0.141766E-30   0.228344E-30   0.365806E-30   0.146715E-30   0.199687E-34   0.376529E-30   0.805399E-34   0.251327E-26   0.694961E-20   0.827610E-16   0.271639E-14   0.941871E-15   0.199250E-18   0.137648E-24   0.752154E-27   0.163462E-27   0.140020E-30   0.388258E-27   0.400099E-30   0.964011E-27   0.141379E-29
   0.100000E+01   0.483369E-32   0.234364E-35   0.122647E-31   0.993288E-35   0.127923E-30   0.203058E-30   0.322298E-30   0.510267E-30   0.197429E-30   0.674870E-33   0.497805E-30   0.272427E-32   0.340251E-26   0.940503E-20   0.111696E-15   0.365812E-14   0.126982E-14   0.268612E-18   0.185593E-24   0.101484E-26   0.218856E-27   0.550628E-29   0.519317E-27   0.173643E-28   0.128885E-26   0.654154E-28
   0.100000E+01   0.518191E-40   0.163539E-35   0.207275E-39   0.654158E-35   0.658277E-39   0.131655E-38   0.263311E-38   0.470198E-38   0.117613E-37   0.418656E-33   0.470462E-37   0.167461E-32   0.988098E-34   0.495211E-27   0.679631E-23   0.318795E-21   0.184232E-21   0.630224E-25   0.000000E+00   0.110368E-33   0.107153E-33   0.171471E-29   0.184992E-33   0.685918E-29   0.747017E-33   0.274371E-28
   0.100000E+01   0.730900E-38   0.163539E-35   0.233292E-37   0.654155E-35   0.376464E-36   0.634109E-36   0.105691E-35   0.174030E-35   0.544019E-36   0.418659E-33   0.145649E-35   0.419582E-34   0.130271E-31   0.357996E-25   0.432183E-21   0.146136E-19   0.517872E-20   0.107470E-23   0.749414E-30   0.411513E-32   0.916961E-33   0.429541E-31   0.229613E-32   0.171848E-30   0.570699E-32   0.687295E-30
   0.100000E+01   0.608867E-36   0.409807E-37   0.196352E-35   0.163876E-36   0.322006E-34   0.543683E-34   0.907685E-34   0.149696E-33   0.457036E-34   0.104918E-34   0.121481E-33   0.419552E-34   0.111843E-29   0.309655E-23   0.371749E-19   0.122794E-17   0.433268E-18   0.909959E-22   0.631406E-28   0.347130E-30   0.753305E-31   0.429572E-31   0.179412E-30   0.171860E-30   0.446327E-30   0.687196E-30
   0.100000E+01   0.499230E-34   0.411658E-37   0.163054E-33   0.164781E-36   0.269582E-32   0.456452E-32   0.763750E-32   0.126180E-31   0.385680E-32   0.105505E-34   0.102709E-31   0.422079E-34   0.947088E-28   0.262199E-21   0.314901E-17   0.104052E-15   0.367189E-16   0.771163E-20   0.535069E-26   0.294296E-28   0.638674E-29   0.436567E-31   0.152066E-28   0.173351E-30   0.378205E-28   0.692127E-30
   0.100000E+01   0.408533E-32   0.568998E-37   0.133046E-31   0.234993E-36   0.204994E-30   0.344839E-30   0.573646E-30   0.943114E-30   0.309404E-30   0.156452E-34   0.820875E-30   0.625867E-34   0.696800E-26   0.192863E-19   0.231256E-15   0.763156E-14   0.267991E-14   0.560061E-18   0.387831E-24   0.212217E-26   0.466563E-27   0.102766E-30   0.111043E-26   0.303747E-30   0.276075E-26   0.109025E-29
   0.100000E+01   0.430501E-32   0.114652E-36   0.115355E-31   0.496587E-36   0.121673E-30   0.194972E-30   0.311751E-30   0.496481E-30   0.198989E-30   0.348969E-34   0.505913E-30   0.139723E-33   0.335947E-26   0.928768E-20   0.110449E-15   0.362111E-14   0.125517E-14   0.265734E-18   0.183561E-24   0.100330E-26   0.217240E-27   0.334774E-30   0.515731E-27   0.807581E-30   0.128019E-26   0.261251E-29
   0.100000E+01   0.539417E-32   0.601734E-35   0.136646E-31   0.258041E-34   0.142501E-30   0.226136E-30   0.358851E-30   0.568039E-30   0.219803E-30   0.177159E-32   0.554702E-30   0.702197E-32   0.378607E-26   0.104652E-19   0.124282E-15   0.407016E-14   0.141304E-14   0.298877E-18   0.206510E-24   0.112923E-26   0.243501E-27   0.738393E-29   0.577760E-27   0.236163E-28   0.143387E-26   0.837796E-28
   0.100000E+01   0.545980E-40   0.163538E-35   0.206636E-39   0.654158E-35   0.658277E-39   0.131655E-38   0.263311E-38   0.470198E-38   0.113441E-37   0.418658E-33   0.498911E-37   0.167463E-32   0.988098E-34   0.515845E-27   0.679631E-23   0.318795E-21   0.158618E-21   0.000000E+00   0.000000E+00   0.110368E-33   0.528952E-34   0.429541E-31   0.222184E-33   0.685915E-29   0.642696E-33   0.687245E-30
   0.100000E+01   0.692646E-40   0.163539E-35   0.259425E-39   0.654151E-35   0.152814E-38   0.300927E-38   0.648873E-38   0.526621E-38   0.116622E-37   0.104850E-34   0.466486E-37   0.419431E-34   0.988098E-34   0.515845E-27   0.679631E-23   0.318795E-21   0.168856E-21   0.000000E+00   0.000000E+00   0.110368E-33   0.528139E-34   0.429449E-31   0.229910E-33   0.171823E-30   0.667345E-33   0.687393E-30
   0.100000E+01   0.196308E-38   0.409689E-37   0.642997E-38   0.163958E-36   0.102997E-36   0.174725E-36   0.292839E-36   0.485244E-36   0.160621E-36   0.104873E-34   0.439357E-36   0.419672E-34   0.366387E-32   0.100074E-25   0.120789E-21   0.429736E-20   0.148395E-20   0.299634E-24   0.203496E-30   0.117857E-32   0.297630E-33   0.429541E-31   0.782008E-33   0.171835E-30   0.210004E-32   0.687245E-30
   0.100000E+01   0.157515E-33   0.414685E-37   0.520625E-33   0.166038E-36   0.866333E-32   0.147037E-31   0.246487E-31   0.407823E-31   0.125035E-31   0.106483E-34   0.333604E-31   0.425600E-34   0.307246E-27   0.850642E-21   0.102196E-16   0.337773E-15   0.119196E-15   0.249645E-19   0.173013E-25   0.952596E-28   0.207478E-28   0.450186E-31   0.494047E-28   0.176125E-30   0.122881E-27   0.699325E-30
   0.100000E+01   0.108966E-31   0.775444E-37   0.348810E-31   0.329926E-36   0.500961E-30   0.835409E-30   0.137941E-29   0.225401E-29   0.779358E-30   0.224341E-34   0.205338E-29   0.895527E-34   0.163509E-25   0.452449E-19   0.541544E-15   0.178458E-13   0.624291E-14   0.130965E-17   0.906286E-24   0.495615E-26   0.108636E-26   0.207489E-30   0.258427E-26   0.505559E-30   0.642264E-26   0.161933E-29
   0.100000E+01   0.454819E-33   0.561622E-37   0.118324E-32   0.233547E-36   0.123680E-31   0.197134E-31   0.313894E-31   0.498219E-31   0.195988E-31   0.155564E-34   0.495562E-31   0.621323E-34   0.334324E-27   0.924320E-21   0.109844E-16   0.359937E-15   0.124874E-15   0.264239E-19   0.182555E-25   0.998629E-28   0.216110E-28   0.145693E-30   0.512453E-28   0.350857E-30   0.127248E-27   0.133214E-29
   0.100000E+01   0.565089E-32   0.142275E-34   0.143112E-31   0.620549E-34   0.149152E-30   0.236666E-30   0.375530E-30   0.594402E-30   0.230724E-30   0.414815E-32   0.583445E-30   0.155660E-31   0.396114E-26   0.109491E-19   0.130027E-15   0.425825E-14   0.147842E-14   0.312692E-18   0.216058E-24   0.118145E-26   0.254752E-27   0.822825E-29   0.604442E-27   0.266095E-28   0.150007E-26   0.922639E-28
   0.100000E+01   0.281517E-35   0.163540E-35   0.906351E-35   0.654162E-35   0.148488E-33   0.250620E-33   0.418290E-33   0.689682E-33   0.210487E-33   0.418659E-33   0.559298E-33   0.167465E-32   0.514944E-29   0.142554E-22   0.171128E-18   0.565240E-17   0.199406E-17   0.418810E-21   0.290604E-27   0.159758E-29   0.346596E-30   0.429942E-31   0.825161E-30   0.171897E-30   0.205244E-29   0.687541E-30
   0.100000E+01   0.246322E-35   0.163539E-35   0.803203E-35   0.163899E-36   0.132651E-33   0.224521E-33   0.375570E-33   0.620345E-33   0.189597E-33   0.104903E-34   0.504793E-33   0.419612E-34   0.465357E-29   0.128836E-22   0.154725E-18   0.511238E-17   0.180410E-17   0.378959E-21   0.262991E-27   0.144619E-29   0.313788E-30   0.429849E-31   0.747141E-30   0.171934E-30   0.185858E-29   0.687295E-30
   0.100000E+01   0.307881E-33   0.418417E-37   0.101679E-32   0.167719E-36   0.169285E-31   0.287334E-31   0.481716E-31   0.797084E-31   0.243941E-31   0.107604E-34   0.650769E-31   0.430234E-34   0.600738E-27   0.166321E-20   0.199828E-16   0.660482E-15   0.233139E-15   0.489810E-19   0.339962E-25   0.187005E-27   0.405752E-28   0.466641E-31   0.966187E-28   0.178812E-30   0.240316E-27   0.705389E-30
   0.100000E+01   0.107703E-28   0.281872E-34   0.360215E-28   0.127430E-33   0.599101E-27   0.101860E-26   0.170978E-26   0.283176E-26   0.877633E-27   0.921727E-32   0.234539E-26   0.360174E-31   0.213845E-22   0.592068E-16   0.711451E-12   0.235182E-10   0.829740E-11   0.173290E-14   0.120060E-20   0.660236E-23   0.144520E-23   0.132196E-27   0.344154E-23   0.242068E-27   0.856015E-23   0.608371E-27
   0.100000E+01   0.204374E-29   0.103853E-34   0.626452E-29   0.492889E-34   0.809561E-28   0.133249E-27   0.217651E-27   0.352532E-27   0.129266E-27   0.380580E-32   0.336460E-27   0.149720E-31   0.249504E-23   0.690182E-17   0.824153E-13   0.271081E-11   0.945278E-12   0.199018E-15   0.137634E-21   0.752676E-24   0.164126E-24   0.413854E-28   0.390154E-24   0.836795E-28   0.969201E-24   0.227945E-27
   0.100000E+01   0.583645E-31   0.726170E-35   0.149315E-30   0.353847E-34   0.187789E-29   0.298737E-29   0.474956E-29   0.752727E-29   0.242080E-29   0.282937E-32   0.610538E-29   0.111633E-31   0.503699E-25   0.139234E-18   0.165404E-14   0.541798E-13   0.189409E-13   0.398485E-17   0.275686E-23   0.150937E-25   0.324307E-26   0.241080E-28   0.769630E-26   0.540491E-28   0.191018E-25   0.148504E-27
   0.100000E+01   0.153957E-28   0.210644E-30   0.390920E-28   0.862196E-30   0.519021E-27   0.823535E-27   0.130672E-26   0.206756E-26   0.635875E-27   0.305837E-28   0.160799E-26   0.856606E-28   0.137827E-22   0.380969E-16   0.452416E-12   0.148150E-10   0.519407E-11   0.109025E-14   0.754673E-21   0.413370E-23   0.886139E-24   0.105892E-25   0.210271E-23   0.263563E-25   0.521862E-23   0.656263E-25
   0.100000E+01   0.000000E+00   0.000000E+00   0.000000E+00   0.000000E+00   0.000000E+00   0.000000E+00   0.000000E+00   0.000000E+00   0.000000E+00   0.000000E+00   0.000000E+00   0.000000E+00   0.000000E+00   0.000000E+00   0.000000E+00   0.000000E+00   0.000000E+00   0.000000E+00   0.000000E+00   0.000000E+00   0.000000E+00   0.000000E+00   0.000000E+00   0.000000E+00   0.000000E+00   0.000000E+00
   0.100000E+01   0.231162E-26   0.461827E-26   0.924370E-26   0.184731E-25   0.370518E-25   0.740663E-25   0.148069E-24   0.296032E-24   0.591282E-24   0.118228E-23   0.236493E-23   0.472910E-23   0.627761E-20   0.327646E-13   0.490515E-09   0.202647E-07   0.872923E-08   0.152547E-11   0.110239E-17   0.625712E-20   0.258067E-20   0.484238E-20   0.978340E-20   0.193703E-19   0.388588E-19   0.774814E-19
   0.116667E+01   0.218750E-25   0.437500E-25   0.875001E-25   0.175000E-24   0.350000E-24   0.700000E-24   0.140000E-23   0.280000E-23   0.560001E-23   0.112000E-22   0.224000E-22   0.448000E-22   0.562446E-19   0.294883E-12   0.444944E-08   0.184751E-06   0.900616E-07   0.195213E-10   0.305657E-16   0.115863E-18   0.249262E-19   0.458728E-19   0.928343E-19   0.183500E-18   0.368288E-18   0.734003E-18
   0.116667E+01   0.464096E-40   0.163540E-35   0.185636E-39   0.654159E-35   0.658277E-39   0.131655E-38   0.112847E-38   0.470198E-38   0.107527E-37   0.418657E-33   0.430122E-37   0.167464E-32   0.104721E-33   0.490214E-27   0.650914E-23   0.294545E-21   0.154388E-21   0.000000E+00   0.000000E+00   0.215806E-33   0.169623E-33   0.171472E-29   0.250236E-33   0.685918E-29   0.736524E-33   0.274368E-28
   0.116667E+01   0.387279E-39   0.163539E-35   0.104711E-38   0.654152E-35   0.709999E-38   0.126013E-37   0.205006E-37   0.327258E-37   0.284261E-37   0.418656E-33   0.112201E-36   0.167464E-32   0.231883E-33   0.107847E-26   0.739675E-23   0.306818E-21   0.226100E-21   0.888271E-26   0.850597E-32   0.308295E-33   0.179308E-33   0.171470E-29   0.328822E-33   0.685914E-29   0.808560E-33   0.274369E-28
   0.116667E+01   0.507705E-40   0.163538E-35   0.185447E-39   0.654155E-35   0.658277E-39   0.131655E-38   0.263311E-38   0.526621E-38   0.107407E-37   0.418661E-33   0.429638E-37   0.167463E-32   0.104721E-33   0.490214E-27   0.650914E-23   0.306818E-21   0.249175E-21   0.111562E-22   0.238167E-30   0.292880E-33   0.170671E-33   0.171468E-29   0.252138E-33   0.685919E-29   0.732329E-33   0.274370E-28
   0.116667E+01   0.123065E-38   0.163539E-35   0.397044E-38   0.654152E-35   0.251556E-37   0.434463E-37   0.708118E-37   0.118114E-36   0.983794E-37   0.418657E-33   0.307755E-36   0.167463E-32   0.920051E-33   0.243146E-26   0.375755E-22   0.106773E-20   0.364536E-21   0.814269E-25   0.121919E-30   0.670542E-33   0.114246E-33   0.429569E-31   0.312112E-33   0.171811E-30   0.545195E-33   0.687048E-30
   0.116667E+01   0.106567E-36   0.163539E-35   0.357653E-36   0.654156E-35   0.227914E-35   0.385764E-35   0.645647E-35   0.106840E-34   0.869942E-35   0.104880E-34   0.232210E-34   0.419732E-34   0.761174E-31   0.211929E-24   0.256726E-20   0.853322E-19   0.340775E-19   0.883996E-23   0.132608E-28   0.488879E-31   0.560589E-32   0.429507E-31   0.131249E-31   0.171860E-30   0.322985E-31   0.687245E-30
   0.116667E+01   0.103256E-34   0.409836E-37   0.337539E-34   0.163934E-36   0.211614E-33   0.356080E-33   0.593166E-33   0.977894E-33   0.793004E-33   0.104910E-34   0.210602E-32   0.419792E-34   0.688986E-29   0.191531E-22   0.231710E-18   0.769122E-17   0.306372E-17   0.796049E-21   0.119282E-26   0.439425E-29   0.501532E-30   0.430216E-31   0.116827E-29   0.171909E-30   0.290278E-29   0.687591E-30
   0.116667E+01   0.521440E-40   0.163539E-35   0.202696E-39   0.654153E-35   0.152814E-38   0.291523E-38   0.263311E-38   0.470198E-38   0.107161E-37   0.418659E-33   0.473794E-37   0.167464E-32   0.935011E-34   0.490214E-27   0.650914E-23   0.306818E-21   0.231720E-21   0.917869E-25   0.000000E+00   0.246636E-33   0.151116E-33   0.171470E-29   0.243515E-33   0.685921E-29   0.723904E-33   0.274371E-28
   0.116667E+01   0.420749E-38   0.163539E-35   0.141675E-37   0.654155E-35   0.894786E-37   0.151686E-36   0.250615E-36   0.422050E-36   0.343986E-36   0.418657E-33   0.950134E-36   0.167464E-32   0.307806E-32   0.852972E-26   0.105626E-21   0.375545E-20   0.145084E-20   0.341267E-24   0.499017E-30   0.206558E-32   0.265460E-33   0.429600E-31   0.696965E-33   0.171823E-30   0.180524E-32   0.687541E-30
   0.116667E+01   0.362550E-36   0.409718E-37   0.123122E-35   0.163923E-36   0.790654E-35   0.134172E-34   0.225015E-34   0.372948E-34   0.303797E-34   0.104903E-34   0.811855E-34   0.419612E-34   0.266587E-30   0.741478E-24   0.898409E-20   0.298595E-18   0.119082E-18   0.309537E-22   0.463802E-28   0.171081E-30   0.195524E-31   0.429507E-31   0.456258E-31   0.171823E-30   0.113696E-30   0.687492E-30
   0.116667E+01   0.307811E-34   0.410130E-37   0.105869E-33   0.164052E-36   0.685387E-33   0.116633E-32   0.196034E-32   0.325482E-32   0.265430E-32   0.105038E-34   0.710599E-32   0.420093E-34   0.233661E-28   0.649702E-22   0.787347E-18   0.261701E-16   0.104371E-16   0.271350E-20   0.406816E-26   0.150051E-28   0.171313E-29   0.431264E-31   0.399252E-29   0.172217E-30   0.992272E-29   0.688232E-30
   0.116667E+01   0.254774E-32   0.441839E-37   0.884450E-32   0.177970E-36   0.569844E-31   0.970334E-31   0.163140E-30   0.270902E-30   0.223447E-30   0.114834E-34   0.598439E-30   0.459936E-34   0.194378E-26   0.540462E-20   0.654893E-16   0.217657E-14   0.866997E-15   0.224072E-18   0.335385E-24   0.123571E-26   0.142416E-27   0.571773E-31   0.331927E-27   0.200678E-30   0.824901E-27   0.771111E-30
   0.116667E+01   0.838448E-32   0.602235E-37   0.246411E-31   0.244773E-36   0.119692E-30   0.194169E-30   0.313610E-30   0.504135E-30   0.476209E-30   0.159371E-34   0.122660E-29   0.639228E-34   0.329733E-26   0.915661E-20   0.109976E-15   0.362961E-14   0.142225E-14   0.372788E-18   0.556267E-24   0.204337E-26   0.232562E-27   0.120791E-30   0.540831E-27   0.328337E-30   0.134170E-26   0.113931E-29
   0.116667E+01   0.188647E-39   0.163538E-35   0.531242E-39   0.654151E-35   0.329138E-38   0.658277E-38   0.968607E-38   0.182437E-37   0.144396E-37   0.418659E-33   0.472272E-37   0.167462E-32   0.209442E-33   0.490214E-27   0.739675E-23   0.306818E-21   0.193037E-21   0.444141E-26   0.850597E-32   0.269758E-33   0.135936E-33   0.171470E-29   0.298876E-33   0.685916E-29   0.785316E-33   0.274369E-28
   0.116667E+01   0.133365E-37   0.163539E-35   0.452646E-37   0.654151E-35   0.290018E-36   0.492344E-36   0.825855E-36   0.137034E-35   0.112410E-35   0.418659E-33   0.302788E-35   0.167465E-32   0.987745E-32   0.273147E-25   0.328416E-21   0.110332E-19   0.448481E-20   0.115477E-23   0.172671E-29   0.638171E-32   0.772956E-33   0.429507E-31   0.185185E-32   0.171774E-30   0.477021E-32   0.687492E-30
   0.116667E+01   0.120362E-35   0.409689E-37   0.413638E-35   0.163887E-36   0.267643E-34   0.455372E-34   0.765268E-34   0.127047E-33   0.103604E-33   0.104873E-34   0.277352E-33   0.419431E-34   0.911849E-30   0.253574E-23   0.307320E-19   0.102150E-17   0.407440E-18   0.105914E-21   0.158789E-27   0.585653E-30   0.668882E-31   0.429846E-31   0.155942E-30   0.171848E-30   0.387812E-30   0.687344E-30
   0.116667E+01   0.100201E-33   0.410982E-37   0.348756E-33   0.164346E-36   0.227484E-32   0.388132E-32   0.653724E-32   0.108720E-31   0.887778E-32   0.105226E-34   0.238120E-31   0.420815E-34   0.783924E-28   0.217984E-21   0.264272E-17   0.878676E-16   0.350529E-16   0.911436E-20   0.136658E-25   0.504210E-28   0.575712E-29   0.434838E-31   0.134186E-28   0.172821E-30   0.333518E-28   0.689957E-30
   0.116667E+01   0.798314E-32   0.496529E-37   0.277882E-31   0.202314E-36   0.176550E-30   0.300128E-30   0.503754E-30   0.835233E-30   0.698959E-30   0.132400E-34   0.186908E-29   0.531406E-34   0.596073E-26   0.165722E-19   0.200692E-15   0.666697E-14   0.265040E-14   0.685500E-18   0.102583E-23   0.377430E-26   0.435530E-27   0.875161E-31   0.101505E-26   0.257377E-30   0.252223E-26   0.925136E-30
   0.116667E+01   0.134431E-31   0.858110E-37   0.387526E-31   0.364121E-36   0.179553E-30   0.289556E-30   0.465308E-30   0.744826E-30   0.715816E-30   0.250356E-34   0.183035E-29   0.101168E-33   0.481264E-26   0.133624E-19   0.160300E-15   0.528545E-14   0.206953E-14   0.543122E-18   0.810286E-24   0.297691E-26   0.337781E-27   0.284765E-30   0.785121E-27   0.632047E-30   0.194730E-26   0.195721E-29
   0.116667E+01   0.196011E-31   0.359114E-35   0.515956E-31   0.152255E-34   0.232211E-30   0.368504E-30   0.584771E-30   0.926676E-30   0.853600E-30   0.103485E-32   0.215408E-29   0.417767E-32   0.583770E-26   0.162035E-19   0.193935E-15   0.638263E-14   0.250391E-14   0.656445E-18   0.979686E-24   0.360065E-26   0.405989E-27   0.800798E-29   0.942680E-27   0.231886E-28   0.233723E-26   0.783518E-28
   0.116667E+01   0.562241E-40   0.163539E-35   0.219017E-39   0.654154E-35   0.658277E-39   0.131655E-38   0.263311E-38   0.470198E-38   0.113842E-37   0.418657E-33   0.425288E-37   0.167463E-32   0.935011E-34   0.490214E-27   0.650914E-23   0.306818E-21   0.176499E-21   0.398746E-30   0.235332E-30   0.223514E-33   0.109090E-33   0.171470E-29   0.242419E-33   0.685923E-29   0.772496E-33   0.274370E-28
   0.116667E+01   0.438507E-37   0.163538E-35   0.150594E-36   0.654153E-35   0.973403E-36   0.165599E-35   0.278291E-35   0.462054E-35   0.377710E-35   0.418659E-33   0.101247E-34   0.419491E-34   0.332565E-31   0.927681E-25   0.112608E-20   0.374932E-19   0.150040E-19   0.388474E-23   0.583510E-29   0.214959E-31   0.248645E-32   0.429507E-31   0.582645E-32   0.171774E-30   0.144565E-31   0.687443E-30
   0.116667E+01   0.368278E-35   0.409777E-37   0.128077E-34   0.163911E-36   0.834970E-34   0.142437E-33   0.239870E-33   0.398880E-33   0.325692E-33   0.104933E-34   0.873479E-33   0.419582E-34   0.287532E-29   0.799572E-23   0.969341E-19   0.322298E-17   0.128575E-17   0.334310E-21   0.501262E-27   0.184935E-29   0.211182E-30   0.429877E-31   0.492295E-30   0.171897E-30   0.122383E-29   0.687147E-30
   0.116667E+01   0.301995E-33   0.412569E-37   0.106369E-32   0.165110E-36   0.698932E-32   0.119558E-31   0.201776E-31   0.336108E-31   0.274912E-31   0.105723E-34   0.738748E-31   0.422862E-34   0.243353E-27   0.676721E-21   0.820725E-17   0.272963E-15   0.108910E-15   0.282809E-19   0.423722E-25   0.156482E-27   0.178994E-28   0.445315E-31   0.417244E-28   0.174670E-30   0.103712E-27   0.694641E-30
   0.116667E+01   0.233723E-31   0.628713E-37   0.804791E-31   0.261794E-36   0.491680E-30   0.830077E-30   0.138476E-29   0.228410E-29   0.196228E-29   0.175914E-34   0.521676E-29   0.704108E-34   0.160420E-25   0.445902E-19   0.539122E-15   0.178866E-13   0.708441E-14   0.183842E-17   0.274926E-23   0.101082E-25   0.116376E-26   0.179559E-30   0.271140E-26   0.417466E-30   0.673508E-26   0.132962E-29
   0.116667E+01   0.189272E-31   0.155862E-36   0.520080E-31   0.683044E-36   0.233944E-30   0.374112E-30   0.597212E-30   0.950898E-30   0.903963E-30   0.486320E-34   0.229407E-29   0.194772E-33   0.606090E-26   0.168254E-19   0.201591E-15   0.664025E-14   0.260090E-14   0.682613E-18   0.101844E-23   0.374219E-26   0.423259E-27   0.803480E-30   0.983266E-27   0.152299E-29   0.243822E-26   0.418402E-29
   0.116667E+01   0.218132E-31   0.940363E-35   0.573608E-31   0.403694E-34   0.258244E-30   0.409729E-30   0.650083E-30   0.103003E-29   0.948083E-30   0.277559E-32   0.239276E-29   0.109943E-31   0.648661E-26   0.180046E-19   0.215485E-15   0.709168E-14   0.278234E-14   0.729384E-18   0.108856E-23   0.400083E-26   0.451078E-27   0.981922E-29   0.104733E-26   0.296742E-28   0.259666E-26   0.980012E-28
   0.116667E+01   0.531259E-40   0.163539E-35   0.206624E-39   0.654154E-35   0.658277E-39   0.131655E-38   0.263311E-38   0.470198E-38   0.117195E-37   0.418656E-33   0.408602E-37   0.167463E-32   0.935011E-34   0.490214E-27   0.650914E-23   0.306818E-21   0.176505E-21   0.888293E-26   0.232497E-30   0.215806E-33   0.556995E-34   0.429446E-31   0.180549E-33   0.171749E-30   0.692339E-33   0.687098E-30
   0.116667E+01   0.160363E-39   0.163539E-35   0.385384E-39   0.654149E-35   0.347946E-38   0.470198E-38   0.930992E-38   0.116609E-37   0.116621E-37   0.104910E-34   0.466486E-37   0.419522E-34   0.935011E-34   0.490214E-27   0.650914E-23   0.306818E-21   0.198571E-21   0.148046E-26   0.567065E-32   0.262051E-33   0.622715E-34   0.429538E-31   0.223971E-33   0.171774E-30   0.667574E-33   0.687295E-30
   0.116667E+01   0.114346E-37   0.409807E-37   0.402901E-37   0.163876E-36   0.263946E-36   0.451531E-36   0.762661E-36   0.127179E-35   0.104873E-35   0.104880E-34   0.282872E-35   0.419431E-34   0.914815E-32   0.258441E-25   0.317764E-21   0.106282E-19   0.421971E-20   0.111035E-23   0.159284E-29   0.601175E-32   0.733477E-33   0.429507E-31   0.175178E-32   0.171835E-30   0.462125E-32   0.687295E-30
   0.116667E+01   0.951331E-33   0.416654E-37   0.338956E-32   0.167085E-36   0.223560E-31   0.383162E-31   0.647612E-31   0.107998E-30   0.887762E-31   0.107130E-34   0.238902E-30   0.428549E-34   0.784056E-27   0.218039E-20   0.264498E-16   0.879846E-15   0.350968E-15   0.908306E-19   0.135978E-24   0.502094E-27   0.577217E-28   0.478531E-31   0.134566E-27   0.180081E-30   0.334493E-27   0.707312E-30
   0.116667E+01   0.576533E-31   0.929816E-37   0.191713E-30   0.400973E-36   0.109426E-29   0.182380E-29   0.300966E-29   0.492018E-29   0.435930E-29   0.276612E-34   0.114602E-28   0.110446E-33   0.336708E-25   0.935576E-19   0.112833E-14   0.373599E-13   0.147389E-13   0.384063E-17   0.573879E-23   0.210948E-25   0.241640E-26   0.430370E-30   0.562591E-26   0.816110E-30   0.139676E-25   0.223159E-29
   0.116667E+01   0.190776E-32   0.658835E-37   0.510898E-32   0.278721E-36   0.229329E-31   0.365090E-31   0.580774E-31   0.922133E-31   0.861122E-31   0.189080E-34   0.217731E-30   0.755446E-34   0.583706E-27   0.162043E-20   0.194035E-16   0.638851E-15   0.250474E-15   0.656938E-19   0.980313E-25   0.360363E-27   0.407390E-28   0.501115E-30   0.945518E-28   0.740367E-30   0.234512E-27   0.222360E-29
   0.116667E+01   0.228186E-31   0.235160E-34   0.599881E-31   0.103011E-33   0.270101E-30   0.428508E-30   0.679837E-30   0.107712E-29   0.991766E-30   0.688083E-32   0.250412E-29   0.253866E-31   0.678234E-26   0.188254E-19   0.225306E-15   0.741482E-14   0.290925E-14   0.762627E-18   0.113818E-23   0.418323E-26   0.471630E-27   0.105786E-28   0.109503E-26   0.325503E-28   0.271490E-26   0.106844E-27
   0.116667E+01   0.145603E-34   0.163540E-35   0.505536E-34   0.654151E-35   0.329232E-33   0.561430E-33   0.945199E-33   0.157142E-32   0.128284E-32   0.418659E-33   0.343953E-32   0.167463E-32   0.113205E-28   0.314785E-22   0.381600E-18   0.126869E-16   0.506091E-17   0.131590E-20   0.197300E-26   0.727906E-29   0.831119E-30   0.430093E-31   0.193718E-29   0.171959E-30   0.481496E-29   0.687245E-30
   0.116667E+01   0.132420E-34   0.163540E-35   0.465646E-34   0.163934E-36   0.305697E-33   0.522765E-33   0.882073E-33   0.146907E-32   0.120098E-32   0.104903E-34   0.322651E-32   0.419642E-34   0.106329E-28   0.295684E-22   0.358597E-18   0.119264E-16   0.475893E-17   0.123756E-20   0.185580E-26   0.684870E-29   0.782067E-30   0.430185E-31   0.182307E-29   0.171922E-30   0.453175E-29   0.687541E-30
   0.116667E+01   0.159548E-32   0.421620E-37   0.568215E-32   0.169306E-36   0.376042E-31   0.644870E-31   0.109053E-30   0.181948E-30   0.148953E-30   0.108830E-34   0.400973E-30   0.434718E-34   0.132309E-26   0.367949E-20   0.446428E-16   0.148524E-14   0.592825E-15   0.154188E-18   0.231244E-24   0.853660E-27   0.974853E-28   0.508420E-31   0.227268E-27   0.184198E-30   0.564948E-27   0.714757E-30
   0.116667E+01   0.555166E-28   0.397472E-34   0.199465E-27   0.182467E-33   0.131476E-26   0.225569E-26   0.381508E-26   0.636498E-26   0.526178E-26   0.134070E-31   0.141661E-25   0.520827E-31   0.462372E-22   0.128582E-15   0.155981E-11   0.518873E-10   0.206880E-10   0.534674E-14   0.800457E-20   0.295049E-22   0.340376E-23   0.282586E-27   0.793557E-23   0.436030E-27   0.197254E-22   0.944012E-27
   0.116667E+01   0.962002E-29   0.177087E-34   0.301300E-28   0.857175E-34   0.159067E-27   0.261019E-27   0.425276E-27   0.688112E-27   0.620454E-27   0.676280E-32   0.160805E-26   0.264726E-31   0.457681E-23   0.127123E-16   0.152903E-12   0.505194E-11   0.198865E-11   0.519590E-15   0.776010E-21   0.285259E-23   0.324787E-24   0.998219E-28   0.755485E-24   0.168132E-27   0.187472E-23   0.402404E-27
   0.116667E+01   0.221879E-30   0.133457E-34   0.588086E-30   0.666059E-34   0.304646E-29   0.484272E-29   0.769480E-29   0.122020E-28   0.979114E-29   0.547513E-32   0.247205E-28   0.215169E-31   0.770874E-25   0.213977E-18   0.256158E-14   0.843139E-13   0.333259E-13   0.868573E-17   0.129819E-22   0.477554E-25   0.536660E-26   0.436172E-28   0.124593E-25   0.952479E-28   0.308934E-25   0.241518E-27
   0.116667E+01   0.567837E-28   0.383840E-30   0.149559E-27   0.151413E-29   0.812325E-27   0.128875E-26   0.204465E-26   0.323812E-26   0.248085E-26   0.450745E-28   0.626486E-26   0.122183E-27   0.203992E-22   0.566219E-16   0.677657E-12   0.222998E-10   0.883942E-11   0.229854E-14   0.343740E-20   0.126489E-22   0.141874E-23   0.142000E-25   0.329325E-23   0.353190E-25   0.816564E-23   0.878246E-25
   0.116667E+01   0.000000E+00   0.000000E+00   0.000000E+00   0.000000E+00   0.000000E+00   0.000000E+00   0.000000E+00   0.000000E+00   0.000000E+00   0.000000E+00   0.000000E+00   0.000000E+00   0.000000E+00   0.000000E+00   0.000000E+00   0.000000E+00   0.000000E+00   0.000000E+00   0.000000E+00   0.000000E+00   0.000000E+00   0.000000E+00   0.000000E+00   0.000000E+00   0.000000E+00   0.000000E+00
   0.116667E+01   0.231989E-26   0.461829E-26   0.926998E-26   0.184731E-25   0.371477E-25   0.742277E-25   0.148338E-24   0.296476E-24   0.591875E-24   0.118228E-23   0.236649E-23   0.472910E-23   0.594347E-20   0.311454E-13   0.469894E-09   0.195093E-07   0.950970E-08   0.206140E-11   0.322760E-17   0.122344E-19   0.263167E-20   0.484234E-20   0.980066E-20   0.193703E-19   0.388792E-19   0.774814E-19
   0.133333E+01   0.218750E-25   0.437500E-25   0.875001E-25   0.175000E-24   0.350000E-24   0.700000E-24   0.140000E-23   0.280000E-23   0.560001E-23   0.112000E-22   0.224000E-22   0.448000E-22   0.532737E-19   0.280476E-12   0.426481E-08   0.177962E-06   0.970121E-07   0.422349E-10   0.247867E-15   0.113423E-18   0.254846E-19   0.458725E-19   0.929967E-19   0.183500E-18   0.368468E-18   0.734003E-18
   0.133333E+01   0.463792E-40   0.163540E-35   0.185513E-39   0.654159E-35   0.658277E-39   0.131655E-38   0.112847E-38   0.470198E-38   0.107448E-37   0.418657E-33   0.429807E-37   0.167464E-32   0.991896E-34   0.466264E-27   0.623905E-23   0.295509E-21   0.206277E-21   0.447649E-24   0.455567E-31   0.288319E-32   0.197274E-33   0.171468E-29   0.291023E-33   0.685921E-29   0.738099E-33   0.274368E-28
   0.133333E+01   0.866263E-39   0.163539E-35   0.307126E-38   0.654152E-35   0.155635E-37   0.271774E-37   0.446688E-37   0.784290E-37   0.919889E-37   0.418656E-33   0.240063E-36   0.167464E-32   0.616392E-33   0.167855E-26   0.238218E-22   0.661940E-21   0.242000E-21   0.107962E-24   0.523902E-30   0.317000E-32   0.227278E-33   0.171467E-29   0.357163E-33   0.685916E-29   0.958430E-33   0.274369E-28
   0.133333E+01   0.507402E-40   0.163538E-35   0.185325E-39   0.654155E-35   0.658277E-39   0.131655E-38   0.263311E-38   0.526621E-38   0.107327E-37   0.418661E-33   0.429323E-37   0.167463E-32   0.991896E-34   0.466264E-27   0.623905E-23   0.295509E-21   0.199952E-21   0.349251E-25   0.000000E+00   0.290584E-32   0.182281E-33   0.171468E-29   0.255423E-33   0.685919E-29   0.709100E-33   0.274371E-28
   0.133333E+01   0.289247E-38   0.163539E-35   0.110821E-37   0.654152E-35   0.586102E-37   0.101798E-36   0.169553E-36   0.287385E-36   0.316167E-36   0.418657E-33   0.829831E-36   0.167463E-32   0.196962E-32   0.587492E-26   0.677787E-22   0.224587E-20   0.102355E-20   0.507333E-24   0.271062E-29   0.409081E-32   0.209228E-33   0.429504E-31   0.517722E-33   0.171811E-30   0.885526E-33   0.687245E-30
   0.133333E+01   0.261861E-36   0.163539E-35   0.101624E-35   0.654156E-35   0.543015E-35   0.928847E-35   0.156818E-34   0.261503E-34   0.286561E-34   0.104880E-34   0.774766E-34   0.419732E-34   0.179678E-30   0.502035E-24   0.613780E-20   0.205284E-18   0.913860E-19   0.476012E-22   0.266985E-27   0.120105E-30   0.143727E-31   0.429689E-31   0.327755E-31   0.171811E-30   0.816483E-31   0.687295E-30
   0.133333E+01   0.253815E-34   0.409836E-37   0.959557E-34   0.163934E-36   0.504343E-33   0.857686E-33   0.144134E-32   0.239472E-32   0.261613E-32   0.104910E-34   0.704270E-32   0.419792E-34   0.162881E-28   0.454734E-22   0.555418E-18   0.185537E-16   0.824976E-17   0.429775E-20   0.240938E-25   0.106002E-28   0.129363E-29   0.430521E-31   0.294427E-29   0.172069E-30   0.731078E-29   0.687936E-30
   0.133333E+01   0.119705E-39   0.163539E-35   0.531712E-39   0.654153E-35   0.242152E-38   0.465496E-38   0.912184E-38   0.110967E-37   0.133412E-37   0.418659E-33   0.473479E-37   0.167464E-32   0.885621E-34   0.466264E-27   0.623905E-23   0.295509E-21   0.229347E-21   0.635059E-26   0.455567E-31   0.291338E-32   0.171044E-33   0.171467E-29   0.240174E-33   0.685911E-29   0.675786E-33   0.274371E-28
   0.133333E+01   0.102539E-37   0.163539E-35   0.397637E-37   0.654155E-35   0.211989E-36   0.362664E-36   0.612197E-36   0.102296E-35   0.112827E-35   0.418657E-33   0.306712E-35   0.167464E-32   0.709560E-32   0.196017E-25   0.237367E-21   0.845155E-20   0.360000E-20   0.194011E-23   0.103091E-28   0.738912E-32   0.612816E-33   0.429658E-31   0.145017E-32   0.171798E-30   0.368450E-32   0.687295E-30
   0.133333E+01   0.890800E-36   0.409718E-37   0.349837E-35   0.163923E-36   0.188349E-34   0.323013E-34   0.546464E-34   0.912780E-34   0.100143E-33   0.104903E-34   0.271227E-33   0.419612E-34   0.629694E-30   0.175865E-23   0.215085E-19   0.719316E-18   0.320203E-18   0.166846E-21   0.935711E-27   0.414576E-30   0.503280E-31   0.429596E-31   0.114633E-30   0.171811E-30   0.285036E-30   0.687295E-30
   0.133333E+01   0.756459E-34   0.410306E-37   0.300875E-33   0.164146E-36   0.163293E-32   0.280828E-32   0.476153E-32   0.796730E-32   0.875291E-32   0.105038E-34   0.237529E-31   0.420184E-34   0.552153E-28   0.154187E-21   0.188651E-17   0.631050E-16   0.280930E-16   0.146439E-19   0.821389E-25   0.361745E-28   0.441705E-29   0.433078E-31   0.100580E-28   0.172378E-30   0.249816E-28   0.688872E-30
   0.133333E+01   0.620913E-32   0.451830E-37   0.247961E-31   0.182331E-36   0.133239E-30   0.228855E-30   0.387494E-30   0.647506E-30   0.718190E-30   0.117986E-34   0.194561E-29   0.472545E-34   0.446480E-26   0.124667E-19   0.152445E-15   0.509707E-14   0.226435E-14   0.117368E-17   0.657384E-23   0.289230E-26   0.356160E-27   0.740994E-31   0.811076E-27   0.223986E-30   0.201420E-26   0.817259E-30
   0.133333E+01   0.179062E-31   0.687017E-37   0.574943E-31   0.280391E-36   0.233683E-30   0.378360E-30   0.610090E-30   0.979825E-30   0.118044E-29   0.183407E-34   0.304499E-29   0.735855E-34   0.604200E-26   0.168450E-19   0.203805E-15   0.675710E-14   0.295240E-14   0.155387E-17   0.867235E-23   0.380866E-26   0.460328E-27   0.230457E-30   0.104579E-26   0.483582E-30   0.259162E-26   0.145870E-29
   0.133333E+01   0.416369E-39   0.163538E-35   0.157143E-38   0.654160E-35   0.804038E-38   0.146232E-37   0.245443E-37   0.393085E-37   0.527998E-37   0.418659E-33   0.151015E-36   0.167464E-32   0.318824E-33   0.110038E-26   0.167320E-22   0.295503E-21   0.199962E-21   0.317527E-25   0.136670E-30   0.301905E-32   0.160150E-33   0.171469E-29   0.276352E-33   0.685924E-29   0.811125E-33   0.274370E-28
   0.133333E+01   0.324074E-37   0.163540E-35   0.127185E-36   0.654151E-35   0.683903E-36   0.117310E-35   0.198452E-35   0.331659E-35   0.364398E-35   0.418660E-33   0.988296E-35   0.167465E-32   0.229447E-31   0.643444E-25   0.789239E-21   0.264421E-19   0.116288E-19   0.614418E-23   0.343953E-28   0.177822E-31   0.187705E-32   0.429381E-31   0.432245E-32   0.171811E-30   0.106055E-31   0.687097E-30
   0.133333E+01   0.295683E-35   0.409807E-37   0.117509E-34   0.163911E-36   0.637420E-34   0.109603E-33   0.185809E-33   0.310872E-33   0.341501E-33   0.104918E-34   0.926636E-33   0.419461E-34   0.215385E-29   0.601480E-23   0.735932E-19   0.246175E-17   0.109594E-17   0.571238E-21   0.320416E-26   0.141363E-29   0.172331E-30   0.429781E-31   0.392444E-30   0.171835E-30   0.975017E-30   0.687295E-30
   0.133333E+01   0.246172E-33   0.411129E-37   0.990823E-33   0.164569E-36   0.541792E-32   0.934205E-32   0.158727E-31   0.266031E-31   0.292653E-31   0.105339E-34   0.795667E-31   0.421297E-34   0.185168E-27   0.517104E-21   0.632939E-17   0.211789E-15   0.943081E-16   0.491481E-19   0.275616E-24   0.121438E-27   0.148374E-28   0.441429E-31   0.337900E-28   0.173733E-30   0.839311E-28   0.691929E-30
   0.133333E+01   0.191292E-31   0.523007E-37   0.760056E-31   0.214010E-36   0.399869E-30   0.683779E-30   0.115303E-29   0.191980E-29   0.215373E-29   0.140879E-34   0.580853E-29   0.565681E-34   0.130864E-25   0.365336E-19   0.446207E-15   0.149049E-13   0.660238E-14   0.342933E-17   0.192002E-22   0.844314E-26   0.103816E-26   0.142199E-30   0.236404E-26   0.330593E-30   0.586921E-26   0.106388E-29
   0.133333E+01   0.265081E-31   0.105656E-36   0.831892E-31   0.452753E-36   0.326681E-30   0.525414E-30   0.842494E-30   0.134688E-29   0.163222E-29   0.314739E-34   0.418116E-29   0.127382E-33   0.819937E-26   0.228561E-19   0.276193E-15   0.914805E-14   0.399757E-14   0.210489E-17   0.117464E-22   0.515828E-26   0.621675E-27   0.639477E-30   0.141135E-26   0.111951E-29   0.349679E-26   0.291691E-29
   0.133333E+01   0.346146E-31   0.518888E-35   0.101012E-30   0.220045E-34   0.388108E-30   0.615709E-30   0.976793E-30   0.154839E-29   0.181527E-29   0.149596E-32   0.460182E-29   0.603931E-32   0.922747E-26   0.257157E-19   0.310151E-15   0.102569E-13   0.449253E-14   0.236206E-17   0.131863E-22   0.579102E-26   0.694532E-27   0.110078E-28   0.157489E-26   0.307660E-28   0.390084E-26   0.958638E-28
   0.133333E+01   0.503423E-40   0.163539E-35   0.236630E-39   0.654153E-35   0.658277E-39   0.131655E-38   0.263311E-38   0.470198E-38   0.117591E-37   0.418660E-33   0.425239E-37   0.167464E-32   0.885621E-34   0.466264E-27   0.623905E-23   0.295509E-21   0.217263E-21   0.418051E-22   0.113892E-30   0.288319E-32   0.113453E-33   0.171470E-29   0.237890E-33   0.685914E-29   0.699174E-33   0.274370E-28
   0.133333E+01   0.106619E-36   0.163538E-35   0.423379E-36   0.654158E-35   0.229508E-35   0.394581E-35   0.668894E-35   0.111907E-34   0.122997E-34   0.418657E-33   0.333788E-34   0.419491E-34   0.775698E-31   0.216980E-24   0.265613E-20   0.889481E-19   0.396141E-19   0.206330E-22   0.115760E-27   0.535806E-31   0.625233E-32   0.429566E-31   0.141400E-31   0.171835E-30   0.353736E-31   0.687147E-30
   0.133333E+01   0.897498E-35   0.409748E-37   0.360941E-34   0.163876E-36   0.197265E-33   0.340081E-33   0.577741E-33   0.968205E-33   0.106498E-32   0.104895E-34   0.289513E-32   0.419612E-34   0.673740E-29   0.188152E-22   0.230296E-18   0.770590E-17   0.343147E-17   0.178891E-20   0.100353E-25   0.442306E-29   0.539868E-30   0.429812E-31   0.122951E-29   0.171848E-30   0.305413E-29   0.687344E-30
   0.133333E+01   0.735889E-33   0.413362E-37   0.299706E-32   0.165463E-36   0.164933E-31   0.285048E-31   0.485176E-31   0.814290E-31   0.897932E-31   0.106001E-34   0.244523E-30   0.424126E-34   0.568735E-27   0.158833E-20   0.194471E-16   0.650880E-15   0.289823E-15   0.150666E-18   0.843941E-24   0.371934E-27   0.456278E-28   0.465432E-31   0.103923E-27   0.177345E-30   0.258148E-27   0.699719E-30
   0.133333E+01   0.538981E-31   0.698302E-37   0.208464E-30   0.293133E-36   0.104423E-29   0.176581E-29   0.294890E-29   0.487011E-29   0.555950E-29   0.198867E-34   0.148422E-28   0.795800E-34   0.324036E-25   0.904307E-19   0.110184E-14   0.367352E-13   0.162032E-13   0.845132E-17   0.472715E-22   0.207767E-25   0.254346E-26   0.352160E-30   0.578952E-26   0.643375E-30   0.143665E-25   0.173761E-29
   0.133333E+01   0.350727E-31   0.210105E-36   0.105763E-30   0.928875E-36   0.406409E-30   0.648780E-30   0.103423E-29   0.164573E-29   0.197365E-29   0.667763E-34   0.502488E-29   0.267587E-33   0.990026E-26   0.275935E-19   0.333081E-15   0.110227E-13   0.482049E-14   0.253730E-17   0.141607E-22   0.621847E-26   0.747515E-27   0.199237E-29   0.169597E-26   0.309091E-29   0.420122E-26   0.711532E-29
   0.133333E+01   0.384903E-31   0.138884E-34   0.112238E-30   0.596966E-34   0.431290E-30   0.684100E-30   0.108515E-29   0.171997E-29   0.201540E-29   0.411142E-32   0.510921E-29   0.162799E-31   0.102473E-25   0.285576E-19   0.344418E-15   0.113899E-13   0.498912E-14   0.262301E-17   0.146432E-22   0.643087E-26   0.771233E-27   0.127772E-28   0.174876E-26   0.372674E-28   0.433145E-26   0.116488E-27
   0.133333E+01   0.531221E-40   0.163538E-35   0.212485E-39   0.654154E-35   0.658277E-39   0.131655E-38   0.263311E-38   0.470198E-38   0.120945E-37   0.418658E-33   0.423606E-37   0.167462E-32   0.885621E-34   0.466264E-27   0.623905E-23   0.295509E-21   0.211731E-21   0.000000E+00   0.227783E-31   0.284545E-32   0.536651E-34   0.429566E-31   0.199426E-33   0.171761E-30   0.791452E-33   0.687196E-30
   0.133333E+01   0.292603E-39   0.163539E-35   0.131147E-38   0.654153E-35   0.634767E-38   0.103444E-37   0.204066E-37   0.332900E-37   0.304954E-37   0.104873E-34   0.859826E-37   0.419612E-34   0.209007E-33   0.988479E-27   0.158812E-22   0.295509E-21   0.205857E-21   0.517650E-25   0.136670E-30   0.298131E-32   0.706093E-34   0.429442E-31   0.211805E-33   0.171835E-30   0.865554E-33   0.687393E-30
   0.133333E+01   0.276873E-37   0.409542E-37   0.112677E-36   0.163923E-36   0.620120E-36   0.107200E-35   0.182587E-35   0.306494E-35   0.338204E-35   0.104873E-34   0.922792E-35   0.419582E-34   0.215135E-31   0.603159E-25   0.741879E-21   0.248582E-19   0.109575E-19   0.578216E-23   0.324591E-28   0.168840E-31   0.177349E-32   0.429596E-31   0.407924E-32   0.171823E-30   0.103082E-31   0.687295E-30
   0.133333E+01   0.231200E-32   0.419563E-37   0.950572E-32   0.168331E-36   0.523915E-31   0.906696E-31   0.154476E-30   0.259440E-30   0.287234E-30   0.108085E-34   0.782718E-30   0.432522E-34   0.181450E-26   0.506748E-20   0.620507E-16   0.207694E-14   0.924399E-15   0.479251E-18   0.268410E-23   0.118188E-26   0.145609E-27   0.543297E-31   0.331677E-27   0.188414E-30   0.823897E-27   0.721807E-30
   0.133333E+01   0.123098E-30   0.112627E-36   0.450730E-30   0.491862E-36   0.210636E-29   0.350369E-29   0.577134E-29   0.942490E-29   0.109151E-28   0.344523E-34   0.287256E-28   0.137674E-33   0.607514E-25   0.169471E-18   0.205865E-14   0.684699E-13   0.301001E-13   0.157594E-16   0.880680E-22   0.386918E-25   0.470761E-26   0.929841E-30   0.107060E-25   0.145428E-29   0.265513E-25   0.332253E-29
   0.133333E+01   0.342446E-32   0.799600E-37   0.101216E-31   0.344337E-36   0.388355E-31   0.617640E-31   0.981732E-31   0.155857E-30   0.184437E-30   0.238304E-34   0.468255E-30   0.952613E-34   0.932278E-27   0.259842E-20   0.313503E-16   0.103709E-14   0.454004E-15   0.238798E-18   0.133297E-23   0.585634E-27   0.703546E-28   0.140335E-29   0.159489E-27   0.204657E-29   0.395138E-27   0.465546E-29
   0.133333E+01   0.402425E-31   0.371164E-34   0.117323E-30   0.163388E-33   0.450883E-30   0.715135E-30   0.113432E-29   0.179784E-29   0.210673E-29   0.108776E-31   0.534178E-29   0.394008E-31   0.107102E-25   0.298478E-19   0.359975E-15   0.119042E-13   0.521462E-14   0.274149E-17   0.153048E-22   0.672140E-26   0.806059E-27   0.135069E-28   0.182770E-26   0.400053E-28   0.452696E-26   0.125438E-27
   0.133333E+01   0.309834E-34   0.163539E-35   0.124400E-33   0.654156E-35   0.679179E-33   0.117047E-32   0.198786E-32   0.333059E-32   0.366284E-32   0.418661E-33   0.995472E-32   0.167464E-32   0.231622E-28   0.646829E-22   0.791665E-18   0.264884E-16   0.117948E-16   0.614878E-20   0.344920E-25   0.151957E-28   0.185541E-29   0.430952E-31   0.422543E-29   0.172069E-30   0.104955E-28   0.687541E-30
   0.133333E+01   0.292459E-34   0.163539E-35   0.118924E-33   0.163946E-36   0.654504E-33   0.113111E-32   0.192531E-32   0.323150E-32   0.355885E-32   0.104948E-34   0.969154E-32   0.419702E-34   0.225785E-28   0.630568E-22   0.772094E-18   0.258425E-16   0.115106E-16   0.600154E-20   0.336707E-25   0.148383E-28   0.181195E-29   0.430706E-31   0.412689E-29   0.172008E-30   0.102518E-28   0.687689E-30
   0.133333E+01   0.340167E-32   0.426499E-37   0.140090E-31   0.171610E-36   0.777201E-31   0.134693E-30   0.229776E-30   0.386347E-30   0.426081E-30   0.110553E-34   0.116264E-29   0.441309E-34   0.271208E-26   0.757464E-20   0.927868E-16   0.310669E-14   0.138418E-14   0.721807E-18   0.405009E-23   0.178506E-26   0.218035E-27   0.594169E-31   0.496655E-27   0.194749E-30   0.123382E-26   0.731422E-30
   0.133333E+01   0.117335E-27   0.564354E-34   0.484955E-27   0.263075E-33   0.266669E-26   0.461443E-26   0.785882E-26   0.131927E-25   0.146598E-25   0.195794E-31   0.399174E-25   0.753637E-31   0.920694E-22   0.257118E-15   0.314752E-11   0.105329E-09   0.468415E-10   0.242805E-13   0.136004E-18   0.598319E-22   0.737838E-23   0.589424E-27   0.168073E-22   0.813293E-27   0.417471E-22   0.153778E-26
   0.133333E+01   0.186248E-28   0.296454E-34   0.635276E-28   0.146233E-33   0.278038E-27   0.454692E-27   0.738733E-27   0.119312E-26   0.138269E-26   0.117422E-31   0.358624E-26   0.455760E-31   0.746360E-23   0.208125E-16   0.252115E-12   0.836656E-11   0.367466E-11   0.192701E-14   0.107645E-19   0.472836E-23   0.571808E-24   0.233282E-27   0.129886E-23   0.346004E-27   0.321962E-23   0.721735E-27
   0.133333E+01   0.365300E-30   0.241235E-34   0.107648E-29   0.123178E-33   0.462262E-29   0.734345E-29   0.116622E-28   0.184959E-28   0.195108E-28   0.103639E-31   0.494933E-28   0.404232E-31   0.110483E-24   0.307915E-18   0.371433E-14   0.122843E-12   0.542284E-13   0.283409E-16   0.158448E-21   0.696142E-25   0.832673E-26   0.670527E-28   0.188707E-25   0.151470E-27   0.467456E-25   0.368623E-27
   0.133333E+01   0.912159E-28   0.663135E-30   0.267795E-27   0.245146E-29   0.119591E-26   0.189690E-26   0.300895E-26   0.476728E-26   0.483987E-26   0.620298E-28   0.122768E-25   0.164071E-27   0.284154E-22   0.791925E-16   0.955093E-12   0.315819E-10   0.139820E-10   0.729066E-14   0.407836E-19   0.179213E-22   0.214034E-23   0.182400E-25   0.484920E-23   0.453587E-25   0.120123E-22   0.112714E-24
   0.133333E+01   0.000000E+00   0.000000E+00   0.000000E+00   0.000000E+00   0.000000E+00   0.000000E+00   0.000000E+00   0.000000E+00   0.000000E+00   0.000000E+00   0.000000E+00   0.000000E+00   0.000000E+00   0.000000E+00   0.000000E+00   0.000000E+00   0.000000E+00   0.000000E+00   0.000000E+00   0.000000E+00   0.000000E+00   0.000000E+00   0.000000E+00   0.000000E+00   0.000000E+00   0.000000E+00
   0.133333E+01   0.232918E-26   0.461831E-26   0.930854E-26   0.184732E-25   0.373112E-25   0.745064E-25   0.148808E-24   0.297257E-24   0.592979E-24   0.118228E-23   0.236947E-23   0.472911E-23   0.563485E-20   0.296386E-13   0.450578E-09   0.187985E-07   0.102463E-07   0.446127E-11   0.261814E-16   0.119802E-19   0.269105E-20   0.484231E-20   0.981876E-20   0.193703E-19   0.389005E-19   0.774814E-19
   0.150000E+01   0.218750E-25   0.437500E-25   0.875001E-25   0.175000E-24   0.350000E-24   0.700000E-24   0.140000E-23   0.280000E-23   0.560001E-23   0.112000E-22   0.224000E-22   0.448000E-22   0.505065E-19   0.266999E-12   0.409097E-08   0.171544E-06   0.103602E-06   0.437925E-10   0.226848E-15   0.384954E-20   0.262666E-19   0.458721E-19   0.931638E-19   0.183500E-18   0.368649E-18   0.734003E-18
   0.150000E+01   0.463736E-40   0.163540E-35   0.185488E-39   0.654159E-35   0.658277E-39   0.131655E-38   0.112847E-38   0.470198E-38   0.107431E-37   0.418657E-33   0.429743E-37   0.167464E-32   0.940374E-34   0.443859E-27   0.598473E-23   0.284819E-21   0.270663E-21   0.435226E-22   0.173971E-28   0.143481E-35   0.208586E-33   0.171468E-29   0.245096E-33   0.685919E-29   0.715206E-33   0.274372E-28
   0.150000E+01   0.137025E-38   0.163539E-35   0.635674E-38   0.654152E-35   0.354529E-37   0.591979E-37   0.103255E-36   0.172845E-36   0.215367E-36   0.418656E-33   0.599664E-36   0.167464E-32   0.108479E-32   0.347985E-26   0.421652E-22   0.138992E-20   0.653100E-21   0.317514E-24   0.142582E-29   0.233157E-34   0.162107E-33   0.429624E-31   0.485500E-33   0.685919E-29   0.118283E-32   0.274372E-28
   0.150000E+01   0.518384E-40   0.163538E-35   0.240860E-39   0.654155E-35   0.145761E-38   0.291523E-38   0.611257E-38   0.122251E-37   0.107310E-37   0.418661E-33   0.429260E-37   0.167463E-32   0.940374E-34   0.443859E-27   0.598473E-23   0.284819E-21   0.248691E-21   0.391742E-25   0.413240E-31   0.000000E+00   0.197583E-33   0.171467E-29   0.259035E-33   0.685916E-29   0.686096E-33   0.274371E-28
   0.150000E+01   0.496869E-38   0.163539E-35   0.234835E-37   0.654152E-35   0.130315E-36   0.224472E-36   0.381707E-36   0.640033E-36   0.807428E-36   0.418657E-33   0.219453E-35   0.167463E-32   0.422833E-32   0.117001E-25   0.147986E-21   0.517231E-20   0.236457E-20   0.124387E-23   0.611646E-29   0.986433E-34   0.422739E-33   0.429501E-31   0.954142E-33   0.171860E-30   0.240016E-32   0.687147E-30
   0.150000E+01   0.445955E-36   0.163539E-35   0.214037E-35   0.654156E-35   0.120029E-34   0.207224E-34   0.352431E-34   0.591306E-34   0.741047E-34   0.104880E-34   0.203363E-33   0.419732E-34   0.390521E-30   0.109509E-23   0.135084E-19   0.454320E-18   0.223297E-18   0.112959E-21   0.557692E-27   0.932771E-32   0.343121E-31   0.429655E-31   0.754291E-31   0.171835E-30   0.187582E-30   0.687295E-30
   0.150000E+01   0.432323E-34   0.409836E-37   0.202132E-33   0.164028E-36   0.111498E-32   0.191388E-32   0.324003E-32   0.541625E-32   0.676790E-32   0.104971E-34   0.184945E-31   0.419853E-34   0.354200E-28   0.992832E-22   0.122352E-17   0.411110E-16   0.201927E-16   0.102141E-19   0.504041E-25   0.842620E-30   0.309605E-29   0.431843E-31   0.679968E-29   0.172156E-30   0.168703E-28   0.687837E-30
   0.150000E+01   0.210800E-39   0.163539E-35   0.990130E-39   0.654153E-35   0.540727E-38   0.107205E-37   0.163629E-37   0.244503E-37   0.377898E-37   0.418661E-33   0.844279E-37   0.167463E-32   0.177999E-33   0.443859E-27   0.598473E-23   0.284819E-21   0.236288E-21   0.519951E-25   0.826561E-31   0.179351E-35   0.191439E-33   0.171467E-29   0.293131E-33   0.685921E-29   0.825661E-33   0.274368E-28
   0.150000E+01   0.174039E-37   0.163539E-35   0.834040E-37   0.654149E-35   0.467118E-36   0.806483E-36   0.137175E-35   0.230115E-35   0.289094E-35   0.418659E-33   0.794664E-35   0.167465E-32   0.152744E-31   0.430543E-25   0.533185E-21   0.178524E-19   0.865421E-20   0.449550E-23   0.223373E-28   0.361211E-33   0.139348E-32   0.429501E-31   0.307661E-32   0.171860E-30   0.776574E-32   0.687196E-30
   0.150000E+01   0.151671E-35   0.409718E-37   0.736658E-35   0.163899E-36   0.416229E-34   0.720470E-34   0.122785E-33   0.206345E-33   0.258929E-33   0.104895E-34   0.711854E-33   0.419491E-34   0.136853E-29   0.383707E-23   0.473479E-19   0.159268E-17   0.783032E-18   0.396236E-21   0.195612E-26   0.327248E-31   0.120322E-30   0.429624E-31   0.264455E-30   0.171835E-30   0.656508E-30   0.687196E-30
   0.150000E+01   0.128809E-33   0.410306E-37   0.633614E-33   0.164169E-36   0.360891E-32   0.626428E-32   0.106994E-31   0.180126E-31   0.226339E-31   0.105106E-34   0.623486E-31   0.420394E-34   0.120017E-27   0.336489E-21   0.415387E-17   0.139764E-15   0.687324E-16   0.347866E-19   0.171747E-24   0.287420E-29   0.105666E-28   0.437420E-31   0.232186E-28   0.172944E-30   0.576236E-28   0.689612E-30
   0.150000E+01   0.104728E-31   0.463145E-37   0.513194E-31   0.187291E-36   0.286560E-30   0.495443E-30   0.843048E-30   0.141449E-29   0.179130E-29   0.121529E-34   0.491107E-29   0.486869E-34   0.932112E-26   0.261286E-19   0.322174E-15   0.108300E-13   0.530958E-14   0.267479E-17   0.131863E-22   0.220484E-27   0.815957E-27   0.110039E-30   0.179341E-26   0.268384E-30   0.444961E-26   0.894666E-30
   0.150000E+01   0.266768E-31   0.790343E-37   0.986548E-31   0.323849E-36   0.411902E-30   0.665309E-30   0.107056E-29   0.171676E-29   0.227114E-29   0.212680E-34   0.588787E-29   0.853999E-34   0.998187E-26   0.279342E-19   0.340400E-15   0.113361E-13   0.547361E-14   0.279792E-17   0.137427E-22   0.229496E-27   0.830873E-27   0.480953E-30   0.182071E-26   0.799420E-30   0.450705E-26   0.202407E-29
   0.150000E+01   0.658809E-39   0.163538E-35   0.319359E-38   0.654151E-35   0.176559E-37   0.295284E-37   0.488065E-37   0.853879E-37   0.115617E-36   0.418661E-33   0.283097E-36   0.167463E-32   0.544074E-33   0.165115E-26   0.244830E-22   0.102535E-20   0.410427E-21   0.163234E-24   0.764548E-30   0.121959E-34   0.191914E-33   0.171468E-29   0.347366E-33   0.685916E-29   0.936019E-33   0.274369E-28
   0.150000E+01   0.546977E-37   0.163539E-35   0.265388E-36   0.654158E-35   0.149807E-35   0.259305E-35   0.441892E-35   0.742630E-35   0.932284E-35   0.418656E-33   0.256515E-34   0.167463E-32   0.493126E-31   0.138555E-24   0.171245E-20   0.576246E-19   0.283956E-19   0.143418E-22   0.707721E-28   0.118480E-32   0.438576E-32   0.429594E-31   0.953153E-32   0.171860E-30   0.244563E-31   0.687147E-30
   0.150000E+01   0.503315E-35   0.409836E-37   0.247379E-34   0.163911E-36   0.140828E-33   0.244403E-33   0.417383E-33   0.702590E-33   0.882772E-33   0.104880E-34   0.243144E-32   0.419612E-34   0.467999E-29   0.131214E-22   0.161980E-18   0.544999E-17   0.268014E-17   0.135647E-20   0.669729E-26   0.112074E-30   0.412037E-30   0.429963E-31   0.905432E-30   0.171897E-30   0.224721E-29   0.687393E-30
   0.150000E+01   0.419021E-33   0.411599E-37   0.208580E-32   0.164722E-36   0.119680E-31   0.208266E-31   0.356432E-31   0.601000E-31   0.756332E-31   0.105430E-34   0.208717E-30   0.421718E-34   0.402073E-27   0.112734E-20   0.139218E-16   0.468558E-15   0.230462E-15   0.116506E-18   0.574763E-24   0.963207E-29   0.354526E-28   0.455600E-31   0.779124E-28   0.175373E-30   0.193374E-27   0.694740E-30
   0.150000E+01   0.316873E-31   0.552747E-37   0.152744E-30   0.227070E-36   0.825183E-30   0.141561E-29   0.239219E-29   0.398988E-29   0.509277E-29   0.150215E-34   0.138531E-28   0.603779E-34   0.258225E-25   0.723650E-19   0.890666E-15   0.298967E-13   0.146060E-13   0.738065E-17   0.363592E-22   0.607589E-27   0.224172E-26   0.258329E-30   0.492682E-26   0.471872E-30   0.122192E-25   0.130113E-29
   0.150000E+01   0.369580E-31   0.130057E-36   0.133515E-30   0.561686E-36   0.544896E-30   0.874166E-30   0.139881E-29   0.223303E-29   0.295362E-29   0.393822E-34   0.761127E-29   0.159572E-33   0.128240E-25   0.358830E-19   0.436754E-15   0.145313E-13   0.702193E-14   0.358848E-17   0.176269E-22   0.294402E-27   0.106290E-26   0.145972E-29   0.232696E-26   0.213424E-29   0.575917E-26   0.467227E-29
   0.150000E+01   0.441436E-31   0.716350E-35   0.151194E-30   0.303832E-34   0.609420E-30   0.966408E-30   0.153259E-29   0.242934E-29   0.313131E-29   0.206594E-32   0.800438E-29   0.834055E-32   0.137073E-25   0.383472E-19   0.466009E-15   0.154847E-13   0.750127E-14   0.382682E-17   0.188061E-22   0.314169E-27   0.112976E-26   0.144546E-28   0.246999E-26   0.398310E-28   0.611176E-26   0.117994E-27
   0.150000E+01   0.503367E-40   0.163539E-35   0.201340E-39   0.654152E-35   0.658277E-39   0.131655E-38   0.263311E-38   0.470198E-38   0.117574E-37   0.418658E-33   0.425176E-37   0.167464E-32   0.839620E-34   0.443859E-27   0.598473E-23   0.284819E-21   0.236385E-21   0.447257E-24   0.619899E-31   0.143481E-35   0.614362E-34   0.429624E-31   0.264629E-33   0.685919E-29   0.650642E-33   0.274368E-28
   0.150000E+01   0.179811E-36   0.163539E-35   0.882951E-36   0.654156E-35   0.502340E-35   0.871662E-35   0.148839E-34   0.250527E-34   0.314789E-34   0.418660E-33   0.867120E-34   0.419552E-34   0.166896E-30   0.468235E-24   0.578234E-20   0.194600E-18   0.957678E-19   0.484446E-22   0.239136E-27   0.400133E-32   0.147408E-31   0.429470E-31   0.324515E-31   0.171884E-30   0.808339E-31   0.687048E-30
   0.150000E+01   0.151586E-34   0.409836E-37   0.753948E-34   0.163899E-36   0.432438E-33   0.752445E-33   0.128767E-32   0.217114E-32   0.273150E-32   0.104918E-34   0.753748E-32   0.419552E-34   0.145252E-28   0.407264E-22   0.502948E-18   0.169276E-16   0.832688E-17   0.421500E-20   0.208132E-25   0.348370E-30   0.128091E-29   0.430456E-31   0.281500E-29   0.171921E-30   0.698682E-29   0.687492E-30
   0.150000E+01   0.124245E-32   0.414332E-37   0.625495E-32   0.165944E-36   0.360512E-31   0.628557E-31   0.107727E-30   0.181843E-30   0.229394E-30   0.106385E-34   0.633733E-30   0.425450E-34   0.121973E-26   0.342000E-20   0.422440E-16   0.142203E-14   0.699318E-15   0.352557E-18   0.173806E-23   0.291424E-28   0.107637E-27   0.508105E-31   0.236585E-27   0.182509E-30   0.587208E-27   0.708397E-30
   0.150000E+01   0.858291E-31   0.778441E-37   0.394475E-30   0.329115E-36   0.200275E-29   0.338383E-29   0.564471E-29   0.931412E-29   0.119953E-28   0.225138E-34   0.321860E-28   0.901455E-34   0.584535E-25   0.163741E-18   0.200933E-14   0.672870E-13   0.327372E-13   0.166126E-16   0.817512E-22   0.136577E-26   0.500920E-26   0.716101E-30   0.110023E-25   0.108183E-29   0.272709E-25   0.245158E-29
   0.150000E+01   0.464663E-31   0.279482E-36   0.162793E-30   0.124397E-35   0.655327E-30   0.104451E-29   0.166293E-29   0.264409E-29   0.346504E-29   0.901019E-34   0.888625E-29   0.361295E-33   0.150319E-25   0.420563E-19   0.511427E-15   0.170032E-13   0.822481E-14   0.420050E-17   0.206367E-22   0.344708E-27   0.124181E-26   0.468264E-29   0.271664E-26   0.648630E-29   0.672265E-26   0.127543E-28
   0.150000E+01   0.490739E-31   0.196595E-34   0.167983E-30   0.846234E-34   0.677059E-30   0.107352E-29   0.170228E-29   0.269810E-29   0.347668E-29   0.583966E-32   0.888706E-29   0.231171E-31   0.152205E-25   0.425805E-19   0.517444E-15   0.171936E-13   0.832939E-14   0.424915E-17   0.208818E-22   0.348845E-27   0.125441E-26   0.163045E-28   0.274244E-26   0.463471E-28   0.678586E-26   0.139227E-27
   0.150000E+01   0.589946E-40   0.163538E-35   0.230095E-39   0.654153E-35   0.658277E-39   0.131655E-38   0.263311E-38   0.470198E-38   0.135976E-37   0.418656E-33   0.423550E-37   0.167462E-32   0.839620E-34   0.443859E-27   0.598473E-23   0.284819E-21   0.211408E-21   0.000000E+00   0.619879E-31   0.000000E+00   0.590949E-34   0.429563E-31   0.193452E-33   0.171835E-30   0.742270E-33   0.687245E-30
   0.150000E+01   0.501248E-39   0.163539E-35   0.228711E-38   0.654152E-35   0.133771E-37   0.224755E-37   0.397787E-37   0.637588E-37   0.820037E-37   0.104865E-34   0.261811E-36   0.419552E-34   0.523923E-33   0.149137E-26   0.228508E-22   0.603816E-21   0.435273E-21   0.848815E-25   0.495915E-30   0.932627E-35   0.942329E-34   0.429563E-31   0.311667E-33   0.171798E-30   0.915304E-33   0.687443E-30
   0.150000E+01   0.466745E-37   0.409777E-37   0.234876E-36   0.163864E-36   0.135697E-35   0.236726E-35   0.405997E-35   0.685812E-35   0.864450E-35   0.104880E-34   0.239162E-34   0.419612E-34   0.461959E-31   0.129731E-24   0.160608E-20   0.540358E-19   0.266454E-19   0.134766E-22   0.665555E-28   0.111449E-32   0.412890E-32   0.429594E-31   0.911995E-32   0.171897E-30   0.223043E-31   0.687097E-30
   0.150000E+01   0.389020E-32   0.423178E-37   0.197139E-31   0.170012E-36   0.113493E-30   0.197992E-30   0.339427E-30   0.573004E-30   0.725070E-30   0.109334E-34   0.200272E-29   0.437366E-34   0.384189E-26   0.107720E-19   0.133045E-15   0.447828E-14   0.220073E-14   0.110759E-17   0.546121E-23   0.914345E-28   0.338820E-27   0.682229E-31   0.744842E-27   0.205115E-30   0.184865E-26   0.748431E-30
   0.150000E+01   0.181987E-30   0.137580E-36   0.774909E-30   0.608295E-36   0.366771E-29   0.608070E-29   0.998705E-29   0.162732E-28   0.210072E-28   0.432499E-34   0.554984E-28   0.172991E-33   0.986609E-25   0.276251E-18   0.337901E-14   0.112862E-12   0.547916E-13   0.278805E-16   0.137105E-21   0.229052E-26   0.834331E-26   0.197457E-29   0.183007E-25   0.269848E-29   0.453346E-25   0.528369E-29
   0.150000E+01   0.441549E-32   0.998876E-37   0.152593E-31   0.438013E-36   0.614548E-31   0.976471E-31   0.155089E-30   0.246127E-30   0.319280E-30   0.309510E-34   0.817086E-30   0.123849E-33   0.139278E-26   0.389675E-20   0.473680E-16   0.157434E-14   0.762315E-15   0.389034E-18   0.191166E-23   0.319345E-28   0.115020E-27   0.266436E-29   0.251425E-27   0.483300E-29   0.622245E-27   0.102523E-28
   0.150000E+01   0.512851E-31   0.566726E-34   0.175531E-30   0.250811E-33   0.707573E-30   0.112185E-29   0.177885E-29   0.281938E-29   0.363281E-29   0.165626E-31   0.928713E-29   0.587491E-31   0.159035E-25   0.444912E-19   0.540659E-15   0.179649E-13   0.870332E-14   0.443980E-17   0.218188E-22   0.364500E-27   0.131068E-26   0.170754E-28   0.286542E-26   0.490295E-28   0.709014E-26   0.148134E-27
   0.150000E+01   0.464425E-34   0.163540E-35   0.230614E-33   0.654161E-35   0.132135E-32   0.229833E-32   0.393204E-32   0.662829E-32   0.833752E-32   0.418667E-33   0.230012E-31   0.167465E-32   0.443174E-28   0.124258E-21   0.153442E-17   0.516413E-16   0.254016E-16   0.128579E-19   0.634891E-25   0.106265E-29   0.390711E-29   0.432367E-31   0.858613E-29   0.172180E-30   0.213104E-28   0.687837E-30
   0.150000E+01   0.454363E-34   0.409924E-37   0.228500E-33   0.164064E-36   0.131977E-32   0.230200E-32   0.394706E-32   0.666536E-32   0.839589E-32   0.104941E-34   0.232086E-31   0.419762E-34   0.447740E-28   0.125545E-21   0.155099E-17   0.522167E-16   0.256926E-16   0.130071E-19   0.642345E-25   0.107539E-29   0.395451E-29   0.432274E-31   0.869140E-29   0.172205E-30   0.215733E-28   0.688034E-30
   0.150000E+01   0.510853E-32   0.433287E-37   0.260191E-31   0.175055E-36   0.151490E-30   0.264974E-30   0.455340E-30   0.770286E-30   0.971632E-30   0.113111E-34   0.269125E-29   0.450788E-34   0.519853E-26   0.145774E-19   0.180167E-15   0.606769E-14   0.298643E-14   0.151202E-17   0.746724E-23   0.125061E-27   0.459966E-27   0.758491E-31   0.101106E-26   0.214051E-30   0.250975E-26   0.760314E-30
   0.150000E+01   0.174419E-27   0.794781E-34   0.884701E-27   0.380709E-33   0.505874E-26   0.880997E-26   0.150769E-25   0.254104E-25   0.322254E-25   0.285541E-31   0.887949E-25   0.108504E-30   0.169421E-21   0.474988E-15   0.586298E-11   0.197251E-09   0.968240E-10   0.487710E-13   0.240453E-18   0.402176E-23   0.148986E-22   0.117621E-26   0.327524E-22   0.149805E-26   0.812782E-22   0.256747E-26
   0.150000E+01   0.251981E-28   0.482664E-34   0.991617E-28   0.245449E-33   0.445114E-27   0.725276E-27   0.117478E-26   0.189318E-26   0.242313E-26   0.199405E-31   0.631558E-26   0.764549E-31   0.111457E-22   0.311974E-16   0.380567E-12   0.126838E-10   0.615990E-11   0.313564E-14   0.154183E-19   0.257622E-24   0.932737E-24   0.521403E-27   0.204261E-23   0.703541E-27   0.505765E-23   0.131217E-26
   0.150000E+01   0.430668E-30   0.423971E-34   0.150315E-29   0.224077E-33   0.667266E-29   0.105933E-28   0.168141E-28   0.266637E-28   0.316299E-28   0.191774E-31   0.809407E-28   0.739529E-31   0.150746E-24   0.421756E-18   0.512606E-14   0.170338E-12   0.831833E-13   0.421740E-16   0.207591E-21   0.347026E-26   0.124469E-25   0.924372E-28   0.271818E-25   0.216839E-27   0.672679E-25   0.525154E-27
   0.150000E+01   0.104621E-27   0.105929E-29   0.365520E-27   0.365383E-29   0.168078E-26   0.266516E-26   0.422640E-26   0.669684E-26   0.769473E-26   0.808689E-28   0.196918E-25   0.210254E-27   0.377995E-22   0.105755E-15   0.128516E-11   0.426991E-10   0.209139E-10   0.105787E-13   0.521026E-19   0.871192E-24   0.312050E-23   0.226778E-25   0.681137E-23   0.563753E-25   0.168566E-22   0.140055E-24
   0.150000E+01   0.000000E+00   0.000000E+00   0.000000E+00   0.000000E+00   0.000000E+00   0.000000E+00   0.000000E+00   0.000000E+00   0.000000E+00   0.000000E+00   0.000000E+00   0.000000E+00   0.000000E+00   0.000000E+00   0.000000E+00   0.000000E+00   0.000000E+00   0.000000E+00   0.000000E+00   0.000000E+00   0.000000E+00   0.000000E+00   0.000000E+00   0.000000E+00   0.000000E+00   0.000000E+00
   0.150000E+01   0.233598E-26   0.461835E-26   0.935556E-26   0.184733E-25   0.375796E-25   0.749678E-25   0.149590E-24   0.298566E-24   0.594870E-24   0.118228E-23   0.237467E-23   0.472911E-23   0.535072E-20   0.282384E-13   0.432507E-09   0.181305E-07   0.109472E-07   0.462825E-11   0.239732E-16   0.406812E-21   0.277437E-20   0.484227E-20   0.983805E-20   0.193703E-19   0.389237E-19   0.774814E-19
   0.166667E+01   0.218750E-25   0.437500E-25   0.875001E-25   0.175000E-24   0.350000E-24   0.700000E-24   0.140000E-23   0.280000E-23   0.560001E-23   0.112000E-22   0.224000E-22   0.448000E-22   0.479266E-19   0.254377E-12   0.392711E-08   0.165470E-06   0.109827E-06   0.573252E-10   0.520604E-15   0.165487E-18   0.229321E-19   0.458749E-19   0.933366E-19   0.183500E-18   0.368832E-18   0.734003E-18
   0.166667E+01   0.463660E-40   0.163540E-35   0.185455E-39   0.654159E-35   0.658277E-39   0.131655E-38   0.432582E-38   0.470198E-38   0.107409E-37   0.418657E-33   0.429661E-37   0.167464E-32   0.892339E-34   0.422877E-27   0.574502E-23   0.274704E-21   0.221849E-21   0.000000E+00   0.000000E+00   0.633051E-33   0.857190E-30   0.171479E-29   0.268085E-33   0.685922E-29   0.766875E-33   0.274370E-28
   0.166667E+01   0.183162E-38   0.163539E-35   0.109117E-37   0.654152E-35   0.721754E-37   0.123427E-36   0.212059E-36   0.352460E-36   0.478300E-36   0.418656E-33   0.132489E-35   0.167464E-32   0.217986E-32   0.652921E-26   0.788635E-22   0.276902E-20   0.139059E-20   0.843557E-24   0.743162E-29   0.276299E-32   0.214763E-31   0.429526E-31   0.600239E-33   0.171823E-30   0.180351E-32   0.274371E-28
   0.166667E+01   0.918692E-40   0.163538E-35   0.479139E-39   0.654155E-35   0.329138E-38   0.465496E-38   0.959203E-38   0.180556E-37   0.180072E-37   0.418661E-33   0.534502E-37   0.167463E-32   0.892339E-34   0.422877E-27   0.574502E-23   0.274704E-21   0.320124E-21   0.703587E-24   0.282214E-30   0.686063E-33   0.857184E-30   0.171480E-29   0.294257E-33   0.685918E-29   0.762369E-33   0.274370E-28
   0.166667E+01   0.659674E-38   0.163539E-35   0.403283E-37   0.654152E-35   0.268295E-36   0.464790E-36   0.793130E-36   0.133461E-35   0.177528E-35   0.418657E-33   0.495251E-35   0.167463E-32   0.833063E-32   0.235119E-25   0.293780E-21   0.990034E-20   0.536608E-20   0.336565E-23   0.293972E-28   0.931316E-32   0.214793E-31   0.429526E-31   0.182163E-32   0.171847E-30   0.417205E-32   0.687147E-30
   0.166667E+01   0.593521E-36   0.163539E-35   0.369005E-35   0.654156E-35   0.248058E-34   0.430942E-34   0.736173E-34   0.123932E-33   0.164792E-33   0.104880E-34   0.459182E-33   0.419732E-34   0.781208E-30   0.219833E-23   0.273346E-19   0.923907E-18   0.497240E-18   0.310842E-21   0.268324E-26   0.843210E-30   0.214916E-31   0.429772E-31   0.159304E-30   0.171773E-30   0.395125E-30   0.687048E-30
   0.166667E+01   0.575461E-34   0.409836E-37   0.348513E-33   0.164028E-36   0.230438E-32   0.398043E-32   0.676882E-32   0.113537E-31   0.150533E-31   0.104986E-34   0.417706E-31   0.419853E-34   0.708780E-28   0.199397E-21   0.247706E-17   0.836589E-16   0.449914E-16   0.281214E-19   0.242670E-24   0.762062E-28   0.218244E-31   0.433162E-31   0.143816E-28   0.172414E-30   0.356461E-28   0.688576E-30
   0.166667E+01   0.273975E-39   0.163539E-35   0.168364E-38   0.654153E-35   0.103679E-37   0.187139E-37   0.321615E-37   0.549191E-37   0.833027E-37   0.418661E-33   0.206824E-36   0.167463E-32   0.385618E-33   0.947243E-27   0.138403E-22   0.582373E-21   0.248058E-21   0.145169E-24   0.846641E-30   0.899093E-33   0.857190E-30   0.171480E-29   0.334129E-33   0.685920E-29   0.100068E-32   0.274369E-28
   0.166667E+01   0.231300E-37   0.163539E-35   0.143507E-36   0.654149E-35   0.963600E-36   0.167419E-35   0.285984E-35   0.481539E-35   0.640727E-35   0.418660E-33   0.178727E-34   0.167465E-32   0.304160E-31   0.858270E-25   0.106936E-20   0.361950E-19   0.195251E-19   0.121696E-22   0.105172E-27   0.330234E-31   0.214808E-31   0.429711E-31   0.620265E-32   0.171810E-30   0.152823E-31   0.687344E-30
   0.166667E+01   0.201797E-35   0.409718E-37   0.126967E-34   0.163899E-36   0.859973E-34   0.149788E-33   0.256409E-33   0.432359E-33   0.575644E-33   0.104903E-34   0.160694E-32   0.419491E-34   0.273713E-29   0.770180E-23   0.958035E-19   0.323899E-17   0.174359E-17   0.109027E-20   0.941192E-26   0.295836E-29   0.214931E-31   0.429803E-31   0.558785E-30   0.171921E-30   0.138548E-29   0.687443E-30
   0.166667E+01   0.171380E-33   0.410541E-37   0.109212E-32   0.164275E-36   0.745680E-32   0.130240E-31   0.223439E-31   0.377423E-31   0.503203E-31   0.105174E-34   0.140750E-30   0.420515E-34   0.240038E-27   0.675441E-21   0.840524E-17   0.284262E-15   0.153061E-15   0.957000E-19   0.826051E-24   0.259738E-27   0.226361E-31   0.441636E-31   0.490819E-28   0.173881E-30   0.121692E-27   0.691288E-30
   0.166667E+01   0.137895E-31   0.475458E-37   0.866214E-31   0.192699E-36   0.570984E-30   0.990144E-30   0.168768E-29   0.283466E-29   0.380263E-29   0.125373E-34   0.105489E-28   0.502667E-34   0.177163E-25   0.498372E-19   0.619076E-15   0.209073E-13   0.112133E-13   0.698730E-17   0.602334E-22   0.189050E-25   0.119615E-30   0.145985E-30   0.359275E-26   0.349278E-30   0.890412E-26   0.102364E-29
   0.166667E+01   0.312148E-31   0.913476E-37   0.138115E-30   0.375594E-36   0.671468E-30   0.108156E-29   0.173620E-29   0.277899E-29   0.378779E-29   0.247504E-34   0.991263E-29   0.994261E-34   0.152400E-25   0.427993E-19   0.525227E-15   0.175676E-13   0.930088E-14   0.586973E-17   0.504246E-22   0.158107E-25   0.709917E-30   0.764743E-30   0.292590E-26   0.141080E-29   0.723478E-26   0.302380E-29
   0.166667E+01   0.845411E-39   0.163538E-35   0.533883E-38   0.654154E-35   0.351238E-37   0.614078E-37   0.104008E-36   0.171716E-36   0.236361E-36   0.418656E-33   0.655053E-36   0.167464E-32   0.111861E-32   0.331535E-26   0.412597E-22   0.132957E-20   0.913856E-21   0.417335E-24   0.338656E-29   0.155709E-32   0.215031E-31   0.171479E-29   0.481168E-33   0.685917E-29   0.125912E-32   0.274369E-28
   0.166667E+01   0.721744E-37   0.163538E-35   0.453614E-36   0.654156E-35   0.307004E-35   0.534643E-35   0.915155E-35   0.154302E-34   0.205470E-34   0.418656E-33   0.573601E-34   0.167463E-32   0.977175E-31   0.275225E-24   0.342664E-20   0.115859E-18   0.623810E-19   0.389968E-22   0.336634E-27   0.105889E-30   0.214730E-31   0.429649E-31   0.199818E-31   0.171786E-30   0.500904E-31   0.686999E-30
   0.166667E+01   0.669467E-35   0.409807E-37   0.426265E-34   0.163852E-36   0.290896E-33   0.507990E-33   0.871382E-33   0.147174E-32   0.196203E-32   0.104888E-34   0.548729E-32   0.419371E-34   0.935769E-29   0.263316E-22   0.327668E-18   0.110814E-16   0.596683E-17   0.373164E-20   0.322183E-25   0.101294E-28   0.215208E-31   0.430111E-31   0.191338E-29   0.171847E-30   0.474433E-29   0.687393E-30
   0.166667E+01   0.557247E-33   0.412158E-37   0.359354E-32   0.164887E-36   0.247019E-31   0.432448E-31   0.743245E-31   0.125722E-30   0.167907E-30   0.105588E-34   0.470361E-30   0.422410E-34   0.802443E-27   0.225808E-20   0.281087E-16   0.950865E-15   0.512018E-15   0.319507E-18   0.275514E-23   0.866348E-27   0.253301E-31   0.469770E-31   0.164312E-27   0.178627E-30   0.407410E-27   0.699867E-30
   0.166667E+01   0.409306E-31   0.585102E-37   0.249275E-30   0.241411E-36   0.156546E-29   0.268484E-29   0.453276E-29   0.755237E-29   0.101756E-28   0.160477E-34   0.279264E-28   0.645457E-34   0.461100E-25   0.129667E-18   0.160703E-14   0.541737E-13   0.289471E-13   0.181007E-16   0.155893E-21   0.489125E-25   0.337574E-30   0.372667E-30   0.925328E-26   0.728546E-30   0.229221E-25   0.170246E-29
   0.166667E+01   0.409427E-31   0.159224E-36   0.177046E-30   0.691943E-36   0.851193E-30   0.136222E-29   0.217534E-29   0.346735E-29   0.470954E-29   0.488456E-34   0.122666E-28   0.198067E-33   0.188033E-25   0.528009E-19   0.647291E-15   0.216322E-13   0.114669E-13   0.723161E-17   0.621351E-22   0.194834E-25   0.227775E-29   0.239564E-29   0.359337E-26   0.412863E-29   0.888387E-26   0.785552E-29
   0.166667E+01   0.455571E-31   0.953717E-35   0.189904E-30   0.404556E-34   0.911598E-30   0.144477E-29   0.229000E-29   0.362883E-29   0.482809E-29   0.275120E-32   0.125003E-28   0.111073E-31   0.193963E-25   0.544590E-19   0.666757E-15   0.222593E-13   0.118284E-13   0.744628E-17   0.640099E-22   0.200735E-25   0.110991E-28   0.181087E-28   0.368586E-26   0.501498E-28   0.911098E-26   0.144198E-27
   0.166667E+01   0.503291E-40   0.163539E-35   0.201307E-39   0.654152E-35   0.658277E-39   0.131655E-38   0.263311E-38   0.470198E-38   0.117552E-37   0.418659E-33   0.425095E-37   0.167465E-32   0.796732E-34   0.422877E-27   0.574502E-23   0.274704E-21   0.280848E-21   0.576973E-22   0.453893E-28   0.386794E-33   0.214776E-31   0.429680E-31   0.206544E-33   0.171786E-30   0.718140E-33   0.687295E-30
   0.166667E+01   0.237020E-36   0.163539E-35   0.150778E-35   0.654158E-35   0.102835E-34   0.179551E-34   0.307948E-34   0.520071E-34   0.693321E-34   0.418659E-33   0.193887E-33   0.419732E-34   0.330644E-30   0.930650E-24   0.115820E-19   0.391794E-18   0.211001E-18   0.131911E-21   0.113897E-26   0.358083E-30   0.214776E-31   0.429495E-31   0.677768E-31   0.171835E-30   0.168400E-30   0.686999E-30
   0.166667E+01   0.200096E-34   0.409748E-37   0.128931E-33   0.163911E-36   0.886501E-33   0.155211E-32   0.266792E-32   0.451346E-32   0.602486E-32   0.104903E-34   0.168815E-31   0.419582E-34   0.288227E-28   0.811087E-22   0.100971E-17   0.341582E-16   0.183979E-16   0.115075E-19   0.993661E-25   0.312492E-28   0.216054E-31   0.430820E-31   0.590378E-29   0.172082E-30   0.146387E-28   0.687788E-30
   0.166667E+01   0.163893E-32   0.415449E-37   0.106785E-31   0.166415E-36   0.735509E-31   0.128956E-30   0.221879E-30   0.375621E-30   0.502702E-30   0.106754E-34   0.140915E-29   0.426894E-34   0.240189E-26   0.675903E-20   0.841493E-16   0.284696E-14   0.153264E-14   0.954125E-18   0.822618E-23   0.258471E-26   0.331566E-31   0.550997E-31   0.492136E-27   0.192013E-30   0.122027E-26   0.722645E-30
   0.166667E+01   0.106515E-30   0.868749E-37   0.603646E-30   0.369881E-36   0.351915E-29   0.592640E-29   0.985479E-29   0.162173E-28   0.218885E-28   0.255073E-34   0.591538E-28   0.102186E-33   0.956612E-25   0.268890E-18   0.332165E-14   0.111685E-12   0.594712E-13   0.373247E-16   0.321133E-21   0.100730E-24   0.101098E-29   0.106999E-29   0.189160E-25   0.187414E-29   0.468293E-25   0.365780E-29
   0.166667E+01   0.494089E-31   0.366349E-36   0.208891E-30   0.163959E-35   0.998633E-30   0.158929E-29   0.252705E-29   0.401440E-29   0.540815E-29   0.119469E-33   0.140354E-28   0.479412E-33   0.215869E-25   0.606126E-19   0.742495E-15   0.247986E-13   0.131601E-13   0.829304E-17   0.712695E-22   0.223487E-25   0.626253E-29   0.744388E-29   0.411165E-26   0.132018E-28   0.101641E-25   0.233514E-28
   0.166667E+01   0.506540E-31   0.269295E-34   0.211037E-30   0.116103E-33   0.101284E-29   0.160506E-29   0.254384E-29   0.403081E-29   0.536206E-29   0.802973E-32   0.138823E-28   0.317777E-31   0.215413E-25   0.604813E-19   0.740479E-15   0.247202E-13   0.131363E-13   0.826951E-17   0.710869E-22   0.222929E-25   0.123608E-28   0.203403E-28   0.409320E-26   0.569349E-28   0.101178E-25   0.166010E-27
   0.166667E+01   0.531103E-40   0.163538E-35   0.224188E-39   0.654151E-35   0.658277E-39   0.131655E-38   0.263311E-38   0.470198E-38   0.139718E-37   0.418660E-33   0.423479E-37   0.167463E-32   0.796732E-34   0.422877E-27   0.574502E-23   0.274704E-21   0.260833E-21   0.577103E-22   0.282214E-30   0.386199E-33   0.214729E-31   0.429587E-31   0.206168E-33   0.171847E-30   0.643587E-33   0.687097E-30
   0.166667E+01   0.599690E-39   0.163539E-35   0.400918E-38   0.654153E-35   0.268718E-37   0.465966E-37   0.825667E-37   0.136734E-36   0.186952E-36   0.104895E-34   0.534149E-36   0.419642E-34   0.860470E-33   0.258800E-26   0.308142E-22   0.129660E-20   0.685358E-21   0.322146E-24   0.291621E-29   0.133461E-32   0.214729E-31   0.429618E-31   0.355680E-33   0.171823E-30   0.116297E-32   0.687147E-30
   0.166667E+01   0.616635E-37   0.409895E-37   0.401908E-36   0.163887E-36   0.278334E-35   0.488639E-35   0.841626E-35   0.142639E-34   0.190693E-34   0.104895E-34   0.535409E-34   0.419612E-34   0.915572E-31   0.257819E-24   0.321460E-20   0.108794E-18   0.586798E-19   0.366780E-22   0.316738E-27   0.996895E-31   0.214744E-31   0.429742E-31   0.188593E-31   0.171872E-30   0.472451E-31   0.687196E-30
   0.166667E+01   0.511331E-32   0.428056E-37   0.334170E-31   0.172222E-36   0.228955E-30   0.401271E-30   0.690032E-30   0.116745E-29   0.156634E-29   0.111019E-34   0.438519E-29   0.443957E-34   0.744707E-26   0.209553E-19   0.260817E-15   0.882203E-14   0.474456E-14   0.295130E-17   0.254511E-22   0.799169E-26   0.592766E-31   0.821026E-31   0.152379E-26   0.235757E-30   0.377800E-26   0.795023E-30
   0.166667E+01   0.209906E-30   0.169248E-36   0.107922E-29   0.757089E-36   0.589200E-29   0.972620E-29   0.159147E-28   0.258540E-28   0.346865E-28   0.546264E-34   0.923630E-28   0.218737E-33   0.147333E-24   0.413972E-18   0.509760E-14   0.170962E-12   0.909588E-13   0.571747E-16   0.491699E-21   0.154214E-24   0.285492E-29   0.297239E-29   0.287209E-25   0.494163E-29   0.710639E-25   0.863472E-29
   0.166667E+01   0.458647E-32   0.127735E-36   0.192401E-31   0.569644E-36   0.923056E-31   0.146525E-30   0.232525E-30   0.368814E-30   0.492870E-30   0.410840E-34   0.127720E-29   0.164592E-33   0.197585E-26   0.554794E-20   0.679400E-16   0.226856E-14   0.120508E-14   0.758838E-18   0.652267E-23   0.204549E-26   0.221697E-29   0.337036E-29   0.375996E-27   0.863025E-29   0.929544E-27   0.195712E-28
   0.166667E+01   0.529123E-31   0.843840E-34   0.220442E-30   0.375541E-33   0.105817E-29   0.167683E-29   0.265751E-29   0.421083E-29   0.560116E-29   0.244271E-31   0.145023E-28   0.846247E-31   0.225021E-25   0.631789E-19   0.773502E-15   0.258225E-13   0.137224E-13   0.863832E-17   0.742578E-22   0.232873E-25   0.128951E-28   0.212721E-28   0.427568E-26   0.597242E-28   0.105688E-25   0.175008E-27
   0.166667E+01   0.551229E-34   0.163541E-35   0.354598E-33   0.654158E-35   0.243559E-32   0.426278E-32   0.732520E-32   0.123896E-31   0.165355E-31   0.418665E-33   0.463200E-31   0.167466E-32   0.790720E-28   0.222510E-21   0.276983E-17   0.936988E-16   0.504645E-16   0.315641E-19   0.272544E-24   0.857094E-28   0.218825E-31   0.433563E-31   0.161920E-28   0.172501E-30   0.401484E-28   0.688527E-30
   0.166667E+01   0.558224E-34   0.410042E-37   0.363696E-33   0.164052E-36   0.251822E-32   0.441964E-32   0.761153E-32   0.128965E-31   0.172360E-31   0.104971E-34   0.483787E-31   0.419913E-34   0.826912E-28   0.232708E-21   0.289803E-17   0.980689E-16   0.528346E-16   0.330513E-19   0.285424E-24   0.897861E-28   0.219025E-31   0.433686E-31   0.169659E-28   0.172451E-30   0.420705E-28   0.688478E-30
   0.166667E+01   0.607427E-32   0.443484E-37   0.400821E-31   0.179956E-36   0.279763E-30   0.492363E-30   0.849814E-30   0.144238E-29   0.193044E-29   0.116797E-34   0.542920E-29   0.464119E-34   0.929100E-26   0.261480E-19   0.325771E-15   0.110277E-13   0.594283E-14   0.371651E-17   0.320851E-22   0.100968E-25   0.662991E-31   0.891993E-31   0.190983E-26   0.246382E-30   0.473617E-26   0.807645E-30
   0.166667E+01   0.204982E-27   0.113808E-33   0.133289E-26   0.550939E-33   0.901203E-26   0.157397E-25   0.269789E-25   0.455147E-25   0.611060E-25   0.413452E-31   0.170385E-24   0.154562E-30   0.287762E-21   0.809625E-15   0.100677E-10   0.340284E-09   0.182773E-09   0.113854E-12   0.981556E-18   0.308084E-21   0.159405E-26   0.164383E-26   0.586310E-22   0.264057E-26   0.145339E-21   0.422883E-26
   0.166667E+01   0.267790E-28   0.787414E-34   0.126635E-27   0.405653E-33   0.666245E-27   0.108150E-26   0.174629E-26   0.280735E-26   0.371525E-26   0.330843E-31   0.977954E-26   0.124861E-30   0.155670E-22   0.437274E-16   0.537118E-12   0.179777E-10   0.957862E-11   0.601718E-14   0.517550E-19   0.162327E-22   0.790644E-27   0.827863E-27   0.300130E-23   0.137348E-26   0.742323E-23   0.235388E-26
   0.166667E+01   0.408117E-30   0.746060E-34   0.175708E-29   0.400883E-33   0.926850E-29   0.147038E-28   0.233237E-28   0.369742E-28   0.459851E-28   0.346217E-31   0.119282E-27   0.131511E-30   0.197985E-24   0.555945E-18   0.680745E-14   0.227268E-12   0.121763E-12   0.761721E-16   0.655905E-21   0.205774E-24   0.753252E-28   0.116852E-27   0.376467E-25   0.286905E-27   0.930730E-25   0.700441E-27
   0.166667E+01   0.960475E-28   0.158492E-29   0.416771E-27   0.505645E-29   0.227831E-26   0.361099E-26   0.572386E-26   0.906820E-26   0.109749E-25   0.101112E-27   0.284781E-25   0.259875E-27   0.484981E-22   0.136187E-15   0.166738E-11   0.556592E-10   0.299125E-10   0.186678E-13   0.160850E-18   0.504701E-22   0.173854E-25   0.273972E-25   0.921751E-23   0.682751E-25   0.227890E-22   0.169597E-24
   0.166667E+01   0.000000E+00   0.000000E+00   0.000000E+00   0.000000E+00   0.000000E+00   0.000000E+00   0.000000E+00   0.000000E+00   0.000000E+00   0.000000E+00   0.000000E+00   0.000000E+00   0.000000E+00   0.000000E+00   0.000000E+00   0.000000E+00   0.000000E+00   0.000000E+00   0.000000E+00   0.000000E+00   0.000000E+00   0.000000E+00   0.000000E+00   0.000000E+00   0.000000E+00   0.000000E+00
   0.166667E+01   0.233806E-26   0.461839E-26   0.940201E-26   0.184735E-25   0.380002E-25   0.756933E-25   0.150821E-24   0.300627E-24   0.597818E-24   0.118228E-23   0.238294E-23   0.472911E-23   0.509014E-20   0.269393E-13   0.415628E-09   0.175036E-07   0.116129E-07   0.606346E-11   0.550602E-16   0.175019E-19   0.242072E-20   0.484256E-20   0.985886E-20   0.193703E-19   0.389495E-19   0.774814E-19
   0.183333E+01   0.218750E-25   0.437500E-25   0.875001E-25   0.175000E-24   0.350000E-24   0.700000E-24   0.140000E-23   0.280000E-23   0.560001E-23   0.112000E-22   0.224000E-22   0.448000E-22   0.455190E-19   0.242545E-12   0.377251E-08   0.159716E-06   0.114973E-06   0.819671E-09   0.153848E-13   0.139030E-18   0.224495E-19   0.458749E-19   0.935135E-19   0.183500E-18   0.369018E-18   0.734003E-18
   0.183333E+01   0.595804E-40   0.163540E-35   0.220676E-39   0.654159E-35   0.152814E-38   0.305629E-38   0.432582E-38   0.110967E-37   0.141235E-37   0.418657E-33   0.564976E-37   0.167464E-32   0.847513E-34   0.403207E-27   0.551885E-23   0.265124E-21   0.229992E-21   0.153381E-23   0.133498E-29   0.224291E-33   0.213550E-31   0.171478E-29   0.282731E-33   0.685915E-29   0.769542E-33   0.274369E-28
   0.183333E+01   0.197677E-39   0.163539E-35   0.714289E-39   0.654152E-35   0.138990E-36   0.240271E-36   0.408696E-36   0.683479E-36   0.190075E-37   0.418656E-33   0.670059E-37   0.167464E-32   0.407411E-32   0.113866E-25   0.144995E-21   0.507977E-20   0.277455E-20   0.200096E-22   0.439154E-27   0.418135E-32   0.213189E-31   0.429587E-31   0.875541E-33   0.171823E-30   0.267416E-32   0.687147E-30
   0.183333E+01   0.595332E-40   0.163538E-35   0.226364E-39   0.654155E-35   0.526621E-38   0.105324E-37   0.172092E-37   0.310331E-37   0.126068E-37   0.418661E-33   0.459168E-37   0.167463E-32   0.178583E-33   0.935439E-27   0.551885E-23   0.265124E-21   0.540840E-22   0.352521E-24   0.106792E-28   0.445295E-33   0.213603E-31   0.171478E-29   0.283697E-33   0.685921E-29   0.789627E-33   0.274370E-28
   0.183333E+01   0.556156E-39   0.163539E-35   0.192486E-38   0.654152E-35   0.518816E-36   0.901275E-36   0.153811E-35   0.257292E-35   0.558589E-37   0.418657E-33   0.169272E-36   0.167463E-32   0.154520E-31   0.439656E-25   0.541851E-21   0.187389E-19   0.105663E-19   0.767122E-22   0.166984E-26   0.155938E-31   0.213204E-31   0.429711E-31   0.339624E-32   0.171786E-30   0.824139E-32   0.687048E-30
   0.183333E+01   0.446915E-37   0.163539E-35   0.156161E-36   0.654156E-35   0.480728E-34   0.837090E-34   0.143148E-33   0.239841E-33   0.382140E-35   0.104880E-34   0.101443E-34   0.419732E-34   0.144048E-29   0.406631E-23   0.509285E-19   0.172910E-17   0.100501E-17   0.726585E-20   0.153843E-24   0.137492E-29   0.218667E-31   0.429711E-31   0.309046E-30   0.171823E-30   0.765375E-30   0.687344E-30
   0.183333E+01   0.432944E-35   0.410100E-37   0.147310E-34   0.164052E-36   0.446559E-32   0.773193E-32   0.131626E-31   0.219742E-31   0.347753E-33   0.105001E-34   0.917996E-33   0.419943E-34   0.130715E-27   0.368924E-21   0.461633E-17   0.156615E-15   0.909987E-16   0.657829E-18   0.139169E-22   0.124297E-27   0.710531E-31   0.436212E-31   0.279157E-28   0.172944E-30   0.691138E-28   0.689267E-30
   0.183333E+01   0.682536E-40   0.163539E-35   0.273001E-39   0.654153E-35   0.200774E-37   0.356410E-37   0.610317E-37   0.103444E-36   0.144630E-37   0.418661E-33   0.563509E-37   0.167463E-32   0.699198E-33   0.190314E-26   0.210720E-22   0.890816E-21   0.318838E-21   0.235352E-23   0.627361E-28   0.883435E-33   0.213466E-31   0.171479E-29   0.391695E-33   0.685918E-29   0.105246E-32   0.274370E-28
   0.183333E+01   0.179180E-38   0.163540E-35   0.630907E-38   0.654156E-35   0.186563E-35   0.324827E-35   0.555454E-35   0.930653E-35   0.161911E-36   0.418660E-33   0.446026E-36   0.167464E-32   0.559419E-31   0.158121E-24   0.198378E-20   0.673626E-19   0.390114E-19   0.282743E-21   0.599191E-26   0.561717E-31   0.213354E-31   0.429495E-31   0.121502E-31   0.171897E-30   0.297682E-31   0.687048E-30
   0.183333E+01   0.151737E-36   0.409777E-37   0.536425E-36   0.163923E-36   0.166618E-33   0.290877E-33   0.498438E-33   0.836479E-33   0.133058E-34   0.104903E-34   0.353499E-34   0.419612E-34   0.504553E-29   0.142430E-22   0.178455E-18   0.606053E-17   0.352438E-17   0.255292E-19   0.539518E-24   0.482240E-29   0.232431E-31   0.429772E-31   0.108397E-29   0.171860E-30   0.268453E-29   0.687295E-30
   0.183333E+01   0.128790E-34   0.410776E-37   0.461111E-34   0.164334E-36   0.144472E-31   0.252901E-31   0.434297E-31   0.730078E-31   0.116174E-32   0.105196E-34   0.309148E-32   0.420665E-34   0.442340E-27   0.124872E-20   0.156517E-16   0.531725E-15   0.309311E-15   0.224042E-17   0.472898E-22   0.422959E-27   0.190871E-30   0.452144E-31   0.951897E-28   0.175631E-30   0.235743E-27   0.694000E-30
   0.183333E+01   0.105043E-32   0.488976E-37   0.380879E-32   0.198658E-36   0.105824E-29   0.183327E-29   0.311956E-29   0.520415E-29   0.973486E-31   0.129534E-34   0.259392E-30   0.519640E-34   0.308056E-25   0.869296E-19   0.108709E-14   0.368638E-13   0.213454E-13   0.154568E-15   0.325376E-20   0.290635E-25   0.143023E-28   0.232746E-30   0.655930E-26   0.487414E-30   0.162361E-25   0.123003E-29
   0.183333E+01   0.325874E-32   0.105674E-36   0.926678E-32   0.435779E-36   0.103033E-29   0.165458E-29   0.264918E-29   0.420962E-29   0.166780E-30   0.288062E-34   0.424660E-30   0.115803E-33   0.218970E-25   0.616937E-19   0.762374E-15   0.256093E-13   0.146746E-13   0.106371E-15   0.225433E-20   0.201162E-25   0.203047E-28   0.146081E-29   0.442012E-26   0.252438E-29   0.109171E-25   0.471595E-29
   0.183333E+01   0.916152E-40   0.163538E-35   0.348815E-39   0.654155E-35   0.666740E-37   0.116045E-36   0.196919E-36   0.334593E-36   0.163057E-37   0.418657E-33   0.561987E-37   0.167464E-32   0.196744E-32   0.608036E-26   0.765113E-22   0.240732E-20   0.126785E-20   0.935429E-23   0.213568E-27   0.228070E-32   0.213233E-31   0.429649E-31   0.694065E-33   0.685916E-29   0.178066E-32   0.274369E-28
   0.183333E+01   0.544450E-38   0.163539E-35   0.192507E-37   0.654152E-35   0.590152E-35   0.103011E-34   0.176498E-34   0.296170E-34   0.484240E-36   0.418659E-33   0.130502E-35   0.167461E-32   0.178665E-30   0.504637E-24   0.632360E-20   0.214835E-18   0.124594E-18   0.910329E-21   0.191236E-25   0.179235E-30   0.213852E-31   0.429557E-31   0.385251E-31   0.171823E-30   0.956110E-31   0.687097E-30
   0.183333E+01   0.503062E-36   0.409718E-37   0.179966E-35   0.163923E-36   0.563479E-33   0.986238E-33   0.169345E-32   0.284658E-32   0.453015E-34   0.104903E-34   0.120551E-33   0.419552E-34   0.172446E-28   0.486816E-22   0.610183E-18   0.207293E-16   0.120589E-16   0.872181E-19   0.184636E-23   0.165071E-28   0.279187E-31   0.430389E-31   0.371103E-29   0.171958E-30   0.919083E-29   0.687393E-30
   0.183333E+01   0.418488E-34   0.412510E-37   0.151628E-33   0.165110E-36   0.477693E-31   0.837941E-31   0.144126E-30   0.242587E-30   0.387876E-32   0.105746E-34   0.103411E-31   0.422952E-34   0.147438E-26   0.416229E-20   0.521857E-16   0.177327E-14   0.103153E-14   0.745726E-17   0.157223E-21   0.140619E-26   0.590066E-30   0.504621E-31   0.317676E-27   0.184186E-30   0.786780E-27   0.708051E-30
   0.183333E+01   0.326297E-32   0.619720E-37   0.117796E-31   0.256681E-36   0.275041E-29   0.470030E-29   0.790682E-29   0.130656E-28   0.291035E-30   0.171475E-34   0.770277E-30   0.690175E-34   0.752937E-25   0.212389E-18   0.264920E-14   0.896523E-13   0.517258E-13   0.374070E-15   0.790524E-20   0.705864E-25   0.450667E-28   0.648507E-30   0.158455E-25   0.116608E-29   0.392019E-25   0.234508E-29
   0.183333E+01   0.453021E-32   0.193354E-36   0.125756E-31   0.844298E-36   0.126418E-29   0.201823E-29   0.321633E-29   0.509172E-29   0.218538E-30   0.599205E-34   0.554172E-30   0.243143E-33   0.262296E-25   0.738960E-19   0.912343E-15   0.306246E-13   0.175745E-13   0.127188E-15   0.269780E-20   0.240737E-25   0.236860E-28   0.469519E-29   0.527382E-26   0.780880E-29   0.130241E-25   0.133351E-28
   0.183333E+01   0.537800E-32   0.123268E-34   0.140211E-31   0.522945E-34   0.131211E-29   0.207787E-29   0.329100E-29   0.518485E-29   0.231244E-30   0.355674E-32   0.585757E-30   0.143597E-31   0.263977E-25   0.743636E-19   0.917157E-15   0.307599E-13   0.176931E-13   0.128034E-15   0.271249E-20   0.242063E-25   0.233966E-28   0.225818E-28   0.528360E-26   0.617231E-28   0.130466E-25   0.173870E-27
   0.183333E+01   0.561968E-40   0.163540E-35   0.218896E-39   0.654153E-35   0.658277E-39   0.131655E-38   0.263311E-38   0.470198E-38   0.143855E-37   0.418661E-33   0.545364E-37   0.167463E-32   0.756708E-34   0.403207E-27   0.551885E-23   0.265124E-21   0.318413E-21   0.167966E-21   0.373757E-28   0.193383E-32   0.213172E-31   0.429526E-31   0.194293E-33   0.171786E-30   0.668920E-33   0.687245E-30
   0.183333E+01   0.177194E-37   0.163539E-35   0.633722E-37   0.654152E-35   0.197463E-34   0.345554E-34   0.593269E-34   0.997131E-34   0.160139E-35   0.418662E-33   0.427919E-35   0.419642E-34   0.603968E-30   0.170526E-23   0.213730E-19   0.726174E-18   0.422171E-18   0.306078E-20   0.646798E-25   0.578419E-30   0.215481E-31   0.429680E-31   0.130142E-30   0.171909E-30   0.322486E-30   0.687097E-30
   0.183333E+01   0.149231E-35   0.409807E-37   0.540253E-35   0.163934E-36   0.170458E-32   0.299114E-32   0.514655E-32   0.866511E-32   0.138063E-33   0.104926E-34   0.368051E-33   0.419672E-34   0.527213E-28   0.148840E-21   0.186633E-17   0.634233E-16   0.369062E-16   0.267527E-18   0.565225E-23   0.505448E-28   0.415458E-31   0.432237E-31   0.113657E-28   0.172205E-30   0.281501E-28   0.687738E-30
   0.183333E+01   0.122088E-33   0.416859E-37   0.447650E-33   0.167061E-36   0.140502E-30   0.246732E-30   0.424705E-30   0.715259E-30   0.116267E-31   0.107167E-34   0.310561E-31   0.428880E-34   0.435185E-26   0.122855E-19   0.154045E-15   0.523478E-14   0.304406E-14   0.220578E-16   0.463173E-21   0.414035E-26   0.173404E-29   0.654719E-31   0.937964E-27   0.208468E-30   0.232303E-26   0.746853E-30
   0.183333E+01   0.892552E-32   0.969988E-37   0.305722E-31   0.415725E-36   0.573815E-29   0.961339E-29   0.159117E-28   0.259503E-28   0.690200E-30   0.288889E-34   0.180412E-29   0.115809E-33   0.144360E-24   0.407045E-18   0.506049E-14   0.170805E-12   0.982947E-13   0.713376E-15   0.150544E-19   0.134382E-24   0.107465E-27   0.192398E-29   0.299343E-25   0.322503E-29   0.740132E-25   0.561826E-29
   0.183333E+01   0.569940E-32   0.473365E-36   0.152439E-31   0.212791E-35   0.145642E-29   0.231420E-29   0.367470E-29   0.580096E-29   0.255593E-30   0.155863E-33   0.645935E-30   0.625978E-33   0.296763E-25   0.836023E-19   0.103154E-14   0.346082E-13   0.198825E-13   0.144347E-15   0.305027E-20   0.272201E-25   0.262518E-28   0.128548E-28   0.595072E-26   0.244689E-28   0.146946E-25   0.420886E-28
   0.183333E+01   0.600162E-32   0.359371E-34   0.156581E-31   0.155214E-33   0.145821E-29   0.230904E-29   0.365689E-29   0.576099E-29   0.260695E-30   0.107607E-31   0.665354E-30   0.425676E-31   0.293270E-25   0.826155E-19   0.101892E-14   0.341725E-13   0.196558E-13   0.142501E-15   0.301342E-20   0.268917E-25   0.257617E-28   0.251676E-28   0.586960E-26   0.691416E-28   0.144936E-25   0.196867E-27
   0.183333E+01   0.531015E-40   0.163540E-35   0.218271E-39   0.654149E-35   0.658277E-39   0.131655E-38   0.263311E-38   0.470198E-38   0.135931E-37   0.418656E-33   0.513666E-37   0.167463E-32   0.756708E-34   0.403207E-27   0.551885E-23   0.265124E-21   0.296284E-23   0.389449E-23   0.160176E-28   0.540826E-33   0.213096E-31   0.429526E-31   0.218921E-33   0.171823E-30   0.718050E-33   0.687344E-30
   0.183333E+01   0.780553E-40   0.163540E-35   0.312210E-39   0.654155E-35   0.511810E-37   0.900899E-37   0.155071E-36   0.257104E-36   0.146712E-37   0.104895E-34   0.556758E-37   0.419642E-34   0.162844E-32   0.475784E-26   0.551885E-22   0.197252E-20   0.982491E-21   0.756486E-23   0.166848E-27   0.204576E-32   0.213186E-31   0.429618E-31   0.524601E-33   0.171823E-30   0.148505E-32   0.687097E-30
   0.183333E+01   0.466966E-38   0.409836E-37   0.171211E-37   0.163899E-36   0.536512E-35   0.943903E-35   0.162746E-34   0.274464E-34   0.452896E-36   0.104910E-34   0.122929E-35   0.419552E-34   0.167786E-30   0.473977E-24   0.594631E-20   0.202162E-18   0.117431E-18   0.873361E-21   0.180329E-25   0.169330E-30   0.213774E-31   0.429587E-31   0.362220E-31   0.171823E-30   0.904637E-31   0.687245E-30
   0.183333E+01   0.381041E-33   0.433992E-37   0.141384E-32   0.175090E-36   0.431501E-30   0.756675E-30   0.130063E-29   0.218765E-29   0.372840E-31   0.113171E-34   0.997759E-31   0.452503E-34   0.132515E-25   0.374064E-19   0.468810E-15   0.159253E-13   0.924871E-14   0.673279E-16   0.140738E-20   0.125756E-25   0.553773E-29   0.115700E-30   0.284985E-26   0.288906E-30   0.705732E-26   0.871641E-30
   0.183333E+01   0.181116E-31   0.209364E-36   0.574865E-31   0.946931E-36   0.887159E-29   0.145721E-28   0.237433E-28   0.382407E-28   0.116827E-29   0.693011E-34   0.301454E-29   0.277809E-33   0.205932E-24   0.580480E-18   0.719524E-14   0.242280E-12   0.139474E-12   0.101671E-14   0.213681E-19   0.190707E-24   0.160090E-27   0.538044E-29   0.421410E-25   0.874839E-29   0.104146E-24   0.141049E-28
   0.183333E+01   0.532764E-33   0.166180E-36   0.140095E-32   0.752857E-36   0.133081E-30   0.211017E-30   0.334538E-30   0.527447E-30   0.231629E-31   0.553283E-34   0.584888E-31   0.221945E-33   0.269028E-26   0.757903E-20   0.934916E-16   0.313601E-14   0.180336E-14   0.131399E-16   0.276521E-21   0.246765E-26   0.438535E-29   0.447927E-29   0.539069E-27   0.126045E-28   0.133125E-26   0.314107E-28
   0.183333E+01   0.629923E-32   0.123132E-33   0.165106E-31   0.551082E-33   0.152303E-29   0.241161E-29   0.381924E-29   0.601665E-29   0.284283E-30   0.349945E-31   0.735957E-30   0.118159E-30   0.306271E-25   0.862780E-19   0.106409E-14   0.356871E-13   0.205268E-13   0.149565E-15   0.314703E-20   0.280840E-25   0.267952E-28   0.262491E-28   0.612971E-26   0.721952E-28   0.151358E-25   0.206245E-27
   0.183333E+01   0.373875E-35   0.163541E-35   0.135122E-34   0.654165E-35   0.425666E-32   0.746682E-32   0.128438E-31   0.216199E-31   0.344548E-33   0.418668E-33   0.918237E-33   0.167468E-32   0.131464E-27   0.371138E-21   0.465350E-17   0.158132E-15   0.920103E-16   0.670895E-18   0.140915E-22   0.126007E-27   0.718097E-31   0.436367E-31   0.283338E-28   0.172821E-30   0.701750E-28   0.688872E-30
   0.183333E+01   0.391384E-35   0.410306E-37   0.143263E-34   0.164087E-36   0.455056E-32   0.800431E-32   0.137985E-31   0.232674E-31   0.371300E-33   0.105031E-34   0.991534E-33   0.419973E-34   0.142139E-27   0.401297E-21   0.503381E-17   0.171115E-15   0.995952E-16   0.726266E-18   0.152575E-22   0.136469E-27   0.760055E-31   0.436798E-31   0.306937E-28   0.172969E-30   0.760258E-28   0.689168E-30
   0.183333E+01   0.412575E-33   0.457796E-37   0.152955E-32   0.187139E-36   0.489836E-30   0.863930E-30   0.149248E-29   0.252090E-29   0.402915E-31   0.121958E-34   0.107810E-30   0.482295E-34   0.154677E-25   0.436718E-19   0.548032E-15   0.186352E-13   0.108489E-13   0.790958E-16   0.165906E-20   0.148478E-25   0.598620E-29   0.121807E-30   0.334610E-26   0.297879E-30   0.828858E-26   0.881058E-30
   0.183333E+01   0.141164E-28   0.162526E-33   0.529941E-28   0.794615E-33   0.151041E-25   0.263515E-25   0.450909E-25   0.755485E-25   0.141296E-26   0.591352E-31   0.378296E-26   0.216864E-30   0.452422E-21   0.127691E-14   0.159851E-10   0.542508E-09   0.314671E-09   0.229420E-11   0.479465E-16   0.428220E-21   0.210741E-24   0.278235E-26   0.967889E-22   0.443845E-26   0.239633E-21   0.677130E-26
   0.183333E+01   0.267786E-29   0.126591E-33   0.788995E-29   0.660051E-33   0.946653E-27   0.153082E-26   0.246395E-26   0.393036E-26   0.145354E-27   0.535378E-31   0.370685E-27   0.198308E-30   0.206536E-22   0.582062E-16   0.719887E-12   0.241969E-10   0.139602E-10   0.101804E-12   0.213657E-17   0.190683E-22   0.156538E-25   0.157694E-26   0.418530E-23   0.257928E-26   0.103402E-22   0.414035E-26
   0.183333E+01   0.420331E-31   0.129166E-33   0.109845E-30   0.704941E-33   0.124908E-28   0.197983E-28   0.313798E-28   0.494537E-28   0.182743E-29   0.608482E-31   0.464975E-29   0.226699E-30   0.252247E-24   0.710717E-18   0.876661E-14   0.294021E-12   0.170524E-12   0.124323E-14   0.260198E-19   0.232259E-24   0.184835E-27   0.145401E-27   0.505216E-25   0.360836E-27   0.124776E-24   0.889017E-27
   0.183333E+01   0.103347E-28   0.220195E-29   0.278250E-28   0.658430E-29   0.300072E-26   0.475285E-26   0.752917E-26   0.118598E-25   0.473500E-27   0.122422E-27   0.119807E-26   0.312298E-27   0.604437E-22   0.170311E-15   0.210058E-11   0.704439E-10   0.409874E-10   0.298817E-12   0.624254E-17   0.557283E-22   0.421321E-25   0.324930E-25   0.121021E-22   0.809654E-25   0.298908E-22   0.201097E-24
   0.183333E+01   0.000000E+00   0.000000E+00   0.000000E+00   0.000000E+00   0.000000E+00   0.000000E+00   0.000000E+00   0.000000E+00   0.000000E+00   0.000000E+00   0.000000E+00   0.000000E+00   0.000000E+00   0.000000E+00   0.000000E+00   0.000000E+00   0.000000E+00   0.000000E+00   0.000000E+00   0.000000E+00   0.000000E+00   0.000000E+00   0.000000E+00   0.000000E+00   0.000000E+00   0.000000E+00
   0.183333E+01   0.231153E-26   0.461845E-26   0.924435E-26   0.184736E-25   0.386255E-25   0.767687E-25   0.152639E-24   0.303618E-24   0.591317E-24   0.118228E-23   0.236502E-23   0.472912E-23   0.485200E-20   0.257357E-13   0.399884E-09   0.169158E-07   0.121691E-07   0.867620E-10   0.162899E-14   0.147203E-19   0.236980E-20   0.484256E-20   0.988126E-20   0.193702E-19   0.389783E-19   0.774814E-19
   0.200000E+01   0.218750E-25   0.421002E-25   0.875000E-25   0.171934E-24   0.350000E-24   0.700000E-24   0.139212E-23   0.280000E-23   0.558468E-23   0.112000E-22   0.223681E-22   0.448000E-22   0.432702E-19   0.231442E-12   0.362649E-08   0.154259E-06   0.116297E-06   0.509710E-08   0.114398E-11   0.187252E-16   0.170460E-19   0.458749E-19   0.936952E-19   0.183499E-18   0.369208E-18   0.734002E-18
   0.200000E+01   0.289906E-38   0.558671E-38   0.327075E-35   0.229080E-37   0.130831E-34   0.933813E-37   0.185388E-36   0.104665E-33   0.744082E-36   0.418657E-33   0.298475E-35   0.167464E-32   0.805644E-34   0.384748E-27   0.530524E-23   0.256040E-21   0.674277E-22   0.332422E-22   0.298256E-26   0.609037E-31   0.192461E-31   0.171479E-29   0.319213E-33   0.685918E-29   0.822162E-33   0.274371E-28
   0.200000E+01   0.185140E-39   0.338055E-39   0.327077E-35   0.125340E-38   0.130832E-34   0.493708E-38   0.949347E-38   0.104664E-33   0.365835E-37   0.418656E-33   0.143526E-36   0.167464E-32   0.687387E-32   0.197915E-25   0.247899E-21   0.856197E-20   0.513509E-20   0.230198E-21   0.556744E-25   0.956568E-30   0.192439E-31   0.429650E-31   0.157016E-32   0.171810E-30   0.408602E-32   0.687393E-30
   0.200000E+01   0.132243E-39   0.267310E-39   0.327079E-35   0.103378E-38   0.130831E-34   0.409072E-38   0.855685E-38   0.104665E-33   0.332013E-37   0.418661E-33   0.120964E-36   0.167463E-32   0.267589E-33   0.861836E-27   0.120574E-22   0.573529E-21   0.103245E-21   0.517329E-23   0.382379E-26   0.876942E-31   0.192409E-31   0.171478E-29   0.326112E-33   0.685916E-29   0.866824E-33   0.274369E-28
   0.200000E+01   0.298282E-39   0.538742E-39   0.327078E-35   0.192286E-38   0.130831E-34   0.677085E-38   0.122022E-37   0.104664E-33   0.444491E-37   0.418657E-33   0.158502E-36   0.167463E-32   0.263330E-31   0.748413E-25   0.944573E-21   0.322303E-19   0.192256E-19   0.873347E-21   0.214744E-24   0.356768E-29   0.193228E-31   0.429557E-31   0.590561E-32   0.171835E-30   0.151006E-31   0.687344E-30
   0.200000E+01   0.156047E-37   0.269797E-37   0.327078E-35   0.823731E-37   0.130831E-34   0.233876E-36   0.378531E-36   0.262295E-35   0.100535E-35   0.104880E-34   0.262787E-35   0.419732E-34   0.246360E-29   0.697393E-23   0.879299E-19   0.299758E-17   0.181718E-17   0.807135E-19   0.199366E-22   0.331028E-27   0.288098E-31   0.429773E-31   0.554432E-30   0.171847E-30   0.137137E-29   0.687393E-30
   0.200000E+01   0.150066E-35   0.255473E-35   0.820436E-37   0.761634E-35   0.328174E-36   0.212441E-34   0.344630E-34   0.262577E-35   0.905231E-34   0.105001E-34   0.233743E-33   0.420123E-34   0.223582E-27   0.632818E-21   0.797166E-17   0.271562E-15   0.164540E-15   0.730651E-17   0.180331E-20   0.299307E-25   0.886804E-30   0.441174E-31   0.501034E-28   0.173721E-30   0.123896E-27   0.690302E-30
   0.200000E+01   0.138121E-39   0.275602E-39   0.327078E-35   0.110230E-38   0.130830E-34   0.432582E-38   0.845719E-38   0.104664E-33   0.335519E-37   0.418661E-33   0.132886E-36   0.167465E-32   0.109913E-32   0.290870E-26   0.366544E-22   0.157721E-20   0.644820E-21   0.294129E-22   0.978891E-26   0.188902E-30   0.192454E-31   0.171480E-29   0.464850E-33   0.685917E-29   0.130265E-32   0.274369E-28
   0.200000E+01   0.731745E-39   0.128795E-38   0.327078E-35   0.417415E-38   0.130832E-34   0.133066E-37   0.224822E-37   0.104664E-33   0.714336E-37   0.418660E-33   0.230523E-36   0.167464E-32   0.955551E-31   0.270740E-24   0.341488E-20   0.116406E-18   0.702940E-19   0.314410E-20   0.774547E-24   0.128714E-28   0.195849E-31   0.429588E-31   0.215047E-31   0.171835E-30   0.534415E-31   0.687393E-30
   0.200000E+01   0.526783E-37   0.915198E-37   0.819848E-37   0.281369E-36   0.327822E-36   0.800324E-36   0.130746E-35   0.262220E-35   0.347520E-35   0.104903E-34   0.903898E-35   0.419552E-34   0.862642E-29   0.244201E-22   0.308018E-18   0.105037E-16   0.636869E-17   0.284246E-18   0.699002E-22   0.116087E-26   0.528621E-31   0.430081E-31   0.194450E-29   0.171909E-30   0.480962E-29   0.687590E-30
   0.200000E+01   0.446141E-35   0.781395E-35   0.821964E-37   0.242569E-34   0.328856E-36   0.694046E-34   0.113603E-33   0.263160E-35   0.302217E-33   0.105287E-34   0.786624E-33   0.420906E-34   0.755710E-27   0.213937E-20   0.269950E-16   0.920839E-15   0.558458E-15   0.249135E-16   0.611485E-20   0.101641E-24   0.297553E-29   0.468846E-31   0.170626E-27   0.178244E-30   0.422053E-27   0.697648E-30
   0.200000E+01   0.360615E-33   0.636102E-33   0.101692E-36   0.199472E-32   0.412598E-36   0.574381E-32   0.942260E-32   0.333539E-35   0.251466E-31   0.134100E-34   0.655822E-31   0.537966E-34   0.494918E-25   0.140040E-18   0.176228E-14   0.599854E-13   0.361936E-13   0.161284E-14   0.395506E-18   0.656337E-23   0.210619E-27   0.370119E-30   0.110363E-25   0.706617E-30   0.272823E-25   0.154843E-29
   0.200000E+01   0.165834E-32   0.267121E-32   0.248764E-36   0.733099E-32   0.102146E-35   0.194238E-31   0.309633E-31   0.829410E-35   0.792992E-31   0.334555E-34   0.201574E-30   0.134541E-33   0.300093E-25   0.847957E-19   0.105507E-14   0.355920E-13   0.212989E-13   0.950689E-15   0.233974E-18   0.388452E-23   0.123998E-27   0.263633E-29   0.636243E-26   0.440339E-29   0.156964E-25   0.747494E-29
   0.200000E+01   0.166039E-39   0.286617E-39   0.327079E-35   0.118196E-38   0.130831E-34   0.418476E-38   0.900875E-38   0.104664E-33   0.342641E-37   0.418659E-33   0.132734E-36   0.167464E-32   0.335205E-32   0.988034E-26   0.119850E-21   0.413760E-20   0.246192E-20   0.116669E-21   0.271489E-25   0.487935E-30   0.192287E-31   0.429342E-31   0.101654E-32   0.685918E-29   0.257511E-32   0.274369E-28
   0.200000E+01   0.198365E-38   0.347645E-38   0.327078E-35   0.109638E-37   0.130831E-34   0.320675E-37   0.537986E-37   0.104665E-33   0.154299E-36   0.418654E-33   0.449733E-36   0.167463E-32   0.303080E-30   0.858235E-24   0.108261E-19   0.369271E-18   0.223602E-18   0.998981E-20   0.245732E-23   0.408151E-28   0.203970E-31   0.429588E-31   0.684651E-31   0.171847E-30   0.169529E-30   0.687147E-30
   0.200000E+01   0.174296E-36   0.305129E-36   0.819731E-37   0.946731E-36   0.327798E-36   0.270815E-35   0.443286E-35   0.262295E-35   0.117941E-34   0.104918E-34   0.307154E-34   0.419582E-34   0.294746E-28   0.834419E-22   0.105290E-17   0.359164E-16   0.217840E-16   0.972313E-18   0.239159E-21   0.397271E-26   0.134395E-30   0.431036E-31   0.665547E-29   0.172106E-30   0.164632E-28   0.687590E-30
   0.200000E+01   0.144893E-34   0.255464E-34   0.826372E-37   0.800572E-34   0.330807E-36   0.230431E-33   0.377963E-33   0.264721E-35   0.100849E-32   0.105881E-34   0.262981E-32   0.423734E-34   0.251076E-26   0.710797E-20   0.897129E-16   0.306086E-14   0.185631E-14   0.827326E-16   0.202700E-19   0.336783E-24   0.992900E-29   0.560366E-31   0.567530E-27   0.193023E-30   0.140387E-26   0.720525E-30
   0.200000E+01   0.111898E-32   0.198694E-32   0.134059E-36   0.628964E-32   0.553470E-36   0.182173E-31   0.299458E-31   0.452706E-35   0.801457E-31   0.183061E-34   0.209389E-30   0.737179E-34   0.113976E-24   0.322380E-18   0.404595E-14   0.137424E-12   0.826500E-13   0.367864E-14   0.905034E-18   0.150191E-22   0.481345E-27   0.108222E-29   0.251080E-25   0.185544E-29   0.620353E-25   0.333289E-29
   0.200000E+01   0.241819E-32   0.383368E-32   0.489411E-36   0.102872E-31   0.210670E-35   0.269235E-31   0.427550E-31   0.177406E-34   0.108910E-30   0.726564E-34   0.275984E-30   0.294971E-33   0.351789E-25   0.994010E-19   0.123586E-14   0.416647E-13   0.249745E-13   0.111247E-14   0.274175E-18   0.455081E-23   0.144358E-27   0.840637E-29   0.743378E-26   0.140709E-28   0.183379E-25   0.224051E-28
   0.200000E+01   0.290935E-32   0.444810E-32   0.321277E-34   0.114687E-31   0.134665E-33   0.295108E-31   0.466815E-31   0.110512E-32   0.118744E-30   0.448622E-32   0.302753E-30   0.181126E-31   0.347992E-25   0.983247E-19   0.122144E-14   0.411500E-13   0.247187E-13   0.110111E-14   0.271105E-18   0.449930E-23   0.142229E-27   0.276356E-28   0.732679E-26   0.746322E-28   0.180723E-25   0.206967E-27
   0.200000E+01   0.138121E-39   0.258031E-39   0.327079E-35   0.106524E-38   0.130831E-34   0.418476E-38   0.853135E-38   0.104665E-33   0.334744E-37   0.418658E-33   0.132576E-36   0.167462E-32   0.719325E-34   0.384748E-27   0.530524E-23   0.256040E-21   0.296911E-21   0.197531E-22   0.282961E-26   0.649023E-31   0.192240E-31   0.429619E-31   0.207075E-33   0.171835E-30   0.768186E-33   0.687196E-30
   0.200000E+01   0.620073E-38   0.108683E-37   0.327077E-35   0.339451E-37   0.130832E-34   0.982243E-37   0.161887E-36   0.104664E-33   0.443109E-36   0.418657E-33   0.119449E-35   0.419612E-34   0.102348E-29   0.289763E-23   0.365622E-19   0.124726E-17   0.756854E-18   0.334393E-19   0.830482E-23   0.137960E-27   0.232128E-31   0.429588E-31   0.231231E-30   0.171835E-30   0.572321E-30   0.687294E-30
   0.200000E+01   0.513431E-36   0.904825E-36   0.819848E-37   0.283372E-35   0.327869E-36   0.815337E-35   0.133726E-34   0.262314E-35   0.356763E-34   0.104918E-34   0.930385E-34   0.419642E-34   0.894574E-28   0.253264E-21   0.319707E-17   0.109092E-15   0.662153E-16   0.292586E-17   0.726863E-21   0.120767E-25   0.369385E-30   0.434180E-31   0.202360E-28   0.172624E-30   0.500590E-28   0.688379E-30
   0.200000E+01   0.419420E-34   0.744402E-34   0.837951E-37   0.235493E-33   0.335815E-36   0.681872E-33   0.112078E-32   0.269085E-35   0.299940E-32   0.107664E-34   0.783616E-32   0.430656E-34   0.730498E-26   0.206800E-19   0.261016E-15   0.890555E-14   0.540125E-14   0.237728E-15   0.588810E-19   0.977463E-24   0.296132E-28   0.820442E-31   0.165124E-26   0.234709E-30   0.408453E-26   0.784571E-30
   0.200000E+01   0.333095E-32   0.590895E-32   0.225771E-36   0.185509E-31   0.960026E-36   0.532298E-31   0.871529E-31   0.801085E-35   0.231754E-30   0.326919E-34   0.602817E-30   0.131147E-33   0.204069E-24   0.577010E-18   0.721863E-14   0.244566E-12   0.146921E-12   0.646747E-14   0.161014E-17   0.267229E-22   0.846380E-27   0.325889E-29   0.443215E-25   0.534501E-29   0.109447E-24   0.863610E-29
   0.200000E+01   0.307908E-32   0.477181E-32   0.129060E-35   0.124714E-31   0.568422E-35   0.322199E-31   0.509655E-31   0.485786E-34   0.129150E-30   0.200378E-33   0.326335E-30   0.805466E-33   0.393949E-25   0.111311E-18   0.138324E-14   0.466139E-13   0.279848E-13   0.123246E-14   0.306926E-18   0.509417E-23   0.161054E-27   0.194549E-28   0.830644E-26   0.399130E-28   0.204894E-25   0.712888E-28
   0.200000E+01   0.325866E-32   0.498767E-32   0.981021E-34   0.129097E-31   0.417784E-33   0.334337E-31   0.531060E-31   0.346269E-32   0.136793E-30   0.141216E-31   0.355510E-30   0.558268E-31   0.386782E-25   0.109285E-18   0.135758E-14   0.457360E-13   0.274861E-13   0.121051E-14   0.301313E-18   0.500070E-23   0.157913E-27   0.307022E-28   0.814313E-26   0.830545E-28   0.200858E-25   0.231902E-27
   0.200000E+01   0.133712E-39   0.246409E-39   0.327076E-35   0.102936E-38   0.130831E-34   0.409072E-38   0.777333E-38   0.104665E-33   0.326845E-37   0.418656E-33   0.132417E-36   0.167464E-32   0.719325E-34   0.384748E-27   0.530524E-23   0.256040E-21   0.856623E-19   0.481431E-20   0.688282E-27   0.561988E-31   0.192147E-31   0.429434E-31   0.187981E-33   0.171835E-30   0.767815E-33   0.687344E-30
   0.200000E+01   0.146937E-39   0.283122E-39   0.327078E-35   0.108690E-38   0.130832E-34   0.211589E-38   0.374066E-38   0.262257E-35   0.153813E-37   0.104888E-34   0.555961E-37   0.419491E-34   0.269027E-32   0.746412E-26   0.100558E-21   0.331828E-20   0.222338E-20   0.970627E-22   0.244723E-25   0.403862E-30   0.192204E-31   0.429681E-31   0.762662E-33   0.171847E-30   0.215388E-32   0.687196E-30
   0.200000E+01   0.166186E-38   0.294386E-38   0.819554E-37   0.945867E-38   0.327798E-36   0.279768E-37   0.465684E-37   0.262220E-35   0.129795E-36   0.104888E-34   0.341068E-36   0.419522E-34   0.285713E-30   0.809172E-24   0.102208E-19   0.348972E-18   0.211870E-18   0.936366E-20   0.232548E-23   0.386634E-28   0.203285E-31   0.429650E-31   0.649223E-31   0.171823E-30   0.160915E-30   0.687344E-30
   0.200000E+01   0.130515E-33   0.233184E-33   0.889202E-37   0.744684E-33   0.359090E-36   0.216914E-32   0.357285E-32   0.288927E-35   0.959013E-32   0.115985E-34   0.251021E-31   0.463878E-34   0.218153E-25   0.617502E-19   0.778902E-15   0.265621E-13   0.160856E-13   0.708414E-15   0.175409E-18   0.291087E-23   0.917041E-28   0.168960E-30   0.491684E-26   0.373733E-30   0.121605E-25   0.992337E-30
   0.200000E+01   0.764110E-32   0.130878E-31   0.559888E-36   0.390453E-31   0.249289E-35   0.108612E-30   0.175963E-30   0.212819E-34   0.460943E-30   0.881511E-34   0.118788E-29   0.353712E-33   0.273326E-24   0.772687E-18   0.964052E-14   0.325910E-12   0.196042E-12   0.864661E-14   0.214798E-17   0.356491E-22   0.111427E-26   0.911284E-29   0.586609E-25   0.146848E-28   0.144800E-24   0.225250E-28
   0.200000E+01   0.286615E-33   0.440068E-33   0.472172E-36   0.113850E-32   0.211196E-35   0.292801E-32   0.462596E-32   0.181041E-34   0.117096E-31   0.751127E-34   0.295968E-31   0.301658E-33   0.354340E-26   0.100123E-19   0.124395E-15   0.419132E-14   0.251849E-14   0.111085E-15   0.276103E-19   0.458270E-24   0.159648E-28   0.545891E-29   0.746715E-27   0.161945E-28   0.184201E-26   0.437609E-28
   0.200000E+01   0.345963E-32   0.532605E-32   0.377179E-33   0.140358E-31   0.165548E-32   0.373263E-31   0.602165E-31   0.132754E-31   0.160931E-30   0.487720E-31   0.430533E-30   0.160310E-30   0.403819E-25   0.114098E-18   0.141737E-14   0.477502E-13   0.286957E-13   0.126555E-14   0.314571E-18   0.522109E-23   0.164785E-27   0.319777E-28   0.850171E-26   0.865145E-28   0.209703E-25   0.242008E-27
   0.200000E+01   0.118179E-35   0.208069E-35   0.327086E-35   0.650746E-35   0.130835E-34   0.187083E-34   0.306747E-34   0.104667E-33   0.818070E-34   0.418671E-33   0.213284E-33   0.167468E-32   0.204613E-27   0.579278E-21   0.731207E-17   0.249496E-15   0.151429E-15   0.669115E-17   0.166221E-20   0.276164E-25   0.820017E-30   0.440342E-31   0.462733E-28   0.173524E-30   0.114468E-27   0.689809E-30
   0.200000E+01   0.127754E-35   0.226530E-35   0.821082E-37   0.715676E-35   0.328362E-36   0.207055E-34   0.340246E-34   0.262897E-35   0.910220E-34   0.105114E-34   0.237755E-33   0.420394E-34   0.228470E-27   0.646856E-21   0.816859E-17   0.278817E-15   0.169277E-15   0.748110E-17   0.185876E-20   0.308891E-25   0.914988E-30   0.441483E-31   0.517683E-28   0.173684E-30   0.128071E-27   0.690105E-30
   0.200000E+01   0.130619E-33   0.233258E-33   0.972897E-37   0.744414E-33   0.399597E-36   0.216743E-32   0.356952E-32   0.324079E-35   0.957918E-32   0.129045E-34   0.250701E-31   0.506459E-34   0.240962E-25   0.682253E-19   0.861884E-15   0.294274E-13   0.178697E-13   0.789129E-15   0.195623E-18   0.325351E-23   0.944063E-28   0.169315E-30   0.546908E-26   0.373523E-30   0.135309E-25   0.987554E-30
   0.200000E+01   0.442560E-29   0.795951E-29   0.518935E-33   0.256600E-28   0.245255E-32   0.751894E-28   0.124106E-27   0.212344E-31   0.334116E-27   0.832195E-31   0.876189E-27   0.298819E-30   0.663835E-21   0.187877E-14   0.236679E-10   0.806292E-09   0.487757E-09   0.214940E-10   0.532525E-14   0.883577E-19   0.278182E-23   0.441609E-26   0.148748E-21   0.703946E-26   0.367802E-21   0.104282E-25
   0.200000E+01   0.136763E-29   0.223974E-29   0.467381E-33   0.624072E-29   0.233095E-32   0.166427E-28   0.265828E-28   0.211542E-31   0.682404E-28   0.843687E-31   0.173710E-27   0.306121E-30   0.263333E-22   0.744351E-16   0.926889E-12   0.312850E-10   0.188700E-10   0.832417E-12   0.206529E-15   0.342710E-20   0.106085E-24   0.280699E-26   0.560358E-23   0.457323E-26   0.138287E-22   0.705582E-26
   0.200000E+01   0.215622E-31   0.330360E-31   0.526701E-33   0.856797E-31   0.273459E-32   0.222512E-30   0.354053E-30   0.257181E-31   0.915074E-30   0.103823E-30   0.237540E-29   0.376373E-30   0.313546E-24   0.886147E-18   0.110095E-13   0.370912E-12   0.224781E-12   0.991604E-14   0.245475E-17   0.407225E-22   0.125532E-26   0.175715E-27   0.660644E-25   0.438471E-27   0.162992E-24   0.108808E-26
   0.200000E+01   0.626413E-29   0.983590E-29   0.490462E-29   0.262347E-28   0.134284E-28   0.684942E-28   0.108655E-27   0.565168E-28   0.276404E-27   0.144574E-27   0.699579E-27   0.367043E-27   0.735591E-22   0.207912E-15   0.258296E-11   0.870130E-10   0.529116E-10   0.233433E-11   0.576932E-15   0.956894E-20   0.292947E-24   0.378705E-25   0.154963E-22   0.943503E-25   0.382349E-22   0.234308E-24
   0.200000E+01   0.000000E+00   0.000000E+00   0.000000E+00   0.000000E+00   0.000000E+00   0.000000E+00   0.000000E+00   0.000000E+00   0.000000E+00   0.000000E+00   0.000000E+00   0.000000E+00   0.000000E+00   0.000000E+00   0.000000E+00   0.000000E+00   0.000000E+00   0.000000E+00   0.000000E+00   0.000000E+00   0.000000E+00   0.000000E+00   0.000000E+00   0.000000E+00   0.000000E+00   0.000000E+00
   0.200000E+01   0.231019E-26   0.444587E-26   0.923694E-26   0.181546E-25   0.369472E-25   0.739062E-25   0.146976E-24   0.295573E-24   0.589580E-24   0.118229E-23   0.236133E-23   0.472912E-23   0.463490E-20   0.246214E-13   0.385207E-09   0.163651E-07   0.123257E-07   0.540223E-09   0.121297E-12   0.198556E-17   0.179966E-20   0.484257E-20   0.990544E-20   0.193702E-19   0.390106E-19   0.774814E-19
   0.216667E+01   0.218750E-25   0.437500E-25   0.875000E-25   0.175000E-24   0.350000E-24   0.700000E-24   0.140000E-23   0.280000E-23   0.560000E-23   0.112000E-22   0.224000E-22   0.448000E-22   0.411684E-19   0.221014E-12   0.348846E-08   0.149080E-06   0.118023E-06   0.868987E-08   0.330394E-12   0.352124E-16   0.141070E-19   0.458749E-19   0.938795E-19   0.183500E-18   0.369398E-18   0.734002E-18
   0.216667E+01   0.808249E-40   0.163540E-35   0.327075E-35   0.654160E-35   0.130831E-34   0.174005E-38   0.523327E-34   0.104665E-33   0.209328E-33   0.418657E-33   0.837321E-33   0.167464E-32   0.161515E-33   0.367413E-27   0.510330E-23   0.247419E-21   0.245774E-21   0.252857E-22   0.113140E-27   0.708318E-31   0.177344E-31   0.171479E-29   0.284797E-33   0.685917E-29   0.798417E-33   0.274371E-28
   0.216667E+01   0.205712E-39   0.163549E-35   0.327098E-35   0.654194E-35   0.130832E-34   0.399670E-38   0.523355E-34   0.104670E-33   0.209338E-33   0.418679E-33   0.837358E-33   0.167464E-32   0.109611E-31   0.316122E-25   0.399450E-21   0.135091E-19   0.867194E-20   0.641785E-21   0.285395E-25   0.295491E-29   0.177558E-31   0.429619E-31   0.273540E-32   0.171798E-30   0.691012E-32   0.687048E-30
   0.216667E+01   0.646525E-40   0.163549E-35   0.327095E-35   0.654187E-35   0.130831E-34   0.197485E-38   0.523349E-34   0.104670E-33   0.209339E-33   0.418675E-33   0.837358E-33   0.167463E-32   0.448956E-33   0.132269E-26   0.187894E-22   0.554218E-21   0.512572E-21   0.241786E-22   0.933403E-27   0.199153E-30   0.177281E-31   0.171480E-29   0.397692E-33   0.685917E-29   0.101621E-32   0.274370E-28
   0.216667E+01   0.583339E-39   0.163549E-35   0.327095E-35   0.654182E-35   0.130831E-34   0.766625E-38   0.523348E-34   0.104670E-33   0.209340E-33   0.418676E-33   0.837358E-33   0.167463E-32   0.421005E-31   0.119718E-24   0.152009E-20   0.520273E-19   0.330096E-19   0.246907E-20   0.105729E-24   0.111175E-28   0.179351E-31   0.429403E-31   0.989711E-32   0.171798E-30   0.246633E-31   0.687492E-30
   0.216667E+01   0.470051E-37   0.163549E-35   0.327097E-35   0.654189E-35   0.130831E-34   0.703980E-36   0.131336E-35   0.262822E-35   0.525568E-35   0.105069E-34   0.210137E-34   0.419732E-34   0.394487E-29   0.111940E-22   0.142041E-18   0.486099E-17   0.308004E-17   0.232252E-18   0.987673E-23   0.103812E-26   0.390248E-31   0.429835E-31   0.929523E-30   0.171835E-30   0.229642E-29   0.687245E-30
   0.216667E+01   0.455497E-35   0.411217E-37   0.822493E-37   0.164417E-36   0.328245E-36   0.649006E-34   0.131571E-35   0.263010E-35   0.526245E-35   0.105219E-34   0.210543E-34   0.420123E-34   0.358032E-27   0.101582E-20   0.128783E-16   0.440407E-15   0.278867E-15   0.210191E-16   0.893355E-21   0.938535E-25   0.194577E-29   0.448477E-31   0.840140E-28   0.174941E-30   0.207488E-27   0.691978E-30
   0.216667E+01   0.896317E-40   0.163547E-35   0.327093E-35   0.654196E-35   0.130830E-34   0.220995E-38   0.523352E-34   0.104669E-33   0.209338E-33   0.418677E-33   0.837359E-33   0.167465E-32   0.170822E-32   0.502621E-26   0.605437E-22   0.217729E-20   0.132013E-20   0.116457E-21   0.404475E-26   0.526778E-30   0.177278E-31   0.171477E-29   0.635984E-33   0.685922E-29   0.169937E-32   0.274370E-28
   0.216667E+01   0.188961E-38   0.163547E-35   0.327091E-35   0.654188E-35   0.130830E-34   0.291993E-37   0.523349E-34   0.104669E-33   0.209341E-33   0.418678E-33   0.837351E-33   0.167464E-32   0.152845E-30   0.433973E-24   0.550762E-20   0.188533E-18   0.119490E-18   0.901145E-20   0.383091E-24   0.402876E-28   0.185283E-31   0.429742E-31   0.361674E-31   0.171823E-30   0.890158E-31   0.686949E-30
   0.216667E+01   0.159500E-36   0.410571E-37   0.821200E-37   0.164193E-36   0.327775E-36   0.243986E-35   0.131373E-35   0.262728E-35   0.525418E-35   0.105099E-34   0.210182E-34   0.419552E-34   0.138086E-28   0.391848E-22   0.497414E-18   0.170279E-16   0.107922E-16   0.813932E-18   0.346174E-22   0.363940E-26   0.924593E-31   0.430235E-31   0.325924E-29   0.171934E-30   0.805138E-29   0.687442E-30
   0.216667E+01   0.135344E-34   0.412011E-37   0.823904E-37   0.164840E-36   0.329044E-36   0.211918E-33   0.131872E-35   0.263856E-35   0.527600E-35   0.105527E-34   0.211055E-34   0.421177E-34   0.120834E-26   0.342900E-20   0.435439E-16   0.149106E-14   0.945175E-15   0.712479E-16   0.302321E-20   0.318055E-24   0.658364E-29   0.493683E-31   0.285652E-27   0.182238E-30   0.705682E-27   0.703515E-30
   0.216667E+01   0.108257E-32   0.519657E-37   0.105072E-36   0.212024E-36   0.426446E-36   0.173546E-31   0.172205E-35   0.345765E-35   0.693561E-35   0.139043E-34   0.278673E-34   0.557225E-34   0.743607E-25   0.210896E-18   0.267006E-14   0.912126E-13   0.575015E-13   0.432672E-14   0.183923E-18   0.192998E-22   0.419867E-27   0.572975E-30   0.173373E-25   0.103246E-29   0.428013E-25   0.200844E-29
   0.216667E+01   0.354683E-32   0.140730E-36   0.287003E-36   0.583046E-36   0.118008E-35   0.395535E-31   0.476809E-35   0.959655E-35   0.192883E-34   0.387292E-34   0.777008E-34   0.155723E-33   0.396209E-25   0.112239E-18   0.140604E-14   0.476300E-13   0.298213E-13   0.225973E-14   0.958808E-19   0.100596E-22   0.216870E-27   0.448273E-29   0.881322E-26   0.737120E-29   0.217173E-25   0.117056E-28
   0.216667E+01   0.136652E-39   0.163549E-35   0.327096E-35   0.654195E-35   0.130831E-34   0.305630E-38   0.523351E-34   0.104671E-33   0.209339E-33   0.418678E-33   0.837360E-33   0.167463E-32   0.539568E-32   0.153873E-25   0.192534E-21   0.667041E-20   0.419202E-20   0.312068E-21   0.136616E-25   0.148450E-29   0.177296E-31   0.429496E-31   0.142732E-32   0.171749E-30   0.378873E-32   0.274369E-28
   0.216667E+01   0.563650E-38   0.163547E-35   0.327094E-35   0.654190E-35   0.130831E-34   0.871277E-37   0.523349E-34   0.104669E-33   0.209341E-33   0.418677E-33   0.837356E-33   0.167464E-32   0.481527E-30   0.136661E-23   0.173503E-19   0.593984E-18   0.376517E-18   0.283920E-19   0.120757E-23   0.126959E-27   0.203061E-31   0.429711E-31   0.113809E-30   0.171823E-30   0.281455E-30   0.687147E-30
   0.216667E+01   0.528504E-36   0.410659E-37   0.821259E-37   0.164299E-36   0.327892E-36   0.826373E-35   0.131430E-35   0.262841E-35   0.525531E-35   0.105114E-34   0.210212E-34   0.419612E-34   0.471668E-28   0.133852E-21   0.169980E-17   0.582073E-16   0.369021E-16   0.278355E-17   0.118400E-21   0.124510E-25   0.273479E-30   0.432146E-31   0.111522E-28   0.172279E-30   0.275515E-28   0.687985E-30
   0.216667E+01   0.439198E-34   0.414479E-37   0.829253E-37   0.165874E-36   0.331278E-36   0.703026E-33   0.132539E-35   0.265116E-35   0.530421E-35   0.106069E-34   0.212590E-34   0.424547E-34   0.400138E-26   0.113552E-19   0.144230E-15   0.493977E-14   0.313124E-14   0.235807E-15   0.999383E-20   0.105070E-23   0.220139E-28   0.643750E-31   0.946913E-27   0.206421E-30   0.233936E-26   0.739704E-30
   0.216667E+01   0.332450E-32   0.694276E-37   0.142147E-36   0.289971E-36   0.588194E-36   0.534474E-31   0.239218E-35   0.482291E-35   0.970714E-35   0.195076E-34   0.392348E-34   0.786261E-34   0.162173E-24   0.459781E-18   0.580527E-14   0.197889E-12   0.124381E-12   0.936759E-14   0.398712E-18   0.418320E-22   0.905022E-27   0.171729E-29   0.373518E-25   0.287110E-29   0.921637E-25   0.475683E-29
   0.216667E+01   0.479222E-32   0.277049E-36   0.583968E-36   0.121841E-35   0.251922E-35   0.516318E-31   0.104454E-34   0.212490E-34   0.430739E-34   0.870754E-34   0.175680E-33   0.353676E-33   0.457152E-25   0.129506E-18   0.162130E-14   0.548930E-13   0.344220E-13   0.261016E-14   0.110581E-18   0.116035E-22   0.249390E-27   0.135782E-28   0.101409E-25   0.237007E-28   0.249874E-25   0.365047E-28
   0.216667E+01   0.538200E-32   0.191996E-34   0.396828E-34   0.814658E-34   0.166343E-33   0.544468E-31   0.675537E-33   0.136517E-32   0.275294E-32   0.554203E-32   0.111418E-31   0.223755E-31   0.446748E-25   0.126558E-18   0.158331E-14   0.535763E-13   0.336602E-13   0.255357E-14   0.108018E-18   0.113363E-22   0.243246E-27   0.333058E-28   0.988098E-26   0.889848E-28   0.243454E-25   0.243485E-27
   0.216667E+01   0.690603E-40   0.163548E-35   0.327097E-35   0.654190E-35   0.130830E-34   0.206888E-38   0.523349E-34   0.104669E-33   0.209340E-33   0.418675E-33   0.837354E-33   0.167464E-32   0.684384E-34   0.367413E-27   0.510330E-23   0.247419E-21   0.224670E-21   0.000000E+00   0.282849E-28   0.976562E-31   0.177024E-31   0.429465E-31   0.175960E-33   0.171761E-30   0.743657E-33   0.686999E-30
   0.216667E+01   0.183024E-37   0.163548E-35   0.327092E-35   0.654192E-35   0.130832E-34   0.286727E-36   0.523351E-34   0.104670E-33   0.209341E-33   0.418679E-33   0.210137E-34   0.419431E-34   0.162412E-29   0.460922E-23   0.585328E-19   0.200437E-17   0.127078E-17   0.958532E-19   0.407713E-23   0.428751E-27   0.265069E-31   0.429804E-31   0.384129E-30   0.171810E-30   0.949199E-30   0.687147E-30
   0.216667E+01   0.154562E-35   0.410659E-37   0.819672E-37   0.164311E-36   0.327892E-36   0.247037E-34   0.131411E-35   0.262897E-35   0.525531E-35   0.104926E-34   0.210333E-34   0.419672E-34   0.142136E-27   0.403379E-21   0.512461E-17   0.175541E-15   0.111321E-15   0.839836E-17   0.357267E-21   0.375805E-25   0.789777E-30   0.437199E-31   0.336673E-28   0.173092E-30   0.831797E-28   0.689069E-30
   0.216667E+01   0.126047E-33   0.421062E-37   0.841830E-37   0.168907E-36   0.337390E-36   0.206263E-32   0.135361E-35   0.270947E-35   0.542044E-35   0.108273E-34   0.216893E-34   0.433093E-34   0.114729E-25   0.325567E-19   0.413507E-15   0.141618E-13   0.897233E-14   0.675322E-15   0.286176E-19   0.300584E-23   0.642234E-28   0.106597E-30   0.271431E-26   0.274090E-30   0.670553E-26   0.839544E-30
   0.216667E+01   0.901888E-32   0.121014E-36   0.252925E-36   0.524788E-36   0.107997E-35   0.132719E-30   0.445456E-35   0.904416E-35   0.183148E-34   0.369658E-34   0.737812E-34   0.148399E-33   0.273920E-24   0.776409E-18   0.977373E-14   0.332368E-12   0.208498E-12   0.159766E-13   0.669567E-18   0.702852E-22   0.150837E-26   0.520433E-29   0.622574E-25   0.845690E-29   0.153543E-24   0.129833E-28
   0.216667E+01   0.583939E-32   0.759948E-36   0.162824E-35   0.344110E-35   0.719010E-35   0.603238E-31   0.301180E-34   0.615829E-34   0.125364E-33   0.254234E-33   0.506982E-33   0.102288E-32   0.508230E-25   0.143975E-18   0.180170E-14   0.609798E-13   0.382871E-13   0.289250E-14   0.122904E-18   0.128961E-22   0.276749E-27   0.268779E-28   0.112538E-25   0.584402E-28   0.277285E-25   0.110570E-27
   0.216667E+01   0.602244E-32   0.602659E-34   0.126066E-33   0.261323E-33   0.537753E-33   0.614277E-31   0.220030E-32   0.446426E-32   0.903012E-32   0.182120E-31   0.360378E-31   0.719267E-31   0.496802E-25   0.140738E-18   0.176069E-14   0.595779E-13   0.374400E-13   0.282883E-14   0.120124E-18   0.126052E-22   0.270363E-27   0.369679E-28   0.109876E-25   0.987489E-28   0.270720E-25   0.271238E-27
   0.216667E+01   0.646522E-40   0.163547E-35   0.327094E-35   0.654190E-35   0.130830E-34   0.216291E-38   0.523350E-34   0.104670E-33   0.209340E-33   0.418681E-33   0.837350E-33   0.167464E-32   0.684384E-34   0.367413E-27   0.510330E-23   0.247419E-21   0.224681E-21   0.000000E+00   0.000000E+00   0.914568E-31   0.176965E-31   0.429588E-31   0.175586E-33   0.171786E-30   0.718574E-33   0.687097E-30
   0.216667E+01   0.108733E-39   0.163548E-35   0.327098E-35   0.654187E-35   0.130830E-34   0.211589E-38   0.131336E-35   0.262765E-35   0.525531E-35   0.105129E-34   0.210092E-34   0.419552E-34   0.424318E-32   0.124920E-25   0.159826E-21   0.541353E-20   0.353883E-20   0.248533E-21   0.110594E-25   0.120681E-29   0.177227E-31   0.429496E-31   0.118881E-32   0.171798E-30   0.326885E-32   0.687294E-30
   0.216667E+01   0.487977E-38   0.410688E-37   0.821142E-37   0.164275E-36   0.327775E-36   0.804038E-37   0.131364E-35   0.262841E-35   0.525493E-35   0.105114E-34   0.210182E-34   0.419582E-34   0.456180E-30   0.129487E-23   0.164595E-19   0.564036E-18   0.357836E-18   0.269962E-19   0.114758E-23   0.120975E-27   0.201800E-31   0.429465E-31   0.108411E-30   0.171835E-30   0.268084E-30   0.687245E-30
   0.216667E+01   0.390456E-33   0.452565E-37   0.912419E-37   0.183789E-36   0.368988E-36   0.653180E-32   0.148667E-35   0.298312E-35   0.597828E-35   0.119844E-34   0.239538E-34   0.478684E-34   0.335816E-25   0.952786E-19   0.120923E-14   0.413892E-13   0.261837E-13   0.196185E-14   0.835632E-19   0.877082E-23   0.190460E-27   0.247538E-30   0.791700E-26   0.499740E-30   0.195548E-25   0.116929E-29
   0.216667E+01   0.174371E-31   0.323907E-36   0.701006E-36   0.149402E-35   0.314383E-35   0.229097E-30   0.131696E-34   0.270360E-34   0.552069E-34   0.112234E-33   0.223659E-33   0.450511E-33   0.348387E-24   0.987416E-18   0.123999E-13   0.420850E-12   0.264827E-12   0.200250E-13   0.849027E-18   0.891056E-22   0.189839E-26   0.145087E-28   0.783505E-25   0.233382E-28   0.193174E-24   0.346160E-28
   0.216667E+01   0.532398E-33   0.289739E-36   0.629759E-36   0.134702E-35   0.284274E-35   0.541249E-32   0.119552E-34   0.245814E-34   0.502574E-34   0.102262E-33   0.203905E-33   0.410933E-33   0.454135E-26   0.128657E-19   0.160975E-15   0.544758E-14   0.342341E-14   0.258767E-15   0.109839E-19   0.115262E-23   0.259301E-28   0.635043E-29   0.100518E-26   0.193374E-28   0.247682E-26   0.551959E-28
   0.216667E+01   0.636701E-32   0.249531E-33   0.534485E-33   0.112867E-32   0.235143E-32   0.676236E-31   0.942184E-32   0.185351E-31   0.355068E-31   0.661992E-31   0.119154E-30   0.211780E-30   0.518531E-25   0.146894E-18   0.183770E-14   0.621836E-13   0.390779E-13   0.295331E-14   0.125379E-18   0.131567E-22   0.282119E-27   0.384743E-28   0.114681E-25   0.102730E-27   0.282558E-25   0.282412E-27
   0.216667E+01   0.328570E-35   0.163552E-35   0.327108E-35   0.654209E-35   0.130836E-34   0.523521E-34   0.523377E-34   0.104674E-33   0.209349E-33   0.418696E-33   0.837384E-33   0.167470E-32   0.300547E-27   0.852938E-21   0.108353E-16   0.371142E-15   0.235353E-15   0.177553E-16   0.755301E-21   0.794465E-25   0.164993E-29   0.445797E-31   0.711716E-28   0.174362E-30   0.175838E-27   0.690844E-30
   0.216667E+01   0.366463E-35   0.411746E-37   0.823493E-37   0.164757E-36   0.328809E-36   0.597828E-34   0.131787E-35   0.263649E-35   0.527148E-35   0.105384E-34   0.210784E-34   0.420695E-34   0.346216E-27   0.982596E-21   0.124877E-16   0.427889E-15   0.271422E-15   0.204799E-16   0.871308E-21   0.916747E-25   0.190130E-29   0.448108E-31   0.821440E-28   0.174855E-30   0.202962E-27   0.691535E-30
   0.216667E+01   0.363798E-33   0.508431E-37   0.104043E-36   0.212271E-36   0.430889E-36   0.607636E-32   0.174904E-35   0.350768E-35   0.699203E-35   0.138757E-34   0.273347E-34   0.537695E-34   0.354154E-25   0.100516E-18   0.127791E-14   0.437996E-13   0.277877E-13   0.209581E-14   0.888879E-19   0.935751E-23   0.192188E-27   0.234266E-30   0.841612E-26   0.477960E-30   0.207959E-25   0.113275E-29
   0.216667E+01   0.121859E-28   0.325683E-33   0.735470E-33   0.162032E-32   0.349445E-32   0.208373E-27   0.148038E-31   0.299759E-31   0.593268E-31   0.114925E-30   0.215584E-30   0.403718E-30   0.918757E-21   0.260642E-14   0.330347E-10   0.112947E-08   0.713855E-09   0.536701E-10   0.228099E-14   0.239415E-18   0.514041E-23   0.661097E-26   0.215283E-21   0.105674E-25   0.531620E-21   0.153292E-25
   0.216667E+01   0.259707E-29   0.312739E-33   0.733190E-33   0.166529E-32   0.368108E-32   0.300059E-28   0.161596E-31   0.331387E-31   0.662483E-31   0.129350E-30   0.244125E-30   0.459338E-30   0.325440E-22   0.922353E-16   0.115631E-11   0.391901E-10   0.247335E-10   0.187346E-11   0.791721E-16   0.831144E-20   0.176170E-24   0.463872E-26   0.726498E-23   0.764158E-26   0.179087E-22   0.114850E-25
   0.216667E+01   0.380765E-31   0.368162E-33   0.888410E-33   0.206622E-32   0.465635E-32   0.392306E-30   0.210224E-31   0.435241E-31   0.875082E-31   0.170909E-30   0.320771E-30   0.595436E-30   0.381872E-24   0.108219E-17   0.135406E-13   0.458197E-12   0.290364E-12   0.219960E-13   0.927240E-18   0.973678E-22   0.206083E-26   0.208046E-27   0.845350E-25   0.520518E-27   0.208339E-24   0.129710E-26
   0.216667E+01   0.100668E-28   0.357123E-29   0.596612E-29   0.979751E-29   0.159141E-28   0.105997E-27   0.411385E-28   0.658193E-28   0.105057E-27   0.167411E-27   0.266413E-27   0.423723E-27   0.877627E-22   0.248748E-15   0.311228E-11   0.105309E-09   0.669739E-10   0.507788E-11   0.213443E-15   0.224197E-19   0.472495E-24   0.434915E-25   0.194278E-22   0.108336E-24   0.478848E-22   0.268989E-24
   0.216667E+01   0.000000E+00   0.000000E+00   0.000000E+00   0.000000E+00   0.000000E+00   0.000000E+00   0.000000E+00   0.000000E+00   0.000000E+00   0.000000E+00   0.000000E+00   0.000000E+00   0.000000E+00   0.000000E+00   0.000000E+00   0.000000E+00   0.000000E+00   0.000000E+00   0.000000E+00   0.000000E+00   0.000000E+00   0.000000E+00   0.000000E+00   0.000000E+00   0.000000E+00   0.000000E+00
   0.216667E+01   0.231132E-26   0.461857E-26   0.923704E-26   0.184739E-25   0.369474E-25   0.739225E-25   0.147788E-24   0.295574E-24   0.591146E-24   0.118229E-23   0.236457E-23   0.472913E-23   0.443729E-20   0.235899E-13   0.371528E-09   0.158491E-07   0.125295E-07   0.922645E-09   0.351032E-13   0.374082E-17   0.148964E-20   0.484257E-20   0.993125E-20   0.193702E-19   0.390463E-19   0.774814E-19
   0.233333E+01   0.218750E-25   0.437500E-25   0.875000E-25   0.175000E-24   0.350000E-24   0.700000E-24   0.140000E-23   0.280000E-23   0.560000E-23   0.112000E-22   0.224000E-22   0.448000E-22   0.392026E-19   0.211212E-12   0.335787E-08   0.144159E-06   0.120044E-06   0.117203E-07   0.477509E-12   0.324541E-16   0.198842E-19   0.458750E-19   0.940624E-19   0.183499E-18   0.369592E-18   0.734002E-18
   0.233333E+01   0.101396E-39   0.163540E-35   0.327075E-35   0.654160E-35   0.130831E-34   0.188110E-38   0.523327E-34   0.104665E-33   0.209328E-33   0.418657E-33   0.837321E-33   0.167464E-32   0.153802E-33   0.772461E-27   0.120574E-22   0.239231E-21   0.299903E-21   0.316681E-22   0.326471E-27   0.773625E-31   0.204764E-31   0.171479E-29   0.334271E-33   0.685916E-29   0.876719E-33   0.274369E-28
   0.233333E+01   0.232160E-39   0.163549E-35   0.327098E-35   0.654194E-35   0.130832E-34   0.484305E-38   0.523355E-34   0.104670E-33   0.209338E-33   0.418679E-33   0.837358E-33   0.167464E-32   0.166862E-31   0.472606E-25   0.601529E-21   0.206600E-19   0.139669E-19   0.135840E-20   0.648452E-25   0.420671E-29   0.204645E-31   0.429712E-31   0.415416E-32   0.171823E-30   0.108757E-31   0.687146E-30
   0.233333E+01   0.690606E-40   0.163549E-35   0.327095E-35   0.654187E-35   0.130831E-34   0.216292E-38   0.523349E-34   0.104670E-33   0.209339E-33   0.418675E-33   0.837358E-33   0.167463E-32   0.714267E-33   0.216289E-26   0.256778E-22   0.832524E-21   0.706915E-21   0.593889E-22   0.220368E-26   0.223141E-30   0.204662E-31   0.171479E-29   0.434403E-33   0.685915E-29   0.109435E-32   0.274370E-28
   0.233333E+01   0.784643E-39   0.163549E-35   0.327095E-35   0.654182E-35   0.130831E-34   0.120841E-37   0.523348E-34   0.104670E-33   0.209340E-33   0.418676E-33   0.837357E-33   0.167463E-32   0.636793E-31   0.181262E-24   0.231569E-20   0.795969E-19   0.528901E-19   0.525169E-20   0.240405E-24   0.160826E-28   0.205424E-31   0.429404E-31   0.158398E-31   0.171847E-30   0.394095E-31   0.687541E-30
   0.233333E+01   0.661318E-37   0.163549E-35   0.327097E-35   0.654189E-35   0.130831E-34   0.971382E-36   0.131336E-35   0.262822E-35   0.525568E-35   0.105069E-34   0.210137E-34   0.419732E-34   0.597316E-29   0.169838E-22   0.216847E-18   0.744855E-17   0.494800E-17   0.491680E-18   0.225206E-22   0.150936E-26   0.300025E-31   0.429866E-31   0.147150E-29   0.171810E-30   0.363049E-29   0.687393E-30
   0.233333E+01   0.641071E-35   0.411335E-37   0.822670E-37   0.164440E-36   0.328245E-36   0.896053E-34   0.131590E-35   0.263160E-35   0.526509E-35   0.105257E-34   0.210543E-34   0.420304E-34   0.542085E-27   0.154116E-20   0.196596E-16   0.674815E-15   0.447971E-15   0.444917E-16   0.203615E-20   0.136404E-24   0.885032E-30   0.459047E-31   0.132994E-27   0.176568E-30   0.328039E-27   0.694443E-30
   0.233333E+01   0.925705E-40   0.163549E-35   0.327097E-35   0.654194E-35   0.130830E-34   0.244504E-38   0.523345E-34   0.104670E-33   0.209340E-33   0.418681E-33   0.837360E-33   0.167464E-32   0.252600E-32   0.742967E-26   0.902071E-22   0.311957E-20   0.202796E-20   0.229637E-21   0.926361E-26   0.684783E-30   0.204646E-31   0.171479E-29   0.916470E-33   0.685917E-29   0.222310E-32   0.274370E-28
   0.233333E+01   0.263605E-38   0.163548E-35   0.327094E-35   0.654188E-35   0.130830E-34   0.394026E-37   0.523353E-34   0.104670E-33   0.209339E-33   0.418680E-33   0.837354E-33   0.167465E-32   0.231243E-30   0.657800E-24   0.839886E-20   0.288560E-18   0.191717E-18   0.190465E-19   0.872370E-24   0.584657E-28   0.208165E-31   0.429558E-31   0.570905E-31   0.171773E-30   0.141309E-30   0.687196E-30
   0.233333E+01   0.224371E-36   0.410659E-37   0.821259E-37   0.164193E-36   0.327775E-36   0.336695E-35   0.131401E-35   0.262765E-35   0.525643E-35   0.105099E-34   0.210227E-34   0.419672E-34   0.209013E-28   0.594322E-22   0.759120E-18   0.260835E-16   0.173318E-16   0.172254E-17   0.789068E-22   0.528980E-26   0.539530E-31   0.430759E-31   0.515782E-29   0.172044E-30   0.127254E-28   0.687639E-30
   0.233333E+01   0.190369E-34   0.412393E-37   0.824433E-37   0.164957E-36   0.329209E-36   0.292407E-33   0.131947E-35   0.264044E-35   0.528126E-35   0.105610E-34   0.211100E-34   0.421628E-34   0.182653E-26   0.519377E-20   0.663624E-16   0.228086E-14   0.151577E-14   0.150553E-15   0.687817E-20   0.461095E-24   0.296295E-29   0.529305E-31   0.451418E-27   0.188019E-30   0.111378E-26   0.711207E-30
   0.233333E+01   0.150491E-32   0.535879E-37   0.108445E-36   0.219065E-36   0.440928E-36   0.236641E-31   0.178196E-35   0.357915E-35   0.718312E-35   0.144039E-34   0.288679E-34   0.577388E-34   0.105713E-24   0.300392E-18   0.382576E-14   0.131154E-12   0.866834E-13   0.854881E-14   0.393611E-18   0.263358E-22   0.205024E-27   0.856145E-30   0.257392E-25   0.149227E-29   0.634587E-25   0.264451E-29
   0.233333E+01   0.455671E-32   0.161387E-36   0.329497E-36   0.669938E-36   0.135683E-35   0.497018E-31   0.548467E-35   0.110414E-34   0.221975E-34   0.445808E-34   0.894595E-34   0.179301E-33   0.507675E-25   0.144124E-18   0.181758E-14   0.618240E-13   0.406288E-13   0.403950E-14   0.185281E-18   0.123943E-22   0.986416E-28   0.719916E-29   0.118340E-25   0.118106E-28   0.291269E-25   0.178912E-28
   0.233333E+01   0.149876E-39   0.163547E-35   0.327095E-35   0.654194E-35   0.130832E-34   0.315034E-38   0.523353E-34   0.104670E-33   0.209339E-33   0.418676E-33   0.837363E-33   0.167464E-32   0.804985E-32   0.226542E-25   0.289154E-21   0.996158E-20   0.671213E-20   0.658029E-21   0.311779E-25   0.208618E-29   0.204510E-31   0.429434E-31   0.214931E-32   0.171798E-30   0.547526E-32   0.687344E-30
   0.233333E+01   0.784496E-38   0.163547E-35   0.327095E-35   0.654184E-35   0.130831E-34   0.118208E-36   0.523345E-34   0.104670E-33   0.209340E-33   0.418680E-33   0.837351E-33   0.167464E-32   0.723537E-30   0.205763E-23   0.262820E-19   0.903116E-18   0.600121E-18   0.596408E-19   0.273191E-23   0.183145E-27   0.215957E-31   0.429527E-31   0.178689E-30   0.171835E-30   0.441164E-30   0.687294E-30
   0.233333E+01   0.743267E-36   0.410571E-37   0.821435E-37   0.164217E-36   0.327798E-36   0.114004E-34   0.131411E-35   0.262784E-35   0.525493E-35   0.105084E-34   0.210227E-34   0.419612E-34   0.713720E-28   0.202953E-21   0.259332E-17   0.891353E-16   0.592451E-16   0.588906E-17   0.269799E-21   0.180917E-25   0.135055E-30   0.433348E-31   0.176437E-28   0.172476E-30   0.435330E-28   0.688478E-30
   0.233333E+01   0.617245E-34   0.415067E-37   0.830487E-37   0.166144E-36   0.331795E-36   0.969238E-33   0.132765E-35   0.265624E-35   0.531361E-35   0.106265E-34   0.212921E-34   0.425299E-34   0.602853E-26   0.171422E-19   0.219079E-15   0.753103E-14   0.500466E-14   0.496554E-15   0.226705E-19   0.151885E-23   0.986805E-29   0.762419E-31   0.149133E-26   0.225637E-30   0.367965E-26   0.765983E-30
   0.233333E+01   0.456908E-32   0.733802E-37   0.150452E-36   0.307463E-36   0.624563E-36   0.712395E-31   0.254217E-35   0.512722E-35   0.103270E-34   0.207654E-34   0.417581E-34   0.837147E-34   0.219535E-24   0.623632E-18   0.792129E-14   0.270980E-12   0.178607E-12   0.176692E-13   0.812663E-18   0.543665E-22   0.429672E-27   0.259676E-29   0.528160E-25   0.429659E-29   0.130150E-24   0.670536E-29
   0.233333E+01   0.598530E-32   0.326711E-36   0.689586E-36   0.144017E-35   0.298035E-35   0.635379E-31   0.123683E-34   0.251689E-34   0.510356E-34   0.103191E-33   0.208232E-33   0.419272E-33   0.578918E-25   0.164358E-18   0.207164E-14   0.704343E-13   0.463557E-13   0.461245E-14   0.211230E-18   0.141319E-22   0.111504E-27   0.200204E-28   0.134640E-25   0.370163E-28   0.331375E-25   0.570722E-28
   0.233333E+01   0.653232E-32   0.232931E-34   0.481459E-34   0.988436E-34   0.201833E-33   0.660678E-31   0.819702E-33   0.165654E-32   0.334055E-32   0.672503E-32   0.135203E-31   0.271521E-31   0.560849E-25   0.159234E-18   0.200591E-14   0.681675E-13   0.449397E-13   0.447359E-14   0.204585E-18   0.136890E-22   0.107560E-27   0.396129E-28   0.130127E-25   0.104861E-27   0.320255E-25   0.283571E-27
   0.233333E+01   0.719990E-40   0.163548E-35   0.327094E-35   0.654191E-35   0.130831E-34   0.216291E-38   0.523355E-34   0.104669E-33   0.209339E-33   0.418678E-33   0.837360E-33   0.167464E-32   0.651704E-34   0.351119E-27   0.491227E-23   0.239231E-21   0.271341E-21   0.285054E-22   0.114265E-26   0.818798E-31   0.204428E-31   0.429650E-31   0.188749E-33   0.171761E-30   0.793489E-33   0.687196E-30
   0.233333E+01   0.255141E-37   0.163549E-35   0.327091E-35   0.654189E-35   0.130831E-34   0.391299E-36   0.523356E-34   0.104670E-33   0.209339E-33   0.418681E-33   0.210227E-34   0.419612E-34   0.243749E-29   0.693139E-23   0.885689E-19   0.304416E-17   0.202342E-17   0.201121E-18   0.921394E-23   0.617855E-27   0.243553E-31   0.429434E-31   0.602649E-30   0.171872E-30   0.148731E-29   0.687146E-30
   0.233333E+01   0.215864E-35   0.410806E-37   0.821612E-37   0.164322E-36   0.327845E-36   0.338453E-34   0.131439E-35   0.262859E-35   0.525719E-35   0.105159E-34   0.210273E-34   0.419792E-34   0.213579E-27   0.607359E-21   0.776389E-17   0.266939E-15   0.177476E-15   0.176442E-16   0.808400E-21   0.542234E-25   0.364011E-30   0.441360E-31   0.528925E-28   0.173696E-30   0.130513E-27   0.690105E-30
   0.233333E+01   0.175664E-33   0.423119E-37   0.846180E-37   0.169800E-36   0.339389E-36   0.281991E-32   0.136197E-35   0.272564E-35   0.545354E-35   0.108913E-34   0.218202E-34   0.435711E-34   0.170331E-25   0.484305E-19   0.618885E-15   0.212731E-13   0.141296E-13   0.139842E-14   0.639776E-19   0.428397E-23   0.289348E-28   0.141098E-30   0.421142E-26   0.330099E-30   0.103906E-25   0.916014E-30
   0.233333E+01   0.119061E-31   0.135035E-36   0.283071E-36   0.588805E-36   0.121414E-35   0.168634E-30   0.502124E-35   0.102042E-34   0.206699E-34   0.417378E-34   0.833597E-34   0.167700E-33   0.352939E-24   0.100246E-17   0.126976E-13   0.433404E-12   0.285550E-12   0.283631E-13   0.130011E-17   0.869831E-22   0.676661E-27   0.788822E-29   0.838749E-25   0.128119E-28   0.206599E-24   0.189269E-28
   0.233333E+01   0.716294E-32   0.946085E-36   0.203062E-35   0.429734E-35   0.898919E-35   0.735590E-31   0.377122E-34   0.771485E-34   0.157112E-33   0.318735E-33   0.636072E-33   0.128360E-32   0.640271E-25   0.181780E-18   0.229044E-14   0.778512E-13   0.512894E-13   0.509690E-14   0.233573E-18   0.156268E-22   0.122751E-27   0.349653E-28   0.148692E-25   0.792454E-28   0.365949E-25   0.158114E-27
   0.233333E+01   0.731543E-32   0.762033E-34   0.159592E-33   0.331133E-33   0.681933E-33   0.746460E-31   0.279378E-32   0.567062E-32   0.114733E-31   0.231393E-31   0.457937E-31   0.912597E-31   0.624035E-25   0.177172E-18   0.223186E-14   0.758459E-13   0.500059E-13   0.496991E-14   0.227631E-18   0.152300E-22   0.119497E-27   0.439764E-28   0.144782E-25   0.116267E-27   0.356320E-25   0.314989E-27
   0.233333E+01   0.690603E-40   0.163548E-35   0.327096E-35   0.654194E-35   0.130831E-34   0.197483E-38   0.523350E-34   0.104669E-33   0.209339E-33   0.418680E-33   0.837350E-33   0.167464E-32   0.651704E-34   0.351119E-27   0.491227E-23   0.239231E-21   0.249920E-21   0.245460E-22   0.122426E-27   0.900567E-31   0.204307E-31   0.429465E-31   0.232190E-33   0.171798E-30   0.743614E-33   0.687196E-30
   0.233333E+01   0.127835E-39   0.163547E-35   0.327094E-35   0.654188E-35   0.327869E-36   0.249205E-38   0.131373E-35   0.262822E-35   0.525643E-35   0.105099E-34   0.210107E-34   0.419582E-34   0.645969E-32   0.182441E-25   0.235342E-21   0.821041E-20   0.547681E-20   0.548734E-21   0.252199E-25   0.169251E-29   0.204482E-31   0.429650E-31   0.176643E-32   0.171872E-30   0.458277E-32   0.687442E-30
   0.233333E+01   0.682668E-38   0.410571E-37   0.821142E-37   0.164264E-36   0.327822E-36   0.110120E-36   0.131411E-35   0.262822E-35   0.525531E-35   0.105076E-34   0.210122E-34   0.419401E-34   0.689492E-30   0.196104E-23   0.250798E-19   0.862600E-18   0.573658E-18   0.570333E-19   0.260997E-23   0.175291E-27   0.215445E-31   0.429558E-31   0.171243E-30   0.171823E-30   0.422835E-30   0.687097E-30
   0.233333E+01   0.541682E-33   0.465290E-37   0.940396E-37   0.189760E-36   0.381260E-36   0.888934E-32   0.154084E-35   0.309390E-35   0.620812E-35   0.124478E-34   0.248791E-34   0.497461E-34   0.488627E-25   0.138904E-18   0.177350E-14   0.609194E-13   0.403935E-13   0.398703E-14   0.183051E-18   0.122519E-22   0.898709E-28   0.357171E-30   0.120329E-25   0.678169E-30   0.296818E-25   0.141403E-29
   0.233333E+01   0.218487E-31   0.403615E-36   0.877665E-36   0.187759E-35   0.393038E-35   0.277356E-30   0.166878E-34   0.343088E-34   0.701392E-34   0.142690E-33   0.284606E-33   0.572937E-33   0.430106E-24   0.122173E-17   0.154416E-13   0.526137E-12   0.347518E-12   0.346247E-13   0.158045E-17   0.105765E-21   0.804367E-27   0.218963E-28   0.101267E-24   0.353631E-28   0.249382E-24   0.510706E-28
   0.233333E+01   0.645946E-33   0.384539E-36   0.840702E-36   0.180644E-35   0.379395E-35   0.655336E-32   0.161860E-34   0.333380E-34   0.682505E-34   0.139012E-33   0.277421E-33   0.558841E-33   0.568929E-26   0.161534E-19   0.203508E-15   0.691644E-14   0.456021E-14   0.453832E-15   0.207589E-19   0.138899E-23   0.126651E-28   0.720195E-29   0.132085E-26   0.221619E-28   0.325093E-26   0.653963E-28
   0.233333E+01   0.774830E-32   0.347627E-33   0.746694E-33   0.157911E-32   0.325603E-32   0.828796E-31   0.130132E-31   0.252723E-31   0.477026E-31   0.875996E-31   0.155655E-30   0.272964E-30   0.651121E-25   0.184862E-18   0.232874E-14   0.791379E-13   0.521729E-13   0.519119E-14   0.237509E-18   0.158917E-22   0.124572E-27   0.457448E-28   0.151066E-25   0.120863E-27   0.371784E-25   0.327518E-27
   0.233333E+01   0.427114E-35   0.163556E-35   0.327112E-35   0.654226E-35   0.130839E-34   0.667599E-34   0.523386E-34   0.104676E-33   0.209353E-33   0.418704E-33   0.837396E-33   0.167470E-32   0.420329E-27   0.119529E-20   0.152786E-16   0.525286E-15   0.349225E-15   0.347184E-16   0.159071E-20   0.106692E-24   0.696551E-30   0.452884E-31   0.104068E-27   0.175631E-30   0.256787E-27   0.692718E-30
   0.233333E+01   0.490976E-35   0.411981E-37   0.824551E-37   0.164945E-36   0.329256E-36   0.785724E-34   0.132041E-35   0.264101E-35   0.527900E-35   0.105542E-34   0.211040E-34   0.421147E-34   0.499046E-27   0.141921E-20   0.181485E-16   0.624169E-15   0.415092E-15   0.412738E-16   0.189129E-20   0.126888E-24   0.824595E-30   0.457322E-31   0.123794E-27   0.176260E-30   0.305485E-27   0.693704E-30
   0.233333E+01   0.473677E-33   0.548691E-37   0.113224E-36   0.232583E-36   0.473324E-36   0.776123E-32   0.192913E-35   0.385901E-35   0.766234E-35   0.151103E-34   0.295585E-34   0.577688E-34   0.495523E-25   0.140922E-18   0.180270E-14   0.620159E-13   0.412484E-13   0.409947E-14   0.187183E-18   0.125520E-22   0.802921E-28   0.318967E-30   0.123107E-25   0.616342E-30   0.303806E-25   0.132139E-29
   0.233333E+01   0.156643E-28   0.455477E-33   0.103301E-32   0.228230E-32   0.487769E-32   0.262681E-27   0.207235E-31   0.415505E-31   0.812734E-31   0.155503E-30   0.288741E-30   0.534542E-30   0.121194E-20   0.344502E-14   0.439247E-10   0.150714E-08   0.998635E-09   0.989657E-10   0.453036E-14   0.303210E-18   0.228634E-23   0.941519E-26   0.296623E-21   0.151503E-25   0.731525E-21   0.215669E-25
   0.233333E+01   0.310223E-29   0.480272E-33   0.113178E-32   0.257964E-32   0.565364E-32   0.349045E-28   0.249118E-31   0.505985E-31   0.999924E-31   0.192873E-30   0.360386E-30   0.670456E-30   0.392335E-22   0.111450E-15   0.140652E-11   0.478653E-10   0.317122E-10   0.316491E-11   0.143987E-15   0.963821E-20   0.722213E-25   0.708157E-26   0.917831E-23   0.120569E-25   0.225997E-22   0.178341E-25
   0.233333E+01   0.443882E-31   0.605784E-33   0.147207E-32   0.344085E-32   0.769712E-32   0.461275E-30   0.349059E-31   0.713598E-31   0.140776E-30   0.268473E-30   0.492278E-30   0.889980E-30   0.457208E-24   0.129872E-17   0.163627E-13   0.556079E-12   0.369682E-12   0.368918E-13   0.167518E-17   0.112158E-21   0.839569E-27   0.242562E-27   0.106193E-24   0.607596E-27   0.261430E-24   0.151727E-26
   0.233333E+01   0.116018E-28   0.427342E-29   0.703094E-29   0.114243E-28   0.184107E-28   0.120449E-27   0.471965E-28   0.752926E-28   0.119924E-27   0.190806E-27   0.303322E-27   0.482005E-27   0.102971E-21   0.292557E-15   0.368595E-11   0.125259E-09   0.835870E-10   0.835167E-11   0.377982E-15   0.253142E-19   0.186293E-24   0.493186E-25   0.239204E-22   0.122830E-24   0.588955E-22   0.304908E-24
   0.233333E+01   0.000000E+00   0.000000E+00   0.000000E+00   0.000000E+00   0.000000E+00   0.000000E+00   0.000000E+00   0.000000E+00   0.000000E+00   0.000000E+00   0.000000E+00   0.000000E+00   0.000000E+00   0.000000E+00   0.000000E+00   0.000000E+00   0.000000E+00   0.000000E+00   0.000000E+00   0.000000E+00   0.000000E+00   0.000000E+00   0.000000E+00   0.000000E+00   0.000000E+00   0.000000E+00
   0.233333E+01   0.231181E-26   0.461863E-26   0.923713E-26   0.184740E-25   0.369476E-25   0.739290E-25   0.147788E-24   0.295575E-24   0.591147E-24   0.118229E-23   0.236458E-23   0.472913E-23   0.425753E-20   0.226347E-13   0.358776E-09   0.153655E-07   0.127700E-07   0.124693E-08   0.508511E-13   0.345566E-17   0.209921E-20   0.484257E-20   0.995829E-20   0.193702E-19   0.390858E-19   0.774814E-19
   0.250000E+01   0.218750E-25   0.437500E-25   0.853111E-25   0.175000E-24   0.345937E-24   0.700000E-24   0.139237E-23   0.280000E-23   0.558520E-23   0.112000E-22   0.223693E-22   0.448000E-22   0.373626E-19   0.201991E-12   0.323422E-08   0.139481E-06   0.121229E-06   0.153369E-07   0.639100E-12   0.409907E-16   0.197614E-20   0.458750E-19   0.942536E-19   0.183499E-18   0.369789E-18   0.734002E-18
   0.250000E+01   0.734684E-40   0.123427E-39   0.249280E-39   0.654159E-35   0.917657E-39   0.261665E-34   0.378708E-38   0.104665E-33   0.148177E-37   0.418657E-33   0.608628E-37   0.167464E-32   0.231055E-33   0.752170E-27   0.107531E-22   0.518443E-21   0.295991E-21   0.291327E-22   0.984574E-27   0.875090E-31   0.353820E-32   0.171479E-29   0.353088E-33   0.685914E-29   0.850759E-33   0.274370E-28
   0.250000E+01   0.333547E-39   0.943334E-39   0.925376E-39   0.654152E-35   0.310155E-38   0.261661E-34   0.154764E-37   0.104664E-33   0.305686E-37   0.418656E-33   0.999055E-37   0.167464E-32   0.240794E-31   0.683803E-25   0.878102E-21   0.303196E-19   0.208280E-19   0.268980E-20   0.131274E-24   0.824451E-29   0.367784E-32   0.429496E-31   0.627886E-32   0.171736E-30   0.154137E-31   0.687196E-30
   0.250000E+01   0.749378E-40   0.132243E-39   0.260552E-39   0.654155E-35   0.940139E-39   0.261664E-34   0.387758E-38   0.104665E-33   0.163063E-37   0.418661E-33   0.563068E-37   0.167463E-32   0.956520E-33   0.303554E-26   0.393565E-22   0.139794E-20   0.873533E-21   0.107170E-21   0.475872E-26   0.363573E-30   0.354259E-32   0.171480E-29   0.528174E-33   0.685918E-29   0.131597E-32   0.274370E-28
   0.250000E+01   0.105060E-38   0.310918E-38   0.316579E-38   0.654152E-35   0.918887E-38   0.261664E-34   0.458697E-37   0.104664E-33   0.755761E-37   0.418657E-33   0.202032E-36   0.167463E-32   0.919402E-31   0.262010E-24   0.336616E-20   0.116039E-18   0.802423E-19   0.102966E-19   0.483031E-24   0.316444E-28   0.411326E-32   0.429496E-31   0.237666E-31   0.171773E-30   0.584278E-31   0.687294E-30
   0.250000E+01   0.899444E-37   0.273549E-36   0.267505E-36   0.654156E-35   0.777913E-36   0.261664E-34   0.396685E-35   0.262295E-35   0.569462E-35   0.104880E-34   0.148634E-34   0.419732E-34   0.862983E-29   0.245780E-22   0.315716E-18   0.108841E-16   0.752331E-17   0.965522E-18   0.453136E-22   0.285997E-26   0.588771E-31   0.430051E-31   0.221999E-29   0.171896E-30   0.547006E-29   0.687442E-30
   0.250000E+01   0.872095E-35   0.261462E-34   0.252603E-34   0.164169E-36   0.722356E-34   0.656537E-36   0.364637E-33   0.262709E-35   0.519293E-33   0.105061E-34   0.134710E-32   0.420364E-34   0.783052E-27   0.222990E-20   0.286184E-16   0.985892E-15   0.681004E-15   0.873471E-16   0.409479E-20   0.258442E-24   0.501131E-29   0.473006E-31   0.200613E-27   0.178971E-30   0.494200E-27   0.697648E-30
   0.250000E+01   0.999170E-40   0.182202E-39   0.340394E-39   0.654155E-35   0.126392E-38   0.261660E-34   0.490023E-38   0.104664E-33   0.144059E-37   0.418657E-33   0.667264E-37   0.167464E-32   0.360248E-32   0.105841E-25   0.135920E-21   0.471227E-20   0.332087E-20   0.423470E-21   0.194174E-25   0.127233E-29   0.354714E-32   0.429527E-31   0.119185E-32   0.685921E-29   0.296491E-32   0.274370E-28
   0.250000E+01   0.353971E-38   0.107088E-37   0.105978E-37   0.654152E-35   0.311230E-37   0.261664E-34   0.157722E-36   0.104665E-33   0.234246E-36   0.418659E-33   0.630165E-36   0.167465E-32   0.333868E-30   0.951119E-24   0.122166E-19   0.421225E-18   0.291219E-18   0.373795E-19   0.175369E-23   0.110703E-27   0.566540E-32   0.429712E-31   0.860557E-31   0.171810E-30   0.212223E-30   0.687196E-30
   0.250000E+01   0.305076E-36   0.934283E-36   0.918101E-36   0.163829E-36   0.268977E-35   0.655690E-36   0.137840E-34   0.262163E-35   0.198263E-34   0.104888E-34   0.517665E-34   0.419612E-34   0.301873E-28   0.859773E-22   0.110485E-17   0.381010E-16   0.263435E-16   0.338144E-17   0.158713E-21   0.100197E-25   0.197466E-30   0.431283E-31   0.777889E-29   0.172081E-30   0.191679E-28   0.687787E-30
   0.250000E+01   0.258805E-34   0.798287E-34   0.788804E-34   0.164710E-36   0.232930E-33   0.659076E-36   0.119984E-32   0.263612E-35   0.173065E-32   0.105452E-34   0.452569E-32   0.421839E-34   0.263413E-26   0.750241E-20   0.964421E-16   0.332670E-14   0.230039E-14   0.295066E-15   0.138097E-19   0.872553E-24   0.164111E-28   0.577376E-31   0.679775E-27   0.196006E-30   0.167508E-26   0.722152E-30
   0.250000E+01   0.202001E-32   0.626610E-32   0.623518E-32   0.225989E-36   0.185567E-31   0.918484E-36   0.950041E-31   0.370083E-35   0.138933E-30   0.148996E-34   0.363949E-30   0.598513E-34   0.143632E-24   0.408761E-18   0.523657E-14   0.180144E-12   0.123864E-12   0.157628E-13   0.744530E-18   0.469087E-22   0.881543E-27   0.123349E-29   0.364848E-25   0.211430E-29   0.898319E-25   0.348868E-29
   0.250000E+01   0.568284E-32   0.126151E-31   0.144589E-31   0.765282E-36   0.377644E-31   0.313716E-35   0.132789E-30   0.126295E-34   0.246623E-30   0.510093E-34   0.624620E-30   0.205310E-33   0.634779E-25   0.180520E-18   0.229157E-14   0.782612E-13   0.535409E-13   0.687544E-14   0.323037E-18   0.203552E-22   0.382304E-27   0.109342E-28   0.154873E-25   0.181499E-28   0.380738E-25   0.265623E-28
   0.250000E+01   0.179263E-39   0.496646E-39   0.591941E-39   0.654152E-35   0.193542E-38   0.261663E-34   0.704184E-38   0.104665E-33   0.226214E-37   0.418655E-33   0.755897E-37   0.167462E-32   0.115006E-31   0.326254E-25   0.418943E-21   0.146460E-19   0.100204E-19   0.128496E-20   0.625183E-25   0.398238E-29   0.359683E-32   0.429496E-31   0.309263E-32   0.171835E-30   0.780620E-32   0.687245E-30
   0.250000E+01   0.105633E-37   0.322703E-37   0.318170E-37   0.654152E-35   0.934421E-37   0.261664E-34   0.477668E-36   0.104665E-33   0.698660E-36   0.418654E-33   0.183357E-35   0.167464E-32   0.103757E-29   0.295526E-23   0.379773E-19   0.130968E-17   0.905579E-18   0.116241E-18   0.545549E-23   0.344421E-27   0.101891E-31   0.429588E-31   0.267494E-30   0.171872E-30   0.659288E-30   0.687196E-30
   0.250000E+01   0.101040E-35   0.311493E-35   0.307709E-35   0.163911E-36   0.908202E-35   0.655785E-36   0.467633E-34   0.262295E-35   0.674507E-34   0.104926E-34   0.176382E-33   0.419522E-34   0.103049E-27   0.293510E-21   0.377325E-17   0.130162E-15   0.900216E-16   0.115570E-16   0.542505E-21   0.342571E-25   0.666656E-30   0.435351E-31   0.266017E-28   0.172734E-30   0.655528E-28   0.688527E-30
   0.250000E+01   0.838370E-34   0.260308E-33   0.258587E-33   0.166133E-36   0.769350E-33   0.664953E-36   0.398162E-32   0.266094E-35   0.576050E-32   0.106468E-34   0.150921E-31   0.425961E-34   0.866527E-26   0.246796E-19   0.317315E-15   0.109473E-13   0.756961E-14   0.969775E-15   0.453787E-19   0.286428E-23   0.538859E-28   0.923364E-31   0.223809E-26   0.252076E-30   0.551516E-26   0.801778E-30
   0.250000E+01   0.605020E-32   0.178694E-31   0.185709E-31   0.325036E-36   0.546871E-31   0.134241E-35   0.253672E-30   0.544263E-35   0.402509E-30   0.220541E-34   0.104897E-29   0.889659E-34   0.285524E-24   0.812367E-18   0.103800E-13   0.356347E-12   0.244407E-12   0.312225E-13   0.147181E-17   0.927330E-22   0.174181E-26   0.376004E-29   0.716909E-25   0.621192E-29   0.176432E-24   0.928922E-29
   0.250000E+01   0.730022E-32   0.158277E-31   0.183453E-31   0.168495E-35   0.475500E-31   0.717695E-35   0.163340E-30   0.294989E-34   0.308248E-30   0.120991E-33   0.779349E-30   0.491750E-33   0.717520E-25   0.204067E-18   0.258931E-14   0.883960E-13   0.605567E-13   0.778341E-14   0.365106E-18   0.230096E-22   0.432002E-27   0.274913E-28   0.174731E-25   0.537639E-28   0.429546E-25   0.853194E-28
   0.250000E+01   0.780436E-32   0.164934E-31   0.191316E-31   0.118086E-33   0.490210E-31   0.490305E-33   0.165662E-30   0.197922E-32   0.316480E-30   0.803519E-32   0.804026E-30   0.324428E-31   0.690783E-25   0.196474E-18   0.249180E-14   0.850339E-13   0.583393E-13   0.750238E-14   0.351454E-18   0.221523E-22   0.415791E-27   0.465652E-28   0.167893E-25   0.122299E-27   0.412725E-25   0.327381E-27
   0.250000E+01   0.719990E-40   0.117549E-39   0.247502E-39   0.654154E-35   0.100350E-38   0.261662E-34   0.338447E-38   0.104664E-33   0.154540E-37   0.418658E-33   0.574017E-37   0.167463E-32   0.171428E-33   0.335790E-27   0.473138E-23   0.231448E-21   0.115509E-21   0.353728E-22   0.000000E+00   0.640942E-31   0.352554E-32   0.429650E-31   0.226664E-33   0.171822E-30   0.793737E-33   0.687048E-30
   0.250000E+01   0.343744E-37   0.105830E-36   0.104656E-36   0.654155E-35   0.308962E-36   0.261662E-34   0.158913E-35   0.104665E-33   0.230057E-35   0.418661E-33   0.603132E-35   0.419552E-34   0.349111E-29   0.994367E-23   0.127830E-18   0.440960E-17   0.304970E-17   0.391523E-18   0.183782E-22   0.116048E-26   0.259867E-31   0.429835E-31   0.901227E-30   0.171822E-30   0.222121E-29   0.687097E-30
   0.250000E+01   0.291446E-35   0.904371E-35   0.898199E-35   0.163993E-36   0.267097E-34   0.656161E-36   0.138164E-33   0.262389E-35   0.199889E-33   0.104956E-34   0.523642E-33   0.419853E-34   0.306264E-27   0.872351E-21   0.112191E-16   0.387136E-15   0.267823E-15   0.343882E-16   0.161423E-20   0.101967E-24   0.197759E-29   0.446598E-31   0.792011E-28   0.174670E-30   0.195184E-27   0.691239E-30
   0.250000E+01   0.236581E-33   0.739365E-33   0.738455E-33   0.170470E-36   0.221361E-32   0.683573E-36   0.115088E-31   0.273768E-35   0.167027E-31   0.109673E-34   0.438425E-31   0.438811E-34   0.241268E-25   0.687087E-19   0.883282E-15   0.304696E-13   0.210563E-13   0.269086E-14   0.126202E-18   0.795903E-23   0.149630E-27   0.187375E-30   0.622678E-26   0.406297E-30   0.153432E-25   0.101921E-29
   0.250000E+01   0.151597E-31   0.403932E-31   0.442363E-31   0.659699E-36   0.125509E-30   0.280026E-35   0.518154E-30   0.114881E-34   0.887410E-30   0.470717E-34   0.228959E-29   0.189277E-33   0.440182E-24   0.125239E-17   0.159611E-13   0.546806E-12   0.374914E-12   0.482640E-13   0.225921E-17   0.142403E-21   0.267246E-26   0.114276E-28   0.109284E-24   0.186496E-28   0.268853E-24   0.268046E-28
   0.250000E+01   0.862283E-32   0.183883E-31   0.213177E-31   0.530969E-35   0.547865E-31   0.230669E-34   0.186045E-30   0.956098E-34   0.352570E-30   0.395289E-33   0.890096E-30   0.159350E-32   0.790617E-25   0.224863E-18   0.285237E-14   0.973533E-13   0.667268E-13   0.859993E-14   0.402221E-18   0.253535E-22   0.475891E-27   0.436707E-28   0.192301E-25   0.101844E-27   0.472729E-25   0.212460E-27
   0.250000E+01   0.874752E-32   0.184819E-31   0.214957E-31   0.414196E-33   0.553118E-31   0.174876E-32   0.187323E-30   0.711073E-32   0.363178E-30   0.290200E-31   0.936649E-30   0.114238E-30   0.769054E-25   0.218734E-18   0.277410E-14   0.946671E-13   0.649266E-13   0.836903E-14   0.391232E-18   0.246621E-22   0.462867E-27   0.517310E-28   0.186910E-25   0.135626E-27   0.459472E-25   0.363227E-27
   0.250000E+01   0.631828E-40   0.117549E-39   0.229709E-39   0.654154E-35   0.100109E-38   0.261662E-34   0.346837E-38   0.104665E-33   0.139149E-37   0.418656E-33   0.557449E-37   0.167464E-32   0.139130E-33   0.335790E-27   0.473138E-23   0.231448E-21   0.252675E-21   0.322522E-22   0.164099E-27   0.745722E-31   0.352507E-32   0.429588E-31   0.238781E-33   0.171835E-30   0.818162E-33   0.687294E-30
   0.250000E+01   0.148406E-39   0.290935E-39   0.510412E-39   0.654149E-35   0.137102E-38   0.655832E-36   0.523766E-38   0.262201E-35   0.176334E-37   0.104880E-34   0.676186E-37   0.419552E-34   0.927203E-32   0.263797E-25   0.343240E-21   0.116557E-19   0.815057E-20   0.106019E-20   0.503201E-25   0.321877E-29   0.358266E-32   0.429712E-31   0.257755E-32   0.171859E-30   0.659132E-32   0.687294E-30
   0.250000E+01   0.927024E-38   0.288643E-37   0.289502E-37   0.163887E-36   0.868597E-37   0.655643E-36   0.449959E-36   0.262107E-35   0.663666E-36   0.104895E-34   0.175200E-35   0.419732E-34   0.995324E-30   0.283537E-23   0.364796E-19   0.125929E-17   0.871468E-18   0.111878E-18   0.524361E-23   0.331768E-27   0.149648E-31   0.429558E-31   0.258076E-30   0.171835E-30   0.636220E-30   0.687048E-30
   0.250000E+01   0.725945E-33   0.228334E-32   0.229307E-32   0.196872E-36   0.692553E-32   0.800699E-36   0.361679E-31   0.323063E-35   0.526606E-31   0.130211E-34   0.138487E-30   0.521174E-34   0.678529E-25   0.193184E-18   0.248112E-14   0.855243E-13   0.589402E-13   0.758442E-14   0.353850E-18   0.223140E-22   0.419229E-27   0.503233E-30   0.174345E-25   0.919570E-30   0.429494E-25   0.174200E-29
   0.250000E+01   0.265581E-31   0.645297E-31   0.732343E-31   0.235568E-35   0.200259E-30   0.103605E-34   0.753373E-30   0.434301E-34   0.136467E-29   0.180920E-33   0.349004E-29   0.726370E-33   0.517611E-24   0.147300E-17   0.187366E-13   0.640882E-12   0.440802E-12   0.567879E-13   0.265210E-17   0.167215E-21   0.313522E-26   0.315674E-28   0.127463E-24   0.513691E-28   0.313526E-24   0.727613E-28
   0.250000E+01   0.771130E-33   0.163465E-32   0.189483E-32   0.241615E-35   0.485586E-32   0.107003E-34   0.164283E-31   0.450372E-34   0.312095E-31   0.188148E-33   0.788557E-31   0.756358E-33   0.699150E-26   0.198863E-19   0.252230E-15   0.860807E-14   0.590718E-14   0.759183E-15   0.355817E-19   0.224270E-23   0.422038E-28   0.804843E-29   0.170020E-26   0.247961E-28   0.417977E-26   0.746175E-28
   0.250000E+01   0.928572E-32   0.196198E-31   0.231747E-31   0.217722E-32   0.610993E-31   0.907506E-32   0.208662E-30   0.336547E-31   0.425094E-30   0.113168E-30   0.111264E-29   0.343980E-30   0.802157E-25   0.228150E-18   0.289351E-14   0.987421E-13   0.677493E-13   0.870436E-14   0.408116E-18   0.257225E-22   0.482798E-27   0.537882E-28   0.194956E-25   0.140914E-27   0.479249E-25   0.377340E-27
   0.250000E+01   0.539901E-35   0.167301E-34   0.166114E-34   0.654203E-35   0.493444E-34   0.261701E-34   0.254956E-33   0.104673E-33   0.368872E-33   0.418690E-33   0.966054E-33   0.167476E-32   0.564291E-27   0.160730E-20   0.206699E-16   0.713224E-15   0.493394E-15   0.633508E-16   0.297407E-20   0.187841E-24   0.363995E-29   0.461667E-31   0.145893E-27   0.177012E-30   0.359535E-27   0.694542E-30
   0.250000E+01   0.639065E-35   0.199442E-34   0.199144E-34   0.164969E-36   0.596328E-34   0.661427E-36   0.309678E-33   0.263969E-35   0.449473E-33   0.105490E-34   0.117951E-32   0.421628E-34   0.689879E-27   0.196511E-20   0.252821E-16   0.872665E-15   0.603877E-15   0.775498E-16   0.364109E-20   0.230030E-24   0.445697E-29   0.469000E-31   0.178703E-27   0.178244E-30   0.440426E-27   0.696317E-30
   0.250000E+01   0.599704E-33   0.188493E-32   0.189272E-32   0.260313E-36   0.571334E-32   0.108587E-35   0.298205E-31   0.431717E-35   0.434194E-31   0.166623E-34   0.114169E-30   0.627432E-34   0.665484E-25   0.189565E-18   0.243965E-14   0.842318E-13   0.582954E-13   0.748233E-14   0.349966E-18   0.221232E-22   0.415162E-27   0.425148E-30   0.172634E-25   0.792799E-30   0.425491E-25   0.156046E-29
   0.250000E+01   0.195569E-28   0.617487E-28   0.625020E-28   0.317924E-32   0.190079E-27   0.142403E-31   0.978334E-27   0.564594E-31   0.145414E-26   0.206077E-30   0.382873E-26   0.693888E-30   0.153741E-20   0.437728E-14   0.561417E-10   0.193307E-08   0.133285E-08   0.170595E-09   0.800324E-14   0.504532E-18   0.946515E-23   0.128544E-25   0.392655E-21   0.208740E-25   0.967108E-21   0.292925E-25
   0.250000E+01   0.361859E-29   0.798321E-29   0.937028E-29   0.392719E-32   0.246508E-28   0.184244E-31   0.853202E-28   0.752490E-31   0.161818E-27   0.279853E-30   0.410255E-27   0.953208E-30   0.463581E-22   0.131942E-15   0.167609E-11   0.572682E-10   0.395084E-10   0.509972E-11   0.237327E-15   0.149686E-19   0.280447E-24   0.100208E-25   0.113524E-22   0.178870E-25   0.279215E-22   0.266075E-25
   0.250000E+01   0.512096E-31   0.108429E-30   0.126776E-30   0.562180E-32   0.330579E-30   0.273755E-31   0.112947E-29   0.112222E-30   0.225047E-29   0.398810E-30   0.584297E-29   0.125548E-29   0.539526E-24   0.153550E-17   0.194776E-13   0.664717E-12   0.459835E-12   0.593311E-13   0.275785E-17   0.173971E-21   0.325858E-26   0.279374E-27   0.131300E-24   0.700062E-27   0.322879E-24   0.174996E-26
   0.250000E+01   0.131618E-28   0.263504E-28   0.326571E-28   0.130489E-28   0.841221E-28   0.334475E-28   0.267364E-27   0.849027E-28   0.541515E-27   0.214659E-27   0.136648E-26   0.541615E-27   0.119102E-21   0.339071E-15   0.430117E-11   0.146783E-09   0.101940E-09   0.131793E-10   0.610104E-15   0.385026E-19   0.720507E-24   0.553168E-25   0.289953E-22   0.137746E-24   0.713134E-22   0.341849E-24
   0.250000E+01   0.000000E+00   0.000000E+00   0.000000E+00   0.000000E+00   0.000000E+00   0.000000E+00   0.000000E+00   0.000000E+00   0.000000E+00   0.000000E+00   0.000000E+00   0.000000E+00   0.000000E+00   0.000000E+00   0.000000E+00   0.000000E+00   0.000000E+00   0.000000E+00   0.000000E+00   0.000000E+00   0.000000E+00   0.000000E+00   0.000000E+00   0.000000E+00   0.000000E+00   0.000000E+00
   0.250000E+01   0.231234E-26   0.462674E-26   0.901468E-26   0.184742E-25   0.365435E-25   0.738950E-25   0.147096E-24   0.295576E-24   0.589765E-24   0.118229E-23   0.236180E-23   0.472914E-23   0.409403E-20   0.217493E-13   0.346878E-09   0.149119E-07   0.129269E-07   0.163560E-08   0.682432E-13   0.437614E-17   0.209523E-21   0.484257E-20   0.998757E-20   0.193702E-19   0.391289E-19   0.774814E-19
   0.266667E+01   0.218750E-25   0.421548E-25   0.875000E-25   0.175000E-24   0.350000E-24   0.700000E-24   0.139244E-23   0.280000E-23   0.560000E-23   0.112000E-22   0.224000E-22   0.448000E-22   0.356393E-19   0.193310E-12   0.311705E-08   0.135029E-06   0.118858E-06   0.222764E-07   0.978425E-12   0.943004E-17   0.388737E-20   0.458750E-19   0.944462E-19   0.183499E-18   0.369982E-18   0.734002E-18
   0.266667E+01   0.817739E-36   0.148687E-37   0.327075E-35   0.654159E-35   0.130831E-34   0.261665E-34   0.490669E-36   0.104665E-33   0.209328E-33   0.418657E-33   0.837321E-33   0.167464E-32   0.303344E-33   0.111833E-26   0.178254E-22   0.501855E-21   0.430314E-21   0.799337E-22   0.225926E-26   0.357733E-31   0.689475E-32   0.171479E-29   0.377695E-33   0.685914E-29   0.100105E-32   0.274370E-28
   0.266667E+01   0.817744E-36   0.149338E-37   0.327098E-35   0.654193E-35   0.130839E-34   0.261661E-34   0.491978E-36   0.104670E-33   0.209338E-33   0.418679E-33   0.837357E-33   0.167464E-32   0.333939E-31   0.954564E-25   0.122663E-20   0.424516E-19   0.298064E-19   0.559011E-20   0.290772E-24   0.276808E-29   0.718243E-32   0.429558E-31   0.899889E-32   0.171724E-30   0.218486E-31   0.687245E-30
   0.266667E+01   0.817733E-36   0.148715E-37   0.327095E-35   0.654192E-35   0.130839E-34   0.261664E-34   0.491042E-36   0.104670E-33   0.209339E-33   0.418675E-33   0.837357E-33   0.167463E-32   0.126551E-32   0.371491E-26   0.522324E-22   0.166688E-20   0.118336E-20   0.220213E-21   0.102084E-25   0.120313E-30   0.690331E-32   0.171479E-29   0.640451E-33   0.685920E-29   0.159005E-32   0.274371E-28
   0.266667E+01   0.817734E-36   0.151688E-37   0.327095E-35   0.654190E-35   0.130839E-34   0.261664E-34   0.494129E-36   0.104670E-33   0.209340E-33   0.418676E-33   0.837357E-33   0.167463E-32   0.127648E-30   0.364215E-24   0.470569E-20   0.162798E-18   0.113768E-18   0.214345E-19   0.106861E-23   0.105868E-28   0.805511E-32   0.429558E-31   0.343437E-31   0.171810E-30   0.847955E-31   0.687294E-30
   0.266667E+01   0.817747E-36   0.416668E-37   0.327097E-35   0.654196E-35   0.130838E-34   0.261664E-34   0.342140E-36   0.262822E-35   0.525568E-35   0.105069E-34   0.210137E-34   0.419732E-34   0.119880E-28   0.341851E-22   0.441750E-18   0.152833E-16   0.106761E-16   0.201173E-17   0.100363E-21   0.948657E-27   0.117695E-30   0.430359E-31   0.321679E-29   0.171896E-30   0.791586E-29   0.687492E-30
   0.266667E+01   0.205697E-37   0.256248E-35   0.822905E-37   0.164569E-36   0.329186E-36   0.656819E-36   0.300460E-34   0.263292E-35   0.526509E-35   0.105272E-34   0.210574E-34   0.420575E-34   0.108747E-26   0.310071E-20   0.400323E-16   0.138401E-14   0.966138E-15   0.181931E-15   0.906422E-20   0.856859E-25   0.100326E-28   0.491711E-31   0.290616E-27   0.182016E-30   0.715011E-27   0.701790E-30
   0.266667E+01   0.817742E-36   0.148828E-37   0.327094E-35   0.654191E-35   0.130839E-34   0.261662E-34   0.490668E-36   0.104670E-33   0.209340E-33   0.418676E-33   0.837354E-33   0.167463E-32   0.491038E-32   0.141783E-25   0.187581E-21   0.654204E-20   0.456132E-20   0.840121E-21   0.430087E-25   0.426787E-30   0.692152E-32   0.429773E-31   0.155520E-32   0.685919E-29   0.403213E-32   0.274369E-28
   0.266667E+01   0.817743E-36   0.159163E-37   0.327094E-35   0.654180E-35   0.130837E-34   0.261663E-34   0.503576E-36   0.104669E-33   0.209339E-33   0.418678E-33   0.837354E-33   0.167463E-32   0.463495E-30   0.132188E-23   0.170833E-19   0.591078E-18   0.412936E-18   0.778013E-19   0.388149E-23   0.366985E-28   0.111598E-31   0.429619E-31   0.124523E-30   0.171884E-30   0.306806E-30   0.687344E-30
   0.266667E+01   0.817739E-36   0.919925E-37   0.821259E-37   0.164158E-36   0.328598E-36   0.655690E-36   0.115035E-35   0.262784E-35   0.525643E-35   0.105084E-34   0.210197E-34   0.419371E-34   0.419199E-28   0.119543E-21   0.154538E-17   0.534823E-16   0.373702E-16   0.704296E-17   0.351405E-21   0.332233E-26   0.395024E-30   0.432023E-31   0.112680E-28   0.172217E-30   0.277302E-28   0.687639E-30
   0.266667E+01   0.206329E-37   0.781701E-35   0.825667E-37   0.165110E-36   0.330338E-36   0.659217E-36   0.987629E-34   0.264270E-35   0.528690E-35   0.105716E-34   0.211446E-34   0.422019E-34   0.365232E-26   0.104152E-19   0.134685E-15   0.466237E-14   0.325816E-14   0.613565E-15   0.305214E-19   0.288768E-24   0.331112E-28   0.640546E-31   0.983109E-27   0.206446E-30   0.241947E-26   0.736204E-30
   0.266667E+01   0.280811E-37   0.606196E-33   0.115575E-36   0.233876E-36   0.472337E-36   0.950410E-36   0.780294E-32   0.383625E-35   0.770372E-35   0.154541E-34   0.309894E-34   0.620179E-34   0.188043E-24   0.535749E-18   0.690337E-14   0.238301E-12   0.165610E-12   0.308938E-13   0.155370E-17   0.146586E-22   0.167974E-26   0.171845E-29   0.497863E-25   0.292597E-29   0.122420E-24   0.457204E-29
   0.266667E+01   0.102604E-36   0.334955E-32   0.427480E-36   0.870183E-36   0.176512E-35   0.356852E-35   0.362479E-31   0.143738E-34   0.289081E-34   0.580758E-34   0.116569E-33   0.233708E-33   0.777747E-25   0.221466E-18   0.282953E-14   0.970146E-13   0.671189E-13   0.126128E-13   0.631791E-18   0.596148E-23   0.682511E-27   0.157516E-28   0.198362E-25   0.267900E-28   0.487063E-25   0.382890E-28
   0.266667E+01   0.817744E-36   0.149253E-37   0.327092E-35   0.654194E-35   0.130838E-34   0.261663E-34   0.491417E-36   0.104670E-33   0.209340E-33   0.418682E-33   0.837357E-33   0.167463E-32   0.157881E-31   0.447974E-25   0.578909E-21   0.201011E-19   0.139927E-19   0.264550E-20   0.137226E-24   0.132203E-29   0.702126E-32   0.429434E-31   0.442749E-32   0.171859E-30   0.109815E-31   0.687294E-30
   0.266667E+01   0.817736E-36   0.179947E-37   0.327095E-35   0.654193E-35   0.130838E-34   0.261662E-34   0.529578E-36   0.104669E-33   0.209340E-33   0.418678E-33   0.837362E-33   0.167464E-32   0.143078E-29   0.408037E-23   0.527481E-19   0.182555E-17   0.127559E-17   0.240402E-18   0.119943E-22   0.113404E-27   0.201204E-31   0.429588E-31   0.384711E-30   0.171773E-30   0.946960E-30   0.687196E-30
   0.266667E+01   0.205359E-37   0.305672E-36   0.821377E-37   0.164299E-36   0.328480E-36   0.655549E-36   0.386605E-35   0.262859E-35   0.525531E-35   0.105099E-34   0.210167E-34   0.419552E-34   0.143056E-27   0.407969E-21   0.527606E-17   0.182651E-15   0.127662E-15   0.240636E-16   0.120078E-20   0.113552E-25   0.133364E-29   0.437693E-31   0.385214E-28   0.173191E-30   0.948055E-28   0.689217E-30
   0.266667E+01   0.208048E-37   0.254788E-34   0.833602E-37   0.166814E-36   0.333676E-36   0.666505E-36   0.327581E-33   0.266659E-35   0.533242E-35   0.106716E-34   0.213854E-34   0.426954E-34   0.119748E-25   0.341471E-19   0.441655E-15   0.152909E-13   0.106851E-13   0.200950E-14   0.999800E-19   0.945104E-24   0.108459E-27   0.113371E-30   0.322574E-26   0.287316E-30   0.793878E-26   0.848912E-30
   0.266667E+01   0.397317E-37   0.184232E-32   0.167902E-36   0.343491E-36   0.700572E-36   0.142080E-35   0.241338E-31   0.576519E-35   0.116180E-34   0.233820E-34   0.470258E-34   0.943284E-34   0.359526E-24   0.102413E-17   0.131632E-13   0.453478E-12   0.314449E-12   0.588618E-13   0.295500E-17   0.278806E-22   0.319218E-26   0.524504E-29   0.941316E-25   0.869612E-29   0.231358E-24   0.125879E-28
   0.266667E+01   0.208492E-36   0.441402E-32   0.933919E-36   0.195300E-35   0.404770E-35   0.832612E-35   0.471932E-31   0.342360E-34   0.694505E-34   0.140478E-33   0.283527E-33   0.571032E-33   0.873304E-25   0.248702E-18   0.317630E-14   0.108869E-12   0.754130E-13   0.141830E-13   0.709409E-18   0.669497E-23   0.766192E-27   0.358126E-28   0.222385E-25   0.734566E-28   0.546045E-25   0.121449E-27
   0.266667E+01   0.159537E-34   0.472129E-32   0.677890E-34   0.139182E-33   0.284225E-33   0.577927E-33   0.498803E-31   0.233304E-32   0.470489E-32   0.947187E-32   0.190430E-31   0.382437E-31   0.836931E-25   0.238361E-18   0.304304E-14   0.104267E-12   0.723179E-13   0.136075E-13   0.679825E-18   0.641668E-23   0.734148E-27   0.541621E-28   0.212783E-25   0.141312E-27   0.522459E-25   0.374951E-27
   0.266667E+01   0.817747E-36   0.148517E-37   0.327097E-35   0.654193E-35   0.130837E-34   0.261663E-34   0.490762E-36   0.104669E-33   0.209341E-33   0.418677E-33   0.837354E-33   0.167463E-32   0.132713E-33   0.321359E-27   0.455997E-23   0.224042E-21   0.272532E-21   0.512776E-22   0.418384E-27   0.257365E-31   0.687565E-32   0.429650E-31   0.239475E-33   0.171822E-30   0.670045E-33   0.687048E-30
   0.266667E+01   0.817736E-36   0.251586E-37   0.327094E-35   0.654193E-35   0.130837E-34   0.261663E-34   0.620397E-36   0.104670E-33   0.209338E-33   0.418678E-33   0.210167E-34   0.419672E-34   0.480824E-29   0.137123E-22   0.177331E-18   0.613891E-17   0.429068E-17   0.808762E-18   0.403567E-22   0.381632E-27   0.514633E-31   0.429712E-31   0.129473E-29   0.171847E-30   0.318675E-29   0.687196E-30
   0.266667E+01   0.205432E-37   0.882143E-36   0.821553E-37   0.164311E-36   0.328715E-36   0.655926E-36   0.113373E-34   0.262972E-35   0.525907E-35   0.105189E-34   0.210318E-34   0.419702E-34   0.422307E-27   0.120438E-20   0.155819E-16   0.539597E-15   0.377248E-15   0.711188E-16   0.354829E-20   0.335685E-25   0.392999E-29   0.453932E-31   0.113918E-27   0.175902E-30   0.280384E-27   0.692816E-30
   0.266667E+01   0.213440E-37   0.718764E-34   0.857876E-37   0.171987E-36   0.344467E-36   0.688839E-36   0.940448E-33   0.276420E-35   0.553366E-35   0.110726E-34   0.221407E-34   0.442332E-34   0.328609E-25   0.936927E-19   0.121158E-14   0.419408E-13   0.292913E-13   0.549186E-14   0.274038E-18   0.258835E-23   0.296812E-27   0.247261E-30   0.884318E-26   0.506630E-30   0.217620E-25   0.115302E-29
   0.266667E+01   0.795222E-37   0.547425E-32   0.353918E-36   0.738904E-36   0.152981E-35   0.314459E-35   0.726874E-31   0.129254E-34   0.262186E-34   0.530308E-34   0.105958E-33   0.213342E-33   0.534794E-24   0.152358E-17   0.195358E-13   0.671719E-12   0.465851E-12   0.876890E-13   0.437929E-17   0.413365E-22   0.472751E-26   0.159358E-28   0.138582E-24   0.262071E-28   0.340506E-24   0.368580E-28
   0.266667E+01   0.659235E-36   0.520860E-32   0.306342E-35   0.649830E-35   0.136209E-34   0.282765E-34   0.547126E-31   0.117339E-33   0.239130E-33   0.485452E-33   0.970224E-33   0.195872E-32   0.959702E-25   0.273318E-18   0.348984E-14   0.119592E-12   0.828862E-13   0.156063E-13   0.779504E-18   0.735747E-23   0.841826E-27   0.529976E-28   0.244144E-25   0.126035E-27   0.599464E-25   0.272109E-27
   0.266667E+01   0.562033E-34   0.535528E-32   0.246399E-33   0.512250E-33   0.105662E-32   0.216582E-32   0.587739E-31   0.881610E-32   0.178455E-31   0.359795E-31   0.711800E-31   0.141282E-30   0.932317E-25   0.265525E-18   0.338980E-14   0.116149E-12   0.805421E-13   0.151667E-13   0.757240E-18   0.714769E-23   0.817751E-27   0.602274E-28   0.237026E-25   0.156821E-27   0.581980E-25   0.415948E-27
   0.266667E+01   0.817746E-36   0.148715E-37   0.327097E-35   0.654185E-35   0.130838E-34   0.261663E-34   0.490949E-36   0.104670E-33   0.209341E-33   0.418677E-33   0.837351E-33   0.167463E-32   0.132713E-33   0.732698E-27   0.455997E-23   0.224042E-21   0.294048E-21   0.558029E-22   0.585726E-27   0.326660E-31   0.687564E-32   0.429650E-31   0.220279E-33   0.171835E-30   0.768819E-33   0.687393E-30
   0.266667E+01   0.817736E-36   0.149026E-37   0.327094E-35   0.164299E-36   0.328527E-36   0.655690E-36   0.162745E-37   0.262709E-35   0.525343E-35   0.105084E-34   0.210152E-34   0.419491E-34   0.128495E-31   0.368663E-25   0.475066E-21   0.162834E-19   0.115467E-19   0.220048E-20   0.111788E-24   0.108543E-29   0.699413E-32   0.429558E-31   0.365439E-32   0.171810E-30   0.914651E-32   0.687344E-30
   0.266667E+01   0.205285E-37   0.331295E-38   0.821083E-37   0.164264E-36   0.328551E-36   0.655455E-36   0.528455E-37   0.262709E-35   0.525643E-35   0.105106E-34   0.210137E-34   0.419461E-34   0.138270E-29   0.394379E-23   0.510435E-19   0.176822E-17   0.123658E-17   0.233075E-18   0.116076E-22   0.110054E-27   0.282647E-31   0.429681E-31   0.373851E-30   0.171810E-30   0.920588E-30   0.687097E-30
   0.266667E+01   0.246104E-37   0.221371E-33   0.101821E-36   0.206464E-36   0.417724E-36   0.842829E-36   0.294807E-32   0.341326E-35   0.686376E-35   0.137900E-34   0.275544E-34   0.550725E-34   0.906478E-25   0.258375E-18   0.333774E-14   0.115449E-12   0.804784E-13   0.150503E-13   0.753661E-18   0.711434E-23   0.815339E-27   0.690845E-30   0.242776E-25   0.123488E-29   0.597282E-25   0.216424E-29
   0.266667E+01   0.283391E-36   0.130698E-31   0.136898E-35   0.292878E-35   0.621517E-35   0.130322E-34   0.162640E-30   0.547914E-34   0.112222E-33   0.228538E-33   0.456369E-33   0.916694E-33   0.610158E-24   0.173891E-17   0.222586E-13   0.764261E-12   0.531575E-12   0.100484E-12   0.499049E-17   0.471322E-22   0.538352E-26   0.437880E-28   0.156988E-24   0.719461E-28   0.385694E-24   0.100277E-27
   0.266667E+01   0.303344E-36   0.464071E-33   0.148647E-35   0.319624E-35   0.681133E-35   0.143296E-34   0.486089E-32   0.605052E-34   0.124133E-33   0.253128E-33   0.505802E-33   0.101668E-32   0.845163E-26   0.240719E-19   0.307336E-15   0.105313E-13   0.730453E-14   0.137623E-14   0.686686E-19   0.648213E-24   0.744102E-28   0.891330E-29   0.214982E-26   0.273432E-28   0.527886E-26   0.830878E-28
   0.266667E+01   0.300704E-33   0.608105E-32   0.139984E-32   0.293730E-32   0.605937E-32   0.121418E-31   0.797229E-31   0.437975E-31   0.801675E-31   0.142968E-30   0.247999E-30   0.424698E-30   0.972090E-25   0.276854E-18   0.353443E-14   0.121104E-12   0.839800E-13   0.158171E-13   0.789560E-18   0.745289E-23   0.852637E-27   0.625965E-28   0.247138E-25   0.162864E-27   0.606811E-25   0.431837E-27
   0.266667E+01   0.817806E-36   0.155837E-35   0.327128E-35   0.654260E-35   0.130853E-34   0.261706E-34   0.202722E-34   0.104683E-33   0.209361E-33   0.418727E-33   0.837434E-33   0.167478E-32   0.732240E-27   0.208828E-20   0.270159E-16   0.935515E-15   0.654022E-15   0.123298E-15   0.615311E-20   0.581986E-25   0.680761E-29   0.472667E-31   0.197475E-27   0.178885E-30   0.486039E-27   0.697007E-30
   0.266667E+01   0.206696E-37   0.189357E-35   0.827901E-37   0.165674E-36   0.331513E-36   0.663355E-36   0.247360E-34   0.265248E-35   0.530120E-35   0.105971E-34   0.211822E-34   0.422561E-34   0.921022E-27   0.262677E-20   0.339968E-16   0.117765E-14   0.823548E-15   0.155285E-15   0.775031E-20   0.733237E-25   0.857578E-29   0.483791E-31   0.248859E-27   0.180746E-30   0.612557E-27   0.699522E-30
   0.266667E+01   0.322262E-37   0.174168E-33   0.143163E-36   0.297682E-36   0.613984E-36   0.124875E-35   0.231736E-32   0.491300E-35   0.960934E-35   0.186371E-34   0.358073E-34   0.687828E-34   0.863849E-25   0.246372E-18   0.318966E-14   0.110518E-12   0.772972E-13   0.145667E-13   0.724100E-18   0.685346E-23   0.784148E-27   0.554397E-30   0.233736E-25   0.101139E-29   0.575359E-25   0.185214E-29
   0.266667E+01   0.373629E-33   0.563598E-29   0.197594E-32   0.434325E-32   0.932475E-32   0.193837E-31   0.764063E-28   0.751540E-31   0.143316E-30   0.267590E-30   0.487285E-30   0.883911E-30   0.188928E-20   0.538580E-14   0.694815E-10   0.240069E-08   0.167297E-08   0.314453E-09   0.156806E-13   0.148061E-18   0.169262E-22   0.169455E-25   0.503065E-21   0.278041E-25   0.123745E-20   0.385230E-25
   0.266667E+01   0.444595E-33   0.214734E-29   0.256834E-32   0.583079E-32   0.128497E-31   0.272782E-31   0.236512E-28   0.109005E-30   0.210096E-30   0.395600E-30   0.725172E-30   0.132226E-29   0.538813E-22   0.153588E-15   0.196369E-11   0.673595E-10   0.469873E-10   0.889828E-11   0.440456E-15   0.416142E-20   0.474938E-24   0.133030E-25   0.137960E-22   0.249738E-25   0.338927E-22   0.380323E-25
   0.266667E+01   0.614868E-33   0.310928E-31   0.383062E-32   0.894183E-32   0.201180E-31   0.431045E-31   0.392944E-30   0.167489E-30   0.311199E-30   0.559362E-30   0.975765E-30   0.168067E-29   0.628806E-24   0.179229E-17   0.228861E-13   0.784231E-12   0.548188E-12   0.103740E-12   0.513235E-17   0.484958E-22   0.553438E-26   0.318549E-27   0.160117E-24   0.798158E-27   0.393297E-24   0.199576E-26
   0.266667E+01   0.346956E-29   0.112035E-28   0.913989E-29   0.146655E-28   0.234439E-28   0.373816E-28   0.118944E-27   0.946225E-28   0.150380E-27   0.238887E-27   0.379353E-27   0.602303E-27   0.136075E-21   0.388020E-15   0.495496E-11   0.169790E-09   0.119169E-09   0.226068E-10   0.111334E-14   0.105256E-19   0.119976E-23   0.614537E-25   0.346703E-22   0.153004E-24   0.851769E-22   0.379612E-24
   0.266667E+01   0.000000E+00   0.000000E+00   0.000000E+00   0.000000E+00   0.000000E+00   0.000000E+00   0.000000E+00   0.000000E+00   0.000000E+00   0.000000E+00   0.000000E+00   0.000000E+00   0.000000E+00   0.000000E+00   0.000000E+00   0.000000E+00   0.000000E+00   0.000000E+00   0.000000E+00   0.000000E+00   0.000000E+00   0.000000E+00   0.000000E+00   0.000000E+00   0.000000E+00   0.000000E+00
   0.266667E+01   0.230943E-26   0.445155E-26   0.923732E-26   0.184743E-25   0.369481E-25   0.738954E-25   0.147006E-24   0.295577E-24   0.591150E-24   0.118229E-23   0.236458E-23   0.472915E-23   0.394527E-20   0.209280E-13   0.335767E-09   0.144860E-07   0.127087E-07   0.238198E-08   0.104801E-12   0.100977E-17   0.411990E-21   0.484257E-20   0.100183E-19   0.193702E-19   0.391749E-19   0.774814E-19
   0.283333E+01   0.218750E-25   0.437500E-25   0.875000E-25   0.175000E-24   0.350000E-24   0.700000E-24   0.140000E-23   0.280000E-23   0.560000E-23   0.112000E-22   0.224000E-22   0.448000E-22   0.340241E-19   0.185130E-12   0.300593E-08   0.130789E-06   0.119097E-06   0.263884E-07   0.162613E-11   0.162755E-15   0.642305E-20   0.458749E-19   0.946442E-19   0.183499E-18   0.370180E-18   0.734002E-18
   0.283333E+01   0.817739E-36   0.163540E-35   0.327075E-35   0.654159E-35   0.130831E-34   0.261665E-34   0.523327E-34   0.104665E-33   0.209328E-33   0.418657E-33   0.837321E-33   0.167464E-32   0.445706E-33   0.148956E-26   0.167901E-22   0.755131E-21   0.431977E-21   0.951576E-22   0.529650E-26   0.716429E-30   0.111994E-31   0.171478E-29   0.409608E-33   0.685913E-29   0.110508E-32   0.274370E-28
   0.283333E+01   0.817740E-36   0.163549E-35   0.327098E-35   0.654193E-35   0.130838E-34   0.261675E-34   0.523355E-34   0.104670E-33   0.209338E-33   0.418679E-33   0.837357E-33   0.167464E-32   0.448806E-31   0.128213E-24   0.166742E-20   0.578586E-19   0.416858E-19   0.919672E-20   0.648543E-24   0.635791E-28   0.114934E-31   0.429711E-31   0.125811E-31   0.171798E-30   0.307725E-31   0.687146E-30
   0.283333E+01   0.817739E-36   0.163549E-35   0.327095E-35   0.654192E-35   0.130838E-34   0.261675E-34   0.523349E-34   0.104670E-33   0.209339E-33   0.418675E-33   0.837357E-33   0.167463E-32   0.175794E-32   0.489955E-26   0.651617E-22   0.251710E-20   0.167751E-20   0.378842E-21   0.245312E-25   0.279978E-29   0.112079E-31   0.171478E-29   0.766514E-33   0.685917E-29   0.189233E-32   0.274371E-28
   0.283333E+01   0.817742E-36   0.163549E-35   0.327095E-35   0.654190E-35   0.130838E-34   0.261675E-34   0.523348E-34   0.104670E-33   0.209340E-33   0.418676E-33   0.837357E-33   0.167463E-32   0.171513E-30   0.489684E-24   0.636406E-20   0.220923E-18   0.159371E-18   0.352988E-19   0.247807E-23   0.243143E-27   0.123884E-31   0.429465E-31   0.480352E-31   0.171810E-30   0.118249E-30   0.687491E-30
   0.283333E+01   0.817737E-36   0.163549E-35   0.327097E-35   0.654196E-35   0.130838E-34   0.261675E-34   0.131336E-35   0.262822E-35   0.525568E-35   0.105069E-34   0.210137E-34   0.419732E-34   0.161130E-28   0.459864E-22   0.597753E-18   0.207529E-16   0.149684E-16   0.331602E-17   0.232896E-21   0.228518E-25   0.125189E-30   0.430543E-31   0.450524E-29   0.171909E-30   0.110726E-28   0.687491E-30
   0.283333E+01   0.205697E-37   0.411541E-37   0.822905E-37   0.164593E-36   0.329209E-36   0.658512E-36   0.131693E-35   0.263292E-35   0.526772E-35   0.105332E-34   0.210664E-34   0.420575E-34   0.146117E-26   0.416974E-20   0.541515E-16   0.187869E-14   0.135412E-14   0.299770E-15   0.210228E-19   0.206197E-23   0.103234E-28   0.515469E-31   0.406885E-27   0.186108E-30   0.999807E-27   0.707114E-30
   0.283333E+01   0.817739E-36   0.163548E-35   0.327094E-35   0.654192E-35   0.130837E-34   0.261677E-34   0.523350E-34   0.104670E-33   0.209340E-33   0.418681E-33   0.837359E-33   0.167463E-32   0.659736E-32   0.193028E-25   0.246455E-21   0.874042E-20   0.632846E-20   0.138070E-20   0.997973E-25   0.976495E-29   0.112232E-31   0.429557E-31   0.200723E-32   0.171810E-30   0.520242E-32   0.274369E-28
   0.283333E+01   0.817739E-36   0.163547E-35   0.327094E-35   0.654196E-35   0.130837E-34   0.261675E-34   0.523346E-34   0.104669E-33   0.209341E-33   0.418677E-33   0.837356E-33   0.167463E-32   0.622627E-30   0.177710E-23   0.231018E-19   0.802070E-18   0.578540E-18   0.128174E-18   0.900057E-23   0.883180E-27   0.155803E-31   0.429527E-31   0.174212E-30   0.171785E-30   0.428432E-30   0.687442E-30
   0.283333E+01   0.817740E-36   0.410659E-37   0.821259E-37   0.164205E-36   0.328457E-36   0.657054E-36   0.131430E-35   0.262784E-35   0.525455E-35   0.105121E-34   0.210137E-34   0.419371E-34   0.563249E-28   0.160755E-21   0.209040E-17   0.725976E-16   0.523769E-16   0.116052E-16   0.815165E-21   0.800052E-25   0.410364E-30   0.432762E-31   0.157760E-28   0.172352E-30   0.387750E-28   0.688231E-30
   0.283333E+01   0.206490E-37   0.413128E-37   0.826196E-37   0.165275E-36   0.330690E-36   0.661380E-36   0.132276E-35   0.264514E-35   0.529067E-35   0.105806E-34   0.211627E-34   0.422471E-34   0.489974E-26   0.139839E-19   0.181897E-15   0.631868E-14   0.455921E-14   0.100933E-14   0.706831E-19   0.693549E-23   0.343808E-28   0.720849E-31   0.137419E-26   0.220201E-30   0.337766E-26   0.754347E-30
   0.283333E+01   0.289157E-37   0.587306E-37   0.119277E-36   0.241646E-36   0.488206E-36   0.984453E-36   0.197445E-35   0.397054E-35   0.797531E-35   0.160040E-34   0.320923E-34   0.642327E-34   0.238782E-24   0.680763E-18   0.882248E-14   0.305583E-12   0.219338E-12   0.479635E-13   0.340521E-17   0.333236E-21   0.166021E-26   0.232298E-29   0.658290E-25   0.395579E-29   0.161652E-24   0.592626E-29
   0.283333E+01   0.115754E-36   0.235966E-36   0.482805E-36   0.983231E-36   0.199524E-35   0.403665E-35   0.806831E-35   0.162547E-34   0.326972E-34   0.656968E-34   0.131866E-33   0.264415E-33   0.936783E-25   0.266974E-18   0.343257E-14   0.118144E-12   0.844116E-13   0.186282E-13   0.131490E-17   0.128721E-21   0.639845E-27   0.216284E-28   0.249433E-25   0.380285E-28   0.611717E-25   0.536909E-28
   0.283333E+01   0.817740E-36   0.163547E-35   0.327095E-35   0.654194E-35   0.130837E-34   0.261674E-34   0.523346E-34   0.104670E-33   0.209340E-33   0.418678E-33   0.837356E-33   0.167463E-32   0.210477E-31   0.602226E-25   0.783939E-21   0.272715E-19   0.197197E-19   0.437539E-20   0.316118E-24   0.300744E-28   0.113255E-31   0.429557E-31   0.604881E-32   0.171810E-30   0.150517E-31   0.687245E-30
   0.283333E+01   0.817744E-36   0.163547E-35   0.327094E-35   0.654190E-35   0.130839E-34   0.261676E-34   0.523353E-34   0.104670E-33   0.209339E-33   0.418684E-33   0.837347E-33   0.167463E-32   0.190932E-29   0.544959E-23   0.708631E-19   0.246099E-17   0.177552E-17   0.393404E-18   0.276327E-22   0.271196E-26   0.247064E-31   0.429711E-31   0.534892E-30   0.171822E-30   0.131485E-29   0.686998E-30
   0.283333E+01   0.205374E-37   0.410718E-37   0.821612E-37   0.164287E-36   0.328504E-36   0.656913E-36   0.131439E-35   0.262878E-35   0.525606E-35   0.105136E-34   0.210212E-34   0.419672E-34   0.192155E-27   0.548445E-21   0.713455E-17   0.247855E-15   0.178869E-15   0.396387E-16   0.278459E-20   0.273368E-24   0.137525E-29   0.440990E-31   0.539154E-28   0.173696E-30   0.132525E-27   0.689957E-30
   0.283333E+01   0.208445E-37   0.417154E-37   0.834719E-37   0.167120E-36   0.334475E-36   0.668856E-36   0.133499E-35   0.267110E-35   0.534483E-35   0.106904E-34   0.214260E-34   0.427677E-34   0.160116E-25   0.456942E-19   0.594467E-15   0.206532E-13   0.149012E-13   0.329408E-14   0.230793E-18   0.226297E-22   0.112920E-27   0.140124E-30   0.449353E-26   0.332675E-30   0.110448E-25   0.908520E-30
   0.283333E+01   0.417389E-37   0.858728E-37   0.176871E-36   0.362405E-36   0.738775E-36   0.150111E-35   0.301717E-35   0.609452E-35   0.122861E-34   0.247309E-34   0.497492E-34   0.998323E-34   0.440931E-24   0.125696E-17   0.162505E-13   0.561779E-12   0.402355E-12   0.883838E-13   0.625687E-17   0.612406E-21   0.304449E-26   0.708500E-29   0.120267E-24   0.118303E-28   0.295212E-24   0.166923E-28
   0.283333E+01   0.239021E-36   0.506667E-36   0.107230E-35   0.224355E-35   0.465124E-35   0.957238E-35   0.193334E-34   0.393715E-34   0.798802E-34   0.161596E-33   0.326182E-33   0.656980E-33   0.104657E-24   0.298298E-18   0.383407E-14   0.131926E-12   0.943577E-13   0.208472E-13   0.146908E-17   0.143841E-21   0.714643E-27   0.448640E-28   0.278303E-25   0.956343E-28   0.682517E-25   0.165174E-27
   0.283333E+01   0.185776E-34   0.381890E-34   0.789469E-34   0.162098E-33   0.331034E-33   0.673133E-33   0.134460E-32   0.271745E-32   0.548021E-32   0.110329E-31   0.221816E-31   0.445472E-31   0.999617E-25   0.284941E-18   0.366118E-14   0.125943E-12   0.901745E-13   0.199367E-13   0.140317E-17   0.137409E-21   0.682506E-27   0.623947E-28   0.265467E-25   0.161887E-27   0.651033E-25   0.426281E-27
   0.283333E+01   0.817747E-36   0.163548E-35   0.327095E-35   0.654185E-35   0.130838E-34   0.261676E-34   0.523354E-34   0.104670E-33   0.209340E-33   0.418680E-33   0.837354E-33   0.167462E-32   0.126698E-33   0.615521E-27   0.439741E-23   0.216992E-21   0.273585E-21   0.610379E-22   0.696908E-27   0.559713E-30   0.111784E-31   0.429342E-31   0.227268E-33   0.171847E-30   0.769500E-33   0.687393E-30
   0.283333E+01   0.817736E-36   0.163549E-35   0.327097E-35   0.654200E-35   0.130837E-34   0.261675E-34   0.523349E-34   0.104670E-33   0.209340E-33   0.418678E-33   0.210167E-34   0.419642E-34   0.640843E-29   0.182909E-22   0.237936E-18   0.826582E-17   0.596508E-17   0.132190E-17   0.928602E-22   0.911620E-26   0.566621E-31   0.429896E-31   0.179805E-29   0.171933E-30   0.441976E-29   0.687541E-30
   0.283333E+01   0.205388E-37   0.410747E-37   0.821671E-37   0.164358E-36   0.328692E-36   0.657525E-36   0.131477E-35   0.262935E-35   0.525832E-35   0.105159E-34   0.210348E-34   0.420033E-34   0.563500E-27   0.160838E-20   0.209311E-16   0.727375E-15   0.525067E-15   0.116371E-15   0.817229E-20   0.802590E-24   0.401805E-29   0.463053E-31   0.158385E-27   0.177320E-30   0.389339E-27   0.694739E-30
   0.283333E+01   0.214689E-37   0.430701E-37   0.864223E-37   0.173256E-36   0.347194E-36   0.695470E-36   0.139244E-35   0.278658E-35   0.557730E-35   0.111644E-34   0.223393E-34   0.446003E-34   0.433136E-25   0.123587E-18   0.160745E-14   0.558364E-13   0.402624E-13   0.887068E-14   0.623538E-18   0.610977E-22   0.305046E-27   0.322485E-30   0.121409E-25   0.634880E-30   0.298386E-25   0.132178E-29
   0.283333E+01   0.882429E-37   0.186730E-36   0.394878E-36   0.826114E-36   0.171319E-35   0.352724E-35   0.712406E-35   0.145141E-34   0.294573E-34   0.596113E-34   0.119175E-33   0.240040E-33   0.636036E-24   0.181363E-17   0.233952E-13   0.807325E-12   0.578262E-12   0.127973E-12   0.899650E-17   0.881119E-21   0.437099E-26   0.215120E-28   0.171853E-24   0.357269E-28   0.421734E-24   0.493601E-28
   0.283333E+01   0.796086E-36   0.172115E-35   0.371128E-35   0.788151E-35   0.165349E-34   0.343523E-34   0.696495E-34   0.142693E-33   0.290905E-33   0.590723E-33   0.118153E-32   0.238579E-32   0.114790E-24   0.327197E-18   0.420465E-14   0.144653E-12   0.103508E-12   0.228917E-13   0.161121E-17   0.157778E-21   0.783685E-27   0.629541E-28   0.304998E-25   0.151759E-27   0.747978E-25   0.336320E-27
   0.283333E+01   0.685356E-34   0.143357E-33   0.301331E-33   0.627072E-33   0.129449E-32   0.265515E-32   0.532409E-32   0.108191E-31   0.219033E-31   0.441443E-31   0.872829E-31   0.172802E-30   0.111422E-24   0.317604E-18   0.408084E-14   0.140378E-12   0.100493E-12   0.222281E-13   0.156390E-17   0.153153E-21   0.760667E-27   0.694545E-28   0.295891E-25   0.179826E-27   0.725638E-25   0.473101E-27
   0.283333E+01   0.817733E-36   0.163548E-35   0.327095E-35   0.654193E-35   0.130838E-34   0.261676E-34   0.523347E-34   0.104671E-33   0.209339E-33   0.418676E-33   0.837359E-33   0.167462E-32   0.203622E-33   0.652453E-27   0.999412E-23   0.216992E-21   0.295184E-21   0.664250E-22   0.125443E-26   0.611517E-30   0.111770E-31   0.429711E-31   0.245741E-33   0.171810E-30   0.893083E-33   0.687245E-30
   0.283333E+01   0.817747E-36   0.163549E-35   0.327095E-35   0.164287E-36   0.328551E-36   0.656866E-36   0.131345E-35   0.262803E-35   0.525418E-35   0.105061E-34   0.210197E-34   0.419401E-34   0.171518E-31   0.494510E-25   0.637625E-21   0.223241E-19   0.160767E-19   0.359242E-20   0.260783E-24   0.248382E-28   0.112960E-31   0.429465E-31   0.505465E-32   0.171748E-30   0.124970E-31   0.687196E-30
   0.283333E+01   0.205403E-37   0.410541E-37   0.821377E-37   0.164264E-36   0.328551E-36   0.656960E-36   0.131373E-35   0.262765E-35   0.525230E-35   0.105136E-34   0.210212E-34   0.419582E-34   0.186007E-29   0.530944E-23   0.691226E-19   0.240282E-17   0.173499E-17   0.384457E-18   0.269471E-22   0.264742E-26   0.255458E-31   0.429711E-31   0.524006E-30   0.171835E-30   0.128852E-29   0.687097E-30
   0.283333E+01   0.256934E-37   0.524623E-37   0.107187E-36   0.217913E-36   0.442668E-36   0.896620E-36   0.180264E-35   0.363519E-35   0.731778E-35   0.147138E-34   0.294051E-34   0.587649E-34   0.117269E-24   0.334485E-18   0.434581E-14   0.150828E-12   0.108577E-12   0.238070E-13   0.168283E-17   0.164775E-21   0.821761E-27   0.924575E-30   0.327036E-25   0.163469E-29   0.803516E-25   0.269371E-29
   0.283333E+01   0.349269E-36   0.773052E-36   0.170133E-35   0.365304E-35   0.776948E-35   0.163215E-34   0.333408E-34   0.687929E-34   0.141004E-33   0.287227E-33   0.573663E-33   0.115036E-32   0.707133E-24   0.201738E-17   0.259837E-13   0.895516E-12   0.643154E-12   0.143244E-12   0.999520E-17   0.979700E-21   0.485026E-26   0.587453E-28   0.189882E-24   0.976855E-28   0.465958E-24   0.134280E-27
   0.283333E+01   0.396627E-36   0.885012E-36   0.196106E-35   0.423300E-35   0.904176E-35   0.190593E-34   0.390232E-34   0.806921E-34   0.165675E-33   0.337937E-33   0.675413E-33   0.135532E-32   0.100731E-25   0.287153E-19   0.368984E-15   0.126935E-13   0.908920E-14   0.201193E-14   0.141436E-18   0.138520E-22   0.692971E-28   0.981103E-29   0.267632E-26   0.298774E-28   0.656374E-26   0.910871E-28
   0.283333E+01   0.402030E-33   0.870521E-33   0.187885E-32   0.393297E-32   0.804391E-32   0.159131E-31   0.300428E-31   0.557511E-31   0.100548E-30   0.176934E-30   0.303654E-30   0.514793E-30   0.116130E-24   0.331026E-18   0.425330E-14   0.146311E-12   0.104742E-12   0.231722E-13   0.163003E-17   0.159632E-21   0.792792E-27   0.721553E-28   0.308395E-25   0.186679E-27   0.756307E-25   0.490922E-27
   0.283333E+01   0.817830E-36   0.163569E-35   0.327138E-35   0.654288E-35   0.130858E-34   0.261719E-34   0.523434E-34   0.104686E-33   0.209369E-33   0.418733E-33   0.837458E-33   0.167490E-32   0.923667E-27   0.263638E-20   0.343076E-16   0.119217E-14   0.860561E-15   0.190734E-15   0.134001E-19   0.131582E-23   0.657741E-29   0.485517E-31   0.259560E-27   0.181079E-30   0.638040E-27   0.699867E-30
   0.283333E+01   0.207107E-37   0.414773E-37   0.830839E-37   0.166285E-36   0.332806E-36   0.665894E-36   0.133085E-35   0.266019E-35   0.531624E-35   0.106272E-34   0.212153E-34   0.424276E-34   0.119433E-26   0.340905E-20   0.443811E-16   0.154274E-14   0.111395E-14   0.246938E-15   0.173508E-19   0.170424E-23   0.851624E-29   0.501787E-31   0.336253E-27   0.183791E-30   0.826629E-27   0.703663E-30
   0.283333E+01   0.365593E-37   0.780616E-37   0.166274E-36   0.348205E-36   0.719567E-36   0.145921E-35   0.288222E-35   0.565102E-35   0.109470E-34   0.210054E-34   0.399646E-34   0.761224E-34   0.109005E-24   0.311138E-18   0.405183E-14   0.140881E-12   0.101738E-12   0.225397E-13   0.157728E-17   0.154808E-21   0.766850E-27   0.707953E-30   0.307305E-25   0.127601E-29   0.755498E-25   0.220131E-29
   0.283333E+01   0.504638E-33   0.117420E-32   0.268628E-32   0.590028E-32   0.125861E-31   0.258938E-31   0.507376E-31   0.979954E-31   0.184558E-30   0.340750E-30   0.615153E-30   0.110629E-29   0.226216E-20   0.645418E-14   0.837479E-10   0.290353E-08   0.208945E-08   0.461626E-09   0.324165E-13   0.317582E-17   0.157515E-22   0.216888E-25   0.627413E-21   0.360013E-25   0.154136E-20   0.493077E-25
   0.283333E+01   0.648109E-33   0.158433E-32   0.377406E-32   0.856614E-32   0.187638E-31   0.394354E-31   0.786007E-31   0.153893E-30   0.292988E-30   0.545609E-30   0.991654E-30   0.179287E-29   0.617739E-22   0.176279E-15   0.226812E-11   0.781023E-10   0.562386E-10   0.125585E-10   0.872875E-15   0.855955E-19   0.423324E-24   0.167892E-25   0.165174E-22   0.330290E-25   0.405315E-22   0.521296E-25
   0.283333E+01   0.954104E-33   0.243571E-32   0.601310E-32   0.140280E-31   0.311476E-31   0.649811E-31   0.126197E-30   0.236225E-30   0.425353E-30   0.744595E-30   0.127272E-29   0.215271E-29   0.725053E-24   0.206879E-17   0.265881E-13   0.914710E-12   0.659663E-12   0.147079E-12   0.102287E-16   0.100304E-20   0.496304E-26   0.360116E-27   0.192908E-24   0.902029E-27   0.473290E-24   0.225514E-26
   0.283333E+01   0.391494E-29   0.633538E-29   0.101803E-28   0.162796E-28   0.259622E-28   0.413297E-28   0.657137E-28   0.104427E-27   0.165876E-27   0.263407E-27   0.418185E-27   0.663824E-27   0.153820E-21   0.439137E-15   0.564432E-11   0.194185E-09   0.140602E-09   0.314849E-10   0.217593E-14   0.213530E-18   0.105455E-23   0.676990E-25   0.409604E-22   0.168530E-24   0.100518E-21   0.418008E-24
   0.283333E+01   0.000000E+00   0.000000E+00   0.000000E+00   0.000000E+00   0.000000E+00   0.000000E+00   0.000000E+00   0.000000E+00   0.000000E+00   0.000000E+00   0.000000E+00   0.000000E+00   0.000000E+00   0.000000E+00   0.000000E+00   0.000000E+00   0.000000E+00   0.000000E+00   0.000000E+00   0.000000E+00   0.000000E+00   0.000000E+00   0.000000E+00   0.000000E+00   0.000000E+00   0.000000E+00
   0.283333E+01   0.230947E-26   0.461881E-26   0.923741E-26   0.184745E-25   0.369483E-25   0.738957E-25   0.147790E-24   0.295578E-24   0.591151E-24   0.118230E-23   0.236459E-23   0.472915E-23   0.380988E-20   0.201652E-13   0.325382E-09   0.140859E-07   0.127733E-07   0.283011E-08   0.174779E-12   0.174866E-16   0.679536E-21   0.484257E-20   0.100510E-19   0.193702E-19   0.392245E-19   0.774814E-19
   0.300000E+01   0.207209E-25   0.437500E-25   0.853611E-25   0.175000E-24   0.346039E-24   0.700000E-24   0.139258E-23   0.280000E-23   0.558566E-23   0.112000E-22   0.223704E-22   0.448000E-22   0.325092E-19   0.177417E-12   0.290047E-08   0.126749E-06   0.119169E-06   0.304615E-07   0.193998E-11   0.205587E-15   0.422029E-20   0.458750E-19   0.948519E-19   0.183499E-18   0.370384E-18   0.734002E-18
   0.300000E+01   0.688910E-40   0.163540E-35   0.501581E-39   0.654159E-35   0.210284E-38   0.261665E-34   0.359821E-38   0.104665E-33   0.339417E-37   0.418657E-33   0.137439E-36   0.167464E-32   0.592314E-33   0.184042E-26   0.221800E-22   0.731751E-21   0.663872E-21   0.168242E-21   0.849034E-26   0.113377E-29   0.795301E-32   0.171478E-29   0.454699E-33   0.685914E-29   0.115998E-32   0.274370E-28
   0.300000E+01   0.596377E-39   0.163539E-35   0.128702E-38   0.654152E-35   0.407819E-38   0.261661E-34   0.135121E-37   0.104664E-33   0.463171E-37   0.418656E-33   0.165965E-36   0.167464E-32   0.586283E-31   0.167572E-24   0.219023E-20   0.762788E-19   0.564373E-19   0.143601E-19   0.104831E-23   0.108333E-27   0.835671E-32   0.429465E-31   0.169979E-31   0.171797E-30   0.418708E-31   0.687097E-30
   0.300000E+01   0.827622E-40   0.163538E-35   0.558730E-39   0.654155E-35   0.219506E-38   0.261664E-34   0.424998E-38   0.104665E-33   0.346800E-37   0.418661E-33   0.134385E-36   0.167463E-32   0.233035E-32   0.640606E-26   0.838984E-22   0.300270E-20   0.220810E-20   0.575383E-21   0.401210E-25   0.457510E-29   0.796466E-32   0.171479E-29   0.956336E-33   0.685918E-29   0.236881E-32   0.274368E-28
   0.300000E+01   0.199513E-38   0.163539E-35   0.327072E-38   0.654152E-35   0.974892E-38   0.261664E-34   0.527963E-37   0.104664E-33   0.864507E-37   0.418657E-33   0.272604E-36   0.167463E-32   0.224152E-30   0.640158E-24   0.836708E-20   0.291472E-18   0.216718E-18   0.550847E-19   0.401060E-23   0.415972E-27   0.955938E-32   0.429743E-31   0.653085E-31   0.171785E-30   0.160631E-30   0.687294E-30
   0.300000E+01   0.176071E-36   0.163539E-35   0.253734E-36   0.654156E-35   0.711734E-36   0.261664E-34   0.456546E-35   0.262295E-35   0.500585E-35   0.104880E-34   0.129438E-34   0.419732E-34   0.210630E-28   0.601363E-22   0.786217E-18   0.273901E-16   0.203664E-16   0.517828E-17   0.377084E-21   0.391196E-25   0.161247E-30   0.430913E-31   0.612996E-29   0.171995E-30   0.150465E-28   0.687639E-30
   0.300000E+01   0.170804E-34   0.410629E-37   0.239351E-34   0.164264E-36   0.659692E-34   0.657054E-36   0.419693E-33   0.262859E-35   0.456260E-33   0.105136E-34   0.117256E-32   0.420575E-34   0.190932E-26   0.545070E-20   0.711979E-16   0.247859E-14   0.184175E-14   0.467924E-15   0.340198E-19   0.352776E-23   0.138777E-28   0.544805E-31   0.553409E-27   0.191186E-30   0.135813E-26   0.713672E-30
   0.300000E+01   0.138340E-39   0.163540E-35   0.638620E-39   0.654158E-35   0.237948E-38   0.261661E-34   0.630173E-38   0.104664E-33   0.342802E-37   0.418657E-33   0.144805E-36   0.167463E-32   0.868367E-32   0.246922E-25   0.328457E-21   0.114809E-19   0.842829E-20   0.215817E-20   0.159985E-24   0.164821E-28   0.799481E-32   0.429619E-31   0.271502E-32   0.171810E-30   0.682034E-32   0.274371E-28
   0.300000E+01   0.687763E-38   0.163538E-35   0.102713E-37   0.654156E-35   0.295743E-37   0.261660E-34   0.179538E-36   0.104664E-33   0.226749E-36   0.418657E-33   0.630133E-36   0.167463E-32   0.813429E-30   0.232252E-23   0.303660E-19   0.105793E-17   0.786681E-18   0.200014E-18   0.145639E-22   0.151088E-26   0.138524E-31   0.429588E-31   0.236892E-30   0.171785E-30   0.581598E-30   0.687393E-30
   0.300000E+01   0.596771E-36   0.409777E-37   0.868991E-36   0.163946E-36   0.245359E-35   0.655596E-36   0.158468E-34   0.262220E-35   0.174019E-34   0.104903E-34   0.450221E-34   0.419552E-34   0.736023E-28   0.210146E-21   0.274850E-17   0.957816E-16   0.712401E-16   0.181162E-16   0.131938E-20   0.136911E-24   0.544537E-30   0.434118E-31   0.214576E-28   0.172636E-30   0.526728E-28   0.688182E-30
   0.300000E+01   0.505804E-34   0.412422E-37   0.745810E-34   0.165028E-36   0.212265E-33   0.660439E-36   0.137804E-32   0.264176E-35   0.151731E-32   0.105708E-34   0.393081E-32   0.422772E-34   0.639274E-26   0.182514E-19   0.238782E-15   0.832322E-14   0.619121E-14   0.157298E-14   0.114213E-18   0.118462E-22   0.458034E-28   0.820535E-31   0.186607E-26   0.237469E-30   0.458084E-26   0.776879E-30
   0.300000E+01   0.378401E-32   0.604204E-37   0.565237E-32   0.249122E-36   0.162168E-31   0.101629E-35   0.105202E-30   0.410163E-35   0.116878E-30   0.165427E-34   0.303397E-30   0.664957E-34   0.295624E-24   0.842974E-18   0.109869E-13   0.381828E-12   0.282573E-12   0.708132E-13   0.522007E-17   0.539965E-21   0.208651E-26   0.305786E-29   0.847755E-25   0.523506E-29   0.207901E-24   0.758010E-29
   0.300000E+01   0.905637E-32   0.264771E-36   0.158445E-31   0.110432E-35   0.410335E-31   0.453595E-35   0.161693E-30   0.182691E-34   0.266093E-30   0.738564E-34   0.672974E-30   0.297409E-33   0.111207E-24   0.317028E-18   0.410138E-14   0.141693E-12   0.104384E-12   0.263946E-13   0.193462E-17   0.200198E-21   0.772707E-27   0.284913E-28   0.308710E-25   0.520291E-28   0.756146E-25   0.733612E-28
   0.300000E+01   0.294079E-39   0.163539E-35   0.855912E-39   0.654159E-35   0.302794E-38   0.261664E-34   0.965971E-38   0.104665E-33   0.379941E-37   0.418662E-33   0.150664E-36   0.167463E-32   0.272746E-31   0.780997E-25   0.102240E-20   0.356287E-19   0.263240E-19   0.674853E-20   0.509753E-24   0.510002E-28   0.813137E-32   0.429588E-31   0.810268E-32   0.171797E-30   0.199683E-31   0.687097E-30
   0.300000E+01   0.202002E-37   0.163539E-35   0.298115E-37   0.654158E-35   0.847295E-37   0.261661E-34   0.537137E-36   0.104664E-33   0.620289E-36   0.418659E-33   0.164276E-35   0.167462E-32   0.247829E-29   0.707610E-23   0.925468E-19   0.322516E-17   0.239879E-17   0.609997E-18   0.444246E-22   0.460988E-26   0.259978E-31   0.429835E-31   0.722590E-30   0.171884E-30   0.177381E-29   0.687294E-30
   0.300000E+01   0.197483E-35   0.409836E-37   0.291003E-35   0.163934E-36   0.827842E-35   0.655691E-36   0.537156E-34   0.262351E-35   0.591501E-34   0.104926E-34   0.153239E-33   0.419612E-34   0.251020E-27   0.716721E-21   0.937770E-17   0.326903E-15   0.243210E-15   0.618579E-16   0.450549E-20   0.467657E-24   0.184097E-29   0.444842E-31   0.733095E-28   0.174349E-30   0.179968E-27   0.690597E-30
   0.300000E+01   0.163318E-33   0.417212E-37   0.243730E-33   0.167096E-36   0.698913E-33   0.669138E-36   0.455830E-32   0.267787E-35   0.503466E-32   0.107160E-34   0.130676E-31   0.428790E-34   0.208215E-25   0.594404E-19   0.777765E-15   0.271137E-13   0.201669E-13   0.511564E-14   0.371725E-18   0.385315E-22   0.149174E-27   0.173234E-30   0.608117E-26   0.390236E-30   0.149280E-25   0.982623E-30
   0.300000E+01   0.108048E-31   0.901898E-37   0.169076E-31   0.381460E-36   0.485559E-31   0.158240E-35   0.279788E-30   0.642854E-35   0.349257E-30   0.260986E-34   0.905663E-30   0.105384E-33   0.529166E-24   0.150891E-17   0.196206E-13   0.680609E-12   0.502667E-12   0.126573E-12   0.930046E-17   0.962271E-21   0.371369E-26   0.930948E-29   0.150208E-24   0.157040E-28   0.368226E-24   0.216826E-28
   0.300000E+01   0.111809E-31   0.576624E-36   0.197257E-31   0.255598E-35   0.508374E-31   0.109122E-34   0.195798E-30   0.448939E-34   0.328120E-30   0.184307E-33   0.828933E-30   0.749418E-33   0.123758E-24   0.352856E-18   0.456362E-14   0.157625E-12   0.116224E-12   0.294260E-13   0.215318E-17   0.222859E-21   0.859890E-27   0.545706E-28   0.343178E-25   0.119963E-27   0.840577E-25   0.215836E-27
   0.300000E+01   0.115561E-31   0.440018E-34   0.202674E-31   0.186790E-33   0.518822E-31   0.775721E-33   0.196898E-30   0.313174E-32   0.335817E-30   0.127153E-31   0.856189E-30   0.513416E-31   0.117912E-24   0.336223E-18   0.434729E-14   0.150118E-12   0.110788E-12   0.280707E-13   0.205155E-17   0.212373E-21   0.819272E-27   0.712479E-28   0.326611E-25   0.183993E-27   0.799993E-25   0.481313E-27
   0.300000E+01   0.656633E-40   0.163539E-35   0.517007E-39   0.654160E-35   0.202601E-38   0.261662E-34   0.431807E-38   0.104664E-33   0.327023E-37   0.418658E-33   0.132476E-36   0.167464E-32   0.196717E-33   0.589877E-27   0.964349E-23   0.210267E-21   0.274208E-21   0.706159E-22   0.166477E-26   0.820793E-30   0.793490E-32   0.429650E-31   0.259106E-33   0.171847E-30   0.869035E-33   0.687393E-30
   0.300000E+01   0.655840E-37   0.163539E-35   0.970396E-37   0.654159E-35   0.276372E-36   0.261661E-34   0.178347E-35   0.104664E-33   0.199421E-35   0.418660E-33   0.512852E-35   0.419672E-34   0.830779E-29   0.237208E-22   0.310361E-18   0.108188E-16   0.804897E-17   0.204713E-17   0.149104E-21   0.154763E-25   0.685916E-31   0.429989E-31   0.242611E-29   0.171908E-30   0.595617E-29   0.687146E-30
   0.300000E+01   0.558503E-35   0.409953E-37   0.833129E-35   0.164040E-36   0.238786E-34   0.656067E-36   0.155621E-33   0.262389E-35   0.171930E-33   0.104971E-34   0.446209E-33   0.420063E-34   0.731333E-27   0.208818E-20   0.273327E-16   0.953101E-15   0.709279E-15   0.180410E-15   0.131336E-19   0.136377E-23   0.535754E-29   0.474239E-31   0.213952E-27   0.179279E-30   0.525268E-27   0.697549E-30
   0.300000E+01   0.449158E-33   0.432699E-37   0.678588E-33   0.174255E-36   0.196058E-32   0.700359E-36   0.128424E-31   0.280746E-35   0.142327E-31   0.112539E-34   0.370108E-31   0.450397E-34   0.555380E-25   0.158510E-18   0.207350E-14   0.722689E-13   0.537200E-13   0.135784E-13   0.990163E-18   0.102569E-21   0.396787E-27   0.414637E-30   0.161973E-25   0.795411E-30   0.397562E-25   0.153039E-29
   0.300000E+01   0.246047E-31   0.207454E-36   0.417868E-31   0.921787E-36   0.116346E-30   0.394594E-35   0.561116E-30   0.162591E-34   0.809083E-30   0.668546E-34   0.208025E-29   0.269552E-33   0.743284E-24   0.212034E-17   0.275144E-13   0.952843E-12   0.703760E-12   0.178685E-12   0.130280E-16   0.134901E-20   0.519884E-26   0.282446E-28   0.209177E-24   0.474790E-28   0.512687E-24   0.645575E-28
   0.300000E+01   0.129306E-31   0.206505E-35   0.227008E-31   0.947916E-35   0.581500E-31   0.413780E-34   0.221678E-30   0.172055E-33   0.373392E-30   0.712697E-33   0.942480E-30   0.288124E-32   0.135555E-24   0.386515E-18   0.499807E-14   0.172606E-12   0.127320E-12   0.322629E-13   0.235833E-17   0.244122E-21   0.941779E-27   0.735444E-28   0.375633E-25   0.179017E-27   0.920064E-25   0.404632E-27
   0.300000E+01   0.129870E-31   0.173481E-33   0.229381E-31   0.760511E-33   0.591883E-31   0.322475E-32   0.224991E-30   0.131535E-31   0.395211E-30   0.536433E-31   0.103494E-29   0.209190E-30   0.131511E-24   0.374992E-18   0.484853E-14   0.167426E-12   0.123542E-12   0.313101E-13   0.228794E-17   0.236847E-21   0.913668E-27   0.793948E-28   0.364262E-25   0.204603E-27   0.892207E-25   0.534591E-27
   0.300000E+01   0.669100E-40   0.163539E-35   0.522165E-39   0.654156E-35   0.207021E-38   0.261661E-34   0.412180E-38   0.104664E-33   0.322904E-37   0.418656E-33   0.133831E-36   0.167463E-32   0.272378E-33   0.625269E-27   0.964349E-23   0.445779E-21   0.295856E-21   0.768480E-22   0.266363E-26   0.816993E-30   0.793364E-32   0.429558E-31   0.252400E-33   0.171810E-30   0.769407E-33   0.687195E-30
   0.300000E+01   0.207468E-39   0.163538E-35   0.521783E-39   0.163970E-36   0.176656E-38   0.655455E-36   0.608029E-38   0.262257E-35   0.198857E-37   0.104903E-34   0.676206E-37   0.419702E-34   0.225360E-31   0.645797E-25   0.842841E-21   0.295644E-19   0.219366E-19   0.558714E-20   0.422020E-24   0.424087E-28   0.809472E-32   0.429650E-31   0.675465E-32   0.171822E-30   0.168421E-31   0.687048E-30
   0.300000E+01   0.181483E-37   0.409718E-37   0.275509E-37   0.163923E-36   0.799819E-37   0.655738E-36   0.520089E-36   0.262314E-35   0.586804E-36   0.104910E-34   0.155373E-35   0.419522E-34   0.243524E-29   0.695379E-23   0.910536E-19   0.317609E-17   0.236418E-17   0.601214E-18   0.436811E-22   0.453634E-26   0.366648E-31   0.429650E-31   0.714020E-30   0.171871E-30   0.175320E-29   0.686998E-30
   0.300000E+01   0.135587E-32   0.553158E-37   0.207427E-32   0.231843E-36   0.603820E-32   0.959532E-36   0.397127E-31   0.390302E-35   0.441735E-31   0.158310E-34   0.115085E-30   0.632788E-34   0.147685E-24   0.421324E-18   0.550516E-14   0.191704E-12   0.142268E-12   0.357649E-13   0.262413E-17   0.271611E-21   0.104997E-26   0.120865E-29   0.428397E-25   0.213132E-29   0.105116E-24   0.334092E-29
   0.300000E+01   0.387804E-31   0.953161E-36   0.689041E-31   0.453380E-35   0.186040E-30   0.203297E-34   0.789775E-30   0.858932E-34   0.125407E-29   0.358854E-33   0.320003E-29   0.143418E-32   0.808029E-24   0.230655E-17   0.298900E-13   0.103394E-11   0.765557E-12   0.195857E-12   0.141593E-16   0.146756E-20   0.564749E-26   0.765193E-28   0.226182E-24   0.129218E-27   0.554373E-24   0.175350E-27
   0.300000E+01   0.113979E-32   0.115549E-35   0.199788E-32   0.556451E-35   0.511068E-32   0.251476E-34   0.194215E-31   0.106735E-33   0.328715E-31   0.447288E-33   0.832202E-31   0.179005E-32   0.118593E-25   0.338189E-19   0.437298E-15   0.151012E-13   0.111459E-13   0.282722E-14   0.206398E-18   0.213686E-22   0.827328E-28   0.107505E-28   0.328636E-26   0.324492E-28   0.804992E-26   0.988268E-28
   0.300000E+01   0.138904E-31   0.115367E-32   0.258473E-31   0.518015E-32   0.701555E-31   0.204303E-31   0.264496E-30   0.695067E-31   0.505869E-30   0.214905E-30   0.132929E-29   0.613797E-30   0.137011E-24   0.390679E-18   0.505137E-14   0.174430E-12   0.128714E-12   0.326270E-13   0.238371E-17   0.246766E-21   0.951892E-27   0.824438E-28   0.379502E-25   0.212309E-27   0.929539E-25   0.554470E-27
   0.300000E+01   0.873716E-35   0.163574E-35   0.130286E-34   0.654323E-35   0.373031E-34   0.261735E-34   0.242607E-33   0.104691E-33   0.268306E-33   0.418748E-33   0.696092E-33   0.423945E-34   0.113787E-26   0.324896E-20   0.425244E-16   0.148278E-14   0.110343E-14   0.280685E-15   0.204460E-19   0.212272E-23   0.832870E-29   0.500154E-31   0.332814E-27   0.183766E-30   0.817076E-27   0.703564E-30
   0.300000E+01   0.112354E-34   0.416477E-37   0.169681E-34   0.167085E-36   0.489737E-34   0.669279E-36   0.320134E-33   0.267129E-35   0.355148E-33   0.106611E-34   0.923309E-33   0.424968E-34   0.151132E-26   0.431544E-20   0.565068E-16   0.197100E-14   0.146718E-14   0.373279E-15   0.271941E-19   0.282411E-23   0.110787E-28   0.523635E-31   0.442878E-27   0.187611E-30   0.108737E-26   0.708593E-30
   0.300000E+01   0.974887E-33   0.914858E-37   0.149115E-32   0.414209E-36   0.433846E-32   0.172431E-35   0.285041E-31   0.655361E-35   0.317216E-31   0.238401E-34   0.826335E-31   0.845694E-34   0.134331E-24   0.383560E-18   0.502385E-14   0.175278E-12   0.130490E-12   0.331788E-13   0.240719E-17   0.249731E-21   0.963703E-27   0.886778E-30   0.394146E-25   0.159143E-29   0.967765E-25   0.261132E-29
   0.300000E+01   0.303299E-28   0.157572E-32   0.470081E-28   0.789399E-32   0.137868E-27   0.339241E-31   0.900022E-27   0.125247E-30   0.101633E-26   0.426056E-30   0.265272E-26   0.135983E-29   0.265140E-20   0.756764E-14   0.987591E-10   0.343557E-08   0.254901E-08   0.646317E-09   0.470626E-13   0.487469E-17   0.187788E-22   0.270758E-25   0.765203E-21   0.455419E-25   0.187746E-20   0.616636E-25
   0.300000E+01   0.487521E-29   0.228651E-32   0.880293E-29   0.123383E-31   0.229187E-28   0.556583E-31   0.885691E-28   0.211982E-30   0.149282E-27   0.735460E-30   0.377978E-27   0.237635E-29   0.700129E-22   0.199914E-15   0.258824E-11   0.894616E-10   0.663938E-10   0.170364E-10   0.122664E-14   0.127200E-18   0.489141E-24   0.203826E-25   0.195246E-22   0.417742E-25   0.478546E-22   0.686503E-25
   0.300000E+01   0.702056E-31   0.374391E-32   0.129325E-30   0.213940E-31   0.352668E-30   0.930156E-31   0.133745E-29   0.315906E-30   0.251590E-29   0.948496E-30   0.654320E-29   0.265875E-29   0.828306E-24   0.236466E-17   0.305832E-13   0.105622E-11   0.784702E-12   0.200858E-12   0.144867E-16   0.150203E-20   0.577844E-26   0.404078E-27   0.229935E-24   0.101175E-26   0.563464E-24   0.252835E-26
   0.300000E+01   0.165332E-28   0.700267E-29   0.330067E-28   0.178859E-28   0.847006E-28   0.452855E-28   0.286295E-27   0.114293E-27   0.543698E-27   0.288133E-27   0.137138E-26   0.725929E-27   0.172272E-21   0.492165E-15   0.636621E-11   0.219873E-09   0.163995E-09   0.422250E-10   0.302220E-14   0.313644E-18   0.120476E-23   0.740235E-25   0.478784E-22   0.184252E-24   0.117360E-21   0.456859E-24
   0.300000E+01   0.000000E+00   0.000000E+00   0.000000E+00   0.000000E+00   0.000000E+00   0.000000E+00   0.000000E+00   0.000000E+00   0.000000E+00   0.000000E+00   0.000000E+00   0.000000E+00   0.000000E+00   0.000000E+00   0.000000E+00   0.000000E+00   0.000000E+00   0.000000E+00   0.000000E+00   0.000000E+00   0.000000E+00   0.000000E+00   0.000000E+00   0.000000E+00   0.000000E+00   0.000000E+00
   0.300000E+01   0.219187E-26   0.461887E-26   0.901858E-26   0.184746E-25   0.365496E-25   0.738961E-25   0.147114E-24   0.295578E-24   0.589774E-24   0.118230E-23   0.236181E-23   0.472916E-23   0.368660E-20   0.194559E-13   0.315664E-09   0.137095E-07   0.128243E-07   0.327768E-08   0.209305E-12   0.221701E-16   0.447298E-21   0.484258E-20   0.100859E-19   0.193702E-19   0.392778E-19   0.774814E-19
   0.316667E+01   0.218750E-25   0.437500E-25   0.853754E-25   0.175000E-24   0.346068E-24   0.700000E-24   0.140000E-23   0.280000E-23   0.558579E-23   0.112000E-22   0.223707E-22   0.448000E-22   0.310872E-19   0.170138E-12   0.280031E-08   0.122895E-06   0.119092E-06   0.344913E-07   0.231769E-11   0.187720E-15   0.102724E-19   0.458749E-19   0.950702E-19   0.183499E-18   0.370591E-18   0.734002E-18
   0.316667E+01   0.817739E-36   0.163540E-35   0.300872E-37   0.654159E-35   0.122064E-36   0.261665E-34   0.523328E-34   0.104665E-33   0.196961E-35   0.418657E-33   0.788515E-35   0.167464E-32   0.731781E-33   0.214957E-26   0.271865E-22   0.962253E-21   0.664570E-21   0.191436E-21   0.133331E-25   0.121583E-29   0.152508E-31   0.171477E-29   0.506725E-33   0.685920E-29   0.123657E-32   0.274371E-28
   0.316667E+01   0.817741E-36   0.163539E-35   0.303911E-37   0.654152E-35   0.122645E-36   0.261675E-34   0.523355E-34   0.104664E-33   0.197148E-35   0.418656E-33   0.788813E-35   0.167464E-32   0.748504E-31   0.213837E-24   0.281064E-20   0.981906E-19   0.751035E-19   0.215385E-19   0.165709E-23   0.131169E-27   0.156315E-31   0.429681E-31   0.226062E-31   0.171760E-30   0.553094E-31   0.687294E-30
   0.316667E+01   0.817742E-36   0.163538E-35   0.301272E-37   0.654155E-35   0.122133E-36   0.261675E-34   0.523349E-34   0.104665E-33   0.196772E-35   0.418661E-33   0.787609E-35   0.167463E-32   0.286511E-32   0.839463E-26   0.108746E-21   0.374299E-20   0.304054E-20   0.819697E-21   0.644766E-25   0.533010E-29   0.152612E-31   0.171479E-29   0.118499E-32   0.685917E-29   0.284246E-32   0.274368E-28
   0.316667E+01   0.817738E-36   0.163539E-35   0.309988E-37   0.654152E-35   0.124435E-36   0.261675E-34   0.523347E-34   0.104664E-33   0.198460E-35   0.418657E-33   0.792264E-35   0.167463E-32   0.286062E-30   0.816824E-24   0.107376E-19   0.375254E-18   0.287212E-18   0.823314E-19   0.634259E-23   0.502006E-27   0.167860E-31   0.429558E-31   0.865776E-31   0.171773E-30   0.212596E-30   0.687097E-30
   0.316667E+01   0.817741E-36   0.163539E-35   0.115374E-36   0.654156E-35   0.352197E-36   0.261675E-34   0.131383E-35   0.262295E-35   0.162126E-35   0.104880E-34   0.423902E-35   0.419732E-34   0.268877E-28   0.767626E-22   0.100932E-17   0.352813E-16   0.270041E-16   0.774298E-17   0.596615E-21   0.472356E-25   0.162315E-30   0.431314E-31   0.813635E-29   0.172081E-30   0.199458E-28   0.687639E-30
   0.316667E+01   0.205873E-37   0.410923E-37   0.805893E-35   0.164311E-36   0.213999E-34   0.658747E-36   0.131731E-35   0.263010E-35   0.142522E-33   0.105196E-34   0.363135E-33   0.420785E-34   0.243633E-26   0.695490E-20   0.913650E-16   0.319142E-14   0.244102E-14   0.699377E-15   0.537977E-19   0.425685E-23   0.133191E-28   0.580642E-31   0.734251E-27   0.197583E-30   0.179964E-26   0.721856E-30
   0.316667E+01   0.817735E-36   0.163539E-35   0.301268E-37   0.654160E-35   0.122087E-36   0.261675E-34   0.523348E-34   0.104664E-33   0.196733E-35   0.418657E-33   0.788951E-35   0.167464E-32   0.110573E-31   0.313497E-25   0.415246E-21   0.144583E-19   0.112738E-19   0.316992E-20   0.253330E-24   0.197349E-28   0.152827E-31   0.429527E-31   0.350681E-32   0.171847E-30   0.890764E-32   0.274370E-28
   0.316667E+01   0.817742E-36   0.163539E-35   0.334013E-37   0.654159E-35   0.130920E-36   0.261676E-34   0.523350E-34   0.104665E-33   0.202923E-35   0.418659E-33   0.803374E-35   0.167463E-32   0.103778E-29   0.296296E-23   0.389594E-19   0.136188E-17   0.104236E-17   0.298889E-18   0.230289E-22   0.182325E-26   0.209006E-31   0.429558E-31   0.314169E-30   0.171822E-30   0.770456E-30   0.687195E-30
   0.316667E+01   0.817745E-36   0.409895E-37   0.293367E-36   0.163923E-36   0.799214E-36   0.656960E-36   0.131383E-35   0.262201E-35   0.549073E-35   0.104895E-34   0.141551E-34   0.419612E-34   0.939237E-28   0.268152E-21   0.352719E-17   0.123333E-15   0.944249E-16   0.270792E-16   0.208675E-20   0.165256E-24   0.529875E-30   0.435443E-31   0.284709E-28   0.172771E-30   0.697995E-28   0.688625E-30
   0.316667E+01   0.206726E-37   0.412775E-37   0.250897E-34   0.165145E-36   0.687950E-34   0.662321E-36   0.132502E-35   0.264439E-35   0.473453E-33   0.105798E-34   0.121584E-32   0.423012E-34   0.814509E-26   0.232526E-19   0.305945E-15   0.107003E-13   0.819293E-14   0.234730E-14   0.180348E-18   0.142727E-22   0.451281E-28   0.941452E-31   0.247197E-26   0.258990E-30   0.606045E-26   0.804095E-30
   0.316667E+01   0.306422E-37   0.622659E-37   0.187332E-32   0.257139E-36   0.517790E-32   0.105183E-35   0.211072E-35   0.424062E-35   0.359272E-31   0.171107E-34   0.924409E-31   0.688279E-34   0.358294E-24   0.102140E-17   0.133871E-13   0.466779E-12   0.355602E-12   0.100406E-12   0.783855E-17   0.618654E-21   0.196821E-26   0.393257E-29   0.106768E-24   0.679224E-29   0.261481E-24   0.956088E-29
   0.316667E+01   0.144897E-36   0.295560E-36   0.893885E-32   0.123372E-35   0.230582E-31   0.507132E-35   0.101370E-34   0.204222E-34   0.149062E-30   0.825727E-34   0.376795E-30   0.332530E-33   0.130369E-24   0.371585E-18   0.483629E-14   0.167693E-12   0.127179E-12   0.361995E-13   0.281220E-17   0.222036E-21   0.704293E-27   0.362486E-28   0.376806E-25   0.687740E-28   0.921758E-25   0.978109E-28
   0.316667E+01   0.817741E-36   0.163539E-35   0.302180E-37   0.654154E-35   0.122319E-36   0.261674E-34   0.523352E-34   0.104664E-33   0.197104E-35   0.418658E-33   0.788335E-35   0.167464E-32   0.345384E-31   0.987896E-25   0.129974E-20   0.454705E-19   0.348398E-19   0.996369E-20   0.800386E-24   0.609143E-28   0.154140E-31   0.429650E-31   0.106164E-31   0.171822E-30   0.255176E-31   0.687195E-30
   0.316667E+01   0.817739E-36   0.163539E-35   0.399096E-37   0.654154E-35   0.148634E-36   0.261675E-34   0.523349E-34   0.104665E-33   0.215151E-35   0.418655E-33   0.834915E-35   0.167465E-32   0.314179E-29   0.897001E-23   0.117987E-18   0.412555E-17   0.315853E-17   0.905790E-18   0.698003E-22   0.552755E-26   0.324364E-31   0.429804E-31   0.952440E-30   0.171810E-30   0.233499E-29   0.686949E-30
   0.316667E+01   0.205300E-37   0.409748E-37   0.980500E-36   0.164005E-36   0.268840E-35   0.657101E-36   0.131411E-35   0.262220E-35   0.185272E-34   0.104948E-34   0.476569E-34   0.419702E-34   0.320225E-27   0.914264E-21   0.120307E-16   0.420802E-15   0.322258E-15   0.924322E-16   0.712358E-20   0.564291E-24   0.177272E-29   0.449525E-31   0.972388E-28   0.175236E-30   0.238408E-27   0.691682E-30
   0.316667E+01   0.209179E-37   0.417829E-37   0.819369E-34   0.167496E-36   0.226362E-33   0.671725E-36   0.134392E-35   0.268332E-35   0.156985E-32   0.107416E-34   0.403882E-32   0.429723E-34   0.264421E-25   0.754773E-19   0.993213E-15   0.347407E-13   0.265975E-13   0.760731E-14   0.585067E-18   0.462782E-22   0.146741E-27   0.213441E-30   0.802841E-26   0.461639E-30   0.196826E-25   0.107369E-29
   0.316667E+01   0.458399E-37   0.945567E-37   0.563303E-32   0.400843E-36   0.156874E-31   0.166474E-35   0.334988E-35   0.676746E-35   0.109692E-30   0.274866E-34   0.282771E-30   0.111042E-33   0.623667E-24   0.177807E-17   0.232523E-13   0.809310E-12   0.615389E-12   0.174594E-12   0.135850E-16   0.107250E-20   0.339913E-26   0.119439E-28   0.184048E-24   0.203983E-28   0.450589E-24   0.276354E-28
   0.316667E+01   0.306885E-36   0.651335E-36   0.112386E-31   0.288969E-35   0.289182E-31   0.123434E-34   0.249368E-34   0.507909E-34   0.186461E-30   0.208553E-33   0.471040E-30   0.848116E-33   0.144648E-24   0.412345E-18   0.536551E-14   0.186005E-12   0.141174E-12   0.402341E-13   0.312063E-17   0.246437E-21   0.781233E-27   0.648839E-28   0.417697E-25   0.146157E-27   0.102180E-24   0.272685E-27
   0.316667E+01   0.244276E-34   0.502204E-34   0.116210E-31   0.213210E-33   0.298314E-31   0.885513E-33   0.176893E-32   0.357512E-32   0.195278E-30   0.145159E-31   0.503273E-30   0.586132E-31   0.137561E-24   0.392183E-18   0.510195E-14   0.176833E-12   0.134313E-12   0.383073E-13   0.296791E-17   0.234412E-21   0.742942E-27   0.807022E-28   0.396867E-25   0.207586E-27   0.970843E-25   0.539949E-27
   0.316667E+01   0.817749E-36   0.163539E-35   0.301027E-37   0.654151E-35   0.121971E-36   0.261674E-34   0.523354E-34   0.104665E-33   0.196800E-35   0.418656E-33   0.788169E-35   0.167463E-32   0.256330E-33   0.565676E-27   0.931046E-23   0.432198E-21   0.274443E-21   0.800054E-22   0.338303E-26   0.777005E-30   0.152238E-31   0.429619E-31   0.259532E-33   0.171847E-30   0.943832E-33   0.687097E-30
   0.316667E+01   0.817739E-36   0.163539E-35   0.624122E-37   0.654149E-35   0.210491E-36   0.261675E-34   0.523348E-34   0.104664E-33   0.257652E-35   0.104873E-34   0.181823E-35   0.419461E-34   0.105188E-28   0.300320E-22   0.395178E-18   0.138221E-16   0.105850E-16   0.303605E-17   0.233983E-21   0.185344E-25   0.729463E-31   0.430205E-31   0.319390E-29   0.171921E-30   0.783088E-29   0.687541E-30
   0.316667E+01   0.205506E-37   0.410042E-37   0.279201E-35   0.164087E-36   0.771079E-35   0.657619E-36   0.131505E-35   0.262540E-35   0.534819E-34   0.105038E-34   0.137665E-33   0.419973E-34   0.926986E-27   0.264665E-20   0.348402E-16   0.121899E-14   0.933769E-15   0.267842E-15   0.206273E-19   0.163445E-23   0.511195E-29   0.487643E-31   0.281965E-27   0.181683E-30   0.691363E-27   0.700557E-30
   0.316667E+01   0.217658E-37   0.436285E-37   0.226507E-33   0.175901E-36   0.630493E-33   0.708588E-36   0.141812E-35   0.283529E-35   0.440652E-32   0.113577E-34   0.113581E-31   0.455001E-34   0.695631E-25   0.198504E-18   0.261131E-14   0.913166E-13   0.698673E-13   0.199081E-13   0.153688E-17   0.121487E-21   0.387354E-27   0.525173E-30   0.210860E-25   0.992315E-30   0.516877E-25   0.178154E-29
   0.316667E+01   0.108273E-36   0.230220E-36   0.165880E-31   0.102699E-35   0.463113E-31   0.440886E-35   0.891655E-35   0.181842E-34   0.324056E-30   0.741566E-34   0.835188E-30   0.302022E-33   0.855963E-24   0.244170E-17   0.318700E-13   0.110753E-11   0.842185E-12   0.241013E-12   0.186022E-16   0.146993E-20   0.464290E-26   0.362102E-28   0.250623E-24   0.617059E-28   0.613495E-24   0.826816E-28
   0.316667E+01   0.113354E-35   0.245888E-35   0.129619E-31   0.113124E-34   0.331868E-31   0.494531E-34   0.100384E-33   0.205822E-33   0.213141E-30   0.843774E-33   0.538282E-30   0.345178E-32   0.158285E-24   0.451247E-18   0.587084E-14   0.203497E-12   0.154501E-12   0.440645E-13   0.341475E-17   0.269694E-21   0.854738E-27   0.847659E-28   0.456810E-25   0.207785E-27   0.111747E-24   0.476771E-27
   0.316667E+01   0.991936E-34   0.208158E-33   0.133321E-31   0.914509E-33   0.348006E-31   0.388325E-32   0.779681E-32   0.158544E-31   0.242627E-30   0.638947E-31   0.658088E-30   0.250806E-30   0.153520E-24   0.437671E-18   0.569367E-14   0.197340E-12   0.149870E-12   0.427486E-13   0.331190E-17   0.261581E-21   0.829017E-27   0.900267E-28   0.442886E-25   0.231099E-27   0.108341E-24   0.600293E-27
   0.316667E+01   0.817742E-36   0.163539E-35   0.301078E-37   0.654151E-35   0.122017E-36   0.261674E-34   0.523355E-34   0.104664E-33   0.196871E-35   0.418657E-33   0.788005E-35   0.167463E-32   0.260464E-33   0.950335E-27   0.148967E-22   0.432198E-21   0.296109E-21   0.870655E-22   0.457705E-26   0.877590E-30   0.152259E-31   0.429558E-31   0.309519E-33   0.171859E-30   0.844147E-33   0.687146E-30
   0.316667E+01   0.817739E-36   0.163540E-35   0.108961E-38   0.163899E-36   0.439345E-38   0.656819E-36   0.131383E-35   0.262220E-35   0.660362E-37   0.104918E-34   0.256957E-36   0.419612E-34   0.288164E-31   0.825321E-25   0.108150E-20   0.380661E-19   0.289682E-19   0.837951E-20   0.669045E-24   0.511568E-28   0.153816E-31   0.429558E-31   0.891974E-32   0.171847E-30   0.221829E-31   0.687146E-30
   0.316667E+01   0.205374E-37   0.409718E-37   0.102366E-37   0.163817E-36   0.297779E-37   0.657007E-36   0.131355E-35   0.262276E-35   0.243883E-36   0.104933E-34   0.721279E-36   0.419612E-34   0.311555E-29   0.889554E-23   0.117143E-18   0.409989E-17   0.314133E-17   0.900868E-18   0.692421E-22   0.548535E-26   0.324976E-31   0.429927E-31   0.949621E-30   0.171871E-30   0.232881E-29   0.686949E-30
   0.316667E+01   0.285822E-37   0.588893E-37   0.689871E-33   0.249181E-36   0.193497E-32   0.103914E-35   0.209548E-35   0.423610E-35   0.136299E-31   0.171415E-34   0.351988E-31   0.687527E-34   0.181812E-24   0.518550E-18   0.681347E-14   0.238043E-12   0.181833E-12   0.515179E-13   0.400249E-17   0.316111E-21   0.100744E-26   0.154659E-29   0.547999E-25   0.273558E-29   0.134283E-24   0.411780E-29
   0.316667E+01   0.524169E-36   0.116965E-35   0.346299E-31   0.559668E-35   0.935502E-31   0.251798E-34   0.515770E-34   0.106606E-33   0.631586E-30   0.440400E-33   0.161281E-29   0.177517E-32   0.912378E-24   0.260475E-17   0.339569E-13   0.117885E-11   0.898500E-12   0.259267E-12   0.198317E-16   0.156881E-20   0.494019E-26   0.970563E-28   0.265916E-24   0.167022E-27   0.650972E-24   0.224007E-27
   0.316667E+01   0.665602E-36   0.149791E-35   0.114146E-32   0.725717E-35   0.292314E-32   0.329076E-34   0.675711E-34   0.139971E-33   0.189035E-31   0.579882E-33   0.481043E-31   0.234107E-32   0.138127E-25   0.393830E-19   0.512366E-15   0.177593E-13   0.134907E-13   0.385166E-14   0.298100E-18   0.235475E-22   0.754845E-28   0.117372E-28   0.398661E-26   0.350895E-28   0.975276E-26   0.106463E-27
   0.316667E+01   0.694742E-33   0.151054E-32   0.165510E-31   0.670742E-32   0.474138E-31   0.257108E-31   0.471885E-31   0.850082E-31   0.367411E-30   0.255752E-30   0.982769E-30   0.721166E-30   0.159871E-24   0.455786E-18   0.592934E-14   0.205509E-12   0.156078E-12   0.445282E-13   0.344908E-17   0.272422E-21   0.863274E-27   0.934372E-28   0.461220E-25   0.239694E-27   0.112826E-24   0.622327E-27
   0.316667E+01   0.817905E-36   0.163586E-35   0.420855E-35   0.654370E-35   0.116507E-34   0.261753E-34   0.523488E-34   0.104696E-33   0.818154E-34   0.106490E-34   0.205614E-33   0.424818E-34   0.137394E-26   0.392278E-20   0.516368E-16   0.180661E-14   0.138386E-14   0.396986E-15   0.305983E-19   0.242437E-23   0.756658E-29   0.517225E-31   0.417837E-27   0.186748E-30   0.102451E-26   0.707361E-30
   0.316667E+01   0.208797E-37   0.418593E-37   0.558695E-35   0.168096E-36   0.155405E-34   0.672994E-36   0.134439E-35   0.268520E-35   0.108558E-33   0.106979E-34   0.279853E-33   0.426383E-34   0.187317E-26   0.534827E-20   0.704304E-16   0.246496E-14   0.188872E-14   0.541909E-15   0.417733E-19   0.331071E-23   0.103281E-28   0.549273E-31   0.570724E-27   0.192258E-30   0.139948E-26   0.714658E-30
   0.316667E+01   0.497558E-37   0.109024E-36   0.478934E-33   0.498621E-36   0.134282E-32   0.205067E-35   0.397515E-35   0.763225E-35   0.945511E-32   0.270480E-34   0.244153E-31   0.944638E-34   0.162261E-24   0.463269E-18   0.610244E-14   0.213626E-12   0.163705E-12   0.469398E-13   0.360348E-17   0.285230E-21   0.892350E-27   0.109166E-29   0.494987E-25   0.196154E-29   0.121381E-24   0.308533E-29
   0.316667E+01   0.892488E-33   0.209034E-32   0.148494E-28   0.103911E-31   0.419703E-28   0.435941E-31   0.834106E-31   0.157079E-30   0.297970E-27   0.520129E-30   0.770972E-27   0.165014E-29   0.305285E-20   0.871312E-14   0.114352E-09   0.399128E-08   0.304848E-08   0.871744E-09   0.671669E-13   0.530934E-17   0.167568E-22   0.330907E-25   0.915910E-21   0.564664E-25   0.224435E-20   0.755946E-25
   0.316667E+01   0.131854E-32   0.324911E-32   0.484423E-29   0.174136E-31   0.125804E-28   0.767324E-31   0.149410E-30   0.285333E-30   0.818956E-28   0.963872E-30   0.207466E-27   0.309639E-29   0.785759E-22   0.224401E-15   0.292297E-11   0.101403E-09   0.774472E-10   0.224151E-10   0.170783E-14   0.135169E-18   0.425170E-24   0.240231E-25   0.228252E-22   0.509501E-25   0.558775E-22   0.871893E-25
   0.316667E+01   0.219059E-32   0.565593E-32   0.806953E-31   0.314226E-31   0.235988E-30   0.126316E-30   0.229263E-30   0.403657E-30   0.178611E-29   0.116299E-29   0.469558E-29   0.319443E-29   0.938576E-24   0.267957E-17   0.348701E-13   0.120878E-11   0.923813E-12   0.266480E-12   0.203597E-16   0.161093E-20   0.507592E-26   0.450422E-27   0.271464E-24   0.112732E-26   0.664418E-24   0.281553E-26
   0.316667E+01   0.477849E-29   0.766065E-29   0.240092E-28   0.194836E-28   0.614532E-28   0.492429E-28   0.782115E-28   0.124193E-27   0.393791E-27   0.312978E-27   0.993050E-27   0.788396E-27   0.191367E-21   0.546853E-15   0.711763E-11   0.246755E-09   0.189315E-09   0.550028E-10   0.416551E-14   0.329964E-18   0.103607E-23   0.804012E-25   0.554344E-22   0.200108E-24   0.135722E-21   0.496004E-24
   0.316667E+01   0.000000E+00   0.000000E+00   0.000000E+00   0.000000E+00   0.000000E+00   0.000000E+00   0.000000E+00   0.000000E+00   0.000000E+00   0.000000E+00   0.000000E+00   0.000000E+00   0.000000E+00   0.000000E+00   0.000000E+00   0.000000E+00   0.000000E+00   0.000000E+00   0.000000E+00   0.000000E+00   0.000000E+00   0.000000E+00   0.000000E+00   0.000000E+00   0.000000E+00   0.000000E+00
   0.316667E+01   0.230955E-26   0.461893E-26   0.901611E-26   0.184747E-25   0.365413E-25   0.738964E-25   0.147791E-24   0.295579E-24   0.589705E-24   0.118230E-23   0.236163E-23   0.472916E-23   0.357431E-20   0.187954E-13   0.306560E-09   0.133552E-07   0.128635E-07   0.372453E-08   0.251090E-12   0.203244E-16   0.108596E-20   0.484258E-20   0.101232E-19   0.193702E-19   0.393342E-19   0.774814E-19
   0.333333E+01   0.207340E-25   0.437500E-25   0.875000E-25   0.175000E-24   0.350000E-24   0.700000E-24   0.139270E-23   0.280000E-23   0.560000E-23   0.112000E-22   0.224000E-22   0.448000E-22   0.297517E-19   0.163264E-12   0.270510E-08   0.119218E-06   0.118881E-06   0.384746E-07   0.275381E-11   0.556404E-16   0.204906E-20   0.458749E-19   0.952998E-19   0.183498E-18   0.370799E-18   0.734002E-18
   0.333333E+01   0.731183E-38   0.163540E-35   0.327075E-35   0.654159E-35   0.130831E-34   0.261665E-34   0.490667E-36   0.104665E-33   0.209328E-33   0.418657E-33   0.837321E-33   0.167464E-32   0.864546E-33   0.243183E-26   0.318385E-22   0.120235E-20   0.902399E-21   0.286006E-21   0.217583E-25   0.439576E-30   0.334922E-32   0.171479E-29   0.572026E-33   0.685914E-29   0.148692E-32   0.274366E-28
   0.333333E+01   0.743021E-38   0.163549E-35   0.327098E-35   0.654193E-35   0.130839E-34   0.261661E-34   0.492631E-36   0.104670E-33   0.209338E-33   0.418679E-33   0.837357E-33   0.167464E-32   0.936104E-31   0.267317E-24   0.353137E-20   0.123786E-18   0.973580E-19   0.310567E-19   0.255210E-23   0.502866E-28   0.431829E-32   0.429619E-31   0.292251E-31   0.171846E-30   0.719101E-31   0.687146E-30
   0.333333E+01   0.731322E-38   0.163549E-35   0.327095E-35   0.654192E-35   0.130839E-34   0.261664E-34   0.490479E-36   0.104670E-33   0.209339E-33   0.418675E-33   0.837357E-33   0.167463E-32   0.360656E-32   0.102376E-25   0.138506E-21   0.476193E-20   0.391280E-20   0.119125E-20   0.100750E-24   0.204136E-29   0.337875E-32   0.171477E-29   0.146529E-32   0.685916E-29   0.356459E-32   0.274370E-28
   0.333333E+01   0.770457E-38   0.163549E-35   0.327095E-35   0.654190E-35   0.130839E-34   0.261664E-34   0.498805E-36   0.104670E-33   0.209340E-33   0.418676E-33   0.837357E-33   0.167463E-32   0.357722E-30   0.102093E-23   0.134947E-19   0.473203E-18   0.372178E-18   0.118744E-18   0.976728E-23   0.192471E-27   0.713253E-32   0.429650E-31   0.112418E-30   0.171785E-30   0.275396E-30   0.687245E-30
   0.333333E+01   0.432860E-37   0.163549E-35   0.327097E-35   0.654196E-35   0.130838E-34   0.261664E-34   0.737075E-36   0.262822E-35   0.525568E-35   0.105069E-34   0.210137E-34   0.419732E-34   0.336305E-28   0.959689E-22   0.126894E-17   0.445035E-16   0.350109E-16   0.111710E-16   0.919107E-21   0.181160E-25   0.361722E-30   0.431653E-31   0.105705E-28   0.172179E-30   0.258794E-28   0.687787E-30
   0.333333E+01   0.349078E-35   0.411805E-37   0.823786E-37   0.164757E-36   0.329538E-36   0.657477E-36   0.663545E-34   0.263536E-35   0.527148E-35   0.105437E-34   0.210829E-34   0.420906E-34   0.304602E-26   0.869144E-20   0.114818E-15   0.402396E-14   0.316349E-14   0.100857E-14   0.828364E-19   0.163269E-23   0.310526E-28   0.623536E-31   0.953527E-27   0.205323E-30   0.233406E-26   0.731865E-30
   0.333333E+01   0.732714E-38   0.163546E-35   0.327092E-35   0.654185E-35   0.130838E-34   0.261663E-34   0.491415E-36   0.104670E-33   0.209340E-33   0.418678E-33   0.837362E-33   0.167463E-32   0.137952E-31   0.393436E-25   0.517331E-21   0.183832E-19   0.145322E-19   0.456805E-20   0.390937E-24   0.776987E-29   0.347245E-32   0.429496E-31   0.449671E-32   0.171797E-30   0.110970E-31   0.687343E-30
   0.333333E+01   0.870316E-38   0.163549E-35   0.327095E-35   0.654192E-35   0.130838E-34   0.261661E-34   0.518731E-36   0.104671E-33   0.209339E-33   0.418683E-33   0.837359E-33   0.167463E-32   0.129730E-29   0.370224E-23   0.489520E-19   0.171683E-17   0.135068E-17   0.430955E-18   0.354555E-22   0.698836E-27   0.171490E-31   0.429619E-31   0.407884E-30   0.171846E-30   0.998918E-30   0.687442E-30
   0.333333E+01   0.129171E-36   0.410718E-37   0.821494E-37   0.164240E-36   0.328504E-36   0.655596E-36   0.251825E-35   0.262859E-35   0.525568E-35   0.105114E-34   0.210122E-34   0.419612E-34   0.117436E-27   0.335125E-21   0.443287E-17   0.155516E-15   0.122378E-15   0.390538E-16   0.321355E-20   0.633548E-25   0.125680E-29   0.437138E-31   0.369754E-28   0.173165E-30   0.905325E-28   0.689020E-30
   0.333333E+01   0.103200E-34   0.413921E-37   0.828430E-37   0.165639E-36   0.331466E-36   0.661474E-36   0.217492E-33   0.265135E-35   0.530270E-35   0.106031E-34   0.212168E-34   0.423614E-34   0.101684E-25   0.290147E-19   0.383897E-15   0.134710E-13   0.106014E-13   0.337971E-14   0.277291E-18   0.546645E-23   0.103954E-27   0.108600E-30   0.320521E-26   0.285195E-30   0.784793E-26   0.836980E-30
   0.333333E+01   0.749365E-33   0.642290E-37   0.130809E-36   0.265638E-36   0.537789E-36   0.108475E-35   0.162052E-31   0.438751E-35   0.881752E-35   0.177088E-34   0.355349E-34   0.711631E-34   0.426499E-24   0.121498E-17   0.160121E-13   0.560121E-12   0.438601E-12   0.137719E-12   0.114876E-16   0.225740E-21   0.429614E-26   0.495517E-29   0.131931E-24   0.865735E-29   0.322664E-24   0.118891E-28
   0.333333E+01   0.389363E-32   0.328242E-36   0.672489E-36   0.137106E-35   0.278425E-35   0.563527E-35   0.674135E-31   0.227070E-34   0.456904E-34   0.918255E-34   0.184364E-33   0.369751E-33   0.151168E-24   0.430584E-18   0.563727E-14   0.196160E-12   0.152923E-12   0.483450E-13   0.401728E-17   0.789670E-22   0.150277E-26   0.448086E-28   0.454323E-25   0.881449E-28   0.110992E-24   0.127346E-27
   0.333333E+01   0.735778E-38   0.163548E-35   0.327095E-35   0.654185E-35   0.130838E-34   0.261662E-34   0.492257E-36   0.104671E-33   0.209340E-33   0.418674E-33   0.837356E-33   0.167464E-32   0.428771E-31   0.122449E-24   0.161405E-20   0.568821E-19   0.448095E-19   0.142469E-19   0.122436E-23   0.242067E-28   0.378336E-32   0.429434E-31   0.136364E-31   0.171871E-30   0.330388E-31   0.687294E-30
   0.333333E+01   0.113786E-37   0.163547E-35   0.327098E-35   0.654192E-35   0.130837E-34   0.261663E-34   0.573925E-36   0.104670E-33   0.209341E-33   0.418678E-33   0.837359E-33   0.167461E-32   0.390304E-29   0.111382E-22   0.147327E-18   0.516857E-17   0.406720E-17   0.129793E-17   0.106798E-21   0.210551E-26   0.449817E-31   0.429742E-31   0.122893E-29   0.171859E-30   0.300926E-29   0.687491E-30
   0.333333E+01   0.403550E-36   0.410630E-37   0.821318E-37   0.164322E-36   0.328527E-36   0.655926E-36   0.850167E-35   0.262784E-35   0.525606E-35   0.105129E-34   0.210197E-34   0.419702E-34   0.400263E-27   0.114225E-20   0.151149E-16   0.530434E-15   0.417523E-15   0.133263E-15   0.109664E-19   0.216256E-24   0.428236E-29   0.455226E-31   0.126244E-27   0.176173E-30   0.309124E-27   0.693408E-30
   0.333333E+01   0.332612E-34   0.419681E-37   0.840067E-37   0.168178E-36   0.336521E-36   0.672147E-36   0.718129E-33   0.269104E-35   0.538245E-35   0.107694E-34   0.215780E-34   0.430716E-34   0.329034E-25   0.938715E-19   0.124215E-14   0.435912E-13   0.343015E-13   0.109153E-13   0.896636E-18   0.176637E-22   0.335800E-27   0.261358E-30   0.103748E-25   0.548720E-30   0.254019E-25   0.118275E-29
   0.333333E+01   0.221670E-32   0.989884E-37   0.204601E-36   0.420357E-36   0.859687E-36   0.174819E-35   0.491109E-31   0.710845E-35   0.143440E-34   0.288882E-34   0.581481E-34   0.116732E-33   0.723917E-24   0.206263E-17   0.271249E-13   0.947228E-12   0.740428E-12   0.233595E-12   0.194198E-16   0.381744E-21   0.726269E-26   0.150101E-28   0.221868E-24   0.259970E-28   0.542456E-24   0.346055E-28
   0.333333E+01   0.486376E-32   0.730593E-36   0.154857E-35   0.324378E-35   0.673150E-35   0.138611E-34   0.836375E-31   0.570485E-34   0.115785E-33   0.234287E-33   0.472970E-33   0.952847E-33   0.167336E-24   0.476711E-18   0.623987E-14   0.217090E-12   0.169350E-12   0.536032E-13   0.444761E-17   0.874439E-22   0.166375E-26   0.757687E-28   0.502531E-25   0.174021E-27   0.122771E-24   0.334918E-27
   0.333333E+01   0.504965E-32   0.568304E-34   0.117504E-33   0.241298E-33   0.492833E-33   0.100222E-32   0.862147E-31   0.404660E-32   0.816105E-32   0.164307E-31   0.330349E-31   0.663455E-31   0.158918E-24   0.452778E-18   0.592539E-14   0.206113E-12   0.160890E-12   0.509606E-13   0.422417E-17   0.830627E-22   0.158017E-26   0.907346E-28   0.476878E-25   0.232614E-27   0.116504E-24   0.602062E-27
   0.333333E+01   0.731600E-38   0.163547E-35   0.327095E-35   0.654185E-35   0.130839E-34   0.261663E-34   0.491040E-36   0.104670E-33   0.209339E-33   0.418677E-33   0.837360E-33   0.167462E-32   0.316539E-33   0.879369E-27   0.145702E-22   0.419239E-21   0.274329E-21   0.892016E-22   0.473004E-26   0.172489E-30   0.332907E-32   0.429465E-31   0.247352E-33   0.171822E-30   0.919310E-33   0.687146E-30
   0.333333E+01   0.205330E-37   0.163549E-35   0.327095E-35   0.654188E-35   0.130838E-34   0.261663E-34   0.768975E-36   0.104669E-33   0.209341E-33   0.105136E-34   0.210212E-34   0.419552E-34   0.130511E-28   0.372445E-22   0.492830E-18   0.172947E-16   0.136131E-16   0.434493E-17   0.357559E-21   0.705073E-26   0.142834E-30   0.430328E-31   0.411603E-29   0.171933E-30   0.100788E-28   0.687343E-30
   0.333333E+01   0.112882E-35   0.411100E-37   0.822258E-37   0.164428E-36   0.328739E-36   0.656490E-36   0.243442E-34   0.263104E-35   0.526057E-35   0.105196E-34   0.210438E-34   0.420123E-34   0.115138E-26   0.328577E-20   0.434958E-16   0.152688E-14   0.120216E-14   0.383709E-15   0.315476E-19   0.622546E-24   0.118356E-28   0.503944E-31   0.363757E-27   0.184579E-30   0.890763E-27   0.704304E-30
   0.333333E+01   0.900813E-34   0.440899E-37   0.885911E-37   0.177911E-36   0.357045E-36   0.714606E-36   0.199268E-32   0.287216E-35   0.575296E-35   0.115074E-34   0.230420E-34   0.460327E-34   0.853995E-25   0.243549E-18   0.322163E-14   0.113027E-12   0.888809E-13   0.281723E-13   0.232339E-17   0.457347E-22   0.869554E-27   0.655429E-30   0.268772E-25   0.123012E-29   0.657955E-25   0.207988E-29
   0.333333E+01   0.645977E-32   0.255138E-36   0.543167E-36   0.114232E-35   0.237857E-35   0.491159E-35   0.143943E-30   0.202975E-34   0.412664E-34   0.828661E-34   0.167463E-33   0.337606E-33   0.973571E-24   0.277591E-17   0.364403E-13   0.127069E-11   0.993309E-12   0.316117E-12   0.260679E-16   0.512945E-21   0.975065E-26   0.454741E-28   0.296254E-24   0.786603E-28   0.724261E-24   0.103898E-27
   0.333333E+01   0.563700E-32   0.290674E-35   0.629156E-35   0.134014E-34   0.281824E-34   0.586596E-34   0.954561E-31   0.244384E-33   0.498689E-33   0.100293E-32   0.203153E-32   0.410414E-32   0.182994E-24   0.521348E-18   0.682326E-14   0.237361E-12   0.185214E-12   0.586604E-13   0.486371E-17   0.956342E-22   0.181942E-26   0.966084E-28   0.549276E-25   0.238044E-27   0.134191E-24   0.552499E-27
   0.333333E+01   0.574360E-32   0.247808E-33   0.522755E-33   0.109101E-32   0.225748E-32   0.463890E-32   0.103666E-30   0.189572E-31   0.383746E-31   0.763594E-31   0.151995E-30   0.297967E-30   0.177463E-24   0.505601E-18   0.661662E-14   0.230156E-12   0.179635E-12   0.568983E-13   0.471663E-17   0.927452E-22   0.176439E-26   0.101325E-27   0.532496E-25   0.259254E-27   0.130091E-24   0.670051E-27
   0.333333E+01   0.731322E-38   0.163547E-35   0.327096E-35   0.654190E-35   0.130837E-34   0.261663E-34   0.491040E-36   0.104670E-33   0.209341E-33   0.418681E-33   0.837350E-33   0.167464E-32   0.379846E-33   0.129191E-26   0.143903E-22   0.711916E-21   0.527001E-21   0.170532E-21   0.875044E-26   0.230878E-30   0.333054E-32   0.429557E-31   0.297382E-33   0.171846E-30   0.993408E-33   0.687245E-30
   0.333333E+01   0.735361E-38   0.163549E-35   0.821494E-37   0.164240E-36   0.328527E-36   0.655738E-36   0.162776E-37   0.262728E-35   0.525380E-35   0.105099E-34   0.210152E-34   0.419702E-34   0.361388E-31   0.103277E-24   0.136222E-20   0.481255E-19   0.379152E-19   0.120134E-19   0.103444E-23   0.205132E-28   0.371264E-32   0.429527E-31   0.115964E-31   0.171822E-30   0.285452E-31   0.687146E-30
   0.333333E+01   0.398877E-38   0.410688E-37   0.821377E-37   0.164311E-36   0.328480E-36   0.655643E-36   0.982268E-37   0.262709E-35   0.525493E-35   0.105099E-34   0.210107E-34   0.419552E-34   0.390766E-29   0.111518E-22   0.147677E-18   0.518556E-17   0.408375E-17   0.130318E-17   0.106939E-21   0.211076E-26   0.858939E-31   0.429619E-31   0.123705E-29   0.171883E-30   0.302969E-29   0.687294E-30
   0.333333E+01   0.269500E-33   0.632504E-37   0.131091E-36   0.270399E-36   0.554975E-36   0.113271E-35   0.610953E-32   0.464612E-35   0.939192E-35   0.188335E-34   0.377949E-34   0.753159E-34   0.219534E-24   0.625717E-18   0.826679E-14   0.289752E-12   0.227480E-12   0.716842E-13   0.595017E-17   0.117012E-21   0.222579E-26   0.194145E-29   0.686854E-25   0.345889E-29   0.168079E-24   0.503061E-29
   0.333333E+01   0.136712E-31   0.142771E-35   0.315775E-35   0.686808E-35   0.146882E-34   0.309878E-34   0.273866E-30   0.131469E-33   0.269838E-33   0.543386E-33   0.109542E-32   0.218049E-32   0.101977E-23   0.291048E-17   0.381655E-13   0.132963E-11   0.104165E-11   0.334383E-12   0.273206E-16   0.538256E-21   0.102206E-25   0.120176E-27   0.309106E-24   0.211462E-27   0.755769E-24   0.280584E-27
   0.333333E+01   0.496563E-33   0.192696E-35   0.429171E-35   0.938626E-35   0.201618E-34   0.426838E-34   0.842380E-32   0.181930E-33   0.374049E-33   0.754103E-33   0.152167E-32   0.303073E-32   0.159354E-25   0.454062E-19   0.594250E-15   0.206717E-13   0.161381E-13   0.511656E-14   0.423703E-18   0.833261E-23   0.158594E-27   0.127740E-28   0.478371E-26   0.378189E-28   0.116874E-25   0.114100E-27
   0.333333E+01   0.669714E-32   0.195344E-32   0.415846E-32   0.853510E-32   0.167909E-31   0.317449E-31   0.155047E-30   0.102160E-30   0.177329E-30   0.301050E-30   0.504945E-30   0.836315E-30   0.184723E-24   0.526294E-18   0.688744E-14   0.239577E-12   0.186994E-12   0.592415E-13   0.490984E-17   0.965470E-22   0.183667E-26   0.105107E-27   0.554296E-25   0.268765E-27   0.135417E-24   0.694316E-27
   0.333333E+01   0.162455E-35   0.163599E-35   0.327206E-35   0.654435E-35   0.130886E-34   0.261772E-34   0.352650E-34   0.104703E-33   0.535273E-35   0.106806E-34   0.213252E-34   0.425751E-34   0.163093E-26   0.465433E-20   0.616098E-16   0.216267E-14   0.170272E-14   0.543545E-15   0.447347E-19   0.882312E-24   0.167590E-28   0.536485E-31   0.515170E-27   0.190298E-30   0.126154E-26   0.712044E-30
   0.333333E+01   0.218981E-35   0.421562E-37   0.845768E-37   0.169530E-36   0.339295E-36   0.678025E-36   0.483286E-34   0.270157E-35   0.539072E-35   0.107491E-34   0.214425E-34   0.428008E-34   0.228078E-26   0.650901E-20   0.861962E-16   0.302673E-14   0.238372E-14   0.761068E-15   0.626447E-19   0.123586E-23   0.234765E-28   0.579194E-31   0.721782E-27   0.197805E-30   0.176762E-26   0.721560E-30
   0.333333E+01   0.180957E-33   0.131617E-36   0.286156E-36   0.604169E-36   0.123378E-35   0.244399E-35   0.409728E-32   0.889765E-35   0.166661E-34   0.308871E-34   0.572107E-34   0.105839E-33   0.192685E-24   0.549861E-18   0.728358E-14   0.255816E-12   0.201491E-12   0.642884E-13   0.527001E-17   0.103915E-21   0.197402E-26   0.132320E-29   0.610484E-25   0.239073E-29   0.149510E-24   0.362481E-29
   0.333333E+01   0.544632E-29   0.273979E-32   0.620888E-32   0.134486E-31   0.277735E-31   0.549756E-31   0.126545E-27   0.193567E-30   0.352699E-30   0.630312E-30   0.112040E-29   0.197538E-29   0.346300E-20   0.987941E-14   0.130381E-09   0.456570E-08   0.358453E-08   0.114075E-08   0.938488E-13   0.184751E-17   0.350972E-22   0.397115E-25   0.107900E-20   0.688199E-25   0.264056E-20   0.910502E-25
   0.333333E+01   0.198510E-29   0.454502E-32   0.107419E-31   0.240744E-31   0.511049E-31   0.103421E-30   0.351763E-28   0.375934E-30   0.692756E-30   0.124916E-29   0.223621E-29   0.396476E-29   0.874441E-22   0.249656E-15   0.327130E-11   0.113894E-09   0.893895E-10   0.287776E-10   0.234267E-14   0.461781E-19   0.876402E-24   0.276762E-25   0.264265E-22   0.603743E-25   0.646142E-22   0.107248E-24
   0.333333E+01   0.318090E-31   0.837982E-32   0.201734E-31   0.441096E-31   0.879437E-31   0.163566E-30   0.768136E-30   0.497045E-30   0.837855E-30   0.139121E-29   0.229257E-29   0.375226E-29   0.105589E-23   0.301320E-17   0.394473E-13   0.137243E-11   0.107745E-11   0.345408E-12   0.282247E-16   0.556095E-21   0.105582E-25   0.499131E-27   0.317759E-24   0.124875E-26   0.776746E-24   0.311668E-26
   0.333333E+01   0.995234E-29   0.830986E-29   0.132448E-28   0.210717E-28   0.334894E-28   0.531951E-28   0.168266E-27   0.134101E-27   0.212872E-27   0.337877E-27   0.536246E-27   0.851005E-27   0.211047E-21   0.602971E-15   0.789564E-11   0.274734E-09   0.216513E-09   0.699891E-10   0.566338E-14   0.111734E-18   0.211859E-23   0.868084E-25   0.636366E-22   0.216040E-24   0.155617E-21   0.535296E-24
   0.333333E+01   0.000000E+00   0.000000E+00   0.000000E+00   0.000000E+00   0.000000E+00   0.000000E+00   0.000000E+00   0.000000E+00   0.000000E+00   0.000000E+00   0.000000E+00   0.000000E+00   0.000000E+00   0.000000E+00   0.000000E+00   0.000000E+00   0.000000E+00   0.000000E+00   0.000000E+00   0.000000E+00   0.000000E+00   0.000000E+00   0.000000E+00   0.000000E+00   0.000000E+00   0.000000E+00
   0.333333E+01   0.219023E-26   0.461899E-26   0.923768E-26   0.184749E-25   0.369490E-25   0.738968E-25   0.147043E-24   0.295580E-24   0.591156E-24   0.118230E-23   0.236460E-23   0.472917E-23   0.347199E-20   0.181797E-13   0.298022E-09   0.130212E-07   0.128919E-07   0.417058E-08   0.299666E-12   0.605009E-17   0.219655E-21   0.484258E-20   0.101629E-19   0.193702E-19   0.393936E-19   0.774814E-19
   0.350000E+01   0.207418E-25   0.422084E-25   0.875000E-25   0.172154E-24   0.350000E-24   0.700001E-24   0.140000E-23   0.279001E-23   0.560000E-23   0.111802E-22   0.224000E-22   0.448000E-22   0.896000E-22   0.156769E-12   0.261455E-08   0.115705E-06   0.106612E-06   0.543459E-07   0.402860E-11   0.430067E-15   0.597791E-20   0.458749E-19   0.955335E-19   0.183498E-18   0.371014E-18   0.734002E-18
   0.350000E+01   0.732293E-38   0.149002E-37   0.327075E-35   0.607445E-37   0.130831E-34   0.261665E-34   0.523327E-34   0.983409E-36   0.209327E-33   0.394194E-35   0.837321E-33   0.167464E-32   0.334927E-32   0.309608E-26   0.425950E-22   0.141250E-20   0.101824E-20   0.521897E-21   0.410229E-25   0.455953E-29   0.109028E-31   0.171477E-29   0.670686E-33   0.685912E-29   0.159220E-32   0.274369E-28
   0.350000E+01   0.744971E-38   0.151128E-37   0.327077E-35   0.612417E-37   0.130838E-34   0.261675E-34   0.523323E-34   0.987529E-36   0.209330E-33   0.395094E-35   0.837357E-33   0.167473E-32   0.334925E-32   0.328247E-24   0.436017E-20   0.153295E-18   0.111267E-18   0.558433E-19   0.476388E-23   0.493026E-27   0.115396E-31   0.429527E-31   0.374955E-31   0.171785E-30   0.916522E-31   0.687343E-30
   0.350000E+01   0.732571E-38   0.148944E-37   0.327079E-35   0.607329E-37   0.130838E-34   0.261677E-34   0.523322E-34   0.983965E-36   0.209330E-33   0.394118E-35   0.837354E-33   0.167470E-32   0.334930E-32   0.128534E-25   0.168468E-21   0.607990E-20   0.448026E-20   0.225530E-20   0.188080E-24   0.193875E-28   0.109215E-31   0.171479E-29   0.174795E-32   0.685911E-29   0.421649E-32   0.274371E-28
   0.350000E+01   0.778967E-38   0.156570E-37   0.327078E-35   0.628375E-37   0.130838E-34   0.261678E-34   0.523321E-34   0.997268E-36   0.209329E-33   0.397347E-35   0.837357E-33   0.167473E-32   0.334926E-32   0.125334E-23   0.166571E-19   0.585920E-18   0.425367E-18   0.213594E-18   0.182323E-22   0.188716E-26   0.134067E-31   0.429681E-31   0.143228E-30   0.171822E-30   0.350511E-30   0.687195E-30
   0.350000E+01   0.500052E-37   0.872681E-37   0.327078E-35   0.259641E-36   0.130838E-34   0.261675E-34   0.131176E-35   0.140238E-35   0.524214E-35   0.364454E-35   0.210137E-34   0.420455E-34   0.839344E-34   0.117842E-21   0.156665E-17   0.551230E-16   0.400243E-16   0.201023E-16   0.171612E-20   0.177693E-24   0.248986E-30   0.432269E-31   0.134789E-28   0.172302E-30   0.329570E-28   0.687836E-30
   0.350000E+01   0.414237E-35   0.692189E-35   0.821847E-37   0.186359E-34   0.329562E-36   0.659265E-36   0.131542E-35   0.125644E-33   0.526245E-35   0.320977E-33   0.210829E-34   0.421749E-34   0.842113E-34   0.106679E-19   0.141698E-15   0.498209E-14   0.361521E-14   0.181413E-14   0.154596E-18   0.159960E-22   0.215474E-28   0.673672E-31   0.121538E-26   0.214642E-30   0.297114E-26   0.743155E-30
   0.350000E+01   0.733129E-38   0.149141E-37   0.327078E-35   0.608138E-37   0.130837E-34   0.261676E-34   0.523325E-34   0.983391E-36   0.209330E-33   0.393968E-35   0.837361E-33   0.167472E-32   0.334925E-32   0.480361E-25   0.637882E-21   0.224849E-19   0.163462E-19   0.829410E-20   0.731112E-24   0.732626E-28   0.109765E-31   0.429496E-31   0.567905E-32   0.171822E-30   0.139816E-31   0.687047E-30
   0.350000E+01   0.897672E-38   0.176897E-37   0.327080E-35   0.683418E-37   0.130838E-34   0.261675E-34   0.523329E-34   0.103549E-35   0.209331E-33   0.407861E-35   0.837357E-33   0.167471E-32   0.334923E-32   0.454344E-23   0.604034E-19   0.212527E-17   0.154318E-17   0.775047E-18   0.661627E-22   0.685077E-26   0.200592E-31   0.429619E-31   0.519753E-30   0.171822E-30   0.127116E-29   0.687195E-30
   0.350000E+01   0.151871E-36   0.247239E-36   0.819731E-37   0.686760E-36   0.328480E-36   0.656961E-36   0.131063E-35   0.479297E-35   0.524552E-35   0.123830E-34   0.210227E-34   0.420425E-34   0.839284E-34   0.411358E-21   0.547094E-17   0.192556E-15   0.139849E-15   0.702519E-16   0.599805E-20   0.621219E-24   0.843368E-30   0.439017E-31   0.471319E-28   0.173523E-30   0.115250E-27   0.689315E-30
   0.350000E+01   0.122363E-34   0.210357E-34   0.827195E-37   0.589715E-34   0.331678E-36   0.663496E-36   0.132408E-35   0.414418E-33   0.529856E-35   0.106936E-32   0.212424E-34   0.424788E-34   0.847710E-34   0.355597E-19   0.473057E-15   0.166533E-13   0.120967E-13   0.606964E-14   0.516734E-18   0.534723E-22   0.713511E-28   0.125585E-30   0.407912E-26   0.316773E-30   0.997461E-26   0.876275E-30
   0.350000E+01   0.875033E-33   0.151501E-32   0.134594E-36   0.429029E-32   0.554551E-36   0.112062E-35   0.224679E-35   0.304634E-31   0.909625E-35   0.788036E-31   0.367070E-34   0.735946E-34   0.147370E-33   0.142268E-17   0.188500E-13   0.661487E-12   0.477509E-12   0.237551E-12   0.204438E-16   0.211019E-20   0.281968E-26   0.613030E-29   0.160372E-24   0.108496E-28   0.391679E-24   0.145884E-28
   0.350000E+01   0.443619E-32   0.722505E-32   0.742930E-36   0.187671E-31   0.307813E-35   0.623252E-35   0.124546E-34   0.121910E-30   0.505188E-34   0.308401E-30   0.203902E-33   0.409062E-33   0.819982E-33   0.493968E-18   0.650398E-14   0.227098E-12   0.163271E-12   0.814926E-13   0.700896E-17   0.723443E-21   0.965636E-27   0.540806E-28   0.541845E-25   0.109892E-27   0.132194E-24   0.162186E-27
   0.350000E+01   0.737030E-38   0.149932E-37   0.327078E-35   0.610220E-37   0.130838E-34   0.261676E-34   0.523322E-34   0.985995E-36   0.209330E-33   0.394494E-35   0.837358E-33   0.167473E-32   0.334927E-32   0.149248E-24   0.198510E-20   0.698344E-19   0.507899E-19   0.254221E-19   0.227121E-23   0.225349E-27   0.111801E-31   0.429619E-31   0.172025E-31   0.171797E-30   0.419156E-31   0.687442E-30
   0.350000E+01   0.121032E-37   0.230564E-37   0.327078E-35   0.833747E-37   0.130838E-34   0.261674E-34   0.523322E-34   0.114098E-35   0.209329E-33   0.433920E-35   0.837363E-33   0.167470E-32   0.334927E-32   0.135856E-22   0.180681E-18   0.635922E-17   0.461851E-17   0.232003E-17   0.198080E-21   0.205149E-25   0.383669E-31   0.429804E-31   0.155656E-29   0.171834E-30   0.380649E-29   0.687245E-30
   0.350000E+01   0.478548E-36   0.822391E-36   0.819966E-37   0.230463E-35   0.328551E-36   0.657337E-36   0.131157E-35   0.162020E-34   0.524665E-35   0.418450E-34   0.210212E-34   0.420515E-34   0.839464E-34   0.140163E-20   0.186484E-16   0.656556E-15   0.476966E-15   0.239640E-15   0.204612E-19   0.211977E-23   0.285190E-29   0.461697E-31   0.160868E-27   0.177529E-30   0.393392E-27   0.694640E-30
   0.350000E+01   0.393856E-34   0.681609E-34   0.840008E-37   0.192901E-33   0.337343E-36   0.675063E-36   0.134768E-35   0.136883E-32   0.539674E-35   0.354042E-32   0.215930E-34   0.432582E-34   0.863900E-34   0.114672E-18   0.152563E-14   0.537115E-13   0.390150E-13   0.195366E-13   0.166546E-17   0.172256E-21   0.230776E-27   0.317493E-30   0.131595E-25   0.653021E-30   0.321774E-25   0.131133E-29
   0.350000E+01   0.257796E-32   0.449320E-32   0.214040E-36   0.128453E-31   0.899794E-36   0.183330E-35   0.368447E-35   0.920998E-31   0.150422E-34   0.238810E-30   0.609572E-34   0.122567E-33   0.245845E-33   0.236104E-17   0.312185E-13   0.109371E-11   0.787782E-12   0.394031E-12   0.337887E-16   0.348956E-20   0.465351E-26   0.185195E-28   0.263737E-24   0.325539E-28   0.643950E-24   0.426621E-28
   0.350000E+01   0.549277E-32   0.893260E-32   0.172647E-35   0.231492E-31   0.750767E-35   0.154652E-34   0.312415E-34   0.149982E-30   0.129201E-33   0.379162E-30   0.527792E-33   0.106348E-32   0.213932E-32   0.545904E-18   0.718651E-14   0.250891E-12   0.180371E-12   0.902676E-13   0.774488E-17   0.799741E-21   0.106718E-26   0.871948E-28   0.598333E-25   0.203360E-27   0.145978E-24   0.401993E-27
   0.350000E+01   0.566753E-32   0.916570E-32   0.131961E-33   0.236469E-31   0.553526E-33   0.112570E-32   0.224882E-32   0.154723E-30   0.916697E-32   0.397286E-30   0.371080E-31   0.745276E-31   0.149545E-30   0.517960E-18   0.681745E-14   0.237970E-12   0.171188E-12   0.856957E-13   0.734831E-17   0.758880E-21   0.101257E-26   0.101326E-27   0.567267E-25   0.259031E-27   0.138399E-24   0.667550E-27
   0.350000E+01   0.731457E-38   0.148908E-37   0.327079E-35   0.606982E-37   0.130838E-34   0.261676E-34   0.523321E-34   0.982603E-36   0.209330E-33   0.393818E-35   0.837361E-33   0.167472E-32   0.334925E-32   0.117797E-26   0.140824E-22   0.406847E-21   0.427661E-21   0.231095E-21   0.107772E-25   0.224117E-29   0.108800E-31   0.429557E-31   0.317323E-33   0.171785E-30   0.894868E-33   0.687343E-30
   0.350000E+01   0.228730E-37   0.415925E-37   0.327079E-35   0.135562E-36   0.130838E-34   0.261675E-34   0.523323E-34   0.150809E-35   0.209329E-33   0.148095E-35   0.210137E-34   0.420365E-34   0.839224E-34   0.453710E-22   0.603640E-18   0.212520E-16   0.154386E-16   0.775670E-17   0.662328E-21   0.686142E-25   0.102833E-30   0.430759E-31   0.520687E-29   0.171970E-30   0.127333E-28   0.687442E-30
   0.350000E+01   0.133069E-35   0.230199E-35   0.820495E-37   0.651144E-35   0.328809E-36   0.657854E-36   0.131289E-35   0.461941E-34   0.525154E-35   0.119506E-33   0.210423E-34   0.420966E-34   0.840247E-34   0.400692E-20   0.533313E-16   0.187820E-14   0.136478E-14   0.685706E-15   0.584874E-19   0.605999E-23   0.814859E-29   0.522371E-31   0.460642E-27   0.188190E-30   0.112654E-26   0.708544E-30
   0.350000E+01   0.105761E-33   0.184256E-33   0.893434E-37   0.526442E-33   0.361088E-36   0.724528E-36   0.144783E-35   0.377233E-32   0.581315E-35   0.978013E-32   0.233323E-34   0.466858E-34   0.932812E-34   0.293590E-18   0.390447E-14   0.137421E-12   0.997408E-13   0.498016E-13   0.425814E-17   0.440120E-21   0.589505E-27   0.806314E-30   0.336366E-25   0.151154E-29   0.822315E-25   0.242850E-29
   0.350000E+01   0.748176E-32   0.130695E-31   0.601565E-36   0.373960E-31   0.264223E-35   0.546295E-35   0.110587E-34   0.267421E-30   0.459462E-34   0.692468E-30   0.186687E-33   0.376556E-33   0.758046E-33   0.312147E-17   0.412053E-13   0.144164E-11   0.103928E-11   0.522089E-12   0.445766E-16   0.460720E-20   0.613393E-26   0.560708E-28   0.346126E-24   0.985024E-28   0.845075E-24   0.128418E-27
   0.350000E+01   0.634227E-32   0.102682E-31   0.739514E-35   0.264617E-31   0.331800E-34   0.691038E-34   0.140421E-33   0.170672E-30   0.588132E-33   0.431270E-30   0.239811E-32   0.484559E-32   0.976994E-32   0.596773E-18   0.785528E-14   0.274212E-12   0.197197E-12   0.987069E-13   0.846611E-17   0.874274E-21   0.116654E-26   0.109060E-27   0.653763E-25   0.269754E-27   0.159501E-24   0.631752E-27
   0.350000E+01   0.645748E-32   0.104963E-31   0.618510E-33   0.274986E-31   0.267548E-32   0.550121E-32   0.110584E-31   0.190860E-30   0.455289E-31   0.515184E-30   0.179747E-30   0.350984E-30   0.671355E-30   0.578740E-18   0.761735E-14   0.265891E-12   0.191252E-12   0.957325E-13   0.820997E-17   0.847846E-21   0.113128E-26   0.113269E-27   0.633810E-25   0.289018E-27   0.154632E-24   0.743744E-27
   0.350000E+01   0.732711E-38   0.148820E-37   0.327078E-35   0.606982E-37   0.130838E-34   0.261674E-34   0.523324E-34   0.983338E-36   0.209330E-33   0.393893E-35   0.837357E-33   0.167472E-32   0.334925E-32   0.120924E-26   0.194720E-22   0.644838E-21   0.509120E-21   0.264643E-21   0.152967E-25   0.277383E-29   0.108809E-31   0.429465E-31   0.310502E-33   0.171871E-30   0.116762E-32   0.687047E-30
   0.350000E+01   0.736194E-38   0.567040E-39   0.819378E-37   0.222024E-38   0.328551E-36   0.656914E-36   0.131138E-35   0.333588E-37   0.524402E-35   0.127668E-36   0.210197E-34   0.420154E-34   0.839284E-34   0.127168E-24   0.168676E-20   0.596936E-19   0.432820E-19   0.218089E-19   0.194372E-23   0.192874E-27   0.111357E-31   0.429557E-31   0.147614E-31   0.171846E-30   0.363526E-31   0.687245E-30
   0.350000E+01   0.469804E-38   0.823905E-38   0.819437E-37   0.241220E-37   0.328480E-36   0.656772E-36   0.131166E-35   0.189845E-36   0.524515E-35   0.541462E-36   0.210152E-34   0.420455E-34   0.838983E-34   0.137380E-22   0.182916E-18   0.644370E-17   0.468344E-17   0.235254E-17   0.200288E-21   0.207427E-25   0.470055E-31   0.429742E-31   0.158243E-29   0.171908E-30   0.387038E-29   0.687540E-30
   0.350000E+01   0.314545E-33   0.551702E-33   0.142317E-36   0.159150E-32   0.608789E-36   0.124776E-35   0.252186E-35   0.115175E-31   0.103767E-34   0.299322E-31   0.417731E-34   0.831912E-34   0.164204E-33   0.742334E-18   0.985990E-14   0.346683E-12   0.250226E-12   0.125921E-12   0.107222E-16   0.110884E-20   0.148290E-26   0.239491E-29   0.845851E-25   0.430842E-29   0.206701E-24   0.609019E-29
   0.350000E+01   0.153121E-31   0.259989E-31   0.384368E-35   0.712762E-31   0.179419E-34   0.378999E-34   0.778074E-34   0.486605E-30   0.330603E-33   0.124518E-29   0.133948E-32   0.265789E-32   0.519033E-32   0.322252E-17   0.424985E-13   0.148566E-11   0.106882E-11   0.547329E-12   0.459694E-16   0.476478E-20   0.633219E-26   0.145562E-27   0.355768E-24   0.262454E-27   0.868761E-24   0.345526E-27
   0.350000E+01   0.558010E-33   0.902536E-33   0.549344E-35   0.232606E-32   0.258966E-34   0.548922E-34   0.112974E-33   0.151128E-31   0.481883E-33   0.385071E-31   0.195647E-32   0.388433E-32   0.758679E-32   0.518879E-19   0.682988E-15   0.238414E-13   0.170700E-13   0.867568E-14   0.735488E-18   0.761010E-22   0.101988E-27   0.138629E-28   0.568428E-26   0.406500E-28   0.138689E-25   0.121828E-27
   0.350000E+01   0.765050E-32   0.129888E-31   0.526953E-32   0.376851E-31   0.206819E-31   0.385096E-31   0.688286E-31   0.294963E-30   0.207611E-30   0.789269E-30   0.582211E-30   0.958739E-30   0.156523E-29   0.602149E-18   0.792550E-14   0.276647E-12   0.199213E-12   0.994044E-13   0.854445E-17   0.882054E-21   0.117693E-26   0.117430E-27   0.659457E-25   0.299465E-27   0.160891E-24   0.770294E-27
   0.350000E+01   0.183506E-35   0.317444E-35   0.327241E-35   0.898831E-35   0.130901E-34   0.261796E-34   0.523576E-34   0.632803E-34   0.537417E-35   0.163648E-33   0.213899E-34   0.426804E-34   0.851622E-34   0.544010E-20   0.724040E-16   0.254981E-14   0.185277E-14   0.931027E-15   0.795064E-19   0.823851E-23   0.110528E-28   0.557777E-31   0.625295E-27   0.194415E-30   0.152922E-26   0.716778E-30
   0.350000E+01   0.253685E-35   0.441669E-35   0.853938E-37   0.126072E-34   0.342539E-36   0.684091E-36   0.136451E-35   0.902658E-34   0.542307E-35   0.234012E-33   0.215463E-34   0.429543E-34   0.856738E-34   0.779868E-20   0.103838E-15   0.365801E-14   0.265876E-14   0.133630E-14   0.114129E-18   0.118294E-22   0.158666E-28   0.613829E-31   0.898035E-27   0.204288E-30   0.219640E-26   0.729794E-30
   0.350000E+01   0.204792E-33   0.359080E-33   0.349122E-36   0.103535E-32   0.148460E-35   0.290888E-35   0.551720E-35   0.748901E-32   0.192100E-34   0.194604E-31   0.647639E-34   0.118758E-33   0.217907E-33   0.642943E-18   0.856290E-14   0.301720E-12   0.219333E-12   0.110155E-12   0.936946E-17   0.969757E-21   0.129204E-26   0.158120E-29   0.741239E-25   0.288016E-29   0.181295E-24   0.423312E-29
   0.350000E+01   0.605854E-29   0.106987E-28   0.798886E-32   0.311617E-28   0.348722E-31   0.681146E-31   0.127396E-30   0.227757E-27   0.424141E-30   0.593332E-27   0.133130E-29   0.233604E-29   0.407504E-29   0.110574E-13   0.146720E-09   0.515442E-08   0.373517E-08   0.187226E-08   0.159728E-12   0.165131E-16   0.219702E-22   0.468954E-25   0.125394E-20   0.825633E-25   0.306468E-20   0.108029E-24
   0.350000E+01   0.216420E-29   0.354967E-29   0.147093E-31   0.929912E-29   0.683322E-31   0.136487E-30   0.259884E-30   0.609257E-28   0.887759E-30   0.154545E-27   0.283209E-29   0.499771E-29   0.875698E-29   0.275615E-15   0.363230E-11   0.126904E-09   0.920352E-10   0.463285E-10   0.393596E-14   0.407208E-18   0.541153E-24   0.313229E-25   0.303352E-22   0.699034E-25   0.740780E-22   0.128479E-24
   0.350000E+01   0.361637E-31   0.627841E-31   0.282610E-31   0.189331E-30   0.113025E-30   0.203557E-30   0.351361E-30   0.143497E-29   0.989314E-30   0.375081E-29   0.266153E-29   0.432946E-29   0.701446E-29   0.336534E-17   0.443133E-13   0.154715E-11   0.112151E-11   0.563028E-12   0.479610E-16   0.495963E-20   0.659897E-26   0.550217E-27   0.369088E-24   0.137608E-26   0.901044E-24   0.343203E-26
   0.350000E+01   0.107160E-28   0.173484E-28   0.142484E-28   0.446555E-28   0.359821E-28   0.571389E-28   0.907140E-28   0.287202E-27   0.228570E-27   0.724655E-27   0.575729E-27   0.913628E-27   0.144972E-26   0.660327E-15   0.869745E-11   0.303711E-09   0.221195E-09   0.111572E-09   0.944013E-14   0.977462E-18   0.129782E-23   0.932299E-25   0.724913E-22   0.232010E-24   0.177053E-21   0.574645E-24
   0.350000E+01   0.000000E+00   0.000000E+00   0.000000E+00   0.000000E+00   0.000000E+00   0.000000E+00   0.000000E+00   0.000000E+00   0.000000E+00   0.000000E+00   0.000000E+00   0.000000E+00   0.000000E+00   0.000000E+00   0.000000E+00   0.000000E+00   0.000000E+00   0.000000E+00   0.000000E+00   0.000000E+00   0.000000E+00   0.000000E+00   0.000000E+00   0.000000E+00   0.000000E+00   0.000000E+00
   0.350000E+01   0.219118E-26   0.445832E-26   0.923777E-26   0.181801E-25   0.369492E-25   0.738972E-25   0.147792E-24   0.294565E-24   0.591157E-24   0.118032E-23   0.236460E-23   0.472918E-23   0.945831E-23   0.176052E-13   0.290005E-09   0.127059E-07   0.116106E-07   0.591562E-08   0.440511E-12   0.469747E-16   0.633127E-21   0.484258E-20   0.102041E-19   0.193701E-19   0.394564E-19   0.774814E-19
   0.366667E+01   0.207478E-25   0.422170E-25   0.875000E-25   0.172172E-24   0.350000E-24   0.700001E-24   0.140000E-23   0.279009E-23   0.560000E-23   0.111804E-22   0.224000E-22   0.448000E-22   0.896000E-22   0.150626E-12   0.252837E-08   0.112348E-06   0.106493E-06   0.579075E-07   0.439002E-11   0.466544E-15   0.224187E-20   0.458749E-19   0.957792E-19   0.183498E-18   0.371237E-18   0.734002E-18
   0.366667E+01   0.731388E-38   0.148975E-37   0.327075E-35   0.607277E-37   0.130831E-34   0.261665E-34   0.523327E-34   0.983246E-36   0.209327E-33   0.394125E-35   0.837321E-33   0.167464E-32   0.334927E-32   0.374600E-26   0.475798E-22   0.187083E-20   0.123464E-20   0.665861E-21   0.579420E-25   0.622608E-29   0.487997E-32   0.171479E-29   0.749589E-33   0.685913E-29   0.177244E-32   0.274371E-28
   0.366667E+01   0.747275E-38   0.151527E-37   0.327077E-35   0.614447E-37   0.130838E-34   0.261675E-34   0.523323E-34   0.987741E-36   0.209330E-33   0.394951E-35   0.837357E-33   0.167473E-32   0.334925E-32   0.396766E-24   0.529851E-20   0.186852E-18   0.139706E-18   0.739833E-19   0.650578E-23   0.668231E-27   0.565811E-32   0.429650E-31   0.469855E-31   0.171834E-30   0.114441E-30   0.687195E-30
   0.366667E+01   0.731945E-38   0.149003E-37   0.327079E-35   0.607392E-37   0.130838E-34   0.261677E-34   0.523322E-34   0.983240E-36   0.209330E-33   0.394049E-35   0.837354E-33   0.167470E-32   0.334930E-32   0.152544E-25   0.203937E-21   0.726716E-20   0.543904E-20   0.280681E-20   0.257520E-24   0.264256E-28   0.488860E-32   0.429588E-31   0.210006E-32   0.685915E-29   0.501827E-32   0.274370E-28
   0.366667E+01   0.786715E-38   0.158218E-37   0.327078E-35   0.632026E-37   0.130838E-34   0.261678E-34   0.523321E-34   0.100029E-35   0.209329E-33   0.398405E-35   0.837357E-33   0.167473E-32   0.334926E-32   0.151461E-23   0.202367E-19   0.714075E-18   0.534077E-18   0.282936E-18   0.248855E-22   0.255765E-26   0.792418E-32   0.429526E-31   0.179626E-30   0.171797E-30   0.438950E-30   0.687294E-30
   0.366667E+01   0.573905E-37   0.996725E-37   0.327078E-35   0.293530E-36   0.130838E-34   0.261675E-34   0.131176E-35   0.163519E-35   0.524214E-35   0.424089E-35   0.210137E-34   0.420455E-34   0.839344E-34   0.142443E-21   0.190383E-17   0.671979E-16   0.502664E-16   0.266331E-16   0.234302E-20   0.240882E-24   0.293775E-30   0.432947E-31   0.169081E-28   0.172450E-30   0.412876E-28   0.687836E-30
   0.366667E+01   0.485906E-35   0.810873E-35   0.822317E-37   0.218047E-34   0.329562E-36   0.659265E-36   0.131618E-35   0.146929E-33   0.526508E-35   0.375341E-33   0.210980E-34   0.421809E-34   0.842113E-34   0.128895E-19   0.172122E-15   0.607089E-14   0.453843E-14   0.240249E-14   0.210971E-18   0.216747E-22   0.252529E-28   0.732281E-31   0.152395E-26   0.225882E-30   0.372059E-26   0.756763E-30
   0.366667E+01   0.734035E-38   0.149284E-37   0.327079E-35   0.607508E-37   0.130837E-34   0.261676E-34   0.523321E-34   0.984727E-36   0.209329E-33   0.394275E-35   0.837358E-33   0.167472E-32   0.334925E-32   0.583935E-25   0.775399E-21   0.273916E-19   0.204676E-19   0.109665E-19   0.997132E-24   0.990441E-28   0.497572E-32   0.429680E-31   0.708061E-32   0.171858E-30   0.173652E-31   0.687195E-30
   0.366667E+01   0.924687E-38   0.181668E-37   0.327078E-35   0.696789E-37   0.130838E-34   0.261676E-34   0.523327E-34   0.104470E-35   0.209329E-33   0.409670E-35   0.837357E-33   0.167470E-32   0.334923E-32   0.548888E-23   0.733613E-19   0.258934E-17   0.193696E-17   0.102627E-17   0.902819E-22   0.928167E-26   0.159899E-31   0.429557E-31   0.651603E-30   0.171883E-30   0.159145E-29   0.687294E-30
   0.366667E+01   0.176824E-36   0.289444E-36   0.819731E-37   0.802933E-36   0.328480E-36   0.656773E-36   0.131091E-35   0.559880E-35   0.524552E-35   0.144552E-34   0.210152E-34   0.420545E-34   0.839284E-34   0.497057E-21   0.664601E-17   0.234651E-15   0.175573E-15   0.930419E-16   0.818617E-20   0.841822E-24   0.101461E-29   0.441421E-31   0.591014E-28   0.173868E-30   0.144329E-27   0.690252E-30
   0.366667E+01   0.143412E-34   0.246217E-34   0.827607E-37   0.689403E-34   0.331936E-36   0.664202E-36   0.132549E-35   0.484222E-33   0.530270E-35   0.124946E-32   0.212559E-34   0.425179E-34   0.848733E-34   0.429021E-19   0.573774E-15   0.202624E-13   0.151628E-13   0.802590E-14   0.704151E-18   0.723470E-22   0.844820E-28   0.145298E-30   0.510697E-26   0.354453E-30   0.124715E-25   0.921782E-30
   0.366667E+01   0.100988E-32   0.174616E-32   0.138526E-36   0.493888E-32   0.571737E-36   0.115593E-35   0.231789E-35   0.350507E-31   0.938815E-35   0.906696E-31   0.378912E-34   0.759840E-34   0.152118E-33   0.164342E-17   0.218888E-13   0.770495E-12   0.573497E-12   0.299920E-12   0.266739E-16   0.273194E-20   0.318556E-26   0.746723E-29   0.192189E-24   0.134152E-28   0.468723E-24   0.176980E-28
   0.366667E+01   0.500682E-32   0.814736E-32   0.816933E-36   0.211414E-31   0.338601E-35   0.685671E-35   0.137025E-34   0.137219E-30   0.555853E-34   0.347066E-30   0.224375E-33   0.450153E-33   0.902322E-33   0.561646E-18   0.743603E-14   0.260504E-12   0.193054E-12   0.101305E-12   0.900427E-17   0.922224E-21   0.107515E-26   0.640090E-28   0.639945E-25   0.133931E-27   0.155911E-24   0.202534E-27
   0.366667E+01   0.738356E-38   0.150047E-37   0.327076E-35   0.609936E-37   0.130837E-34   0.261674E-34   0.523323E-34   0.985458E-36   0.209330E-33   0.394275E-35   0.837363E-33   0.167471E-32   0.334924E-32   0.179017E-24   0.239412E-20   0.845599E-19   0.632814E-19   0.334374E-19   0.307774E-23   0.303091E-27   0.522027E-32   0.429526E-31   0.213944E-31   0.171883E-30   0.521160E-31   0.687244E-30
   0.366667E+01   0.128941E-37   0.244024E-37   0.327079E-35   0.870611E-37   0.130837E-34   0.261676E-34   0.523321E-34   0.116668E-35   0.209330E-33   0.441062E-35   0.837366E-33   0.167470E-32   0.334928E-32   0.163145E-22   0.218131E-18   0.770149E-17   0.576237E-17   0.305365E-17   0.268669E-21   0.276279E-25   0.379953E-31   0.430019E-31   0.193975E-29   0.171920E-30   0.473727E-29   0.687343E-30
   0.366667E+01   0.560962E-36   0.962742E-36   0.819966E-37   0.269460E-35   0.328668E-36   0.657243E-36   0.131166E-35   0.189307E-34   0.524552E-35   0.488841E-34   0.210197E-34   0.420485E-34   0.839645E-34   0.169308E-20   0.226463E-16   0.799820E-15   0.598604E-15   0.317273E-15   0.279148E-19   0.287147E-23   0.344962E-29   0.469524E-31   0.201654E-27   0.178995E-30   0.492484E-27   0.696366E-30
   0.366667E+01   0.460976E-34   0.796711E-34   0.841948E-37   0.225202E-33   0.338166E-36   0.676615E-36   0.135125E-35   0.159722E-32   0.540953E-35   0.413110E-32   0.216502E-34   0.433906E-34   0.866307E-34   0.137905E-18   0.184445E-14   0.651389E-13   0.487436E-13   0.257459E-13   0.226226E-17   0.232286E-21   0.271099E-27   0.382626E-30   0.164212E-25   0.777351E-30   0.400989E-25   0.146274E-29
   0.366667E+01   0.296416E-32   0.515949E-32   0.223520E-36   0.147321E-31   0.940772E-36   0.191775E-35   0.385468E-35   0.105572E-30   0.157448E-34   0.273739E-30   0.638250E-34   0.128330E-33   0.257461E-33   0.267175E-17   0.355151E-13   0.124815E-11   0.926893E-12   0.487665E-12   0.431924E-16   0.442691E-20   0.515775E-26   0.224976E-28   0.309717E-24   0.402011E-28   0.755174E-24   0.519151E-28
   0.366667E+01   0.615308E-32   0.999992E-32   0.191325E-35   0.258952E-31   0.832311E-35   0.171470E-34   0.346408E-34   0.167666E-30   0.143283E-33   0.423812E-30   0.585370E-33   0.117955E-32   0.237283E-32   0.619834E-18   0.820514E-14   0.287408E-12   0.212986E-12   0.112025E-12   0.993606E-17   0.101805E-20   0.118664E-26   0.991443E-28   0.705744E-25   0.234153E-27   0.171945E-24   0.473602E-27
   0.366667E+01   0.631556E-32   0.102128E-31   0.147165E-33   0.263458E-31   0.617359E-33   0.125556E-32   0.250832E-32   0.172372E-30   0.102252E-31   0.442610E-30   0.413929E-31   0.831342E-31   0.166816E-30   0.587649E-18   0.777788E-14   0.272406E-12   0.201972E-12   0.106266E-12   0.941996E-17   0.965284E-21   0.112505E-26   0.112445E-27   0.668644E-25   0.286764E-27   0.162907E-24   0.736229E-27
   0.366667E+01   0.732224E-38   0.148910E-37   0.327079E-35   0.606930E-37   0.130838E-34   0.261676E-34   0.523322E-34   0.983565E-36   0.209329E-33   0.394125E-35   0.837363E-33   0.167472E-32   0.334926E-32   0.113181E-26   0.188302E-22   0.603733E-21   0.427256E-21   0.245616E-21   0.140121E-25   0.289902E-29   0.486054E-32   0.429526E-31   0.317883E-33   0.171871E-30   0.104430E-32   0.687540E-30
   0.366667E+01   0.254341E-37   0.459425E-37   0.327078E-35   0.147557E-36   0.130838E-34   0.261676E-34   0.523324E-34   0.159228E-35   0.209328E-33   0.169951E-35   0.210167E-34   0.420214E-34   0.838802E-34   0.544153E-22   0.727833E-18   0.257050E-16   0.192380E-16   0.101965E-16   0.897218E-21   0.922875E-25   0.115559E-30   0.430790E-31   0.648054E-29   0.172080E-30   0.158271E-28   0.687688E-30
   0.366667E+01   0.155083E-35   0.267926E-35   0.820554E-37   0.756938E-35   0.328950E-36   0.657713E-36   0.131260E-35   0.536693E-34   0.525305E-35   0.138831E-33   0.210498E-34   0.420936E-34   0.840548E-34   0.481066E-20   0.643703E-16   0.227410E-14   0.170240E-14   0.902306E-15   0.792932E-19   0.815817E-23   0.981340E-29   0.543972E-31   0.573911E-27   0.192233E-30   0.140171E-26   0.713622E-30
   0.366667E+01   0.122734E-33   0.213545E-33   0.903014E-37   0.609387E-33   0.365344E-36   0.733462E-36   0.146608E-35   0.436447E-32   0.588838E-35   0.113152E-31   0.236393E-34   0.473117E-34   0.945812E-34   0.348516E-18   0.465935E-14   0.164497E-12   0.123033E-12   0.647087E-13   0.570923E-17   0.585691E-21   0.683208E-27   0.979298E-30   0.414264E-25   0.184341E-29   0.101137E-24   0.283378E-29
   0.366667E+01   0.856364E-32   0.149236E-31   0.664936E-36   0.425706E-31   0.292792E-35   0.605878E-35   0.122728E-34   0.303570E-30   0.510368E-34   0.785561E-30   0.207570E-33   0.418749E-33   0.843148E-33   0.347692E-17   0.461475E-13   0.161978E-11   0.120344E-11   0.636770E-12   0.560981E-16   0.575540E-20   0.669993E-26   0.680740E-28   0.400286E-24   0.121630E-27   0.976008E-24   0.156572E-27
   0.366667E+01   0.708284E-32   0.114639E-31   0.863583E-35   0.295333E-31   0.388053E-34   0.808622E-34   0.164398E-33   0.190440E-30   0.688966E-33   0.481221E-30   0.281169E-32   0.568203E-32   0.114576E-31   0.677432E-18   0.896669E-14   0.314057E-12   0.232792E-12   0.122465E-12   0.108588E-16   0.111266E-20   0.129685E-26   0.122101E-27   0.770985E-25   0.302910E-27   0.187839E-24   0.714496E-27
   0.366667E+01   0.720864E-32   0.117207E-31   0.726759E-33   0.307372E-31   0.314879E-32   0.647812E-32   0.130293E-31   0.214206E-30   0.536247E-31   0.579935E-30   0.210882E-30   0.410033E-30   0.780268E-30   0.657004E-18   0.869573E-14   0.304550E-12   0.225784E-12   0.118777E-12   0.105309E-16   0.107908E-20   0.125771E-26   0.125824E-27   0.747528E-25   0.320309E-27   0.182123E-24   0.821160E-27
   0.366667E+01   0.731248E-38   0.148964E-37   0.327079E-35   0.607392E-37   0.130838E-34   0.261674E-34   0.523322E-34   0.983738E-36   0.209329E-33   0.393674E-35   0.837355E-33   0.167470E-32   0.334929E-32   0.154247E-26   0.188302E-22   0.857152E-21   0.508638E-21   0.281272E-21   0.212075E-25   0.351244E-29   0.486122E-32   0.429711E-31   0.361667E-33   0.171797E-30   0.106873E-32   0.687392E-30
   0.366667E+01   0.736544E-38   0.569991E-39   0.819672E-37   0.224360E-38   0.328574E-36   0.656867E-36   0.131119E-35   0.339219E-37   0.524364E-35   0.129172E-36   0.210152E-34   0.420274E-34   0.839344E-34   0.154167E-24   0.206375E-20   0.730070E-19   0.545193E-19   0.289036E-19   0.266003E-23   0.262393E-27   0.517056E-32   0.429557E-31   0.185824E-31   0.171821E-30   0.455075E-31   0.686998E-30
   0.366667E+01   0.548680E-38   0.961324E-38   0.819613E-37   0.280682E-37   0.328574E-36   0.656961E-36   0.131110E-35   0.218524E-36   0.524477E-35   0.608310E-36   0.210227E-34   0.420244E-34   0.838923E-34   0.166677E-22   0.223105E-18   0.788414E-17   0.590347E-17   0.312822E-17   0.274415E-21   0.282210E-25   0.780050E-31   0.429927E-31   0.199227E-29   0.171846E-30   0.486635E-29   0.687639E-30
   0.366667E+01   0.362849E-33   0.635592E-33   0.155870E-36   0.183130E-32   0.672547E-36   0.138271E-35   0.280059E-35   0.132463E-31   0.115571E-34   0.344248E-31   0.464811E-34   0.923424E-34   0.181633E-33   0.867830E-18   0.115870E-13   0.408660E-12   0.304604E-12   0.160363E-12   0.141630E-16   0.145249E-20   0.169352E-26   0.291041E-29   0.102578E-24   0.530164E-29   0.250318E-24   0.731041E-29
   0.366667E+01   0.169691E-31   0.287196E-31   0.465004E-35   0.784249E-31   0.217746E-34   0.460463E-34   0.946274E-34   0.533580E-30   0.402248E-33   0.136436E-29   0.162540E-32   0.321383E-32   0.624754E-32   0.353967E-17   0.469409E-13   0.164641E-11   0.122106E-11   0.657846E-12   0.570643E-16   0.587113E-20   0.682520E-26   0.172963E-27   0.405909E-24   0.320299E-27   0.989932E-24   0.419544E-27
   0.366667E+01   0.622840E-33   0.100734E-32   0.697357E-35   0.259660E-32   0.329762E-34   0.699732E-34   0.144163E-33   0.168935E-31   0.615168E-33   0.431023E-31   0.249082E-32   0.492768E-32   0.958116E-32   0.588246E-19   0.778615E-15   0.272705E-13   0.201395E-13   0.107290E-13   0.942262E-18   0.967121E-22   0.112818E-27   0.150046E-28   0.669492E-26   0.435938E-28   0.163120E-25   0.129709E-27
   0.366667E+01   0.868994E-32   0.148242E-31   0.657402E-32   0.432007E-31   0.250435E-31   0.459559E-31   0.811645E-31   0.334910E-30   0.239910E-30   0.890957E-30   0.663858E-30   0.108779E-29   0.176903E-29   0.683254E-18   0.904322E-14   0.316721E-12   0.235029E-12   0.123334E-12   0.109544E-16   0.112214E-20   0.130798E-26   0.130367E-27   0.777411E-25   0.331700E-27   0.189405E-24   0.850018E-27
   0.366667E+01   0.205478E-35   0.354962E-35   0.327283E-35   0.100364E-34   0.130917E-34   0.680612E-36   0.135755E-35   0.706698E-34   0.539824E-35   0.182753E-33   0.214636E-34   0.427978E-34   0.853789E-34   0.627640E-20   0.839801E-16   0.296679E-14   0.222091E-14   0.117733E-14   0.103606E-18   0.106595E-22   0.127921E-28   0.581535E-31   0.748653E-27   0.199012E-30   0.182849E-26   0.722447E-30
   0.366667E+01   0.291119E-35   0.506176E-35   0.864458E-37   0.144312E-34   0.346442E-36   0.691614E-36   0.137777E-35   0.103270E-33   0.546069E-35   0.267718E-33   0.216622E-34   0.431649E-34   0.859927E-34   0.921739E-20   0.123382E-15   0.436020E-14   0.326490E-14   0.173108E-14   0.152356E-18   0.156794E-22   0.181889E-28   0.652995E-31   0.110146E-26   0.211868E-30   0.269039E-26   0.739112E-30
   0.366667E+01   0.229719E-33   0.402259E-33   0.426222E-36   0.115846E-32   0.178019E-35   0.344754E-35   0.646917E-35   0.837525E-32   0.220955E-34   0.217631E-31   0.732636E-34   0.133292E-33   0.242661E-33   0.742086E-18   0.993591E-14   0.351198E-12   0.263012E-12   0.139348E-12   0.122141E-16   0.125527E-20   0.146327E-26   0.186695E-29   0.887794E-25   0.343856E-29   0.216853E-24   0.491632E-29
   0.366667E+01   0.667868E-29   0.117783E-28   0.101206E-31   0.342651E-28   0.430386E-31   0.829601E-31   0.153579E-30   0.250313E-27   0.503169E-30   0.652089E-27   0.156325E-29   0.273182E-29   0.474802E-29   0.122392E-13   0.163265E-09   0.575363E-08   0.429572E-08   0.227149E-08   0.199708E-12   0.204995E-16   0.238504E-22   0.546419E-25   0.144023E-20   0.978601E-25   0.351533E-20   0.126630E-24
   0.366667E+01   0.234505E-29   0.384165E-29   0.197697E-31   0.100515E-28   0.895252E-31   0.176503E-30   0.332705E-30   0.658088E-28   0.111869E-29   0.166929E-27   0.353300E-29   0.620948E-29   0.108411E-28   0.302210E-15   0.400516E-11   0.140402E-09   0.104855E-09   0.557004E-10   0.487646E-14   0.500943E-18   0.582519E-24   0.349581E-25   0.345577E-22   0.794991E-25   0.842811E-22   0.150590E-24
   0.366667E+01   0.411728E-31   0.724305E-31   0.379252E-31   0.218494E-30   0.139802E-30   0.245271E-30   0.416047E-30   0.161685E-29   0.114505E-29   0.420007E-29   0.304111E-29   0.492373E-29   0.794628E-29   0.373572E-17   0.494673E-13   0.173296E-11   0.129347E-11   0.684285E-12   0.601482E-16   0.617412E-20   0.718456E-26   0.603626E-27   0.425718E-24   0.150921E-26   0.103790E-23   0.376132E-26
   0.366667E+01   0.114716E-28   0.185564E-28   0.152420E-28   0.477255E-28   0.384598E-28   0.610625E-28   0.969326E-28   0.306820E-27   0.244206E-27   0.774105E-27   0.615067E-27   0.976027E-27   0.154869E-26   0.718718E-15   0.952058E-11   0.333598E-09   0.250081E-09   0.133212E-09   0.116103E-13   0.119379E-17   0.138727E-23   0.996417E-25   0.820030E-22   0.247963E-24   0.200033E-21   0.613902E-24
   0.366667E+01   0.000000E+00   0.000000E+00   0.000000E+00   0.000000E+00   0.000000E+00   0.000000E+00   0.000000E+00   0.000000E+00   0.000000E+00   0.000000E+00   0.000000E+00   0.000000E+00   0.000000E+00   0.000000E+00   0.000000E+00   0.000000E+00   0.000000E+00   0.000000E+00   0.000000E+00   0.000000E+00   0.000000E+00   0.000000E+00   0.000000E+00   0.000000E+00   0.000000E+00   0.000000E+00
   0.366667E+01   0.219195E-26   0.445946E-26   0.923786E-26   0.181826E-25   0.369495E-25   0.738976E-25   0.147793E-24   0.294578E-24   0.591158E-24   0.118035E-23   0.236460E-23   0.472918E-23   0.945832E-23   0.170684E-13   0.282471E-09   0.124082E-07   0.116512E-07   0.632949E-08   0.482459E-12   0.512039E-16   0.238927E-21   0.484258E-20   0.102476E-19   0.193701E-19   0.395226E-19   0.774814E-19
   0.383333E+01   0.207533E-25   0.422252E-25   0.875000E-25   0.172189E-24   0.350000E-24   0.700001E-24   0.140000E-23   0.279017E-23   0.560000E-23   0.111806E-22   0.224000E-22   0.448000E-22   0.896000E-22   0.144813E-12   0.244629E-08   0.109138E-06   0.106264E-06   0.614284E-07   0.505511E-11   0.538984E-15   0.201690E-20   0.458749E-19   0.960378E-19   0.183498E-18   0.371469E-18   0.734001E-18
   0.383333E+01   0.732560E-38   0.148946E-37   0.327075E-35   0.607916E-37   0.130831E-34   0.261665E-34   0.523327E-34   0.984771E-36   0.209327E-33   0.394357E-35   0.837321E-33   0.167464E-32   0.334927E-32   0.431400E-26   0.580726E-22   0.204896E-20   0.170560E-20   0.951466E-21   0.828341E-25   0.907970E-29   0.446038E-32   0.171477E-29   0.886284E-33   0.685918E-29   0.212707E-32   0.274369E-28
   0.383333E+01   0.750683E-38   0.151895E-37   0.327077E-35   0.615202E-37   0.130838E-34   0.261675E-34   0.523323E-34   0.989078E-36   0.209330E-33   0.395483E-35   0.837357E-33   0.167473E-32   0.334925E-32   0.473038E-24   0.634960E-20   0.224633E-18   0.172712E-18   0.963591E-19   0.924951E-23   0.951168E-27   0.533799E-32   0.429557E-31   0.580801E-31   0.171772E-30   0.141870E-30   0.687392E-30
   0.383333E+01   0.732142E-38   0.149059E-37   0.327079E-35   0.607568E-37   0.130838E-34   0.261677E-34   0.523322E-34   0.984015E-36   0.209330E-33   0.394131E-35   0.837354E-33   0.167470E-32   0.334930E-32   0.184019E-25   0.245955E-21   0.878954E-20   0.672086E-20   0.375138E-20   0.369266E-24   0.374680E-28   0.447286E-32   0.429711E-31   0.250450E-32   0.685915E-29   0.621859E-32   0.274369E-28
   0.383333E+01   0.795710E-38   0.159694E-37   0.327078E-35   0.636136E-37   0.130838E-34   0.261678E-34   0.523321E-34   0.100350E-35   0.209329E-33   0.399463E-35   0.837357E-33   0.167473E-32   0.334926E-32   0.180530E-23   0.242462E-19   0.858167E-18   0.659924E-18   0.368439E-18   0.353780E-22   0.364050E-26   0.788493E-32   0.429619E-31   0.222013E-30   0.171784E-30   0.541726E-30   0.687442E-30
   0.383333E+01   0.654592E-37   0.113277E-36   0.327078E-35   0.330664E-36   0.130838E-34   0.261675E-34   0.131176E-35   0.188918E-35   0.524214E-35   0.489735E-35   0.210137E-34   0.420455E-34   0.839344E-34   0.169814E-21   0.228155E-17   0.807761E-16   0.621269E-16   0.346906E-16   0.333165E-20   0.342936E-24   0.329150E-30   0.433594E-31   0.209045E-28   0.172573E-30   0.509784E-28   0.688132E-30
   0.383333E+01   0.564231E-35   0.940745E-35   0.822434E-37   0.252767E-34   0.329773E-36   0.659547E-36   0.131637E-35   0.170273E-33   0.526508E-35   0.434985E-33   0.211025E-34   0.422080E-34   0.842775E-34   0.153600E-19   0.206186E-15   0.729459E-14   0.560695E-14   0.312800E-14   0.299859E-18   0.308428E-22   0.283385E-28   0.799395E-31   0.188337E-26   0.239046E-30   0.459197E-26   0.772638E-30
   0.383333E+01   0.735209E-38   0.149255E-37   0.327078E-35   0.608031E-37   0.130838E-34   0.261676E-34   0.523327E-34   0.984565E-36   0.209329E-33   0.394431E-35   0.837360E-33   0.167472E-32   0.334923E-32   0.691974E-25   0.934530E-21   0.331237E-19   0.253200E-19   0.141416E-19   0.141690E-23   0.140603E-27   0.456996E-32   0.429403E-31   0.870251E-32   0.171821E-30   0.212238E-31   0.687096E-30
   0.383333E+01   0.956720E-38   0.186921E-37   0.327080E-35   0.711085E-37   0.130837E-34   0.261677E-34   0.523327E-34   0.105541E-35   0.209329E-33   0.412606E-35   0.837354E-33   0.167471E-32   0.334925E-32   0.653997E-23   0.878667E-19   0.311081E-17   0.239266E-17   0.133597E-17   0.128304E-21   0.132062E-25   0.169417E-31   0.429804E-31   0.805129E-30   0.171895E-30   0.196370E-29   0.687294E-30
   0.383333E+01   0.204091E-36   0.335626E-36   0.819672E-37   0.930147E-36   0.328574E-36   0.657243E-36   0.131100E-35   0.648282E-35   0.524552E-35   0.167228E-34   0.210212E-34   0.420485E-34   0.839043E-34   0.592357E-21   0.796172E-17   0.281963E-15   0.216921E-15   0.121146E-15   0.116361E-19   0.119804E-23   0.113887E-29   0.443917E-31   0.730441E-28   0.174410E-30   0.178141E-27   0.690745E-30
   0.383333E+01   0.166384E-34   0.285404E-34   0.828253E-37   0.798490E-34   0.332312E-36   0.664484E-36   0.132671E-35   0.560673E-33   0.530797E-35   0.144678E-32   0.212875E-34   0.425631E-34   0.849515E-34   0.510503E-19   0.686315E-15   0.243105E-13   0.187046E-13   0.104338E-13   0.999382E-18   0.102799E-21   0.946163E-28   0.167949E-30   0.630194E-26   0.398813E-30   0.153690E-25   0.974981E-30
   0.383333E+01   0.115363E-32   0.199295E-32   0.142517E-36   0.563241E-32   0.588805E-36   0.119082E-35   0.238832E-35   0.399608E-31   0.967704E-35   0.103375E-30   0.390783E-34   0.783673E-34   0.156939E-33   0.187607E-17   0.251162E-13   0.886738E-12   0.678936E-12   0.373405E-12   0.363154E-16   0.372257E-20   0.342172E-26   0.896916E-29   0.227461E-24   0.163773E-28   0.553952E-24   0.212285E-28
   0.383333E+01   0.560410E-32   0.911305E-32   0.894057E-36   0.236277E-31   0.370678E-35   0.750728E-35   0.150030E-34   0.153249E-30   0.608703E-34   0.387551E-30   0.245713E-33   0.492975E-33   0.988273E-33   0.633503E-18   0.843270E-14   0.296361E-12   0.225908E-12   0.124579E-12   0.121164E-16   0.124187E-20   0.114143E-26   0.745215E-28   0.749170E-25   0.159996E-27   0.182261E-24   0.248183E-27
   0.383333E+01   0.739670E-38   0.150188E-37   0.327075E-35   0.610922E-37   0.130837E-34   0.261677E-34   0.523323E-34   0.985483E-36   0.209330E-33   0.394431E-35   0.837348E-33   0.167471E-32   0.334929E-32   0.211925E-24   0.284767E-20   0.100884E-18   0.776182E-19   0.432107E-19   0.434094E-23   0.428253E-27   0.484197E-32   0.429588E-31   0.262474E-31   0.171871E-30   0.637163E-31   0.687294E-30
   0.383333E+01   0.137632E-37   0.258592E-37   0.327079E-35   0.910831E-37   0.130838E-34   0.261674E-34   0.523323E-34   0.119426E-35   0.209330E-33   0.448504E-35   0.837355E-33   0.167471E-32   0.334922E-32   0.193245E-22   0.259730E-18   0.919821E-17   0.707630E-17   0.395193E-17   0.379578E-21   0.390802E-25   0.414421E-31   0.430112E-31   0.238280E-29   0.171945E-30   0.581146E-29   0.687392E-30
   0.383333E+01   0.650968E-36   0.111620E-35   0.819613E-37   0.312151E-35   0.328668E-36   0.657243E-36   0.131157E-35   0.219213E-34   0.524590E-35   0.566030E-34   0.210167E-34   0.420515E-34   0.839404E-34   0.201702E-20   0.271205E-16   0.960764E-15   0.739327E-15   0.412967E-15   0.396632E-19   0.408495E-23   0.387326E-29   0.478337E-31   0.249141E-27   0.180610E-30   0.607650E-27   0.698239E-30
   0.383333E+01   0.534053E-34   0.922198E-34   0.844005E-37   0.260466E-33   0.339036E-36   0.678496E-36   0.135417E-35   0.184678E-32   0.542232E-35   0.477671E-32   0.216968E-34   0.434990E-34   0.868233E-34   0.163574E-18   0.219916E-14   0.779010E-13   0.599337E-13   0.333597E-13   0.320050E-17   0.329013E-21   0.302646E-27   0.457192E-30   0.201975E-25   0.923558E-30   0.492533E-25   0.163767E-29
   0.383333E+01   0.337446E-32   0.586847E-32   0.233001E-36   0.167430E-31   0.981961E-36   0.200206E-35   0.402536E-35   0.119943E-30   0.164498E-34   0.311009E-30   0.667004E-34   0.134105E-33   0.269100E-33   0.299329E-17   0.399972E-13   0.140996E-11   0.107713E-11   0.596002E-12   0.577212E-16   0.592121E-20   0.543862E-26   0.269517E-28   0.359855E-24   0.490028E-28   0.876198E-24   0.623925E-28
   0.383333E+01   0.684309E-32   0.111153E-31   0.210825E-35   0.287649E-31   0.917473E-35   0.189037E-34   0.381914E-34   0.186145E-30   0.157986E-33   0.470464E-30   0.645486E-33   0.130071E-32   0.261670E-32   0.698387E-18   0.929510E-14   0.326629E-12   0.248973E-12   0.137578E-12   0.133562E-16   0.136941E-20   0.125846E-26   0.111582E-27   0.825380E-25   0.266247E-27   0.200805E-24   0.549124E-27
   0.383333E+01   0.699213E-32   0.113060E-31   0.163071E-33   0.291630E-31   0.684157E-33   0.139146E-32   0.277991E-32   0.190796E-30   0.113328E-31   0.489924E-30   0.458779E-31   0.921428E-31   0.184893E-30   0.661737E-18   0.880610E-14   0.309410E-12   0.235949E-12   0.130424E-12   0.126550E-16   0.129766E-20   0.119246E-26   0.124058E-27   0.781595E-25   0.315731E-27   0.190154E-24   0.807894E-27
   0.383333E+01   0.732978E-38   0.148824E-37   0.327078E-35   0.607337E-37   0.130837E-34   0.261675E-34   0.523323E-34   0.984152E-36   0.209330E-33   0.394131E-35   0.837352E-33   0.167470E-32   0.334928E-32   0.139627E-26   0.177309E-22   0.789176E-21   0.636215E-21   0.260799E-21   0.235423E-25   0.389685E-29   0.444054E-32   0.429711E-31   0.369196E-33   0.171821E-30   0.104476E-32   0.687392E-30
   0.383333E+01   0.281816E-37   0.506454E-37   0.327078E-35   0.160700E-36   0.130838E-34   0.261675E-34   0.523329E-34   0.168472E-35   0.209330E-33   0.193160E-35   0.210182E-34   0.420455E-34   0.839284E-34   0.643734E-22   0.865533E-18   0.306616E-16   0.235943E-16   0.131792E-16   0.126599E-20   0.130376E-24   0.127897E-30   0.431129E-31   0.795064E-29   0.172117E-30   0.193915E-28   0.687935E-30
   0.383333E+01   0.178940E-35   0.308869E-35   0.820730E-37   0.871905E-35   0.328950E-36   0.658089E-36   0.131354E-35   0.618002E-34   0.525418E-35   0.159863E-33   0.210588E-34   0.421087E-34   0.840789E-34   0.569690E-20   0.766275E-16   0.271538E-14   0.209004E-14   0.116743E-14   0.111980E-18   0.115341E-22   0.109559E-28   0.568439E-31   0.704822E-27   0.197089E-30   0.171915E-26   0.719242E-30
   0.383333E+01   0.140989E-33   0.245090E-33   0.913594E-37   0.698853E-33   0.370093E-36   0.743242E-36   0.148582E-35   0.500377E-32   0.597189E-35   0.129731E-31   0.239823E-34   0.480219E-34   0.959654E-34   0.408178E-18   0.548518E-14   0.194233E-12   0.149361E-12   0.827598E-13   0.797453E-17   0.819004E-21   0.753027E-27   0.117520E-29   0.503041E-25   0.222944E-29   0.122640E-24   0.329773E-29
   0.383333E+01   0.970056E-32   0.168707E-31   0.733220E-36   0.479948E-31   0.323616E-35   0.670206E-35   0.135826E-34   0.341349E-30   0.565403E-34   0.882782E-30   0.230149E-33   0.464384E-33   0.935189E-33   0.384088E-17   0.512501E-13   0.180451E-11   0.137889E-11   0.767874E-12   0.739313E-16   0.759263E-20   0.696838E-26   0.814992E-28   0.458776E-24   0.148233E-27   0.111711E-23   0.188442E-27
   0.383333E+01   0.785695E-32   0.127137E-31   0.100216E-34   0.327438E-31   0.450957E-34   0.940167E-34   0.191233E-33   0.211103E-30   0.801879E-33   0.533438E-30   0.327519E-32   0.661951E-32   0.133494E-31   0.763211E-18   0.101569E-13   0.356887E-12   0.272093E-12   0.150376E-12   0.145950E-16   0.149651E-20   0.137521E-26   0.135701E-27   0.901633E-25   0.337427E-27   0.219356E-24   0.800460E-27
   0.383333E+01   0.799551E-32   0.130041E-31   0.848342E-33   0.341395E-31   0.368130E-32   0.757780E-32   0.152488E-31   0.238924E-30   0.627185E-31   0.648786E-30   0.245521E-30   0.475249E-30   0.899618E-30   0.740282E-18   0.985121E-14   0.346128E-12   0.263927E-12   0.145859E-12   0.141559E-16   0.145150E-20   0.133385E-26   0.138955E-27   0.874327E-25   0.353039E-27   0.212711E-24   0.902073E-27
   0.383333E+01   0.731445E-38   0.148935E-37   0.327076E-35   0.606758E-37   0.130837E-34   0.261676E-34   0.523325E-34   0.983014E-36   0.209328E-33   0.394056E-35   0.837363E-33   0.167471E-32   0.334929E-32   0.181997E-26   0.234243E-22   0.832617E-21   0.724202E-21   0.427482E-21   0.300818E-25   0.445944E-29   0.444147E-32   0.429619E-31   0.413016E-33   0.171871E-30   0.126798E-32   0.687047E-30
   0.383333E+01   0.303898E-39   0.589953E-39   0.819672E-37   0.232479E-38   0.328480E-36   0.656678E-36   0.131119E-35   0.337354E-37   0.524440E-35   0.132178E-36   0.210122E-34   0.420334E-34   0.838923E-34   0.184607E-24   0.248378E-20   0.880764E-19   0.675762E-19   0.377735E-19   0.379598E-23   0.375100E-27   0.479193E-32   0.429588E-31   0.230250E-31   0.171797E-30   0.562604E-31   0.687195E-30
   0.383333E+01   0.637348E-38   0.111524E-37   0.819554E-37   0.323273E-37   0.328551E-36   0.656819E-36   0.131138E-35   0.248705E-36   0.524515E-35   0.690179E-36   0.210077E-34   0.420274E-34   0.838983E-34   0.199525E-22   0.268467E-18   0.951609E-17   0.732623E-17   0.409122E-17   0.391770E-21   0.403331E-25   0.850290E-31   0.430050E-31   0.247313E-29   0.171945E-30   0.603290E-29   0.687392E-30
   0.383333E+01   0.414305E-33   0.725093E-33   0.171740E-36   0.208754E-32   0.747473E-36   0.154197E-35   0.312785E-35   0.150954E-31   0.129477E-34   0.392318E-31   0.519851E-34   0.102980E-33   0.201807E-33   0.100159E-17   0.134416E-13   0.475478E-12   0.364758E-12   0.201599E-12   0.194967E-16   0.200078E-20   0.183903E-26   0.348913E-29   0.122731E-24   0.644722E-29   0.299071E-24   0.869564E-29
   0.383333E+01   0.186352E-31   0.314546E-31   0.558991E-35   0.856041E-31   0.262516E-34   0.555698E-34   0.114304E-33   0.580683E-30   0.485940E-33   0.148383E-29   0.195699E-32   0.385475E-32   0.745838E-32   0.386082E-17   0.514783E-13   0.181136E-11   0.138202E-11   0.782763E-12   0.742745E-16   0.764899E-20   0.701149E-26   0.202002E-27   0.459532E-24   0.384516E-27   0.111924E-23   0.502635E-27
   0.383333E+01   0.690969E-33   0.111753E-32   0.877907E-35   0.288127E-32   0.416305E-34   0.884243E-34   0.182345E-33   0.187745E-31   0.778147E-33   0.479728E-31   0.314013E-32   0.618850E-32   0.119762E-31   0.662107E-19   0.881141E-15   0.309606E-13   0.235309E-13   0.131415E-13   0.126542E-17   0.129937E-21   0.119496E-27   0.161981E-28   0.782212E-26   0.466517E-28   0.190312E-25   0.137768E-27
   0.383333E+01   0.981459E-32   0.168243E-31   0.807481E-32   0.491510E-31   0.298463E-31   0.540271E-31   0.943870E-31   0.376984E-30   0.274017E-30   0.997491E-30   0.749464E-30   0.122287E-29   0.198215E-29   0.769483E-18   0.102399E-13   0.359785E-12   0.274562E-12   0.151438E-12   0.147177E-16   0.150873E-20   0.138650E-26   0.143881E-27   0.908839E-25   0.365376E-27   0.221110E-24   0.933246E-27
   0.383333E+01   0.228340E-35   0.394089E-35   0.327335E-35   0.111320E-34   0.130935E-34   0.685596E-36   0.136639E-35   0.784031E-34   0.542382E-35   0.202758E-33   0.215343E-34   0.429422E-34   0.856136E-34   0.715941E-20   0.962962E-16   0.341227E-14   0.262640E-14   0.146728E-14   0.140960E-18   0.145202E-22   0.137551E-28   0.607235E-31   0.885629E-27   0.204226E-30   0.216017E-26   0.728561E-30
   0.383333E+01   0.331332E-35   0.575590E-35   0.877095E-37   0.163972E-34   0.351261E-36   0.699937E-36   0.139263E-35   0.117304E-33   0.550771E-35   0.304099E-33   0.217901E-34   0.433786E-34   0.863960E-34   0.107647E-19   0.144847E-15   0.513437E-14   0.395297E-14   0.220881E-14   0.212223E-18   0.218669E-22   0.200041E-28   0.697245E-31   0.133402E-26   0.220594E-30   0.325411E-26   0.749761E-30
   0.383333E+01   0.255708E-33   0.447376E-33   0.518775E-36   0.128738E-32   0.212210E-35   0.406406E-35   0.755024E-35   0.930458E-32   0.253335E-34   0.241788E-31   0.827699E-34   0.149533E-33   0.270280E-33   0.846854E-18   0.113978E-13   0.404097E-12   0.311155E-12   0.173734E-12   0.166248E-16   0.171053E-20   0.157185E-26   0.218038E-29   0.105063E-24   0.406857E-29   0.256286E-24   0.567530E-29
   0.383333E+01   0.730481E-29   0.128713E-28   0.126220E-31   0.374154E-28   0.522626E-31   0.995504E-31   0.182597E-30   0.273247E-27   0.589618E-30   0.711858E-27   0.181594E-29   0.316225E-29   0.547854E-29   0.134178E-13   0.179923E-09   0.635997E-08   0.488257E-08   0.272098E-08   0.261160E-12   0.268399E-16   0.246181E-22   0.629105E-25   0.163735E-20   0.114692E-24   0.399114E-20   0.146753E-24
   0.383333E+01   0.252753E-29   0.413660E-29   0.260831E-31   0.108127E-28   0.115066E-30   0.224221E-30   0.418830E-30   0.707567E-28   0.138829E-29   0.179486E-27   0.434708E-29   0.761390E-29   0.132513E-28   0.329375E-15   0.438911E-11   0.154361E-09   0.118488E-09   0.663225E-10   0.634120E-14   0.652167E-18   0.597959E-24   0.385751E-25   0.391000E-22   0.890909E-25   0.952338E-22   0.173248E-24
   0.383333E+01   0.469122E-31   0.833445E-31   0.488226E-31   0.249336E-30   0.167639E-30   0.288177E-30   0.482311E-30   0.180445E-29   0.130440E-29   0.466398E-29   0.343043E-29   0.553400E-29   0.890422E-29   0.412400E-17   0.549083E-13   0.192983E-11   0.148036E-11   0.824206E-12   0.792101E-16   0.813826E-20   0.746741E-26   0.659313E-27   0.487917E-24   0.164804E-26   0.118791E-23   0.410433E-26
   0.383333E+01   0.122184E-28   0.197526E-28   0.162245E-28   0.507721E-28   0.409170E-28   0.649563E-28   0.103106E-27   0.326309E-27   0.259735E-27   0.823237E-27   0.654143E-27   0.103801E-26   0.164702E-26   0.777954E-15   0.103626E-10   0.364305E-09   0.280599E-09   0.157575E-09   0.149950E-13   0.154370E-17   0.141452E-23   0.106024E-24   0.921747E-22   0.263848E-24   0.224556E-21   0.652944E-24
   0.383333E+01   0.000000E+00   0.000000E+00   0.000000E+00   0.000000E+00   0.000000E+00   0.000000E+00   0.000000E+00   0.000000E+00   0.000000E+00   0.000000E+00   0.000000E+00   0.000000E+00   0.000000E+00   0.000000E+00   0.000000E+00   0.000000E+00   0.000000E+00   0.000000E+00   0.000000E+00   0.000000E+00   0.000000E+00   0.000000E+00   0.000000E+00   0.000000E+00   0.000000E+00   0.000000E+00
   0.383333E+01   0.219268E-26   0.446055E-26   0.923794E-26   0.181850E-25   0.369497E-25   0.738979E-25   0.147793E-24   0.294590E-24   0.591160E-24   0.118037E-23   0.236461E-23   0.472919E-23   0.945833E-23   0.165663E-13   0.275383E-09   0.121267E-07   0.116826E-07   0.674386E-08   0.558508E-12   0.594535E-16   0.215251E-21   0.484258E-20   0.102936E-19   0.193701E-19   0.395921E-19   0.774814E-19
   0.400000E+01   0.218750E-25   0.437500E-25   0.875000E-25   0.172205E-24   0.350000E-24   0.694829E-24   0.140000E-23   0.280000E-23   0.560000E-23   0.111807E-22   0.224000E-22   0.447585E-22   0.896000E-22   0.139307E-12   0.236807E-08   0.106066E-06   0.105935E-06   0.649065E-07   0.581002E-11   0.692277E-15   0.133515E-20   0.458749E-19   0.963100E-19   0.183498E-18   0.371709E-18   0.734001E-18
   0.400000E+01   0.817739E-36   0.163540E-35   0.327075E-35   0.607438E-37   0.130831E-34   0.244937E-36   0.523327E-34   0.104665E-33   0.209327E-33   0.394315E-35   0.837320E-33   0.157521E-34   0.334927E-32   0.528012E-26   0.672384E-22   0.245558E-20   0.195697E-20   0.113939E-20   0.116734E-24   0.137275E-28   0.291421E-32   0.171478E-29   0.979451E-33   0.685914E-29   0.235799E-32   0.274371E-28
   0.400000E+01   0.817740E-36   0.163549E-35   0.327077E-35   0.616458E-37   0.130832E-34   0.247270E-36   0.523355E-34   0.104670E-33   0.209330E-33   0.395515E-35   0.837325E-33   0.158061E-34   0.334925E-32   0.557174E-24   0.751590E-20   0.266680E-18   0.210395E-18   0.123583E-18   0.129610E-22   0.148687E-26   0.393511E-32   0.429557E-31   0.706686E-31   0.171846E-30   0.172753E-30   0.687343E-30
   0.400000E+01   0.817739E-36   0.163547E-35   0.327079E-35   0.607434E-37   0.130831E-34   0.245030E-36   0.523349E-34   0.104671E-33   0.209330E-33   0.394012E-35   0.837313E-33   0.157790E-34   0.334930E-32   0.213799E-25   0.286117E-21   0.101741E-19   0.803709E-20   0.476061E-20   0.512028E-24   0.580816E-28   0.293021E-32   0.429496E-31   0.287429E-32   0.171883E-30   0.732074E-32   0.274369E-28
   0.400000E+01   0.817742E-36   0.163550E-35   0.327078E-35   0.640630E-37   0.130831E-34   0.253758E-36   0.523348E-34   0.104671E-33   0.209329E-33   0.399944E-35   0.837311E-33   0.159173E-34   0.334926E-32   0.212566E-23   0.286947E-19   0.101868E-17   0.803952E-18   0.472432E-18   0.495585E-22   0.568782E-26   0.689041E-32   0.429403E-31   0.270901E-30   0.171858E-30   0.659877E-30   0.687195E-30
   0.400000E+01   0.817737E-36   0.163547E-35   0.327078E-35   0.371022E-36   0.130831E-34   0.106698E-35   0.131336E-35   0.262709E-35   0.524214E-35   0.560864E-35   0.209821E-34   0.145002E-34   0.839344E-34   0.199979E-21   0.270063E-17   0.958987E-16   0.757028E-16   0.444925E-16   0.466822E-20   0.535908E-24   0.379904E-30   0.434395E-31   0.255141E-28   0.172782E-30   0.621359E-28   0.688329E-30
   0.400000E+01   0.206138E-37   0.412276E-37   0.822611E-37   0.290569E-34   0.329162E-36   0.759711E-34   0.131919E-35   0.263894E-35   0.526847E-35   0.499977E-33   0.210709E-34   0.127127E-32   0.842895E-34   0.180810E-19   0.243960E-15   0.865675E-14   0.682938E-14   0.401016E-14   0.419978E-18   0.481771E-22   0.326007E-28   0.875816E-31   0.229775E-26   0.254379E-30   0.559473E-26   0.790831E-30
   0.400000E+01   0.817734E-36   0.163549E-35   0.327076E-35   0.608699E-37   0.130831E-34   0.245310E-36   0.523348E-34   0.104670E-33   0.209329E-33   0.394533E-35   0.837313E-33   0.157698E-34   0.334928E-32   0.814066E-25   0.110038E-20   0.392400E-19   0.309877E-19   0.182028E-19   0.198098E-23   0.219258E-27   0.304366E-32   0.429650E-31   0.105525E-31   0.171895E-30   0.257320E-31   0.687244E-30
   0.400000E+01   0.817737E-36   0.163548E-35   0.327078E-35   0.726682E-37   0.130832E-34   0.276767E-36   0.523348E-34   0.104670E-33   0.209331E-33   0.414809E-35   0.837310E-33   0.163079E-34   0.334929E-32   0.769742E-23   0.103949E-18   0.369121E-17   0.291377E-17   0.171248E-17   0.179678E-21   0.206264E-25   0.173999E-31   0.429804E-31   0.982128E-30   0.171846E-30   0.239200E-29   0.687244E-30
   0.400000E+01   0.817742E-36   0.410630E-37   0.819613E-37   0.106867E-35   0.327775E-36   0.285052E-35   0.131420E-35   0.262765E-35   0.524665E-35   0.192044E-34   0.209716E-34   0.492280E-34   0.839284E-34   0.697330E-21   0.942073E-17   0.334630E-15   0.264226E-15   0.155320E-15   0.162982E-19   0.187150E-23   0.131956E-29   0.446814E-31   0.891186E-28   0.175050E-30   0.217051E-27   0.691336E-30
   0.400000E+01   0.207578E-37   0.415332E-37   0.828958E-37   0.917087E-34   0.331912E-36   0.245963E-33   0.133104E-35   0.266207E-35   0.531399E-35   0.166153E-32   0.212574E-34   0.425129E-32   0.850478E-34   0.600074E-19   0.810863E-15   0.288076E-13   0.227486E-13   0.133562E-13   0.139770E-17   0.160341E-21   0.108530E-27   0.193668E-30   0.767696E-26   0.450408E-30   0.186970E-25   0.103582E-29
   0.400000E+01   0.350929E-37   0.717434E-37   0.146502E-36   0.636913E-32   0.605356E-36   0.171911E-31   0.246205E-35   0.496078E-35   0.997082E-35   0.116887E-30   0.402173E-34   0.299538E-30   0.161736E-33   0.211957E-17   0.285193E-13   0.100982E-11   0.793742E-12   0.458888E-12   0.488088E-16   0.557829E-20   0.377457E-26   0.106390E-28   0.266258E-24   0.197649E-28   0.647493E-24   0.252000E-28
   0.400000E+01   0.232548E-36   0.475047E-36   0.974102E-36   0.262183E-31   0.403893E-35   0.669808E-31   0.163546E-34   0.329708E-34   0.663517E-34   0.429726E-30   0.267814E-33   0.108463E-29   0.107735E-32   0.709415E-18   0.949286E-14   0.334649E-12   0.261890E-12   0.151651E-12   0.161456E-16   0.184472E-20   0.124840E-26   0.855590E-28   0.870047E-25   0.187876E-27   0.211357E-24   0.298929E-27
   0.400000E+01   0.817740E-36   0.163549E-35   0.327078E-35   0.611000E-37   0.130831E-34   0.245964E-36   0.523355E-34   0.104669E-33   0.209330E-33   0.394750E-35   0.837319E-33   0.157935E-34   0.334925E-32   0.247749E-24   0.334570E-20   0.118867E-18   0.938875E-19   0.551853E-19   0.603762E-23   0.664464E-27   0.335683E-32   0.429619E-31   0.317654E-31   0.171870E-30   0.769424E-31   0.687392E-30
   0.400000E+01   0.817733E-36   0.163547E-35   0.327079E-35   0.954081E-37   0.130832E-34   0.337302E-36   0.523345E-34   0.104670E-33   0.209330E-33   0.456183E-35   0.837314E-33   0.173539E-34   0.334926E-32   0.226140E-22   0.305501E-18   0.108514E-16   0.856824E-17   0.503663E-17   0.528501E-21   0.606861E-25   0.455838E-31   0.430266E-31   0.288989E-29   0.171969E-30   0.703870E-29   0.687392E-30
   0.400000E+01   0.205374E-37   0.410806E-37   0.819907E-37   0.358596E-35   0.327963E-36   0.961624E-35   0.131439E-35   0.262822E-35   0.524665E-35   0.650093E-34   0.209791E-34   0.166492E-33   0.839585E-34   0.237366E-20   0.320796E-16   0.113983E-14   0.900248E-15   0.529275E-15   0.555320E-19   0.637871E-23   0.449168E-29   0.488414E-31   0.303864E-27   0.182742E-30   0.740121E-27   0.700507E-30
   0.400000E+01   0.211339E-37   0.423208E-37   0.845592E-37   0.298711E-33   0.339130E-36   0.805942E-33   0.135803E-35   0.272226E-35   0.543586E-35   0.547766E-32   0.217660E-34   0.140360E-31   0.870701E-34   0.191670E-18   0.259003E-14   0.920183E-13   0.726578E-13   0.425640E-13   0.446194E-17   0.511537E-21   0.346092E-27   0.541754E-30   0.245252E-25   0.109389E-29   0.597244E-25   0.183824E-29
   0.400000E+01   0.563708E-37   0.116956E-36   0.242440E-36   0.188724E-31   0.102296E-35   0.512415E-31   0.419576E-35   0.849892E-35   0.171524E-34   0.350516E-30   0.695682E-34   0.899555E-30   0.280740E-33   0.332429E-17   0.446476E-13   0.157857E-11   0.123818E-11   0.720019E-12   0.762731E-16   0.872375E-20   0.589982E-26   0.318878E-28   0.414193E-24   0.590385E-28   0.100707E-23   0.741476E-28
   0.400000E+01   0.512200E-36   0.108913E-35   0.231096E-35   0.317499E-31   0.100597E-34   0.810087E-31   0.418818E-34   0.853595E-34   0.173275E-33   0.518980E-30   0.707997E-33   0.130949E-29   0.287021E-32   0.781435E-18   0.104553E-13   0.368538E-12   0.288402E-12   0.167298E-12   0.177832E-16   0.203246E-20   0.137528E-26   0.124478E-27   0.957832E-25   0.299540E-27   0.232687E-24   0.628167E-27
   0.400000E+01   0.422332E-34   0.868608E-34   0.179638E-33   0.320903E-31   0.753730E-33   0.821213E-31   0.306288E-32   0.619112E-32   0.124869E-31   0.539086E-30   0.505506E-31   0.139640E-29   0.203731E-30   0.740103E-18   0.990108E-14   0.348966E-12   0.273186E-12   0.158521E-12   0.168423E-16   0.192511E-20   0.130257E-26   0.136133E-27   0.906682E-25   0.345853E-27   0.220263E-24   0.882344E-27
   0.400000E+01   0.817746E-36   0.163548E-35   0.327077E-35   0.607055E-37   0.130831E-34   0.244984E-36   0.523349E-34   0.104670E-33   0.209329E-33   0.393691E-35   0.837317E-33   0.157602E-34   0.334929E-32   0.163962E-26   0.226752E-22   0.766928E-21   0.641078E-21   0.397410E-21   0.320643E-25   0.552002E-29   0.289362E-32   0.429588E-31   0.401648E-33   0.171846E-30   0.126898E-32   0.687343E-30
   0.400000E+01   0.817740E-36   0.163548E-35   0.327080E-35   0.174793E-36   0.130831E-34   0.550641E-36   0.523353E-34   0.104670E-33   0.524440E-35   0.219073E-35   0.209836E-34   0.578446E-35   0.839525E-34   0.752352E-22   0.101677E-17   0.361265E-16   0.285326E-16   0.167751E-16   0.176043E-20   0.202197E-24   0.145148E-30   0.431560E-31   0.963035E-29   0.172142E-30   0.234568E-28   0.687540E-30
   0.400000E+01   0.205535E-37   0.411364E-37   0.820965E-37   0.996084E-35   0.328292E-36   0.268676E-34   0.131599E-35   0.263254E-35   0.525342E-35   0.182608E-33   0.210212E-34   0.468051E-33   0.840969E-34   0.666504E-20   0.901091E-16   0.320263E-14   0.253005E-14   0.148746E-14   0.155852E-18   0.179036E-22   0.121089E-28   0.596234E-31   0.854598E-27   0.202672E-30   0.208166E-26   0.725997E-30
   0.400000E+01   0.228163E-37   0.459883E-37   0.924996E-37   0.794726E-33   0.374583E-36   0.215714E-32   0.151056E-35   0.302996E-35   0.605765E-35   0.147518E-31   0.243103E-34   0.378566E-31   0.974400E-34   0.472400E-18   0.638037E-14   0.226594E-12   0.178823E-12   0.104275E-12   0.109797E-16   0.125751E-20   0.850685E-27   0.139473E-29   0.603231E-25   0.267422E-29   0.146858E-24   0.382380E-29
   0.400000E+01   0.174996E-36   0.376282E-36   0.806465E-36   0.536394E-31   0.356635E-35   0.144882E-30   0.149948E-34   0.306746E-34   0.619773E-34   0.983582E-30   0.254382E-33   0.251814E-29   0.103422E-32   0.421210E-17   0.564967E-13   0.199531E-11   0.156524E-11   0.916376E-12   0.964828E-16   0.110486E-19   0.746719E-26   0.963540E-28   0.521627E-24   0.178543E-27   0.126839E-23   0.224186E-27
   0.400000E+01   0.243462E-35   0.531879E-35   0.115598E-34   0.360843E-31   0.520862E-34   0.918515E-31   0.221088E-33   0.454087E-33   0.919659E-33   0.587776E-30   0.379135E-32   0.148437E-29   0.154567E-31   0.853976E-18   0.114249E-13   0.402688E-12   0.315181E-12   0.182853E-12   0.194329E-16   0.222109E-20   0.150288E-26   0.149827E-27   0.104637E-24   0.373238E-27   0.254195E-24   0.889475E-27
   0.400000E+01   0.219684E-33   0.464473E-33   0.984078E-33   0.376984E-31   0.427664E-32   0.993491E-31   0.177327E-31   0.360811E-31   0.722455E-31   0.721667E-30   0.283752E-30   0.200107E-29   0.102936E-29   0.828447E-18   0.110828E-13   0.390611E-12   0.305765E-12   0.177382E-12   0.188511E-16   0.215461E-20   0.145789E-26   0.152625E-27   0.101486E-24   0.387121E-27   0.246538E-24   0.986261E-27
   0.400000E+01   0.817740E-36   0.163547E-35   0.327078E-35   0.607163E-37   0.130830E-34   0.244984E-36   0.523349E-34   0.104670E-33   0.209328E-33   0.394287E-35   0.837317E-33   0.157690E-34   0.334925E-32   0.208426E-26   0.277142E-22   0.101319E-20   0.722357E-21   0.450397E-21   0.410824E-25   0.703118E-29   0.289459E-32   0.429650E-31   0.470909E-33   0.171846E-30   0.144254E-32   0.687343E-30
   0.400000E+01   0.205300E-37   0.410600E-37   0.819613E-37   0.231344E-38   0.327728E-36   0.891443E-38   0.131354E-35   0.262709E-35   0.524402E-35   0.130678E-36   0.209761E-34   0.520120E-36   0.839043E-34   0.218273E-24   0.295188E-20   0.104964E-18   0.827081E-19   0.486334E-19   0.533871E-23   0.587959E-27   0.330277E-32   0.429557E-31   0.281630E-31   0.171870E-30   0.686631E-31   0.687491E-30
   0.400000E+01   0.205344E-37   0.410630E-37   0.819554E-37   0.370497E-37   0.327775E-36   0.103193E-36   0.131383E-35   0.262765E-35   0.524590E-35   0.775807E-36   0.209806E-34   0.218571E-35   0.839103E-34   0.236024E-22   0.319203E-18   0.113481E-16   0.896686E-17   0.527049E-17   0.551348E-21   0.633037E-25   0.864400E-31   0.430081E-31   0.303191E-29   0.171883E-30   0.738565E-29   0.687589E-30
   0.400000E+01   0.420842E-37   0.896344E-37   0.190254E-36   0.235953E-32   0.834366E-36   0.644353E-32   0.351454E-35   0.718161E-35   0.144896E-34   0.443404E-31   0.583150E-34   0.113960E-30   0.224768E-33   0.114299E-17   0.154164E-13   0.546916E-12   0.430794E-12   0.250127E-12   0.264689E-16   0.302830E-20   0.204868E-26   0.413196E-29   0.145102E-24   0.775581E-29   0.353074E-24   0.102536E-28
   0.400000E+01   0.131507E-35   0.298040E-35   0.667696E-35   0.927834E-31   0.314395E-34   0.243461E-30   0.137143E-33   0.284198E-33   0.577806E-33   0.160309E-29   0.233789E-32   0.407192E-29   0.883173E-32   0.418495E-17   0.560967E-13   0.198004E-11   0.155126E-11   0.922781E-12   0.958318E-16   0.110039E-19   0.742854E-26   0.232328E-27   0.516630E-24   0.454564E-27   0.125663E-23   0.594914E-27
   0.400000E+01   0.212608E-35   0.485922E-35   0.109609E-34   0.317966E-32   0.521118E-34   0.813074E-32   0.228653E-33   0.474839E-33   0.966912E-33   0.531192E-31   0.392055E-32   0.136573E-30   0.148210E-31   0.740395E-19   0.990538E-15   0.349128E-13   0.272531E-13   0.159500E-13   0.168399E-17   0.192711E-21   0.130428E-27   0.174426E-28   0.907231E-26   0.498252E-28   0.220404E-25   0.146027E-27
   0.400000E+01   0.224523E-32   0.478113E-32   0.976896E-32   0.555099E-31   0.350534E-31   0.155890E-30   0.108400E-30   0.184764E-30   0.309195E-30   0.110843E-29   0.838628E-30   0.286762E-29   0.220379E-29   0.860692E-18   0.115143E-13   0.405822E-12   0.317891E-12   0.184127E-12   0.195889E-16   0.223850E-20   0.151472E-26   0.157930E-27   0.105439E-24   0.400399E-27   0.256145E-24   0.101973E-26
   0.400000E+01   0.818360E-36   0.163685E-35   0.327392E-35   0.122726E-34   0.347194E-36   0.329242E-34   0.137683E-35   0.273975E-35   0.545392E-35   0.223616E-33   0.216216E-34   0.573028E-33   0.858964E-34   0.808542E-20   0.109309E-15   0.388493E-14   0.306903E-14   0.180467E-14   0.189407E-18   0.217598E-22   0.146786E-28   0.635461E-31   0.103657E-26   0.210056E-30   0.252494E-26   0.735562E-30
   0.400000E+01   0.219950E-37   0.443661E-37   0.892611E-37   0.185066E-34   0.356786E-36   0.502044E-34   0.141050E-35   0.280012E-35   0.555999E-35   0.343181E-33   0.219481E-34   0.880704E-33   0.868293E-34   0.124396E-19   0.168242E-15   0.598140E-14   0.472651E-14   0.277984E-14   0.291788E-18   0.335310E-22   0.226204E-28   0.746980E-31   0.159767E-26   0.230701E-30   0.389199E-26   0.761841E-30
   0.400000E+01   0.129830E-36   0.291670E-36   0.627843E-36   0.142185E-32   0.251121E-35   0.388166E-32   0.876110E-35   0.159963E-34   0.288551E-34   0.267024E-31   0.933053E-34   0.686227E-31   0.300734E-33   0.956822E-18   0.129438E-13   0.460270E-12   0.363746E-12   0.213769E-12   0.223487E-16   0.256452E-20   0.173389E-26   0.252147E-29   0.123021E-24   0.477428E-29   0.299683E-24   0.651213E-29
   0.400000E+01   0.306510E-32   0.707859E-32   0.155014E-31   0.405998E-28   0.624947E-31   0.111547E-27   0.214273E-30   0.385259E-30   0.680958E-30   0.772388E-27   0.208897E-29   0.198813E-26   0.626538E-29   0.145876E-13   0.196613E-09   0.697063E-08   0.549273E-08   0.322205E-08   0.337848E-12   0.387244E-16   0.261551E-22   0.716662E-25   0.184482E-20   0.133083E-24   0.449080E-20   0.168373E-24
   0.400000E+01   0.606482E-32   0.147747E-31   0.337969E-31   0.115816E-28   0.145240E-30   0.297443E-28   0.518962E-30   0.946873E-30   0.169332E-29   0.192198E-27   0.528200E-29   0.486609E-27   0.160087E-28   0.357051E-15   0.478334E-11   0.168757E-09   0.132915E-09   0.782702E-10   0.818088E-14   0.938271E-18   0.633576E-24   0.421712E-25   0.439675E-22   0.986454E-25   0.106945E-21   0.196245E-24
   0.400000E+01   0.128266E-31   0.297535E-31   0.605785E-31   0.281411E-30   0.196105E-30   0.764058E-30   0.549750E-30   0.901576E-30   0.146621E-29   0.514203E-29   0.382909E-29   0.131395E-28   0.988761E-29   0.452987E-17   0.606340E-13   0.213779E-11   0.168244E-11   0.984451E-12   0.103527E-15   0.118589E-19   0.801360E-26   0.717237E-27   0.555952E-24   0.179248E-26   0.135163E-23   0.446084E-26
   0.400000E+01   0.680653E-29   0.108233E-28   0.171949E-28   0.537889E-28   0.433489E-28   0.136685E-27   0.109220E-27   0.173350E-27   0.275117E-27   0.871923E-27   0.692857E-27   0.219711E-26   0.174444E-26   0.837858E-15   0.112210E-10   0.395752E-09   0.312676E-09   0.184798E-09   0.192210E-13   0.220678E-17   0.148929E-23   0.112360E-24   0.103007E-21   0.279627E-24   0.250616E-21   0.691670E-24
   0.400000E+01   0.000000E+00   0.000000E+00   0.000000E+00   0.000000E+00   0.000000E+00   0.000000E+00   0.000000E+00   0.000000E+00   0.000000E+00   0.000000E+00   0.000000E+00   0.000000E+00   0.000000E+00   0.000000E+00   0.000000E+00   0.000000E+00   0.000000E+00   0.000000E+00   0.000000E+00   0.000000E+00   0.000000E+00   0.000000E+00   0.000000E+00   0.000000E+00   0.000000E+00   0.000000E+00
   0.400000E+01   0.230973E-26   0.461922E-26   0.923803E-26   0.181874E-25   0.369499E-25   0.733709E-25   0.147794E-24   0.295584E-24   0.591161E-24   0.118040E-23   0.236461E-23   0.472512E-23   0.945834E-23   0.160959E-13   0.268708E-09   0.118603E-07   0.117057E-07   0.715861E-08   0.645489E-12   0.767659E-16   0.143430E-21   0.484258E-20   0.103420E-19   0.193701E-19   0.396648E-19   0.774814E-19
