   0.000000E+00   0.000000E+00   0.000000E+00   0.000000E+00   0.000000E+00   0.000000E+00   0.000000E+00   0.000000E+00   0.000000E+00   0.000000E+00   0.316190E-54   0.725870E-40   0.467826E-28   0.846492E-19   0.430007E-12   0.613256E-08   0.245540E-06   0.276004E-07   0.871010E-11   0.771693E-17   0.191946E-25   0.134038E-36   0.262779E-50   0.000000E+00   0.000000E+00   0.000000E+00   0.000000E+00
   0.000000E+00   0.000000E+00   0.000000E+00   0.000000E+00   0.000000E+00   0.000000E+00   0.000000E+00   0.000000E+00   0.000000E+00   0.000000E+00   0.000000E+00   0.000000E+00   0.000000E+00   0.000000E+00   0.000000E+00   0.000000E+00   0.000000E+00   0.000000E+00   0.000000E+00   0.000000E+00   0.000000E+00   0.000000E+00   0.000000E+00   0.000000E+00   0.000000E+00   0.000000E+00   0.000000E+00
   0.000000E+00   0.000000E+00   0.000000E+00   0.000000E+00   0.000000E+00   0.000000E+00   0.000000E+00   0.000000E+00   0.000000E+00   0.000000E+00   0.000000E+00   0.000000E+00   0.000000E+00   0.000000E+00   0.000000E+00   0.000000E+00   0.000000E+00   0.000000E+00   0.000000E+00   0.000000E+00   0.000000E+00   0.000000E+00   0.000000E+00   0.000000E+00   0.000000E+00   0.000000E+00   0.000000E+00
   0.000000E+00   0.000000E+00   0.000000E+00   0.000000E+00   0.000000E+00   0.000000E+00   0.000000E+00   0.000000E+00   0.000000E+00   0.000000E+00   0.000000E+00   0.000000E+00   0.000000E+00   0.000000E+00   0.000000E+00   0.000000E+00   0.000000E+00   0.000000E+00   0.000000E+00   0.000000E+00   0.000000E+00   0.000000E+00   0.000000E+00   0.000000E+00   0.000000E+00   0.000000E+00   0.000000E+00
   0.000000E+00   0.000000E+00   0.000000E+00   0.000000E+00   0.000000E+00   0.000000E+00   0.000000E+00   0.000000E+00   0.000000E+00   0.000000E+00   0.000000E+00   0.000000E+00   0.000000E+00   0.000000E+00   0.000000E+00   0.000000E+00   0.000000E+00   0.000000E+00   0.000000E+00   0.000000E+00   0.000000E+00   0.000000E+00   0.000000E+00   0.000000E+00   0.000000E+00   0.000000E+00   0.000000E+00
   0.000000E+00   0.000000E+00   0.000000E+00   0.000000E+00   0.000000E+00   0.000000E+00   0.000000E+00   0.000000E+00   0.000000E+00   0.000000E+00   0.000000E+00   0.000000E+00   0.000000E+00   0.000000E+00   0.000000E+00   0.000000E+00   0.000000E+00   0.000000E+00   0.000000E+00   0.000000E+00   0.000000E+00   0.000000E+00   0.000000E+00   0.000000E+00   0.000000E+00   0.000000E+00   0.000000E+00
   0.000000E+00   0.000000E+00   0.000000E+00   0.000000E+00   0.000000E+00   0.000000E+00   0.000000E+00   0.000000E+00   0.000000E+00   0.000000E+00   0.000000E+00   0.000000E+00   0.000000E+00   0.000000E+00   0.000000E+00   0.000000E+00   0.000000E+00   0.000000E+00   0.000000E+00   0.000000E+00   0.000000E+00   0.000000E+00   0.000000E+00   0.000000E+00   0.000000E+00   0.000000E+00   0.000000E+00
   0.000000E+00   0.000000E+00   0.000000E+00   0.000000E+00   0.000000E+00   0.000000E+00   0.000000E+00   0.000000E+00   0.000000E+00   0.000000E+00   0.000000E+00   0.000000E+00   0.000000E+00   0.000000E+00   0.000000E+00   0.000000E+00   0.000000E+00   0.000000E+00   0.000000E+00   0.000000E+00   0.000000E+00   0.000000E+00   0.000000E+00   0.000000E+00   0.000000E+00   0.000000E+00   0.000000E+00
   0.000000E+00   0.000000E+00   0.000000E+00   0.000000E+00   0.000000E+00   0.000000E+00   0.000000E+00   0.000000E+00   0.000000E+00   0.000000E+00   0.000000E+00   0.000000E+00   0.000000E+00   0.000000E+00   0.000000E+00   0.000000E+00   0.000000E+00   0.000000E+00   0.000000E+00   0.000000E+00   0.000000E+00   0.000000E+00   0.000000E+00   0.000000E+00   0.000000E+00   0.000000E+00   0.000000E+00
   0.000000E+00   0.000000E+00   0.000000E+00   0.000000E+00   0.000000E+00   0.000000E+00   0.000000E+00   0.000000E+00   0.000000E+00   0.000000E+00   0.000000E+00   0.000000E+00   0.000000E+00   0.000000E+00   0.000000E+00   0.000000E+00   0.000000E+00   0.000000E+00   0.000000E+00   0.000000E+00   0.000000E+00   0.000000E+00   0.000000E+00   0.000000E+00   0.000000E+00   0.000000E+00   0.000000E+00
   0.000000E+00   0.000000E+00   0.000000E+00   0.000000E+00   0.000000E+00   0.000000E+00   0.000000E+00   0.000000E+00   0.000000E+00   0.000000E+00   0.000000E+00   0.000000E+00   0.000000E+00   0.000000E+00   0.000000E+00   0.000000E+00   0.000000E+00   0.000000E+00   0.000000E+00   0.000000E+00   0.000000E+00   0.000000E+00   0.000000E+00   0.000000E+00   0.000000E+00   0.000000E+00   0.000000E+00
   0.000000E+00   0.000000E+00   0.000000E+00   0.000000E+00   0.000000E+00   0.000000E+00   0.000000E+00   0.000000E+00   0.000000E+00   0.000000E+00   0.000000E+00   0.000000E+00   0.000000E+00   0.000000E+00   0.000000E+00   0.000000E+00   0.000000E+00   0.000000E+00   0.000000E+00   0.000000E+00   0.000000E+00   0.000000E+00   0.000000E+00   0.000000E+00   0.000000E+00   0.000000E+00   0.000000E+00
   0.000000E+00   0.000000E+00   0.000000E+00   0.000000E+00   0.000000E+00   0.000000E+00   0.000000E+00   0.000000E+00   0.000000E+00   0.000000E+00   0.000000E+00   0.000000E+00   0.000000E+00   0.000000E+00   0.000000E+00   0.000000E+00   0.000000E+00   0.000000E+00   0.000000E+00   0.000000E+00   0.000000E+00   0.000000E+00   0.000000E+00   0.000000E+00   0.000000E+00   0.000000E+00   0.000000E+00
   0.000000E+00   0.000000E+00   0.000000E+00   0.000000E+00   0.000000E+00   0.000000E+00   0.000000E+00   0.000000E+00   0.000000E+00   0.000000E+00   0.000000E+00   0.000000E+00   0.000000E+00   0.000000E+00   0.000000E+00   0.000000E+00   0.000000E+00   0.000000E+00   0.000000E+00   0.000000E+00   0.000000E+00   0.000000E+00   0.000000E+00   0.000000E+00   0.000000E+00   0.000000E+00   0.000000E+00
   0.000000E+00   0.000000E+00   0.000000E+00   0.000000E+00   0.000000E+00   0.000000E+00   0.000000E+00   0.000000E+00   0.000000E+00   0.000000E+00   0.000000E+00   0.000000E+00   0.000000E+00   0.000000E+00   0.000000E+00   0.000000E+00   0.000000E+00   0.000000E+00   0.000000E+00   0.000000E+00   0.000000E+00   0.000000E+00   0.000000E+00   0.000000E+00   0.000000E+00   0.000000E+00   0.000000E+00
   0.000000E+00   0.000000E+00   0.000000E+00   0.000000E+00   0.000000E+00   0.000000E+00   0.000000E+00   0.000000E+00   0.000000E+00   0.000000E+00   0.000000E+00   0.000000E+00   0.000000E+00   0.000000E+00   0.000000E+00   0.000000E+00   0.000000E+00   0.000000E+00   0.000000E+00   0.000000E+00   0.000000E+00   0.000000E+00   0.000000E+00   0.000000E+00   0.000000E+00   0.000000E+00   0.000000E+00
   0.000000E+00   0.000000E+00   0.000000E+00   0.000000E+00   0.000000E+00   0.000000E+00   0.000000E+00   0.000000E+00   0.000000E+00   0.000000E+00   0.000000E+00   0.000000E+00   0.000000E+00   0.000000E+00   0.000000E+00   0.000000E+00   0.000000E+00   0.000000E+00   0.000000E+00   0.000000E+00   0.000000E+00   0.000000E+00   0.000000E+00   0.000000E+00   0.000000E+00   0.000000E+00   0.000000E+00
   0.000000E+00   0.000000E+00   0.000000E+00   0.000000E+00   0.000000E+00   0.000000E+00   0.000000E+00   0.000000E+00   0.000000E+00   0.000000E+00   0.000000E+00   0.000000E+00   0.000000E+00   0.000000E+00   0.000000E+00   0.000000E+00   0.000000E+00   0.000000E+00   0.000000E+00   0.000000E+00   0.000000E+00   0.000000E+00   0.000000E+00   0.000000E+00   0.000000E+00   0.000000E+00   0.000000E+00
   0.000000E+00   0.000000E+00   0.000000E+00   0.000000E+00   0.000000E+00   0.000000E+00   0.000000E+00   0.000000E+00   0.000000E+00   0.000000E+00   0.000000E+00   0.000000E+00   0.000000E+00   0.000000E+00   0.000000E+00   0.000000E+00   0.000000E+00   0.000000E+00   0.000000E+00   0.000000E+00   0.000000E+00   0.000000E+00   0.000000E+00   0.000000E+00   0.000000E+00   0.000000E+00   0.000000E+00
   0.000000E+00   0.000000E+00   0.000000E+00   0.000000E+00   0.000000E+00   0.000000E+00   0.000000E+00   0.000000E+00   0.000000E+00   0.000000E+00   0.000000E+00   0.000000E+00   0.000000E+00   0.000000E+00   0.000000E+00   0.000000E+00   0.000000E+00   0.000000E+00   0.000000E+00   0.000000E+00   0.000000E+00   0.000000E+00   0.000000E+00   0.000000E+00   0.000000E+00   0.000000E+00   0.000000E+00
   0.000000E+00   0.000000E+00   0.000000E+00   0.000000E+00   0.000000E+00   0.000000E+00   0.000000E+00   0.000000E+00   0.000000E+00   0.000000E+00   0.000000E+00   0.000000E+00   0.000000E+00   0.000000E+00   0.000000E+00   0.000000E+00   0.000000E+00   0.000000E+00   0.000000E+00   0.000000E+00   0.000000E+00   0.000000E+00   0.000000E+00   0.000000E+00   0.000000E+00   0.000000E+00   0.000000E+00
   0.000000E+00   0.000000E+00   0.000000E+00   0.000000E+00   0.000000E+00   0.000000E+00   0.000000E+00   0.000000E+00   0.000000E+00   0.000000E+00   0.000000E+00   0.000000E+00   0.000000E+00   0.000000E+00   0.000000E+00   0.000000E+00   0.000000E+00   0.000000E+00   0.000000E+00   0.000000E+00   0.000000E+00   0.000000E+00   0.000000E+00   0.000000E+00   0.000000E+00   0.000000E+00   0.000000E+00
   0.000000E+00   0.000000E+00   0.000000E+00   0.000000E+00   0.000000E+00   0.000000E+00   0.000000E+00   0.000000E+00   0.000000E+00   0.000000E+00   0.000000E+00   0.000000E+00   0.000000E+00   0.000000E+00   0.000000E+00   0.000000E+00   0.000000E+00   0.000000E+00   0.000000E+00   0.000000E+00   0.000000E+00   0.000000E+00   0.000000E+00   0.000000E+00   0.000000E+00   0.000000E+00   0.000000E+00
   0.000000E+00   0.000000E+00   0.000000E+00   0.000000E+00   0.000000E+00   0.000000E+00   0.000000E+00   0.000000E+00   0.000000E+00   0.000000E+00   0.000000E+00   0.000000E+00   0.000000E+00   0.000000E+00   0.000000E+00   0.000000E+00   0.000000E+00   0.000000E+00   0.000000E+00   0.000000E+00   0.000000E+00   0.000000E+00   0.000000E+00   0.000000E+00   0.000000E+00   0.000000E+00   0.000000E+00
   0.000000E+00   0.000000E+00   0.000000E+00   0.000000E+00   0.000000E+00   0.000000E+00   0.000000E+00   0.000000E+00   0.000000E+00   0.000000E+00   0.000000E+00   0.000000E+00   0.000000E+00   0.000000E+00   0.000000E+00   0.000000E+00   0.000000E+00   0.000000E+00   0.000000E+00   0.000000E+00   0.000000E+00   0.000000E+00   0.000000E+00   0.000000E+00   0.000000E+00   0.000000E+00   0.000000E+00
   0.000000E+00   0.000000E+00   0.000000E+00   0.000000E+00   0.000000E+00   0.000000E+00   0.000000E+00   0.000000E+00   0.000000E+00   0.000000E+00   0.000000E+00   0.000000E+00   0.000000E+00   0.000000E+00   0.000000E+00   0.000000E+00   0.000000E+00   0.000000E+00   0.000000E+00   0.000000E+00   0.000000E+00   0.000000E+00   0.000000E+00   0.000000E+00   0.000000E+00   0.000000E+00   0.000000E+00
   0.000000E+00   0.000000E+00   0.000000E+00   0.000000E+00   0.000000E+00   0.000000E+00   0.000000E+00   0.000000E+00   0.000000E+00   0.000000E+00   0.000000E+00   0.000000E+00   0.000000E+00   0.000000E+00   0.000000E+00   0.000000E+00   0.000000E+00   0.000000E+00   0.000000E+00   0.000000E+00   0.000000E+00   0.000000E+00   0.000000E+00   0.000000E+00   0.000000E+00   0.000000E+00   0.000000E+00
   0.000000E+00   0.000000E+00   0.000000E+00   0.000000E+00   0.000000E+00   0.000000E+00   0.000000E+00   0.000000E+00   0.000000E+00   0.000000E+00   0.000000E+00   0.000000E+00   0.000000E+00   0.000000E+00   0.000000E+00   0.000000E+00   0.000000E+00   0.000000E+00   0.000000E+00   0.000000E+00   0.000000E+00   0.000000E+00   0.000000E+00   0.000000E+00   0.000000E+00   0.000000E+00   0.000000E+00
   0.000000E+00   0.000000E+00   0.000000E+00   0.000000E+00   0.000000E+00   0.000000E+00   0.000000E+00   0.000000E+00   0.000000E+00   0.000000E+00   0.000000E+00   0.000000E+00   0.000000E+00   0.000000E+00   0.000000E+00   0.000000E+00   0.000000E+00   0.000000E+00   0.000000E+00   0.000000E+00   0.000000E+00   0.000000E+00   0.000000E+00   0.000000E+00   0.000000E+00   0.000000E+00   0.000000E+00
   0.000000E+00   0.000000E+00   0.000000E+00   0.000000E+00   0.000000E+00   0.000000E+00   0.000000E+00   0.000000E+00   0.000000E+00   0.000000E+00   0.000000E+00   0.000000E+00   0.000000E+00   0.000000E+00   0.000000E+00   0.000000E+00   0.000000E+00   0.000000E+00   0.000000E+00   0.000000E+00   0.000000E+00   0.000000E+00   0.000000E+00   0.000000E+00   0.000000E+00   0.000000E+00   0.000000E+00
   0.000000E+00   0.000000E+00   0.000000E+00   0.000000E+00   0.000000E+00   0.000000E+00   0.000000E+00   0.000000E+00   0.000000E+00   0.000000E+00   0.000000E+00   0.000000E+00   0.000000E+00   0.000000E+00   0.000000E+00   0.000000E+00   0.000000E+00   0.000000E+00   0.000000E+00   0.000000E+00   0.000000E+00   0.000000E+00   0.000000E+00   0.000000E+00   0.000000E+00   0.000000E+00   0.000000E+00
   0.000000E+00   0.000000E+00   0.000000E+00   0.000000E+00   0.000000E+00   0.000000E+00   0.000000E+00   0.000000E+00   0.000000E+00   0.000000E+00   0.000000E+00   0.000000E+00   0.000000E+00   0.000000E+00   0.000000E+00   0.000000E+00   0.000000E+00   0.000000E+00   0.000000E+00   0.000000E+00   0.000000E+00   0.000000E+00   0.000000E+00   0.000000E+00   0.000000E+00   0.000000E+00   0.000000E+00
   0.000000E+00   0.000000E+00   0.000000E+00   0.000000E+00   0.000000E+00   0.000000E+00   0.000000E+00   0.000000E+00   0.000000E+00   0.000000E+00   0.000000E+00   0.000000E+00   0.000000E+00   0.000000E+00   0.000000E+00   0.000000E+00   0.000000E+00   0.000000E+00   0.000000E+00   0.000000E+00   0.000000E+00   0.000000E+00   0.000000E+00   0.000000E+00   0.000000E+00   0.000000E+00   0.000000E+00
   0.000000E+00   0.000000E+00   0.000000E+00   0.000000E+00   0.000000E+00   0.000000E+00   0.000000E+00   0.000000E+00   0.000000E+00   0.000000E+00   0.000000E+00   0.000000E+00   0.000000E+00   0.000000E+00   0.000000E+00   0.000000E+00   0.000000E+00   0.000000E+00   0.000000E+00   0.000000E+00   0.000000E+00   0.000000E+00   0.000000E+00   0.000000E+00   0.000000E+00   0.000000E+00   0.000000E+00
   0.000000E+00   0.000000E+00   0.000000E+00   0.000000E+00   0.000000E+00   0.000000E+00   0.000000E+00   0.000000E+00   0.000000E+00   0.000000E+00   0.000000E+00   0.000000E+00   0.000000E+00   0.000000E+00   0.000000E+00   0.000000E+00   0.000000E+00   0.000000E+00   0.000000E+00   0.000000E+00   0.000000E+00   0.000000E+00   0.000000E+00   0.000000E+00   0.000000E+00   0.000000E+00   0.000000E+00
   0.000000E+00   0.000000E+00   0.000000E+00   0.000000E+00   0.000000E+00   0.000000E+00   0.000000E+00   0.000000E+00   0.000000E+00   0.000000E+00   0.000000E+00   0.000000E+00   0.000000E+00   0.000000E+00   0.000000E+00   0.000000E+00   0.000000E+00   0.000000E+00   0.000000E+00   0.000000E+00   0.000000E+00   0.000000E+00   0.000000E+00   0.000000E+00   0.000000E+00   0.000000E+00   0.000000E+00
   0.000000E+00   0.000000E+00   0.000000E+00   0.000000E+00   0.000000E+00   0.000000E+00   0.000000E+00   0.000000E+00   0.000000E+00   0.000000E+00   0.000000E+00   0.000000E+00   0.000000E+00   0.000000E+00   0.000000E+00   0.000000E+00   0.000000E+00   0.000000E+00   0.000000E+00   0.000000E+00   0.000000E+00   0.000000E+00   0.000000E+00   0.000000E+00   0.000000E+00   0.000000E+00   0.000000E+00
   0.000000E+00   0.000000E+00   0.000000E+00   0.000000E+00   0.000000E+00   0.000000E+00   0.000000E+00   0.000000E+00   0.000000E+00   0.000000E+00   0.000000E+00   0.000000E+00   0.000000E+00   0.000000E+00   0.000000E+00   0.000000E+00   0.000000E+00   0.000000E+00   0.000000E+00   0.000000E+00   0.000000E+00   0.000000E+00   0.000000E+00   0.000000E+00   0.000000E+00   0.000000E+00   0.000000E+00
   0.000000E+00   0.000000E+00   0.000000E+00   0.000000E+00   0.000000E+00   0.000000E+00   0.000000E+00   0.000000E+00   0.000000E+00   0.000000E+00   0.000000E+00   0.000000E+00   0.000000E+00   0.000000E+00   0.000000E+00   0.000000E+00   0.000000E+00   0.000000E+00   0.000000E+00   0.000000E+00   0.000000E+00   0.000000E+00   0.000000E+00   0.000000E+00   0.000000E+00   0.000000E+00   0.000000E+00
   0.000000E+00   0.000000E+00   0.000000E+00   0.000000E+00   0.000000E+00   0.000000E+00   0.000000E+00   0.000000E+00   0.000000E+00   0.000000E+00   0.000000E+00   0.000000E+00   0.000000E+00   0.000000E+00   0.000000E+00   0.000000E+00   0.000000E+00   0.000000E+00   0.000000E+00   0.000000E+00   0.000000E+00   0.000000E+00   0.000000E+00   0.000000E+00   0.000000E+00   0.000000E+00   0.000000E+00
   0.000000E+00   0.000000E+00   0.000000E+00   0.000000E+00   0.000000E+00   0.000000E+00   0.000000E+00   0.000000E+00   0.000000E+00   0.000000E+00   0.000000E+00   0.000000E+00   0.000000E+00   0.000000E+00   0.000000E+00   0.000000E+00   0.000000E+00   0.000000E+00   0.000000E+00   0.000000E+00   0.000000E+00   0.000000E+00   0.000000E+00   0.000000E+00   0.000000E+00   0.000000E+00   0.000000E+00
   0.000000E+00   0.000000E+00   0.000000E+00   0.000000E+00   0.000000E+00   0.000000E+00   0.000000E+00   0.000000E+00   0.000000E+00   0.000000E+00   0.000000E+00   0.000000E+00   0.000000E+00   0.000000E+00   0.000000E+00   0.000000E+00   0.000000E+00   0.000000E+00   0.000000E+00   0.000000E+00   0.000000E+00   0.000000E+00   0.000000E+00   0.000000E+00   0.000000E+00   0.000000E+00   0.000000E+00
   0.000000E+00   0.000000E+00   0.000000E+00   0.000000E+00   0.000000E+00   0.000000E+00   0.000000E+00   0.000000E+00   0.000000E+00   0.000000E+00   0.000000E+00   0.000000E+00   0.000000E+00   0.000000E+00   0.000000E+00   0.000000E+00   0.000000E+00   0.000000E+00   0.000000E+00   0.000000E+00   0.000000E+00   0.000000E+00   0.000000E+00   0.000000E+00   0.000000E+00   0.000000E+00   0.000000E+00
   0.166667E+00   0.218750E-25   0.437500E-25   0.875001E-25   0.175000E-24   0.350000E-24   0.700000E-24   0.140000E-23   0.280000E-23   0.560000E-23   0.112000E-22   0.224000E-22   0.448000E-22   0.795752E-19   0.406167E-12   0.584104E-08   0.235136E-06   0.383036E-07   0.106395E-11   0.155341E-14   0.115852E-21   0.230863E-19   0.458741E-19   0.918958E-19   0.183500E-18   0.367094E-18   0.734075E-18
   0.166667E+00   0.509384E-40   0.163540E-35   0.186120E-39   0.654159E-35   0.744483E-39   0.261665E-34   0.297807E-38   0.104665E-33   0.105324E-37   0.210649E-37   0.431373E-37   0.167464E-32   0.148160E-33   0.756238E-27   0.971015E-23   0.390824E-21   0.660614E-22   0.152747E-24   0.279951E-29   0.000000E+00   0.121161E-33   0.171474E-29   0.239137E-33   0.685922E-29   0.468490E-33   0.936864E-33
   0.166667E+00   0.509148E-40   0.163539E-35   0.186026E-39   0.654152E-35   0.744106E-39   0.261661E-34   0.297657E-38   0.104664E-33   0.105324E-37   0.210649E-37   0.431132E-37   0.167464E-32   0.148160E-33   0.756238E-27   0.100986E-22   0.390824E-21   0.752815E-22   0.855248E-28   0.310486E-29   0.000000E+00   0.120879E-33   0.171474E-29   0.268386E-33   0.685922E-29   0.443833E-33   0.108479E-32
   0.166667E+00   0.464831E-40   0.163538E-35   0.185931E-39   0.654155E-35   0.743728E-39   0.261663E-34   0.269293E-38   0.104665E-33   0.105324E-37   0.210649E-37   0.415843E-37   0.167463E-32   0.148160E-33   0.756238E-27   0.104870E-22   0.437723E-21   0.702689E-22   0.171050E-27   0.320556E-29   0.000000E+00   0.111310E-33   0.171474E-29   0.242109E-33   0.685918E-29   0.542462E-33   0.108479E-32
   0.166667E+00   0.508674E-40   0.163539E-35   0.185836E-39   0.654152E-35   0.743348E-39   0.261663E-34   0.297353E-38   0.104664E-33   0.105324E-37   0.210649E-37   0.430646E-37   0.167463E-32   0.148160E-33   0.756238E-27   0.108754E-22   0.437723E-21   0.702802E-22   0.855248E-27   0.299750E-29   0.000000E+00   0.115672E-33   0.171474E-29   0.259018E-33   0.685925E-29   0.542462E-33   0.936864E-33
   0.166667E+00   0.698835E-39   0.163539E-35   0.199600E-38   0.654156E-35   0.629130E-38   0.261663E-34   0.152358E-37   0.262295E-35   0.443867E-37   0.820025E-37   0.950236E-37   0.419732E-34   0.349235E-33   0.756238E-27   0.108754E-22   0.437723E-21   0.627513E-22   0.684198E-27   0.382302E-29   0.000000E+00   0.556926E-34   0.429581E-31   0.223435E-33   0.171799E-30   0.542462E-33   0.936864E-33
   0.166667E+00   0.613623E-37   0.409748E-37   0.180715E-36   0.163899E-36   0.499750E-36   0.655408E-36   0.133217E-35   0.262276E-35   0.349827E-35   0.561002E-35   0.895560E-35   0.419792E-34   0.203138E-31   0.554755E-25   0.638539E-21   0.205261E-19   0.272154E-20   0.923668E-25   0.131289E-27   0.000000E+00   0.981308E-33   0.429457E-31   0.232523E-32   0.171799E-30   0.599174E-32   0.105520E-31
   0.166667E+00   0.507953E-40   0.163539E-35   0.185548E-39   0.654158E-35   0.671665E-39   0.261661E-34   0.296891E-38   0.104664E-33   0.105324E-37   0.203125E-37   0.414860E-37   0.167464E-32   0.148160E-33   0.648204E-27   0.971015E-23   0.390824E-21   0.839007E-22   0.152491E-24   0.320249E-29   0.000000E+00   0.105538E-33   0.171474E-29   0.260385E-33   0.685918E-29   0.468490E-33   0.936864E-33
   0.166667E+00   0.507710E-40   0.163539E-35   0.203083E-39   0.654155E-35   0.741806E-39   0.261662E-34   0.296735E-38   0.104665E-33   0.105324E-37   0.210649E-37   0.474796E-37   0.167464E-32   0.148160E-33   0.675213E-27   0.971015E-23   0.437723E-21   0.962251E-22   0.153004E-24   0.340893E-29   0.000000E+00   0.524595E-34   0.429611E-31   0.167789E-33   0.171811E-30   0.517805E-33   0.103548E-32
   0.166667E+00   0.222023E-38   0.409836E-37   0.683558E-38   0.163899E-36   0.196076E-37   0.655267E-36   0.538859E-37   0.262163E-35   0.148582E-36   0.224943E-36   0.398748E-36   0.419612E-34   0.836047E-33   0.275487E-26   0.252464E-22   0.101614E-20   0.163168E-21   0.307889E-26   0.764396E-29   0.000000E+00   0.880159E-34   0.429519E-31   0.272631E-33   0.171811E-30   0.542462E-33   0.123272E-32
   0.166667E+00   0.183067E-36   0.409895E-37   0.567082E-36   0.163899E-36   0.161917E-35   0.655502E-36   0.440162E-35   0.262276E-35   0.116955E-34   0.188327E-34   0.301333E-34   0.419552E-34   0.685453E-31   0.185954E-24   0.213546E-20   0.686131E-19   0.904014E-20   0.309429E-24   0.441486E-27   0.000000E+00   0.322563E-32   0.429488E-31   0.812023E-32   0.171811E-30   0.204656E-31   0.326423E-31
   0.166667E+00   0.152172E-34   0.415478E-37   0.477389E-34   0.166438E-36   0.137386E-33   0.666035E-36   0.375298E-33   0.266527E-35   0.999918E-33   0.161135E-32   0.257968E-32   0.426864E-34   0.587014E-29   0.158808E-22   0.182251E-18   0.584630E-17   0.770686E-18   0.264043E-22   0.376828E-25   0.000000E+00   0.273150E-30   0.437161E-31   0.682647E-30   0.174868E-30   0.170439E-29   0.268914E-29
   0.166667E+00   0.446910E-34   0.427292E-37   0.130351E-33   0.171352E-36   0.357867E-33   0.685971E-36   0.948560E-33   0.274501E-35   0.247762E-32   0.396647E-32   0.631913E-32   0.439653E-34   0.142662E-28   0.385812E-22   0.441636E-18   0.141383E-16   0.185625E-17   0.619022E-22   0.868385E-25   0.000000E+00   0.656829E-30   0.450657E-31   0.164021E-29   0.180143E-30   0.409347E-29   0.645815E-29
   0.166667E+00   0.462390E-40   0.163538E-35   0.184955E-39   0.654150E-35   0.692803E-39   0.261661E-34   0.286535E-38   0.104664E-33   0.105324E-37   0.210649E-37   0.428384E-37   0.167464E-32   0.148160E-33   0.756238E-27   0.854493E-23   0.390824E-21   0.778125E-22   0.000000E+00   0.330546E-29   0.000000E+00   0.976489E-34   0.171474E-29   0.226083E-33   0.685921E-29   0.468490E-33   0.936864E-33
   0.166667E+00   0.128498E-39   0.163537E-35   0.461095E-39   0.654159E-35   0.739419E-39   0.261663E-34   0.418029E-38   0.104665E-33   0.105324E-37   0.210649E-37   0.428125E-37   0.167463E-32   0.148160E-33   0.756238E-27   0.971015E-23   0.390824E-21   0.828362E-22   0.855248E-27   0.320217E-29   0.000000E+00   0.521846E-34   0.429611E-31   0.198396E-33   0.171848E-30   0.468490E-33   0.641012E-33
   0.166667E+00   0.722784E-38   0.409660E-37   0.224461E-37   0.163946E-36   0.642293E-37   0.655643E-36   0.175855E-36   0.262239E-35   0.469822E-36   0.762849E-36   0.123382E-35   0.419642E-34   0.288383E-32   0.821058E-26   0.831189E-22   0.301716E-20   0.374042E-21   0.122300E-25   0.200394E-28   0.000000E+00   0.179070E-33   0.429519E-31   0.500663E-33   0.171823E-30   0.130684E-32   0.123273E-32
   0.166667E+00   0.596480E-36   0.409836E-37   0.186975E-35   0.163981E-36   0.537836E-35   0.655925E-36   0.146887E-34   0.262314E-35   0.391299E-34   0.630599E-34   0.100949E-33   0.419702E-34   0.229781E-30   0.622033E-24   0.714046E-20   0.229273E-18   0.302145E-19   0.103536E-23   0.147723E-26   0.000000E+00   0.107407E-31   0.429796E-31   0.268754E-31   0.171910E-30   0.673886E-31   0.106507E-30
   0.166667E+00   0.489085E-34   0.425147E-37   0.155273E-33   0.170752E-36   0.450223E-33   0.684984E-36   0.123572E-32   0.274257E-35   0.330218E-32   0.532697E-32   0.853525E-32   0.439684E-34   0.194453E-28   0.526078E-22   0.603982E-18   0.193808E-16   0.255547E-17   0.875617E-22   0.124954E-24   0.000000E+00   0.906245E-30   0.450627E-31   0.226499E-29   0.180143E-30   0.565494E-29   0.892195E-29
   0.166667E+00   0.101315E-33   0.451566E-37   0.305994E-33   0.182472E-36   0.856070E-33   0.735201E-36   0.229327E-32   0.295115E-35   0.602428E-32   0.966557E-32   0.154284E-31   0.474531E-34   0.349055E-28   0.944073E-22   0.108151E-17   0.346443E-16   0.454269E-17   0.151531E-21   0.212697E-24   0.000000E+00   0.161243E-29   0.487789E-31   0.402689E-29   0.194602E-30   0.100504E-28   0.158571E-28
   0.166667E+00   0.424507E-33   0.376631E-36   0.112819E-32   0.158782E-35   0.291729E-32   0.656645E-35   0.744218E-32   0.264778E-34   0.189520E-31   0.300886E-31   0.476412E-31   0.432922E-33   0.106480E-27   0.287835E-21   0.328418E-17   0.104868E-15   0.136969E-16   0.461377E-21   0.649770E-24   0.000000E+00   0.484004E-29   0.163464E-29   0.120719E-28   0.922841E-29   0.301088E-28   0.475046E-28
   0.166667E+00   0.519364E-40   0.163538E-35   0.195990E-39   0.654155E-35   0.807471E-39   0.261661E-34   0.322996E-38   0.104665E-33   0.105324E-37   0.210649E-37   0.426535E-37   0.167463E-32   0.148160E-33   0.675213E-27   0.108754E-22   0.390824E-21   0.780150E-22   0.152918E-24   0.351205E-29   0.000000E+00   0.848259E-34   0.171477E-29   0.220994E-33   0.685922E-29   0.468490E-33   0.108479E-32
   0.166667E+00   0.294356E-39   0.163538E-35   0.930569E-39   0.654156E-35   0.237309E-38   0.261663E-34   0.905873E-38   0.104664E-33   0.244503E-37   0.489006E-37   0.434833E-37   0.419582E-34   0.148160E-33   0.756238E-27   0.971015E-23   0.390824E-21   0.778167E-22   0.256574E-27   0.382194E-29   0.000000E+00   0.534112E-34   0.429396E-31   0.191944E-33   0.171848E-30   0.542462E-33   0.108479E-32
   0.166667E+00   0.227576E-37   0.409777E-37   0.712997E-37   0.163934E-36   0.205312E-36   0.655737E-36   0.561605E-36   0.262163E-35   0.149937E-35   0.242321E-35   0.388949E-35   0.419552E-34   0.892665E-32   0.245237E-25   0.285090E-21   0.923909E-20   0.123758E-20   0.418216E-25   0.594983E-28   0.000000E+00   0.457382E-33   0.429488E-31   0.117903E-32   0.171836E-30   0.310683E-32   0.473363E-32
   0.166667E+00   0.186024E-35   0.410277E-37   0.590107E-35   0.164158E-36   0.171018E-34   0.656584E-36   0.469248E-34   0.262577E-35   0.125374E-33   0.202238E-33   0.324039E-33   0.420093E-34   0.738229E-30   0.199760E-23   0.229358E-19   0.736047E-18   0.970684E-19   0.332580E-23   0.474778E-26   0.000000E+00   0.344427E-31   0.430320E-31   0.861398E-31   0.172094E-30   0.215407E-30   0.339884E-30
   0.166667E+00   0.154883E-33   0.448333E-37   0.497408E-33   0.181073E-36   0.145232E-32   0.729276E-36   0.400295E-32   0.292519E-35   0.107241E-31   0.173153E-31   0.277643E-31   0.469265E-34   0.633153E-28   0.171302E-21   0.196735E-17   0.631456E-16   0.832633E-17   0.283640E-21   0.402085E-24   0.000000E+00   0.295487E-29   0.482858E-31   0.738574E-29   0.192790E-30   0.184401E-28   0.290936E-28
   0.166667E+00   0.216386E-33   0.513485E-37   0.629019E-33   0.210637E-36   0.171606E-32   0.857123E-36   0.452312E-32   0.345332E-35   0.117549E-31   0.187933E-31   0.299195E-31   0.556714E-34   0.674015E-28   0.182260E-21   0.208504E-17   0.667169E-16   0.872841E-17   0.292282E-21   0.410722E-24   0.000000E+00   0.309591E-29   0.576657E-31   0.772774E-29   0.229533E-30   0.192814E-28   0.304176E-28
   0.166667E+00   0.486672E-33   0.886337E-36   0.128970E-32   0.378529E-35   0.332876E-32   0.157807E-34   0.848176E-32   0.636153E-34   0.215838E-31   0.342572E-31   0.542278E-31   0.103802E-32   0.121166E-27   0.327527E-21   0.373665E-17   0.119306E-15   0.155851E-16   0.525093E-21   0.739655E-24   0.000000E+00   0.550756E-29   0.313313E-29   0.137320E-28   0.142644E-28   0.342466E-28   0.540574E-28
   0.166667E+00   0.502793E-40   0.163539E-35   0.201116E-39   0.654156E-35   0.733938E-39   0.261661E-34   0.293580E-38   0.104664E-33   0.101563E-37   0.210649E-37   0.439650E-37   0.167464E-32   0.132286E-33   0.756238E-27   0.971015E-23   0.437723E-21   0.627558E-22   0.171050E-27   0.340876E-29   0.000000E+00   0.781860E-34   0.171475E-29   0.203535E-33   0.685924E-29   0.468490E-33   0.788938E-33
   0.166667E+00   0.517213E-40   0.163539E-35   0.212762E-39   0.654152E-35   0.780520E-39   0.261660E-34   0.321616E-38   0.104665E-33   0.101563E-37   0.210649E-37   0.421370E-37   0.419401E-34   0.148160E-33   0.675213E-27   0.971015E-23   0.390824E-21   0.778175E-22   0.000000E+00   0.330546E-29   0.000000E+00   0.530903E-34   0.429519E-31   0.154644E-33   0.171823E-30   0.468490E-33   0.887555E-33
   0.166667E+00   0.136658E-39   0.409806E-37   0.293899E-39   0.163899E-36   0.117560E-38   0.655549E-36   0.470239E-38   0.262276E-35   0.105324E-37   0.233218E-37   0.556780E-37   0.419642E-34   0.148160E-33   0.756238E-27   0.108754E-22   0.390824E-21   0.828384E-22   0.171050E-27   0.330546E-29   0.000000E+00   0.499487E-34   0.429704E-31   0.173113E-33   0.171836E-30   0.517805E-33   0.887555E-33
   0.166667E+00   0.589278E-35   0.410835E-37   0.189171E-34   0.164428E-36   0.552363E-34   0.657759E-36   0.152277E-33   0.263085E-35   0.408063E-33   0.658921E-33   0.105659E-32   0.420906E-34   0.240991E-29   0.652042E-23   0.748901E-19   0.240396E-17   0.317067E-18   0.108654E-22   0.155127E-25   0.000000E+00   0.112524E-30   0.431090E-31   0.281363E-30   0.172341E-30   0.702686E-30   0.110895E-29
   0.166667E+00   0.467300E-33   0.494912E-37   0.150664E-32   0.202220E-36   0.440458E-32   0.821059E-36   0.121442E-31   0.329985E-35   0.325285E-31   0.525234E-31   0.842299E-31   0.527765E-34   0.192059E-27   0.519621E-21   0.596761E-17   0.191540E-15   0.252363E-16   0.848247E-21   0.119474E-23   0.000000E+00   0.896271E-29   0.550218E-31   0.224016E-28   0.219130E-30   0.559298E-28   0.882408E-28
   0.166667E+00   0.305996E-34   0.429349E-37   0.858116E-34   0.172786E-36   0.228960E-33   0.694388E-36   0.595204E-33   0.278112E-35   0.153355E-32   0.244453E-32   0.388293E-32   0.444920E-34   0.871967E-29   0.235920E-22   0.269679E-18   0.862507E-17   0.112832E-17   0.378961E-22   0.533399E-25   0.000000E+00   0.403021E-30   0.457960E-31   0.100363E-29   0.183138E-30   0.250743E-29   0.396560E-29
   0.166667E+00   0.515037E-33   0.186558E-35   0.136321E-32   0.806369E-35   0.351579E-32   0.338737E-34   0.895388E-32   0.136089E-33   0.227792E-31   0.361502E-31   0.572174E-31   0.226444E-32   0.127831E-27   0.345547E-21   0.394206E-17   0.125862E-15   0.164430E-16   0.554033E-21   0.780485E-24   0.000000E+00   0.591283E-29   0.408925E-29   0.145276E-28   0.169880E-28   0.367770E-28   0.610168E-28
   0.166667E+00   0.211683E-36   0.163538E-35   0.661951E-36   0.654156E-35   0.190132E-35   0.261663E-34   0.518817E-35   0.104665E-33   0.138182E-34   0.222656E-34   0.356389E-34   0.167462E-32   0.811600E-31   0.220011E-24   0.252464E-20   0.811664E-19   0.107113E-19   0.366645E-24   0.523296E-27   0.000000E+00   0.382228E-32   0.171476E-29   0.960617E-32   0.171823E-30   0.242382E-31   0.383621E-31
   0.166667E+00   0.163316E-36   0.163538E-35   0.517224E-36   0.654156E-35   0.149763E-35   0.655690E-36   0.410812E-35   0.262257E-35   0.109748E-34   0.177088E-34   0.283834E-34   0.419612E-34   0.646878E-31   0.175555E-24   0.201699E-20   0.648769E-19   0.856001E-20   0.292751E-24   0.417521E-27   0.000000E+00   0.305275E-32   0.429426E-31   0.772442E-32   0.171823E-30   0.194793E-31   0.310644E-31
   0.166667E+00   0.230168E-34   0.412804E-37   0.738283E-34   0.165251E-36   0.215460E-33   0.661239E-36   0.593789E-33   0.264571E-35   0.159086E-32   0.256866E-32   0.411866E-32   0.423072E-34   0.939295E-29   0.254133E-22   0.291869E-18   0.936828E-17   0.123554E-17   0.423395E-22   0.604515E-25   0.000000E+00   0.438426E-30   0.433679E-31   0.109588E-29   0.173438E-30   0.273630E-29   0.431731E-29
   0.166667E+00   0.806310E-30   0.998723E-35   0.261946E-29   0.451685E-34   0.770626E-29   0.188556E-33   0.213454E-28   0.762644E-33   0.573706E-28   0.927361E-28   0.148827E-27   0.118941E-31   0.339844E-24   0.919516E-18   0.105650E-13   0.339221E-12   0.447505E-13   0.153377E-17   0.219035E-20   0.000000E+00   0.158896E-25   0.141631E-28   0.397213E-25   0.532565E-28   0.991806E-25   0.156482E-24
   0.166667E+00   0.105928E-30   0.161940E-35   0.339079E-30   0.755624E-35   0.985317E-30   0.321447E-34   0.270459E-29   0.131501E-33   0.721941E-29   0.116450E-28   0.186623E-28   0.207016E-32   0.424917E-25   0.114954E-18   0.131961E-14   0.423400E-13   0.556944E-14   0.186242E-18   0.261966E-21   0.000000E+00   0.197916E-26   0.246315E-29   0.494592E-26   0.933333E-29   0.123471E-25   0.194792E-25
   0.166667E+00   0.929031E-32   0.974975E-36   0.255963E-31   0.461358E-35   0.675399E-31   0.197600E-34   0.174319E-30   0.810950E-34   0.447285E-30   0.711643E-30   0.112828E-29   0.127688E-32   0.252854E-26   0.683523E-20   0.780475E-16   0.249358E-14   0.326572E-15   0.110128E-19   0.155426E-22   0.000000E+00   0.115158E-27   0.153669E-29   0.287321E-27   0.591004E-29   0.716549E-27   0.113005E-26
   0.166667E+00   0.333782E-29   0.270477E-31   0.891386E-29   0.112750E-30   0.230879E-28   0.437385E-30   0.589139E-28   0.160687E-29   0.150190E-27   0.238330E-27   0.376969E-27   0.174020E-28   0.842571E-24   0.227742E-17   0.259790E-13   0.829371E-12   0.108760E-12   0.367056E-17   0.518633E-20   0.000000E+00   0.382164E-25   0.279751E-26   0.953291E-25   0.711175E-26   0.237707E-24   0.374858E-24
   0.166667E+00   0.000000E+00   0.000000E+00   0.000000E+00   0.000000E+00   0.000000E+00   0.000000E+00   0.000000E+00   0.000000E+00   0.000000E+00   0.000000E+00   0.000000E+00   0.000000E+00   0.000000E+00   0.000000E+00   0.000000E+00   0.000000E+00   0.000000E+00   0.000000E+00   0.000000E+00   0.000000E+00   0.000000E+00   0.000000E+00   0.000000E+00   0.000000E+00   0.000000E+00   0.000000E+00
   0.166667E+00   0.230951E-26   0.461826E-26   0.923757E-26   0.184730E-25   0.369489E-25   0.738921E-25   0.147792E-24   0.295568E-24   0.591156E-24   0.118230E-23   0.236460E-23   0.472909E-23   0.840008E-20   0.428754E-13   0.616585E-09   0.248211E-07   0.404334E-08   0.112311E-12   0.163979E-15   0.122294E-22   0.243700E-20   0.484248E-20   0.970054E-20   0.193703E-19   0.387505E-19   0.774891E-19
   0.333333E+00   0.205320E-25   0.437500E-25   0.849841E-25   0.175000E-24   0.345284E-24   0.700000E-24   0.139105E-23   0.280000E-23   0.560000E-23   0.112000E-22   0.223628E-22   0.448000E-22   0.748975E-19   0.384086E-12   0.556916E-08   0.225389E-06   0.483190E-07   0.390379E-11   0.108746E-14   0.115852E-21   0.232606E-19   0.458742E-19   0.920400E-19   0.183500E-18   0.367165E-18   0.734165E-18
   0.333333E+00   0.725777E-40   0.163540E-35   0.271744E-39   0.654159E-35   0.918307E-39   0.261665E-34   0.351247E-38   0.104665E-33   0.105324E-37   0.210649E-37   0.564643E-37   0.167464E-32   0.139451E-33   0.638504E-27   0.925818E-23   0.374565E-21   0.988574E-22   0.151669E-23   0.160763E-29   0.000000E+00   0.115256E-33   0.171474E-29   0.285184E-33   0.685920E-29   0.468579E-33   0.887665E-33
   0.333333E+00   0.615209E-40   0.163539E-35   0.237399E-39   0.654152E-35   0.894737E-39   0.261661E-34   0.360440E-38   0.104664E-33   0.105324E-37   0.210649E-37   0.504316E-37   0.167464E-32   0.139451E-33   0.638504E-27   0.925818E-23   0.374565E-21   0.106281E-21   0.931438E-27   0.217966E-29   0.000000E+00   0.110076E-33   0.171473E-29   0.227914E-33   0.685922E-29   0.443917E-33   0.936980E-33
   0.333333E+00   0.628764E-40   0.163538E-35   0.248721E-39   0.654155E-35   0.101032E-38   0.261664E-34   0.350945E-38   0.104665E-33   0.105324E-37   0.210649E-37   0.579181E-37   0.167463E-32   0.139451E-33   0.638504E-27   0.962850E-23   0.374565E-21   0.844017E-22   0.000000E+00   0.210338E-29   0.000000E+00   0.106454E-33   0.171474E-29   0.232403E-33   0.685920E-29   0.468579E-33   0.936980E-33
   0.333333E+00   0.711276E-40   0.163539E-35   0.277168E-39   0.654152E-35   0.986751E-39   0.261664E-34   0.397512E-38   0.104664E-33   0.244503E-37   0.496529E-37   0.563916E-37   0.167463E-32   0.139451E-33   0.715125E-27   0.103692E-22   0.419513E-21   0.106292E-21   0.620959E-27   0.275179E-29   0.000000E+00   0.115291E-33   0.171475E-29   0.249244E-33   0.685917E-29   0.517903E-33   0.936980E-33
   0.333333E+00   0.189848E-38   0.163539E-35   0.606546E-38   0.654156E-35   0.183812E-37   0.261664E-34   0.536346E-37   0.262295E-35   0.223175E-35   0.362541E-35   0.435638E-36   0.419732E-34   0.127348E-31   0.350666E-25   0.408100E-21   0.133046E-19   0.223838E-20   0.228823E-24   0.600243E-28   0.000000E+00   0.644636E-33   0.429427E-31   0.157690E-32   0.171860E-30   0.443917E-32   0.690406E-32
   0.333333E+00   0.177696E-36   0.409836E-37   0.550234E-36   0.163934E-36   0.161867E-35   0.655455E-36   0.458135E-35   0.262351E-35   0.202569E-33   0.328088E-33   0.336463E-34   0.419792E-34   0.113844E-29   0.309537E-23   0.359028E-19   0.116015E-17   0.202836E-18   0.199489E-22   0.539931E-26   0.000000E+00   0.572808E-31   0.429612E-31   0.142538E-30   0.171922E-30   0.355873E-30   0.561547E-30
   0.333333E+00   0.641597E-40   0.163539E-35   0.231212E-39   0.654153E-35   0.939211E-39   0.261661E-34   0.340987E-38   0.104665E-33   0.105324E-37   0.210649E-37   0.563176E-37   0.167464E-32   0.139451E-33   0.638504E-27   0.925818E-23   0.374565E-21   0.106320E-21   0.838295E-26   0.260420E-29   0.000000E+00   0.102866E-33   0.171475E-29   0.225650E-33   0.685919E-29   0.468579E-33   0.887665E-33
   0.333333E+00   0.104131E-39   0.163539E-35   0.390952E-39   0.654155E-35   0.130991E-38   0.261663E-34   0.471644E-38   0.104665E-33   0.970488E-37   0.170024E-36   0.623012E-37   0.167464E-32   0.512979E-33   0.158349E-26   0.229603E-22   0.943905E-21   0.879515E-22   0.869343E-26   0.462870E-29   0.000000E+00   0.760486E-34   0.429704E-31   0.248149E-33   0.171860E-30   0.542565E-33   0.936980E-33
   0.333333E+00   0.630688E-38   0.409718E-37   0.203165E-37   0.163923E-36   0.613691E-37   0.655784E-36   0.177346E-36   0.262126E-35   0.777444E-35   0.126412E-34   0.134443E-35   0.419612E-34   0.442258E-31   0.120779E-24   0.140206E-20   0.455621E-19   0.798075E-20   0.782098E-24   0.212030E-27   0.000000E+00   0.227966E-32   0.429489E-31   0.574480E-32   0.171823E-30   0.146246E-31   0.230793E-31
   0.333333E+00   0.529708E-36   0.410130E-37   0.172580E-35   0.164028E-36   0.524238E-35   0.656161E-36   0.151383E-34   0.262445E-35   0.678299E-33   0.110350E-32   0.113446E-33   0.419853E-34   0.386221E-29   0.105027E-22   0.122029E-18   0.394802E-17   0.691048E-18   0.680121E-22   0.184232E-25   0.000000E+00   0.195632E-30   0.429951E-31   0.486897E-30   0.171934E-30   0.121525E-29   0.191745E-29
   0.333333E+00   0.440830E-34   0.433346E-37   0.145462E-33   0.174149E-36   0.445397E-33   0.699372E-36   0.129261E-32   0.280125E-35   0.578720E-31   0.942240E-31   0.973490E-32   0.449163E-34   0.330246E-27   0.898046E-21   0.104370E-16   0.337731E-15   0.591018E-16   0.577905E-20   0.155628E-23   0.000000E+00   0.167429E-28   0.472259E-31   0.416703E-28   0.185727E-30   0.103988E-27   0.164063E-27
   0.333333E+00   0.213762E-33   0.545811E-37   0.634387E-33   0.221063E-36   0.179935E-32   0.891636E-36   0.494360E-32   0.357388E-35   0.132856E-30   0.212687E-30   0.348687E-31   0.574830E-34   0.720807E-27   0.195822E-20   0.226034E-16   0.727463E-15   0.125810E-15   0.122904E-19   0.329322E-23   0.000000E+00   0.355054E-28   0.651567E-31   0.881695E-28   0.243967E-30   0.219737E-27   0.346538E-27
   0.333333E+00   0.557366E-40   0.163537E-35   0.213494E-39   0.654147E-35   0.890453E-39   0.261660E-34   0.358723E-38   0.104665E-33   0.105324E-37   0.210649E-37   0.546633E-37   0.167464E-32   0.139451E-33   0.638504E-27   0.814720E-23   0.374565E-21   0.115698E-21   0.900391E-26   0.231418E-29   0.000000E+00   0.982563E-34   0.171473E-29   0.234028E-33   0.685925E-29   0.468579E-33   0.789035E-33
   0.333333E+00   0.292926E-39   0.163538E-35   0.984037E-39   0.654156E-35   0.228054E-38   0.261660E-34   0.760344E-38   0.104665E-33   0.284376E-36   0.470198E-36   0.891864E-37   0.167462E-32   0.171823E-32   0.459723E-26   0.555491E-22   0.199269E-20   0.318962E-21   0.282536E-25   0.969034E-29   0.000000E+00   0.128689E-33   0.429581E-31   0.389945E-33   0.171860E-30   0.125776E-32   0.221916E-32
   0.333333E+00   0.207687E-37   0.409777E-37   0.676854E-37   0.163817E-36   0.205723E-36   0.655408E-36   0.594733E-36   0.262295E-35   0.264958E-34   0.431055E-34   0.448989E-35   0.419431E-34   0.150916E-30   0.410865E-24   0.477574E-20   0.154636E-18   0.270775E-19   0.266360E-23   0.721205E-27   0.000000E+00   0.768811E-32   0.429396E-31   0.191837E-31   0.171848E-30   0.480417E-31   0.762899E-31
   0.333333E+00   0.172477E-35   0.410659E-37   0.568665E-35   0.164216E-36   0.174034E-34   0.656913E-36   0.504923E-34   0.262765E-35   0.226947E-32   0.369600E-32   0.380163E-33   0.420515E-34   0.129618E-28   0.352483E-22   0.409711E-18   0.132592E-16   0.232145E-17   0.228511E-21   0.619106E-25   0.000000E+00   0.657553E-30   0.431245E-31   0.163668E-29   0.172316E-30   0.408475E-29   0.644474E-29
   0.333333E+00   0.141592E-33   0.473753E-37   0.472818E-33   0.192146E-36   0.145866E-32   0.775920E-36   0.425336E-32   0.311515E-35   0.184561E-30   0.300410E-30   0.321889E-31   0.502066E-34   0.105214E-26   0.286105E-20   0.332453E-16   0.107563E-14   0.188035E-15   0.182560E-19   0.490074E-23   0.000000E+00   0.533014E-28   0.552869E-31   0.132647E-27   0.210786E-30   0.331005E-27   0.522226E-27
   0.333333E+00   0.397155E-33   0.730540E-37   0.118178E-32   0.307168E-36   0.334719E-32   0.126972E-35   0.915922E-32   0.515468E-35   0.214903E-30   0.343266E-30   0.638254E-31   0.843226E-34   0.115809E-26   0.314577E-20   0.362768E-16   0.116664E-14   0.201473E-15   0.197437E-19   0.529493E-23   0.000000E+00   0.568169E-28   0.107095E-30   0.141045E-27   0.373377E-30   0.351448E-27   0.554221E-27
   0.333333E+00   0.842966E-33   0.262704E-35   0.224248E-32   0.111350E-34   0.580093E-32   0.461983E-34   0.148171E-31   0.186431E-33   0.300276E-30   0.476349E-30   0.955944E-31   0.305438E-32   0.158612E-26   0.430691E-20   0.495380E-16   0.158983E-14   0.274554E-15   0.269693E-19   0.724239E-23   0.000000E+00   0.769818E-28   0.459658E-29   0.190962E-27   0.163704E-28   0.475608E-27   0.749915E-27
   0.333333E+00   0.541775E-40   0.163538E-35   0.247025E-39   0.654154E-35   0.841190E-39   0.261661E-34   0.348225E-38   0.104664E-33   0.105324E-37   0.210649E-37   0.529765E-37   0.167463E-32   0.139451E-33   0.638504E-27   0.925818E-23   0.374565E-21   0.126270E-21   0.151669E-23   0.152514E-27   0.000000E+00   0.827398E-34   0.171476E-29   0.191275E-33   0.685927E-29   0.443917E-33   0.887665E-33
   0.333333E+00   0.825098E-39   0.163538E-35   0.270156E-38   0.654155E-35   0.844810E-38   0.261661E-34   0.257188E-37   0.104665E-33   0.984406E-36   0.160168E-35   0.163609E-36   0.419582E-34   0.570752E-32   0.152475E-25   0.188126E-21   0.614287E-20   0.100066E-20   0.106494E-24   0.263229E-28   0.000000E+00   0.332396E-33   0.429673E-31   0.871381E-33   0.171786E-30   0.199763E-32   0.261374E-32
   0.333333E+00   0.637927E-37   0.409630E-37   0.210203E-36   0.163934E-36   0.643144E-36   0.655408E-36   0.186624E-35   0.262257E-35   0.837136E-34   0.136326E-33   0.140765E-34   0.419642E-34   0.478122E-30   0.130068E-23   0.151186E-19   0.489392E-18   0.856871E-19   0.843293E-23   0.228511E-26   0.000000E+00   0.242926E-31   0.429519E-31   0.605075E-31   0.171749E-30   0.151252E-30   0.239028E-30
   0.333333E+00   0.522702E-35   0.411805E-37   0.174401E-34   0.164769E-36   0.537755E-34   0.659170E-36   0.156754E-33   0.263743E-35   0.706621E-32   0.115199E-31   0.118592E-32   0.421929E-34   0.404819E-28   0.110092E-21   0.128017E-17   0.414424E-16   0.725764E-17   0.714508E-21   0.193621E-24   0.000000E+00   0.205704E-29   0.433525E-31   0.512056E-29   0.173031E-30   0.127797E-28   0.201638E-28
   0.333333E+00   0.446169E-33   0.571143E-37   0.150706E-32   0.236051E-36   0.467908E-32   0.965080E-36   0.136851E-31   0.389399E-35   0.536911E-30   0.872213E-30   0.103696E-30   0.628816E-34   0.304215E-26   0.827137E-20   0.960290E-16   0.310479E-14   0.541621E-15   0.525202E-19   0.140857E-22   0.000000E+00   0.153537E-27   0.772759E-31   0.381976E-27   0.274967E-30   0.952998E-27   0.150345E-26
   0.333333E+00   0.639695E-33   0.122713E-36   0.185400E-32   0.533016E-36   0.512371E-32   0.224942E-35   0.136545E-31   0.919217E-35   0.290561E-30   0.462491E-30   0.914519E-31   0.150469E-33   0.154985E-26   0.420912E-20   0.484742E-16   0.155724E-14   0.268777E-15   0.263860E-19   0.708081E-23   0.000000E+00   0.756126E-28   0.224035E-30   0.187628E-27   0.711107E-30   0.467403E-27   0.737013E-27
   0.333333E+00   0.943896E-33   0.674096E-35   0.250204E-32   0.289145E-34   0.646754E-32   0.120873E-33   0.165425E-31   0.487850E-33   0.332862E-30   0.527988E-30   0.107859E-30   0.786950E-32   0.175773E-26   0.477286E-20   0.548954E-16   0.176171E-14   0.304264E-15   0.298867E-19   0.802615E-23   0.000000E+00   0.853018E-28   0.700446E-29   0.211589E-27   0.233660E-28   0.526969E-27   0.830920E-27
   0.333333E+00   0.498803E-40   0.163538E-35   0.246386E-39   0.654154E-35   0.861828E-39   0.261661E-34   0.328513E-38   0.104665E-33   0.105324E-37   0.210649E-37   0.513101E-37   0.167463E-32   0.124510E-33   0.638504E-27   0.925818E-23   0.374565E-21   0.969348E-22   0.869343E-26   0.253105E-29   0.000000E+00   0.656590E-34   0.171474E-29   0.199603E-33   0.685918E-29   0.468579E-33   0.789035E-33
   0.333333E+00   0.608865E-40   0.163539E-35   0.229153E-39   0.654152E-35   0.838203E-39   0.261663E-34   0.355095E-38   0.262276E-35   0.105324E-37   0.210649E-37   0.540818E-37   0.419642E-34   0.139451E-33   0.638504E-27   0.925818E-23   0.374565E-21   0.969321E-22   0.000000E+00   0.245874E-29   0.000000E+00   0.501994E-34   0.429581E-31   0.197934E-33   0.171823E-30   0.468579E-33   0.789035E-33
   0.333333E+00   0.264802E-39   0.409748E-37   0.913372E-39   0.163911E-36   0.299197E-38   0.655502E-36   0.971781E-38   0.262239E-35   0.280990E-36   0.461922E-36   0.706045E-37   0.419582E-34   0.162859E-32   0.462277E-26   0.551787E-22   0.200767E-20   0.331454E-21   0.285641E-25   0.940105E-29   0.000000E+00   0.129575E-33   0.429581E-31   0.383174E-33   0.171836E-30   0.542565E-33   0.789047E-33
   0.333333E+00   0.164974E-34   0.414714E-37   0.557038E-34   0.166133E-36   0.173052E-33   0.665235E-36   0.506831E-33   0.266075E-35   0.229101E-31   0.373886E-31   0.385300E-32   0.425841E-34   0.131648E-27   0.358041E-21   0.416500E-17   0.134874E-15   0.236254E-16   0.232439E-20   0.629043E-24   0.000000E+00   0.670056E-29   0.440674E-31   0.166813E-28   0.174966E-30   0.416355E-28   0.656932E-28
   0.333333E+00   0.128653E-32   0.787111E-37   0.429586E-32   0.335392E-36   0.131331E-31   0.139893E-35   0.378635E-31   0.561453E-35   0.127594E-29   0.206393E-29   0.281220E-30   0.911957E-34   0.713673E-26   0.193993E-19   0.224821E-15   0.725851E-14   0.126242E-14   0.122804E-18   0.329449E-22   0.000000E+00   0.357468E-27   0.131660E-30   0.888793E-27   0.419279E-30   0.221667E-26   0.349662E-26
   0.333333E+00   0.705211E-34   0.575610E-37   0.197937E-33   0.240024E-36   0.528314E-33   0.987932E-36   0.137205E-32   0.396188E-35   0.282915E-31   0.449458E-31   0.894220E-32   0.640672E-34   0.150074E-27   0.407592E-21   0.469093E-17   0.150623E-15   0.260090E-16   0.255418E-20   0.685760E-24   0.000000E+00   0.731536E-29   0.841444E-31   0.181404E-28   0.287157E-30   0.451959E-28   0.712989E-28
   0.333333E+00   0.992227E-33   0.161072E-34   0.263273E-32   0.703220E-34   0.682935E-32   0.297320E-33   0.175717E-31   0.116860E-32   0.347725E-30   0.551545E-30   0.117093E-30   0.175679E-31   0.183602E-26   0.498545E-20   0.573396E-16   0.184013E-14   0.317822E-15   0.312178E-19   0.838375E-23   0.000000E+00   0.891999E-28   0.828036E-29   0.221043E-27   0.269654E-28   0.551057E-27   0.871856E-27
   0.333333E+00   0.294771E-36   0.163539E-35   0.969527E-36   0.654155E-35   0.296280E-35   0.261663E-34   0.858770E-35   0.104665E-33   0.385427E-33   0.627561E-33   0.646188E-34   0.167463E-32   0.220002E-29   0.598299E-23   0.695400E-19   0.225039E-17   0.394001E-18   0.387789E-22   0.105061E-25   0.000000E+00   0.111603E-30   0.429735E-31   0.277807E-30   0.171897E-30   0.693620E-30   0.109474E-29
   0.333333E+00   0.257925E-36   0.163539E-35   0.859228E-36   0.163934E-36   0.264677E-35   0.655596E-36   0.771078E-35   0.262351E-35   0.347165E-33   0.565893E-33   0.583263E-34   0.419702E-34   0.198813E-29   0.540708E-23   0.628734E-19   0.203537E-17   0.356472E-18   0.350888E-22   0.950873E-26   0.000000E+00   0.101043E-30   0.429673E-31   0.251571E-30   0.171910E-30   0.628192E-30   0.991078E-30
   0.333333E+00   0.322320E-34   0.418535E-37   0.108743E-33   0.167849E-36   0.337652E-33   0.672806E-36   0.988576E-33   0.269197E-35   0.446697E-31   0.728951E-31   0.751265E-32   0.430596E-34   0.256643E-27   0.697983E-21   0.811929E-17   0.262921E-15   0.460555E-16   0.453458E-20   0.122907E-23   0.000000E+00   0.130613E-28   0.448285E-31   0.325166E-28   0.176643E-30   0.811588E-28   0.128053E-27
   0.333333E+00   0.112871E-29   0.294642E-34   0.385685E-29   0.133682E-33   0.120722E-28   0.588112E-33   0.355242E-28   0.234608E-32   0.160159E-26   0.261539E-26   0.271372E-27   0.378893E-31   0.921941E-23   0.250746E-16   0.291747E-12   0.944916E-11   0.165477E-11   0.161785E-15   0.435973E-19   0.000000E+00   0.469647E-24   0.647790E-28   0.116926E-23   0.163371E-27   0.291846E-23   0.460484E-23
   0.333333E+00   0.286593E-30   0.112223E-34   0.921941E-30   0.534603E-34   0.273117E-29   0.243077E-33   0.768702E-29   0.988151E-33   0.200338E-27   0.322218E-27   0.553857E-28   0.162878E-31   0.110169E-23   0.299368E-17   0.346147E-13   0.111553E-11   0.193468E-12   0.189017E-16   0.507446E-20   0.000000E+00   0.546501E-25   0.233785E-28   0.135781E-24   0.641288E-28   0.338492E-24   0.533862E-24
   0.333333E+00   0.950522E-32   0.819911E-35   0.256326E-31   0.401221E-34   0.666651E-31   0.185832E-33   0.170567E-30   0.762710E-33   0.425458E-29   0.675425E-29   0.109709E-29   0.127064E-31   0.225216E-25   0.611561E-19   0.703604E-15   0.225851E-13   0.391838E-14   0.384128E-18   0.103349E-21   0.000000E+00   0.109398E-26   0.170055E-28   0.271435E-26   0.464785E-28   0.676061E-26   0.106592E-25
   0.333333E+00   0.262651E-29   0.239831E-30   0.710443E-29   0.977368E-30   0.188609E-28   0.357557E-29   0.494729E-28   0.112420E-28   0.116856E-26   0.185345E-26   0.331277E-27   0.934339E-28   0.616980E-23   0.167530E-16   0.192681E-12   0.618324E-11   0.107460E-11   0.105248E-15   0.283336E-19   0.000000E+00   0.299271E-24   0.112752E-25   0.742517E-24   0.282090E-25   0.184930E-23   0.291565E-23
   0.333333E+00   0.000000E+00   0.000000E+00   0.000000E+00   0.000000E+00   0.000000E+00   0.000000E+00   0.000000E+00   0.000000E+00   0.000000E+00   0.000000E+00   0.000000E+00   0.000000E+00   0.000000E+00   0.000000E+00   0.000000E+00   0.000000E+00   0.000000E+00   0.000000E+00   0.000000E+00   0.000000E+00   0.000000E+00   0.000000E+00   0.000000E+00   0.000000E+00   0.000000E+00   0.000000E+00
   0.333333E+00   0.216771E-26   0.461827E-26   0.897199E-26   0.184731E-25   0.364512E-25   0.738924E-25   0.146847E-24   0.295569E-24   0.591399E-24   0.118270E-23   0.236068E-23   0.472910E-23   0.790764E-20   0.405481E-13   0.587927E-09   0.237936E-07   0.510081E-08   0.412109E-12   0.114799E-15   0.122294E-22   0.245546E-20   0.484248E-20   0.971594E-20   0.193703E-19   0.387584E-19   0.774993E-19
   0.500000E+00   0.218750E-25   0.437500E-25   0.875001E-25   0.175000E-24   0.350000E-24   0.700000E-24   0.140000E-23   0.280000E-23   0.560000E-23   0.112000E-22   0.224000E-22   0.448000E-22   0.705767E-19   0.363593E-12   0.531511E-08   0.216242E-06   0.577145E-07   0.978893E-11   0.331328E-15   0.665590E-21   0.235208E-19   0.458739E-19   0.921815E-19   0.183500E-18   0.367235E-18   0.734255E-18
   0.500000E+00   0.817739E-36   0.163540E-35   0.327076E-35   0.654159E-35   0.485757E-35   0.261665E-34   0.523327E-34   0.104665E-33   0.209328E-33   0.418657E-33   0.837321E-33   0.167464E-32   0.131406E-33   0.604437E-27   0.883584E-23   0.359310E-21   0.127569E-21   0.519252E-23   0.464353E-30   0.245972E-36   0.128850E-33   0.171474E-29   0.237377E-33   0.685919E-29   0.468667E-33   0.789132E-33
   0.500000E+00   0.817740E-36   0.163549E-35   0.327098E-35   0.654152E-35   0.122581E-36   0.261675E-34   0.523355E-34   0.104670E-33   0.209338E-33   0.418679E-33   0.837358E-33   0.167464E-32   0.661723E-33   0.149900E-26   0.208526E-22   0.804853E-21   0.114925E-21   0.200410E-25   0.667624E-30   0.215226E-35   0.154873E-33   0.171475E-29   0.309783E-33   0.685913E-29   0.444000E-33   0.887773E-33
   0.500000E+00   0.817739E-36   0.163549E-35   0.327093E-35   0.654155E-35   0.122628E-36   0.261675E-34   0.523349E-34   0.104670E-33   0.209339E-33   0.418675E-33   0.837358E-33   0.167463E-32   0.131406E-33   0.604437E-27   0.883584E-23   0.359310E-21   0.135643E-21   0.519048E-23   0.870876E-31   0.553438E-36   0.125781E-33   0.171475E-29   0.233811E-33   0.685921E-29   0.468667E-33   0.789132E-33
   0.500000E+00   0.817742E-36   0.163549E-35   0.327097E-35   0.654152E-35   0.122722E-36   0.261675E-34   0.523348E-34   0.104670E-33   0.209340E-33   0.418676E-33   0.837358E-33   0.167463E-32   0.204149E-32   0.609272E-26   0.735142E-22   0.235707E-20   0.538988E-21   0.940356E-25   0.307662E-29   0.670275E-35   0.173331E-33   0.429579E-31   0.434075E-33   0.171823E-30   0.123333E-32   0.221943E-32
   0.500000E+00   0.817737E-36   0.163549E-35   0.327096E-35   0.654156E-35   0.135017E-36   0.261675E-34   0.131336E-35   0.262822E-35   0.525568E-35   0.105069E-34   0.210137E-34   0.419732E-34   0.190557E-30   0.521145E-24   0.613243E-20   0.200164E-18   0.437297E-19   0.897186E-23   0.293494E-27   0.590395E-33   0.105930E-31   0.429517E-31   0.261345E-31   0.171799E-30   0.654900E-31   0.103722E-30
   0.500000E+00   0.205403E-37   0.410982E-37   0.821671E-37   0.164028E-36   0.115325E-35   0.657478E-36   0.131496E-35   0.262841E-35   0.525832E-35   0.105181E-34   0.210303E-34   0.419853E-34   0.172750E-28   0.472041E-22   0.554744E-18   0.180870E-16   0.394606E-17   0.809879E-21   0.264882E-25   0.532654E-31   0.953062E-30   0.430411E-31   0.234762E-29   0.171984E-30   0.585547E-29   0.923935E-29
   0.500000E+00   0.817740E-36   0.163547E-35   0.327096E-35   0.654153E-35   0.122698E-36   0.261676E-34   0.523350E-34   0.104670E-33   0.209339E-33   0.418679E-33   0.837361E-33   0.167463E-32   0.131406E-33   0.604437E-27   0.883584E-23   0.359310E-21   0.125485E-21   0.770978E-27   0.116105E-30   0.737917E-36   0.119639E-33   0.171474E-29   0.239035E-33   0.685923E-29   0.468667E-33   0.789132E-33
   0.500000E+00   0.817742E-36   0.163548E-35   0.327095E-35   0.654149E-35   0.123074E-36   0.261677E-34   0.523348E-34   0.104670E-33   0.209340E-33   0.418675E-33   0.837364E-33   0.167465E-32   0.755584E-32   0.210586E-25   0.239628E-21   0.819226E-20   0.169945E-20   0.369199E-24   0.121030E-28   0.240438E-34   0.462844E-33   0.429548E-31   0.115106E-32   0.171811E-30   0.291067E-32   0.503072E-32
   0.500000E+00   0.817742E-36   0.410571E-37   0.821084E-37   0.163899E-36   0.470198E-37   0.657195E-36   0.131401E-35   0.262728E-35   0.525568E-35   0.105091E-34   0.210137E-34   0.419491E-34   0.667552E-30   0.182482E-23   0.214732E-19   0.700898E-18   0.153090E-18   0.314289E-22   0.102832E-26   0.206949E-32   0.370731E-31   0.429302E-31   0.913656E-31   0.171811E-30   0.228241E-30   0.360633E-30
   0.500000E+00   0.205667E-37   0.411305E-37   0.822553E-37   0.164169E-36   0.372244E-35   0.658230E-36   0.131618E-35   0.263348E-35   0.526471E-35   0.105294E-34   0.210543E-34   0.420394E-34   0.585373E-28   0.159991E-21   0.188345E-17   0.614924E-16   0.134311E-16   0.275826E-20   0.902693E-25   0.181703E-30   0.325287E-29   0.432599E-31   0.801644E-29   0.172514E-30   0.200005E-28   0.315618E-28
   0.500000E+00   0.230999E-37   0.464644E-37   0.935107E-37   0.187656E-36   0.315530E-33   0.757348E-36   0.151705E-35   0.303936E-35   0.608662E-35   0.121920E-34   0.244082E-34   0.487922E-34   0.460494E-26   0.125838E-19   0.147968E-15   0.482647E-14   0.105140E-14   0.213509E-18   0.695016E-23   0.140442E-28   0.254588E-27   0.692269E-31   0.627206E-27   0.225355E-30   0.156442E-26   0.246853E-26
   0.500000E+00   0.420812E-37   0.851587E-37   0.172804E-36   0.349204E-36   0.217806E-32   0.142174E-35   0.284253E-35   0.571065E-35   0.114657E-34   0.229976E-34   0.461005E-34   0.922881E-34   0.531683E-26   0.145056E-19   0.168621E-15   0.545026E-14   0.117184E-14   0.241331E-18   0.785153E-23   0.158381E-28   0.280047E-27   0.237912E-30   0.687557E-27   0.566524E-30   0.171124E-26   0.269821E-26
   0.500000E+00   0.817742E-36   0.163546E-35   0.327096E-35   0.654152E-35   0.122675E-36   0.261677E-34   0.523347E-34   0.104669E-33   0.209340E-33   0.418676E-33   0.837350E-33   0.167462E-32   0.290970E-33   0.147483E-26   0.183786E-22   0.359310E-21   0.114421E-21   0.462465E-26   0.203174E-30   0.104538E-35   0.116720E-33   0.171474E-29   0.259216E-33   0.685920E-29   0.468667E-33   0.789132E-33
   0.500000E+00   0.817749E-36   0.163547E-35   0.327097E-35   0.654149E-35   0.124156E-36   0.261675E-34   0.523354E-34   0.104669E-33   0.209340E-33   0.418678E-33   0.837357E-33   0.167463E-32   0.240051E-31   0.660528E-25   0.779321E-21   0.254822E-19   0.559638E-20   0.114150E-23   0.374117E-28   0.768664E-34   0.138528E-32   0.429610E-31   0.338267E-32   0.171774E-30   0.828800E-32   0.135139E-31
   0.500000E+00   0.205344E-37   0.410659E-37   0.821319E-37   0.163923E-36   0.149076E-36   0.656913E-36   0.131354E-35   0.262765E-35   0.525380E-35   0.105084E-34   0.210227E-34   0.419522E-34   0.228251E-29   0.623875E-23   0.734449E-19   0.239790E-17   0.523764E-18   0.107556E-21   0.351991E-26   0.708499E-32   0.126862E-30   0.429702E-31   0.312704E-30   0.171799E-30   0.780281E-30   0.123198E-29
   0.500000E+00   0.206123E-37   0.412599E-37   0.825021E-37   0.164698E-36   0.123424E-34   0.660252E-36   0.131749E-35   0.263574E-35   0.527223E-35   0.105445E-34   0.211356E-34   0.421929E-34   0.196273E-27   0.536472E-21   0.631801E-17   0.206340E-15   0.450806E-16   0.925801E-20   0.302978E-24   0.610112E-30   0.109250E-28   0.439501E-31   0.269269E-28   0.173783E-30   0.671850E-28   0.106023E-27
   0.500000E+00   0.274551E-37   0.556361E-37   0.113141E-36   0.228669E-36   0.102952E-32   0.931697E-36   0.186800E-35   0.375538E-35   0.754235E-35   0.151351E-34   0.303936E-34   0.608383E-34   0.127756E-25   0.349024E-19   0.409658E-15   0.133429E-13   0.289810E-14   0.589797E-18   0.191918E-22   0.387703E-28   0.700785E-27   0.125570E-30   0.172555E-26   0.332208E-30   0.430242E-26   0.678801E-26
   0.500000E+00   0.693762E-37   0.145074E-36   0.303495E-36   0.628736E-36   0.389399E-32   0.264834E-35   0.533900E-35   0.108347E-34   0.219244E-34   0.442573E-34   0.892082E-34   0.179403E-33   0.683363E-26   0.186412E-19   0.216462E-15   0.699059E-14   0.150354E-14   0.309829E-18   0.100851E-22   0.203297E-28   0.358342E-27   0.659782E-30   0.879451E-27   0.136034E-29   0.218841E-26   0.345036E-26
   0.500000E+00   0.412753E-35   0.848119E-35   0.175262E-34   0.359740E-34   0.509099E-32   0.149320E-33   0.298233E-33   0.602654E-33   0.121522E-32   0.244630E-32   0.491795E-32   0.987617E-32   0.736837E-26   0.200960E-19   0.233015E-15   0.751639E-14   0.161894E-14   0.333453E-18   0.108608E-22   0.218785E-28   0.384086E-27   0.146186E-28   0.942180E-27   0.394147E-28   0.234392E-26   0.369522E-26
   0.500000E+00   0.817747E-36   0.163540E-35   0.327095E-35   0.654149E-35   0.122604E-36   0.261675E-34   0.523349E-34   0.104670E-33   0.209341E-33   0.418655E-33   0.837362E-33   0.167464E-32   0.131406E-33   0.604437E-27   0.883584E-23   0.359310E-21   0.118127E-21   0.354538E-25   0.551446E-30   0.553438E-36   0.901753E-34   0.171473E-29   0.211364E-33   0.685914E-29   0.444000E-33   0.887773E-33
   0.500000E+00   0.817739E-36   0.163539E-35   0.327093E-35   0.654151E-35   0.127776E-36   0.261675E-34   0.523351E-34   0.104664E-33   0.209340E-33   0.418661E-33   0.837360E-33   0.419522E-34   0.810024E-31   0.221901E-24   0.261188E-20   0.854726E-19   0.186455E-19   0.382757E-23   0.125266E-27   0.259316E-33   0.454857E-32   0.429610E-31   0.112651E-31   0.171836E-30   0.282433E-31   0.436000E-31
   0.500000E+00   0.205374E-37   0.409689E-37   0.821201E-37   0.163911E-36   0.447440E-36   0.655973E-36   0.131129E-35   0.262295E-35   0.525681E-35   0.104903E-34   0.210107E-34   0.419582E-34   0.704042E-29   0.192439E-22   0.226631E-18   0.740155E-17   0.161704E-17   0.332120E-21   0.108708E-25   0.218863E-31   0.391889E-30   0.429949E-31   0.965946E-30   0.171897E-30   0.241035E-29   0.380376E-29
   0.500000E+00   0.207534E-37   0.414391E-37   0.831134E-37   0.165933E-36   0.371423E-34   0.664389E-36   0.132887E-35   0.265887E-35   0.532903E-35   0.106347E-34   0.213192E-34   0.425359E-34   0.594867E-27   0.162601E-20   0.191547E-16   0.625712E-15   0.136696E-15   0.279642E-19   0.913439E-24   0.184283E-29   0.331490E-28   0.458729E-31   0.817086E-28   0.177284E-30   0.203879E-27   0.321742E-27
   0.500000E+00   0.387913E-37   0.799013E-37   0.165081E-36   0.338401E-36   0.328062E-32   0.140627E-35   0.282758E-35   0.571215E-35   0.115338E-34   0.232097E-34   0.467174E-34   0.929622E-34   0.289959E-25   0.791828E-19   0.926672E-15   0.301123E-13   0.651749E-14   0.133226E-17   0.433586E-22   0.875105E-28   0.157085E-26   0.301057E-30   0.386454E-26   0.647025E-30   0.963024E-26   0.151909E-25
   0.500000E+00   0.152482E-36   0.324013E-36   0.688999E-36   0.144670E-35   0.518824E-32   0.620816E-35   0.125301E-34   0.255543E-34   0.519313E-34   0.105148E-33   0.212441E-33   0.421790E-33   0.800117E-26   0.218236E-19   0.253204E-15   0.817166E-14   0.175856E-14   0.362372E-18   0.117992E-22   0.237758E-28   0.418122E-27   0.203329E-29   0.102588E-26   0.379924E-29   0.255240E-26   0.402400E-26
   0.500000E+00   0.113370E-34   0.234486E-34   0.488770E-34   0.101021E-33   0.574463E-32   0.423534E-33   0.845328E-33   0.171303E-32   0.346197E-32   0.697990E-32   0.140348E-31   0.276265E-31   0.812996E-26   0.221731E-19   0.257095E-15   0.829300E-14   0.178632E-14   0.367913E-18   0.119834E-22   0.241394E-28   0.423762E-27   0.176534E-28   0.103949E-26   0.491798E-28   0.258598E-26   0.407683E-26
   0.500000E+00   0.817749E-36   0.163539E-35   0.327095E-35   0.654149E-35   0.122604E-36   0.261675E-34   0.523348E-34   0.104671E-33   0.209340E-33   0.418659E-33   0.837353E-33   0.167463E-32   0.117327E-33   0.604437E-27   0.883584E-23   0.359310E-21   0.125505E-21   0.369952E-25   0.530461E-36   0.307465E-36   0.477083E-34   0.429610E-31   0.198200E-33   0.171836E-30   0.468667E-33   0.789132E-33
   0.500000E+00   0.817737E-36   0.163539E-35   0.327096E-35   0.654153E-35   0.122510E-36   0.261673E-34   0.131401E-35   0.262201E-35   0.525418E-35   0.104843E-34   0.210167E-34   0.419582E-34   0.290970E-33   0.604437E-27   0.883584E-23   0.359310E-21   0.125501E-21   0.231226E-26   0.174142E-30   0.122986E-35   0.586732E-34   0.429517E-31   0.235250E-33   0.171811E-30   0.468667E-33   0.789132E-33
   0.500000E+00   0.205418E-37   0.409748E-37   0.821025E-37   0.163911E-36   0.540727E-38   0.657054E-36   0.131326E-35   0.262201E-35   0.525606E-35   0.104918E-34   0.210167E-34   0.419401E-34   0.224470E-31   0.618218E-25   0.730901E-21   0.239588E-19   0.524900E-20   0.107596E-23   0.352346E-28   0.720084E-34   0.128849E-32   0.429610E-31   0.322753E-32   0.171786E-30   0.781933E-32   0.127248E-31
   0.500000E+00   0.212015E-37   0.423971E-37   0.851764E-37   0.170376E-36   0.119198E-33   0.683950E-36   0.137016E-35   0.273768E-35   0.549041E-35   0.109620E-34   0.219767E-34   0.438570E-34   0.188149E-26   0.514273E-20   0.605743E-16   0.197851E-14   0.431901E-15   0.878355E-19   0.286290E-23   0.578303E-29   0.104777E-27   0.522052E-31   0.258256E-27   0.188007E-30   0.644373E-27   0.101688E-26
   0.500000E+00   0.704944E-37   0.148959E-36   0.315979E-36   0.662144E-36   0.953212E-32   0.283769E-35   0.565281E-35   0.115230E-34   0.234211E-34   0.474095E-34   0.957880E-34   0.189743E-33   0.489251E-25   0.133548E-18   0.155803E-14   0.505025E-13   0.109080E-13   0.223800E-17   0.728791E-22   0.146912E-27   0.261596E-26   0.783574E-30   0.642941E-26   0.145727E-29   0.160125E-25   0.252532E-25
   0.500000E+00   0.531617E-37   0.111986E-36   0.236927E-36   0.495377E-36   0.482732E-33   0.211782E-35   0.422285E-35   0.860349E-35   0.174801E-34   0.353664E-34   0.714490E-34   0.141622E-33   0.719562E-27   0.196264E-20   0.227629E-16   0.734425E-15   0.158152E-15   0.325783E-19   0.106102E-23   0.213854E-29   0.375730E-28   0.906960E-30   0.921582E-28   0.154367E-29   0.229297E-27   0.361557E-27
   0.500000E+00   0.336064E-34   0.705466E-34   0.149508E-33   0.313163E-33   0.640927E-32   0.133731E-32   0.261938E-32   0.529004E-32   0.105233E-31   0.205283E-31   0.391517E-31   0.718941E-31   0.847687E-26   0.231192E-19   0.268063E-15   0.864676E-14   0.186257E-14   0.383611E-18   0.124948E-22   0.251694E-28   0.441937E-27   0.189311E-28   0.108386E-26   0.534392E-28   0.269690E-26   0.425464E-26
   0.500000E+00   0.817749E-36   0.163550E-35   0.327099E-35   0.654163E-35   0.147995E-35   0.261679E-34   0.523357E-34   0.104671E-33   0.209343E-33   0.418685E-33   0.837360E-33   0.167463E-32   0.214319E-28   0.585794E-22   0.689834E-18   0.225279E-16   0.492158E-17   0.101080E-20   0.330835E-25   0.666050E-31   0.119258E-29   0.430473E-31   0.293932E-29   0.172070E-30   0.733394E-29   0.115737E-28
   0.500000E+00   0.817744E-36   0.410953E-37   0.821553E-37   0.163993E-36   0.135960E-35   0.657383E-36   0.131439E-35   0.262972E-35   0.525869E-35   0.105181E-34   0.210288E-34   0.419822E-34   0.216524E-28   0.591855E-22   0.697271E-18   0.227787E-16   0.497778E-17   0.102250E-20   0.334719E-25   0.674034E-31   0.120703E-29   0.430627E-31   0.297531E-29   0.171984E-30   0.742442E-29   0.117166E-28
   0.500000E+00   0.217760E-37   0.437695E-37   0.880622E-37   0.176794E-36   0.155618E-33   0.714560E-36   0.142780E-35   0.286219E-35   0.573077E-35   0.114623E-34   0.228975E-34   0.455452E-34   0.251423E-26   0.687289E-20   0.810049E-16   0.264718E-14   0.578647E-15   0.118879E-18   0.389214E-23   0.783968E-29   0.140407E-27   0.548121E-31   0.346139E-27   0.191619E-30   0.863769E-27   0.136316E-26
   0.500000E+00   0.420659E-34   0.921661E-34   0.204417E-33   0.444055E-33   0.554767E-29   0.199908E-32   0.397757E-32   0.818776E-32   0.166404E-31   0.333484E-31   0.658748E-31   0.125646E-30   0.828722E-22   0.226497E-15   0.266610E-11   0.870362E-10   0.189796E-10   0.385754E-14   0.125710E-18   0.253685E-24   0.460199E-23   0.424274E-27   0.113409E-22   0.699512E-27   0.282927E-22   0.446464E-22
   0.500000E+00   0.264802E-34   0.603449E-34   0.138321E-33   0.308657E-33   0.265254E-29   0.144532E-32   0.291462E-32   0.606781E-32   0.124426E-31   0.251103E-31   0.498678E-31   0.954639E-31   0.557949E-23   0.152246E-16   0.177159E-12   0.573070E-11   0.123746E-11   0.254315E-15   0.828715E-20   0.166884E-25   0.295140E-24   0.218427E-27   0.724788E-24   0.393008E-27   0.180425E-23   0.284499E-23
   0.500000E+00   0.237554E-34   0.555562E-34   0.130170E-33   0.295746E-33   0.427043E-31   0.142214E-32   0.289394E-32   0.607124E-32   0.125256E-31   0.253982E-31   0.506232E-31   0.971453E-31   0.765075E-25   0.208668E-18   0.241983E-14   0.780620E-13   0.169103E-13   0.347024E-17   0.113214E-21   0.227712E-27   0.399005E-26   0.880720E-28   0.978840E-26   0.204801E-27   0.243526E-25   0.383912E-25
   0.500000E+00   0.686153E-30   0.131350E-29   0.244399E-29   0.435926E-29   0.172183E-28   0.127484E-28   0.210537E-28   0.346655E-28   0.565449E-28   0.915920E-28   0.147601E-27   0.236691E-27   0.191870E-22   0.523303E-16   0.606762E-12   0.195712E-10   0.424814E-11   0.870581E-15   0.284169E-19   0.571303E-25   0.100005E-23   0.250383E-25   0.245325E-23   0.624726E-25   0.610341E-23   0.962169E-23
   0.500000E+00   0.000000E+00   0.000000E+00   0.000000E+00   0.000000E+00   0.000000E+00   0.000000E+00   0.000000E+00   0.000000E+00   0.000000E+00   0.000000E+00   0.000000E+00   0.000000E+00   0.000000E+00   0.000000E+00   0.000000E+00   0.000000E+00   0.000000E+00   0.000000E+00   0.000000E+00   0.000000E+00   0.000000E+00   0.000000E+00   0.000000E+00   0.000000E+00   0.000000E+00   0.000000E+00
   0.500000E+00   0.230919E-26   0.461837E-26   0.923674E-26   0.184734E-25   0.369483E-25   0.738932E-25   0.147786E-24   0.295571E-24   0.591142E-24   0.118228E-23   0.236456E-23   0.472911E-23   0.745958E-20   0.384068E-13   0.561368E-09   0.228364E-07   0.609451E-08   0.103376E-11   0.349894E-16   0.702886E-22   0.248338E-20   0.484246E-20   0.973197E-20   0.193703E-19   0.387685E-19   0.775131E-19
   0.666667E+00   0.218750E-25   0.437500E-25   0.875000E-25   0.175000E-24   0.350000E-24   0.700000E-24   0.140000E-23   0.280000E-23   0.560001E-23   0.112000E-22   0.224000E-22   0.448000E-22   0.665823E-19   0.344553E-12   0.507746E-08   0.207647E-06   0.665422E-07   0.147663E-10   0.662805E-14   0.703665E-19   0.239486E-19   0.458738E-19   0.923273E-19   0.183500E-18   0.367304E-18   0.734343E-18
   0.666667E+00   0.543666E-40   0.133789E-39   0.327075E-35   0.464583E-39   0.130831E-34   0.145761E-38   0.371677E-38   0.104665E-33   0.126109E-37   0.418657E-33   0.534606E-37   0.167464E-32   0.123969E-33   0.572785E-27   0.844077E-23   0.344979E-21   0.147240E-21   0.806588E-26   0.123655E-28   0.378358E-32   0.131987E-33   0.171473E-29   0.252447E-33   0.685920E-29   0.468753E-33   0.789227E-33
   0.666667E+00   0.259637E-38   0.595124E-39   0.327077E-35   0.203956E-38   0.130832E-34   0.572701E-37   0.110503E-37   0.104664E-33   0.212565E-37   0.418656E-33   0.760060E-37   0.167464E-32   0.383861E-32   0.110433E-25   0.125936E-21   0.441573E-20   0.121226E-20   0.284610E-24   0.128954E-27   0.136903E-32   0.273555E-33   0.429609E-31   0.706995E-33   0.171848E-30   0.185034E-32   0.217040E-32
   0.666667E+00   0.113141E-39   0.113124E-39   0.327079E-35   0.487715E-39   0.130831E-34   0.366754E-38   0.343163E-38   0.104665E-33   0.137273E-37   0.418661E-33   0.519076E-37   0.167463E-32   0.261220E-33   0.572785E-27   0.844077E-23   0.344979E-21   0.168283E-21   0.345681E-26   0.110406E-28   0.131277E-33   0.137941E-33   0.171475E-29   0.267170E-33   0.685920E-29   0.468753E-33   0.789227E-33
   0.666667E+00   0.918208E-38   0.184693E-38   0.327078E-35   0.598884E-38   0.130831E-34   0.210884E-36   0.311718E-37   0.104664E-33   0.874482E-37   0.418657E-33   0.253504E-36   0.167463E-32   0.147169E-31   0.408281E-25   0.472345E-21   0.155654E-19   0.408283E-20   0.111770E-23   0.472539E-27   0.499789E-32   0.908299E-33   0.429547E-31   0.225415E-32   0.171860E-30   0.520570E-32   0.971736E-32
   0.666667E+00   0.829132E-36   0.156466E-36   0.327078E-35   0.511968E-36   0.130831E-34   0.194529E-34   0.255336E-35   0.262295E-35   0.697887E-35   0.104880E-34   0.185025E-34   0.419732E-34   0.136675E-29   0.374961E-23   0.444501E-19   0.145734E-17   0.380531E-18   0.102198E-21   0.443294E-25   0.469267E-30   0.818880E-31   0.429640E-31   0.197560E-30   0.171811E-30   0.492561E-30   0.777586E-30
   0.666667E+00   0.804211E-34   0.149482E-34   0.820436E-37   0.478931E-34   0.328174E-36   0.179755E-32   0.234581E-33   0.262577E-35   0.636399E-33   0.105001E-34   0.167848E-32   0.420123E-34   0.124051E-27   0.340239E-21   0.402958E-17   0.132016E-15   0.344473E-16   0.924957E-20   0.401027E-23   0.424324E-28   0.740070E-29   0.435094E-31   0.178480E-28   0.172661E-30   0.444592E-28   0.701414E-28
   0.666667E+00   0.423178E-39   0.148197E-39   0.327078E-35   0.557478E-39   0.130830E-34   0.846356E-38   0.408376E-38   0.104664E-33   0.152074E-37   0.418661E-33   0.533139E-37   0.167465E-32   0.562287E-33   0.219949E-26   0.199202E-22   0.772752E-21   0.168337E-21   0.322635E-25   0.216396E-28   0.234423E-33   0.157883E-33   0.171474E-29   0.315175E-33   0.685921E-29   0.468753E-33   0.789227E-33
   0.666667E+00   0.322394E-37   0.619901E-38   0.327078E-35   0.203056E-37   0.130832E-34   0.755749E-36   0.102354E-36   0.104664E-33   0.283778E-36   0.418660E-33   0.769494E-36   0.167464E-32   0.530896E-31   0.145946E-24   0.173373E-20   0.569215E-19   0.148695E-19   0.398224E-23   0.172940E-26   0.183365E-31   0.318718E-32   0.429485E-31   0.779311E-32   0.171823E-30   0.196630E-31   0.306812E-31
   0.666667E+00   0.281713E-35   0.534791E-36   0.819848E-37   0.176623E-35   0.327822E-36   0.675606E-34   0.887912E-35   0.262220E-35   0.243231E-34   0.104903E-34   0.645578E-34   0.419552E-34   0.478556E-29   0.131282E-22   0.155686E-18   0.510586E-17   0.133345E-17   0.358212E-21   0.155406E-24   0.164547E-29   0.287101E-30   0.429701E-31   0.692705E-30   0.171897E-30   0.172622E-29   0.272357E-29
   0.666667E+00   0.239300E-33   0.457348E-34   0.821964E-37   0.152577E-33   0.328856E-36   0.587514E-32   0.773508E-33   0.263160E-35   0.212539E-32   0.105287E-34   0.565085E-32   0.420906E-34   0.419770E-27   0.115159E-20   0.136621E-16   0.448204E-15   0.117085E-15   0.314475E-19   0.136364E-22   0.144486E-27   0.252239E-28   0.448128E-31   0.608619E-28   0.174634E-30   0.151654E-27   0.239284E-27
   0.666667E+00   0.188719E-31   0.379895E-32   0.102474E-36   0.127730E-31   0.415937E-36   0.433421E-30   0.649404E-31   0.336342E-35   0.178372E-30   0.135191E-34   0.473896E-30   0.542510E-34   0.276916E-25   0.759348E-19   0.898358E-15   0.294066E-13   0.764588E-14   0.203950E-17   0.880392E-21   0.933261E-26   0.164368E-26   0.201773E-30   0.396397E-26   0.412203E-30   0.987175E-26   0.155731E-25
   0.666667E+00   0.343544E-31   0.958690E-32   0.288208E-36   0.259140E-31   0.118577E-35   0.399618E-30   0.108619E-30   0.963754E-35   0.277532E-30   0.388947E-34   0.704539E-30   0.156473E-33   0.183633E-25   0.502816E-19   0.588486E-15   0.190994E-13   0.492817E-14   0.132738E-17   0.572599E-21   0.606264E-26   0.104235E-26   0.153925E-29   0.250496E-26   0.242860E-29   0.622607E-26   0.981518E-26
   0.666667E+00   0.118284E-38   0.218430E-39   0.327078E-35   0.732616E-39   0.130831E-34   0.280238E-37   0.501465E-38   0.104665E-33   0.178024E-37   0.418657E-33   0.621895E-37   0.167463E-32   0.189938E-32   0.570494E-26   0.661756E-22   0.231826E-20   0.576571E-21   0.137120E-24   0.684519E-28   0.726710E-33   0.214312E-33   0.171476E-29   0.495469E-33   0.685922E-29   0.108553E-32   0.202240E-32
   0.666667E+00   0.982375E-37   0.187559E-37   0.327076E-35   0.620227E-37   0.130830E-34   0.235273E-35   0.312711E-36   0.104665E-33   0.861895E-36   0.418660E-33   0.229805E-35   0.167463E-32   0.166561E-30   0.457403E-24   0.542437E-20   0.178064E-18   0.465091E-19   0.124906E-22   0.541830E-26   0.573538E-31   0.100291E-31   0.429609E-31   0.242927E-31   0.171836E-30   0.606419E-31   0.960884E-31
   0.666667E+00   0.934019E-35   0.178451E-35   0.819731E-37   0.594953E-35   0.327798E-36   0.228968E-33   0.301465E-34   0.262295E-35   0.828214E-34   0.104933E-34   0.220184E-33   0.419461E-34   0.163509E-28   0.448569E-22   0.532161E-18   0.174580E-16   0.456056E-17   0.122529E-20   0.531688E-24   0.563084E-29   0.982474E-30   0.430163E-31   0.237059E-29   0.171947E-30   0.590718E-29   0.932097E-29
   0.666667E+00   0.777673E-33   0.149607E-33   0.826607E-37   0.503850E-33   0.330925E-36   0.195164E-31   0.257498E-32   0.264834E-35   0.709648E-32   0.105919E-34   0.189031E-31   0.423644E-34   0.140031E-26   0.384169E-20   0.455886E-16   0.149591E-14   0.390747E-15   0.104561E-18   0.452058E-22   0.479668E-27   0.842323E-28   0.491422E-31   0.203262E-27   0.181018E-30   0.506504E-27   0.799190E-27
   0.666667E+00   0.531007E-31   0.116296E-31   0.137362E-36   0.380365E-31   0.567811E-36   0.109333E-29   0.186850E-30   0.464894E-35   0.505597E-30   0.188071E-34   0.132998E-29   0.757432E-34   0.638186E-25   0.174935E-18   0.206411E-14   0.674239E-13   0.174809E-13   0.467928E-17   0.201952E-20   0.213973E-25   0.374567E-26   0.555536E-30   0.902665E-26   0.929892E-30   0.224684E-25   0.354389E-25
   0.666667E+00   0.419772E-31   0.124120E-31   0.586948E-36   0.330179E-31   0.253218E-35   0.466033E-30   0.136619E-30   0.213594E-34   0.347481E-30   0.875267E-34   0.879645E-30   0.355511E-33   0.214877E-25   0.588328E-19   0.688097E-15   0.223201E-13   0.576531E-14   0.155204E-17   0.669668E-21   0.708965E-26   0.121650E-26   0.495804E-29   0.292236E-26   0.741488E-29   0.726270E-26   0.114489E-25
   0.666667E+00   0.436976E-31   0.133991E-31   0.401035E-34   0.347109E-31   0.168109E-33   0.459017E-30   0.141307E-30   0.137965E-32   0.358233E-30   0.560079E-32   0.907581E-30   0.226129E-31   0.213839E-25   0.585440E-19   0.684197E-15   0.221800E-13   0.573731E-14   0.154303E-17   0.665967E-21   0.704995E-26   0.120711E-26   0.324718E-28   0.289862E-26   0.845751E-28   0.720280E-26   0.113539E-25
   0.666667E+00   0.455504E-40   0.100574E-39   0.327075E-35   0.449271E-39   0.130831E-34   0.159867E-38   0.350017E-38   0.104665E-33   0.132492E-37   0.418658E-33   0.530043E-37   0.167464E-32   0.123969E-33   0.572785E-27   0.742787E-23   0.344979E-21   0.143071E-21   0.103704E-25   0.110406E-28   0.126588E-33   0.587264E-34   0.429640E-31   0.186300E-33   0.171860E-30   0.444082E-33   0.789227E-33
   0.666667E+00   0.321611E-36   0.615348E-37   0.327078E-35   0.205114E-36   0.130831E-34   0.787243E-35   0.103991E-35   0.104665E-33   0.286001E-35   0.418659E-33   0.761947E-35   0.419552E-34   0.561858E-30   0.154171E-23   0.182935E-19   0.600208E-18   0.156815E-18   0.421235E-22   0.182789E-25   0.193581E-30   0.337930E-31   0.429732E-31   0.816028E-31   0.171725E-30   0.203562E-30   0.321413E-30
   0.666667E+00   0.272388E-34   0.523868E-35   0.819613E-37   0.176313E-34   0.327845E-36   0.682557E-33   0.900572E-34   0.262333E-35   0.248145E-33   0.104858E-34   0.660921E-33   0.419552E-34   0.491395E-28   0.134815E-21   0.160002E-17   0.525068E-16   0.137200E-16   0.368671E-20   0.160008E-23   0.169493E-28   0.295754E-29   0.431612E-31   0.713699E-29   0.172156E-30   0.177852E-28   0.280629E-28
   0.666667E+00   0.223239E-32   0.432365E-33   0.838891E-37   0.146995E-32   0.336262E-36   0.570077E-31   0.757303E-32   0.269329E-35   0.209331E-31   0.107852E-34   0.558649E-31   0.431167E-34   0.404311E-26   0.110919E-19   0.131622E-15   0.431882E-14   0.112754E-14   0.300485E-18   0.129752E-21   0.137666E-26   0.243148E-27   0.613260E-31   0.586772E-27   0.198657E-30   0.146214E-26   0.230704E-26
   0.666667E+00   0.124325E-30   0.292392E-31   0.245378E-36   0.902479E-31   0.104713E-35   0.212383E-29   0.420145E-30   0.876279E-35   0.111375E-29   0.358035E-34   0.289182E-29   0.143722E-33   0.114687E-24   0.314247E-18   0.369660E-14   0.120456E-12   0.311810E-13   0.836976E-17   0.361221E-20   0.382540E-25   0.664703E-26   0.168038E-29   0.160015E-25   0.255448E-29   0.398077E-25   0.627752E-25
   0.666667E+00   0.482841E-31   0.146242E-31   0.163204E-35   0.382429E-31   0.720778E-35   0.517610E-30   0.156391E-30   0.617379E-34   0.396267E-30   0.254879E-33   0.100097E-29   0.102551E-32   0.239768E-25   0.656447E-19   0.767417E-15   0.248839E-13   0.643233E-14   0.173080E-17   0.746912E-21   0.790704E-26   0.135504E-26   0.149424E-28   0.325439E-26   0.237997E-28   0.808724E-26   0.127483E-25
   0.666667E+00   0.481761E-31   0.148065E-31   0.126206E-33   0.384161E-31   0.538398E-33   0.506178E-30   0.157077E-30   0.446986E-32   0.400327E-30   0.182351E-31   0.102260E-29   0.720151E-31   0.235677E-25   0.645227E-19   0.754063E-15   0.244447E-13   0.632334E-14   0.170060E-17   0.733976E-21   0.776990E-26   0.133035E-26   0.364310E-28   0.319452E-26   0.966133E-28   0.793806E-26   0.125129E-25
   0.666667E+00   0.499585E-40   0.103204E-39   0.327077E-35   0.436287E-39   0.130831E-34   0.145761E-38   0.320821E-38   0.104665E-33   0.139621E-37   0.418655E-33   0.558559E-37   0.167464E-32   0.110686E-33   0.572785E-27   0.844077E-23   0.344979E-21   0.162346E-21   0.133871E-22   0.167817E-28   0.196915E-33   0.551801E-34   0.429609E-31   0.186058E-33   0.171737E-30   0.468753E-33   0.789227E-33
   0.666667E+00   0.861050E-39   0.182502E-39   0.327076E-35   0.741725E-39   0.130832E-34   0.206417E-37   0.442008E-38   0.262182E-35   0.165519E-37   0.104880E-34   0.601891E-37   0.419672E-34   0.162488E-32   0.398658E-26   0.536833E-22   0.171109E-20   0.429241E-21   0.100247E-24   0.507869E-28   0.539172E-33   0.129051E-33   0.429763E-31   0.408815E-33   0.171848E-30   0.108553E-32   0.789268E-33
   0.666667E+00   0.838230E-37   0.163335E-37   0.819437E-37   0.555539E-37   0.327798E-36   0.214725E-35   0.287479E-36   0.262276E-35   0.797833E-36   0.104865E-34   0.215614E-35   0.419491E-34   0.155873E-30   0.428077E-24   0.508539E-20   0.166983E-18   0.436645E-19   0.117278E-22   0.509061E-26   0.539453E-31   0.943222E-32   0.429547E-31   0.228316E-31   0.171799E-30   0.571632E-31   0.904652E-31
   0.666667E+00   0.692419E-32   0.135983E-32   0.899782E-37   0.466696E-32   0.363909E-36   0.175441E-30   0.242374E-31   0.293253E-35   0.671940E-31   0.117783E-34   0.179654E-30   0.471341E-34   0.120657E-25   0.330975E-19   0.392492E-15   0.128718E-13   0.335606E-14   0.893416E-18   0.385751E-21   0.409085E-26   0.723472E-27   0.102845E-30   0.174574E-26   0.258179E-30   0.434950E-26   0.686257E-26
   0.666667E+00   0.206861E-30   0.519652E-31   0.689074E-36   0.150736E-30   0.309037E-35   0.288577E-29   0.666279E-30   0.265703E-34   0.173347E-29   0.110293E-33   0.444896E-29   0.442807E-33   0.153406E-24   0.420217E-18   0.493059E-14   0.160341E-12   0.415356E-13   0.111563E-16   0.481632E-20   0.509865E-25   0.880118E-26   0.477457E-29   0.211639E-25   0.696635E-29   0.526275E-25   0.829778E-25
   0.666667E+00   0.425455E-32   0.129744E-32   0.621707E-36   0.337028E-32   0.280670E-35   0.449896E-31   0.137247E-31   0.242616E-34   0.347396E-31   0.100931E-33   0.877325E-31   0.405673E-33   0.209990E-26   0.574924E-20   0.671990E-16   0.217865E-14   0.563493E-15   0.151564E-18   0.654132E-22   0.692466E-27   0.118634E-27   0.452717E-29   0.284864E-27   0.102618E-28   0.707902E-27   0.111597E-26
   0.666667E+00   0.502132E-31   0.155712E-31   0.534210E-33   0.407358E-31   0.235032E-32   0.528888E-30   0.169864E-30   0.185207E-31   0.440298E-30   0.661223E-31   0.113963E-29   0.211464E-30   0.245528E-25   0.672196E-19   0.785579E-15   0.254663E-13   0.658776E-14   0.177169E-17   0.764661E-21   0.809471E-26   0.138604E-26   0.381128E-28   0.332805E-26   0.101638E-27   0.827041E-26   0.130397E-25
   0.666667E+00   0.620859E-34   0.119358E-34   0.327089E-35   0.401169E-34   0.130835E-34   0.155104E-32   0.204671E-33   0.104669E-33   0.563710E-33   0.418677E-33   0.150098E-32   0.167470E-32   0.111536E-27   0.305998E-21   0.363145E-17   0.119166E-15   0.311368E-16   0.836650E-20   0.363110E-23   0.384624E-28   0.671134E-29   0.434631E-31   0.161951E-28   0.172575E-30   0.403572E-28   0.636781E-28
   0.666667E+00   0.671302E-34   0.129958E-34   0.821611E-37   0.441231E-34   0.328833E-36   0.171687E-32   0.227057E-33   0.262991E-35   0.627360E-33   0.105181E-34   0.167383E-32   0.420575E-34   0.124538E-27   0.341691E-21   0.405678E-17   0.133168E-15   0.348055E-16   0.935375E-20   0.406043E-23   0.430199E-28   0.750728E-29   0.435340E-31   0.181181E-28   0.172649E-30   0.451526E-28   0.712468E-28
   0.666667E+00   0.686760E-32   0.133877E-32   0.102221E-36   0.459154E-32   0.423389E-36   0.179811E-30   0.238323E-31   0.343620E-35   0.660585E-31   0.136034E-34   0.176600E-30   0.528968E-34   0.131555E-25   0.360963E-19   0.428739E-15   0.140785E-13   0.368059E-14   0.988699E-18   0.428823E-21   0.454717E-26   0.794418E-27   0.102475E-30   0.191748E-26   0.257008E-30   0.477895E-26   0.754093E-26
   0.666667E+00   0.226690E-27   0.466178E-28   0.703748E-33   0.160837E-27   0.334379E-32   0.549595E-26   0.833927E-27   0.286785E-31   0.230553E-26   0.109932E-30   0.614916E-26   0.386171E-30   0.364981E-21   0.100101E-14   0.118551E-10   0.388384E-09   0.101162E-09   0.269905E-13   0.116586E-16   0.123522E-21   0.217636E-22   0.212265E-26   0.524953E-22   0.302444E-26   0.130760E-21   0.206292E-21
   0.666667E+00   0.231582E-28   0.674694E-29   0.708925E-33   0.185234E-28   0.355566E-32   0.278883E-27   0.782885E-28   0.319755E-31   0.200457E-27   0.124747E-30   0.509447E-27   0.442882E-30   0.148633E-22   0.407055E-16   0.476746E-12   0.154810E-10   0.401744E-11   0.107823E-14   0.465672E-18   0.492865E-23   0.846637E-24   0.157503E-26   0.203410E-23   0.235126E-26   0.505662E-23   0.797178E-23
   0.666667E+00   0.309806E-30   0.919721E-31   0.845371E-33   0.239102E-30   0.442508E-32   0.326435E-29   0.981722E-30   0.413125E-31   0.251049E-29   0.162294E-30   0.642117E-29   0.566552E-30   0.179142E-24   0.490492E-18   0.573278E-14   0.185847E-12   0.483787E-13   0.129539E-16   0.559772E-20   0.592416E-25   0.101210E-25   0.195613E-27   0.242941E-25   0.478716E-27   0.603734E-25   0.951655E-25
   0.666667E+00   0.695692E-28   0.230071E-28   0.597586E-29   0.605675E-28   0.159672E-28   0.737209E-27   0.248654E-27   0.661123E-28   0.630581E-27   0.168216E-27   0.159312E-26   0.425845E-27   0.420374E-22   0.115102E-15   0.134520E-11   0.436063E-10   0.113785E-10   0.304149E-14   0.131490E-17   0.139146E-22   0.237481E-23   0.434385E-25   0.569950E-23   0.108393E-24   0.141640E-22   0.223263E-22
   0.666667E+00   0.000000E+00   0.000000E+00   0.000000E+00   0.000000E+00   0.000000E+00   0.000000E+00   0.000000E+00   0.000000E+00   0.000000E+00   0.000000E+00   0.000000E+00   0.000000E+00   0.000000E+00   0.000000E+00   0.000000E+00   0.000000E+00   0.000000E+00   0.000000E+00   0.000000E+00   0.000000E+00   0.000000E+00   0.000000E+00   0.000000E+00   0.000000E+00   0.000000E+00   0.000000E+00
   0.666667E+00   0.233731E-26   0.462500E-26   0.923703E-26   0.184942E-25   0.369474E-25   0.744661E-25   0.147887E-24   0.295574E-24   0.591414E-24   0.118229E-23   0.236528E-23   0.472913E-23   0.706561E-20   0.364730E-13   0.537182E-09   0.219587E-07   0.703447E-08   0.156147E-11   0.700841E-15   0.744044E-20   0.253022E-20   0.484245E-20   0.975139E-20   0.193703E-19   0.387858E-19   0.775382E-19
   0.833333E+00   0.218750E-25   0.437500E-25   0.875000E-25   0.175000E-24   0.350000E-24   0.700000E-24   0.140000E-23   0.280000E-23   0.560000E-23   0.112000E-22   0.224000E-22   0.448000E-22   0.628879E-19   0.326846E-12   0.485489E-08   0.199561E-06   0.748330E-07   0.323287E-10   0.125827E-14   0.281598E-19   0.228278E-19   0.458751E-19   0.924747E-19   0.183500E-18   0.367371E-18   0.734431E-18
   0.833333E+00   0.602537E-40   0.163540E-35   0.327075E-35   0.654160E-35   0.130831E-34   0.174004E-38   0.523327E-34   0.104665E-33   0.209328E-33   0.418657E-33   0.837321E-33   0.167464E-32   0.259271E-33   0.543348E-27   0.807078E-23   0.331500E-21   0.177812E-21   0.250511E-26   0.556564E-30   0.753514E-34   0.214719E-31   0.171478E-29   0.271012E-33   0.685921E-29   0.468839E-33   0.789322E-33
   0.833333E+00   0.944804E-39   0.163549E-35   0.327098E-35   0.654194E-35   0.130832E-34   0.160808E-37   0.523355E-34   0.104670E-33   0.209338E-33   0.418679E-33   0.837357E-33   0.167464E-32   0.152803E-31   0.424029E-25   0.494254E-21   0.163629E-19   0.511870E-20   0.266761E-23   0.100054E-27   0.234827E-32   0.214440E-31   0.429589E-31   0.237434E-32   0.171823E-30   0.574945E-32   0.952120E-32
   0.833333E+00   0.734687E-40   0.163549E-35   0.327095E-35   0.654187E-35   0.130831E-34   0.202186E-38   0.523349E-34   0.104670E-33   0.209339E-33   0.418675E-33   0.837357E-33   0.167463E-32   0.685814E-33   0.195605E-26   0.180785E-22   0.782340E-21   0.360457E-21   0.825825E-25   0.367278E-29   0.146723E-33   0.214727E-31   0.171479E-29   0.341115E-33   0.685915E-29   0.468839E-33   0.789322E-33
   0.833333E+00   0.323114E-38   0.163549E-35   0.327095E-35   0.654182E-35   0.130831E-34   0.554363E-37   0.523348E-34   0.104670E-33   0.209340E-33   0.418676E-33   0.837357E-33   0.167463E-32   0.580768E-31   0.160136E-24   0.190761E-20   0.628524E-19   0.191706E-19   0.100071E-22   0.375394E-27   0.889212E-32   0.214501E-31   0.429497E-31   0.880522E-32   0.171836E-30   0.224302E-31   0.345328E-31
   0.833333E+00   0.287902E-36   0.163549E-35   0.327097E-35   0.654189E-35   0.130831E-34   0.500972E-35   0.131336E-35   0.262822E-35   0.525568E-35   0.105069E-34   0.210137E-34   0.419732E-34   0.544405E-29   0.149699E-22   0.178421E-18   0.586733E-17   0.178775E-17   0.934179E-21   0.350402E-25   0.794589E-30   0.217967E-31   0.429682E-31   0.823330E-30   0.171910E-30   0.204804E-29   0.323089E-29
   0.833333E+00   0.279385E-34   0.411335E-37   0.822787E-37   0.164511E-36   0.328409E-36   0.462988E-33   0.131646E-35   0.263160E-35   0.526509E-35   0.105272E-34   0.210574E-34   0.420364E-34   0.494323E-27   0.135909E-20   0.161840E-16   0.531817E-15   0.161941E-15   0.845893E-19   0.317141E-23   0.718842E-28   0.539939E-31   0.448695E-31   0.744460E-28   0.174880E-30   0.185142E-27   0.292011E-27
   0.833333E+00   0.183671E-39   0.163549E-35   0.327096E-35   0.654185E-35   0.130830E-34   0.263312E-38   0.523346E-34   0.104670E-33   0.209340E-33   0.418676E-33   0.837356E-33   0.167464E-32   0.228744E-32   0.634631E-26   0.790936E-22   0.259896E-20   0.861506E-21   0.372856E-24   0.145795E-28   0.406344E-33   0.214682E-31   0.171478E-29   0.611419E-33   0.685920E-29   0.108573E-32   0.187464E-32
   0.833333E+00   0.112216E-37   0.163548E-35   0.327094E-35   0.654188E-35   0.130830E-34   0.195602E-36   0.523348E-34   0.104670E-33   0.209339E-33   0.418678E-33   0.837360E-33   0.167465E-32   0.210696E-30   0.579731E-24   0.691214E-20   0.227224E-18   0.692697E-19   0.361965E-22   0.135788E-26   0.308328E-31   0.214592E-31   0.429466E-31   0.320198E-31   0.171823E-30   0.799741E-31   0.126292E-30
   0.833333E+00   0.976974E-36   0.410659E-37   0.821259E-37   0.164181E-36   0.327775E-36   0.173766E-34   0.131373E-35   0.262765E-35   0.525643E-35   0.105084E-34   0.210137E-34   0.419612E-34   0.190428E-28   0.523655E-22   0.624370E-18   0.205383E-16   0.625956E-17   0.327141E-20   0.122724E-24   0.278352E-29   0.227061E-31   0.430452E-31   0.288468E-29   0.171885E-30   0.717598E-29   0.113193E-28
   0.833333E+00   0.829684E-34   0.412599E-37   0.825256E-37   0.165028E-36   0.329538E-36   0.151081E-32   0.132126E-35   0.264157E-35   0.528615E-35   0.105708E-34   0.211371E-34   0.421839E-34   0.166729E-26   0.458498E-20   0.546879E-16   0.179945E-14   0.548475E-15   0.286009E-18   0.107111E-22   0.243279E-27   0.132191E-30   0.494516E-31   0.252962E-27   0.182091E-30   0.629290E-27   0.992637E-27
   0.833333E+00   0.669563E-32   0.563620E-37   0.114311E-36   0.231255E-36   0.466083E-36   0.118617E-30   0.188625E-35   0.379017E-35   0.760893E-35   0.152668E-34   0.306103E-34   0.612476E-34   0.908078E-25   0.249560E-18   0.296626E-14   0.973316E-13   0.294972E-13   0.153550E-16   0.574636E-21   0.130290E-25   0.932810E-29   0.586918E-30   0.135589E-25   0.103237E-29   0.337066E-25   0.531567E-25
   0.833333E+00   0.133860E-31   0.229280E-36   0.469093E-36   0.955243E-36   0.193740E-35   0.143275E-30   0.783754E-35   0.157877E-34   0.317575E-34   0.638070E-34   0.128070E-33   0.256808E-33   0.442060E-25   0.121364E-18   0.143034E-14   0.466186E-13   0.140705E-13   0.736536E-17   0.275331E-21   0.624415E-26   0.332100E-28   0.618738E-29   0.635646E-26   0.987475E-29   0.157778E-25   0.248689E-25
   0.833333E+00   0.443749E-39   0.163549E-35   0.327095E-35   0.654195E-35   0.130831E-34   0.851059E-38   0.523348E-34   0.104670E-33   0.209339E-33   0.418679E-33   0.837359E-33   0.167463E-32   0.710069E-32   0.195171E-25   0.236635E-21   0.791623E-20   0.243471E-20   0.126118E-23   0.474107E-28   0.116929E-32   0.214423E-31   0.429497E-31   0.131734E-32   0.685922E-29   0.325720E-32   0.473593E-32
   0.833333E+00   0.332518E-37   0.163548E-35   0.327094E-35   0.654194E-35   0.130831E-34   0.591180E-36   0.523345E-34   0.104670E-33   0.209341E-33   0.418675E-33   0.837356E-33   0.167464E-32   0.645590E-30   0.177564E-23   0.211738E-19   0.696601E-18   0.212339E-18   0.110950E-21   0.416188E-26   0.944334E-31   0.214806E-31   0.429528E-31   0.979467E-31   0.171860E-30   0.243747E-30   0.384943E-30
   0.833333E+00   0.323592E-35   0.410718E-37   0.821318E-37   0.164275E-36   0.327892E-36   0.588355E-34   0.131420E-35   0.262765E-35   0.525455E-35   0.105091E-34   0.210167E-34   0.419642E-34   0.650049E-28   0.178764E-21   0.213231E-17   0.701633E-16   0.213898E-16   0.111805E-19   0.419484E-24   0.951660E-29   0.257534E-31   0.432055E-31   0.986452E-29   0.172193E-30   0.245402E-28   0.387102E-28
   0.833333E+00   0.269206E-33   0.415949E-37   0.832720E-37   0.166509E-36   0.332571E-36   0.501134E-32   0.133075E-35   0.266226E-35   0.532565E-35   0.106536E-34   0.213477E-34   0.426232E-34   0.549365E-26   0.151073E-19   0.180225E-15   0.593089E-14   0.180730E-14   0.939024E-18   0.351418E-22   0.797982E-27   0.392440E-30   0.645416E-31   0.834103E-27   0.205695E-30   0.207503E-26   0.327318E-26
   0.833333E+00   0.186926E-31   0.817733E-37   0.168231E-36   0.344561E-36   0.701417E-36   0.295057E-30   0.286172E-35   0.577760E-35   0.116432E-34   0.234279E-34   0.471342E-34   0.945481E-34   0.180476E-24   0.495832E-18   0.587869E-14   0.192513E-12   0.582351E-13   0.303956E-16   0.113692E-20   0.257797E-25   0.302142E-28   0.179831E-29   0.266471E-25   0.292320E-29   0.662125E-25   0.104403E-24
   0.833333E+00   0.162752E-31   0.487604E-36   0.103177E-35   0.215877E-35   0.447424E-35   0.170221E-30   0.185957E-34   0.378671E-34   0.768250E-34   0.155412E-33   0.313672E-33   0.631792E-33   0.497439E-25   0.136568E-18   0.160887E-14   0.524207E-13   0.158382E-13   0.828484E-17   0.309742E-21   0.702416E-26   0.401201E-28   0.195651E-28   0.714052E-26   0.319460E-28   0.177230E-25   0.279340E-25
   0.833333E+00   0.167678E-31   0.366405E-34   0.757444E-34   0.155520E-33   0.317593E-33   0.169849E-30   0.129000E-32   0.260709E-32   0.525761E-32   0.105847E-31   0.212804E-31   0.427373E-31   0.480673E-25   0.131963E-18   0.155399E-14   0.506155E-13   0.153091E-13   0.800173E-17   0.299202E-21   0.678472E-26   0.400347E-28   0.588516E-28   0.688775E-26   0.151772E-27   0.170945E-25   0.269428E-25
   0.833333E+00   0.573054E-40   0.163548E-35   0.327095E-35   0.654189E-35   0.130832E-34   0.145761E-38   0.523346E-34   0.104670E-33   0.209339E-33   0.418676E-33   0.837369E-33   0.167463E-32   0.117090E-33   0.543348E-27   0.710228E-23   0.331500E-21   0.163846E-21   0.400346E-25   0.222677E-30   0.106037E-33   0.214346E-31   0.429497E-31   0.180257E-33   0.171774E-30   0.444163E-33   0.789322E-33
   0.833333E+00   0.108300E-36   0.163548E-35   0.327095E-35   0.654192E-35   0.130830E-34   0.196693E-35   0.523355E-34   0.104670E-33   0.209341E-33   0.418680E-33   0.210137E-34   0.419612E-34   0.216963E-29   0.596681E-23   0.711736E-19   0.234204E-17   0.713972E-18   0.373179E-21   0.140012E-25   0.317668E-30   0.215818E-31   0.429651E-31   0.329370E-30   0.171811E-30   0.819777E-30   0.129296E-29
   0.833333E+00   0.920482E-35   0.410894E-37   0.821612E-37   0.164334E-36   0.328010E-36   0.171087E-33   0.131496E-35   0.262916E-35   0.525756E-35   0.105136E-34   0.210348E-34   0.419762E-34   0.190548E-27   0.524035E-21   0.625323E-17   0.205827E-15   0.627650E-16   0.328120E-19   0.123125E-23   0.279394E-28   0.341133E-31   0.437016E-31   0.289677E-28   0.172970E-30   0.720688E-28   0.113684E-27
   0.833333E+00   0.752693E-33   0.426763E-37   0.855642E-37   0.171481E-36   0.342962E-36   0.143235E-31   0.137683E-35   0.275668E-35   0.551636E-35   0.110372E-34   0.220760E-34   0.440948E-34   0.150776E-25   0.414603E-19   0.494519E-15   0.162715E-13   0.495461E-14   0.256981E-17   0.962106E-22   0.218257E-26   0.109289E-29   0.105957E-30   0.228727E-26   0.270492E-30   0.568988E-26   0.897518E-26
   0.833333E+00   0.412711E-31   0.177605E-36   0.375194E-36   0.784361E-36   0.162460E-35   0.565242E-30   0.675430E-35   0.137565E-34   0.279139E-34   0.564771E-34   0.112887E-33   0.227347E-33   0.279254E-24   0.767046E-18   0.907213E-14   0.296515E-12   0.897067E-13   0.468656E-16   0.175259E-20   0.397403E-25   0.905167E-28   0.566444E-29   0.407913E-25   0.896094E-29   0.101316E-24   0.159728E-24
   0.833333E+00   0.185904E-31   0.161706E-35   0.348541E-35   0.739946E-35   0.155186E-34   0.190194E-30   0.653484E-34   0.133864E-33   0.272875E-33   0.554068E-33   0.110798E-32   0.223713E-32   0.544853E-25   0.149584E-18   0.176177E-14   0.573907E-13   0.173504E-13   0.907185E-17   0.339194E-21   0.769178E-26   0.446872E-28   0.433209E-28   0.781272E-26   0.871984E-28   0.193907E-25   0.305620E-25
   0.833333E+00   0.185204E-31   0.133738E-33   0.281013E-33   0.584621E-33   0.120656E-32   0.188798E-30   0.496064E-32   0.100794E-31   0.204050E-31   0.411296E-31   0.813382E-31   0.161156E-30   0.529587E-25   0.145392E-18   0.171211E-14   0.557657E-13   0.168672E-13   0.881594E-17   0.329648E-21   0.747511E-26   0.438874E-28   0.652339E-28   0.758851E-26   0.169081E-27   0.188337E-25   0.296839E-25
   0.833333E+00   0.573054E-40   0.163549E-35   0.327098E-35   0.654189E-35   0.130832E-34   0.173973E-38   0.523354E-34   0.104670E-33   0.209340E-33   0.418678E-33   0.837350E-33   0.167462E-32   0.104545E-33   0.543348E-27   0.807078E-23   0.331500E-21   0.159167E-21   0.250224E-26   0.111371E-30   0.124563E-33   0.214422E-31   0.429559E-31   0.223360E-33   0.171836E-30   0.468839E-33   0.789322E-33
   0.833333E+00   0.335016E-39   0.163547E-35   0.327095E-35   0.164217E-36   0.327845E-36   0.503315E-38   0.131411E-35   0.262747E-35   0.525531E-35   0.105076E-34   0.210122E-34   0.419461E-34   0.564960E-32   0.161483E-25   0.185628E-21   0.645762E-20   0.198499E-20   0.104094E-23   0.368372E-28   0.995166E-33   0.214360E-31   0.429435E-31   0.103493E-32   0.171811E-30   0.246757E-32   0.350262E-32
   0.833333E+00   0.286233E-37   0.410630E-37   0.821259E-37   0.164252E-36   0.327845E-36   0.544630E-36   0.131392E-35   0.262765E-35   0.525380E-35   0.105099E-34   0.210212E-34   0.419612E-34   0.609308E-30   0.167614E-23   0.200113E-19   0.658983E-18   0.201032E-18   0.105067E-21   0.394190E-26   0.939520E-31   0.214836E-31   0.429651E-31   0.929342E-31   0.171749E-30   0.231508E-30   0.365555E-30
   0.833333E+00   0.233389E-32   0.501319E-37   0.102074E-36   0.207016E-36   0.418546E-36   0.452932E-31   0.170193E-35   0.342793E-35   0.689536E-35   0.138449E-34   0.276868E-34   0.553013E-34   0.422463E-25   0.116147E-18   0.138399E-14   0.455033E-13   0.138304E-13   0.717987E-17   0.268815E-21   0.609531E-26   0.345367E-29   0.248472E-30   0.637998E-26   0.494072E-30   0.158678E-25   0.250282E-25
   0.833333E+00   0.634594E-31   0.721560E-36   0.158617E-35   0.340172E-35   0.722893E-35   0.768172E-30   0.309920E-34   0.639249E-34   0.130995E-33   0.266820E-33   0.532890E-33   0.106919E-32   0.326982E-24   0.898073E-18   0.106029E-13   0.346054E-12   0.104927E-12   0.547584E-16   0.204810E-20   0.464359E-25   0.164151E-27   0.160317E-28   0.473956E-25   0.252097E-28   0.117687E-24   0.185516E-24
   0.833333E+00   0.162234E-32   0.797306E-36   0.176439E-35   0.380350E-35   0.811728E-35   0.164708E-31   0.349967E-34   0.723392E-34   0.148486E-33   0.302841E-33   0.605251E-33   0.121520E-32   0.471315E-26   0.129397E-19   0.152387E-15   0.496372E-14   0.150134E-14   0.784726E-18   0.293425E-22   0.665377E-27   0.593128E-29   0.814209E-29   0.675648E-27   0.224081E-28   0.167693E-26   0.264314E-26
   0.833333E+00   0.195194E-31   0.784389E-33   0.169289E-32   0.354765E-32   0.727916E-32   0.207180E-30   0.274413E-31   0.511932E-31   0.927852E-31   0.163997E-30   0.282447E-30   0.480411E-30   0.551338E-25   0.151364E-18   0.178243E-14   0.580560E-13   0.175604E-13   0.917810E-17   0.343191E-21   0.778220E-26   0.455676E-28   0.679550E-28   0.790020E-26   0.176364E-27   0.196078E-25   0.309069E-25
   0.833333E+00   0.167445E-34   0.163564E-35   0.327134E-35   0.654276E-35   0.130855E-34   0.310246E-33   0.523427E-34   0.104684E-33   0.209363E-33   0.418727E-33   0.837440E-33   0.167478E-32   0.344991E-27   0.948769E-21   0.113209E-16   0.372615E-15   0.113621E-15   0.593964E-19   0.222873E-23   0.505727E-28   0.444777E-31   0.443672E-31   0.524334E-28   0.174030E-30   0.130448E-27   0.205772E-27
   0.833333E+00   0.198207E-34   0.413803E-37   0.828430E-37   0.165839E-36   0.331912E-36   0.375997E-33   0.132699E-35   0.265304E-35   0.530345E-35   0.105994E-34   0.211792E-34   0.422501E-34   0.421767E-27   0.115998E-20   0.138470E-16   0.455914E-15   0.139061E-15   0.727069E-19   0.272861E-23   0.619313E-28   0.496615E-31   0.446753E-31   0.642257E-28   0.174486E-30   0.159798E-27   0.252078E-27
   0.833333E+00   0.186174E-32   0.709999E-37   0.150205E-36   0.313093E-36   0.645628E-36   0.361589E-31   0.259568E-35   0.511199E-35   0.994901E-35   0.192029E-34   0.367537E-34   0.703385E-34   0.408163E-25   0.112260E-18   0.134055E-14   0.441501E-13   0.134676E-13   0.702353E-17   0.263042E-21   0.597783E-26   0.276398E-29   0.209257E-30   0.622504E-26   0.433071E-30   0.154892E-25   0.244345E-25
   0.833333E+00   0.626601E-28   0.102402E-32   0.234148E-32   0.514560E-32   0.110034E-31   0.116353E-26   0.447018E-31   0.867308E-31   0.164044E-30   0.304043E-30   0.550542E-30   0.993035E-30   0.945471E-21   0.259907E-14   0.309270E-10   0.101569E-08   0.308679E-09   0.160568E-12   0.600960E-17   0.136241E-21   0.964564E-25   0.584456E-26   0.141900E-21   0.916892E-26   0.352838E-21   0.556478E-21
   0.833333E+00   0.739407E-29   0.135687E-32   0.322829E-32   0.732709E-32   0.160824E-31   0.805487E-28   0.678486E-31   0.133417E-30   0.255049E-30   0.476716E-30   0.868948E-30   0.157552E-29   0.292661E-22   0.803751E-16   0.947790E-12   0.309035E-10   0.939221E-11   0.489372E-14   0.183090E-18   0.415061E-23   0.179695E-25   0.613323E-26   0.421994E-23   0.996020E-26   0.104766E-22   0.165133E-22
   0.833333E+00   0.996155E-31   0.196685E-32   0.484688E-32   0.113131E-31   0.252742E-31   0.104692E-29   0.104978E-30   0.199267E-30   0.363224E-30   0.642365E-30   0.110669E-29   0.188509E-29   0.343761E-24   0.943975E-18   0.111171E-13   0.362108E-12   0.110253E-12   0.573536E-16   0.214646E-20   0.486545E-25   0.228448E-27   0.326113E-27   0.492899E-25   0.813970E-27   0.122344E-24   0.192824E-24
   0.833333E+00   0.234733E-28   0.618065E-29   0.995227E-29   0.159363E-28   0.254384E-28   0.241355E-27   0.644545E-28   0.102457E-27   0.162778E-27   0.258525E-27   0.410476E-27   0.651639E-27   0.760654E-22   0.208899E-15   0.246014E-11   0.801295E-10   0.244673E-10   0.127016E-13   0.475541E-18   0.107774E-22   0.461047E-25   0.658980E-25   0.109071E-22   0.164495E-24   0.270740E-22   0.426703E-22
   0.833333E+00   0.000000E+00   0.000000E+00   0.000000E+00   0.000000E+00   0.000000E+00   0.000000E+00   0.000000E+00   0.000000E+00   0.000000E+00   0.000000E+00   0.000000E+00   0.000000E+00   0.000000E+00   0.000000E+00   0.000000E+00   0.000000E+00   0.000000E+00   0.000000E+00   0.000000E+00   0.000000E+00   0.000000E+00   0.000000E+00   0.000000E+00   0.000000E+00   0.000000E+00   0.000000E+00
   0.833333E+00   0.231739E-26   0.461880E-26   0.923739E-26   0.184744E-25   0.369483E-25   0.740231E-25   0.147790E-24   0.295577E-24   0.591151E-24   0.118230E-23   0.236459E-23   0.472915E-23   0.673104E-20   0.347563E-13   0.515508E-09   0.211650E-07   0.792956E-08   0.342832E-11   0.133410E-15   0.298587E-20   0.240972E-20   0.484259E-20   0.977548E-20   0.193703E-19   0.388141E-19   0.775808E-19
   0.100000E+01   0.218750E-25   0.437500E-25   0.875000E-25   0.175000E-24   0.350000E-24   0.700000E-24   0.140000E-23   0.280000E-23   0.560000E-23   0.112000E-22   0.224000E-22   0.448000E-22   0.594710E-19   0.310365E-12   0.464629E-08   0.191947E-06   0.826377E-07   0.508666E-10   0.869946E-15   0.308584E-18   0.227514E-19   0.458751E-19   0.926227E-19   0.183500E-18   0.367438E-18   0.734517E-18
   0.100000E+01   0.750701E-38   0.163540E-35   0.327075E-35   0.611426E-37   0.130831E-34   0.245867E-36   0.523328E-34   0.104665E-33   0.197161E-35   0.418657E-33   0.788642E-35   0.167464E-32   0.383594E-33   0.121764E-26   0.163749E-22   0.714137E-21   0.204612E-21   0.742895E-25   0.131031E-29   0.128560E-32   0.214512E-31   0.171478E-29   0.280007E-33   0.685921E-29   0.468923E-33   0.789416E-33
   0.100000E+01   0.760251E-38   0.163549E-35   0.327077E-35   0.615774E-37   0.130832E-34   0.247089E-36   0.523355E-34   0.104664E-33   0.197537E-35   0.418656E-33   0.789391E-35   0.167464E-32   0.419304E-31   0.115676E-24   0.138661E-20   0.458068E-19   0.160127E-19   0.118976E-22   0.195318E-27   0.676872E-31   0.214337E-31   0.429558E-31   0.667498E-32   0.171860E-30   0.168072E-31   0.273829E-31
   0.100000E+01   0.750994E-38   0.163547E-35   0.327079E-35   0.611775E-37   0.130831E-34   0.245866E-36   0.523349E-34   0.104665E-33   0.197197E-35   0.418661E-33   0.788486E-35   0.167463E-32   0.174002E-32   0.474675E-26   0.627188E-22   0.206590E-20   0.752111E-21   0.430081E-24   0.737050E-29   0.336105E-32   0.214520E-31   0.171479E-29   0.498509E-33   0.685917E-29   0.108593E-32   0.197354E-32
   0.100000E+01   0.788022E-38   0.163550E-35   0.327078E-35   0.627760E-37   0.130831E-34   0.250051E-36   0.523347E-34   0.104664E-33   0.198927E-35   0.418657E-33   0.792998E-35   0.167463E-32   0.160034E-30   0.440911E-24   0.528444E-20   0.174351E-18   0.609335E-19   0.452473E-22   0.743601E-27   0.258022E-30   0.214383E-31   0.429404E-31   0.254177E-31   0.171811E-30   0.633047E-31   0.989731E-31
   0.100000E+01   0.412040E-37   0.163547E-35   0.327078E-35   0.215884E-36   0.130831E-34   0.654327E-36   0.131383E-35   0.262295E-35   0.176494E-35   0.104880E-34   0.459516E-35   0.419732E-34   0.150292E-28   0.413811E-22   0.495906E-18   0.163573E-16   0.571672E-17   0.424809E-20   0.698105E-25   0.242155E-28   0.231550E-31   0.430021E-31   0.237604E-29   0.171873E-30   0.590081E-29   0.930530E-29
   0.100000E+01   0.327291E-35   0.411541E-37   0.821435E-37   0.144997E-34   0.328598E-36   0.377958E-34   0.131712E-35   0.262934E-35   0.155433E-33   0.105136E-34   0.395741E-33   0.420785E-34   0.136469E-26   0.375705E-20   0.449838E-16   0.148271E-14   0.517849E-15   0.384412E-18   0.631160E-23   0.218881E-26   0.177939E-30   0.482899E-31   0.214866E-27   0.180217E-30   0.533513E-27   0.841243E-27
   0.100000E+01   0.752169E-38   0.163549E-35   0.327080E-35   0.611885E-37   0.130830E-34   0.245960E-36   0.523348E-34   0.104665E-33   0.197157E-35   0.418657E-33   0.789229E-35   0.167464E-32   0.620474E-32   0.177281E-25   0.213800E-21   0.680980E-20   0.241000E-20   0.176719E-23   0.284174E-28   0.107856E-31   0.214536E-31   0.171479E-29   0.120840E-32   0.685917E-29   0.246802E-32   0.473650E-32
   0.100000E+01   0.880298E-38   0.163547E-35   0.327080E-35   0.670893E-37   0.130829E-34   0.261571E-36   0.523352E-34   0.104664E-33   0.203928E-35   0.418657E-33   0.805777E-35   0.167463E-32   0.580442E-30   0.159854E-23   0.191573E-19   0.631973E-18   0.220889E-18   0.164120E-21   0.269703E-26   0.935771E-30   0.214902E-31   0.429651E-31   0.918858E-31   0.171848E-30   0.228563E-30   0.360615E-30
   0.100000E+01   0.121765E-36   0.410718E-37   0.819613E-37   0.535015E-36   0.327728E-36   0.142432E-35   0.131345E-35   0.262220E-35   0.598167E-35   0.104918E-34   0.154090E-34   0.419612E-34   0.525165E-28   0.144603E-21   0.173360E-17   0.572001E-16   0.199965E-16   0.148614E-19   0.244253E-24   0.847492E-28   0.274752E-31   0.431654E-31   0.831687E-29   0.172131E-30   0.206561E-28   0.325736E-28
   0.100000E+01   0.970188E-35   0.413627E-37   0.825549E-37   0.460432E-34   0.330220E-36   0.123113E-33   0.132455E-35   0.264326E-35   0.517331E-33   0.105715E-34   0.132759E-32   0.422922E-34   0.457704E-26   0.126028E-19   0.151137E-15   0.498798E-14   0.174358E-14   0.129126E-17   0.211843E-22   0.735637E-26   0.553149E-30   0.610719E-31   0.725810E-27   0.200062E-30   0.180271E-26   0.284282E-26
   0.100000E+01   0.778229E-33   0.630007E-37   0.128094E-36   0.375738E-32   0.526151E-36   0.101107E-31   0.213479E-35   0.429083E-35   0.427151E-31   0.173146E-34   0.109830E-30   0.696314E-34   0.209865E-24   0.577376E-18   0.689787E-14   0.226969E-12   0.788181E-13   0.584664E-16   0.959164E-21   0.331990E-24   0.439617E-28   0.154082E-29   0.327035E-25   0.250732E-29   0.811628E-25   0.127960E-24
   0.100000E+01   0.450744E-32   0.353518E-36   0.724269E-36   0.184727E-31   0.299979E-35   0.468920E-31   0.121429E-34   0.244687E-34   0.188599E-30   0.989612E-34   0.476045E-30   0.398616E-33   0.872540E-25   0.239887E-18   0.284674E-14   0.931724E-13   0.322634E-13   0.240217E-16   0.393713E-21   0.136266E-24   0.654267E-28   0.195013E-28   0.131996E-25   0.306837E-28   0.327194E-25   0.515628E-25
   0.100000E+01   0.754814E-38   0.163548E-35   0.327079E-35   0.613519E-37   0.130831E-34   0.246290E-36   0.523351E-34   0.104665E-33   0.197304E-35   0.418656E-33   0.789816E-35   0.167462E-32   0.192114E-31   0.532255E-25   0.630895E-21   0.208885E-19   0.734746E-20   0.549308E-23   0.902476E-28   0.316359E-31   0.214336E-31   0.429528E-31   0.321360E-32   0.171762E-30   0.804574E-32   0.122853E-31
   0.100000E+01   0.112906E-37   0.163547E-35   0.327078E-35   0.788313E-37   0.130832E-34   0.292604E-36   0.523345E-34   0.104664E-33   0.216675E-35   0.418659E-33   0.838864E-35   0.167463E-32   0.173675E-29   0.478239E-23   0.573342E-19   0.189188E-17   0.661382E-18   0.491500E-21   0.807814E-26   0.280304E-29   0.216246E-31   0.429774E-31   0.275202E-30   0.171749E-30   0.683616E-30   0.107854E-29
   0.100000E+01   0.378718E-36   0.410777E-37   0.819613E-37   0.179617E-35   0.327892E-36   0.480312E-35   0.131402E-35   0.262314E-35   0.202065E-34   0.104888E-34   0.519354E-34   0.419672E-34   0.179106E-27   0.493187E-21   0.591501E-17   0.195228E-15   0.682678E-16   0.507439E-19   0.834098E-24   0.289492E-27   0.421054E-31   0.436584E-31   0.284149E-28   0.172945E-30   0.705768E-28   0.111298E-27
   0.100000E+01   0.314472E-34   0.418300E-37   0.835482E-37   0.151666E-33   0.334804E-36   0.407956E-33   0.134260E-35   0.267994E-35   0.172294E-32   0.107273E-34   0.442958E-32   0.429241E-34   0.149026E-25   0.410326E-19   0.492137E-15   0.162437E-13   0.567594E-14   0.419259E-17   0.688082E-22   0.238643E-25   0.179918E-29   0.103492E-30   0.236436E-26   0.265759E-30   0.587251E-26   0.926081E-26
   0.100000E+01   0.243735E-32   0.993029E-37   0.205100E-36   0.119590E-31   0.861096E-36   0.323729E-31   0.352724E-35   0.712744E-35   0.137462E-30   0.289657E-34   0.354109E-30   0.117036E-33   0.375144E-24   0.103189E-17   0.123007E-13   0.404039E-12   0.140161E-12   0.104162E-15   0.170793E-20   0.591215E-24   0.134000E-27   0.486651E-29   0.578915E-25   0.765215E-29   0.143617E-24   0.226393E-24
   0.100000E+01   0.554699E-32   0.784088E-36   0.166216E-35   0.225836E-31   0.722651E-35   0.572007E-31   0.300725E-34   0.612651E-34   0.229651E-30   0.251626E-33   0.579321E-30   0.102343E-32   0.964199E-25   0.265096E-18   0.314514E-14   0.102919E-12   0.356682E-13   0.265406E-16   0.435043E-21   0.150587E-24   0.730657E-28   0.519367E-28   0.145716E-25   0.941476E-28   0.361194E-25   0.569200E-25
   0.100000E+01   0.573562E-32   0.612330E-34   0.126609E-33   0.230672E-31   0.531053E-33   0.585179E-31   0.215753E-32   0.436066E-32   0.238300E-30   0.177063E-31   0.613353E-30   0.714979E-31   0.920506E-25   0.253088E-18   0.300195E-14   0.982136E-13   0.340630E-13   0.253316E-16   0.415270E-21   0.143756E-24   0.701252E-28   0.959980E-28   0.138974E-25   0.244943E-27   0.344471E-25   0.542837E-25
   0.100000E+01   0.750112E-38   0.163549E-35   0.327078E-35   0.611509E-37   0.130830E-34   0.245537E-36   0.523350E-34   0.104664E-33   0.196999E-35   0.418660E-33   0.788295E-35   0.167464E-32   0.110728E-33   0.515951E-27   0.679711E-23   0.318811E-21   0.194355E-21   0.000000E+00   0.000000E+00   0.108724E-32   0.214213E-31   0.429558E-31   0.205265E-33   0.171860E-30   0.444243E-33   0.789416E-33
   0.100000E+01   0.198409E-37   0.163548E-35   0.327079E-35   0.119573E-36   0.130830E-34   0.401878E-36   0.523344E-34   0.104664E-33   0.262521E-35   0.104903E-34   0.192894E-35   0.419491E-34   0.581298E-29   0.160070E-22   0.191977E-18   0.633627E-17   0.221563E-17   0.164685E-20   0.270697E-25   0.939533E-29   0.220954E-31   0.429959E-31   0.922267E-30   0.171811E-30   0.229104E-29   0.361296E-29
   0.100000E+01   0.105377E-35   0.411012E-37   0.819907E-37   0.507760E-35   0.328127E-36   0.136548E-34   0.131505E-35   0.262483E-35   0.576786E-34   0.104986E-34   0.148354E-33   0.420003E-34   0.512585E-27   0.141152E-20   0.169358E-16   0.559150E-15   0.195579E-15   0.145392E-18   0.239008E-23   0.829791E-27   0.807662E-31   0.450050E-31   0.814665E-28   0.174979E-30   0.202361E-27   0.319126E-27
   0.100000E+01   0.858428E-34   0.437872E-37   0.877506E-37   0.420743E-33   0.353424E-36   0.113852E-32   0.142131E-35   0.284187E-35   0.483290E-32   0.113871E-34   0.124484E-31   0.456084E-34   0.389443E-25   0.107215E-18   0.128553E-14   0.424207E-13   0.148067E-13   0.109325E-16   0.179501E-21   0.621858E-25   0.502021E-29   0.215691E-30   0.616967E-26   0.440614E-30   0.153228E-25   0.241633E-25
   0.100000E+01   0.741160E-32   0.272253E-36   0.580130E-36   0.364722E-31   0.254520E-35   0.986012E-31   0.106520E-34   0.217493E-34   0.417707E-30   0.888606E-34   0.107471E-29   0.362237E-33   0.528544E-24   0.145381E-17   0.172973E-13   0.567294E-12   0.196996E-12   0.146385E-15   0.240000E-20   0.831020E-24   0.275865E-27   0.154873E-28   0.808938E-25   0.241895E-28   0.200621E-24   0.316211E-24
   0.100000E+01   0.633631E-32   0.318425E-35   0.689683E-35   0.255012E-31   0.309248E-34   0.643772E-31   0.130833E-33   0.268413E-33   0.257942E-30   0.110227E-32   0.650640E-30   0.451176E-32   0.104758E-24   0.288024E-18   0.341665E-14   0.111790E-12   0.387602E-13   0.288315E-16   0.472623E-21   0.163604E-24   0.793884E-28   0.869229E-28   0.158220E-25   0.192956E-27   0.392178E-25   0.618020E-25
   0.100000E+01   0.641416E-32   0.270965E-33   0.572001E-33   0.263121E-31   0.247270E-32   0.683216E-31   0.102162E-31   0.207828E-31   0.294546E-30   0.836662E-31   0.801347E-30   0.325162E-30   0.101407E-24   0.278813E-18   0.330708E-14   0.108196E-12   0.375257E-13   0.279064E-16   0.457480E-21   0.158368E-24   0.770261E-28   0.105996E-27   0.153099E-25   0.270994E-27   0.379481E-25   0.598007E-25
   0.100000E+01   0.750112E-38   0.163548E-35   0.327076E-35   0.611380E-37   0.130831E-34   0.245913E-36   0.523346E-34   0.104665E-33   0.197109E-35   0.418657E-33   0.787983E-35   0.167462E-32   0.233320E-33   0.515951E-27   0.772399E-23   0.318811E-21   0.209717E-21   0.781930E-26   0.409472E-30   0.972192E-33   0.214258E-31   0.429497E-31   0.205027E-33   0.171823E-30   0.468923E-33   0.789416E-33
   0.100000E+01   0.753786E-38   0.410542E-37   0.819319E-37   0.210415E-38   0.327775E-36   0.855760E-38   0.131439E-35   0.262201E-35   0.650757E-37   0.104873E-34   0.255789E-36   0.419401E-34   0.154070E-31   0.420603E-25   0.506693E-21   0.171393E-19   0.582529E-20   0.444130E-23   0.730498E-28   0.255997E-31   0.214197E-31   0.429528E-31   0.260521E-32   0.171774E-30   0.644153E-32   0.107558E-31
   0.100000E+01   0.357350E-38   0.410600E-37   0.819378E-37   0.183025E-37   0.327798E-36   0.520979E-37   0.131373E-35   0.262257E-35   0.249769E-36   0.104895E-34   0.732757E-36   0.419582E-34   0.165888E-29   0.456864E-23   0.548378E-19   0.181122E-17   0.633660E-18   0.470520E-21   0.772764E-26   0.268778E-29   0.216107E-31   0.429743E-31   0.264287E-30   0.171885E-30   0.656912E-30   0.103601E-29
   0.100000E+01   0.264739E-33   0.623424E-37   0.129116E-36   0.131889E-32   0.546558E-36   0.359052E-32   0.225808E-35   0.457352E-35   0.153202E-31   0.185393E-34   0.395365E-31   0.741302E-34   0.102846E-24   0.283062E-18   0.339008E-14   0.111766E-12   0.389251E-13   0.287921E-16   0.472628E-21   0.163643E-24   0.158787E-28   0.602420E-30   0.162064E-25   0.104857E-29   0.402399E-25   0.634515E-25
   0.100000E+01   0.157788E-31   0.162828E-35   0.362146E-35   0.717985E-31   0.168800E-34   0.188351E-30   0.731415E-34   0.151349E-33   0.777488E-30   0.625594E-33   0.198080E-29   0.250290E-32   0.570037E-24   0.156816E-17   0.186343E-13   0.610518E-12   0.212608E-12   0.157704E-15   0.258623E-20   0.895897E-24   0.331087E-27   0.430709E-28   0.867859E-25   0.675639E-28   0.215199E-24   0.339158E-24
   0.100000E+01   0.551271E-33   0.216641E-35   0.485175E-35   0.221503E-32   0.228367E-34   0.560330E-32   0.995359E-34   0.206412E-33   0.226286E-31   0.855603E-33   0.576242E-31   0.342832E-32   0.899879E-26   0.247422E-19   0.293486E-15   0.960219E-14   0.333061E-14   0.247674E-17   0.406023E-22   0.140557E-25   0.886455E-29   0.123051E-28   0.135896E-26   0.344481E-28   0.336848E-26   0.530840E-26
   0.100000E+01   0.751590E-32   0.221372E-32   0.471270E-32   0.355092E-31   0.187420E-31   0.100348E-30   0.631675E-31   0.111514E-30   0.453127E-30   0.325230E-30   0.119986E-29   0.896888E-30   0.105498E-24   0.290062E-18   0.344050E-14   0.112561E-12   0.390409E-13   0.290326E-16   0.475944E-21   0.164760E-24   0.799722E-28   0.110204E-27   0.159276E-25   0.281879E-27   0.394797E-25   0.622173E-25
   0.100000E+01   0.161593E-35   0.163598E-35   0.327211E-35   0.779628E-35   0.130887E-34   0.210307E-34   0.523539E-34   0.267994E-35   0.877679E-34   0.106806E-34   0.225656E-33   0.425630E-34   0.773176E-27   0.212911E-20   0.255441E-16   0.843326E-15   0.294966E-15   0.219275E-18   0.360462E-23   0.125141E-26   0.111180E-30   0.461637E-31   0.122853E-27   0.176889E-30   0.305159E-27   0.481239E-27
   0.100000E+01   0.206863E-35   0.421121E-37   0.844945E-37   0.101217E-34   0.338707E-36   0.273742E-34   0.135154E-35   0.269649E-35   0.116167E-33   0.107303E-34   0.299240E-33   0.427316E-34   0.102692E-26   0.282800E-20   0.339436E-16   0.112101E-14   0.392206E-15   0.291606E-18   0.479433E-23   0.166493E-26   0.140855E-30   0.472484E-31   0.163484E-27   0.178492E-30   0.406118E-27   0.640471E-27
   0.100000E+01   0.179767E-33   0.133357E-36   0.290276E-36   0.894806E-33   0.124024E-35   0.243524E-32   0.466568E-35   0.881921E-35   0.103880E-31   0.304846E-34   0.268054E-31   0.104229E-33   0.915555E-25   0.252132E-18   0.302717E-14   0.999982E-13   0.349848E-13   0.259164E-16   0.425167E-21   0.147741E-24   0.107609E-28   0.427654E-30   0.145945E-25   0.777395E-30   0.362565E-25   0.571795E-25
   0.100000E+01   0.601658E-29   0.310577E-32   0.704512E-32   0.304681E-28   0.311078E-31   0.834504E-28   0.114917E-30   0.212588E-30   0.357911E-27   0.687269E-30   0.925418E-27   0.214179E-29   0.180910E-20   0.497951E-14   0.595602E-10   0.196158E-08   0.683839E-09   0.506416E-12   0.830850E-17   0.287828E-20   0.370181E-24   0.132667E-25   0.283501E-21   0.208713E-25   0.703784E-21   0.110965E-20
   0.100000E+01   0.218315E-29   0.532347E-32   0.125955E-31   0.907044E-29   0.591611E-31   0.231281E-28   0.227460E-30   0.426798E-30   0.934373E-28   0.140806E-29   0.236392E-27   0.444426E-29   0.489556E-22   0.134679E-15   0.159905E-11   0.523546E-10   0.182738E-10   0.135318E-13   0.221979E-18   0.769178E-22   0.295150E-25   0.167258E-25   0.742706E-23   0.294040E-25   0.184145E-22   0.290200E-22
   0.100000E+01   0.335902E-31   0.951468E-32   0.226620E-31   0.167297E-30   0.945401E-31   0.472355E-30   0.301500E-30   0.514079E-30   0.205996E-29   0.142251E-29   0.535584E-29   0.380889E-29   0.582740E-24   0.160293E-17   0.190151E-13   0.622141E-12   0.217238E-12   0.160771E-15   0.263776E-20   0.913972E-24   0.371047E-27   0.488902E-27   0.880674E-25   0.122348E-26   0.218320E-24   0.344037E-24
   0.100000E+01   0.110681E-28   0.890388E-29   0.141834E-28   0.449351E-28   0.358412E-28   0.113550E-27   0.903801E-28   0.143481E-27   0.454669E-27   0.361489E-27   0.114543E-26   0.910445E-27   0.122041E-21   0.335777E-15   0.398335E-11   0.130328E-09   0.456620E-10   0.337108E-13   0.553327E-18   0.191813E-21   0.709167E-25   0.919100E-25   0.184509E-22   0.229373E-24   0.457430E-22   0.720830E-22
   0.100000E+01   0.000000E+00   0.000000E+00   0.000000E+00   0.000000E+00   0.000000E+00   0.000000E+00   0.000000E+00   0.000000E+00   0.000000E+00   0.000000E+00   0.000000E+00   0.000000E+00   0.000000E+00   0.000000E+00   0.000000E+00   0.000000E+00   0.000000E+00   0.000000E+00   0.000000E+00   0.000000E+00   0.000000E+00   0.000000E+00   0.000000E+00   0.000000E+00   0.000000E+00   0.000000E+00
   0.100000E+01   0.231083E-26   0.461904E-26   0.923776E-26   0.184805E-25   0.369492E-25   0.739116E-25   0.147792E-24   0.295581E-24   0.591217E-24   0.118231E-23   0.236475E-23   0.472917E-23   0.645222E-20   0.332424E-13   0.496202E-09   0.204508E-07   0.878913E-08   0.541827E-11   0.926319E-16   0.328514E-19   0.240169E-20   0.484259E-20   0.980452E-20   0.193703E-19   0.388544E-19   0.776424E-19
