   0.000000E+00   0.000000E+00   0.000000E+00   0.000000E+00   0.000000E+00   0.000000E+00   0.000000E+00   0.000000E+00   0.000000E+00   0.000000E+00   0.316190E-54   0.725870E-40   0.467826E-28   0.846492E-19   0.430007E-12   0.613256E-08   0.245540E-06   0.276004E-07   0.871010E-11   0.771693E-17   0.191946E-25   0.134038E-36   0.262779E-50   0.000000E+00   0.000000E+00   0.000000E+00   0.000000E+00
   0.000000E+00   0.000000E+00   0.000000E+00   0.000000E+00   0.000000E+00   0.000000E+00   0.000000E+00   0.000000E+00   0.000000E+00   0.000000E+00   0.000000E+00   0.000000E+00   0.000000E+00   0.000000E+00   0.000000E+00   0.000000E+00   0.000000E+00   0.000000E+00   0.000000E+00   0.000000E+00   0.000000E+00   0.000000E+00   0.000000E+00   0.000000E+00   0.000000E+00   0.000000E+00   0.000000E+00
   0.000000E+00   0.000000E+00   0.000000E+00   0.000000E+00   0.000000E+00   0.000000E+00   0.000000E+00   0.000000E+00   0.000000E+00   0.000000E+00   0.000000E+00   0.000000E+00   0.000000E+00   0.000000E+00   0.000000E+00   0.000000E+00   0.000000E+00   0.000000E+00   0.000000E+00   0.000000E+00   0.000000E+00   0.000000E+00   0.000000E+00   0.000000E+00   0.000000E+00   0.000000E+00   0.000000E+00
   0.000000E+00   0.000000E+00   0.000000E+00   0.000000E+00   0.000000E+00   0.000000E+00   0.000000E+00   0.000000E+00   0.000000E+00   0.000000E+00   0.000000E+00   0.000000E+00   0.000000E+00   0.000000E+00   0.000000E+00   0.000000E+00   0.000000E+00   0.000000E+00   0.000000E+00   0.000000E+00   0.000000E+00   0.000000E+00   0.000000E+00   0.000000E+00   0.000000E+00   0.000000E+00   0.000000E+00
   0.000000E+00   0.000000E+00   0.000000E+00   0.000000E+00   0.000000E+00   0.000000E+00   0.000000E+00   0.000000E+00   0.000000E+00   0.000000E+00   0.000000E+00   0.000000E+00   0.000000E+00   0.000000E+00   0.000000E+00   0.000000E+00   0.000000E+00   0.000000E+00   0.000000E+00   0.000000E+00   0.000000E+00   0.000000E+00   0.000000E+00   0.000000E+00   0.000000E+00   0.000000E+00   0.000000E+00
   0.000000E+00   0.000000E+00   0.000000E+00   0.000000E+00   0.000000E+00   0.000000E+00   0.000000E+00   0.000000E+00   0.000000E+00   0.000000E+00   0.000000E+00   0.000000E+00   0.000000E+00   0.000000E+00   0.000000E+00   0.000000E+00   0.000000E+00   0.000000E+00   0.000000E+00   0.000000E+00   0.000000E+00   0.000000E+00   0.000000E+00   0.000000E+00   0.000000E+00   0.000000E+00   0.000000E+00
   0.000000E+00   0.000000E+00   0.000000E+00   0.000000E+00   0.000000E+00   0.000000E+00   0.000000E+00   0.000000E+00   0.000000E+00   0.000000E+00   0.000000E+00   0.000000E+00   0.000000E+00   0.000000E+00   0.000000E+00   0.000000E+00   0.000000E+00   0.000000E+00   0.000000E+00   0.000000E+00   0.000000E+00   0.000000E+00   0.000000E+00   0.000000E+00   0.000000E+00   0.000000E+00   0.000000E+00
   0.000000E+00   0.000000E+00   0.000000E+00   0.000000E+00   0.000000E+00   0.000000E+00   0.000000E+00   0.000000E+00   0.000000E+00   0.000000E+00   0.000000E+00   0.000000E+00   0.000000E+00   0.000000E+00   0.000000E+00   0.000000E+00   0.000000E+00   0.000000E+00   0.000000E+00   0.000000E+00   0.000000E+00   0.000000E+00   0.000000E+00   0.000000E+00   0.000000E+00   0.000000E+00   0.000000E+00
   0.000000E+00   0.000000E+00   0.000000E+00   0.000000E+00   0.000000E+00   0.000000E+00   0.000000E+00   0.000000E+00   0.000000E+00   0.000000E+00   0.000000E+00   0.000000E+00   0.000000E+00   0.000000E+00   0.000000E+00   0.000000E+00   0.000000E+00   0.000000E+00   0.000000E+00   0.000000E+00   0.000000E+00   0.000000E+00   0.000000E+00   0.000000E+00   0.000000E+00   0.000000E+00   0.000000E+00
   0.000000E+00   0.000000E+00   0.000000E+00   0.000000E+00   0.000000E+00   0.000000E+00   0.000000E+00   0.000000E+00   0.000000E+00   0.000000E+00   0.000000E+00   0.000000E+00   0.000000E+00   0.000000E+00   0.000000E+00   0.000000E+00   0.000000E+00   0.000000E+00   0.000000E+00   0.000000E+00   0.000000E+00   0.000000E+00   0.000000E+00   0.000000E+00   0.000000E+00   0.000000E+00   0.000000E+00
   0.000000E+00   0.000000E+00   0.000000E+00   0.000000E+00   0.000000E+00   0.000000E+00   0.000000E+00   0.000000E+00   0.000000E+00   0.000000E+00   0.000000E+00   0.000000E+00   0.000000E+00   0.000000E+00   0.000000E+00   0.000000E+00   0.000000E+00   0.000000E+00   0.000000E+00   0.000000E+00   0.000000E+00   0.000000E+00   0.000000E+00   0.000000E+00   0.000000E+00   0.000000E+00   0.000000E+00
   0.000000E+00   0.000000E+00   0.000000E+00   0.000000E+00   0.000000E+00   0.000000E+00   0.000000E+00   0.000000E+00   0.000000E+00   0.000000E+00   0.000000E+00   0.000000E+00   0.000000E+00   0.000000E+00   0.000000E+00   0.000000E+00   0.000000E+00   0.000000E+00   0.000000E+00   0.000000E+00   0.000000E+00   0.000000E+00   0.000000E+00   0.000000E+00   0.000000E+00   0.000000E+00   0.000000E+00
   0.000000E+00   0.000000E+00   0.000000E+00   0.000000E+00   0.000000E+00   0.000000E+00   0.000000E+00   0.000000E+00   0.000000E+00   0.000000E+00   0.000000E+00   0.000000E+00   0.000000E+00   0.000000E+00   0.000000E+00   0.000000E+00   0.000000E+00   0.000000E+00   0.000000E+00   0.000000E+00   0.000000E+00   0.000000E+00   0.000000E+00   0.000000E+00   0.000000E+00   0.000000E+00   0.000000E+00
   0.000000E+00   0.000000E+00   0.000000E+00   0.000000E+00   0.000000E+00   0.000000E+00   0.000000E+00   0.000000E+00   0.000000E+00   0.000000E+00   0.000000E+00   0.000000E+00   0.000000E+00   0.000000E+00   0.000000E+00   0.000000E+00   0.000000E+00   0.000000E+00   0.000000E+00   0.000000E+00   0.000000E+00   0.000000E+00   0.000000E+00   0.000000E+00   0.000000E+00   0.000000E+00   0.000000E+00
   0.000000E+00   0.000000E+00   0.000000E+00   0.000000E+00   0.000000E+00   0.000000E+00   0.000000E+00   0.000000E+00   0.000000E+00   0.000000E+00   0.000000E+00   0.000000E+00   0.000000E+00   0.000000E+00   0.000000E+00   0.000000E+00   0.000000E+00   0.000000E+00   0.000000E+00   0.000000E+00   0.000000E+00   0.000000E+00   0.000000E+00   0.000000E+00   0.000000E+00   0.000000E+00   0.000000E+00
   0.000000E+00   0.000000E+00   0.000000E+00   0.000000E+00   0.000000E+00   0.000000E+00   0.000000E+00   0.000000E+00   0.000000E+00   0.000000E+00   0.000000E+00   0.000000E+00   0.000000E+00   0.000000E+00   0.000000E+00   0.000000E+00   0.000000E+00   0.000000E+00   0.000000E+00   0.000000E+00   0.000000E+00   0.000000E+00   0.000000E+00   0.000000E+00   0.000000E+00   0.000000E+00   0.000000E+00
   0.000000E+00   0.000000E+00   0.000000E+00   0.000000E+00   0.000000E+00   0.000000E+00   0.000000E+00   0.000000E+00   0.000000E+00   0.000000E+00   0.000000E+00   0.000000E+00   0.000000E+00   0.000000E+00   0.000000E+00   0.000000E+00   0.000000E+00   0.000000E+00   0.000000E+00   0.000000E+00   0.000000E+00   0.000000E+00   0.000000E+00   0.000000E+00   0.000000E+00   0.000000E+00   0.000000E+00
   0.000000E+00   0.000000E+00   0.000000E+00   0.000000E+00   0.000000E+00   0.000000E+00   0.000000E+00   0.000000E+00   0.000000E+00   0.000000E+00   0.000000E+00   0.000000E+00   0.000000E+00   0.000000E+00   0.000000E+00   0.000000E+00   0.000000E+00   0.000000E+00   0.000000E+00   0.000000E+00   0.000000E+00   0.000000E+00   0.000000E+00   0.000000E+00   0.000000E+00   0.000000E+00   0.000000E+00
   0.000000E+00   0.000000E+00   0.000000E+00   0.000000E+00   0.000000E+00   0.000000E+00   0.000000E+00   0.000000E+00   0.000000E+00   0.000000E+00   0.000000E+00   0.000000E+00   0.000000E+00   0.000000E+00   0.000000E+00   0.000000E+00   0.000000E+00   0.000000E+00   0.000000E+00   0.000000E+00   0.000000E+00   0.000000E+00   0.000000E+00   0.000000E+00   0.000000E+00   0.000000E+00   0.000000E+00
   0.000000E+00   0.000000E+00   0.000000E+00   0.000000E+00   0.000000E+00   0.000000E+00   0.000000E+00   0.000000E+00   0.000000E+00   0.000000E+00   0.000000E+00   0.000000E+00   0.000000E+00   0.000000E+00   0.000000E+00   0.000000E+00   0.000000E+00   0.000000E+00   0.000000E+00   0.000000E+00   0.000000E+00   0.000000E+00   0.000000E+00   0.000000E+00   0.000000E+00   0.000000E+00   0.000000E+00
   0.000000E+00   0.000000E+00   0.000000E+00   0.000000E+00   0.000000E+00   0.000000E+00   0.000000E+00   0.000000E+00   0.000000E+00   0.000000E+00   0.000000E+00   0.000000E+00   0.000000E+00   0.000000E+00   0.000000E+00   0.000000E+00   0.000000E+00   0.000000E+00   0.000000E+00   0.000000E+00   0.000000E+00   0.000000E+00   0.000000E+00   0.000000E+00   0.000000E+00   0.000000E+00   0.000000E+00
   0.000000E+00   0.000000E+00   0.000000E+00   0.000000E+00   0.000000E+00   0.000000E+00   0.000000E+00   0.000000E+00   0.000000E+00   0.000000E+00   0.000000E+00   0.000000E+00   0.000000E+00   0.000000E+00   0.000000E+00   0.000000E+00   0.000000E+00   0.000000E+00   0.000000E+00   0.000000E+00   0.000000E+00   0.000000E+00   0.000000E+00   0.000000E+00   0.000000E+00   0.000000E+00   0.000000E+00
   0.000000E+00   0.000000E+00   0.000000E+00   0.000000E+00   0.000000E+00   0.000000E+00   0.000000E+00   0.000000E+00   0.000000E+00   0.000000E+00   0.000000E+00   0.000000E+00   0.000000E+00   0.000000E+00   0.000000E+00   0.000000E+00   0.000000E+00   0.000000E+00   0.000000E+00   0.000000E+00   0.000000E+00   0.000000E+00   0.000000E+00   0.000000E+00   0.000000E+00   0.000000E+00   0.000000E+00
   0.000000E+00   0.000000E+00   0.000000E+00   0.000000E+00   0.000000E+00   0.000000E+00   0.000000E+00   0.000000E+00   0.000000E+00   0.000000E+00   0.000000E+00   0.000000E+00   0.000000E+00   0.000000E+00   0.000000E+00   0.000000E+00   0.000000E+00   0.000000E+00   0.000000E+00   0.000000E+00   0.000000E+00   0.000000E+00   0.000000E+00   0.000000E+00   0.000000E+00   0.000000E+00   0.000000E+00
   0.000000E+00   0.000000E+00   0.000000E+00   0.000000E+00   0.000000E+00   0.000000E+00   0.000000E+00   0.000000E+00   0.000000E+00   0.000000E+00   0.000000E+00   0.000000E+00   0.000000E+00   0.000000E+00   0.000000E+00   0.000000E+00   0.000000E+00   0.000000E+00   0.000000E+00   0.000000E+00   0.000000E+00   0.000000E+00   0.000000E+00   0.000000E+00   0.000000E+00   0.000000E+00   0.000000E+00
   0.000000E+00   0.000000E+00   0.000000E+00   0.000000E+00   0.000000E+00   0.000000E+00   0.000000E+00   0.000000E+00   0.000000E+00   0.000000E+00   0.000000E+00   0.000000E+00   0.000000E+00   0.000000E+00   0.000000E+00   0.000000E+00   0.000000E+00   0.000000E+00   0.000000E+00   0.000000E+00   0.000000E+00   0.000000E+00   0.000000E+00   0.000000E+00   0.000000E+00   0.000000E+00   0.000000E+00
   0.000000E+00   0.000000E+00   0.000000E+00   0.000000E+00   0.000000E+00   0.000000E+00   0.000000E+00   0.000000E+00   0.000000E+00   0.000000E+00   0.000000E+00   0.000000E+00   0.000000E+00   0.000000E+00   0.000000E+00   0.000000E+00   0.000000E+00   0.000000E+00   0.000000E+00   0.000000E+00   0.000000E+00   0.000000E+00   0.000000E+00   0.000000E+00   0.000000E+00   0.000000E+00   0.000000E+00
   0.000000E+00   0.000000E+00   0.000000E+00   0.000000E+00   0.000000E+00   0.000000E+00   0.000000E+00   0.000000E+00   0.000000E+00   0.000000E+00   0.000000E+00   0.000000E+00   0.000000E+00   0.000000E+00   0.000000E+00   0.000000E+00   0.000000E+00   0.000000E+00   0.000000E+00   0.000000E+00   0.000000E+00   0.000000E+00   0.000000E+00   0.000000E+00   0.000000E+00   0.000000E+00   0.000000E+00
   0.000000E+00   0.000000E+00   0.000000E+00   0.000000E+00   0.000000E+00   0.000000E+00   0.000000E+00   0.000000E+00   0.000000E+00   0.000000E+00   0.000000E+00   0.000000E+00   0.000000E+00   0.000000E+00   0.000000E+00   0.000000E+00   0.000000E+00   0.000000E+00   0.000000E+00   0.000000E+00   0.000000E+00   0.000000E+00   0.000000E+00   0.000000E+00   0.000000E+00   0.000000E+00   0.000000E+00
   0.000000E+00   0.000000E+00   0.000000E+00   0.000000E+00   0.000000E+00   0.000000E+00   0.000000E+00   0.000000E+00   0.000000E+00   0.000000E+00   0.000000E+00   0.000000E+00   0.000000E+00   0.000000E+00   0.000000E+00   0.000000E+00   0.000000E+00   0.000000E+00   0.000000E+00   0.000000E+00   0.000000E+00   0.000000E+00   0.000000E+00   0.000000E+00   0.000000E+00   0.000000E+00   0.000000E+00
   0.000000E+00   0.000000E+00   0.000000E+00   0.000000E+00   0.000000E+00   0.000000E+00   0.000000E+00   0.000000E+00   0.000000E+00   0.000000E+00   0.000000E+00   0.000000E+00   0.000000E+00   0.000000E+00   0.000000E+00   0.000000E+00   0.000000E+00   0.000000E+00   0.000000E+00   0.000000E+00   0.000000E+00   0.000000E+00   0.000000E+00   0.000000E+00   0.000000E+00   0.000000E+00   0.000000E+00
   0.000000E+00   0.000000E+00   0.000000E+00   0.000000E+00   0.000000E+00   0.000000E+00   0.000000E+00   0.000000E+00   0.000000E+00   0.000000E+00   0.000000E+00   0.000000E+00   0.000000E+00   0.000000E+00   0.000000E+00   0.000000E+00   0.000000E+00   0.000000E+00   0.000000E+00   0.000000E+00   0.000000E+00   0.000000E+00   0.000000E+00   0.000000E+00   0.000000E+00   0.000000E+00   0.000000E+00
   0.000000E+00   0.000000E+00   0.000000E+00   0.000000E+00   0.000000E+00   0.000000E+00   0.000000E+00   0.000000E+00   0.000000E+00   0.000000E+00   0.000000E+00   0.000000E+00   0.000000E+00   0.000000E+00   0.000000E+00   0.000000E+00   0.000000E+00   0.000000E+00   0.000000E+00   0.000000E+00   0.000000E+00   0.000000E+00   0.000000E+00   0.000000E+00   0.000000E+00   0.000000E+00   0.000000E+00
   0.000000E+00   0.000000E+00   0.000000E+00   0.000000E+00   0.000000E+00   0.000000E+00   0.000000E+00   0.000000E+00   0.000000E+00   0.000000E+00   0.000000E+00   0.000000E+00   0.000000E+00   0.000000E+00   0.000000E+00   0.000000E+00   0.000000E+00   0.000000E+00   0.000000E+00   0.000000E+00   0.000000E+00   0.000000E+00   0.000000E+00   0.000000E+00   0.000000E+00   0.000000E+00   0.000000E+00
   0.000000E+00   0.000000E+00   0.000000E+00   0.000000E+00   0.000000E+00   0.000000E+00   0.000000E+00   0.000000E+00   0.000000E+00   0.000000E+00   0.000000E+00   0.000000E+00   0.000000E+00   0.000000E+00   0.000000E+00   0.000000E+00   0.000000E+00   0.000000E+00   0.000000E+00   0.000000E+00   0.000000E+00   0.000000E+00   0.000000E+00   0.000000E+00   0.000000E+00   0.000000E+00   0.000000E+00
   0.000000E+00   0.000000E+00   0.000000E+00   0.000000E+00   0.000000E+00   0.000000E+00   0.000000E+00   0.000000E+00   0.000000E+00   0.000000E+00   0.000000E+00   0.000000E+00   0.000000E+00   0.000000E+00   0.000000E+00   0.000000E+00   0.000000E+00   0.000000E+00   0.000000E+00   0.000000E+00   0.000000E+00   0.000000E+00   0.000000E+00   0.000000E+00   0.000000E+00   0.000000E+00   0.000000E+00
   0.000000E+00   0.000000E+00   0.000000E+00   0.000000E+00   0.000000E+00   0.000000E+00   0.000000E+00   0.000000E+00   0.000000E+00   0.000000E+00   0.000000E+00   0.000000E+00   0.000000E+00   0.000000E+00   0.000000E+00   0.000000E+00   0.000000E+00   0.000000E+00   0.000000E+00   0.000000E+00   0.000000E+00   0.000000E+00   0.000000E+00   0.000000E+00   0.000000E+00   0.000000E+00   0.000000E+00
   0.000000E+00   0.000000E+00   0.000000E+00   0.000000E+00   0.000000E+00   0.000000E+00   0.000000E+00   0.000000E+00   0.000000E+00   0.000000E+00   0.000000E+00   0.000000E+00   0.000000E+00   0.000000E+00   0.000000E+00   0.000000E+00   0.000000E+00   0.000000E+00   0.000000E+00   0.000000E+00   0.000000E+00   0.000000E+00   0.000000E+00   0.000000E+00   0.000000E+00   0.000000E+00   0.000000E+00
   0.000000E+00   0.000000E+00   0.000000E+00   0.000000E+00   0.000000E+00   0.000000E+00   0.000000E+00   0.000000E+00   0.000000E+00   0.000000E+00   0.000000E+00   0.000000E+00   0.000000E+00   0.000000E+00   0.000000E+00   0.000000E+00   0.000000E+00   0.000000E+00   0.000000E+00   0.000000E+00   0.000000E+00   0.000000E+00   0.000000E+00   0.000000E+00   0.000000E+00   0.000000E+00   0.000000E+00
   0.000000E+00   0.000000E+00   0.000000E+00   0.000000E+00   0.000000E+00   0.000000E+00   0.000000E+00   0.000000E+00   0.000000E+00   0.000000E+00   0.000000E+00   0.000000E+00   0.000000E+00   0.000000E+00   0.000000E+00   0.000000E+00   0.000000E+00   0.000000E+00   0.000000E+00   0.000000E+00   0.000000E+00   0.000000E+00   0.000000E+00   0.000000E+00   0.000000E+00   0.000000E+00   0.000000E+00
   0.000000E+00   0.000000E+00   0.000000E+00   0.000000E+00   0.000000E+00   0.000000E+00   0.000000E+00   0.000000E+00   0.000000E+00   0.000000E+00   0.000000E+00   0.000000E+00   0.000000E+00   0.000000E+00   0.000000E+00   0.000000E+00   0.000000E+00   0.000000E+00   0.000000E+00   0.000000E+00   0.000000E+00   0.000000E+00   0.000000E+00   0.000000E+00   0.000000E+00   0.000000E+00   0.000000E+00
   0.000000E+00   0.000000E+00   0.000000E+00   0.000000E+00   0.000000E+00   0.000000E+00   0.000000E+00   0.000000E+00   0.000000E+00   0.000000E+00   0.000000E+00   0.000000E+00   0.000000E+00   0.000000E+00   0.000000E+00   0.000000E+00   0.000000E+00   0.000000E+00   0.000000E+00   0.000000E+00   0.000000E+00   0.000000E+00   0.000000E+00   0.000000E+00   0.000000E+00   0.000000E+00   0.000000E+00
   0.000000E+00   0.000000E+00   0.000000E+00   0.000000E+00   0.000000E+00   0.000000E+00   0.000000E+00   0.000000E+00   0.000000E+00   0.000000E+00   0.000000E+00   0.000000E+00   0.000000E+00   0.000000E+00   0.000000E+00   0.000000E+00   0.000000E+00   0.000000E+00   0.000000E+00   0.000000E+00   0.000000E+00   0.000000E+00   0.000000E+00   0.000000E+00   0.000000E+00   0.000000E+00   0.000000E+00
   0.166667E+00   0.205120E-25   0.418831E-25   0.875000E-25   0.171503E-24   0.345208E-24   0.700000E-24   0.139089E-23   0.280000E-23   0.558208E-23   0.112000E-22   0.223621E-22   0.448000E-22   0.795783E-19   0.406172E-12   0.584107E-08   0.235135E-06   0.382896E-07   0.152295E-10   0.375016E-14   0.158555E-18   0.231551E-19   0.458743E-19   0.918895E-19   0.183500E-18   0.367078E-18   0.734090E-18
   0.166667E+00   0.286677E-36   0.585344E-36   0.327075E-35   0.239680E-35   0.482441E-35   0.261665E-34   0.194383E-34   0.104665E-33   0.780102E-34   0.418657E-33   0.312514E-33   0.167464E-32   0.148166E-33   0.675220E-27   0.971020E-23   0.390824E-21   0.829717E-22   0.145969E-24   0.476028E-29   0.349580E-33   0.110185E-33   0.171474E-29   0.261119E-33   0.685912E-29   0.468480E-33   0.887574E-33
   0.166667E+00   0.723488E-38   0.147745E-37   0.327077E-35   0.604572E-37   0.121681E-36   0.261661E-34   0.490269E-36   0.104664E-33   0.196835E-35   0.418656E-33   0.788080E-35   0.167464E-32   0.631293E-32   0.174207E-25   0.201972E-21   0.612812E-20   0.893701E-21   0.391358E-24   0.934519E-28   0.400597E-32   0.310937E-33   0.429644E-31   0.846575E-33   0.171823E-30   0.214514E-32   0.369823E-32
   0.166667E+00   0.286676E-36   0.147688E-37   0.327079E-35   0.604457E-37   0.121703E-36   0.261664E-34   0.490454E-36   0.104665E-33   0.196759E-35   0.418661E-33   0.787627E-35   0.167463E-32   0.349248E-33   0.675220E-27   0.854497E-23   0.390824E-21   0.928558E-22   0.179789E-25   0.526137E-29   0.201273E-33   0.121767E-33   0.171475E-29   0.288435E-33   0.685919E-29   0.517793E-33   0.936884E-33
   0.166667E+00   0.725279E-38   0.148081E-37   0.327078E-35   0.605494E-37   0.121819E-36   0.261664E-34   0.490826E-36   0.104664E-33   0.196871E-35   0.418657E-33   0.787775E-35   0.167463E-32   0.237489E-31   0.646320E-25   0.746520E-21   0.240122E-19   0.316078E-20   0.153819E-23   0.367544E-27   0.157523E-31   0.115067E-32   0.429490E-31   0.293788E-32   0.171848E-30   0.697788E-32   0.113412E-31
   0.166667E+00   0.835091E-38   0.170869E-37   0.327078E-35   0.687171E-37   0.136311E-36   0.261664E-34   0.580198E-37   0.262295E-35   0.180733E-36   0.104880E-34   0.569310E-36   0.419732E-34   0.220915E-29   0.596470E-23   0.685610E-19   0.220201E-17   0.289374E-18   0.141194E-21   0.337945E-25   0.144969E-29   0.103811E-30   0.429706E-31   0.258107E-30   0.171811E-30   0.644727E-30   0.101731E-29
   0.166667E+00   0.108733E-36   0.220062E-36   0.819672E-37   0.773549E-36   0.136795E-35   0.655879E-36   0.394826E-35   0.262389E-35   0.107777E-34   0.104971E-34   0.285847E-34   0.419853E-34   0.200210E-27   0.540458E-21   0.620650E-17   0.199188E-15   0.261601E-16   0.127584E-19   0.305036E-23   0.130847E-27   0.936941E-29   0.436578E-31   0.232854E-28   0.172908E-30   0.581237E-28   0.916900E-28
   0.166667E+00   0.724591E-38   0.147827E-37   0.327079E-35   0.605264E-37   0.121771E-36   0.261660E-34   0.490261E-36   0.104664E-33   0.196869E-35   0.418661E-33   0.788368E-35   0.167463E-32   0.105304E-32   0.286293E-26   0.407828E-22   0.106304E-20   0.180701E-21   0.466118E-25   0.155336E-28   0.635599E-33   0.151150E-33   0.171476E-29   0.343057E-33   0.685919E-29   0.542450E-33   0.887574E-33
   0.166667E+00   0.728173E-38   0.148670E-37   0.327080E-35   0.608489E-37   0.122235E-36   0.261659E-34   0.491848E-36   0.104664E-33   0.197319E-35   0.418659E-33   0.788816E-35   0.167465E-32   0.861638E-31   0.233140E-24   0.268273E-20   0.862315E-19   0.113566E-19   0.553086E-23   0.132261E-26   0.567166E-31   0.408523E-32   0.429583E-31   0.102422E-31   0.171848E-30   0.258157E-31   0.411243E-31
   0.166667E+00   0.110473E-37   0.838658E-38   0.819613E-37   0.305281E-37   0.549789E-37   0.655690E-36   0.164994E-36   0.262201E-35   0.474321E-36   0.104895E-34   0.134739E-35   0.419491E-34   0.775922E-29   0.209496E-22   0.240892E-18   0.773910E-17   0.101728E-17   0.496435E-21   0.118848E-24   0.509923E-29   0.365131E-30   0.429860E-31   0.907835E-30   0.171860E-30   0.226695E-29   0.357668E-29
   0.166667E+00   0.324042E-36   0.674730E-36   0.820730E-37   0.246879E-35   0.442769E-35   0.657007E-36   0.130288E-34   0.262690E-35   0.359765E-34   0.105106E-34   0.959728E-34   0.420394E-34   0.676329E-27   0.182604E-20   0.210029E-16   0.674901E-15   0.887056E-16   0.429601E-19   0.102063E-22   0.439988E-27   0.318589E-28   0.453279E-31   0.792149E-28   0.175262E-30   0.197789E-27   0.312042E-27
   0.166667E+00   0.266132E-34   0.558105E-34   0.938103E-37   0.206272E-33   0.371211E-33   0.759980E-36   0.109749E-32   0.304970E-35   0.303866E-32   0.122372E-34   0.811470E-32   0.490600E-34   0.200738E-25   0.541525E-19   0.620125E-15   0.198576E-13   0.259640E-14   0.124098E-17   0.293082E-21   0.126446E-25   0.927967E-27   0.242521E-30   0.230469E-26   0.463122E-30   0.574974E-26   0.906849E-26
   0.166667E+00   0.835535E-34   0.164310E-33   0.117326E-36   0.537070E-33   0.919084E-33   0.954078E-36   0.252767E-32   0.382647E-35   0.667760E-32   0.153676E-34   0.172957E-31   0.616177E-34   0.107344E-26   0.289422E-20   0.330083E-16   0.105360E-14   0.137424E-15   0.658243E-19   0.155427E-22   0.670534E-27   0.487960E-28   0.605369E-30   0.121044E-27   0.990326E-30   0.301773E-27   0.475855E-27
   0.166667E+00   0.723075E-38   0.147796E-37   0.327078E-35   0.604457E-37   0.121746E-36   0.261663E-34   0.490439E-36   0.104665E-33   0.196753E-35   0.418659E-33   0.788503E-35   0.167461E-32   0.346073E-32   0.907495E-26   0.115357E-21   0.343925E-20   0.481936E-21   0.207300E-24   0.536158E-28   0.227756E-32   0.203080E-33   0.429552E-31   0.603880E-33   0.685923E-29   0.130681E-32   0.187377E-32
   0.166667E+00   0.737818E-38   0.150721E-37   0.327076E-35   0.614940E-37   0.123531E-36   0.261662E-34   0.495856E-36   0.104664E-33   0.198402E-35   0.418661E-33   0.791655E-35   0.167464E-32   0.293919E-30   0.794031E-24   0.913263E-20   0.293525E-18   0.385851E-19   0.188214E-22   0.450649E-26   0.193360E-30   0.138707E-31   0.429675E-31   0.345306E-31   0.171725E-30   0.863729E-31   0.136539E-30
   0.166667E+00   0.129266E-37   0.268927E-37   0.819672E-37   0.985886E-37   0.177063E-36   0.655455E-36   0.525158E-36   0.262239E-35   0.146757E-35   0.104865E-34   0.399406E-35   0.419582E-34   0.265836E-28   0.717778E-22   0.825678E-18   0.265345E-16   0.348869E-17   0.170279E-20   0.407728E-24   0.174978E-28   0.125295E-29   0.430569E-31   0.311552E-29   0.171984E-30   0.777940E-29   0.122735E-28
   0.166667E+00   0.105483E-35   0.221106E-35   0.823433E-37   0.816684E-35   0.146940E-34   0.659029E-36   0.434328E-34   0.263630E-35   0.120249E-33   0.105460E-34   0.321159E-33   0.421959E-34   0.215812E-26   0.582620E-20   0.670021E-16   0.215277E-14   0.282738E-15   0.135269E-18   0.319540E-22   0.138073E-26   0.101582E-27   0.508252E-31   0.252577E-27   0.183200E-30   0.630627E-27   0.994899E-27
   0.166667E+00   0.852110E-34   0.179888E-33   0.114146E-36   0.671176E-33   0.121188E-32   0.942370E-36   0.359992E-32   0.380032E-35   0.999696E-32   0.153247E-34   0.267467E-31   0.615846E-34   0.297062E-25   0.801261E-19   0.916181E-15   0.293030E-13   0.382964E-14   0.183557E-17   0.434108E-21   0.187110E-25   0.136481E-26   0.697122E-30   0.338801E-26   0.111661E-29   0.845013E-26   0.133263E-25
   0.166667E+00   0.174034E-33   0.320693E-33   0.169036E-36   0.949562E-33   0.157366E-32   0.143942E-35   0.416334E-32   0.585283E-35   0.107592E-31   0.237702E-34   0.274979E-31   0.960316E-34   0.117422E-26   0.316597E-20   0.361023E-16   0.115223E-14   0.150326E-15   0.720150E-19   0.170086E-22   0.733666E-27   0.533491E-28   0.205987E-29   0.132329E-27   0.296788E-29   0.329895E-27   0.520192E-27
   0.166667E+00   0.294114E-33   0.477947E-33   0.697629E-35   0.123960E-32   0.198675E-32   0.594063E-34   0.508466E-32   0.239739E-33   0.130244E-31   0.973038E-33   0.335471E-31   0.392812E-32   0.111469E-26   0.300547E-20   0.342654E-16   0.109343E-14   0.142708E-15   0.683706E-19   0.161524E-22   0.696613E-27   0.506333E-28   0.939917E-29   0.125522E-27   0.294969E-28   0.312929E-27   0.493526E-27
   0.166667E+00   0.723213E-38   0.147680E-37   0.327079E-35   0.604688E-37   0.121581E-36   0.261661E-34   0.489867E-36   0.104666E-33   0.196711E-35   0.418661E-33   0.787884E-35   0.167462E-32   0.148166E-33   0.756246E-27   0.971020E-23   0.390824E-21   0.990512E-22   0.162491E-22   0.107708E-26   0.538035E-31   0.565874E-34   0.429459E-31   0.161028E-33   0.171836E-30   0.468480E-33   0.936884E-33
   0.166667E+00   0.771436E-38   0.157723E-37   0.327076E-35   0.641667E-37   0.128212E-36   0.261663E-34   0.509765E-36   0.104665E-33   0.202072E-35   0.418657E-33   0.802415E-35   0.419522E-34   0.100455E-29   0.271276E-23   0.312066E-19   0.100296E-17   0.131884E-18   0.643635E-22   0.154100E-25   0.661320E-30   0.473788E-31   0.429675E-31   0.117860E-30   0.171762E-30   0.294600E-30   0.464990E-30
   0.166667E+00   0.404415E-37   0.847067E-37   0.819672E-37   0.312862E-36   0.563143E-36   0.655737E-36   0.166815E-35   0.262239E-35   0.463331E-35   0.104865E-34   0.124538E-34   0.419702E-34   0.867516E-28   0.234247E-21   0.269567E-17   0.866575E-16   0.113964E-16   0.556329E-20   0.133239E-23   0.571922E-28   0.409562E-29   0.432572E-31   0.101849E-28   0.172292E-30   0.254332E-28   0.401262E-28
   0.166667E+00   0.328508E-35   0.693139E-35   0.830134E-37   0.258424E-34   0.466497E-34   0.664953E-36   0.138529E-33   0.266038E-35   0.384627E-33   0.106460E-34   0.102899E-32   0.425690E-34   0.591093E-26   0.159545E-19   0.183347E-15   0.588754E-14   0.772255E-15   0.367623E-18   0.866992E-22   0.374652E-26   0.277339E-27   0.681336E-31   0.689479E-27   0.207827E-30   0.172123E-26   0.271534E-26
   0.166667E+00   0.269552E-33   0.572797E-33   0.164704E-36   0.215727E-32   0.390805E-32   0.140199E-35   0.116637E-31   0.568901E-35   0.324861E-31   0.231044E-34   0.870777E-31   0.924566E-34   0.370309E-25   0.998768E-19   0.114079E-14   0.364559E-13   0.476529E-14   0.228780E-17   0.541633E-21   0.233291E-25   0.169399E-26   0.216549E-29   0.420368E-26   0.320194E-29   0.104825E-25   0.165304E-25
   0.166667E+00   0.273659E-33   0.466379E-33   0.308420E-36   0.126643E-32   0.205015E-32   0.272052E-35   0.528103E-32   0.111373E-34   0.134561E-31   0.456084E-34   0.341172E-31   0.182656E-33   0.127208E-26   0.342981E-20   0.391067E-16   0.124801E-14   0.162850E-15   0.780197E-19   0.184295E-22   0.794884E-27   0.577729E-28   0.559982E-29   0.143292E-27   0.108125E-28   0.357217E-27   0.563273E-27
   0.166667E+00   0.327463E-33   0.532678E-33   0.182298E-34   0.138856E-32   0.223436E-32   0.157321E-33   0.578142E-32   0.635153E-33   0.150745E-31   0.258581E-32   0.398806E-31   0.102435E-31   0.122740E-26   0.330936E-20   0.377300E-16   0.120400E-14   0.157144E-15   0.752850E-19   0.177861E-22   0.767066E-27   0.561464E-28   0.100789E-28   0.138501E-27   0.317732E-28   0.346963E-27   0.550579E-27
   0.166667E+00   0.722662E-38   0.147648E-37   0.327076E-35   0.604572E-37   0.121740E-36   0.261664E-34   0.490230E-36   0.104664E-33   0.196857E-35   0.418658E-33   0.787868E-35   0.167463E-32   0.148166E-33   0.756246E-27   0.971020E-23   0.390824E-21   0.828181E-22   0.000000E+00   0.977111E-29   0.538352E-31   0.563390E-34   0.429768E-31   0.179268E-33   0.171774E-30   0.468480E-33   0.887574E-33
   0.166667E+00   0.723075E-38   0.147648E-37   0.327079E-35   0.604918E-37   0.121717E-36   0.261660E-34   0.490589E-36   0.262295E-35   0.641184E-37   0.104903E-34   0.264372E-36   0.419582E-34   0.270932E-32   0.777853E-26   0.924411E-22   0.306406E-20   0.404074E-21   0.197487E-24   0.466007E-28   0.199154E-32   0.165159E-33   0.429644E-31   0.481522E-33   0.171786E-30   0.123284E-32   0.241617E-32
   0.166667E+00   0.359609E-39   0.745542E-39   0.819613E-37   0.292609E-38   0.572749E-38   0.655596E-36   0.209281E-37   0.262145E-35   0.768667E-37   0.104858E-34   0.288405E-36   0.419491E-34   0.271488E-30   0.733370E-24   0.844748E-20   0.271654E-18   0.357618E-19   0.174402E-22   0.417201E-26   0.179260E-30   0.128827E-31   0.429490E-31   0.320747E-31   0.171799E-30   0.804059E-31   0.127367E-30
   0.166667E+00   0.103813E-34   0.220479E-34   0.846649E-37   0.829743E-34   0.150276E-33   0.680423E-36   0.448350E-33   0.272169E-35   0.124852E-32   0.109026E-34   0.334625E-32   0.435862E-34   0.135523E-25   0.365700E-19   0.419632E-15   0.134591E-13   0.176238E-14   0.839922E-18   0.198174E-21   0.855716E-26   0.631847E-27   0.124576E-30   0.157017E-26   0.287231E-30   0.391870E-26   0.618138E-26
   0.166667E+00   0.823310E-33   0.176069E-32   0.289941E-36   0.667413E-32   0.120925E-31   0.256916E-35   0.359911E-31   0.103378E-34   0.998386E-31   0.423825E-34   0.266615E-30   0.169133E-33   0.412434E-25   0.111237E-18   0.126970E-14   0.405538E-13   0.530371E-14   0.254849E-17   0.603845E-21   0.259951E-25   0.188170E-26   0.670233E-29   0.466839E-26   0.957420E-29   0.116401E-25   0.183550E-25
   0.166667E+00   0.269632E-34   0.444911E-34   0.129310E-36   0.116891E-33   0.187665E-33   0.109627E-35   0.479292E-33   0.440331E-35   0.121736E-32   0.178690E-34   0.308729E-32   0.714068E-34   0.110136E-27   0.296995E-21   0.338644E-17   0.108077E-15   0.141084E-16   0.675901E-20   0.159698E-23   0.688691E-28   0.501130E-29   0.382571E-29   0.124247E-28   0.117327E-28   0.309813E-28   0.488798E-28
   0.166667E+00   0.346964E-33   0.566863E-33   0.455540E-34   0.149894E-32   0.243625E-32   0.401633E-33   0.646570E-32   0.158164E-32   0.174388E-31   0.633640E-32   0.481380E-31   0.234418E-31   0.127898E-26   0.344948E-20   0.393394E-16   0.125612E-14   0.164080E-15   0.785494E-19   0.185593E-22   0.800376E-27   0.592386E-28   0.103700E-28   0.146609E-27   0.327030E-28   0.372660E-27   0.597825E-27
   0.166667E+00   0.385291E-36   0.805989E-36   0.327084E-35   0.297689E-35   0.536509E-35   0.261668E-34   0.159719E-34   0.104667E-33   0.447951E-34   0.418669E-33   0.122196E-33   0.167467E-32   0.810234E-27   0.218777E-20   0.251751E-16   0.809266E-15   0.106423E-15   0.519482E-19   0.124417E-22   0.534038E-27   0.382427E-28   0.457346E-31   0.950993E-28   0.175718E-30   0.237471E-27   0.374658E-27
   0.166667E+00   0.298882E-36   0.629512E-36   0.327080E-35   0.229084E-35   0.413379E-35   0.656161E-36   0.122717E-34   0.262445E-35   0.340762E-34   0.105008E-34   0.912202E-34   0.419913E-34   0.645562E-27   0.174323E-20   0.200683E-16   0.645323E-15   0.848873E-16   0.414425E-19   0.992769E-23   0.426228E-27   0.305252E-28   0.451677E-31   0.759175E-28   0.174979E-30   0.189587E-27   0.299120E-27
   0.166667E+00   0.410994E-34   0.872487E-34   0.927523E-37   0.328153E-33   0.594204E-33   0.754573E-36   0.177231E-32   0.301848E-35   0.493442E-32   0.121266E-34   0.132234E-31   0.483077E-34   0.932634E-25   0.251842E-18   0.289994E-14   0.932694E-13   0.122676E-13   0.594041E-17   0.141259E-20   0.609016E-25   0.441414E-26   0.365452E-30   0.109791E-25   0.624086E-30   0.274190E-25   0.432607E-25
   0.166667E+00   0.142170E-29   0.303960E-29   0.358566E-33   0.115486E-28   0.209861E-28   0.332764E-32   0.629122E-28   0.133515E-31   0.175718E-27   0.552119E-31   0.471840E-27   0.214746E-30   0.121187E-20   0.327021E-14   0.374862E-10   0.120133E-08   0.157447E-09   0.755508E-13   0.179099E-16   0.770907E-21   0.562717E-22   0.114685E-25   0.139783E-21   0.160547E-25   0.348798E-21   0.550160E-21
   0.166667E+00   0.422333E-30   0.794966E-30   0.163688E-33   0.238304E-29   0.395392E-29   0.168290E-32   0.104659E-28   0.701344E-32   0.270345E-28   0.297251E-31   0.690458E-28   0.117347E-30   0.349740E-23   0.943136E-17   0.107597E-12   0.343521E-11   0.449547E-12   0.216089E-15   0.512315E-19   0.220465E-23   0.159221E-24   0.454400E-26   0.394943E-24   0.685829E-26   0.984650E-24   0.155262E-23
   0.166667E+00   0.616129E-32   0.100192E-31   0.136209E-33   0.260217E-31   0.417537E-31   0.146923E-32   0.107190E-30   0.623470E-32   0.275749E-30   0.267442E-31   0.715358E-30   0.106331E-30   0.300604E-25   0.810628E-19   0.924260E-15   0.294949E-13   0.386359E-14   0.185661E-17   0.440376E-21   0.189456E-25   0.136535E-26   0.109540E-27   0.338613E-26   0.277926E-27   0.844133E-26   0.133101E-25
   0.166667E+00   0.241467E-29   0.416275E-29   0.290996E-29   0.118629E-28   0.196455E-28   0.149509E-28   0.522400E-28   0.405018E-28   0.135839E-27   0.107037E-27   0.348869E-27   0.276715E-27   0.847899E-23   0.228658E-16   0.260701E-12   0.831921E-11   0.109026E-11   0.524015E-15   0.124343E-18   0.534810E-23   0.385070E-24   0.291459E-25   0.954994E-24   0.728504E-25   0.238071E-23   0.375380E-23
   0.166667E+00   0.000000E+00   0.000000E+00   0.000000E+00   0.000000E+00   0.000000E+00   0.000000E+00   0.000000E+00   0.000000E+00   0.000000E+00   0.000000E+00   0.000000E+00   0.000000E+00   0.000000E+00   0.000000E+00   0.000000E+00   0.000000E+00   0.000000E+00   0.000000E+00   0.000000E+00   0.000000E+00   0.000000E+00   0.000000E+00   0.000000E+00   0.000000E+00   0.000000E+00   0.000000E+00
   0.166667E+00   0.216562E-26   0.442189E-26   0.923676E-26   0.181062E-25   0.364441E-25   0.738934E-25   0.146834E-24   0.295572E-24   0.589275E-24   0.118228E-23   0.236063E-23   0.472912E-23   0.850798E-20   0.431661E-13   0.619915E-09   0.249277E-07   0.405585E-08   0.161434E-11   0.397459E-15   0.168055E-19   0.244925E-20   0.484251E-20   0.971228E-20   0.193703E-19   0.387798E-19   0.775396E-19
   0.333333E+00   0.218750E-25   0.437500E-25   0.875000E-25   0.175000E-24   0.350000E-24   0.700000E-24   0.140000E-23   0.280000E-23   0.560001E-23   0.112000E-22   0.224000E-22   0.448000E-22   0.749577E-19   0.384203E-12   0.557014E-08   0.225402E-06   0.482245E-07   0.843064E-10   0.132477E-13   0.170547E-18   0.226086E-19   0.458751E-19   0.920404E-19   0.183500E-18   0.367146E-18   0.734180E-18
   0.333333E+00   0.141059E-39   0.150037E-37   0.327075E-35   0.106380E-38   0.130831E-34   0.432582E-38   0.491686E-36   0.104665E-33   0.332916E-37   0.418657E-33   0.133179E-36   0.167464E-32   0.157008E-32   0.452199E-26   0.503733E-22   0.148339E-20   0.343619E-21   0.512391E-24   0.796675E-28   0.110242E-32   0.214342E-31   0.171480E-29   0.436206E-33   0.685920E-29   0.468568E-33   0.887687E-33
   0.333333E+00   0.881621E-39   0.152094E-37   0.327077E-35   0.471939E-38   0.130832E-34   0.145291E-37   0.493847E-36   0.104664E-33   0.769199E-37   0.418656E-33   0.250516E-36   0.167464E-32   0.160637E-30   0.429972E-24   0.494807E-20   0.158887E-18   0.276708E-19   0.583850E-22   0.895456E-26   0.116792E-30   0.214346E-31   0.429559E-31   0.191969E-31   0.171786E-30   0.481638E-31   0.759959E-31
   0.333333E+00   0.161630E-39   0.150183E-37   0.327079E-35   0.118097E-38   0.130831E-34   0.451390E-38   0.491683E-36   0.104665E-33   0.340318E-37   0.418661E-33   0.134635E-36   0.167463E-32   0.636008E-32   0.168106E-25   0.204086E-21   0.638305E-20   0.115581E-20   0.230167E-23   0.353820E-27   0.490932E-32   0.214334E-31   0.171478E-29   0.980221E-33   0.685915E-29   0.192359E-32   0.355075E-32
   0.333333E+00   0.282706E-38   0.157412E-37   0.327078E-35   0.149576E-37   0.130831E-34   0.427880E-37   0.500145E-36   0.104664E-33   0.199535E-36   0.418657E-33   0.558917E-36   0.167463E-32   0.617282E-30   0.165116E-23   0.190082E-19   0.610451E-18   0.106302E-18   0.224577E-21   0.344536E-25   0.449266E-30   0.215136E-31   0.429652E-31   0.736820E-31   0.171860E-30   0.183728E-30   0.289485E-30
   0.333333E+00   0.245060E-36   0.822595E-37   0.327078E-35   0.128658E-35   0.130831E-34   0.359753E-35   0.809023E-36   0.262295E-35   0.156768E-34   0.104880E-34   0.407831E-34   0.419732E-34   0.578989E-28   0.154840E-21   0.178284E-17   0.572606E-16   0.997403E-17   0.210748E-19   0.323380E-23   0.421659E-28   0.307746E-31   0.431223E-31   0.690701E-29   0.172070E-30   0.171984E-28   0.271145E-28
   0.333333E+00   0.237187E-34   0.641728E-35   0.821435E-37   0.120148E-33   0.328598E-36   0.331464E-33   0.728290E-34   0.262934E-35   0.142870E-32   0.105151E-34   0.369943E-32   0.420785E-34   0.517937E-26   0.138471E-19   0.159277E-15   0.511152E-14   0.889269E-15   0.186583E-17   0.285182E-21   0.372631E-26   0.866662E-30   0.594018E-31   0.614966E-27   0.197597E-30   0.153094E-26   0.241342E-26
   0.333333E+00   0.240976E-39   0.150299E-37   0.327080E-35   0.153285E-38   0.130830E-34   0.554833E-38   0.491959E-36   0.104665E-33   0.388973E-37   0.418659E-33   0.146574E-36   0.167464E-32   0.240746E-31   0.647896E-25   0.750785E-21   0.241387E-19   0.423245E-20   0.888043E-23   0.136559E-26   0.184228E-31   0.213996E-31   0.429559E-31   0.286704E-32   0.171749E-30   0.779302E-32   0.116386E-31
   0.333333E+00   0.967579E-38   0.176336E-37   0.327080E-35   0.510915E-37   0.130829E-34   0.144069E-36   0.522144E-36   0.104664E-33   0.641873E-36   0.418662E-33   0.170836E-35   0.167463E-32   0.225040E-29   0.601879E-23   0.692993E-19   0.222580E-17   0.387720E-18   0.819186E-21   0.125699E-24   0.163905E-29   0.217673E-31   0.429528E-31   0.268568E-30   0.171860E-30   0.669139E-30   0.105497E-29
   0.333333E+00   0.833950E-36   0.230920E-36   0.819613E-37   0.444785E-35   0.327728E-36   0.125083E-34   0.278197E-35   0.262220E-35   0.548048E-34   0.104933E-34   0.142779E-33   0.419612E-34   0.203166E-27   0.543345E-21   0.625856E-17   0.201073E-15   0.350331E-16   0.740342E-19   0.113618E-22   0.148182E-27   0.543164E-31   0.435876E-31   0.242785E-28   0.172797E-30   0.604577E-28   0.953168E-28
   0.333333E+00   0.705870E-34   0.196457E-34   0.825549E-37   0.383032E-33   0.330220E-36   0.108398E-32   0.240275E-33   0.264326E-35   0.477476E-32   0.105768E-34   0.124634E-31   0.422922E-34   0.166470E-25   0.444929E-19   0.512441E-15   0.164622E-13   0.286378E-14   0.597675E-17   0.912965E-21   0.119606E-25   0.290299E-29   0.990112E-31   0.198724E-26   0.259583E-30   0.494825E-26   0.780124E-26
   0.333333E+00   0.566309E-32   0.159019E-32   0.128470E-36   0.310037E-31   0.527750E-36   0.876823E-31   0.198155E-31   0.430400E-35   0.385109E-30   0.173687E-34   0.100350E-29   0.698631E-34   0.236544E-24   0.630978E-18   0.723834E-14   0.231800E-12   0.400290E-13   0.839890E-16   0.128421E-19   0.168130E-24   0.192127E-27   0.467083E-29   0.276974E-25   0.741563E-29   0.689089E-25   0.108609E-24
   0.333333E+00   0.402852E-32   0.313500E-32   0.351467E-36   0.166009E-31   0.144891E-35   0.422124E-31   0.323068E-31   0.117892E-34   0.169860E-30   0.476148E-34   0.428682E-30   0.191606E-33   0.163219E-25   0.434735E-19   0.497862E-15   0.159222E-13   0.273722E-14   0.574370E-17   0.877907E-21   0.115211E-25   0.283806E-28   0.208067E-28   0.189446E-26   0.378628E-28   0.471145E-26   0.742501E-26
   0.333333E+00   0.476075E-39   0.151031E-37   0.327078E-35   0.290699E-38   0.130830E-34   0.930992E-38   0.492608E-36   0.104665E-33   0.557864E-37   0.418659E-33   0.190056E-36   0.167463E-32   0.824916E-31   0.220990E-24   0.254645E-20   0.818859E-19   0.142872E-19   0.301310E-22   0.462263E-26   0.630440E-31   0.214132E-31   0.429467E-31   0.999389E-32   0.171798E-30   0.252040E-31   0.386148E-31
   0.333333E+00   0.308273E-37   0.234960E-37   0.327078E-35   0.164537E-36   0.130832E-34   0.463709E-36   0.593322E-36   0.104664E-33   0.204942E-35   0.418660E-33   0.537349E-35   0.167464E-32   0.746190E-29   0.199565E-22   0.229867E-18   0.738507E-17   0.128668E-17   0.271905E-20   0.417276E-24   0.544222E-29   0.226076E-31   0.429836E-31   0.891729E-30   0.171909E-30   0.222089E-29   0.350143E-29
   0.333333E+00   0.276958E-35   0.771151E-36   0.819907E-37   0.150125E-34   0.327869E-36   0.424685E-34   0.942972E-35   0.262370E-35   0.187009E-33   0.104918E-34   0.488102E-33   0.419672E-34   0.695425E-27   0.185989E-20   0.214316E-16   0.688763E-15   0.120035E-15   0.253695E-18   0.389371E-22   0.507968E-27   0.134269E-30   0.451684E-31   0.832493E-28   0.175237E-30   0.207319E-27   0.326865E-27
   0.333333E+00   0.228813E-33   0.641234E-34   0.835952E-37   0.126179E-32   0.334875E-36   0.359222E-32   0.798113E-33   0.268088E-35   0.159038E-31   0.107333E-34   0.415913E-31   0.429272E-34   0.479242E-25   0.127999E-18   0.147358E-14   0.473227E-13   0.821610E-14   0.171137E-16   0.261591E-20   0.343128E-25   0.965323E-29   0.230264E-30   0.570630E-26   0.464539E-30   0.142070E-25   0.223975E-25
   0.333333E+00   0.161368E-31   0.512733E-32   0.208768E-36   0.810946E-31   0.877036E-36   0.220447E-30   0.650158E-31   0.726154E-35   0.934974E-30   0.295134E-34   0.240427E-29   0.119269E-33   0.292823E-24   0.781262E-18   0.895676E-14   0.286688E-12   0.495227E-13   0.103993E-15   0.159007E-19   0.208045E-24   0.323553E-27   0.153255E-28   0.342011E-25   0.240557E-28   0.850810E-25   0.134094E-24
   0.333333E+00   0.469756E-32   0.378570E-32   0.746315E-36   0.192585E-31   0.322814E-35   0.488555E-31   0.387222E-31   0.272741E-34   0.196224E-30   0.111857E-33   0.494894E-30   0.454531E-33   0.176019E-25   0.468835E-19   0.536907E-15   0.171707E-13   0.295202E-14   0.619436E-17   0.946793E-21   0.124248E-25   0.305822E-28   0.355701E-28   0.204296E-26   0.802847E-28   0.508073E-26   0.800697E-26
   0.333333E+00   0.465473E-32   0.382643E-32   0.528870E-34   0.189129E-31   0.221725E-33   0.479580E-31   0.391476E-31   0.181988E-32   0.193795E-30   0.738831E-32   0.493511E-30   0.298308E-31   0.164804E-25   0.438969E-19   0.502696E-15   0.160764E-13   0.276405E-14   0.579975E-17   0.886484E-21   0.116332E-25   0.288386E-28   0.431143E-28   0.191271E-26   0.114355E-27   0.475677E-26   0.749652E-26
   0.333333E+00   0.129304E-39   0.150146E-37   0.327079E-35   0.106024E-38   0.130832E-34   0.423178E-38   0.491563E-36   0.104664E-33   0.328014E-37   0.418654E-33   0.129714E-36   0.167463E-32   0.548283E-33   0.166062E-26   0.218531E-22   0.839087E-21   0.118696E-21   0.172196E-24   0.169640E-28   0.719351E-33   0.214009E-31   0.429836E-31   0.253926E-33   0.171749E-30   0.468568E-33   0.937003E-33
   0.333333E+00   0.101552E-36   0.432499E-37   0.327077E-35   0.550181E-36   0.130831E-34   0.155687E-35   0.835747E-36   0.104664E-33   0.686722E-35   0.418659E-33   0.178916E-34   0.419612E-34   0.254027E-28   0.679388E-22   0.782846E-18   0.251584E-16   0.438444E-17   0.926666E-20   0.142230E-23   0.185541E-28   0.255254E-31   0.430453E-31   0.304077E-29   0.171971E-30   0.757262E-29   0.119395E-28
   0.333333E+00   0.851648E-35   0.238789E-35   0.820260E-37   0.469124E-34   0.328033E-36   0.133502E-33   0.296971E-34   0.262502E-35   0.590849E-33   0.104971E-34   0.154500E-32   0.419822E-34   0.220060E-26   0.588525E-20   0.678403E-16   0.218085E-14   0.380107E-15   0.801716E-18   0.122858E-21   0.160446E-26   0.379664E-30   0.499386E-31   0.263838E-27   0.182707E-30   0.657086E-27   0.103600E-26
   0.333333E+00   0.687340E-33   0.194052E-33   0.869160E-37   0.385185E-32   0.349451E-36   0.110315E-31   0.245813E-32   0.280633E-35   0.490880E-31   0.112396E-34   0.128615E-30   0.449915E-34   0.106529E-24   0.284306E-18   0.326972E-14   0.104920E-12   0.181685E-13   0.379318E-16   0.580040E-20   0.760537E-25   0.298198E-28   0.623915E-30   0.126186E-25   0.107984E-29   0.314092E-25   0.495132E-25
   0.333333E+00   0.324753E-31   0.159163E-31   0.485873E-36   0.149523E-30   0.210924E-35   0.395029E-30   0.198967E-30   0.178611E-34   0.163895E-29   0.733666E-34   0.418217E-29   0.295055E-33   0.327444E-24   0.873797E-18   0.100144E-13   0.320456E-12   0.553829E-13   0.116315E-15   0.177854E-19   0.232625E-24   0.402133E-27   0.499554E-28   0.381976E-25   0.781706E-28   0.950184E-25   0.149753E-24
   0.333333E+00   0.523730E-32   0.426833E-32   0.225010E-35   0.213106E-31   0.997327E-35   0.539292E-31   0.432336E-31   0.856858E-34   0.216234E-30   0.354152E-33   0.545140E-30   0.142702E-32   0.189239E-25   0.504050E-19   0.577231E-15   0.184602E-13   0.317381E-14   0.665965E-17   0.101791E-20   0.133580E-25   0.327580E-28   0.450578E-28   0.219633E-26   0.112566E-27   0.546213E-26   0.860803E-26
   0.333333E+00   0.515009E-32   0.426738E-32   0.177175E-33   0.210531E-31   0.757836E-33   0.537849E-31   0.451496E-31   0.630777E-32   0.221514E-30   0.257422E-31   0.575669E-30   0.101430E-30   0.181421E-25   0.483230E-19   0.553384E-15   0.176974E-13   0.304277E-14   0.638456E-17   0.975872E-21   0.128062E-25   0.315186E-28   0.471076E-28   0.210585E-26   0.124524E-27   0.523879E-26   0.825954E-26
   0.333333E+00   0.129304E-39   0.150114E-37   0.327076E-35   0.100026E-38   0.130831E-34   0.399668E-38   0.491366E-36   0.104664E-33   0.316343E-37   0.418662E-33   0.131063E-36   0.167463E-32   0.737689E-33   0.263144E-26   0.229643E-22   0.884038E-21   0.115572E-21   0.225154E-24   0.230222E-28   0.938445E-33   0.213948E-31   0.429559E-31   0.278348E-33   0.171885E-30   0.468568E-33   0.887687E-33
   0.333333E+00   0.390852E-39   0.150818E-37   0.327078E-35   0.243330E-38   0.327775E-36   0.578343E-38   0.171154E-37   0.262239E-35   0.315980E-37   0.104903E-34   0.103823E-36   0.419612E-34   0.648269E-31   0.174033E-24   0.200938E-20   0.646097E-19   0.112917E-19   0.238288E-22   0.365444E-26   0.499177E-31   0.214161E-31   0.429652E-31   0.783166E-32   0.171811E-30   0.201484E-31   0.308225E-31
   0.333333E+00   0.262591E-37   0.789345E-38   0.819554E-37   0.147043E-36   0.327822E-36   0.421344E-36   0.109462E-36   0.262239E-35   0.188079E-35   0.104895E-34   0.494122E-35   0.419522E-34   0.685408E-29   0.183270E-22   0.211307E-18   0.679407E-17   0.118370E-17   0.248160E-20   0.379328E-24   0.496650E-29   0.225376E-31   0.429590E-31   0.822695E-30   0.171885E-30   0.204929E-29   0.323148E-29
   0.333333E+00   0.214822E-32   0.611519E-33   0.105530E-36   0.122333E-31   0.433828E-36   0.352434E-31   0.788525E-32   0.354943E-35   0.157613E-30   0.143452E-34   0.413720E-30   0.574348E-34   0.190477E-24   0.508140E-18   0.583629E-14   0.187081E-12   0.323340E-13   0.677229E-16   0.103558E-19   0.135657E-24   0.944868E-28   0.192062E-29   0.224241E-25   0.310806E-29   0.558014E-25   0.879572E-25
   0.333333E+00   0.496228E-31   0.344929E-31   0.192877E-35   0.217030E-30   0.871295E-35   0.562853E-30   0.390672E-30   0.765089E-34   0.229996E-29   0.318916E-33   0.583608E-29   0.128085E-32   0.336116E-24   0.897126E-18   0.102804E-13   0.328935E-12   0.568843E-13   0.119465E-15   0.182678E-19   0.238858E-24   0.421239E-27   0.150771E-27   0.391950E-25   0.239871E-27   0.974982E-25   0.153660E-24
   0.333333E+00   0.453863E-33   0.371392E-33   0.952791E-36   0.184254E-32   0.431876E-35   0.466139E-32   0.375888E-32   0.380608E-34   0.187079E-31   0.158865E-33   0.472411E-31   0.638789E-33   0.161885E-26   0.431204E-20   0.493813E-16   0.157926E-14   0.271536E-15   0.569732E-18   0.870830E-22   0.114280E-26   0.486726E-29   0.807278E-29   0.187935E-27   0.260808E-28   0.467392E-27   0.736646E-27
   0.333333E+00   0.548763E-32   0.473426E-32   0.867779E-33   0.232029E-31   0.378406E-32   0.614667E-31   0.582017E-31   0.289198E-31   0.268203E-30   0.987352E-31   0.712131E-30   0.303805E-30   0.188877E-25   0.503100E-19   0.576151E-15   0.184263E-13   0.316826E-14   0.664760E-17   0.101608E-20   0.133338E-25   0.327100E-28   0.488724E-28   0.219469E-26   0.129000E-27   0.546523E-26   0.862313E-26
   0.333333E+00   0.404139E-34   0.113857E-34   0.327168E-35   0.222095E-33   0.130871E-34   0.631477E-33   0.141586E-33   0.104698E-33   0.279268E-32   0.418781E-33   0.730043E-32   0.167506E-32   0.103948E-25   0.278014E-19   0.320466E-15   0.103018E-13   0.179576E-14   0.379582E-17   0.582661E-21   0.760260E-26   0.171258E-29   0.763161E-31   0.124625E-26   0.223999E-30   0.310379E-26   0.489362E-26
   0.333333E+00   0.353600E-34   0.100201E-34   0.831662E-37   0.197693E-33   0.333605E-36   0.565687E-33   0.126695E-33   0.267016E-35   0.251534E-32   0.106641E-34   0.658863E-32   0.425390E-34   0.939381E-26   0.251249E-19   0.289735E-15   0.931704E-14   0.162455E-14   0.343446E-17   0.527275E-21   0.688167E-26   0.155237E-29   0.731452E-31   0.112835E-26   0.218994E-30   0.281037E-26   0.443113E-26
   0.333333E+00   0.440610E-32   0.125738E-32   0.236186E-36   0.250613E-31   0.105099E-35   0.721698E-31   0.161977E-31   0.867345E-35   0.322650E-30   0.328273E-34   0.846842E-30   0.117966E-33   0.113469E-23   0.303363E-17   0.349797E-13   0.112475E-11   0.195904E-12   0.409967E-15   0.626792E-19   0.819254E-24   0.197259E-27   0.393273E-29   0.136179E-24   0.625490E-29   0.339165E-24   0.534757E-24
   0.333333E+00   0.147650E-27   0.425613E-28   0.521228E-32   0.841872E-27   0.246490E-31   0.240999E-26   0.558657E-27   0.207617E-30   0.106782E-25   0.767737E-30   0.279038E-25   0.261324E-29   0.759084E-20   0.202916E-13   0.233038E-09   0.746924E-08   0.129801E-08   0.272464E-11   0.416793E-15   0.543695E-20   0.516008E-23   0.134337E-24   0.894944E-21   0.210055E-24   0.222726E-20   0.351077E-20
   0.333333E+00   0.575186E-29   0.466721E-29   0.794517E-32   0.235878E-28   0.409182E-31   0.598164E-28   0.477801E-28   0.370942E-30   0.240297E-27   0.140969E-29   0.606374E-27   0.488120E-29   0.274771E-22   0.733110E-16   0.839938E-12   0.268710E-10   0.464786E-11   0.976002E-14   0.149247E-17   0.195137E-22   0.348451E-25   0.441774E-25   0.320051E-23   0.103640E-24   0.796097E-23   0.125465E-22
   0.333333E+00   0.558304E-31   0.486864E-31   0.124024E-31   0.244600E-30   0.632819E-31   0.668379E-30   0.672767E-30   0.432995E-30   0.291822E-29   0.128146E-29   0.759485E-29   0.352667E-29   0.242031E-24   0.645617E-18   0.739592E-14   0.236581E-12   0.409023E-13   0.858628E-16   0.131295E-19   0.171740E-24   0.319192E-27   0.453501E-27   0.281688E-25   0.113965E-26   0.700646E-25   0.110421E-24
   0.333333E+00   0.196643E-28   0.212349E-28   0.171591E-28   0.804170E-28   0.435243E-28   0.204058E-27   0.218141E-27   0.174562E-27   0.818867E-27   0.439991E-27   0.206384E-26   0.110838E-26   0.630507E-22   0.168246E-15   0.192750E-11   0.616602E-10   0.106712E-10   0.224025E-13   0.342589E-17   0.447862E-22   0.791362E-25   0.111538E-24   0.734283E-23   0.278730E-24   0.182645E-22   0.287849E-22
   0.333333E+00   0.000000E+00   0.000000E+00   0.000000E+00   0.000000E+00   0.000000E+00   0.000000E+00   0.000000E+00   0.000000E+00   0.000000E+00   0.000000E+00   0.000000E+00   0.000000E+00   0.000000E+00   0.000000E+00   0.000000E+00   0.000000E+00   0.000000E+00   0.000000E+00   0.000000E+00   0.000000E+00   0.000000E+00   0.000000E+00   0.000000E+00   0.000000E+00   0.000000E+00   0.000000E+00
   0.333333E+00   0.232437E-26   0.462429E-26   0.923802E-26   0.185563E-25   0.369499E-25   0.741275E-25   0.147857E-24   0.295584E-24   0.592171E-24   0.118231E-23   0.236724E-23   0.472919E-23   0.858852E-20   0.423635E-13   0.608736E-09   0.244586E-07   0.520616E-08   0.914200E-11   0.143554E-14   0.184871E-19   0.238703E-20   0.484261E-20   0.979548E-20   0.193703E-19   0.389543E-19   0.778128E-19
   0.500000E+00   0.204942E-25   0.437500E-25   0.636212E-26   0.241695E-24   0.350000E-24   0.693401E-24   0.140000E-23   0.280000E-23   0.560000E-23   0.111746E-22   0.224000E-22   0.447437E-22   0.896000E-22   0.231061E-12   0.531923E-08   0.216303E-06   0.573766E-07   0.282562E-09   0.365799E-13   0.182174E-17   0.217712E-19   0.458893E-19   0.922347E-19   0.183499E-18   0.367208E-18   0.734268E-18
   0.500000E+00   0.723884E-38   0.163540E-35   0.264890E-38   0.100595E-36   0.130831E-34   0.244667E-36   0.523327E-34   0.104665E-33   0.209327E-33   0.393797E-35   0.837320E-33   0.157619E-34   0.334927E-32   0.136285E-25   0.246183E-21   0.812308E-20   0.178437E-20   0.107649E-22   0.129888E-26   0.653997E-31   0.212780E-31   0.191117E-33   0.129649E-32   0.685909E-29   0.254059E-32   0.488292E-32
   0.500000E+00   0.782801E-38   0.163539E-35   0.100475E-36   0.375565E-35   0.130832E-34   0.251373E-36   0.523355E-34   0.104670E-33   0.209330E-33   0.399050E-35   0.837325E-33   0.158730E-34   0.334925E-32   0.151531E-23   0.276523E-19   0.886882E-18   0.192131E-18   0.113011E-20   0.144062E-24   0.704491E-29   0.218576E-31   0.151815E-31   0.109935E-30   0.171871E-30   0.273175E-30   0.430486E-30
   0.500000E+00   0.724981E-38   0.163538E-35   0.545918E-38   0.205598E-36   0.130831E-34   0.244946E-36   0.523349E-34   0.104671E-33   0.209330E-33   0.393645E-35   0.837313E-33   0.157708E-34   0.334930E-32   0.579708E-25   0.107423E-20   0.345195E-19   0.749804E-20   0.439762E-22   0.562114E-26   0.276102E-30   0.212927E-31   0.693571E-33   0.439965E-32   0.171785E-30   0.110503E-31   0.163752E-31
   0.500000E+00   0.939042E-38   0.163539E-35   0.367146E-36   0.137199E-34   0.130831E-34   0.270563E-36   0.523348E-34   0.104671E-33   0.209329E-33   0.411283E-35   0.837311E-33   0.162096E-34   0.334926E-32   0.582216E-23   0.106282E-18   0.341131E-17   0.739178E-18   0.434963E-20   0.554618E-24   0.271356E-28   0.235213E-31   0.582384E-31   0.423362E-30   0.171871E-30   0.105099E-29   0.165635E-29
   0.500000E+00   0.203213E-36   0.163539E-35   0.336820E-34   0.125856E-32   0.130832E-34   0.268094E-35   0.131336E-35   0.262709E-35   0.524214E-35   0.164856E-34   0.209821E-34   0.423652E-34   0.839344E-34   0.546562E-21   0.997999E-17   0.320405E-15   0.694474E-16   0.408726E-18   0.521229E-22   0.255083E-26   0.232905E-30   0.546788E-29   0.397958E-28   0.173548E-30   0.987874E-28   0.155630E-27
   0.500000E+00   0.189566E-34   0.411981E-37   0.315305E-32   0.117817E-30   0.329703E-36   0.224485E-33   0.132126E-35   0.264345E-35   0.527562E-35   0.148727E-32   0.210980E-34   0.379347E-32   0.844279E-34   0.479239E-19   0.873235E-15   0.280095E-13   0.605987E-14   0.353747E-16   0.450561E-20   0.220394E-24   0.190944E-28   0.489458E-27   0.346862E-26   0.328878E-30   0.860797E-26   0.135598E-25
   0.500000E+00   0.731854E-38   0.163539E-35   0.164188E-37   0.615773E-36   0.130830E-34   0.245784E-36   0.523350E-34   0.104671E-33   0.209330E-33   0.394390E-35   0.837310E-33   0.157826E-34   0.334927E-32   0.224647E-24   0.411829E-20   0.132155E-18   0.286861E-19   0.168744E-21   0.214866E-25   0.105284E-29   0.213602E-31   0.234581E-32   0.165699E-31   0.171797E-30   0.412907E-31   0.638239E-31
   0.500000E+00   0.148569E-37   0.163538E-35   0.131125E-35   0.490067E-34   0.130831E-34   0.339217E-36   0.523350E-34   0.104671E-33   0.209330E-33   0.457365E-35   0.837313E-33   0.174025E-34   0.334925E-32   0.212075E-22   0.387247E-18   0.124324E-16   0.269464E-17   0.158589E-19   0.202238E-23   0.989726E-28   0.294853E-31   0.212236E-30   0.154418E-29   0.171958E-30   0.383340E-29   0.603914E-29
   0.500000E+00   0.673684E-36   0.409777E-37   0.116331E-33   0.434806E-32   0.327822E-36   0.847864E-35   0.131373E-35   0.262859E-35   0.524477E-35   0.573569E-34   0.209806E-34   0.147169E-33   0.839043E-34   0.191594E-20   0.349973E-16   0.112392E-14   0.243670E-15   0.143429E-17   0.182929E-21   0.895492E-26   0.764281E-30   0.191982E-28   0.139736E-27   0.177973E-30   0.346899E-27   0.546520E-27
   0.500000E+00   0.561837E-34   0.416184E-37   0.961957E-32   0.359615E-30   0.333417E-36   0.731141E-33   0.133724E-35   0.267430E-35   0.533919E-35   0.497238E-32   0.213628E-34   0.127635E-31   0.854872E-34   0.148822E-18   0.271176E-14   0.870475E-13   0.188161E-13   0.109378E-15   0.139794E-19   0.683549E-24   0.647121E-28   0.158119E-26   0.108080E-25   0.704951E-30   0.268249E-25   0.422584E-25
   0.500000E+00   0.442378E-32   0.897255E-37   0.136673E-30   0.511327E-29   0.768514E-36   0.589418E-31   0.313782E-35   0.633470E-35   0.127510E-34   0.403481E-30   0.515517E-34   0.103733E-29   0.207597E-33   0.143923E-17   0.260948E-13   0.834868E-12   0.178838E-12   0.104872E-14   0.134027E-18   0.654611E-23   0.116038E-26   0.190252E-25   0.102569E-24   0.433000E-28   0.254309E-24   0.400494E-24
   0.500000E+00   0.656374E-32   0.461182E-36   0.157218E-31   0.588225E-30   0.392124E-35   0.705763E-31   0.158780E-34   0.320086E-34   0.644137E-34   0.452251E-30   0.259987E-33   0.114102E-29   0.104587E-32   0.130800E-18   0.236732E-14   0.756353E-13   0.160972E-13   0.943756E-16   0.121000E-19   0.590623E-24   0.124380E-27   0.226235E-26   0.925426E-26   0.210896E-27   0.229321E-25   0.361087E-25
   0.500000E+00   0.750424E-38   0.163538E-35   0.488426E-37   0.183278E-35   0.130832E-34   0.247833E-36   0.523349E-34   0.104671E-33   0.209330E-33   0.396259E-35   0.837314E-33   0.158334E-34   0.334928E-32   0.752761E-24   0.137613E-19   0.441967E-18   0.957968E-19   0.563566E-21   0.718750E-25   0.351868E-29   0.215627E-31   0.762312E-32   0.550114E-31   0.171859E-30   0.136723E-30   0.215786E-30
   0.500000E+00   0.310898E-37   0.163537E-35   0.417067E-35   0.156128E-33   0.130830E-34   0.546854E-36   0.523347E-34   0.104670E-33   0.209330E-33   0.598246E-35   0.837320E-33   0.210088E-34   0.334927E-32   0.683726E-22   0.124891E-17   0.401073E-16   0.869527E-17   0.511815E-19   0.652765E-23   0.319542E-27   0.477821E-31   0.685131E-30   0.498628E-29   0.172044E-30   0.123788E-28   0.195023E-28
   0.500000E+00   0.221284E-35   0.409954E-37   0.393526E-33   0.147248E-31   0.327986E-36   0.287598E-34   0.131496E-35   0.262897E-35   0.524741E-35   0.195578E-33   0.209926E-34   0.502161E-33   0.839525E-34   0.654980E-20   0.119682E-15   0.384465E-14   0.833686E-15   0.490420E-17   0.624997E-21   0.306168E-25   0.256612E-29   0.657566E-28   0.478458E-27   0.192727E-30   0.118787E-26   0.187146E-26
   0.500000E+00   0.181059E-33   0.427086E-37   0.283334E-31   0.106096E-29   0.343479E-36   0.240893E-32   0.137617E-35   0.275950E-35   0.551184E-35   0.164836E-31   0.220654E-34   0.423744E-31   0.882978E-34   0.398238E-18   0.724645E-14   0.232450E-12   0.500830E-13   0.291144E-15   0.372951E-19   0.182252E-23   0.213037E-27   0.449427E-26   0.288010E-25   0.194422E-29   0.714620E-25   0.112568E-24
   0.500000E+00   0.141228E-31   0.173679E-36   0.164213E-30   0.614972E-29   0.154324E-35   0.190326E-30   0.635416E-35   0.128932E-34   0.260640E-34   0.130361E-29   0.105943E-33   0.335041E-29   0.428020E-33   0.168704E-17   0.305776E-13   0.978033E-12   0.209581E-12   0.122966E-14   0.157071E-18   0.767190E-23   0.136922E-26   0.226837E-25   0.120051E-24   0.143029E-27   0.297640E-24   0.468726E-24
   0.500000E+00   0.744082E-32   0.104547E-35   0.169470E-31   0.634691E-30   0.965638E-35   0.798360E-31   0.402013E-34   0.819331E-34   0.166315E-33   0.511147E-30   0.679546E-33   0.128938E-29   0.275487E-32   0.140861E-18   0.254941E-14   0.814528E-13   0.173356E-13   0.101636E-15   0.130308E-19   0.636057E-24   0.133793E-27   0.246118E-26   0.996602E-26   0.301883E-27   0.246957E-25   0.388856E-25
   0.500000E+00   0.724098E-32   0.827599E-34   0.158849E-31   0.594923E-30   0.718172E-33   0.780783E-31   0.291842E-32   0.589913E-32   0.118980E-31   0.513089E-30   0.481668E-31   0.132886E-29   0.194124E-30   0.131829E-18   0.238592E-14   0.762291E-13   0.162239E-13   0.951179E-16   0.121951E-19   0.595266E-24   0.125381E-27   0.231824E-26   0.932678E-26   0.327872E-27   0.231116E-25   0.363915E-25
   0.500000E+00   0.723014E-38   0.163540E-35   0.247057E-38   0.126271E-36   0.130831E-34   0.244480E-36   0.523350E-34   0.104670E-33   0.209330E-33   0.393549E-35   0.837313E-33   0.157550E-34   0.334924E-32   0.393335E-26   0.937343E-22   0.313421E-20   0.548410E-21   0.324275E-23   0.487997E-27   0.250205E-31   0.212824E-31   0.955587E-34   0.508290E-33   0.171785E-30   0.108530E-32   0.226883E-32
   0.500000E+00   0.858158E-37   0.163538E-35   0.139057E-34   0.522394E-33   0.130831E-34   0.126427E-35   0.523347E-34   0.104671E-33   0.209329E-33   0.705646E-35   0.209746E-34   0.182974E-34   0.839043E-34   0.231742E-21   0.423458E-17   0.136030E-15   0.294987E-16   0.173658E-18   0.221508E-22   0.108464E-26   0.111286E-30   0.232574E-29   0.169283E-28   0.172562E-30   0.420283E-28   0.662150E-28
   0.500000E+00   0.662411E-35   0.410835E-37   0.118928E-32   0.447086E-31   0.328598E-36   0.880243E-34   0.131731E-35   0.263537E-35   0.525907E-35   0.602179E-33   0.210453E-34   0.154806E-32   0.841872E-34   0.200258E-19   0.365910E-15   0.117567E-13   0.254877E-14   0.149439E-16   0.190088E-20   0.931556E-25   0.787042E-29   0.202794E-27   0.146407E-26   0.236903E-30   0.363495E-26   0.572687E-26
   0.500000E+00   0.525907E-33   0.483657E-37   0.613375E-31   0.228903E-29   0.398093E-36   0.715489E-32   0.160902E-35   0.323139E-35   0.647594E-35   0.492630E-31   0.259880E-34   0.126831E-30   0.104283E-33   0.771790E-18   0.140234E-13   0.449396E-12   0.965121E-13   0.563259E-15   0.721097E-19   0.352267E-23   0.530162E-27   0.936137E-26   0.555071E-25   0.549868E-29   0.137681E-24   0.216854E-24
   0.500000E+00   0.371250E-31   0.660096E-36   0.180705E-30   0.673594E-29   0.630399E-35   0.461845E-30   0.265489E-34   0.543583E-34   0.110752E-33   0.307544E-29   0.451281E-33   0.783856E-29   0.183576E-32   0.183465E-17   0.332484E-13   0.106334E-11   0.227954E-12   0.133756E-14   0.170812E-18   0.834337E-23   0.148712E-26   0.250099E-25   0.130472E-24   0.467618E-27   0.323475E-24   0.509408E-24
   0.500000E+00   0.818200E-32   0.491627E-35   0.182693E-31   0.680905E-30   0.481079E-34   0.873870E-31   0.204139E-33   0.419237E-33   0.856302E-33   0.559567E-30   0.349902E-32   0.141309E-29   0.142640E-31   0.151374E-18   0.273967E-14   0.875315E-13   0.186295E-13   0.109222E-15   0.140033E-19   0.683528E-24   0.143628E-27   0.265553E-26   0.107097E-25   0.357033E-27   0.265385E-25   0.417873E-25
   0.500000E+00   0.811408E-32   0.423113E-33   0.175735E-31   0.655019E-30   0.389226E-32   0.921323E-31   0.161333E-31   0.328296E-31   0.663270E-31   0.666964E-30   0.258944E-30   0.184617E-29   0.943744E-30   0.145109E-18   0.262627E-14   0.839082E-13   0.178584E-13   0.104700E-15   0.134236E-19   0.655233E-24   0.137788E-27   0.255134E-26   0.102666E-25   0.359500E-27   0.254422E-25   0.400645E-25
   0.500000E+00   0.722590E-38   0.163539E-35   0.241954E-38   0.161203E-36   0.130831E-34   0.244759E-36   0.523347E-34   0.104670E-33   0.209329E-33   0.393844E-35   0.837320E-33   0.157668E-34   0.334929E-32   0.543909E-26   0.110713E-21   0.360866E-20   0.827801E-21   0.429213E-23   0.532027E-27   0.328056E-31   0.212795E-31   0.770635E-34   0.606769E-33   0.171822E-30   0.108530E-32   0.217019E-32
   0.500000E+00   0.437765E-39   0.409748E-37   0.335139E-37   0.134823E-35   0.327939E-36   0.108057E-37   0.131411E-35   0.262784E-35   0.524515E-35   0.144117E-36   0.209806E-34   0.553009E-36   0.839043E-34   0.606305E-24   0.111024E-19   0.356769E-18   0.774123E-19   0.455653E-21   0.581341E-25   0.284834E-29   0.215069E-31   0.618666E-32   0.445714E-31   0.171810E-30   0.110923E-30   0.175193E-30
   0.500000E+00   0.211462E-37   0.409689E-37   0.368240E-35   0.142452E-33   0.327845E-36   0.291988E-36   0.131373E-35   0.262653E-35   0.524327E-35   0.207918E-35   0.209716E-34   0.554210E-35   0.838863E-34   0.627816E-22   0.114626E-17   0.368312E-16   0.797863E-17   0.465396E-19   0.592824E-23   0.290306E-27   0.467316E-31   0.650724E-30   0.458851E-29   0.172093E-30   0.113917E-28   0.179491E-28
   0.500000E+00   0.163434E-32   0.114734E-36   0.105137E-30   0.402745E-29   0.109584E-35   0.227403E-31   0.464659E-35   0.952301E-35   0.193725E-34   0.157548E-30   0.776556E-34   0.406228E-30   0.298730E-33   0.122197E-17   0.221760E-13   0.709999E-12   0.152210E-12   0.891340E-15   0.113970E-18   0.556686E-23   0.947269E-27   0.156171E-25   0.874325E-25   0.173426E-28   0.216815E-24   0.341467E-24
   0.500000E+00   0.574059E-31   0.589963E-35   0.172855E-30   0.662024E-29   0.622171E-34   0.653602E-30   0.271299E-33   0.562260E-33   0.115362E-32   0.424722E-29   0.463680E-32   0.107542E-28   0.175923E-31   0.182275E-17   0.330337E-13   0.105649E-11   0.226654E-12   0.132994E-14   0.169779E-18   0.829348E-23   0.146053E-26   0.248481E-25   0.129635E-24   0.127175E-26   0.321408E-24   0.506155E-24
   0.500000E+00   0.710823E-33   0.426118E-35   0.153176E-32   0.586498E-31   0.456406E-34   0.764539E-32   0.200168E-33   0.415700E-33   0.854309E-33   0.498979E-31   0.344126E-32   0.128104E-30   0.130707E-31   0.129847E-19   0.235004E-15   0.750826E-14   0.159795E-14   0.936786E-17   0.120112E-20   0.586289E-25   0.143194E-28   0.232653E-27   0.918703E-27   0.480248E-28   0.227653E-26   0.358469E-26
   0.500000E+00   0.100241E-31   0.421257E-32   0.182431E-31   0.699008E-30   0.316827E-31   0.142851E-30   0.992073E-31   0.169911E-30   0.285936E-30   0.102403E-29   0.778429E-30   0.265579E-29   0.205265E-29   0.150944E-18   0.273189E-14   0.872836E-13   0.185773E-13   0.108914E-15   0.139638E-19   0.681602E-24   0.143190E-27   0.265257E-26   0.106818E-25   0.373147E-27   0.264765E-25   0.417000E-25
   0.500000E+00   0.213810E-34   0.164040E-35   0.369258E-32   0.142802E-30   0.396024E-36   0.283342E-33   0.154413E-35   0.304199E-35   0.598994E-35   0.193681E-32   0.232691E-34   0.497765E-32   0.908316E-34   0.642701E-19   0.117482E-14   0.377499E-13   0.818817E-14   0.482095E-16   0.614977E-20   0.301224E-24   0.250265E-28   0.645975E-27   0.470218E-26   0.384788E-30   0.116749E-25   0.183941E-25
   0.500000E+00   0.209056E-34   0.487360E-37   0.366493E-32   0.141828E-30   0.395906E-36   0.283746E-33   0.154498E-35   0.304387E-35   0.599446E-35   0.195231E-32   0.232842E-34   0.502553E-32   0.909099E-34   0.649336E-19   0.118741E-14   0.381671E-13   0.828090E-14   0.487621E-16   0.622100E-20   0.304806E-24   0.253264E-28   0.653775E-27   0.475922E-26   0.387450E-30   0.118175E-25   0.186192E-25
   0.500000E+00   0.233246E-32   0.901968E-36   0.404024E-30   0.155929E-28   0.800074E-35   0.324127E-31   0.277876E-34   0.503486E-34   0.900741E-34   0.224472E-30   0.281187E-33   0.578726E-30   0.867071E-33   0.672415E-17   0.122663E-12   0.394140E-11   0.853523E-12   0.498044E-14   0.634924E-18   0.310556E-22   0.291613E-26   0.704554E-25   0.490943E-24   0.250321E-28   0.121884E-23   0.192028E-23
   0.500000E+00   0.762007E-28   0.282996E-31   0.225281E-26   0.875075E-25   0.255671E-30   0.108421E-26   0.886507E-30   0.160066E-29   0.284845E-29   0.755784E-26   0.875055E-29   0.195163E-25   0.263523E-28   0.312729E-13   0.570082E-09   0.182661E-07   0.395075E-08   0.231547E-10   0.294665E-14   0.144046E-18   0.214434E-22   0.321294E-21   0.225384E-20   0.834558E-24   0.559199E-20   0.880808E-20
   0.500000E+00   0.615182E-29   0.829027E-31   0.153119E-28   0.587988E-27   0.871789E-30   0.670719E-28   0.319988E-29   0.589481E-29   0.106589E-28   0.436452E-27   0.334984E-28   0.111066E-26   0.102336E-27   0.148857E-15   0.270150E-11   0.863854E-10   0.185311E-10   0.108731E-12   0.138815E-16   0.678082E-21   0.119644E-24   0.209679E-23   0.105948E-22   0.255342E-24   0.262664E-22   0.413636E-22
   0.500000E+00   0.102744E-30   0.829574E-31   0.150228E-30   0.576814E-29   0.385395E-30   0.126222E-29   0.996972E-30   0.159448E-29   0.254495E-29   0.817612E-29   0.645982E-29   0.206739E-28   0.163530E-28   0.139363E-17   0.252848E-13   0.808362E-12   0.173163E-12   0.101578E-14   0.129789E-18   0.633908E-23   0.115782E-26   0.206050E-25   0.990845E-25   0.266541E-26   0.245622E-24   0.386789E-24
   0.500000E+00   0.276566E-28   0.235001E-28   0.346654E-28   0.133136E-26   0.939800E-28   0.294236E-27   0.236715E-27   0.375665E-27   0.596156E-27   0.187884E-26   0.150115E-26   0.473477E-26   0.377909E-26   0.337303E-15   0.612179E-11   0.195757E-09   0.420092E-10   0.246464E-12   0.314618E-16   0.153690E-20   0.269704E-24   0.472614E-23   0.240091E-22   0.598268E-24   0.595234E-22   0.937361E-22
   0.500000E+00   0.000000E+00   0.000000E+00   0.000000E+00   0.000000E+00   0.000000E+00   0.000000E+00   0.000000E+00   0.000000E+00   0.000000E+00   0.000000E+00   0.000000E+00   0.000000E+00   0.000000E+00   0.000000E+00   0.000000E+00   0.000000E+00   0.000000E+00   0.000000E+00   0.000000E+00   0.000000E+00   0.000000E+00   0.000000E+00   0.000000E+00   0.000000E+00   0.000000E+00   0.000000E+00
   0.500000E+00   0.217307E-26   0.462034E-26   0.874289E-27   0.333850E-25   0.369544E-25   0.733229E-25   0.147805E-24   0.295602E-24   0.591190E-24   0.118046E-23   0.236468E-23   0.472538E-23   0.945853E-23   0.271862E-13   0.612453E-09   0.244656E-07   0.640974E-08   0.318966E-10   0.412473E-14   0.205176E-18   0.230009E-20   0.487296E-20   0.993773E-20   0.193703E-19   0.392623E-19   0.782966E-19
   0.666667E+00   0.218750E-25   0.437500E-25   0.875000E-25   0.175000E-24   0.350000E-24   0.102554E-23   0.140000E-23   0.278727E-23   0.560000E-23   0.111745E-22   0.224000E-22   0.448000E-22   0.896000E-22   0.179055E-21   0.358400E-21   0.173211E-06   0.983082E-07   0.775824E-08   0.417571E-11   0.435739E-15   0.163490E-20   0.459237E-19   0.925115E-19   0.183497E-18   0.367262E-18   0.734353E-18
   0.666667E+00   0.817739E-36   0.163540E-35   0.327075E-35   0.654160E-35   0.130831E-34   0.745441E-36   0.523327E-34   0.983367E-36   0.209327E-33   0.393693E-35   0.837321E-33   0.167464E-32   0.334927E-32   0.630756E-34   0.133970E-31   0.216008E-19   0.116152E-19   0.797345E-21   0.520510E-24   0.528995E-28   0.430481E-32   0.121562E-32   0.367689E-32   0.685905E-29   0.804252E-32   0.140589E-31
   0.666667E+00   0.817740E-36   0.163549E-35   0.327098E-35   0.654194E-35   0.130832E-34   0.828547E-34   0.523323E-34   0.103916E-35   0.209330E-33   0.408179E-35   0.837357E-33   0.167473E-32   0.334925E-32   0.640255E-34   0.133971E-31   0.237303E-17   0.127299E-17   0.884527E-19   0.558220E-22   0.579298E-26   0.905231E-32   0.133264E-30   0.366647E-30   0.171772E-30   0.906428E-30   0.142676E-29
   0.666667E+00   0.817739E-36   0.163549E-35   0.327095E-35   0.654187E-35   0.130831E-34   0.314894E-35   0.523322E-34   0.985046E-36   0.209330E-33   0.394293E-35   0.837354E-33   0.167470E-32   0.334930E-32   0.631233E-34   0.133970E-31   0.913022E-19   0.490287E-19   0.341012E-20   0.214963E-23   0.223005E-27   0.444588E-32   0.521728E-32   0.142296E-31   0.171845E-30   0.354016E-31   0.551503E-31
   0.666667E+00   0.817742E-36   0.163549E-35   0.327095E-35   0.654182E-35   0.130831E-34   0.312409E-33   0.523320E-34   0.119810E-35   0.209329E-33   0.449612E-35   0.837357E-33   0.167473E-32   0.334926E-32   0.667554E-34   0.133971E-31   0.911689E-17   0.489314E-17   0.340130E-18   0.214711E-21   0.222942E-25   0.227001E-31   0.512849E-30   0.141125E-29   0.171882E-30   0.348902E-29   0.549180E-29
   0.666667E+00   0.817737E-36   0.163549E-35   0.327097E-35   0.654189E-35   0.130831E-34   0.290856E-31   0.131195E-35   0.201223E-34   0.524477E-35   0.522901E-34   0.210227E-34   0.420455E-34   0.839344E-34   0.346905E-33   0.335569E-33   0.856791E-15   0.459968E-15   0.319795E-16   0.201899E-19   0.209700E-23   0.173868E-29   0.482404E-28   0.132762E-27   0.178156E-30   0.328217E-27   0.516613E-27
   0.666667E+00   0.207328E-37   0.414861E-37   0.829546E-37   0.165980E-36   0.331231E-36   0.262967E-29   0.132445E-35   0.183227E-32   0.530195E-35   0.473240E-32   0.212439E-34   0.424909E-34   0.848011E-34   0.311217E-31   0.339180E-33   0.735608E-13   0.393759E-13   0.271984E-14   0.171268E-17   0.178029E-21   0.144527E-27   0.418382E-26   0.113508E-25   0.739113E-30   0.280503E-25   0.441457E-25
   0.666667E+00   0.817734E-36   0.163547E-35   0.327094E-35   0.654190E-35   0.130832E-34   0.120531E-34   0.523323E-34   0.990276E-36   0.209329E-33   0.395869E-35   0.837351E-33   0.167472E-32   0.334926E-32   0.632548E-34   0.133971E-31   0.351819E-18   0.188824E-18   0.131267E-19   0.828448E-23   0.860311E-27   0.497250E-32   0.198695E-31   0.545824E-31   0.171833E-30   0.135291E-30   0.213103E-30
   0.666667E+00   0.817739E-36   0.163549E-35   0.327098E-35   0.654196E-35   0.130831E-34   0.112741E-32   0.523324E-34   0.176051E-35   0.209330E-33   0.595905E-35   0.837348E-33   0.167470E-32   0.334926E-32   0.764606E-34   0.133971E-31   0.331911E-16   0.178184E-16   0.123882E-17   0.782106E-21   0.812308E-25   0.714459E-31   0.186871E-29   0.514280E-29   0.172080E-30   0.127144E-28   0.200125E-28
   0.666667E+00   0.817740E-36   0.410777E-37   0.821377E-37   0.164322E-36   0.327963E-36   0.101018E-30   0.131195E-35   0.700635E-34   0.524665E-35   0.182383E-33   0.210348E-34   0.420515E-34   0.839645E-34   0.120997E-32   0.335689E-33   0.300206E-14   0.161201E-14   0.112096E-15   0.707668E-19   0.735236E-23   0.583308E-29   0.169190E-27   0.465648E-27   0.193946E-30   0.115126E-26   0.181213E-26
   0.666667E+00   0.210663E-37   0.421767E-37   0.844710E-37   0.169118E-36   0.337766E-36   0.798732E-29   0.135210E-35   0.603410E-32   0.541442E-35   0.157434E-31   0.217088E-34   0.434147E-34   0.867150E-34   0.104614E-30   0.346715E-33   0.221779E-12   0.118620E-12   0.813571E-14   0.515595E-17   0.536008E-21   0.436823E-27   0.128939E-25   0.342732E-25   0.208805E-29   0.846906E-25   0.133286E-24
   0.666667E+00   0.606996E-37   0.125722E-36   0.260184E-36   0.534921E-36   0.109307E-35   0.791551E-28   0.447835E-35   0.478398E-30   0.182779E-34   0.125102E-29   0.741017E-34   0.148874E-33   0.298651E-33   0.833086E-29   0.120072E-32   0.165164E-11   0.881219E-12   0.598061E-13   0.384320E-16   0.398915E-20   0.323612E-26   0.110263E-24   0.252478E-24   0.152162E-27   0.623054E-24   0.980171E-24
   0.666667E+00   0.481525E-36   0.984709E-36   0.202210E-35   0.412993E-35   0.839794E-35   0.109062E-28   0.340186E-34   0.415027E-30   0.138128E-33   0.104861E-29   0.557802E-33   0.111930E-32   0.224431E-32   0.666703E-29   0.901118E-32   0.185996E-12   0.989984E-13   0.663959E-14   0.431186E-17   0.447825E-21   0.365598E-27   0.141215E-25   0.282906E-25   0.571258E-27   0.697500E-25   0.109701E-24
   0.666667E+00   0.817734E-36   0.163548E-35   0.327094E-35   0.654192E-35   0.130831E-34   0.389427E-34   0.523327E-34   0.100954E-35   0.209330E-33   0.400448E-35   0.837363E-33   0.167472E-32   0.334929E-32   0.634942E-34   0.133971E-31   0.114613E-17   0.615261E-18   0.427744E-19   0.270035E-22   0.280470E-26   0.658149E-32   0.645882E-31   0.177688E-30   0.171772E-30   0.439497E-30   0.692092E-30
   0.666667E+00   0.817737E-36   0.163548E-35   0.327097E-35   0.654191E-35   0.130832E-34   0.350972E-32   0.523327E-34   0.341799E-35   0.209329E-33   0.102705E-34   0.837351E-33   0.167471E-32   0.334929E-32   0.105084E-33   0.133970E-31   0.104240E-15   0.559731E-16   0.389230E-17   0.245760E-20   0.255319E-24   0.215446E-30   0.587440E-29   0.161677E-28   0.172597E-30   0.399727E-28   0.629187E-28
   0.666667E+00   0.205550E-37   0.411041E-37   0.821906E-37   0.164393E-36   0.328033E-36   0.342251E-30   0.131242E-35   0.238480E-33   0.525267E-35   0.622160E-33   0.210393E-34   0.420816E-34   0.840307E-34   0.413460E-32   0.336002E-33   0.102439E-13   0.549831E-14   0.382203E-15   0.240809E-18   0.250271E-22   0.199510E-28   0.578558E-27   0.159000E-26   0.247710E-30   0.393124E-26   0.618804E-26
   0.666667E+00   0.219964E-37   0.441428E-37   0.885853E-37   0.177653E-36   0.355446E-36   0.217026E-28   0.142602E-35   0.198149E-31   0.571723E-35   0.518213E-31   0.229366E-34   0.459064E-34   0.916742E-34   0.345185E-30   0.367034E-33   0.558205E-12   0.298219E-12   0.202929E-13   0.129708E-16   0.134777E-20   0.109805E-26   0.337000E-25   0.859954E-25   0.650257E-29   0.212389E-24   0.334210E-24
   0.666667E+00   0.129960E-36   0.272750E-36   0.572166E-36   0.118924E-35   0.245138E-35   0.911988E-28   0.101245E-34   0.141200E-29   0.416317E-34   0.366369E-29   0.169456E-33   0.341079E-33   0.685342E-33   0.241060E-28   0.276051E-32   0.188594E-11   0.100636E-11   0.683295E-13   0.438973E-16   0.455604E-20   0.369391E-26   0.126608E-24   0.288135E-24   0.505113E-27   0.711041E-24   0.111858E-23
   0.666667E+00   0.108436E-35   0.230934E-35   0.490742E-35   0.102999E-34   0.214030E-34   0.117400E-28   0.891895E-34   0.459327E-30   0.369257E-33   0.116014E-29   0.150945E-32   0.304209E-32   0.612099E-32   0.737454E-29   0.246960E-31   0.200228E-12   0.106576E-12   0.714558E-14   0.464182E-17   0.482091E-21   0.393562E-27   0.152294E-25   0.304551E-25   0.710483E-27   0.750865E-25   0.118095E-24
   0.666667E+00   0.918358E-34   0.189083E-33   0.391404E-33   0.804540E-33   0.164449E-32   0.109987E-28   0.668880E-32   0.449277E-30   0.272858E-31   0.115444E-29   0.110506E-30   0.221976E-30   0.445465E-30   0.786366E-29   0.178717E-29   0.187448E-12   0.997735E-13   0.668934E-14   0.434551E-17   0.451317E-21   0.368453E-27   0.142750E-25   0.285109E-25   0.715040E-27   0.702926E-25   0.110555E-24
   0.666667E+00   0.817742E-36   0.163547E-35   0.327095E-35   0.654193E-35   0.130832E-34   0.229354E-36   0.523324E-34   0.983498E-36   0.209329E-33   0.393692E-35   0.837357E-33   0.167471E-32   0.334925E-32   0.631081E-34   0.133971E-31   0.703105E-20   0.385172E-20   0.251957E-21   0.167734E-24   0.172856E-28   0.427584E-32   0.385665E-33   0.121606E-32   0.171845E-30   0.323178E-32   0.503160E-32
   0.666667E+00   0.817731E-36   0.163546E-35   0.327097E-35   0.654195E-35   0.130831E-34   0.117464E-31   0.523323E-34   0.824198E-35   0.524440E-35   0.215394E-34   0.210303E-34   0.420395E-34   0.838983E-34   0.144256E-33   0.335689E-33   0.351945E-15   0.189042E-15   0.131477E-16   0.830234E-20   0.862758E-24   0.717921E-30   0.198533E-28   0.546437E-28   0.174459E-30   0.135110E-27   0.212674E-27
   0.666667E+00   0.206490E-37   0.413245E-37   0.827019E-37   0.165439E-36   0.330243E-36   0.101595E-29   0.132107E-35   0.713847E-33   0.528728E-35   0.186668E-32   0.211988E-34   0.423885E-34   0.846326E-34   0.124329E-31   0.338530E-33   0.302776E-13   0.163057E-13   0.112851E-14   0.709281E-18   0.737413E-22   0.594847E-28   0.172098E-26   0.470682E-26   0.401671E-30   0.116374E-25   0.183181E-25
   0.666667E+00   0.297576E-37   0.611051E-37   0.125525E-36   0.256575E-36   0.521943E-36   0.415208E-28   0.213263E-35   0.571677E-31   0.866405E-35   0.149866E-30   0.350880E-34   0.704560E-34   0.141219E-33   0.100069E-29   0.567114E-33   0.971701E-12   0.523162E-12   0.355363E-13   0.226628E-16   0.235438E-20   0.191364E-26   0.615296E-25   0.149667E-24   0.186066E-28   0.369485E-24   0.581340E-24
   0.666667E+00   0.810960E-36   0.177236E-35   0.385017E-35   0.822537E-35   0.173379E-34   0.978916E-28   0.736555E-34   0.263017E-29   0.307414E-33   0.672249E-29   0.126728E-32   0.256155E-32   0.516603E-32   0.433527E-28   0.208851E-31   0.201815E-11   0.108631E-11   0.739030E-13   0.471256E-16   0.489311E-20   0.396584E-26   0.136141E-24   0.309240E-24   0.160904E-26   0.763130E-24   0.120053E-23
   0.666667E+00   0.810888E-35   0.178953E-34   0.391894E-34   0.842543E-34   0.178488E-33   0.126179E-28   0.763256E-33   0.499698E-30   0.319912E-32   0.126383E-29   0.132243E-31   0.267561E-31   0.540033E-31   0.808750E-29   0.218555E-30   0.214521E-12   0.115168E-12   0.773089E-14   0.498814E-17   0.518286E-21   0.423085E-27   0.163791E-25   0.327295E-25   0.800225E-27   0.806938E-25   0.126914E-24
   0.666667E+00   0.756416E-33   0.161893E-32   0.346171E-32   0.730378E-32   0.152404E-31   0.121175E-28   0.632869E-31   0.603348E-30   0.249517E-30   0.168105E-29   0.900278E-30   0.164623E-29   0.294071E-29   0.127476E-28   0.884063E-29   0.205677E-12   0.110421E-12   0.741219E-14   0.478249E-17   0.496920E-21   0.405652E-27   0.157108E-25   0.313803E-25   0.785567E-27   0.773688E-25   0.121688E-24
   0.666667E+00   0.817744E-36   0.163548E-35   0.327097E-35   0.654192E-35   0.130838E-34   0.302415E-36   0.523354E-34   0.982365E-36   0.209340E-33   0.394143E-35   0.837354E-33   0.167470E-32   0.334941E-32   0.202059E-35   0.336123E-33   0.937897E-20   0.487284E-20   0.345839E-21   0.217188E-24   0.228641E-28   0.428085E-32   0.505993E-33   0.159327E-32   0.171833E-30   0.409523E-32   0.641283E-32
   0.666667E+00   0.205300E-37   0.410747E-37   0.821200E-37   0.164205E-36   0.328480E-36   0.314298E-34   0.131383E-35   0.533589E-37   0.525568E-35   0.185399E-36   0.210122E-34   0.420244E-34   0.840668E-34   0.234533E-35   0.336243E-33   0.950284E-18   0.510574E-18   0.355214E-19   0.224314E-22   0.233159E-26   0.618970E-32   0.537309E-31   0.147805E-30   0.171907E-30   0.365981E-30   0.576316E-30
   0.666667E+00   0.205403E-37   0.410747E-37   0.821259E-37   0.164252E-36   0.328433E-36   0.327387E-32   0.131430E-35   0.240134E-35   0.525681E-35   0.633736E-35   0.210257E-34   0.420334E-34   0.840608E-34   0.434187E-34   0.336315E-33   0.958133E-16   0.516702E-16   0.355681E-17   0.223714E-20   0.232683E-24   0.277224E-30   0.550460E-29   0.149016E-28   0.172560E-30   0.368371E-28   0.579850E-28
   0.666667E+00   0.197676E-36   0.447405E-36   0.100041E-35   0.218892E-35   0.470388E-35   0.652448E-28   0.204330E-34   0.181178E-30   0.835534E-34   0.476079E-30   0.314515E-33   0.590842E-33   0.109024E-32   0.318642E-29   0.356766E-32   0.142500E-11   0.767017E-12   0.522391E-13   0.332582E-16   0.345413E-20   0.280262E-26   0.933624E-25   0.218940E-24   0.594105E-28   0.540376E-24   0.850151E-24
   0.666667E+00   0.141026E-34   0.325780E-34   0.740378E-34   0.163974E-33   0.355629E-33   0.931116E-28   0.156187E-32   0.308070E-29   0.641641E-32   0.781493E-29   0.240971E-31   0.450870E-31   0.826982E-31   0.499378E-28   0.265706E-30   0.195578E-11   0.105302E-11   0.719045E-13   0.456894E-16   0.474402E-20   0.384222E-26   0.130812E-24   0.299776E-24   0.331077E-26   0.739837E-24   0.116391E-23
   0.666667E+00   0.136344E-34   0.317678E-34   0.726976E-34   0.161901E-33   0.352694E-33   0.109169E-29   0.155882E-32   0.463519E-31   0.642920E-32   0.121429E-30   0.241861E-31   0.452256E-31   0.827805E-31   0.837645E-30   0.263567E-30   0.184881E-13   0.992796E-14   0.661442E-15   0.429861E-18   0.446563E-22   0.365790E-28   0.141788E-26   0.282039E-26   0.869201E-28   0.695348E-26   0.109364E-25
   0.666667E+00   0.108943E-31   0.203011E-31   0.362316E-31   0.624456E-31   0.105108E-30   0.126915E-28   0.284439E-30   0.951865E-30   0.744970E-30   0.243671E-29   0.191610E-29   0.306101E-29   0.488229E-29   0.156602E-28   0.123839E-28   0.213788E-12   0.114809E-12   0.765115E-14   0.497122E-17   0.516427E-21   0.421581E-27   0.163242E-25   0.326173E-25   0.815237E-27   0.804243E-25   0.126500E-24
   0.666667E+00   0.443103E-37   0.887293E-37   0.172986E-36   0.330761E-36   0.625951E-36   0.246691E-29   0.222159E-35   0.174910E-32   0.796477E-35   0.457197E-32   0.289777E-34   0.555631E-34   0.107015E-33   0.304346E-31   0.401291E-33   0.745220E-13   0.400371E-13   0.278507E-14   0.175881E-17   0.182821E-21   0.145016E-27   0.420757E-26   0.115814E-25   0.748123E-30   0.286375E-25   0.450787E-25
   0.666667E+00   0.462381E-37   0.929405E-37   0.181579E-36   0.347382E-36   0.656678E-36   0.273041E-29   0.232005E-35   0.194345E-32   0.826570E-35   0.509288E-32   0.298805E-34   0.571279E-34   0.109634E-33   0.339904E-31   0.408682E-33   0.832597E-13   0.447421E-13   0.311280E-14   0.196541E-17   0.204361E-21   0.162176E-27   0.470589E-26   0.129531E-25   0.816420E-30   0.320319E-25   0.504233E-25
   0.666667E+00   0.261312E-35   0.531115E-35   0.102420E-34   0.189512E-34   0.341331E-34   0.257259E-27   0.105471E-33   0.201561E-30   0.317856E-33   0.529531E-30   0.942746E-33   0.161258E-32   0.274628E-32   0.354323E-29   0.788382E-32   0.747343E-11   0.403503E-11   0.276848E-12   0.174890E-15   0.181668E-19   0.147031E-25   0.431072E-24   0.116248E-23   0.673883E-28   0.287372E-23   0.452325E-23
   0.666667E+00   0.823395E-31   0.168570E-30   0.326812E-30   0.607018E-30   0.109611E-29   0.100102E-23   0.339410E-29   0.656411E-26   0.102177E-28   0.172749E-25   0.301823E-28   0.514571E-28   0.872604E-28   0.115741E-24   0.247476E-27   0.272038E-07   0.145622E-07   0.101057E-08   0.636176E-12   0.660006E-16   0.531160E-22   0.152502E-20   0.418546E-20   0.219436E-23   0.103421E-19   0.162756E-19
   0.666667E+00   0.368602E-30   0.817514E-30   0.168978E-29   0.330333E-29   0.621322E-29   0.791463E-26   0.203927E-28   0.319660E-27   0.636593E-28   0.825890E-27   0.192130E-27   0.329753E-27   0.561739E-27   0.548008E-26   0.159955E-26   0.161418E-09   0.859907E-10   0.586821E-11   0.375671E-14   0.389877E-18   0.315817E-24   0.108469E-22   0.246354E-22   0.448952E-24   0.607932E-22   0.956368E-22
   0.666667E+00   0.116461E-30   0.187400E-30   0.299665E-30   0.477699E-30   0.760284E-30   0.832322E-28   0.192125E-29   0.607745E-29   0.484791E-29   0.153466E-28   0.122230E-28   0.194038E-28   0.307990E-28   0.974574E-28   0.775644E-28   0.160592E-11   0.854788E-12   0.581262E-13   0.373307E-16   0.387494E-20   0.314486E-26   0.111439E-24   0.244804E-24   0.491673E-26   0.603960E-24   0.950058E-24
   0.666667E+00   0.250738E-28   0.397932E-28   0.631526E-28   0.100223E-27   0.159052E-27   0.176403E-25   0.400559E-27   0.126195E-26   0.100870E-26   0.318395E-26   0.253981E-26   0.402984E-26   0.639360E-26   0.201991E-25   0.160894E-25   0.362498E-09   0.193165E-09   0.131407E-10   0.843809E-14   0.875606E-18   0.709099E-24   0.242501E-22   0.553288E-22   0.101280E-23   0.136541E-21   0.214801E-21
   0.666667E+00   0.000000E+00   0.000000E+00   0.000000E+00   0.000000E+00   0.000000E+00   0.000000E+00   0.000000E+00   0.000000E+00   0.000000E+00   0.000000E+00   0.000000E+00   0.000000E+00   0.000000E+00   0.000000E+00   0.000000E+00   0.000000E+00   0.000000E+00   0.000000E+00   0.000000E+00   0.000000E+00   0.000000E+00   0.000000E+00   0.000000E+00   0.000000E+00   0.000000E+00   0.000000E+00
   0.666667E+00   0.231138E-26   0.462186E-26   0.924227E-26   0.184822E-25   0.369607E-25   0.198642E-24   0.147822E-24   0.294943E-24   0.591232E-24   0.118146E-23   0.236479E-23   0.472949E-23   0.945881E-23   0.189136E-22   0.378343E-22   0.207252E-07   0.116840E-07   0.909599E-09   0.497867E-12   0.519184E-16   0.177346E-21   0.498507E-20   0.101410E-19   0.193703E-19   0.396960E-19   0.789785E-19
   0.833333E+00   0.204315E-25   0.417829E-25   0.875000E-25   0.175000E-24   0.350000E-24   0.693219E-24   0.140000E-23   0.539843E-23   0.562050E-23   0.111744E-22   0.224000E-22   0.448000E-22   0.896000E-22   0.179057E-21   0.358400E-21   0.126838E-06   0.140047E-06   0.123929E-07   0.392232E-11   0.724429E-15   0.342944E-20   0.459476E-19   0.928924E-19   0.183496E-18   0.367304E-18   0.734434E-18
   0.833333E+00   0.725591E-38   0.148217E-37   0.327075E-35   0.654159E-35   0.130831E-34   0.244803E-36   0.523327E-34   0.221015E-35   0.296357E-35   0.393913E-35   0.837321E-33   0.167464E-32   0.334927E-32   0.630757E-34   0.133970E-31   0.394399E-19   0.427026E-19   0.323716E-20   0.125255E-23   0.220330E-27   0.335966E-32   0.389975E-32   0.832935E-32   0.171832E-30   0.208494E-31   0.327598E-31
   0.833333E+00   0.116545E-37   0.222114E-37   0.327098E-35   0.654194E-35   0.130832E-34   0.298956E-36   0.523323E-34   0.248043E-33   0.330279E-33   0.430917E-35   0.837357E-33   0.167473E-32   0.334925E-32   0.655411E-34   0.133971E-31   0.437247E-17   0.474046E-17   0.358575E-18   0.133468E-21   0.244062E-25   0.990163E-31   0.424081E-30   0.919299E-30   0.171856E-30   0.226055E-29   0.355444E-29
   0.833333E+00   0.737942E-38   0.150265E-37   0.327095E-35   0.654186E-35   0.130831E-34   0.246710E-36   0.523322E-34   0.942890E-35   0.125856E-34   0.395564E-35   0.837354E-33   0.167470E-32   0.334930E-32   0.631956E-34   0.133970E-31   0.167543E-18   0.181656E-18   0.137485E-19   0.511620E-23   0.935825E-27   0.619095E-32   0.163369E-31   0.353612E-31   0.171881E-30   0.871482E-31   0.137552E-30
   0.833333E+00   0.231552E-37   0.419278E-37   0.327095E-35   0.654182E-35   0.130831E-34   0.449497E-36   0.523321E-34   0.941906E-33   0.125636E-32   0.535700E-35   0.837357E-33   0.167473E-32   0.334926E-32   0.724205E-34   0.133971E-31   0.167776E-16   0.181993E-16   0.137717E-17   0.512734E-21   0.937893E-25   0.373549E-30   0.163039E-29   0.353485E-29   0.171943E-30   0.869306E-29   0.136684E-28
   0.833333E+00   0.145735E-35   0.250462E-35   0.327100E-35   0.654189E-35   0.130832E-34   0.193244E-34   0.131195E-35   0.880988E-31   0.117613E-30   0.132843E-33   0.210227E-34   0.420455E-34   0.839344E-34   0.885138E-33   0.335569E-33   0.157746E-14   0.171158E-14   0.129546E-15   0.482367E-19   0.882478E-23   0.333116E-28   0.153449E-27   0.332707E-27   0.189285E-30   0.818241E-27   0.128658E-26
   0.833333E+00   0.139638E-33   0.236271E-33   0.834307E-37   0.166885E-36   0.333112E-36   0.174999E-32   0.133263E-35   0.788145E-29   0.104159E-28   0.120092E-31   0.213733E-34   0.427496E-34   0.853307E-34   0.794911E-31   0.341371E-33   0.133421E-12   0.143863E-12   0.108305E-13   0.403130E-17   0.734801E-21   0.278583E-26   0.130229E-25   0.279513E-25   0.173942E-29   0.687005E-25   0.108003E-24
   0.833333E+00   0.782683E-38   0.157984E-37   0.327093E-35   0.654193E-35   0.130831E-34   0.252295E-36   0.523321E-34   0.362427E-34   0.483562E-34   0.399017E-35   0.837355E-33   0.167471E-32   0.334926E-32   0.634233E-34   0.133970E-31   0.645760E-18   0.700521E-18   0.530061E-19   0.197332E-22   0.360941E-26   0.167703E-31   0.628097E-31   0.136186E-30   0.171869E-30   0.335244E-30   0.527167E-30
   0.833333E+00   0.634230E-37   0.111217E-36   0.327097E-35   0.654196E-35   0.130831E-34   0.982841E-36   0.523324E-34   0.340853E-32   0.455004E-32   0.907170E-35   0.837360E-33   0.167471E-32   0.334926E-32   0.972083E-34   0.133970E-31   0.610116E-16   0.661978E-16   0.501030E-17   0.186558E-20   0.341303E-24   0.135299E-29   0.593459E-29   0.128673E-28   0.172510E-30   0.316453E-28   0.497583E-28
   0.833333E+00   0.492757E-35   0.850496E-35   0.821612E-37   0.164299E-36   0.328033E-36   0.661903E-34   0.131166E-35   0.306823E-30   0.409935E-30   0.463304E-33   0.210287E-34   0.420575E-34   0.839404E-34   0.309186E-32   0.335906E-33   0.552048E-14   0.599066E-14   0.453473E-15   0.168780E-18   0.308649E-22   0.116611E-27   0.537553E-27   0.116545E-26   0.233078E-30   0.286644E-26   0.450720E-26
   0.833333E+00   0.409411E-33   0.712676E-33   0.857817E-37   0.171752E-36   0.343197E-36   0.563824E-32   0.137458E-35   0.240130E-28   0.315192E-28   0.397185E-31   0.220910E-34   0.441821E-34   0.881895E-34   0.265652E-30   0.352951E-33   0.391690E-12   0.421545E-12   0.314826E-13   0.118172E-16   0.215252E-20   0.816735E-26   0.388069E-25   0.820504E-25   0.543620E-29   0.201602E-24   0.316914E-24
   0.833333E+00   0.309240E-31   0.541441E-31   0.352954E-36   0.728054E-36   0.149184E-35   0.432699E-30   0.612874E-35   0.191357E-27   0.247003E-27   0.305042E-29   0.101766E-33   0.204543E-33   0.410536E-33   0.203743E-28   0.165168E-32   0.242620E-11   0.261174E-11   0.191546E-12   0.732784E-16   0.133453E-19   0.505902E-25   0.264431E-24   0.502615E-24   0.409702E-27   0.123283E-23   0.193700E-23
   0.833333E+00   0.286362E-31   0.465317E-31   0.366317E-35   0.748475E-35   0.152252E-34   0.307119E-30   0.616897E-34   0.309672E-28   0.397834E-28   0.196601E-29   0.101193E-32   0.203071E-32   0.407217E-32   0.124943E-28   0.163511E-31   0.325708E-12   0.349072E-12   0.251379E-13   0.979495E-17   0.178043E-20   0.676870E-26   0.382395E-25   0.669490E-25   0.114566E-26   0.163980E-24   0.257544E-24
   0.833333E+00   0.911277E-38   0.179987E-37   0.327094E-35   0.654188E-35   0.130831E-34   0.269240E-36   0.523326E-34   0.114566E-33   0.152938E-33   0.411477E-35   0.837351E-33   0.167471E-32   0.334925E-32   0.642761E-34   0.133970E-31   0.205038E-17   0.222465E-17   0.168380E-18   0.626946E-22   0.114694E-25   0.478734E-31   0.199502E-30   0.432552E-30   0.171881E-30   0.106401E-29   0.167342E-29
   0.833333E+00   0.174305E-36   0.303424E-36   0.327096E-35   0.654191E-35   0.130832E-34   0.248891E-35   0.523322E-34   0.103838E-31   0.138718E-31   0.196416E-34   0.837357E-33   0.167472E-32   0.334929E-32   0.167820E-33   0.133972E-31   0.186779E-15   0.202705E-15   0.153452E-16   0.571439E-20   0.104558E-23   0.394764E-29   0.181856E-28   0.394318E-28   0.173890E-30   0.969833E-28   0.152497E-27
   0.833333E+00   0.163118E-34   0.283828E-34   0.822493E-37   0.164487E-36   0.328339E-36   0.224335E-33   0.131345E-35   0.104234E-29   0.139366E-29   0.157977E-32   0.210588E-34   0.421147E-34   0.840247E-34   0.105654E-31   0.336123E-33   0.187837E-13   0.203665E-13   0.154108E-14   0.572281E-18   0.104570E-21   0.395403E-27   0.183208E-26   0.396652E-26   0.381898E-30   0.975570E-26   0.153400E-25
   0.833333E+00   0.129972E-32   0.227764E-32   0.921470E-37   0.185105E-36   0.370868E-36   0.183010E-31   0.148949E-35   0.629486E-28   0.817644E-28   0.129717E-30   0.240004E-34   0.480339E-34   0.960016E-34   0.869706E-30   0.384295E-33   0.938834E-12   0.100930E-11   0.744823E-13   0.283076E-16   0.515351E-20   0.195589E-25   0.953582E-25   0.195831E-24   0.174338E-28   0.480779E-24   0.755602E-24
   0.833333E+00   0.863393E-31   0.148215E-30   0.833937E-36   0.173673E-35   0.358599E-35   0.111214E-29   0.148369E-34   0.216635E-27   0.279689E-27   0.754346E-29   0.248902E-33   0.501088E-33   0.100715E-32   0.492977E-28   0.405803E-32   0.273018E-11   0.293981E-11   0.215784E-12   0.824827E-16   0.150233E-19   0.569407E-25   0.298923E-24   0.565436E-24   0.136152E-26   0.138693E-23   0.217913E-23
   0.833333E+00   0.314345E-31   0.510574E-31   0.906459E-35   0.190354E-34   0.395749E-34   0.336523E-30   0.165007E-33   0.333559E-28   0.428557E-28   0.215258E-29   0.279440E-32   0.563210E-32   0.113333E-31   0.136800E-28   0.457306E-31   0.350603E-12   0.375754E-12   0.270568E-13   0.105436E-16   0.191651E-20   0.728605E-26   0.411924E-25   0.720648E-25   0.133929E-26   0.176509E-24   0.277223E-24
   0.833333E+00   0.299946E-31   0.487409E-31   0.742194E-33   0.152724E-32   0.312448E-32   0.324429E-30   0.127257E-31   0.312857E-28   0.401983E-28   0.213581E-29   0.210541E-30   0.423002E-30   0.849008E-30   0.145813E-28   0.340544E-29   0.328378E-12   0.351931E-12   0.253402E-13   0.987514E-17   0.179499E-20   0.682413E-26   0.386015E-25   0.674951E-25   0.130670E-26   0.165316E-24   0.259642E-24
   0.833333E+00   0.722022E-38   0.147739E-37   0.327098E-35   0.654193E-35   0.130831E-34   0.244324E-36   0.523321E-34   0.669175E-36   0.914737E-36   0.393913E-35   0.837357E-33   0.167473E-32   0.334929E-32   0.630964E-34   0.133971E-31   0.124979E-19   0.132139E-19   0.101490E-20   0.387148E-24   0.714351E-28   0.276659E-32   0.128757E-32   0.278474E-32   0.171844E-30   0.700739E-32   0.108542E-31
   0.833333E+00   0.553899E-36   0.965645E-36   0.327095E-35   0.654190E-35   0.130831E-34   0.751627E-35   0.131157E-35   0.347314E-31   0.464322E-31   0.529778E-34   0.210257E-34   0.420515E-34   0.839344E-34   0.355328E-33   0.335738E-33   0.627802E-15   0.681499E-15   0.516010E-16   0.192178E-19   0.351684E-23   0.132798E-28   0.611848E-28   0.132674E-27   0.178894E-30   0.326336E-27   0.513146E-27
   0.833333E+00   0.463884E-34   0.812610E-34   0.834895E-37   0.167155E-36   0.333840E-36   0.652328E-33   0.133668E-35   0.302715E-29   0.404259E-29   0.462165E-32   0.214561E-34   0.429151E-34   0.856978E-34   0.309809E-31   0.342815E-33   0.539587E-13   0.584154E-13   0.441501E-14   0.163756E-17   0.298941E-21   0.113132E-26   0.527545E-26   0.113895E-25   0.792785E-30   0.280108E-25   0.440440E-25
   0.833333E+00   0.353917E-32   0.624389E-32   0.185534E-36   0.385327E-36   0.794187E-36   0.509557E-31   0.328847E-35   0.109426E-27   0.141500E-27   0.363380E-30   0.552411E-34   0.111225E-33   0.223432E-33   0.244214E-29   0.899385E-33   0.150798E-11   0.163018E-11   0.119549E-12   0.456275E-16   0.830977E-20   0.315020E-25   0.158184E-24   0.314358E-24   0.489171E-28   0.771380E-24   0.121214E-23
   0.833333E+00   0.152217E-30   0.253387E-30   0.931227E-35   0.199930E-34   0.423084E-34   0.176352E-29   0.180192E-33   0.230536E-27   0.297678E-27   0.115427E-28   0.313373E-32   0.633899E-32   0.127920E-31   0.741080E-28   0.517297E-31   0.290078E-11   0.314030E-11   0.230492E-12   0.878895E-16   0.160134E-19   0.606553E-25   0.318805E-24   0.602375E-24   0.387587E-26   0.147757E-23   0.232156E-23
   0.833333E+00   0.341098E-31   0.553753E-31   0.117445E-33   0.253598E-33   0.539094E-33   0.365100E-30   0.231022E-32   0.358645E-28   0.460809E-28   0.234530E-29   0.404445E-31   0.818856E-31   0.165362E-30   0.150874E-28   0.669371E-30   0.375896E-12   0.404902E-12   0.291248E-13   0.113340E-16   0.206064E-20   0.783021E-26   0.442915E-25   0.774614E-25   0.147838E-26   0.189727E-24   0.297982E-24
   0.833333E+00   0.349997E-31   0.580593E-31   0.110081E-31   0.233332E-31   0.485668E-31   0.446106E-30   0.192941E-30   0.347296E-28   0.446575E-28   0.348219E-29   0.224802E-29   0.390948E-29   0.668024E-29   0.253085E-28   0.187175E-28   0.360469E-12   0.388284E-12   0.279288E-13   0.108688E-16   0.197606E-20   0.750885E-26   0.424814E-25   0.742814E-25   0.143659E-26   0.181939E-24   0.285754E-24
   0.833333E+00   0.722983E-38   0.147852E-37   0.327094E-35   0.654187E-35   0.130837E-34   0.244556E-36   0.523348E-34   0.886274E-36   0.120917E-35   0.125350E-36   0.210137E-34   0.420304E-34   0.840307E-34   0.204467E-35   0.336243E-33   0.161960E-19   0.179150E-19   0.135911E-20   0.515495E-24   0.943068E-28   0.285321E-32   0.159325E-32   0.360385E-32   0.171832E-30   0.851249E-32   0.139624E-31
   0.833333E+00   0.172923E-38   0.307884E-38   0.821435E-37   0.164240E-36   0.328527E-36   0.287767E-37   0.131354E-35   0.962229E-34   0.128755E-33   0.274718E-36   0.210137E-34   0.420244E-34   0.840488E-34   0.304295E-35   0.336340E-33   0.174828E-17   0.189825E-17   0.143761E-18   0.535445E-22   0.979996E-26   0.413015E-31   0.170601E-30   0.369973E-30   0.171832E-30   0.910319E-30   0.143186E-29
   0.833333E+00   0.153919E-36   0.271499E-36   0.821964E-37   0.164416E-36   0.328739E-36   0.221725E-35   0.131458E-35   0.100158E-31   0.132859E-31   0.158713E-34   0.210287E-34   0.420575E-34   0.841090E-34   0.107790E-33   0.336364E-33   0.172580E-15   0.187775E-15   0.140719E-16   0.523968E-20   0.955516E-24   0.368508E-29   0.170272E-28   0.364895E-28   0.173976E-30   0.897097E-28   0.141053E-27
   0.833333E+00   0.108595E-31   0.192868E-31   0.412341E-35   0.913204E-35   0.196974E-34   0.159832E-30   0.827231E-34   0.159991E-27   0.206746E-27   0.114662E-29   0.105938E-32   0.189409E-32   0.334046E-32   0.772364E-29   0.101347E-31   0.208169E-11   0.229117E-11   0.166770E-12   0.636066E-16   0.115943E-19   0.438615E-25   0.225742E-24   0.437015E-24   0.156235E-27   0.107214E-23   0.168463E-23
   0.833333E+00   0.170313E-30   0.279068E-30   0.327062E-33   0.729049E-33   0.158026E-32   0.187569E-29   0.667570E-32   0.214062E-27   0.276653E-27   0.121079E-28   0.855787E-31   0.152738E-30   0.268674E-30   0.772928E-28   0.808870E-30   0.275872E-11   0.296739E-11   0.219288E-12   0.833322E-16   0.151841E-19   0.575254E-25   0.300192E-24   0.571343E-24   0.607484E-26   0.140169E-23   0.220243E-23
   0.833333E+00   0.304952E-32   0.500177E-32   0.406784E-33   0.912164E-33   0.198655E-32   0.358450E-31   0.843012E-32   0.314011E-29   0.403591E-29   0.259747E-30   0.103573E-30   0.181186E-30   0.311885E-30   0.181025E-29   0.896062E-30   0.326902E-13   0.349433E-13   0.251747E-14   0.981685E-18   0.178414E-21   0.678562E-27   0.384499E-26   0.671000E-26   0.146698E-27   0.164343E-25   0.258113E-25
   0.833333E+00   0.611387E-31   0.102161E-30   0.823936E-31   0.134670E-30   0.218057E-30   0.707298E-30   0.561843E-30   0.365657E-28   0.470767E-28   0.457348E-29   0.362658E-29   0.576619E-29   0.916412E-29   0.291396E-28   0.231275E-28   0.375748E-12   0.401717E-12   0.289559E-13   0.112856E-16   0.205120E-20   0.779976E-26   0.441084E-25   0.771425E-25   0.148979E-26   0.188954E-24   0.296778E-24
   0.833333E+00   0.926876E-34   0.162220E-33   0.346312E-36   0.631088E-36   0.114554E-35   0.129920E-32   0.376262E-35   0.596212E-29   0.797567E-29   0.919383E-32   0.416738E-34   0.766791E-34   0.141887E-33   0.615923E-31   0.495806E-33   0.108263E-12   0.117550E-12   0.890218E-14   0.331572E-17   0.606858E-21   0.229186E-26   0.105608E-25   0.229012E-25   0.144086E-29   0.563336E-25   0.885836E-25
   0.833333E+00   0.109677E-33   0.193322E-33   0.398692E-36   0.726103E-36   0.131545E-35   0.157402E-32   0.428651E-35   0.725439E-29   0.971247E-29   0.112117E-31   0.462298E-34   0.843407E-34   0.154676E-33   0.753061E-31   0.531171E-33   0.132398E-12   0.143766E-12   0.108885E-13   0.405266E-17   0.741379E-21   0.280219E-26   0.129295E-25   0.280337E-25   0.172568E-29   0.689630E-25   0.108446E-24
   0.833333E+00   0.100855E-31   0.179036E-31   0.295625E-34   0.527262E-34   0.929743E-34   0.148192E-30   0.281768E-33   0.617993E-27   0.813551E-27   0.106250E-29   0.241118E-32   0.405541E-32   0.678770E-32   0.715500E-29   0.188526E-31   0.105419E-10   0.113714E-10   0.855520E-12   0.319140E-15   0.582208E-19   0.220314E-24   0.103807E-23   0.221929E-23   0.147823E-27   0.545628E-23   0.857870E-23
   0.833333E+00   0.310378E-27   0.553436E-27   0.922244E-30   0.165169E-29   0.292161E-29   0.459397E-26   0.888876E-29   0.189819E-23   0.251763E-23   0.327618E-25   0.761376E-28   0.127926E-27   0.213780E-27   0.219507E-24   0.590823E-27   0.318393E-07   0.344451E-07   0.260364E-08   0.966782E-12   0.176557E-15   0.666717E-21   0.307291E-20   0.666599E-20   0.468777E-23   0.163859E-19   0.257603E-19
   0.833333E+00   0.175552E-28   0.292145E-28   0.700777E-29   0.131712E-28   0.241315E-28   0.211448E-27   0.763242E-28   0.183851E-25   0.239816E-25   0.146014E-26   0.652464E-27   0.108719E-26   0.179928E-26   0.975799E-26   0.486092E-26   0.228550E-09   0.245719E-09   0.181089E-10   0.690112E-14   0.125722E-17   0.476411E-23   0.249793E-22   0.472856E-22   0.680317E-24   0.115990E-21   0.182242E-21
   0.833333E+00   0.364945E-30   0.592533E-30   0.490843E-30   0.779753E-30   0.123831E-29   0.389485E-29   0.312125E-29   0.206947E-27   0.269414E-27   0.248627E-28   0.198071E-28   0.314313E-28   0.498734E-28   0.157729E-27   0.125534E-27   0.241340E-11   0.259011E-11   0.189675E-12   0.727525E-16   0.132445E-19   0.502418E-25   0.269479E-24   0.498059E-24   0.793395E-26   0.122114E-23   0.191841E-23
   0.833333E+00   0.697131E-28   0.113030E-27   0.937141E-28   0.148719E-27   0.236007E-27   0.741447E-27   0.594340E-27   0.405416E-25   0.529261E-25   0.473023E-26   0.376831E-26   0.597903E-26   0.948604E-26   0.300002E-25   0.238712E-25   0.508835E-09   0.547216E-09   0.403192E-10   0.153681E-13   0.279985E-17   0.106085E-22   0.554377E-22   0.105307E-21   0.150423E-23   0.258331E-21   0.405894E-21
   0.833333E+00   0.000000E+00   0.000000E+00   0.000000E+00   0.000000E+00   0.000000E+00   0.000000E+00   0.000000E+00   0.000000E+00   0.000000E+00   0.000000E+00   0.000000E+00   0.000000E+00   0.000000E+00   0.000000E+00   0.000000E+00   0.000000E+00   0.000000E+00   0.000000E+00   0.000000E+00   0.000000E+00   0.000000E+00   0.000000E+00   0.000000E+00   0.000000E+00   0.000000E+00   0.000000E+00
   0.833333E+00   0.219182E-26   0.447196E-26   0.924550E-26   0.184875E-25   0.369693E-25   0.736653E-25   0.147844E-24   0.742219E-24   0.821793E-24   0.118300E-23   0.236494E-23   0.472973E-23   0.945920E-23   0.189242E-22   0.378353E-22   0.162575E-07   0.178861E-07   0.154259E-08   0.501128E-12   0.923739E-16   0.422071E-21   0.512791E-20   0.104061E-19   0.193704E-19   0.402485E-19   0.798469E-19
   0.100000E+01   0.218750E-25   0.437500E-25   0.875000E-25   0.171197E-24   0.350000E-24   0.700000E-24   0.140000E-23   0.280000E-23   0.560000E-23   0.157928E-22   0.224000E-22   0.448000E-22   0.896000E-22   0.179060E-21   0.358400E-21   0.317461E-07   0.228966E-06   0.185626E-07   0.717139E-11   0.674871E-15   0.209110E-18   0.462331E-19   0.934189E-19   0.183493E-18   0.367336E-18   0.734512E-18
   0.100000E+01   0.817739E-36   0.163540E-35   0.327075E-35   0.607863E-37   0.130831E-34   0.261665E-34   0.523327E-34   0.104665E-33   0.209327E-33   0.257122E-34   0.837321E-33   0.167464E-32   0.334927E-32   0.631002E-34   0.133970E-31   0.207917E-19   0.149958E-18   0.103509E-19   0.487437E-23   0.432939E-27   0.134819E-30   0.909302E-32   0.172800E-31   0.171768E-30   0.429137E-31   0.677022E-31
   0.100000E+01   0.817740E-36   0.163549E-35   0.327077E-35   0.103875E-36   0.130838E-34   0.261675E-34   0.523355E-34   0.104670E-33   0.209330E-33   0.287399E-32   0.837357E-33   0.167473E-32   0.334925E-32   0.683200E-34   0.133971E-31   0.231666E-17   0.167087E-16   0.115372E-17   0.520795E-21   0.482921E-25   0.150456E-28   0.100875E-29   0.193185E-29   0.171916E-30   0.471903E-29   0.741107E-29
   0.100000E+01   0.817739E-36   0.163547E-35   0.327079E-35   0.620052E-37   0.130838E-34   0.261675E-34   0.523349E-34   0.104671E-33   0.209330E-33   0.109414E-33   0.837354E-33   0.167470E-32   0.334930E-32   0.632923E-34   0.133970E-31   0.885230E-19   0.638464E-18   0.441064E-19   0.199087E-22   0.184617E-26   0.575283E-30   0.386383E-31   0.740174E-31   0.171780E-30   0.180983E-30   0.284626E-30
   0.100000E+01   0.817742E-36   0.163550E-35   0.327078E-35   0.221721E-36   0.130838E-34   0.261675E-34   0.523348E-34   0.104671E-33   0.209329E-33   0.109470E-31   0.837357E-33   0.167473E-32   0.334926E-32   0.831016E-34   0.133971E-31   0.888065E-17   0.640508E-16   0.442553E-17   0.199815E-20   0.185329E-24   0.577653E-28   0.387363E-29   0.741902E-29   0.172285E-30   0.181249E-28   0.284662E-28
   0.100000E+01   0.817740E-36   0.163548E-35   0.327078E-35   0.149959E-34   0.130838E-34   0.261675E-34   0.131411E-35   0.262822E-35   0.524477E-35   0.102659E-29   0.210227E-34   0.420455E-34   0.839465E-34   0.188550E-32   0.335569E-33   0.835481E-15   0.602583E-14   0.416480E-15   0.188063E-18   0.174447E-22   0.543862E-26   0.364745E-27   0.698614E-27   0.213342E-30   0.170685E-26   0.268071E-26
   0.100000E+01   0.209694E-37   0.419681E-37   0.837775E-37   0.138344E-32   0.336144E-36   0.672430E-36   0.134477E-35   0.268953E-35   0.537154E-35   0.889868E-28   0.215268E-34   0.430566E-34   0.859326E-34   0.168963E-30   0.343730E-33   0.693861E-13   0.500441E-12   0.342792E-13   0.154945E-16   0.143068E-20   0.445939E-24   0.303799E-25   0.577518E-25   0.387760E-29   0.140971E-24   0.221347E-24
   0.100000E+01   0.817734E-36   0.163547E-35   0.327077E-35   0.666510E-37   0.130838E-34   0.261676E-34   0.523352E-34   0.104669E-33   0.209329E-33   0.420497E-33   0.837360E-33   0.167472E-32   0.334926E-32   0.638688E-34   0.133971E-31   0.341090E-18   0.246008E-17   0.169978E-18   0.767410E-22   0.711727E-26   0.221850E-29   0.148836E-30   0.285077E-30   0.171829E-30   0.696565E-30   0.109409E-29
   0.100000E+01   0.817737E-36   0.163548E-35   0.327075E-35   0.637749E-36   0.130839E-34   0.261675E-34   0.523350E-34   0.104671E-33   0.209330E-33   0.396503E-31   0.837352E-33   0.167471E-32   0.334926E-32   0.135818E-33   0.133971E-31   0.322623E-16   0.232689E-15   0.160822E-16   0.726197E-20   0.673629E-24   0.210006E-27   0.140840E-28   0.269757E-28   0.173407E-30   0.659069E-28   0.103511E-27
   0.100000E+01   0.817743E-36   0.410865E-37   0.820201E-37   0.514410E-34   0.328739E-36   0.657431E-36   0.131505E-35   0.263029E-35   0.524966E-35   0.357853E-29   0.210408E-34   0.420635E-34   0.839946E-34   0.658367E-32   0.336002E-33   0.292000E-14   0.210602E-13   0.145559E-14   0.656803E-18   0.608986E-22   0.190017E-25   0.127598E-26   0.244356E-26   0.316900E-30   0.597038E-26   0.937699E-26
   0.100000E+01   0.217099E-37   0.435315E-37   0.871335E-37   0.431622E-32   0.350556E-36   0.702240E-36   0.140486E-35   0.281178E-35   0.561717E-35   0.264037E-27   0.225259E-34   0.450878E-34   0.900553E-34   0.560906E-30   0.360221E-33   0.198562E-12   0.143211E-11   0.972494E-13   0.443228E-16   0.408881E-20   0.127454E-23   0.879213E-25   0.165261E-24   0.125334E-28   0.403115E-24   0.632853E-24
   0.100000E+01   0.105843E-36   0.220867E-36   0.460124E-36   0.314899E-30   0.195379E-35   0.399076E-35   0.803963E-35   0.162961E-34   0.329289E-34   0.176939E-26   0.133763E-33   0.268956E-33   0.540019E-33   0.399873E-28   0.217319E-32   0.106802E-11   0.770300E-11   0.514082E-12   0.238580E-15   0.220088E-19   0.686318E-23   0.505468E-24   0.878049E-24   0.942875E-27   0.213707E-23   0.335290E-23
   0.100000E+01   0.140571E-35   0.287664E-35   0.591154E-35   0.197643E-30   0.245809E-34   0.498356E-34   0.996097E-34   0.200936E-33   0.404609E-33   0.328152E-27   0.163427E-32   0.327969E-32   0.657699E-32   0.204933E-28   0.264095E-31   0.165186E-12   0.119139E-11   0.779255E-13   0.368262E-16   0.338747E-20   0.105695E-23   0.818858E-25   0.134815E-24   0.194838E-26   0.327427E-24   0.513428E-24
   0.100000E+01   0.817743E-36   0.163548E-35   0.327079E-35   0.793464E-37   0.130838E-34   0.261676E-34   0.523348E-34   0.104670E-33   0.209330E-33   0.129893E-32   0.837358E-33   0.167471E-32   0.334929E-32   0.654432E-34   0.133971E-31   0.105671E-17   0.762144E-17   0.526753E-18   0.237849E-21   0.220628E-25   0.687816E-29   0.461340E-30   0.883604E-30   0.171842E-30   0.215933E-29   0.339113E-29
   0.100000E+01   0.817744E-36   0.163548E-35   0.327079E-35   0.176369E-35   0.130839E-34   0.261676E-34   0.523350E-34   0.104669E-33   0.209330E-33   0.118135E-30   0.837363E-33   0.167470E-32   0.334928E-32   0.280822E-33   0.133971E-31   0.964113E-16   0.695357E-15   0.480737E-16   0.217102E-19   0.201409E-23   0.628024E-27   0.421228E-28   0.806837E-28   0.176587E-30   0.197140E-27   0.309627E-27
   0.100000E+01   0.205756E-37   0.411541E-37   0.821259E-37   0.173171E-33   0.329421E-36   0.658512E-36   0.131655E-35   0.263386E-35   0.525568E-35   0.121621E-28   0.210679E-34   0.421568E-34   0.841090E-34   0.224847E-31   0.336460E-33   0.990283E-14   0.714232E-13   0.493196E-14   0.222110E-17   0.205734E-21   0.642462E-25   0.433337E-26   0.829060E-26   0.669261E-30   0.202558E-25   0.318134E-25
   0.100000E+01   0.237612E-37   0.478485E-37   0.962377E-37   0.138069E-31   0.389817E-36   0.783020E-36   0.156736E-35   0.314318E-35   0.628861E-35   0.657432E-27   0.252688E-34   0.505828E-34   0.101117E-33   0.182060E-29   0.404927E-33   0.456351E-12   0.329139E-11   0.220963E-12   0.101862E-15   0.939145E-20   0.292813E-23   0.205519E-24   0.378066E-24   0.403625E-28   0.921106E-24   0.144559E-23
   0.100000E+01   0.257232E-36   0.542655E-36   0.114336E-35   0.711092E-30   0.492937E-35   0.101225E-34   0.204156E-34   0.415228E-34   0.841402E-34   0.198687E-26   0.342993E-33   0.690636E-33   0.138837E-32   0.816183E-28   0.559552E-32   0.119112E-11   0.859087E-11   0.573751E-12   0.266107E-15   0.245513E-19   0.765585E-23   0.565796E-24   0.978955E-24   0.307895E-26   0.238273E-23   0.373834E-23
   0.100000E+01   0.327600E-35   0.698800E-35   0.148692E-34   0.215461E-30   0.649710E-34   0.134042E-33   0.271029E-33   0.552784E-33   0.112289E-32   0.353435E-27   0.459227E-32   0.925636E-32   0.186273E-31   0.223262E-28   0.751685E-31   0.177824E-12   0.128254E-11   0.838824E-13   0.396434E-16   0.364660E-20   0.113780E-23   0.881826E-25   0.145125E-24   0.220600E-26   0.352465E-24   0.552689E-24
   0.100000E+01   0.291906E-33   0.603192E-33   0.125234E-32   0.205911E-30   0.528574E-32   0.107742E-31   0.215662E-31   0.436551E-31   0.881495E-31   0.331582E-27   0.357457E-30   0.718358E-30   0.144207E-29   0.238755E-28   0.578207E-29   0.166637E-12   0.120185E-11   0.786003E-13   0.371492E-16   0.341713E-20   0.106620E-23   0.826575E-25   0.135992E-24   0.211972E-26   0.330281E-24   0.517901E-24
   0.100000E+01   0.817740E-36   0.163548E-35   0.327079E-35   0.604987E-37   0.130837E-34   0.261674E-34   0.523349E-34   0.104671E-33   0.209340E-33   0.790727E-35   0.837349E-33   0.167471E-32   0.334941E-32   0.630849E-34   0.133976E-31   0.554573E-20   0.466174E-19   0.321518E-20   0.151070E-23   0.134171E-27   0.436232E-31   0.280441E-32   0.558142E-32   0.171780E-30   0.134985E-31   0.216627E-31
   0.100000E+01   0.817737E-36   0.163549E-35   0.327082E-35   0.564385E-35   0.328551E-36   0.657383E-36   0.131439E-35   0.262953E-35   0.525831E-35   0.394165E-30   0.210272E-34   0.420455E-34   0.841330E-34   0.733601E-33   0.336243E-33   0.322188E-15   0.232750E-14   0.160929E-15   0.726835E-19   0.674376E-23   0.210323E-26   0.141083E-27   0.270249E-27   0.188235E-30   0.660362E-27   0.103719E-26
   0.100000E+01   0.211471E-37   0.423972E-37   0.848648E-37   0.488481E-33   0.341481E-36   0.684232E-36   0.136969E-35   0.274069E-35   0.548777E-35   0.342405E-28   0.219812E-34   0.439533E-34   0.879849E-34   0.643382E-31   0.351915E-33   0.276588E-13   0.199285E-12   0.137360E-13   0.618326E-17   0.571934E-21   0.178487E-24   0.121164E-25   0.231376E-25   0.160786E-29   0.565222E-25   0.887700E-25
   0.100000E+01   0.660378E-37   0.141224E-36   0.300668E-36   0.370499E-31   0.131858E-35   0.272743E-35   0.554137E-35   0.113242E-34   0.230408E-34   0.105625E-26   0.944624E-34   0.190586E-33   0.383826E-33   0.495606E-29   0.154720E-32   0.688584E-12   0.495830E-11   0.331655E-12   0.153576E-15   0.141652E-19   0.441698E-23   0.315940E-24   0.567642E-24   0.110307E-27   0.138221E-23   0.216889E-23
   0.100000E+01   0.412405E-35   0.913926E-35   0.200669E-34   0.102298E-29   0.915587E-34   0.191969E-33   0.392844E-33   0.809505E-33   0.165788E-32   0.210733E-26   0.685996E-32   0.138842E-31   0.280296E-31   0.110056E-27   0.113337E-30   0.126424E-11   0.910431E-11   0.608828E-12   0.282103E-15   0.260307E-19   0.811675E-23   0.600268E-24   0.103769E-23   0.727170E-26   0.252577E-23   0.396281E-23
   0.100000E+01   0.604229E-34   0.135067E-33   0.298652E-33   0.233438E-30   0.137633E-32   0.289592E-32   0.594209E-32   0.122718E-31   0.251775E-31   0.380215E-27   0.104443E-30   0.211575E-30   0.427433E-30   0.249069E-28   0.173002E-29   0.191515E-12   0.137860E-11   0.902124E-13   0.426265E-16   0.392111E-20   0.122343E-23   0.948296E-25   0.156037E-24   0.241103E-26   0.378965E-24   0.594241E-24
   0.100000E+01   0.633233E-32   0.138180E-31   0.298202E-31   0.283920E-30   0.126066E-30   0.245697E-30   0.458126E-30   0.836072E-30   0.148492E-29   0.366870E-27   0.439671E-29   0.738686E-29   0.122648E-28   0.431060E-28   0.329239E-28   0.183687E-12   0.132225E-11   0.865227E-13   0.408842E-16   0.376082E-20   0.117341E-23   0.909615E-25   0.149657E-24   0.233125E-26   0.363470E-24   0.569948E-24
   0.100000E+01   0.817736E-36   0.163548E-35   0.327094E-35   0.605677E-37   0.328480E-36   0.657101E-36   0.131411E-35   0.262709E-35   0.525568E-35   0.103576E-34   0.210212E-34   0.420274E-34   0.840789E-34   0.205672E-35   0.336243E-33   0.841579E-20   0.606923E-19   0.424827E-20   0.199124E-23   0.177322E-27   0.571385E-31   0.379162E-32   0.725694E-32   0.171829E-30   0.178910E-31   0.286698E-31
   0.100000E+01   0.205285E-37   0.410630E-37   0.821494E-37   0.180887E-37   0.328457E-36   0.656819E-36   0.131439E-35   0.262765E-35   0.525606E-35   0.112974E-32   0.210212E-34   0.420395E-34   0.840849E-34   0.412548E-35   0.336123E-33   0.926094E-18   0.669136E-17   0.462785E-18   0.209027E-21   0.193950E-25   0.605042E-29   0.405994E-30   0.777723E-30   0.171879E-30   0.190081E-29   0.298576E-29
   0.100000E+01   0.205682E-37   0.411688E-37   0.823257E-37   0.168527E-35   0.329515E-36   0.658841E-36   0.131721E-35   0.263461E-35   0.526847E-35   0.113887E-30   0.210588E-34   0.420906E-34   0.841932E-34   0.226901E-33   0.336532E-33   0.899412E-16   0.647635E-15   0.443756E-16   0.200609E-19   0.185237E-23   0.577565E-27   0.395485E-28   0.750994E-28   0.176920E-30   0.183349E-27   0.287923E-27
   0.100000E+01   0.269892E-35   0.633268E-35   0.144838E-34   0.114757E-30   0.667284E-34   0.134430E-33   0.257966E-33   0.483401E-33   0.880531E-33   0.147052E-26   0.274623E-32   0.475008E-32   0.814956E-32   0.155535E-28   0.237303E-31   0.923894E-12   0.665329E-11   0.444837E-12   0.206144E-15   0.190210E-19   0.593052E-23   0.431265E-24   0.759937E-24   0.350917E-27   0.185013E-23   0.290297E-23
   0.100000E+01   0.214745E-33   0.508059E-33   0.116958E-32   0.102307E-29   0.543616E-32   0.109830E-31   0.211188E-31   0.396308E-31   0.722505E-31   0.191051E-26   0.225392E-30   0.389636E-30   0.667825E-30   0.107984E-27   0.193821E-29   0.117397E-11   0.845471E-11   0.567452E-12   0.262053E-15   0.241915E-19   0.754259E-23   0.554822E-24   0.964532E-24   0.929663E-26   0.234840E-23   0.368480E-23
   0.100000E+01   0.319147E-33   0.762497E-33   0.176835E-32   0.242236E-31   0.816727E-32   0.161403E-31   0.300830E-31   0.542915E-31   0.949926E-31   0.334222E-28   0.273768E-30   0.456143E-30   0.754515E-30   0.334277E-29   0.203988E-29   0.166867E-13   0.120115E-12   0.785271E-14   0.371361E-17   0.341554E-21   0.106572E-24   0.827096E-26   0.135926E-25   0.229667E-27   0.330098E-25   0.517609E-25
   0.100000E+01   0.545529E-31   0.888438E-31   0.143411E-30   0.455304E-30   0.367691E-30   0.586232E-30   0.933120E-30   0.148408E-29   0.235884E-29   0.381999E-27   0.595228E-29   0.945190E-29   0.150067E-28   0.475905E-28   0.378144E-28   0.190599E-12   0.137201E-11   0.897591E-13   0.424222E-16   0.390218E-20   0.121754E-23   0.943738E-25   0.155292E-24   0.241538E-26   0.377164E-24   0.591429E-24
   0.100000E+01   0.202636E-36   0.369282E-36   0.667510E-36   0.824558E-33   0.214450E-35   0.381702E-35   0.674339E-35   0.118956E-34   0.209249E-34   0.575565E-28   0.648000E-34   0.114581E-33   0.203890E-33   0.108296E-30   0.661605E-33   0.471701E-13   0.340816E-12   0.235710E-13   0.106468E-16   0.987928E-21   0.308171E-24   0.206742E-25   0.396041E-25   0.265716E-29   0.967805E-25   0.152010E-24
   0.100000E+01   0.254580E-36   0.465928E-36   0.844111E-36   0.107822E-32   0.271135E-35   0.481558E-35   0.847353E-35   0.148709E-34   0.259873E-34   0.762378E-28   0.790519E-34   0.138267E-33   0.243070E-33   0.143826E-30   0.768277E-33   0.626470E-13   0.452570E-12   0.312989E-13   0.141224E-16   0.130978E-20   0.408989E-24   0.274829E-25   0.526346E-25   0.347753E-29   0.128628E-24   0.202036E-24
   0.100000E+01   0.197592E-34   0.361285E-34   0.651686E-34   0.925168E-31   0.205505E-33   0.359749E-33   0.620922E-33   0.106405E-32   0.180515E-32   0.566939E-26   0.506880E-32   0.841817E-32   0.139305E-31   0.125338E-28   0.379883E-31   0.445174E-11   0.320654E-10   0.219685E-11   0.994720E-15   0.919853E-19   0.286684E-22   0.196094E-23   0.371770E-23   0.288221E-27   0.907698E-23   0.142537E-22
   0.100000E+01   0.592513E-30   0.109101E-29   0.197887E-29   0.267588E-26   0.628852E-29   0.110370E-28   0.190868E-28   0.327545E-28   0.556207E-28   0.147154E-22   0.156293E-27   0.259522E-27   0.429231E-27   0.345261E-24   0.116797E-26   0.116509E-07   0.839426E-07   0.578968E-08   0.260765E-11   0.241573E-15   0.752543E-19   0.504643E-20   0.967824E-20   0.888799E-23   0.236351E-19   0.371142E-19
   0.100000E+01   0.523874E-29   0.102851E-28   0.193790E-28   0.126350E-27   0.626896E-28   0.108881E-27   0.185316E-27   0.311501E-27   0.517510E-27   0.163812E-24   0.139321E-26   0.226673E-26   0.367480E-26   0.153346E-25   0.959763E-26   0.980403E-10   0.706051E-09   0.472889E-10   0.218807E-13   0.201944E-17   0.629663E-21   0.464631E-22   0.804652E-22   0.943533E-24   0.195868E-21   0.307310E-21
   0.100000E+01   0.288634E-30   0.458451E-30   0.727937E-30   0.226867E-29   0.183433E-29   0.291145E-29   0.462079E-29   0.733337E-29   0.116378E-28   0.196899E-26   0.293056E-28   0.465003E-28   0.737787E-28   0.233447E-27   0.185681E-27   0.109478E-11   0.788295E-11   0.523721E-12   0.244096E-15   0.225018E-19   0.701770E-23   0.526516E-24   0.896039E-24   0.117346E-25   0.217934E-23   0.341859E-23
   0.100000E+01   0.507541E-28   0.805407E-28   0.127809E-27   0.398144E-27   0.321854E-27   0.510746E-27   0.810493E-27   0.128614E-26   0.204088E-26   0.358994E-24   0.513852E-26   0.815301E-26   0.129351E-25   0.409423E-25   0.325503E-25   0.216409E-09   0.155854E-08   0.104471E-09   0.483052E-13   0.445895E-17   0.139027E-20   0.102325E-21   0.177681E-21   0.205413E-23   0.432564E-21   0.678700E-21
   0.100000E+01   0.000000E+00   0.000000E+00   0.000000E+00   0.000000E+00   0.000000E+00   0.000000E+00   0.000000E+00   0.000000E+00   0.000000E+00   0.000000E+00   0.000000E+00   0.000000E+00   0.000000E+00   0.000000E+00   0.000000E+00   0.000000E+00   0.000000E+00   0.000000E+00   0.000000E+00   0.000000E+00   0.000000E+00   0.000000E+00   0.000000E+00   0.000000E+00   0.000000E+00   0.000000E+00
   0.100000E+01   0.231414E-26   0.462639E-26   0.924971E-26   0.183537E-25   0.369806E-25   0.739479E-25   0.147874E-24   0.295713E-24   0.591368E-24   0.300942E-23   0.236514E-23   0.473004E-23   0.945969E-23   0.189369E-22   0.378366E-22   0.440489E-08   0.317618E-07   0.248271E-08   0.992845E-12   0.930848E-16   0.288790E-19   0.533794E-20   0.107364E-19   0.193706E-19   0.409128E-19   0.808905E-19
   0.116667E+01   0.218750E-25   0.437500E-25   0.875000E-25   0.171078E-24   0.350000E-24   0.700000E-24   0.140000E-23   0.278645E-23   0.558119E-23   0.112000E-22   0.371215E-22   0.379074E-22   0.895133E-22   0.179061E-21   0.358400E-21   0.149066E-07   0.236965E-06   0.273971E-07   0.125783E-10   0.685869E-14   0.116879E-17   0.482530E-19   0.143692E-18   0.186298E-18   0.367356E-18   0.734587E-18
   0.116667E+01   0.817739E-36   0.163540E-35   0.327075E-35   0.611235E-37   0.130831E-34   0.261665E-34   0.523327E-34   0.987690E-36   0.197504E-35   0.418657E-33   0.598449E-34   0.427409E-34   0.315908E-34   0.631486E-34   0.133970E-31   0.187298E-19   0.294871E-18   0.291933E-19   0.162471E-22   0.831041E-26   0.142407E-29   0.201442E-31   0.117717E-31   0.148011E-31   0.784338E-31   0.123388E-30
   0.116667E+01   0.817740E-36   0.163549E-35   0.327077E-35   0.142334E-36   0.130838E-34   0.261675E-34   0.523323E-34   0.155799E-35   0.289352E-35   0.418656E-33   0.669320E-32   0.477627E-32   0.375975E-34   0.727345E-34   0.133971E-31   0.209540E-17   0.329560E-16   0.326445E-17   0.173894E-20   0.929498E-24   0.159307E-27   0.224469E-29   0.131301E-29   0.161328E-29   0.871630E-29   0.136708E-28
   0.116667E+01   0.817739E-36   0.163547E-35   0.327079E-35   0.635596E-37   0.130838E-34   0.261677E-34   0.523322E-34   0.100416E-35   0.200202E-35   0.418661E-33   0.254582E-33   0.181830E-33   0.317952E-34   0.634128E-34   0.133970E-31   0.798741E-19   0.125653E-17   0.124501E-18   0.663262E-22   0.354540E-25   0.607778E-29   0.857122E-31   0.503452E-31   0.619233E-31   0.333208E-30   0.522723E-30
   0.116667E+01   0.817742E-36   0.163550E-35   0.327078E-35   0.364086E-36   0.130838E-34   0.261678E-34   0.523322E-34   0.315829E-35   0.547578E-35   0.418657E-33   0.255117E-31   0.182285E-31   0.546796E-34   0.100025E-33   0.133971E-31   0.801931E-17   0.126182E-15   0.125055E-16   0.666314E-20   0.356271E-23   0.610824E-27   0.860864E-29   0.503523E-29   0.618714E-29   0.334358E-28   0.524429E-28
   0.116667E+01   0.817740E-36   0.163548E-35   0.327078E-35   0.281873E-34   0.130838E-34   0.261679E-34   0.131195E-35   0.203657E-33   0.328868E-33   0.104956E-34   0.239586E-29   0.171297E-29   0.217480E-32   0.347420E-32   0.335738E-33   0.754640E-15   0.118767E-13   0.117737E-14   0.627373E-18   0.335476E-21   0.575316E-25   0.810942E-27   0.474329E-27   0.582864E-27   0.315007E-26   0.494086E-26
   0.116667E+01   0.211266E-37   0.422825E-37   0.844299E-37   0.259470E-32   0.338801E-36   0.678025E-36   0.135276E-35   0.183862E-31   0.296026E-31   0.108311E-34   0.205095E-27   0.146559E-27   0.194390E-30   0.310213E-30   0.346691E-33   0.620542E-13   0.972371E-12   0.955787E-13   0.510254E-16   0.271165E-19   0.465423E-23   0.663029E-25   0.401801E-25   0.491890E-25   0.256208E-24   0.401715E-24
   0.116667E+01   0.817739E-36   0.163547E-35   0.327078E-35   0.720978E-37   0.130837E-34   0.261673E-34   0.523328E-34   0.106611E-35   0.210172E-35   0.418659E-33   0.978021E-33   0.698810E-33   0.324145E-34   0.644945E-34   0.133971E-31   0.307399E-18   0.483665E-17   0.479349E-18   0.255399E-21   0.136557E-24   0.234122E-28   0.330012E-30   0.193230E-30   0.237466E-30   0.128204E-29   0.201099E-29
   0.116667E+01   0.817740E-36   0.163547E-35   0.327075E-35   0.114595E-35   0.130838E-34   0.261677E-34   0.523322E-34   0.883549E-35   0.146479E-34   0.418657E-33   0.923838E-31   0.660492E-31   0.115348E-33   0.196968E-33   0.133970E-31   0.290950E-16   0.457899E-15   0.453920E-16   0.241883E-19   0.129351E-22   0.221808E-26   0.312637E-28   0.182867E-28   0.224708E-28   0.121442E-27   0.190481E-27
   0.116667E+01   0.817755E-36   0.411012E-37   0.820436E-37   0.967581E-34   0.328927E-36   0.657948E-36   0.131270E-35   0.707343E-33   0.114370E-32   0.104986E-34   0.834941E-29   0.597319E-29   0.758503E-32   0.121209E-31   0.335978E-33   0.263355E-14   0.414445E-13   0.410805E-14   0.218708E-17   0.116876E-20   0.200614E-24   0.283202E-26   0.165785E-26   0.203727E-26   0.110000E-25   0.172537E-25
   0.116667E+01   0.221199E-37   0.443955E-37   0.888850E-37   0.803369E-32   0.358032E-36   0.717428E-36   0.143335E-35   0.593412E-31   0.960829E-31   0.114992E-34   0.597007E-27   0.430578E-27   0.639266E-30   0.102197E-29   0.368791E-33   0.173825E-12   0.272399E-11   0.265356E-12   0.142883E-15   0.758382E-19   0.130150E-22   0.186688E-24   0.117476E-24   0.143036E-24   0.715536E-24   0.112159E-23
   0.116667E+01   0.132459E-36   0.276982E-36   0.578143E-36   0.541914E-30   0.246116E-35   0.503102E-35   0.101367E-34   0.389373E-29   0.627610E-29   0.838667E-34   0.350142E-26   0.253194E-26   0.412569E-28   0.658169E-28   0.274669E-32   0.833811E-12   0.130946E-10   0.125501E-11   0.686984E-15   0.364686E-18   0.625835E-22   0.935785E-24   0.572310E-24   0.691959E-24   0.338275E-23   0.529838E-23
   0.116667E+01   0.208218E-35   0.426155E-35   0.875914E-35   0.295564E-30   0.364277E-34   0.738594E-34   0.147628E-33   0.190975E-29   0.303541E-29   0.120598E-32   0.720065E-27   0.520941E-27   0.192957E-28   0.306223E-28   0.391488E-31   0.146140E-12   0.228855E-11   0.215103E-12   0.119852E-15   0.633729E-19   0.108835E-22   0.167279E-24   0.107896E-24   0.128965E-24   0.583605E-24   0.913405E-24
   0.116667E+01   0.817742E-36   0.163547E-35   0.327079E-35   0.951843E-37   0.130839E-34   0.261677E-34   0.523328E-34   0.123382E-35   0.237273E-35   0.418662E-33   0.295325E-32   0.211136E-32   0.342183E-34   0.673321E-34   0.133971E-31   0.929962E-18   0.146357E-16   0.145084E-17   0.773095E-21   0.413427E-24   0.708922E-28   0.999289E-30   0.584718E-30   0.718559E-30   0.388196E-29   0.608902E-29
   0.116667E+01   0.817744E-36   0.163547E-35   0.327079E-35   0.319115E-35   0.130839E-34   0.261676E-34   0.523322E-34   0.238547E-34   0.389478E-34   0.418662E-33   0.269230E-30   0.192600E-30   0.276699E-33   0.454829E-33   0.133970E-31   0.849512E-16   0.133724E-14   0.132595E-15   0.706645E-19   0.377947E-22   0.648198E-26   0.913730E-28   0.534476E-28   0.656798E-28   0.354976E-27   0.556791E-27
   0.116667E+01   0.205844E-37   0.411893E-37   0.821964E-37   0.325421E-33   0.329491E-36   0.659170E-36   0.131542E-35   0.240227E-32   0.388934E-32   0.105234E-34   0.283596E-28   0.203015E-28   0.258721E-31   0.413601E-31   0.336845E-33   0.891342E-14   0.140167E-12   0.138830E-13   0.737901E-17   0.393830E-20   0.676726E-24   0.958518E-26   0.564368E-26   0.693146E-26   0.372138E-25   0.583694E-25
   0.116667E+01   0.248632E-37   0.501789E-37   0.101128E-36   0.254516E-31   0.411000E-36   0.826091E-36   0.165171E-35   0.189844E-30   0.307796E-30   0.133280E-34   0.141823E-26   0.104373E-26   0.205415E-29   0.328526E-29   0.428880E-33   0.385629E-12   0.604625E-11   0.582558E-12   0.317077E-15   0.168185E-18   0.288636E-22   0.417955E-24   0.267035E-24   0.324726E-24   0.157577E-23   0.246893E-23
   0.116667E+01   0.335001E-36   0.707745E-36   0.149314E-35   0.106324E-29   0.644872E-35   0.132503E-34   0.267315E-34   0.721120E-29   0.115326E-28   0.222891E-33   0.392778E-26   0.279465E-26   0.743759E-28   0.118289E-27   0.733813E-32   0.924178E-12   0.145156E-10   0.139194E-11   0.761585E-15   0.404346E-18   0.693878E-22   0.104030E-23   0.630870E-24   0.771434E-24   0.374923E-23   0.587245E-23
   0.116667E+01   0.492936E-35   0.105217E-34   0.224001E-34   0.321236E-30   0.979527E-34   0.202142E-33   0.408814E-33   0.207465E-29   0.329745E-29   0.343111E-32   0.780301E-27   0.555256E-27   0.209676E-28   0.332817E-28   0.113466E-30   0.157352E-12   0.246410E-11   0.231593E-12   0.129046E-15   0.682334E-19   0.117182E-22   0.180145E-24   0.116691E-24   0.138388E-24   0.628352E-24   0.983438E-24
   0.116667E+01   0.452102E-33   0.936529E-33   0.194837E-32   0.306823E-30   0.824878E-32   0.168329E-31   0.337260E-31   0.202188E-29   0.324223E-29   0.278319E-30   0.732851E-27   0.521772E-27   0.219704E-28   0.357987E-28   0.906057E-29   0.147539E-12   0.231040E-11   0.217131E-12   0.120995E-15   0.639755E-19   0.109870E-22   0.168928E-24   0.109472E-24   0.129822E-24   0.589128E-24   0.922045E-24
   0.116667E+01   0.817740E-36   0.163547E-35   0.327091E-35   0.606637E-37   0.130838E-34   0.261675E-34   0.523353E-34   0.983947E-36   0.197044E-35   0.418677E-33   0.183550E-34   0.131553E-34   0.315487E-34   0.631335E-34   0.133976E-31   0.579295E-20   0.912315E-19   0.897545E-20   0.501121E-23   0.255419E-26   0.455404E-30   0.629335E-32   0.370861E-32   0.470078E-32   0.245568E-31   0.384972E-31
   0.116667E+01   0.817749E-36   0.163549E-35   0.821847E-37   0.103295E-34   0.328762E-36   0.657619E-36   0.131533E-35   0.762107E-34   0.123387E-33   0.105196E-34   0.895082E-30   0.640703E-30   0.821108E-33   0.131296E-32   0.336484E-33   0.282964E-15   0.445516E-14   0.441862E-15   0.235509E-18   0.125980E-21   0.216097E-25   0.304654E-27   0.178212E-27   0.219007E-27   0.118370E-26   0.185671E-26
   0.116667E+01   0.217290E-37   0.436873E-37   0.877859E-37   0.896542E-33   0.354223E-36   0.710892E-36   0.142348E-35   0.668222E-32   0.108328E-31   0.114450E-34   0.779102E-28   0.557994E-28   0.722771E-31   0.115591E-30   0.367491E-33   0.242650E-13   0.380897E-12   0.376577E-13   0.200165E-16   0.106635E-19   0.183212E-23   0.260653E-25   0.155073E-25   0.190206E-25   0.101090E-24   0.158549E-24
   0.116667E+01   0.106609E-36   0.231373E-36   0.498574E-36   0.662415E-31   0.222728E-35   0.463432E-35   0.944900E-35   0.498872E-30   0.809881E-30   0.803760E-34   0.216205E-26   0.153888E-26   0.542127E-29   0.867390E-29   0.267485E-32   0.551534E-12   0.860873E-11   0.826779E-12   0.451772E-15   0.239777E-18   0.411494E-22   0.602781E-24   0.378437E-24   0.454620E-24   0.223371E-23   0.349924E-23
   0.116667E+01   0.794868E-35   0.176961E-34   0.389378E-34   0.140648E-29   0.178973E-33   0.375941E-33   0.770572E-33   0.924629E-29   0.147283E-28   0.664698E-32   0.414096E-26   0.294630E-26   0.941033E-28   0.149457E-27   0.223156E-30   0.981712E-12   0.153338E-10   0.147105E-11   0.804825E-15   0.427318E-18   0.733313E-22   0.109946E-23   0.674234E-24   0.810349E-24   0.395971E-23   0.620221E-23
   0.116667E+01   0.133269E-33   0.299292E-33   0.663192E-33   0.348242E-30   0.307920E-32   0.649115E-32   0.133419E-31   0.226544E-29   0.361270E-29   0.115722E-30   0.839968E-27   0.597829E-27   0.235453E-28   0.377661E-28   0.389976E-29   0.170518E-12   0.265159E-11   0.249146E-12   0.138922E-15   0.734466E-19   0.126142E-22   0.193790E-24   0.125682E-24   0.149062E-24   0.675843E-24   0.105776E-23
   0.116667E+01   0.149686E-31   0.325745E-31   0.687036E-31   0.467011E-30   0.266107E-30   0.491925E-30   0.874943E-30   0.365692E-29   0.599726E-29   0.438887E-29   0.814068E-27   0.582293E-27   0.411153E-28   0.659332E-28   0.512082E-28   0.163579E-12   0.254367E-11   0.238999E-12   0.133267E-15   0.704568E-19   0.121008E-22   0.185909E-24   0.120586E-24   0.143017E-24   0.648320E-24   0.101469E-23
   0.116667E+01   0.817744E-36   0.410630E-37   0.821200E-37   0.225234E-38   0.328457E-36   0.657055E-36   0.131392E-35   0.323802E-37   0.648567E-37   0.105114E-34   0.239155E-34   0.171565E-34   0.101615E-35   0.202066E-35   0.336195E-33   0.757035E-20   0.119205E-18   0.118293E-19   0.655638E-23   0.336782E-26   0.577440E-30   0.819814E-32   0.502962E-32   0.576873E-32   0.321830E-31   0.495035E-31
   0.116667E+01   0.205374E-37   0.410630E-37   0.821141E-37   0.323486E-37   0.328457E-36   0.656725E-36   0.131401E-35   0.257919E-36   0.429629E-36   0.105121E-34   0.265326E-32   0.190038E-32   0.343326E-35   0.592966E-35   0.336267E-33   0.840364E-18   0.132339E-16   0.131285E-17   0.699727E-21   0.374290E-24   0.642246E-28   0.905718E-30   0.530058E-30   0.651452E-30   0.351975E-29   0.552153E-29
   0.116667E+01   0.206564E-37   0.413451E-37   0.827607E-37   0.316305E-35   0.331137E-36   0.662227E-36   0.132342E-35   0.238176E-34   0.386726E-34   0.105595E-34   0.264243E-30   0.188996E-30   0.259370E-33   0.415365E-33   0.336965E-33   0.803959E-16   0.125667E-14   0.123504E-15   0.659627E-19   0.350536E-22   0.601857E-26   0.860731E-28   0.525404E-28   0.643446E-28   0.332499E-27   0.521383E-27
   0.116667E+01   0.796001E-35   0.186633E-34   0.418104E-34   0.203477E-30   0.177331E-33   0.339600E-33   0.622836E-33   0.154296E-29   0.250672E-29   0.339472E-32   0.290386E-26   0.206634E-26   0.168029E-28   0.268873E-28   0.475920E-31   0.717933E-12   0.112152E-10   0.107710E-11   0.588689E-15   0.312606E-18   0.536447E-22   0.794758E-24   0.489945E-24   0.589355E-24   0.290387E-23   0.454889E-23
   0.116667E+01   0.638584E-33   0.150856E-32   0.339959E-32   0.133563E-29   0.145373E-31   0.279165E-31   0.513055E-31   0.871690E-29   0.138779E-28   0.280557E-30   0.367445E-26   0.261450E-26   0.886486E-28   0.140829E-27   0.392822E-29   0.893370E-12   0.139638E-10   0.134425E-11   0.733131E-15   0.389520E-18   0.668359E-22   0.998849E-24   0.610377E-24   0.735622E-24   0.361270E-23   0.565937E-23
   0.116667E+01   0.112036E-32   0.265189E-32   0.585067E-32   0.421702E-31   0.223882E-31   0.401392E-31   0.692484E-31   0.313786E-30   0.507816E-30   0.321503E-30   0.746078E-28   0.533045E-28   0.338033E-29   0.541243E-29   0.365601E-29   0.149522E-13   0.232459E-12   0.218216E-13   0.121779E-16   0.643707E-20   0.110559E-23   0.169925E-25   0.111018E-25   0.131643E-25   0.592152E-25   0.926756E-25
   0.116667E+01   0.851780E-31   0.136670E-30   0.218378E-30   0.683216E-30   0.553741E-30   0.880285E-30   0.139855E-29   0.442362E-29   0.703210E-29   0.559997E-29   0.845423E-27   0.605148E-27   0.447125E-28   0.709588E-28   0.564008E-28   0.169605E-12   0.263746E-11   0.247788E-12   0.138182E-15   0.730558E-19   0.125472E-22   0.192737E-24   0.125367E-24   0.148745E-24   0.672187E-24   0.105206E-23
   0.116667E+01   0.368567E-36   0.671889E-36   0.121628E-35   0.131957E-32   0.386093E-35   0.676130E-35   0.116975E-34   0.981820E-32   0.159129E-31   0.590674E-34   0.114356E-27   0.819023E-28   0.106110E-30   0.169683E-30   0.919631E-33   0.362152E-13   0.570301E-12   0.565756E-13   0.301572E-16   0.161342E-19   0.276792E-23   0.390268E-25   0.228305E-25   0.280577E-25   0.151651E-24   0.237881E-24
   0.116667E+01   0.503228E-36   0.922199E-36   0.167526E-35   0.186195E-32   0.533037E-35   0.932511E-35   0.160909E-34   0.139984E-31   0.227199E-31   0.799118E-34   0.163613E-27   0.117256E-27   0.151998E-30   0.243171E-30   0.117251E-32   0.518754E-13   0.816804E-12   0.810168E-13   0.431308E-16   0.230584E-19   0.395978E-23   0.559413E-25   0.327666E-25   0.402696E-25   0.217355E-24   0.340948E-24
   0.116667E+01   0.375426E-34   0.690239E-34   0.125510E-33   0.147256E-30   0.397301E-33   0.690544E-33   0.118006E-32   0.111864E-29   0.181817E-29   0.556998E-32   0.110233E-25   0.786309E-26   0.122035E-28   0.195323E-28   0.675117E-31   0.333405E-11   0.522106E-10   0.513042E-11   0.274388E-14   0.146136E-17   0.250670E-21   0.357915E-23   0.217943E-23   0.266079E-23   0.138096E-22   0.216544E-22
   0.116667E+01   0.109259E-29   0.202306E-29   0.369929E-29   0.383693E-26   0.118028E-28   0.205698E-28   0.352246E-28   0.277794E-25   0.448053E-25   0.166848E-27   0.250561E-22   0.178496E-22   0.294818E-24   0.470319E-24   0.202168E-26   0.772508E-08   0.121312E-06   0.120079E-07   0.638259E-11   0.340809E-14   0.584167E-18   0.822827E-20   0.487259E-20   0.597057E-20   0.319959E-19   0.501778E-19
   0.116667E+01   0.114655E-28   0.215651E-28   0.389713E-28   0.186547E-27   0.116500E-27   0.195333E-27   0.322781E-27   0.129361E-26   0.207521E-26   0.139190E-26   0.319553E-24   0.228573E-24   0.135042E-25   0.215235E-25   0.149010E-25   0.753135E-10   0.117675E-08   0.113064E-09   0.617724E-13   0.328085E-16   0.562985E-20   0.842801E-22   0.517646E-22   0.623205E-22   0.303924E-21   0.476057E-21
   0.116667E+01   0.401180E-30   0.636888E-30   0.101093E-29   0.315544E-29   0.254649E-29   0.404132E-29   0.641346E-29   0.202822E-28   0.322108E-28   0.256288E-28   0.405421E-26   0.290070E-26   0.204314E-27   0.324118E-27   0.257643E-27   0.889995E-12   0.138786E-10   0.132179E-11   0.727975E-15   0.385929E-18   0.662474E-22   0.100114E-23   0.630438E-24   0.754299E-24   0.356472E-23   0.558181E-23
   0.116667E+01   0.651505E-28   0.103381E-27   0.164048E-27   0.512072E-27   0.413078E-27   0.655490E-27   0.104016E-26   0.329050E-26   0.522555E-26   0.415588E-26   0.690915E-24   0.494194E-24   0.331423E-25   0.525748E-25   0.417702E-25   0.164684E-09   0.257400E-08   0.247634E-09   0.135137E-12   0.717955E-16   0.123193E-19   0.184137E-21   0.112590E-21   0.135700E-21   0.665386E-21   0.104230E-20
   0.116667E+01   0.000000E+00   0.000000E+00   0.000000E+00   0.000000E+00   0.000000E+00   0.000000E+00   0.000000E+00   0.000000E+00   0.000000E+00   0.000000E+00   0.000000E+00   0.000000E+00   0.000000E+00   0.000000E+00   0.000000E+00   0.000000E+00   0.000000E+00   0.000000E+00   0.000000E+00   0.000000E+00   0.000000E+00   0.000000E+00   0.000000E+00   0.000000E+00   0.000000E+00   0.000000E+00
   0.116667E+01   0.231601E-26   0.462950E-26   0.925481E-26   0.184590E-25   0.369940E-25   0.739693E-25   0.147908E-24   0.296991E-24   0.593744E-24   0.118278E-23   0.621531E-23   0.563795E-23   0.947914E-23   0.189497E-22   0.378379E-22   0.227516E-08   0.360304E-07   0.398151E-08   0.190733E-11   0.103342E-14   0.176415E-18   0.584207E-20   0.156119E-19   0.202090E-19   0.416819E-19   0.820967E-19
   0.133333E+01   0.218750E-25   0.437500E-25   0.875000E-25   0.170922E-24   0.350000E-24   0.700000E-24   0.140000E-23   0.278606E-23   0.560000E-23   0.111729E-22   0.224000E-22   0.584032E-22   0.942637E-22   0.179062E-21   0.358400E-21   0.155609E-09   0.243504E-06   0.355944E-07   0.276725E-10   0.131889E-12   0.425420E-17   0.434212E-19   0.143726E-18   0.186402E-18   0.367382E-18   0.734658E-18
   0.133333E+01   0.817739E-36   0.163540E-35   0.327075E-35   0.615729E-37   0.130831E-34   0.261665E-34   0.523327E-34   0.990409E-36   0.209327E-33   0.395832E-35   0.837320E-33   0.169049E-33   0.170561E-33   0.632332E-34   0.133970E-31   0.342441E-21   0.527658E-18   0.658512E-19   0.617287E-22   0.271842E-24   0.888737E-29   0.437787E-31   0.340566E-31   0.381204E-31   0.131917E-30   0.205515E-30
   0.133333E+01   0.817740E-36   0.163549E-35   0.327077E-35   0.199047E-36   0.130838E-34   0.261675E-34   0.523323E-34   0.194390E-35   0.209330E-33   0.641244E-35   0.837325E-33   0.189417E-31   0.191019E-31   0.791097E-34   0.133971E-31   0.384351E-19   0.591043E-16   0.737455E-17   0.665937E-20   0.304493E-22   0.995092E-27   0.103947E-30   0.378285E-29   0.423305E-29   0.147227E-28   0.230522E-28
   0.133333E+01   0.817739E-36   0.163547E-35   0.327079E-35   0.655108E-37   0.130838E-34   0.261677E-34   0.523322E-34   0.101904E-35   0.209330E-33   0.403035E-35   0.837313E-33   0.719533E-33   0.726133E-33   0.637380E-34   0.133970E-31   0.146148E-20   0.224892E-17   0.280694E-18   0.253467E-21   0.115919E-23   0.378912E-28   0.455158E-31   0.144283E-30   0.161538E-30   0.561266E-30   0.879070E-30
   0.133333E+01   0.817742E-36   0.163550E-35   0.327078E-35   0.573765E-36   0.130838E-34   0.261678E-34   0.523322E-34   0.461648E-35   0.209329E-33   0.133230E-34   0.837311E-33   0.721916E-31   0.728889E-31   0.124298E-33   0.133971E-31   0.146916E-18   0.226009E-15   0.282139E-16   0.254835E-19   0.116546E-21   0.381064E-26   0.275779E-30   0.144892E-28   0.162152E-28   0.564026E-28   0.883151E-28
   0.133333E+01   0.817740E-36   0.163549E-35   0.327082E-35   0.476340E-34   0.130839E-34   0.261679E-34   0.131195E-35   0.340289E-33   0.524816E-35   0.880952E-33   0.209941E-34   0.678664E-29   0.685628E-29   0.576185E-32   0.335738E-33   0.138316E-16   0.212818E-13   0.265736E-14   0.240029E-17   0.109782E-19   0.359026E-24   0.219591E-28   0.136551E-26   0.152824E-26   0.531594E-26   0.832388E-26
   0.133333E+01   0.213044E-37   0.426499E-37   0.851822E-37   0.436750E-32   0.341881E-36   0.683809E-36   0.136517E-35   0.305750E-31   0.546332E-35   0.787374E-31   0.218638E-34   0.572486E-27   0.577820E-27   0.512119E-30   0.349821E-33   0.113398E-14   0.172030E-11   0.212935E-12   0.192757E-15   0.870350E-18   0.287218E-22   0.193531E-26   0.112996E-24   0.126143E-24   0.426202E-24   0.667046E-24
   0.133333E+01   0.817736E-36   0.163547E-35   0.327080E-35   0.800113E-37   0.130839E-34   0.261676E-34   0.523318E-34   0.112139E-35   0.209329E-33   0.430123E-35   0.837325E-33   0.276210E-32   0.278877E-32   0.653970E-34   0.133970E-31   0.561985E-20   0.864635E-17   0.107938E-17   0.974892E-21   0.445855E-23   0.145777E-27   0.521323E-31   0.554519E-30   0.620636E-30   0.215835E-29   0.337963E-29
   0.133333E+01   0.817743E-36   0.163548E-35   0.327076E-35   0.189354E-35   0.130838E-34   0.261675E-34   0.523323E-34   0.140850E-34   0.209330E-33   0.378515E-34   0.837317E-33   0.261270E-30   0.263941E-30   0.284856E-33   0.133972E-31   0.532435E-18   0.819221E-15   0.102292E-15   0.924026E-19   0.422638E-21   0.138219E-25   0.886801E-30   0.525607E-28   0.588243E-28   0.204622E-27   0.320404E-27
   0.133333E+01   0.817750E-36   0.411100E-37   0.820612E-37   0.163455E-33   0.328950E-36   0.657854E-36   0.131307E-35   0.118049E-32   0.525305E-35   0.306323E-32   0.210122E-34   0.236357E-28   0.238916E-28   0.200809E-31   0.336051E-33   0.482005E-16   0.741455E-13   0.925647E-14   0.835350E-17   0.382031E-19   0.124896E-23   0.765434E-28   0.476604E-26   0.533386E-26   0.185308E-25   0.290164E-25
   0.133333E+01   0.225724E-37   0.453300E-37   0.908716E-37   0.134090E-31   0.366472E-36   0.734825E-36   0.146758E-35   0.978504E-31   0.588575E-35   0.254550E-30   0.235866E-34   0.164509E-26   0.165265E-26   0.167294E-29   0.378084E-33   0.314721E-14   0.472416E-11   0.579526E-12   0.529100E-15   0.237833E-17   0.786982E-22   0.590596E-26   0.322714E-24   0.359207E-24   0.116483E-23   0.182230E-23
   0.133333E+01   0.160746E-36   0.336597E-36   0.703539E-36   0.819687E-30   0.299993E-35   0.613641E-35   0.123672E-34   0.575638E-29   0.507471E-34   0.148170E-28   0.206285E-33   0.872501E-26   0.870357E-26   0.961196E-28   0.335591E-32   0.139057E-13   0.207162E-10   0.249993E-11   0.232064E-14   0.104518E-16   0.344311E-21   0.277625E-25   0.156056E-23   0.170750E-23   0.501088E-23   0.783185E-23
   0.133333E+01   0.289231E-35   0.592016E-35   0.121694E-34   0.412657E-30   0.506174E-34   0.102634E-33   0.205144E-33   0.266659E-29   0.833419E-33   0.673249E-29   0.336647E-32   0.197584E-26   0.197771E-26   0.427497E-28   0.544081E-31   0.273439E-14   0.401973E-11   0.475836E-12   0.449345E-15   0.200345E-17   0.664345E-22   0.570217E-26   0.336383E-24   0.363249E-24   0.956863E-24   0.149406E-23
   0.133333E+01   0.817736E-36   0.163550E-35   0.327081E-35   0.117830E-36   0.130837E-34   0.261675E-34   0.523320E-34   0.139311E-35   0.209331E-33   0.499913E-35   0.837316E-33   0.815980E-32   0.824300E-32   0.700147E-34   0.133971E-31   0.166264E-19   0.255828E-16   0.319434E-17   0.288548E-20   0.131978E-22   0.431611E-27   0.695773E-31   0.164156E-29   0.183716E-29   0.639019E-29   0.100061E-28
   0.133333E+01   0.817744E-36   0.163548E-35   0.327079E-35   0.523488E-35   0.130837E-34   0.261676E-34   0.523326E-34   0.383299E-34   0.209327E-33   0.100833E-33   0.837314E-33   0.745379E-30   0.753420E-30   0.698118E-33   0.133970E-31   0.152106E-17   0.234078E-14   0.292352E-15   0.264115E-18   0.120815E-20   0.395204E-25   0.245551E-29   0.150303E-27   0.168221E-27   0.585183E-27   0.916322E-27
   0.133333E+01   0.206123E-37   0.412128E-37   0.822905E-37   0.549146E-33   0.329891E-36   0.659735E-36   0.131693E-35   0.400487E-32   0.526922E-35   0.104168E-31   0.210829E-34   0.801282E-28   0.810455E-28   0.684507E-31   0.337182E-33   0.162873E-15   0.250165E-12   0.312067E-13   0.281232E-16   0.128492E-18   0.420143E-23   0.260100E-27   0.161505E-25   0.180676E-25   0.625272E-25   0.979051E-25
   0.133333E+01   0.260901E-37   0.527621E-37   0.106600E-36   0.420401E-31   0.434533E-36   0.874709E-36   0.174989E-35   0.309793E-30   0.705259E-35   0.807820E-30   0.283367E-34   0.381900E-26   0.381698E-26   0.532206E-29   0.455747E-33   0.683035E-14   0.101720E-10   0.123437E-11   0.113898E-14   0.511399E-17   0.169103E-21   0.134974E-25   0.735781E-24   0.814086E-24   0.248400E-23   0.388387E-23
   0.133333E+01   0.420211E-36   0.888806E-36   0.187708E-35   0.144561E-29   0.811815E-35   0.166887E-34   0.336791E-34   0.967899E-29   0.138978E-33   0.246328E-28   0.566950E-33   0.968613E-26   0.967429E-26   0.157750E-27   0.925645E-32   0.153461E-13   0.228706E-10   0.276092E-11   0.256213E-14   0.115431E-16   0.380170E-21   0.306253E-25   0.171905E-23   0.188863E-23   0.553120E-23   0.864519E-23
   0.133333E+01   0.696367E-35   0.148740E-34   0.316832E-34   0.447851E-30   0.138656E-33   0.286221E-33   0.579001E-33   0.289333E-29   0.240041E-32   0.730540E-29   0.982083E-32   0.212842E-26   0.213058E-26   0.464128E-28   0.160822E-30   0.294523E-14   0.432952E-11   0.512479E-12   0.483972E-15   0.215776E-17   0.715532E-22   0.614272E-26   0.362922E-24   0.390863E-24   0.103056E-23   0.160912E-23
   0.133333E+01   0.659641E-33   0.137028E-32   0.285730E-32   0.427903E-30   0.121387E-31   0.248023E-31   0.497474E-31   0.282494E-29   0.203915E-30   0.728615E-29   0.828395E-30   0.199993E-26   0.200326E-26   0.503068E-28   0.133896E-28   0.276337E-14   0.406190E-11   0.480759E-12   0.454050E-15   0.202424E-17   0.671283E-22   0.576526E-26   0.340686E-24   0.366897E-24   0.966784E-24   0.150954E-23
   0.133333E+01   0.817734E-36   0.163547E-35   0.327094E-35   0.607347E-37   0.130838E-34   0.261676E-34   0.523350E-34   0.984372E-36   0.209341E-33   0.394762E-35   0.837361E-33   0.517543E-34   0.524103E-34   0.630377E-34   0.133976E-31   0.104849E-21   0.162561E-18   0.203358E-19   0.189886E-22   0.838435E-25   0.274797E-29   0.433848E-31   0.106996E-31   0.120199E-31   0.411995E-31   0.647195E-31
   0.133333E+01   0.817752E-36   0.411247E-37   0.822728E-37   0.169990E-34   0.329068E-36   0.658042E-36   0.131580E-35   0.123896E-33   0.526396E-35   0.322239E-33   0.210528E-34   0.246829E-29   0.249631E-29   0.211820E-32   0.336941E-33   0.504376E-17   0.776337E-14   0.969837E-15   0.876257E-18   0.400871E-20   0.131161E-24   0.805027E-29   0.498892E-27   0.558388E-27   0.194250E-26   0.304179E-26
   0.133333E+01   0.226665E-37   0.457414E-37   0.923997E-37   0.147901E-32   0.375100E-36   0.754244E-36   0.151253E-35   0.108906E-31   0.609226E-35   0.283933E-31   0.244834E-34   0.214412E-27   0.216999E-27   0.187022E-30   0.393106E-33   0.433569E-15   0.663125E-12   0.825622E-13   0.744178E-16   0.338617E-18   0.111081E-22   0.707652E-27   0.431129E-25   0.482007E-25   0.165603E-24   0.259278E-24
   0.133333E+01   0.170278E-36   0.373111E-36   0.812102E-36   0.106209E-30   0.367243E-35   0.767354E-35   0.156855E-34   0.790223E-30   0.659574E-34   0.206543E-29   0.272338E-33   0.541857E-26   0.542969E-26   0.136400E-28   0.447993E-32   0.927494E-14   0.137863E-10   0.166823E-11   0.154438E-14   0.695364E-17   0.229229E-21   0.183550E-25   0.101957E-23   0.111927E-23   0.335120E-23   0.523892E-23
   0.133333E+01   0.140795E-34   0.314401E-34   0.695090E-34   0.181225E-29   0.321003E-33   0.675430E-33   0.138650E-32   0.118585E-28   0.587538E-32   0.300245E-28   0.243741E-31   0.101639E-25   0.102154E-25   0.191260E-27   0.402708E-30   0.162118E-13   0.240910E-10   0.290921E-11   0.269899E-14   0.121628E-16   0.400502E-21   0.322187E-25   0.181535E-23   0.198178E-23   0.582493E-23   0.910446E-23
   0.133333E+01   0.264403E-33   0.595688E-33   0.132645E-32   0.486398E-30   0.618935E-32   0.130710E-31   0.269089E-31   0.317712E-29   0.114506E-30   0.811164E-29   0.476293E-30   0.228635E-26   0.230228E-26   0.538944E-28   0.789038E-29   0.318248E-14   0.466143E-11   0.551624E-12   0.521067E-15   0.232302E-17   0.770342E-22   0.661433E-26   0.390842E-24   0.420943E-24   0.110895E-23   0.173152E-23
   0.133333E+01   0.314605E-31   0.665957E-31   0.134456E-30   0.713533E-30   0.470276E-30   0.831412E-30   0.142684E-29   0.538467E-29   0.402078E-29   0.141405E-28   0.108252E-28   0.220873E-26   0.223428E-26   0.934155E-28   0.732132E-28   0.305352E-14   0.447246E-11   0.529246E-12   0.499942E-15   0.222880E-17   0.739106E-22   0.634694E-26   0.375059E-24   0.403940E-24   0.106396E-23   0.166128E-23
   0.133333E+01   0.205344E-37   0.410659E-37   0.821200E-37   0.241102E-38   0.328574E-36   0.656913E-36   0.131373E-35   0.355572E-37   0.525568E-35   0.132088E-36   0.210182E-34   0.670939E-34   0.679393E-34   0.204472E-35   0.336315E-33   0.136432E-21   0.210943E-18   0.263729E-19   0.246885E-22   0.109001E-24   0.356851E-29   0.434465E-31   0.136559E-31   0.153270E-31   0.534927E-31   0.839231E-31
   0.133333E+01   0.205359E-37   0.410688E-37   0.821435E-37   0.537427E-37   0.328621E-36   0.656913E-36   0.131477E-35   0.413212E-36   0.525606E-35   0.111749E-35   0.210167E-34   0.757183E-32   0.766215E-32   0.855176E-35   0.336267E-33   0.154925E-19   0.238510E-16   0.298015E-17   0.269237E-20   0.123175E-22   0.403074E-27   0.678313E-31   0.153430E-29   0.171738E-29   0.597343E-29   0.935432E-29
   0.133333E+01   0.208709E-37   0.418300E-37   0.837540E-37   0.533806E-35   0.334734E-36   0.668151E-36   0.133414E-35   0.397009E-34   0.531700E-35   0.103786E-33   0.211897E-34   0.739248E-30   0.747564E-30   0.686366E-33   0.337567E-33   0.146735E-17   0.222375E-14   0.275157E-15   0.249187E-18   0.112456E-20   0.371320E-25   0.278913E-29   0.147499E-27   0.164623E-27   0.552946E-27   0.865466E-27
   0.133333E+01   0.201919E-34   0.461299E-34   0.991066E-34   0.322218E-30   0.380912E-33   0.698826E-33   0.123874E-32   0.240297E-29   0.370551E-32   0.628003E-29   0.106099E-31   0.707941E-26   0.709406E-26   0.414415E-28   0.852099E-31   0.117870E-13   0.175409E-10   0.212266E-11   0.196551E-14   0.886418E-17   0.291768E-21   0.232794E-25   0.130009E-23   0.142384E-23   0.425568E-23   0.665271E-23
   0.133333E+01   0.162738E-32   0.374505E-32   0.809228E-32   0.165852E-29   0.313538E-31   0.576810E-31   0.102463E-30   0.108276E-28   0.307372E-30   0.274252E-28   0.881341E-30   0.883878E-26   0.888475E-26   0.175066E-27   0.707782E-29   0.144523E-13   0.215316E-10   0.260962E-11   0.241322E-14   0.108956E-16   0.358337E-21   0.284952E-25   0.159451E-23   0.174602E-23   0.522021E-23   0.816074E-23
   0.133333E+01   0.319210E-32   0.691360E-32   0.135996E-31   0.672297E-31   0.432071E-31   0.730419E-31   0.121040E-30   0.475203E-30   0.323414E-30   0.122337E-29   0.846311E-30   0.204105E-27   0.206325E-27   0.798072E-29   0.569532E-29   0.280968E-15   0.411238E-12   0.486188E-13   0.459636E-16   0.204790E-18   0.679400E-23   0.589528E-27   0.347001E-25   0.373596E-25   0.977599E-25   0.152636E-24
   0.133333E+01   0.120908E-30   0.192808E-30   0.306870E-30   0.954615E-30   0.775066E-30   0.123092E-29   0.195441E-29   0.617378E-29   0.492521E-29   0.155888E-28   0.124075E-28   0.228830E-26   0.231561E-26   0.989814E-28   0.786762E-28   0.316292E-14   0.463321E-11   0.548287E-12   0.517918E-15   0.230911E-17   0.765690E-22   0.657167E-26   0.388654E-24   0.418708E-24   0.110223E-23   0.172104E-23
   0.133333E+01   0.626462E-36   0.114996E-35   0.208248E-35   0.194063E-32   0.647373E-35   0.111577E-34   0.189855E-34   0.142669E-31   0.541160E-34   0.371811E-31   0.153104E-33   0.281899E-27   0.285248E-27   0.244797E-30   0.129136E-32   0.576760E-15   0.887911E-12   0.110947E-12   0.100251E-15   0.458667E-18   0.150106E-22   0.915555E-27   0.571020E-25   0.639142E-25   0.222349E-24   0.348187E-24
   0.133333E+01   0.922225E-36   0.170300E-35   0.309702E-35   0.293812E-32   0.966508E-35   0.166557E-34   0.282988E-34   0.218255E-31   0.801025E-34   0.570237E-31   0.223761E-33   0.433014E-27   0.438421E-27   0.376416E-30   0.180503E-32   0.886238E-15   0.136384E-11   0.170375E-12   0.153753E-15   0.703526E-18   0.230018E-22   0.140978E-26   0.879012E-25   0.983807E-25   0.341719E-24   0.535114E-24
   0.133333E+01   0.648973E-34   0.120471E-33   0.219785E-33   0.215076E-30   0.686201E-33   0.117925E-32   0.199365E-32   0.161434E-29   0.554903E-32   0.422849E-29   0.150674E-31   0.264203E-25   0.265941E-25   0.279851E-28   0.109550E-30   0.524528E-13   0.792445E-10   0.980790E-11   0.889299E-14   0.403602E-16   0.132533E-20   0.959638E-25   0.526910E-23   0.587993E-23   0.197047E-22   0.308420E-22
   0.133333E+01   0.183050E-29   0.342224E-29   0.627876E-29   0.495789E-26   0.197598E-28   0.340513E-28   0.576910E-28   0.349878E-25   0.161041E-27   0.901137E-25   0.437953E-27   0.538418E-22   0.542156E-22   0.584646E-24   0.318514E-26   0.108225E-09   0.166560E-06   0.207715E-07   0.187177E-10   0.855557E-13   0.279371E-17   0.206262E-21   0.106248E-19   0.118881E-19   0.413844E-19   0.647927E-19
   0.133333E+01   0.199638E-28   0.359310E-28   0.623931E-28   0.252884E-27   0.175178E-27   0.287251E-27   0.466776E-27   0.170824E-26   0.121446E-26   0.435458E-26   0.312255E-26   0.773355E-24   0.780744E-24   0.279954E-25   0.203801E-25   0.122778E-11   0.183257E-08   0.221641E-09   0.205342E-12   0.926113E-15   0.304794E-19   0.243928E-23   0.137113E-21   0.149927E-21   0.443292E-21   0.692901E-21
   0.133333E+01   0.531518E-30   0.843623E-30   0.133888E-29   0.418519E-29   0.337195E-29   0.535103E-29   0.849157E-29   0.268809E-28   0.213829E-28   0.677523E-28   0.538389E-28   0.103720E-25   0.104891E-25   0.429306E-27   0.341073E-27   0.153701E-13   0.227774E-10   0.272869E-11   0.254947E-14   0.114385E-16   0.377756E-21   0.312288E-25   0.179597E-23   0.194995E-23   0.546795E-23   0.854272E-23
   0.133333E+01   0.799708E-28   0.126890E-27   0.201339E-27   0.629504E-27   0.506930E-27   0.804388E-27   0.127640E-26   0.404217E-26   0.321381E-26   0.101875E-25   0.809131E-26   0.165302E-23   0.167008E-23   0.645462E-25   0.512524E-25   0.265559E-11   0.397027E-08   0.480980E-09   0.444965E-12   0.200879E-14   0.660678E-19   0.525424E-23   0.294069E-21   0.321999E-21   0.961693E-21   0.150334E-20
   0.133333E+01   0.000000E+00   0.000000E+00   0.000000E+00   0.000000E+00   0.000000E+00   0.000000E+00   0.000000E+00   0.000000E+00   0.000000E+00   0.000000E+00   0.000000E+00   0.000000E+00   0.000000E+00   0.000000E+00   0.000000E+00   0.000000E+00   0.000000E+00   0.000000E+00   0.000000E+00   0.000000E+00   0.000000E+00   0.000000E+00   0.000000E+00   0.000000E+00   0.000000E+00   0.000000E+00
   0.133333E+01   0.231814E-26   0.463298E-26   0.926042E-26   0.185576E-25   0.370082E-25   0.739918E-25   0.147944E-24   0.297689E-24   0.591543E-24   0.118864E-23   0.236558E-23   0.111242E-22   0.149447E-22   0.189615E-22   0.378394E-22   0.263038E-10   0.408902E-07   0.564924E-08   0.462750E-11   0.217184E-13   0.703714E-18   0.460240E-20   0.161461E-19   0.207658E-19   0.425507E-19   0.834524E-19
   0.150000E+01   0.218750E-25   0.437500E-25   0.875000E-25   0.175000E-24   0.350000E-24   0.700000E-24   0.140000E-23   0.280000E-23   0.560000E-23   0.112000E-22   0.224000E-22   0.448000E-22   0.189896E-21   0.245743E-21   0.358400E-21   0.716800E-21   0.235743E-06   0.390242E-07   0.450238E-08   0.122704E-10   0.217154E-14   0.372275E-19   0.143706E-18   0.186561E-18   0.366993E-18   0.735308E-18
   0.150000E+01   0.817739E-36   0.163540E-35   0.327075E-35   0.624658E-37   0.130831E-34   0.261665E-34   0.523327E-34   0.995880E-36   0.209328E-33   0.418657E-33   0.837321E-33   0.167464E-32   0.449314E-33   0.389413E-33   0.126492E-33   0.267942E-31   0.832665E-18   0.116571E-18   0.138736E-19   0.417133E-22   0.740315E-26   0.108678E-30   0.684657E-31   0.744423E-31   0.343616E-30   0.325083E-30
   0.150000E+01   0.817740E-36   0.163549E-35   0.327077E-35   0.276335E-36   0.130838E-34   0.261675E-34   0.523323E-34   0.246346E-35   0.209338E-33   0.418679E-33   0.837357E-33   0.167464E-32   0.503717E-31   0.436422E-31   0.165299E-33   0.267940E-31   0.933916E-16   0.130719E-16   0.155605E-17   0.467917E-20   0.830478E-24   0.116181E-28   0.765093E-29   0.830926E-29   0.344183E-30   0.363224E-28
   0.150000E+01   0.817739E-36   0.163547E-35   0.327079E-35   0.685666E-37   0.130838E-34   0.261677E-34   0.523322E-34   0.103895E-35   0.209339E-33   0.418675E-33   0.837357E-33   0.167463E-32   0.191103E-32   0.165670E-32   0.127550E-33   0.267941E-31   0.354683E-17   0.496553E-18   0.591187E-19   0.177786E-21   0.315573E-25   0.462864E-30   0.291038E-30   0.316187E-30   0.343715E-30   0.138159E-29
   0.150000E+01   0.817742E-36   0.163550E-35   0.327078E-35   0.858640E-36   0.130838E-34   0.261678E-34   0.523322E-34   0.657205E-35   0.209340E-33   0.418676E-33   0.837357E-33   0.167463E-32   0.191951E-30   0.166456E-30   0.275726E-33   0.267942E-31   0.356668E-15   0.499445E-16   0.594698E-17   0.178861E-19   0.317534E-23   0.444347E-28   0.292667E-28   0.317873E-28   0.345884E-30   0.138970E-27
   0.150000E+01   0.817740E-36   0.163549E-35   0.327082E-35   0.740412E-34   0.130839E-34   0.261679E-34   0.131213E-35   0.523416E-33   0.525681E-35   0.105144E-34   0.210288E-34   0.419883E-34   0.180630E-28   0.156710E-28   0.140833E-31   0.671812E-33   0.335992E-13   0.470584E-14   0.560371E-15   0.168529E-17   0.299128E-21   0.418743E-26   0.275931E-26   0.299708E-26   0.546892E-30   0.131029E-25
   0.150000E+01   0.214998E-37   0.430290E-37   0.859992E-37   0.675366E-32   0.345102E-36   0.690721E-36   0.137881E-35   0.467668E-31   0.552802E-35   0.110575E-34   0.221211E-34   0.441549E-34   0.151021E-26   0.130957E-26   0.124390E-29   0.706864E-33   0.268341E-11   0.373072E-12   0.437613E-13   0.132776E-15   0.236113E-19   0.331914E-24   0.224121E-24   0.242880E-24   0.182386E-28   0.103576E-23
   0.150000E+01   0.817746E-36   0.163547E-35   0.327078E-35   0.910773E-37   0.130837E-34   0.261675E-34   0.523319E-34   0.119637E-35   0.209340E-33   0.418680E-33   0.837354E-33   0.167464E-32   0.732989E-32   0.635640E-32   0.131810E-33   0.267940E-31   0.136187E-16   0.190703E-17   0.227069E-18   0.682920E-21   0.121237E-24   0.169660E-29   0.111769E-29   0.121404E-29   0.343641E-30   0.530691E-29
   0.150000E+01   0.817740E-36   0.163548E-35   0.327079E-35   0.290683E-35   0.130837E-34   0.261677E-34   0.523326E-34   0.211070E-34   0.209341E-33   0.418678E-33   0.837357E-33   0.167463E-32   0.694270E-30   0.602312E-30   0.667218E-33   0.267943E-31   0.129136E-14   0.180868E-15   0.215391E-16   0.647862E-19   0.115030E-22   0.160991E-27   0.106044E-27   0.115182E-27   0.351406E-30   0.503590E-27
   0.150000E+01   0.817758E-36   0.411394E-37   0.821200E-37   0.253866E-33   0.329091E-36   0.658230E-36   0.131373E-35   0.181354E-32   0.526396E-35   0.105332E-34   0.210619E-34   0.420394E-34   0.628639E-28   0.545620E-28   0.490393E-31   0.672679E-33   0.116870E-12   0.163654E-13   0.194812E-14   0.585432E-17   0.103790E-20   0.145339E-25   0.961415E-26   0.104419E-25   0.105230E-29   0.455958E-25
   0.150000E+01   0.230514E-37   0.463204E-37   0.929875E-37   0.205418E-31   0.375453E-36   0.753022E-36   0.150435E-35   0.148274E-30   0.604825E-35   0.121085E-34   0.242517E-34   0.484311E-34   0.428847E-26   0.372388E-26   0.403123E-29   0.776583E-33   0.723715E-11   0.997646E-12   0.116484E-12   0.357262E-15   0.635793E-19   0.894208E-24   0.623287E-24   0.673613E-24   0.585322E-28   0.277341E-23
   0.150000E+01   0.189701E-36   0.397614E-36   0.831927E-36   0.113982E-29   0.355171E-35   0.726827E-35   0.146502E-34   0.780792E-29   0.601556E-34   0.121418E-33   0.244605E-33   0.491952E-33   0.212375E-25   0.184304E-25   0.205514E-27   0.797759E-32   0.293892E-10   0.398522E-11   0.464745E-12   0.145135E-14   0.257863E-18   0.362520E-23   0.280624E-23   0.298802E-23   0.413911E-26   0.110081E-22
   0.150000E+01   0.381566E-35   0.781064E-35   0.160566E-34   0.559324E-30   0.667922E-34   0.135436E-33   0.270710E-33   0.354676E-29   0.109984E-32   0.221174E-32   0.444273E-32   0.891611E-32   0.534312E-26   0.466167E-26   0.898124E-28   0.143805E-30   0.624598E-11   0.831007E-12   0.968483E-13   0.306093E-15   0.544855E-19   0.768325E-24   0.652966E-24   0.687658E-24   0.856513E-26   0.229273E-23
   0.150000E+01   0.817737E-36   0.163548E-35   0.327075E-35   0.147818E-36   0.130837E-34   0.261677E-34   0.523322E-34   0.160037E-35   0.209341E-33   0.418676E-33   0.837354E-33   0.167463E-32   0.212087E-31   0.183992E-31   0.142906E-33   0.267941E-31   0.394453E-16   0.552467E-17   0.657909E-18   0.197887E-20   0.351351E-24   0.491735E-29   0.323931E-29   0.351840E-29   0.343912E-30   0.153826E-28
   0.150000E+01   0.817731E-36   0.163548E-35   0.327078E-35   0.793297E-35   0.130837E-34   0.261677E-34   0.523322E-34   0.571841E-34   0.209341E-33   0.418677E-33   0.837349E-33   0.167464E-32   0.194125E-29   0.168484E-29   0.164520E-32   0.671283E-33   0.361446E-14   0.506348E-15   0.603078E-16   0.181410E-18   0.322138E-22   0.450914E-27   0.297041E-27   0.322648E-27   0.365827E-30   0.141074E-26
   0.150000E+01   0.206270E-37   0.412657E-37   0.823845E-37   0.851898E-33   0.330337E-36   0.660769E-36   0.131843E-35   0.614518E-32   0.528540E-35   0.105700E-34   0.211371E-34   0.422049E-34   0.212895E-27   0.184873E-27   0.167017E-30   0.675231E-33   0.393424E-12   0.550591E-13   0.653968E-14   0.196491E-16   0.348089E-20   0.488028E-25   0.324624E-25   0.352475E-25   0.277444E-29   0.153468E-24
   0.150000E+01   0.274213E-37   0.555891E-37   0.112524E-36   0.636747E-31   0.460183E-36   0.927230E-36   0.185643E-35   0.464109E-30   0.749984E-35   0.150508E-34   0.301694E-34   0.603719E-34   0.978194E-26   0.848452E-26   0.126830E-28   0.966817E-33   0.151729E-10   0.206977E-11   0.241155E-12   0.748238E-15   0.133105E-18   0.187247E-23   0.137152E-23   0.147528E-23   0.184322E-27   0.574504E-23
   0.150000E+01   0.510572E-36   0.108105E-35   0.228506E-35   0.187589E-29   0.989451E-35   0.203490E-34   0.410766E-34   0.122743E-28   0.169598E-33   0.342992E-33   0.692064E-33   0.139377E-32   0.235444E-25   0.204615E-25   0.315473E-27   0.223921E-31   0.323557E-10   0.439056E-11   0.509480E-12   0.159812E-14   0.283911E-18   0.399125E-23   0.308939E-23   0.329619E-23   0.130282E-25   0.121172E-22
   0.150000E+01   0.935483E-35   0.199955E-34   0.426162E-34   0.606825E-30   0.186653E-33   0.385414E-33   0.779866E-33   0.384717E-29   0.323428E-32   0.655126E-32   0.132353E-31   0.266833E-31   0.578599E-26   0.501008E-26   0.975120E-28   0.429334E-30   0.673044E-11   0.895849E-12   0.103872E-12   0.329827E-15   0.587080E-19   0.827905E-24   0.704351E-24   0.740725E-24   0.957991E-26   0.247037E-23
   0.150000E+01   0.917734E-33   0.191214E-32   0.399698E-32   0.580193E-30   0.170430E-31   0.348696E-31   0.700203E-31   0.376521E-29   0.287470E-30   0.580248E-30   0.116901E-29   0.235152E-29   0.544370E-26   0.471787E-26   0.110442E-27   0.368435E-28   0.631837E-11   0.840917E-12   0.975017E-13   0.309618E-15   0.551117E-19   0.777204E-24   0.661556E-24   0.695685E-24   0.916006E-26   0.231888E-23
   0.150000E+01   0.817743E-36   0.163548E-35   0.327095E-35   0.611257E-37   0.130837E-34   0.261677E-34   0.523343E-34   0.986851E-36   0.209340E-33   0.418683E-33   0.837354E-33   0.167471E-32   0.137745E-33   0.119732E-33   0.126317E-33   0.267951E-31   0.256189E-18   0.358937E-19   0.427336E-20   0.128491E-22   0.228160E-26   0.336088E-31   0.210995E-31   0.232517E-31   0.343616E-30   0.998048E-31
   0.150000E+01   0.205697E-37   0.411511E-37   0.823257E-37   0.257532E-34   0.329374E-36   0.658841E-36   0.131815E-35   0.185637E-33   0.527110E-35   0.105400E-34   0.210799E-34   0.421598E-34   0.640275E-29   0.555938E-29   0.504618E-32   0.674990E-33   0.119336E-13   0.167212E-14   0.199181E-15   0.599196E-18   0.106414E-21   0.148976E-26   0.981469E-27   0.106612E-26   0.418384E-30   0.466176E-26
   0.150000E+01   0.240888E-37   0.489153E-37   0.993586E-37   0.224536E-32   0.406956E-36   0.821389E-36   0.165086E-35   0.163525E-31   0.667455E-35   0.134078E-34   0.269013E-34   0.539320E-34   0.557195E-27   0.484123E-27   0.446677E-30   0.861420E-33   0.101864E-11   0.142404E-12   0.167572E-13   0.506671E-16   0.898885E-20   0.126179E-24   0.844845E-25   0.916859E-25   0.696691E-29   0.396798E-24
   0.150000E+01   0.262716E-36   0.580694E-36   0.127204E-35   0.156242E-30   0.580386E-35   0.121640E-34   0.249153E-34   0.114973E-29   0.105135E-33   0.214273E-33   0.435029E-33   0.880442E-33   0.133280E-25   0.114716E-25   0.315772E-28   0.140294E-31   0.196844E-10   0.267971E-11   0.310976E-12   0.972411E-15   0.172795E-18   0.242905E-23   0.182914E-23   0.195680E-23   0.466222E-27   0.741858E-23
   0.150000E+01   0.231555E-34   0.519625E-34   0.115231E-33   0.227718E-29   0.534543E-33   0.112656E-32   0.231583E-32   0.145987E-28   0.983201E-32   0.200809E-31   0.408371E-31   0.827585E-31   0.247843E-25   0.213937E-25   0.371863E-27   0.132056E-29   0.339974E-10   0.461496E-11   0.535535E-12   0.167951E-14   0.298354E-18   0.419399E-23   0.324976E-23   0.345496E-23   0.264855E-25   0.127316E-22
   0.150000E+01   0.479444E-33   0.108577E-32   0.242557E-32   0.660808E-30   0.113723E-31   0.240583E-31   0.496036E-31   0.425566E-29   0.211509E-30   0.432649E-30   0.880916E-30   0.178695E-29   0.623915E-26   0.540574E-26   0.119497E-27   0.284931E-28   0.724952E-11   0.964776E-12   0.111865E-12   0.355246E-15   0.632330E-19   0.891735E-24   0.758871E-24   0.798058E-24   0.104493E-25   0.265983E-23
   0.150000E+01   0.582505E-31   0.118014E-30   0.226411E-30   0.103158E-29   0.726071E-30   0.124275E-29   0.208115E-29   0.740543E-29   0.565247E-29   0.919620E-29   0.148755E-28   0.239568E-28   0.603180E-26   0.524978E-26   0.198792E-27   0.156756E-27   0.695671E-11   0.925782E-12   0.107344E-12   0.340893E-15   0.606784E-19   0.855714E-24   0.728320E-24   0.765919E-24   0.100844E-25   0.255232E-23
   0.150000E+01   0.205344E-37   0.410747E-37   0.821377E-37   0.275066E-38   0.328504E-36   0.656960E-36   0.131373E-35   0.361112E-37   0.525568E-35   0.105084E-34   0.210092E-34   0.420304E-34   0.177692E-33   0.154459E-33   0.423705E-35   0.672486E-33   0.330973E-18   0.463649E-19   0.552213E-20   0.166035E-22   0.295066E-26   0.433764E-31   0.274802E-31   0.298493E-31   0.343666E-30   0.129380E-30
   0.150000E+01   0.205344E-37   0.410659E-37   0.821612E-37   0.832250E-37   0.328621E-36   0.656866E-36   0.131430E-35   0.622730E-36   0.525606E-35   0.105091E-34   0.210152E-34   0.420364E-34   0.203473E-31   0.176749E-31   0.201019E-34   0.672342E-33   0.379585E-16   0.531946E-17   0.633630E-18   0.190584E-20   0.338304E-24   0.473855E-29   0.312484E-29   0.339450E-29   0.343838E-30   0.148407E-28
   0.150000E+01   0.213205E-37   0.427586E-37   0.855466E-37   0.829316E-35   0.340541E-36   0.678449E-36   0.135078E-35   0.609899E-34   0.536176E-35   0.106904E-34   0.213161E-34   0.425299E-34   0.196197E-29   0.170520E-29   0.167741E-32   0.676386E-33   0.347624E-14   0.483307E-15   0.563822E-16   0.171974E-18   0.305842E-22   0.430654E-27   0.292820E-27   0.317255E-27   0.369180E-30   0.134591E-26
   0.150000E+01   0.437771E-34   0.958584E-34   0.195979E-33   0.466148E-30   0.692645E-33   0.123226E-32   0.213518E-32   0.341415E-29   0.618503E-32   0.103992E-31   0.174265E-31   0.291881E-31   0.170259E-25   0.146448E-25   0.932346E-28   0.236720E-30   0.245624E-10   0.334385E-11   0.388090E-12   0.121456E-14   0.215722E-18   0.303129E-23   0.230161E-23   0.245555E-23   0.147452E-26   0.924032E-23
   0.150000E+01   0.354046E-32   0.780855E-32   0.160555E-31   0.202888E-29   0.572028E-31   0.102051E-30   0.177212E-30   0.130111E-28   0.514858E-30   0.866486E-30   0.145301E-29   0.243480E-29   0.210412E-25   0.181584E-25   0.333589E-27   0.197488E-28   0.298473E-10   0.406733E-11   0.472061E-12   0.147681E-14   0.262246E-18   0.368412E-23   0.280486E-23   0.298963E-23   0.288247E-25   0.112204E-22
   0.150000E+01   0.685078E-32   0.132262E-31   0.237397E-31   0.987033E-31   0.679658E-31   0.111717E-30   0.181711E-30   0.665670E-30   0.473925E-30   0.761972E-30   0.122329E-29   0.196241E-29   0.562774E-27   0.489607E-27   0.175276E-28   0.129857E-28   0.643832E-12   0.855932E-13   0.992381E-14   0.315327E-16   0.561363E-20   0.791830E-25   0.677419E-25   0.712131E-25   0.978765E-27   0.235972E-24
   0.150000E+01   0.161097E-30   0.256240E-30   0.407203E-30   0.128127E-29   0.102697E-29   0.163038E-29   0.258803E-29   0.819507E-29   0.651992E-29   0.103477E-28   0.164218E-28   0.260600E-28   0.623941E-26   0.543132E-26   0.207889E-27   0.165145E-27   0.720039E-11   0.958297E-12   0.111117E-12   0.352856E-15   0.628065E-19   0.885702E-24   0.753756E-24   0.792826E-24   0.104165E-25   0.264196E-23
   0.150000E+01   0.100460E-35   0.184484E-35   0.331587E-35   0.267313E-32   0.100555E-34   0.171072E-34   0.287669E-34   0.194349E-31   0.801928E-34   0.133454E-33   0.222287E-33   0.371394E-33   0.664869E-27   0.577519E-27   0.530382E-30   0.307701E-32   0.124036E-11   0.173831E-12   0.207093E-13   0.623035E-16   0.110662E-19   0.154940E-24   0.102086E-24   0.110895E-24   0.861779E-29   0.484926E-24
   0.150000E+01   0.158411E-35   0.292752E-35   0.528610E-35   0.432121E-32   0.161082E-34   0.274186E-34   0.460744E-34   0.317449E-31   0.127826E-33   0.211823E-33   0.350883E-33   0.582187E-33   0.109110E-26   0.948180E-27   0.871088E-30   0.462209E-32   0.203331E-11   0.284898E-12   0.339078E-13   0.101956E-15   0.180756E-19   0.253064E-24   0.167671E-24   0.182121E-24   0.139489E-28   0.795246E-24
   0.150000E+01   0.104493E-33   0.194278E-33   0.352251E-33   0.293749E-30   0.107678E-32   0.183142E-32   0.307024E-32   0.218048E-29   0.843597E-32   0.138727E-31   0.227549E-31   0.372937E-31   0.612139E-25   0.530292E-25   0.601618E-28   0.273493E-30   0.108124E-09   0.150475E-10   0.174832E-11   0.537529E-14   0.954272E-18   0.133828E-22   0.912498E-23   0.988615E-23   0.939314E-27   0.418770E-22
   0.150000E+01   0.285092E-29   0.533844E-29   0.973408E-29   0.602718E-26   0.299947E-28   0.511579E-28   0.859496E-28   0.413716E-25   0.236869E-27   0.389907E-27   0.640012E-27   0.104945E-26   0.113148E-21   0.979304E-22   0.108856E-23   0.769786E-26   0.208431E-06   0.291684E-07   0.347060E-08   0.104143E-10   0.184651E-14   0.258335E-19   0.169719E-19   0.184377E-19   0.263153E-22   0.808874E-19
   0.150000E+01   0.295250E-28   0.512284E-28   0.863655E-28   0.325061E-27   0.233249E-27   0.377861E-27   0.608668E-27   0.213210E-26   0.156485E-26   0.250166E-26   0.399467E-26   0.637399E-26   0.186959E-23   0.162573E-23   0.549401E-25   0.412007E-25   0.256792E-08   0.348843E-09   0.407697E-10   0.126925E-12   0.225467E-16   0.316853E-21   0.243773E-21   0.259468E-21   0.290126E-23   0.962386E-21
   0.150000E+01   0.677989E-30   0.107596E-29   0.170745E-29   0.541896E-29   0.429964E-29   0.682293E-29   0.108270E-28   0.344036E-28   0.272626E-28   0.432598E-28   0.686414E-28   0.108910E-27   0.268035E-25   0.233644E-25   0.868770E-27   0.689667E-27   0.335688E-10   0.451400E-11   0.527169E-12   0.165206E-14   0.293788E-18   0.413575E-23   0.334364E-23   0.353737E-23   0.433495E-25   0.124490E-22
   0.150000E+01   0.946910E-28   0.150234E-27   0.238362E-27   0.756707E-27   0.600083E-27   0.952167E-27   0.151085E-26   0.480287E-26   0.380397E-26   0.603583E-26   0.957690E-26   0.151947E-25   0.393249E-23   0.342122E-23   0.121263E-24   0.962091E-25   0.550687E-08   0.749520E-09   0.876739E-10   0.272428E-12   0.483831E-16   0.679691E-21   0.517563E-21   0.551598E-21   0.604635E-23   0.206809E-20
   0.150000E+01   0.000000E+00   0.000000E+00   0.000000E+00   0.000000E+00   0.000000E+00   0.000000E+00   0.000000E+00   0.000000E+00   0.000000E+00   0.000000E+00   0.000000E+00   0.000000E+00   0.000000E+00   0.000000E+00   0.000000E+00   0.000000E+00   0.000000E+00   0.000000E+00   0.000000E+00   0.000000E+00   0.000000E+00   0.000000E+00   0.000000E+00   0.000000E+00   0.000000E+00   0.000000E+00
   0.150000E+01   0.232039E-26   0.463658E-26   0.926614E-26   0.191000E-25   0.370225E-25   0.740145E-25   0.147980E-24   0.299828E-24   0.591633E-24   0.118306E-23   0.236581E-23   0.473110E-23   0.305321E-22   0.350192E-22   0.379443E-22   0.756783E-22   0.439641E-07   0.678646E-08   0.792403E-09   0.224817E-11   0.398195E-15   0.629404E-20   0.167327E-19   0.213900E-19   0.387429E-19   0.850139E-19
   0.166667E+01   0.218750E-25   0.437500E-25   0.875000E-25   0.175000E-24   0.350000E-24   0.700000E-24   0.140000E-23   0.280000E-23   0.560000E-23   0.112000E-22   0.224000E-22   0.448000E-22   0.896000E-22   0.458448E-21   0.465302E-21   0.716800E-21   0.139510E-06   0.129902E-06   0.971711E-08   0.152280E-09   0.200127E-12   0.896230E-16   0.176151E-18   0.187434E-18   0.366988E-18   0.735303E-18
   0.166667E+01   0.817739E-36   0.163540E-35   0.327075E-35   0.654159E-35   0.130831E-34   0.261665E-34   0.523327E-34   0.104665E-33   0.209328E-33   0.418657E-33   0.837321E-33   0.167464E-32   0.334927E-32   0.131746E-32   0.771123E-33   0.267942E-31   0.750782E-18   0.683036E-18   0.447145E-19   0.775131E-21   0.102857E-23   0.463885E-27   0.287555E-30   0.126514E-30   0.343662E-30   0.482766E-30
   0.166667E+01   0.817740E-36   0.163549E-35   0.327098E-35   0.654193E-35   0.130838E-34   0.261675E-34   0.523355E-34   0.104670E-33   0.209338E-33   0.418679E-33   0.837357E-33   0.167473E-32   0.334925E-32   0.148039E-30   0.865030E-31   0.267940E-31   0.843941E-16   0.767094E-16   0.502045E-17   0.870395E-19   0.115480E-21   0.520854E-25   0.322568E-28   0.141711E-28   0.344598E-30   0.540699E-28
   0.166667E+01   0.817739E-36   0.163549E-35   0.327095E-35   0.654192E-35   0.130838E-34   0.261675E-34   0.523349E-34   0.104670E-33   0.209339E-33   0.418675E-33   0.837354E-33   0.167470E-32   0.334930E-32   0.560712E-32   0.327802E-32   0.267941E-31   0.319815E-17   0.290785E-17   0.190372E-18   0.330062E-20   0.437992E-23   0.197568E-26   0.122394E-29   0.537903E-30   0.343662E-30   0.205234E-29
   0.166667E+01   0.817742E-36   0.163549E-35   0.327095E-35   0.654190E-35   0.130838E-34   0.261675E-34   0.523348E-34   0.104670E-33   0.209340E-33   0.418676E-33   0.837357E-33   0.167473E-32   0.334926E-32   0.563941E-30   0.329583E-30   0.267942E-31   0.321883E-15   0.292628E-15   0.191615E-16   0.332264E-18   0.440963E-21   0.198938E-24   0.123222E-27   0.541388E-28   0.347187E-30   0.206594E-27
   0.166667E+01   0.817749E-36   0.163549E-35   0.327100E-35   0.654197E-35   0.130839E-34   0.261677E-34   0.131430E-35   0.262822E-35   0.525907E-35   0.105159E-34   0.210408E-34   0.420665E-34   0.840006E-34   0.531155E-28   0.310450E-28   0.672005E-33   0.303341E-13   0.275785E-13   0.180615E-14   0.313171E-16   0.415517E-19   0.187547E-22   0.116206E-25   0.510642E-26   0.689936E-30   0.194852E-25
   0.166667E+01   0.216937E-37   0.434727E-37   0.870101E-37   0.174267E-36   0.348722E-36   0.697915E-36   0.139545E-35   0.279241E-35   0.558482E-35   0.111719E-34   0.223528E-34   0.446996E-34   0.892789E-34   0.439072E-26   0.256012E-26   0.714616E-33   0.240438E-11   0.216380E-11   0.140107E-12   0.241994E-14   0.320846E-17   0.145176E-20   0.914653E-24   0.407196E-24   0.306474E-28   0.152091E-23
   0.166667E+01   0.817746E-36   0.163547E-35   0.327095E-35   0.654188E-35   0.130838E-34   0.261676E-34   0.523348E-34   0.104671E-33   0.209341E-33   0.418675E-33   0.837349E-33   0.167472E-32   0.334925E-32   0.215228E-31   0.125264E-31   0.267940E-31   0.122659E-16   0.111517E-16   0.730224E-18   0.126620E-19   0.168042E-22   0.758098E-26   0.469589E-29   0.206339E-29   0.343785E-30   0.787363E-29
   0.166667E+01   0.817737E-36   0.163548E-35   0.327097E-35   0.654194E-35   0.130838E-34   0.261676E-34   0.523346E-34   0.104671E-33   0.209338E-33   0.418676E-33   0.837354E-33   0.167471E-32   0.334924E-32   0.204094E-29   0.118822E-29   0.267939E-31   0.116407E-14   0.105836E-14   0.693190E-16   0.120210E-17   0.159559E-20   0.719922E-24   0.445951E-27   0.195943E-27   0.356899E-30   0.747760E-27
   0.166667E+01   0.817771E-36   0.411364E-37   0.823022E-37   0.164640E-36   0.329162E-36   0.658512E-36   0.131646E-35   0.263424E-35   0.526960E-35   0.105302E-34   0.210664E-34   0.421297E-34   0.840849E-34   0.184924E-27   0.107699E-27   0.673112E-33   0.105378E-12   0.957319E-13   0.626876E-14   0.108635E-15   0.143999E-18   0.650587E-22   0.403643E-25   0.177578E-25   0.154984E-29   0.676894E-25
   0.166667E+01   0.235554E-37   0.473930E-37   0.953620E-37   0.191758E-36   0.384927E-36   0.772347E-36   0.154648E-35   0.309992E-35   0.620849E-35   0.124343E-34   0.249062E-34   0.498455E-34   0.996067E-34   0.122897E-25   0.707946E-26   0.797720E-33   0.638315E-11   0.572266E-11   0.365551E-12   0.636979E-14   0.847554E-17   0.383602E-20   0.244581E-23   0.110330E-23   0.978720E-28   0.399782E-23
   0.166667E+01   0.218372E-36   0.458026E-36   0.959180E-36   0.199001E-35   0.409782E-35   0.838805E-35   0.169132E-34   0.343254E-34   0.694557E-34   0.140209E-33   0.282477E-33   0.568276E-33   0.114169E-32   0.568226E-25   0.327110E-25   0.921557E-32   0.242760E-10   0.216894E-10   0.136451E-11   0.242803E-13   0.323103E-16   0.146117E-19   0.967898E-23   0.455554E-23   0.673939E-26   0.148244E-22
   0.166667E+01   0.482446E-35   0.987620E-35   0.203040E-34   0.415059E-34   0.844664E-34   0.171279E-33   0.342359E-33   0.690697E-33   0.139096E-32   0.279722E-32   0.561884E-32   0.112766E-31   0.226150E-31   0.154144E-25   0.891222E-26   0.181878E-30   0.559050E-11   0.496873E-11   0.306309E-12   0.549985E-14   0.734246E-17   0.332594E-20   0.229177E-23   0.111793E-23   0.110072E-25   0.333462E-23
   0.166667E+01   0.817733E-36   0.163549E-35   0.327096E-35   0.654191E-35   0.130839E-34   0.261677E-34   0.523355E-34   0.104670E-33   0.209340E-33   0.418678E-33   0.837354E-33   0.167470E-32   0.334925E-32   0.610525E-31   0.355440E-31   0.267941E-31   0.348189E-16   0.316576E-16   0.207344E-17   0.359564E-19   0.477258E-22   0.215334E-25   0.133390E-28   0.586114E-29   0.344056E-30   0.223672E-28
   0.166667E+01   0.817736E-36   0.163547E-35   0.327095E-35   0.654184E-35   0.130837E-34   0.261676E-34   0.523347E-34   0.104670E-33   0.209340E-33   0.418676E-33   0.837357E-33   0.167472E-32   0.334925E-32   0.559855E-29   0.326050E-29   0.670898E-33   0.319527E-14   0.290539E-14   0.190338E-15   0.330103E-17   0.438219E-20   0.197744E-23   0.122500E-26   0.538272E-27   0.380589E-30   0.205428E-26
   0.166667E+01   0.206505E-37   0.413069E-37   0.826549E-37   0.165369E-36   0.330784E-36   0.661474E-36   0.132304E-35   0.264533E-35   0.529330E-35   0.105873E-34   0.211702E-34   0.423494E-34   0.845303E-34   0.625205E-27   0.364099E-27   0.676194E-33   0.354348E-12   0.321130E-12   0.210230E-13   0.363854E-15   0.481599E-18   0.217804E-21   0.135532E-24   0.597698E-25   0.447480E-29   0.227306E-24
   0.166667E+01   0.288408E-37   0.585719E-37   0.119013E-36   0.241164E-36   0.487501E-36   0.983372E-36   0.197182E-35   0.396565E-35   0.796741E-35   0.159927E-34   0.320682E-34   0.642779E-34   0.128598E-33   0.272908E-25   0.156909E-25   0.102849E-32   0.130795E-10   0.116786E-10   0.738129E-12   0.130152E-13   0.173360E-16   0.784501E-20   0.508564E-23   0.233938E-23   0.304824E-27   0.807429E-23
   0.166667E+01   0.603571E-36   0.127911E-35   0.270602E-35   0.565942E-35   0.117286E-34   0.241301E-34   0.487261E-34   0.992072E-34   0.201251E-33   0.407063E-33   0.821441E-33   0.165461E-32   0.332776E-32   0.628752E-25   0.362504E-25   0.265911E-31   0.266969E-10   0.238149E-10   0.149840E-11   0.266890E-13   0.355088E-16   0.160585E-19   0.106419E-22   0.501739E-23   0.195643E-25   0.162866E-22
   0.166667E+01   0.120564E-34   0.257885E-34   0.549943E-34   0.115744E-33   0.241065E-33   0.497914E-33   0.100779E-32   0.205698E-32   0.418094E-32   0.846980E-32   0.171130E-31   0.345040E-31   0.694519E-31   0.166458E-25   0.962511E-26   0.555401E-30   0.603227E-11   0.535242E-11   0.329940E-12   0.592924E-14   0.791487E-17   0.358546E-20   0.247183E-23   0.120521E-23   0.121994E-25   0.359501E-23
   0.166667E+01   0.122697E-32   0.256432E-32   0.537373E-32   0.111584E-31   0.229987E-31   0.471189E-31   0.947290E-31   0.192392E-30   0.389526E-30   0.786690E-30   0.158563E-29   0.319061E-29   0.640851E-29   0.156725E-25   0.907685E-26   0.497329E-28   0.566664E-11   0.502784E-11   0.309889E-12   0.556913E-14   0.743435E-17   0.336783E-20   0.232234E-23   0.113256E-23   0.116187E-25   0.337664E-23
   0.166667E+01   0.817742E-36   0.163548E-35   0.327096E-35   0.654190E-35   0.130837E-34   0.261677E-34   0.523351E-34   0.104669E-33   0.209340E-33   0.418678E-33   0.837360E-33   0.167471E-32   0.334944E-32   0.405966E-33   0.236989E-33   0.672679E-33   0.230557E-18   0.210368E-18   0.137825E-19   0.239051E-21   0.317326E-24   0.143200E-27   0.889172E-31   0.393593E-31   0.343612E-30   0.149019E-30
   0.166667E+01   0.206035E-37   0.412011E-37   0.824433E-37   0.164887E-36   0.329914E-36   0.660064E-36   0.132003E-35   0.264025E-35   0.528089E-35   0.105625E-34   0.211205E-34   0.422501E-34   0.845002E-34   0.183883E-28   0.107126E-28   0.675953E-33   0.105017E-13   0.954979E-14   0.625773E-15   0.108537E-16   0.144101E-19   0.650338E-23   0.402910E-26   0.177050E-26   0.467731E-30   0.675735E-26
   0.166667E+01   0.261121E-37   0.534527E-37   0.109368E-36   0.223003E-36   0.453412E-36   0.919284E-36   0.185154E-35   0.373469E-35   0.752504E-35   0.151374E-34   0.304192E-34   0.610881E-34   0.122471E-33   0.160263E-26   0.930245E-27   0.973461E-33   0.898496E-12   0.811772E-12   0.530245E-13   0.915873E-15   0.121152E-17   0.548193E-21   0.342975E-24   0.151877E-24   0.113612E-28   0.574649E-24
   0.166667E+01   0.388789E-36   0.864561E-36   0.190322E-35   0.411081E-35   0.874392E-35   0.183695E-34   0.376923E-34   0.777797E-34   0.159480E-33   0.325348E-33   0.661014E-33   0.133860E-32   0.270234E-32   0.355746E-25   0.204267E-25   0.212150E-31   0.163159E-10   0.145678E-10   0.919659E-12   0.163172E-13   0.217110E-16   0.981878E-20   0.642329E-23   0.298581E-23   0.748903E-27   0.100281E-22
   0.166667E+01   0.357505E-34   0.805173E-34   0.179073E-33   0.389838E-33   0.834238E-33   0.176089E-32   0.362467E-32   0.750134E-32   0.154161E-31   0.315059E-31   0.641033E-31   0.129957E-30   0.262586E-30   0.658808E-25   0.380089E-25   0.206234E-29   0.279949E-10   0.249757E-10   0.157204E-11   0.279974E-13   0.372466E-16   0.168438E-19   0.111642E-22   0.525317E-23   0.344973E-25   0.170802E-22
   0.166667E+01   0.806323E-33   0.183312E-32   0.410792E-32   0.899753E-32   0.193487E-31   0.410007E-31   0.846592E-31   0.175642E-30   0.361684E-30   0.740346E-30   0.150824E-29   0.306068E-29   0.618817E-29   0.179710E-25   0.104058E-25   0.480522E-28   0.650168E-11   0.576882E-11   0.355546E-12   0.638976E-14   0.852983E-17   0.386409E-20   0.266437E-23   0.129929E-23   0.132795E-25   0.387344E-23
   0.166667E+01   0.954178E-31   0.184333E-30   0.338280E-30   0.595077E-30   0.101664E-29   0.170201E-29   0.280436E-29   0.458430E-29   0.743906E-29   0.120067E-28   0.193013E-28   0.309341E-28   0.494627E-28   0.173443E-25   0.101002E-25   0.200210E-27   0.623997E-11   0.553658E-11   0.341221E-12   0.613238E-14   0.818629E-17   0.370848E-20   0.255723E-23   0.124711E-23   0.127983E-25   0.371739E-23
   0.166667E+01   0.205374E-37   0.410777E-37   0.821259E-37   0.164299E-36   0.328480E-36   0.657101E-36   0.131373E-35   0.262784E-35   0.525568E-35   0.105106E-34   0.210152E-34   0.420455E-34   0.840789E-34   0.521023E-33   0.303865E-33   0.672342E-33   0.296417E-18   0.270295E-18   0.177146E-19   0.307118E-21   0.407958E-24   0.184083E-27   0.114218E-30   0.504558E-31   0.343760E-30   0.192394E-30
   0.166667E+01   0.205535E-37   0.410923E-37   0.821964E-37   0.164416E-36   0.328739E-36   0.657054E-36   0.131420E-35   0.262916E-35   0.525643E-35   0.105106E-34   0.210257E-34   0.420364E-34   0.840909E-34   0.605932E-31   0.353121E-31   0.672727E-33   0.346220E-16   0.314842E-16   0.206318E-17   0.357789E-19   0.474791E-22   0.214418E-25   0.132914E-28   0.584238E-29   0.344229E-30   0.222944E-28
   0.166667E+01   0.220802E-37   0.442956E-37   0.883913E-37   0.175807E-36   0.349122E-36   0.692883E-36   0.137458E-35   0.273166E-35   0.542909E-35   0.108040E-34   0.215117E-34   0.428429E-34   0.854029E-34   0.575784E-29   0.332606E-29   0.678842E-33   0.312882E-14   0.281308E-14   0.181860E-15   0.314315E-17   0.416938E-20   0.188764E-23   0.119371E-26   0.533519E-27   0.386826E-30   0.198319E-26
   0.166667E+01   0.817639E-34   0.170922E-33   0.334676E-33   0.621407E-33   0.111160E-32   0.193769E-32   0.330996E-32   0.560325E-32   0.941559E-32   0.157615E-31   0.263614E-31   0.441624E-31   0.742621E-31   0.446814E-25   0.256719E-25   0.362791E-30   0.200267E-10   0.178848E-10   0.112985E-11   0.200785E-13   0.266998E-16   0.120715E-19   0.792476E-23   0.369610E-23   0.234541E-26   0.122891E-22
   0.166667E+01   0.663222E-32   0.139641E-31   0.274985E-31   0.512881E-31   0.920732E-31   0.160949E-30   0.275538E-30   0.467245E-30   0.786194E-30   0.131741E-29   0.220505E-29   0.369605E-29   0.621745E-29   0.548911E-25   0.316703E-25   0.303827E-28   0.241605E-10   0.215802E-10   0.136427E-11   0.242506E-13   0.322393E-16   0.145741E-19   0.958321E-23   0.447677E-23   0.343151E-25   0.148129E-22
   0.166667E+01   0.115074E-31   0.205482E-31   0.350597E-31   0.582425E-31   0.953028E-31   0.154551E-30   0.249136E-30   0.400433E-30   0.642202E-30   0.102859E-29   0.164630E-29   0.263425E-29   0.421521E-29   0.163264E-26   0.950382E-27   0.172754E-28   0.581509E-12   0.515779E-12   0.317438E-13   0.570700E-15   0.762047E-18   0.345262E-21   0.238638E-24   0.116629E-24   0.124520E-26   0.345948E-24
   0.166667E+01   0.204797E-30   0.325397E-30   0.516776E-30   0.820493E-30   0.130251E-29   0.206750E-29   0.328155E-29   0.520827E-29   0.826590E-29   0.131180E-28   0.208175E-28   0.330345E-28   0.524179E-28   0.179222E-25   0.104379E-25   0.209309E-27   0.645276E-11   0.572576E-11   0.352934E-12   0.634263E-14   0.846668E-17   0.383543E-20   0.264437E-23   0.128960E-23   0.132047E-25   0.384474E-23
   0.166667E+01   0.151732E-35   0.276758E-35   0.492125E-35   0.855078E-35   0.145977E-34   0.246034E-34   0.410498E-34   0.681900E-34   0.112922E-33   0.186858E-33   0.309593E-33   0.514582E-33   0.859434E-33   0.175988E-26   0.102558E-26   0.415938E-32   0.100567E-11   0.914595E-12   0.599446E-13   0.103978E-14   0.138071E-17   0.623171E-21   0.386107E-24   0.169674E-24   0.129284E-28   0.647616E-24
   0.166667E+01   0.254897E-35   0.467961E-35   0.836130E-35   0.145772E-34   0.249386E-34   0.420733E-34   0.701932E-34   0.116475E-33   0.192482E-33   0.317509E-33   0.523838E-33   0.865956E-33   0.143676E-32   0.307160E-26   0.179065E-26   0.676218E-32   0.175279E-11   0.159234E-11   0.104350E-12   0.180871E-14   0.239807E-17   0.108392E-20   0.672690E-24   0.296037E-24   0.223435E-28   0.112849E-23
   0.166667E+01   0.157332E-33   0.290695E-33   0.521793E-33   0.912461E-33   0.156362E-32   0.263896E-32   0.439887E-32   0.728403E-32   0.119967E-31   0.196951E-31   0.322898E-31   0.529551E-31   0.870024E-31   0.158732E-24   0.912484E-25   0.392371E-30   0.861698E-10   0.774368E-10   0.500704E-11   0.872964E-13   0.115866E-15   0.523543E-19   0.329481E-22   0.147100E-22   0.141403E-26   0.546318E-22
   0.166667E+01   0.414350E-29   0.771049E-29   0.139187E-28   0.244489E-28   0.420452E-28   0.711595E-28   0.118877E-27   0.197186E-27   0.325198E-27   0.534427E-27   0.876860E-27   0.143885E-26   0.236485E-26   0.269845E-21   0.157198E-21   0.106682E-25   0.153154E-06   0.139517E-06   0.911902E-08   0.157818E-09   0.209140E-12   0.943287E-16   0.583062E-19   0.255785E-19   0.379644E-22   0.980578E-19
   0.166667E+01   0.391290E-28   0.661470E-28   0.109436E-27   0.178599E-27   0.289000E-27   0.465095E-27   0.745682E-27   0.119287E-26   0.190509E-26   0.303917E-26   0.484482E-26   0.771982E-26   0.122979E-25   0.493809E-23   0.288178E-23   0.496782E-25   0.209942E-08   0.188092E-08   0.118685E-09   0.210563E-11   0.280120E-14   0.126655E-17   0.836907E-21   0.392769E-21   0.339717E-23   0.128442E-20
   0.166667E+01   0.838535E-30   0.133060E-29   0.211139E-29   0.335033E-29   0.531630E-29   0.843595E-29   0.133863E-28   0.212415E-28   0.337058E-28   0.534829E-28   0.848617E-28   0.134645E-27   0.213619E-27   0.746237E-25   0.436393E-25   0.852606E-27   0.288181E-10   0.257350E-10   0.160447E-11   0.286089E-13   0.381347E-16   0.172599E-19   0.116588E-22   0.558318E-23   0.536570E-25   0.173973E-22
   0.166667E+01   0.108838E-27   0.172664E-27   0.273929E-27   0.434604E-27   0.689552E-27   0.109409E-26   0.173599E-26   0.275453E-26   0.437066E-26   0.693492E-26   0.110033E-25   0.174578E-25   0.276967E-25   0.102383E-22   0.597827E-23   0.110536E-24   0.445218E-08   0.399310E-08   0.252652E-09   0.447661E-11   0.595281E-14   0.269090E-17   0.176942E-20   0.826609E-21   0.695894E-23   0.273221E-20
   0.166667E+01   0.000000E+00   0.000000E+00   0.000000E+00   0.000000E+00   0.000000E+00   0.000000E+00   0.000000E+00   0.000000E+00   0.000000E+00   0.000000E+00   0.000000E+00   0.000000E+00   0.000000E+00   0.000000E+00   0.000000E+00   0.000000E+00   0.000000E+00   0.000000E+00   0.000000E+00   0.000000E+00   0.000000E+00   0.000000E+00   0.000000E+00   0.000000E+00   0.000000E+00   0.000000E+00
   0.166667E+01   0.232261E-26   0.464011E-26   0.927173E-26   0.185295E-25   0.370365E-25   0.740366E-25   0.148015E-24   0.295936E-24   0.591722E-24   0.118321E-23   0.236603E-23   0.473146E-23   0.946194E-23   0.735286E-22   0.637609E-22   0.756806E-22   0.288035E-07   0.265271E-07   0.186216E-08   0.305645E-10   0.403300E-13   0.181234E-16   0.239638E-19   0.221480E-19   0.387436E-19   0.866150E-19
   0.183333E+01   0.218750E-25   0.437500E-25   0.875000E-25   0.175000E-24   0.350000E-24   0.700000E-24   0.140000E-23   0.280000E-23   0.560000E-23   0.112000E-22   0.224000E-22   0.448000E-22   0.896000E-22   0.179200E-21   0.817405E-21   0.716800E-21   0.139191E-06   0.125929E-06   0.137764E-07   0.383342E-09   0.149150E-11   0.745876E-16   0.633616E-19   0.183514E-18   0.425070E-18   0.735304E-18
   0.183333E+01   0.817739E-36   0.163540E-35   0.327075E-35   0.654159E-35   0.130831E-34   0.261665E-34   0.523327E-34   0.104665E-33   0.209328E-33   0.418657E-33   0.837321E-33   0.167464E-32   0.334927E-32   0.669849E-32   0.486125E-32   0.267942E-31   0.111724E-17   0.960210E-18   0.937244E-19   0.279993E-20   0.110754E-22   0.580980E-27   0.100118E-30   0.173705E-31   0.143317E-30   0.635210E-30
   0.183333E+01   0.817740E-36   0.163549E-35   0.327098E-35   0.654193E-35   0.130838E-34   0.261675E-34   0.523355E-34   0.104670E-33   0.209338E-33   0.418679E-33   0.837357E-33   0.167473E-32   0.334940E-32   0.669849E-32   0.546304E-30   0.267940E-31   0.125562E-15   0.107904E-15   0.105331E-16   0.314688E-18   0.124461E-20   0.652888E-25   0.153837E-29   0.191782E-29   0.160138E-28   0.712623E-28
   0.183333E+01   0.817739E-36   0.163549E-35   0.327095E-35   0.654192E-35   0.130838E-34   0.261675E-34   0.523349E-34   0.104670E-33   0.209339E-33   0.418675E-33   0.837354E-33   0.167472E-32   0.334942E-32   0.669856E-32   0.206611E-31   0.267941E-31   0.475038E-17   0.408305E-17   0.398655E-18   0.119112E-19   0.471134E-22   0.247177E-26   0.142124E-30   0.729586E-31   0.607130E-30   0.269974E-29
   0.183333E+01   0.817742E-36   0.163549E-35   0.327095E-35   0.654190E-35   0.130838E-34   0.261675E-34   0.523348E-34   0.104670E-33   0.209340E-33   0.418676E-33   0.837357E-33   0.167470E-32   0.334942E-32   0.669855E-32   0.207916E-29   0.267942E-31   0.478236E-15   0.411148E-15   0.401468E-16   0.119966E-17   0.474578E-20   0.249024E-24   0.562306E-29   0.731604E-29   0.610977E-28   0.271911E-27
   0.183333E+01   0.817749E-36   0.163549E-35   0.327102E-35   0.654199E-35   0.130840E-34   0.261678E-34   0.131448E-35   0.262953E-35   0.525907E-35   0.105159E-34   0.210408E-34   0.420725E-34   0.841210E-34   0.167953E-33   0.195943E-27   0.672005E-33   0.450836E-13   0.387641E-13   0.378536E-14   0.113106E-15   0.447370E-18   0.234795E-22   0.522402E-27   0.690273E-27   0.576510E-26   0.256543E-25
   0.183333E+01   0.219127E-37   0.439312E-37   0.879622E-37   0.176124E-36   0.352531E-36   0.705532E-36   0.141097E-35   0.282326E-35   0.564839E-35   0.112968E-34   0.226101E-34   0.452202E-34   0.904586E-34   0.180628E-33   0.158784E-25   0.722609E-33   0.353382E-11   0.300639E-11   0.291170E-12   0.863368E-14   0.340314E-16   0.181879E-20   0.415263E-25   0.571225E-25   0.464489E-24   0.198946E-23
   0.183333E+01   0.817739E-36   0.163548E-35   0.327095E-35   0.654188E-35   0.130837E-34   0.261675E-34   0.523350E-34   0.104669E-33   0.209341E-33   0.418681E-33   0.837351E-33   0.167470E-32   0.334945E-32   0.669850E-32   0.790830E-31   0.267939E-31   0.181897E-16   0.156379E-16   0.152696E-17   0.456278E-19   0.180500E-21   0.947122E-26   0.297743E-30   0.278655E-30   0.232463E-29   0.103428E-28
   0.183333E+01   0.817742E-36   0.163548E-35   0.327093E-35   0.654196E-35   0.130837E-34   0.261676E-34   0.523350E-34   0.104670E-33   0.209339E-33   0.418676E-33   0.837361E-33   0.167470E-32   0.334947E-32   0.669849E-32   0.750751E-29   0.267940E-31   0.172744E-14   0.148540E-14   0.145063E-15   0.433514E-17   0.171514E-19   0.900101E-24   0.200981E-28   0.264459E-28   0.220871E-27   0.983007E-27
   0.183333E+01   0.817768E-36   0.411717E-37   0.823258E-37   0.164616E-36   0.329397E-36   0.658935E-36   0.131655E-35   0.263518E-35   0.526960E-35   0.105354E-34   0.210769E-34   0.421478E-34   0.842835E-34   0.168242E-33   0.680470E-27   0.673016E-33   0.156341E-12   0.134381E-12   0.131184E-13   0.391785E-15   0.154852E-17   0.812659E-22   0.180112E-26   0.240046E-26   0.200418E-25   0.889965E-25
   0.183333E+01   0.240874E-37   0.485038E-37   0.976718E-37   0.196460E-36   0.394708E-36   0.792236E-36   0.158673E-35   0.318155E-35   0.637588E-35   0.127721E-34   0.255667E-34   0.511726E-34   0.102423E-33   0.204738E-33   0.434424E-25   0.819531E-33   0.925685E-11   0.780294E-11   0.749574E-12   0.222733E-13   0.882369E-16   0.474259E-20   0.108544E-24   0.159527E-24   0.126469E-23   0.515591E-23
   0.183333E+01   0.245935E-36   0.516127E-36   0.108140E-35   0.224441E-35   0.462310E-35   0.946550E-35   0.190869E-34   0.387432E-34   0.784012E-34   0.158276E-33   0.318910E-33   0.641600E-33   0.128922E-32   0.258774E-32   0.187096E-24   0.104062E-31   0.333076E-10   0.279351E-10   0.264887E-11   0.800632E-13   0.318201E-15   0.170260E-19   0.387934E-24   0.725982E-24   0.491801E-23   0.180534E-22
   0.183333E+01   0.588860E-35   0.120551E-34   0.247846E-34   0.506671E-34   0.103112E-33   0.209094E-33   0.417948E-33   0.843209E-33   0.169812E-32   0.341494E-32   0.685971E-32   0.137670E-31   0.276098E-31   0.553398E-31   0.537254E-25   0.222048E-30   0.826023E-11   0.683632E-11   0.638867E-12   0.193556E-13   0.772248E-16   0.419002E-20   0.962635E-25   0.228766E-24   0.133281E-23   0.435210E-23
   0.183333E+01   0.817739E-36   0.163548E-35   0.327094E-35   0.654197E-35   0.130838E-34   0.261674E-34   0.523352E-34   0.104670E-33   0.209340E-33   0.418680E-33   0.837355E-33   0.167471E-32   0.334943E-32   0.669850E-32   0.220162E-30   0.267939E-31   0.506568E-16   0.435582E-16   0.425383E-17   0.127123E-18   0.502939E-21   0.263939E-25   0.673981E-30   0.775854E-30   0.647745E-29   0.288254E-28
   0.183333E+01   0.817749E-36   0.163547E-35   0.327097E-35   0.654188E-35   0.130837E-34   0.261674E-34   0.523354E-34   0.104670E-33   0.209340E-33   0.418678E-33   0.837355E-33   0.167471E-32   0.334945E-32   0.669854E-32   0.202253E-28   0.671235E-33   0.465538E-14   0.400384E-14   0.391070E-15   0.116879E-16   0.462466E-19   0.242734E-23   0.540557E-28   0.713270E-28   0.595727E-27   0.265140E-26
   0.183333E+01   0.206814E-37   0.413686E-37   0.827431E-37   0.165557E-36   0.331231E-36   0.662415E-36   0.132502E-35   0.265022E-35   0.530045E-35   0.106024E-34   0.212018E-34   0.424156E-34   0.847891E-34   0.169301E-33   0.229133E-26   0.677494E-33   0.524238E-12   0.450192E-12   0.439102E-13   0.130980E-14   0.516834E-17   0.271721E-21   0.609309E-26   0.812906E-26   0.675198E-25   0.298408E-24
   0.183333E+01   0.302940E-37   0.616606E-37   0.125531E-36   0.254847E-36   0.515666E-36   0.104154E-35   0.208928E-35   0.420488E-35   0.845227E-35   0.169708E-34   0.340483E-34   0.682501E-34   0.136801E-33   0.273747E-33   0.937487E-25   0.109277E-32   0.185882E-10   0.155755E-10   0.148349E-11   0.444426E-13   0.176616E-15   0.949551E-20   0.217088E-24   0.351653E-24   0.264114E-23   0.101930E-22
   0.183333E+01   0.696757E-36   0.147781E-35   0.312850E-35   0.654658E-35   0.135728E-34   0.279342E-34   0.564212E-34   0.114901E-33   0.233124E-33   0.471594E-33   0.951774E-33   0.191730E-32   0.385653E-32   0.774777E-32   0.206783E-24   0.308247E-31   0.365688E-10   0.306538E-10   0.290645E-11   0.879010E-13   0.349321E-15   0.186887E-19   0.425783E-24   0.812693E-24   0.541800E-23   0.198091E-22
   0.183333E+01   0.150076E-34   0.321238E-34   0.685425E-34   0.144324E-33   0.300699E-33   0.621269E-33   0.125781E-32   0.256778E-32   0.521996E-32   0.105760E-31   0.213705E-31   0.430914E-31   0.867435E-31   0.174381E-30   0.580534E-25   0.693929E-30   0.891541E-11   0.737337E-11   0.688965E-12   0.208803E-13   0.833068E-16   0.452084E-20   0.103875E-24   0.247713E-24   0.143918E-23   0.469522E-23
   0.183333E+01   0.158520E-32   0.332307E-32   0.698090E-32   0.145249E-31   0.299865E-31   0.615168E-31   0.123815E-30   0.251681E-30   0.509917E-30   0.103040E-29   0.207774E-29   0.418196E-29   0.839901E-29   0.168042E-28   0.546692E-25   0.647600E-28   0.838080E-11   0.693045E-11   0.647513E-12   0.196238E-13   0.782962E-16   0.424947E-20   0.976481E-25   0.233408E-24   0.135381E-23   0.441281E-23
   0.183333E+01   0.817749E-36   0.163547E-35   0.327097E-35   0.654190E-35   0.130839E-34   0.261676E-34   0.523356E-34   0.104671E-33   0.209340E-33   0.418681E-33   0.837355E-33   0.167472E-32   0.334940E-32   0.669884E-32   0.149974E-32   0.672246E-33   0.345063E-18   0.296778E-18   0.289915E-19   0.866286E-21   0.342762E-23   0.187883E-27   0.911603E-31   0.569565E-32   0.448766E-31   0.196553E-30
   0.183333E+01   0.206314E-37   0.412775E-37   0.826196E-37   0.165275E-36   0.330573E-36   0.661286E-36   0.132332E-35   0.264721E-35   0.529330E-35   0.105889E-34   0.211792E-34   0.423464E-34   0.847229E-34   0.169422E-33   0.661452E-28   0.677494E-33   0.152304E-13   0.131013E-13   0.127984E-14   0.382539E-16   0.151375E-18   0.794638E-23   0.176781E-27   0.233539E-27   0.195057E-26   0.868162E-26
   0.183333E+01   0.288716E-37   0.596446E-37   0.123104E-36   0.252861E-36   0.517076E-36   0.105329E-35   0.212717E-35   0.430569E-35   0.869791E-35   0.175357E-34   0.352866E-34   0.709374E-34   0.142380E-33   0.285194E-33   0.572997E-26   0.112657E-32   0.130121E-11   0.111481E-11   0.108516E-12   0.322918E-14   0.127198E-16   0.672732E-21   0.152650E-25   0.205396E-25   0.168883E-24   0.739875E-24
   0.183333E+01   0.550682E-36   0.123061E-35   0.271996E-35   0.589361E-35   0.125672E-34   0.264542E-34   0.543630E-34   0.112319E-33   0.230532E-33   0.470660E-33   0.956867E-33   0.193850E-32   0.391364E-32   0.786399E-32   0.117401E-24   0.305317E-31   0.223865E-10   0.187624E-10   0.178679E-11   0.538562E-13   0.213944E-15   0.114422E-19   0.260657E-24   0.442305E-24   0.321332E-23   0.122240E-22
   0.183333E+01   0.521812E-34   0.117924E-33   0.262982E-33   0.573781E-33   0.123008E-32   0.260020E-32   0.535902E-32   0.111010E-31   0.228309E-31   0.466874E-31   0.950367E-31   0.192726E-30   0.389397E-30   0.782875E-30   0.216366E-24   0.303934E-29   0.383126E-10   0.320602E-10   0.304451E-11   0.920637E-13   0.365810E-15   0.195661E-19   0.445712E-24   0.861583E-24   0.567282E-23   0.207412E-22
   0.183333E+01   0.126960E-32   0.289696E-32   0.651111E-32   0.142956E-31   0.308019E-31   0.653738E-31   0.135169E-30   0.280722E-30   0.578536E-30   0.118500E-29   0.241528E-29   0.490202E-29   0.990066E-29   0.198324E-28   0.627280E-25   0.747671E-28   0.962542E-11   0.794335E-11   0.743116E-12   0.225173E-13   0.898349E-16   0.487624E-20   0.112058E-24   0.267913E-24   0.155405E-23   0.506308E-23
   0.183333E+01   0.140646E-30   0.260748E-30   0.462335E-30   0.792205E-30   0.132689E-29   0.218863E-29   0.356782E-29   0.578224E-29   0.932135E-29   0.149687E-28   0.239688E-28   0.382978E-28   0.610911E-28   0.973201E-28   0.604048E-25   0.246176E-27   0.923911E-11   0.762439E-11   0.713261E-12   0.216127E-13   0.862265E-16   0.468048E-20   0.107561E-24   0.257289E-24   0.149190E-23   0.485966E-23
   0.183333E+01   0.205403E-37   0.410747E-37   0.821435E-37   0.164217E-36   0.328551E-36   0.656960E-36   0.131373E-35   0.262747E-35   0.525681E-35   0.105061E-34   0.210152E-34   0.420394E-34   0.840970E-34   0.168122E-33   0.191601E-32   0.672342E-33   0.440971E-18   0.379341E-18   0.370491E-19   0.110756E-20   0.438228E-23   0.240452E-27   0.922937E-31   0.711340E-32   0.571264E-31   0.252515E-30
   0.183333E+01   0.205535E-37   0.411335E-37   0.822435E-37   0.164428E-36   0.328927E-36   0.657666E-36   0.131430E-35   0.262953E-35   0.525643E-35   0.105151E-34   0.210287E-34   0.420425E-34   0.841030E-34   0.168158E-33   0.226240E-30   0.672486E-33   0.521014E-16   0.448194E-16   0.437818E-17   0.130841E-18   0.517593E-21   0.271733E-25   0.692227E-30   0.800042E-30   0.668019E-29   0.297206E-28
   0.183333E+01   0.232645E-37   0.464996E-37   0.923527E-37   0.182719E-36   0.360994E-36   0.712538E-36   0.140768E-35   0.278545E-35   0.551899E-35   0.109522E-34   0.217495E-34   0.432672E-34   0.861372E-34   0.171600E-33   0.209121E-28   0.682694E-33   0.462724E-14   0.393052E-14   0.380315E-15   0.112700E-16   0.444440E-19   0.237979E-23   0.590859E-28   0.759831E-28   0.615560E-27   0.261018E-26
   0.183333E+01   0.134306E-33   0.269712E-33   0.510844E-33   0.925122E-33   0.162503E-32   0.279622E-32   0.473613E-32   0.797095E-32   0.133514E-31   0.223276E-31   0.373772E-31   0.627783E-31   0.105981E-30   0.179979E-30   0.145156E-24   0.523681E-30   0.270860E-10   0.227281E-10   0.216504E-11   0.653934E-13   0.259657E-15   0.138545E-19   0.315141E-24   0.549958E-24   0.391674E-23   0.147723E-22
   0.183333E+01   0.109234E-31   0.220942E-31   0.420860E-31   0.765610E-31   0.134965E-30   0.232892E-30   0.395340E-30   0.666522E-30   0.111795E-29   0.187151E-29   0.313547E-29   0.526943E-29   0.889953E-29   0.151178E-28   0.177451E-24   0.439989E-28   0.325078E-10   0.272880E-10   0.260002E-11   0.785840E-13   0.311968E-15   0.166318E-19   0.378132E-24   0.701512E-24   0.473829E-23   0.177115E-22
   0.183333E+01   0.165619E-31   0.283079E-31   0.470331E-31   0.768783E-31   0.124500E-30   0.200507E-30   0.321713E-30   0.515266E-30   0.824189E-30   0.131735E-29   0.210491E-29   0.336310E-29   0.537398E-29   0.858836E-29   0.573033E-26   0.219207E-28   0.867580E-12   0.715082E-12   0.668254E-13   0.202459E-14   0.807984E-17   0.439199E-21   0.101078E-25   0.246062E-25   0.141445E-24   0.455429E-24
   0.183333E+01   0.250873E-30   0.398410E-30   0.632549E-30   0.100413E-29   0.159385E-29   0.252976E-29   0.401504E-29   0.637217E-29   0.101128E-28   0.160486E-28   0.254675E-28   0.404125E-28   0.641239E-28   0.101740E-27   0.623394E-25   0.256030E-27   0.954513E-11   0.787823E-11   0.737095E-12   0.223354E-13   0.891065E-16   0.483596E-20   0.111122E-24   0.265220E-24   0.154493E-23   0.502177E-23
   0.183333E+01   0.216161E-35   0.390547E-35   0.687253E-35   0.118304E-34   0.200403E-34   0.335652E-34   0.557315E-34   0.922022E-34   0.152191E-33   0.251169E-33   0.415218E-33   0.688797E-33   0.114835E-32   0.192609E-32   0.590090E-26   0.550440E-32   0.135916E-11   0.116937E-11   0.114249E-12   0.341514E-14   0.135156E-16   0.709580E-21   0.156475E-25   0.208571E-25   0.174203E-24   0.775359E-24
   0.183333E+01   0.385118E-35   0.700423E-35   0.123868E-34   0.213989E-34   0.363354E-34   0.609383E-34   0.101220E-33   0.167371E-33   0.275877E-33   0.454232E-33   0.748502E-33   0.123645E-32   0.205060E-32   0.341790E-32   0.109068E-25   0.961005E-32   0.250732E-11   0.215624E-11   0.210574E-12   0.629023E-14   0.248676E-16   0.130464E-20   0.289690E-25   0.386173E-25   0.322316E-24   0.143080E-23
   0.183333E+01   0.222477E-33   0.407294E-33   0.723813E-33   0.125473E-32   0.213523E-32   0.358493E-32   0.595493E-32   0.983749E-32   0.161836E-31   0.265670E-31   0.435982E-31   0.716394E-31   0.118031E-30   0.195162E-30   0.515268E-24   0.537278E-30   0.114025E-09   0.969419E-10   0.939120E-11   0.280170E-12   0.110849E-14   0.587437E-19   0.133201E-23   0.187137E-23   0.151134E-22   0.644759E-22
   0.183333E+01   0.564575E-29   0.104098E-28   0.186045E-28   0.323960E-28   0.553258E-28   0.931502E-28   0.155075E-27   0.256629E-27   0.422754E-27   0.694724E-27   0.114100E-26   0.187599E-26   0.309216E-26   0.511428E-26   0.822303E-21   0.140826E-25   0.189948E-06   0.163195E-06   0.159339E-07   0.475450E-09   0.187855E-11   0.984504E-16   0.221652E-20   0.294207E-20   0.241206E-19   0.107623E-18
   0.183333E+01   0.482761E-28   0.802323E-28   0.131216E-27   0.212485E-27   0.342000E-27   0.548321E-27   0.876776E-27   0.139974E-26   0.223205E-26   0.355653E-26   0.566414E-26   0.901809E-26   0.143559E-25   0.228512E-25   0.161850E-22   0.578672E-25   0.286599E-08   0.240380E-08   0.228603E-09   0.690054E-11   0.274160E-13   0.146534E-17   0.333664E-22   0.647966E-22   0.424281E-21   0.155097E-20
   0.183333E+01   0.101119E-29   0.160444E-29   0.254574E-29   0.403936E-29   0.640940E-29   0.101702E-28   0.161378E-28   0.256072E-28   0.406327E-28   0.644734E-28   0.102299E-27   0.162311E-27   0.257511E-27   0.408517E-27   0.255467E-24   0.102777E-26   0.413136E-10   0.343462E-10   0.323687E-11   0.978090E-13   0.389547E-15   0.210151E-19   0.481231E-24   0.106706E-23   0.644974E-23   0.219761E-22
   0.183333E+01   0.122051E-27   0.193608E-27   0.307135E-27   0.487261E-27   0.773063E-27   0.122655E-26   0.194612E-26   0.308788E-26   0.489950E-26   0.777392E-26   0.123344E-25   0.195695E-25   0.310467E-25   0.492515E-25   0.331188E-22   0.123904E-24   0.600419E-08   0.504802E-08   0.481138E-09   0.145195E-10   0.576527E-13   0.307409E-17   0.698944E-22   0.130735E-21   0.876780E-21   0.326229E-20
   0.183333E+01   0.000000E+00   0.000000E+00   0.000000E+00   0.000000E+00   0.000000E+00   0.000000E+00   0.000000E+00   0.000000E+00   0.000000E+00   0.000000E+00   0.000000E+00   0.000000E+00   0.000000E+00   0.000000E+00   0.000000E+00   0.000000E+00   0.000000E+00   0.000000E+00   0.000000E+00   0.000000E+00   0.000000E+00   0.000000E+00   0.000000E+00   0.000000E+00   0.000000E+00   0.000000E+00
   0.183333E+01   0.232473E-26   0.464346E-26   0.927704E-26   0.185380E-25   0.370499E-25   0.740578E-25   0.148048E-24   0.295989E-24   0.591807E-24   0.118334E-23   0.236624E-23   0.473180E-23   0.946249E-23   0.189232E-22   0.163165E-21   0.756829E-22   0.322210E-07   0.283367E-07   0.292140E-08   0.842664E-10   0.330544E-12   0.169529E-16   0.689297E-20   0.196486E-19   0.471123E-19   0.875305E-19
   0.200000E+01   0.218750E-25   0.437500E-25   0.875000E-25   0.175000E-24   0.350000E-24   0.700000E-24   0.140000E-23   0.280000E-23   0.560000E-23   0.112000E-22   0.224000E-22   0.448000E-22   0.896000E-22   0.179200E-21   0.662856E-21   0.832408E-21   0.123472E-16   0.257939E-06   0.205936E-07   0.743876E-09   0.559129E-11   0.269209E-15   0.445663E-19   0.183540E-18   0.425101E-18   0.735328E-18
   0.200000E+01   0.817739E-36   0.163540E-35   0.327075E-35   0.654159E-35   0.130831E-34   0.261665E-34   0.523327E-34   0.104665E-33   0.209328E-33   0.418657E-33   0.837321E-33   0.167464E-32   0.334927E-32   0.669849E-32   0.453254E-32   0.537895E-32   0.119226E-27   0.287365E-17   0.201827E-18   0.758862E-20   0.579150E-22   0.294781E-26   0.869537E-31   0.702132E-31   0.261891E-30   0.752559E-30
   0.200000E+01   0.817740E-36   0.163549E-35   0.327098E-35   0.654193E-35   0.130838E-34   0.261675E-34   0.523355E-34   0.104670E-33   0.209338E-33   0.418679E-33   0.837357E-33   0.167473E-32   0.334940E-32   0.669849E-32   0.509748E-30   0.604927E-30   0.134198E-25   0.323224E-15   0.226992E-16   0.853599E-18   0.651412E-20   0.331595E-24   0.996963E-30   0.785250E-29   0.293716E-28   0.845003E-28
   0.200000E+01   0.817739E-36   0.163549E-35   0.327095E-35   0.654192E-35   0.130838E-34   0.261675E-34   0.523349E-34   0.104670E-33   0.209339E-33   0.418675E-33   0.837354E-33   0.167472E-32   0.334942E-32   0.669856E-32   0.192429E-31   0.228427E-31   0.506769E-27   0.122065E-16   0.857461E-18   0.322477E-19   0.246113E-21   0.125310E-25   0.113469E-30   0.297071E-30   0.111080E-29   0.319481E-29
   0.200000E+01   0.817742E-36   0.163549E-35   0.327095E-35   0.654190E-35   0.130838E-34   0.261675E-34   0.523348E-34   0.104670E-33   0.209340E-33   0.418676E-33   0.837357E-33   0.167470E-32   0.334942E-32   0.669855E-32   0.193750E-29   0.230061E-29   0.510617E-25   0.122967E-14   0.863960E-16   0.324962E-17   0.248035E-19   0.126308E-23   0.357652E-29   0.299160E-28   0.111908E-27   0.321976E-27
   0.200000E+01   0.817753E-36   0.163550E-35   0.327102E-35   0.654199E-35   0.130840E-34   0.261678E-34   0.131505E-35   0.262953E-35   0.525907E-35   0.105159E-34   0.210408E-34   0.420725E-34   0.841210E-34   0.167953E-33   0.182664E-27   0.216960E-27   0.481651E-23   0.115968E-12   0.814852E-14   0.306471E-15   0.233892E-17   0.119107E-21   0.330207E-27   0.282373E-26   0.105632E-25   0.303885E-25
   0.200000E+01   0.221478E-37   0.443749E-37   0.889026E-37   0.178099E-36   0.356386E-36   0.713572E-36   0.142733E-35   0.285448E-35   0.571159E-35   0.114292E-34   0.228569E-34   0.457438E-34   0.914637E-34   0.182723E-33   0.146744E-25   0.173440E-25   0.383462E-21   0.896492E-11   0.621952E-12   0.231855E-13   0.176106E-15   0.912220E-20   0.260708E-25   0.226813E-24   0.836273E-24   0.234593E-23
   0.200000E+01   0.817739E-36   0.163547E-35   0.327093E-35   0.654186E-35   0.130838E-34   0.261677E-34   0.523352E-34   0.104670E-33   0.209340E-33   0.418680E-33   0.837354E-33   0.167469E-32   0.334939E-32   0.669852E-32   0.735507E-31   0.873328E-31   0.193822E-26   0.466785E-16   0.327955E-17   0.123353E-18   0.941523E-21   0.479445E-25   0.211536E-30   0.113588E-29   0.424858E-29   0.122229E-28
   0.200000E+01   0.817739E-36   0.163548E-35   0.327093E-35   0.654194E-35   0.130838E-34   0.261673E-34   0.523347E-34   0.104670E-33   0.209338E-33   0.418681E-33   0.837358E-33   0.167473E-32   0.334939E-32   0.669850E-32   0.698789E-29   0.829974E-29   0.184253E-24   0.443688E-14   0.311800E-15   0.117290E-16   0.895316E-19   0.456006E-23   0.127071E-28   0.108015E-27   0.404071E-27   0.116260E-26
   0.200000E+01   0.817772E-36   0.411746E-37   0.823493E-37   0.164710E-36   0.329468E-36   0.658982E-36   0.131796E-35   0.263536E-35   0.527336E-35   0.105445E-34   0.210844E-34   0.421779E-34   0.843497E-34   0.168423E-33   0.633510E-27   0.752498E-27   0.167015E-22   0.401496E-12   0.281989E-13   0.106008E-14   0.808623E-17   0.411468E-21   0.112917E-26   0.980486E-26   0.366504E-25   0.105285E-24
   0.200000E+01   0.246046E-37   0.495941E-37   0.999817E-37   0.201292E-36   0.404511E-36   0.812408E-36   0.162745E-35   0.326298E-35   0.654214E-35   0.131016E-34   0.262408E-34   0.525418E-34   0.105198E-33   0.210143E-33   0.395576E-25   0.466188E-25   0.101047E-20   0.230593E-10   0.158183E-11   0.588686E-13   0.448742E-15   0.234390E-19   0.672785E-25   0.616768E-24   0.223824E-23   0.602442E-23
   0.200000E+01   0.270890E-36   0.568710E-36   0.119196E-35   0.247458E-35   0.509838E-35   0.104402E-34   0.210537E-34   0.427393E-34   0.864991E-34   0.174634E-33   0.351884E-33   0.707978E-33   0.142263E-32   0.285564E-32   0.159956E-24   0.188125E-24   0.353414E-20   0.787807E-10   0.533635E-11   0.200891E-12   0.153871E-14   0.800738E-19   0.228506E-24   0.258411E-23   0.845813E-23   0.201302E-22
   0.200000E+01   0.695362E-35   0.142359E-34   0.292692E-34   0.598366E-34   0.121776E-33   0.246945E-33   0.493611E-33   0.995870E-33   0.200558E-32   0.403327E-32   0.810183E-32   0.162599E-31   0.326094E-31   0.653611E-31   0.483580E-25   0.567106E-25   0.940369E-21   0.207017E-10   0.137497E-11   0.516315E-13   0.396484E-15   0.209612E-19   0.604866E-25   0.818862E-24   0.244856E-23   0.518838E-23
   0.200000E+01   0.817747E-36   0.163548E-35   0.327095E-35   0.654188E-35   0.130838E-34   0.261675E-34   0.523351E-34   0.104670E-33   0.209340E-33   0.418681E-33   0.837355E-33   0.167472E-32   0.334944E-32   0.669853E-32   0.201120E-30   0.238872E-30   0.530273E-26   0.127694E-15   0.897355E-17   0.337554E-18   0.257666E-20   0.131234E-24   0.442202E-30   0.310897E-29   0.116295E-28   0.334596E-28
   0.200000E+01   0.817744E-36   0.163549E-35   0.327097E-35   0.654183E-35   0.130837E-34   0.261675E-34   0.523348E-34   0.104670E-33   0.209342E-33   0.418678E-33   0.837358E-33   0.167472E-32   0.334941E-32   0.669854E-32   0.185046E-28   0.219845E-28   0.488158E-24   0.117543E-13   0.826203E-15   0.310824E-16   0.237283E-18   0.120876E-22   0.335552E-28   0.286350E-27   0.107123E-26   0.308226E-26
   0.200000E+01   0.207005E-37   0.414332E-37   0.828959E-37   0.165792E-36   0.331819E-36   0.663637E-36   0.132727E-35   0.265417E-35   0.531098E-35   0.106212E-34   0.212379E-34   0.424728E-34   0.849636E-34   0.169566E-33   0.212932E-26   0.252771E-26   0.560989E-22   0.134319E-11   0.942240E-13   0.353787E-14   0.269533E-16   0.137242E-20   0.381599E-26   0.330083E-25   0.123054E-24   0.352526E-24
   0.200000E+01   0.317472E-37   0.647521E-37   0.132079E-36   0.268365E-36   0.544019E-36   0.109946E-35   0.220683E-35   0.444375E-35   0.893376E-35   0.179435E-34   0.360224E-34   0.722434E-34   0.144800E-33   0.289828E-33   0.833083E-25   0.979343E-25   0.201832E-20   0.453060E-10   0.307782E-11   0.115036E-12   0.880076E-15   0.460255E-19   0.131930E-24   0.131566E-23   0.463112E-23   0.117181E-22
   0.200000E+01   0.784978E-36   0.166613E-35   0.352930E-35   0.738881E-35   0.153251E-34   0.315495E-34   0.637394E-34   0.129827E-33   0.263450E-33   0.533009E-33   0.107582E-32   0.216734E-32   0.435980E-32   0.875924E-32   0.176702E-24   0.207691E-24   0.387847E-20   0.864196E-10   0.585225E-11   0.220394E-12   0.168806E-14   0.878369E-19   0.250645E-24   0.286726E-23   0.931184E-23   0.220720E-22
   0.200000E+01   0.180697E-34   0.387045E-34   0.826273E-34   0.174055E-33   0.362770E-33   0.749722E-33   0.151827E-32   0.310006E-32   0.630291E-32   0.127716E-31   0.258094E-31   0.520459E-31   0.104775E-30   0.210639E-30   0.523178E-25   0.613144E-25   0.101587E-20   0.223569E-10   0.148436E-11   0.557440E-13   0.428064E-15   0.226356E-19   0.653297E-25   0.886488E-24   0.264685E-23   0.560247E-23
   0.200000E+01   0.197877E-32   0.415995E-32   0.875908E-32   0.182590E-31   0.377531E-31   0.775451E-31   0.156240E-30   0.317844E-30   0.644376E-30   0.130276E-29   0.262797E-29   0.529046E-29   0.106226E-28   0.212280E-28   0.493152E-25   0.577985E-25   0.955664E-21   0.210295E-10   0.139599E-11   0.524229E-13   0.402568E-15   0.212909E-19   0.614564E-25   0.835293E-24   0.249167E-23   0.526916E-23
   0.200000E+01   0.817736E-36   0.163548E-35   0.327094E-35   0.654187E-35   0.130837E-34   0.261675E-34   0.523352E-34   0.104669E-33   0.209341E-33   0.418681E-33   0.837363E-33   0.167471E-32   0.334942E-32   0.168182E-33   0.140572E-32   0.166996E-32   0.369823E-28   0.892575E-18   0.627315E-19   0.236093E-20   0.180144E-22   0.917887E-27   0.813273E-31   0.217929E-31   0.819367E-31   0.233765E-30
   0.200000E+01   0.206711E-37   0.413598E-37   0.828312E-37   0.165674E-36   0.331536E-36   0.663261E-36   0.132718E-35   0.265492E-35   0.531173E-35   0.106242E-34   0.212559E-34   0.424968E-34   0.850298E-34   0.169999E-33   0.602422E-28   0.715906E-28   0.158999E-23   0.382825E-13   0.269143E-14   0.101263E-15   0.773096E-18   0.393895E-22   0.109178E-27   0.933251E-27   0.349139E-26   0.100460E-25
   0.200000E+01   0.323893E-37   0.675557E-37   0.140689E-36   0.291146E-36   0.598938E-36   0.122628E-35   0.248283E-35   0.504297E-35   0.102123E-34   0.206300E-34   0.415926E-34   0.836847E-34   0.168110E-33   0.336689E-33   0.522327E-26   0.619521E-26   0.137606E-21   0.326693E-11   0.228492E-12   0.855777E-14   0.650760E-16   0.333170E-20   0.942128E-26   0.810962E-25   0.301251E-24   0.858316E-24
   0.200000E+01   0.743007E-36   0.166721E-35   0.369706E-35   0.803175E-35   0.171622E-34   0.361865E-34   0.744584E-34   0.154001E-33   0.316347E-33   0.646292E-33   0.131458E-32   0.266400E-32   0.537744E-32   0.107902E-31   0.100500E-24   0.118217E-24   0.236230E-20   0.528412E-10   0.359293E-11   0.135021E-12   0.103360E-14   0.537338E-19   0.153246E-24   0.159662E-23   0.548651E-23   0.136059E-22
   0.200000E+01   0.719442E-34   0.163092E-33   0.364619E-33   0.797146E-33   0.171173E-32   0.362311E-32   0.747573E-32   0.154988E-31   0.318973E-31   0.652628E-31   0.132903E-30   0.269577E-30   0.544547E-30   0.109323E-29   0.184639E-24   0.217064E-24   0.405658E-20   0.903445E-10   0.612085E-11   0.230513E-12   0.176544E-14   0.918340E-19   0.261991E-24   0.300733E-23   0.973206E-23   0.230774E-22
   0.200000E+01   0.187338E-32   0.428900E-32   0.966581E-32   0.212685E-31   0.459079E-31   0.975746E-31   0.201998E-30   0.419901E-30   0.866011E-30   0.177485E-29   0.361852E-29   0.733908E-29   0.147739E-28   0.293476E-28   0.566198E-25   0.663673E-25   0.109765E-20   0.241382E-10   0.160243E-11   0.601680E-13   0.462036E-15   0.244381E-19   0.705453E-25   0.959291E-24   0.286112E-23   0.604767E-23
   0.200000E+01   0.189743E-30   0.340727E-30   0.589275E-30   0.991444E-30   0.163855E-29   0.267621E-29   0.433227E-29   0.698213E-29   0.112082E-28   0.179407E-28   0.286564E-28   0.456994E-28   0.727874E-28   0.115813E-27   0.545202E-25   0.639208E-25   0.105371E-20   0.231715E-10   0.153821E-11   0.577564E-13   0.443519E-15   0.234592E-19   0.677209E-25   0.921151E-24   0.274694E-23   0.580529E-23
   0.200000E+01   0.205344E-37   0.410659E-37   0.821435E-37   0.164252E-36   0.328433E-36   0.657007E-36   0.131411E-35   0.262803E-35   0.525455E-35   0.105084E-34   0.210167E-34   0.420334E-34   0.840849E-34   0.168170E-33   0.178756E-32   0.212446E-32   0.470845E-28   0.113569E-17   0.798289E-19   0.300407E-20   0.229323E-22   0.116847E-26   0.820043E-31   0.276894E-31   0.103466E-30   0.297658E-30
   0.200000E+01   0.205858E-37   0.411629E-37   0.822670E-37   0.164510E-36   0.328880E-36   0.657807E-36   0.131543E-35   0.262991E-35   0.525794E-35   0.105144E-34   0.210242E-34   0.420425E-34   0.840909E-34   0.168158E-33   0.214085E-30   0.254483E-30   0.565288E-26   0.136058E-15   0.956502E-17   0.359815E-18   0.274639E-20   0.139891E-24   0.466874E-30   0.332057E-29   0.124219E-28   0.357311E-28
   0.200000E+01   0.248646E-37   0.494472E-37   0.975131E-37   0.191453E-36   0.375617E-36   0.737270E-36   0.144840E-35   0.285466E-35   0.563372E-35   0.111418E-34   0.220775E-34   0.438239E-34   0.871002E-34   0.173261E-33   0.195067E-28   0.230666E-28   0.508528E-24   0.118283E-13   0.819033E-15   0.304969E-16   0.231642E-18   0.120314E-22   0.375191E-28   0.303588E-27   0.111572E-26   0.310600E-26
   0.200000E+01   0.197378E-33   0.384291E-33   0.710745E-33   0.126556E-32   0.219717E-32   0.375131E-32   0.632456E-32   0.106171E-31   0.177732E-31   0.297553E-31   0.499417E-31   0.842054E-31   0.142806E-30   0.243557E-30   0.122474E-24   0.144205E-24   0.282673E-20   0.631885E-10   0.430103E-11   0.161971E-12   0.123978E-14   0.642848E-19   0.182976E-24   0.195208E-23   0.660856E-23   0.162381E-22
   0.200000E+01   0.160904E-31   0.315534E-31   0.586912E-31   0.104979E-30   0.182910E-30   0.313175E-30   0.529181E-30   0.889903E-30   0.149177E-29   0.250015E-29   0.419975E-29   0.708553E-29   0.120222E-28   0.205107E-28   0.149453E-24   0.175260E-24   0.338337E-20   0.755807E-10   0.514550E-11   0.193910E-12   0.148416E-14   0.769001E-19   0.218778E-24   0.241094E-23   0.796978E-23   0.193951E-22
   0.200000E+01   0.216447E-31   0.361234E-31   0.591710E-31   0.958830E-31   0.154413E-30   0.247745E-30   0.396485E-30   0.633782E-30   0.101225E-29   0.161603E-29   0.257953E-29   0.411761E-29   0.657341E-29   0.104940E-28   0.522414E-26   0.610041E-26   0.997916E-22   0.219165E-11   0.145223E-12   0.544967E-14   0.418554E-16   0.221792E-20   0.641583E-26   0.885653E-25   0.262364E-24   0.548397E-24
   0.200000E+01   0.297192E-30   0.471855E-30   0.749048E-30   0.118896E-29   0.188712E-29   0.299512E-29   0.475350E-29   0.754398E-29   0.119722E-28   0.189992E-28   0.301495E-28   0.478413E-28   0.759103E-28   0.120438E-27   0.562999E-25   0.657812E-25   0.108748E-20   0.239185E-10   0.158814E-11   0.596355E-13   0.457940E-15   0.242167E-19   0.698952E-25   0.948914E-24   0.283746E-23   0.599317E-23
   0.200000E+01   0.291061E-35   0.521052E-35   0.909138E-35   0.155430E-34   0.261911E-34   0.436955E-34   0.723520E-34   0.119459E-33   0.196921E-33   0.324743E-33   0.536713E-33   0.890433E-33   0.148474E-32   0.248946E-32   0.505741E-26   0.601163E-26   0.133541E-21   0.321511E-11   0.226083E-12   0.850708E-14   0.649533E-16   0.330999E-20   0.903023E-26   0.784284E-25   0.293416E-24   0.844283E-24
   0.200000E+01   0.547854E-35   0.987335E-35   0.173146E-34   0.297118E-34   0.501958E-34   0.838765E-34   0.138983E-33   0.229441E-33   0.377877E-33   0.622100E-33   0.102560E-32   0.169586E-32   0.281600E-32   0.469770E-32   0.986726E-26   0.117285E-25   0.260456E-21   0.625797E-11   0.439772E-12   0.165364E-13   0.126161E-15   0.641822E-20   0.176471E-25   0.153221E-24   0.572579E-24   0.164462E-23
   0.200000E+01   0.296288E-33   0.537553E-33   0.947473E-33   0.163189E-32   0.276400E-32   0.462574E-32   0.766964E-32   0.126589E-31   0.208269E-31   0.342236E-31   0.562682E-31   0.927061E-31   0.153240E-30   0.254214E-30   0.434319E-24   0.512147E-24   0.114705E-19   0.263393E-09   0.182865E-10   0.684586E-12   0.522138E-14   0.268661E-18   0.761622E-24   0.675323E-23   0.248494E-22   0.693937E-22
   0.200000E+01   0.721970E-29   0.131925E-28   0.233847E-28   0.404583E-28   0.687701E-28   0.115416E-27   0.191790E-27   0.317109E-27   0.522438E-27   0.859410E-27   0.141415E-26   0.233138E-26   0.385546E-26   0.639803E-26   0.651279E-21   0.770980E-21   0.171759E-16   0.415017E-06   0.291521E-07   0.109532E-08   0.835196E-11   0.424516E-15   0.119248E-20   0.997909E-20   0.374106E-19   0.108321E-18
   0.200000E+01   0.565771E-28   0.930271E-28   0.151078E-27   0.243519E-27   0.390714E-27   0.625036E-27   0.997874E-27   0.159118E-26   0.253503E-26   0.403645E-26   0.642481E-26   0.102242E-25   0.162686E-25   0.258839E-25   0.138332E-22   0.162418E-22   0.302008E-18   0.675435E-08   0.458283E-09   0.172452E-10   0.132063E-12   0.686685E-17   0.195870E-22   0.224499E-21   0.726123E-21   0.172229E-20
   0.200000E+01   0.119075E-29   0.188920E-29   0.299741E-29   0.475581E-29   0.754598E-29   0.119734E-28   0.189987E-28   0.301462E-28   0.478344E-28   0.758999E-28   0.120429E-27   0.191074E-27   0.303142E-27   0.480904E-27   0.227898E-24   0.266896E-24   0.458135E-20   0.101491E-09   0.679476E-11   0.255126E-12   0.195689E-14   0.102902E-18   0.295931E-24   0.380149E-23   0.116183E-22   0.255791E-22
   0.200000E+01   0.133670E-27   0.212021E-27   0.336324E-27   0.533541E-27   0.846455E-27   0.134295E-26   0.213076E-26   0.338077E-26   0.536415E-26   0.851105E-26   0.135038E-25   0.214247E-25   0.339898E-25   0.539200E-25   0.278945E-22   0.327863E-22   0.622818E-18   0.139880E-07   0.952590E-09   0.358689E-10   0.274573E-12   0.142319E-16   0.404980E-22   0.448351E-21   0.147700E-20   0.357592E-20
   0.200000E+01   0.000000E+00   0.000000E+00   0.000000E+00   0.000000E+00   0.000000E+00   0.000000E+00   0.000000E+00   0.000000E+00   0.000000E+00   0.000000E+00   0.000000E+00   0.000000E+00   0.000000E+00   0.000000E+00   0.000000E+00   0.000000E+00   0.000000E+00   0.000000E+00   0.000000E+00   0.000000E+00   0.000000E+00   0.000000E+00   0.000000E+00   0.000000E+00   0.000000E+00   0.000000E+00
   0.200000E+01   0.232665E-26   0.464649E-26   0.928184E-26   0.185456E-25   0.370619E-25   0.740770E-25   0.148079E-24   0.296038E-24   0.591884E-24   0.118346E-23   0.236644E-23   0.473211E-23   0.946300E-23   0.189240E-22   0.131112E-21   0.160213E-21   0.289972E-17   0.656520E-07   0.486862E-08   0.179781E-09   0.136247E-11   0.677102E-16   0.481487E-20   0.203145E-19   0.483680E-19   0.876396E-19
   0.216667E+01   0.218750E-25   0.437500E-25   0.875000E-25   0.175000E-24   0.350000E-24   0.700000E-24   0.140000E-23   0.280000E-23   0.560000E-23   0.112000E-22   0.224000E-22   0.448000E-22   0.896000E-22   0.179200E-21   0.358400E-21   0.120271E-20   0.203613E-20   0.250793E-06   0.271746E-07   0.130009E-08   0.145022E-10   0.710750E-14   0.211794E-17   0.183736E-18   0.425129E-18   0.735364E-18
   0.216667E+01   0.817739E-36   0.163540E-35   0.327075E-35   0.654159E-35   0.130831E-34   0.261665E-34   0.523327E-34   0.104665E-33   0.209328E-33   0.418657E-33   0.837321E-33   0.167464E-32   0.334927E-32   0.669850E-32   0.133970E-31   0.861720E-32   0.278105E-31   0.384374E-17   0.366565E-18   0.180767E-19   0.204038E-21   0.104692E-24   0.318386E-28   0.143654E-30   0.415093E-30   0.870615E-30
   0.216667E+01   0.817740E-36   0.163549E-35   0.327098E-35   0.654193E-35   0.130838E-34   0.261675E-34   0.523355E-34   0.104670E-33   0.209338E-33   0.418679E-33   0.837357E-33   0.167473E-32   0.334940E-32   0.669880E-32   0.133971E-31   0.969930E-30   0.313085E-29   0.432723E-15   0.412671E-16   0.203504E-17   0.229702E-19   0.117860E-22   0.358425E-26   0.161351E-28   0.466266E-28   0.978385E-28
   0.216667E+01   0.817739E-36   0.163549E-35   0.327095E-35   0.654192E-35   0.130838E-34   0.261675E-34   0.523349E-34   0.104670E-33   0.209339E-33   0.418675E-33   0.837354E-33   0.167472E-32   0.334942E-32   0.669886E-32   0.133970E-31   0.365519E-31   0.118021E-30   0.163112E-16   0.155588E-17   0.767335E-19   0.866184E-21   0.444494E-24   0.135187E-27   0.608974E-30   0.175956E-29   0.369170E-29
   0.216667E+01   0.817742E-36   0.163549E-35   0.327095E-35   0.654190E-35   0.130838E-34   0.261675E-34   0.523348E-34   0.104670E-33   0.209340E-33   0.418676E-33   0.837357E-33   0.167470E-32   0.334945E-32   0.669878E-32   0.133971E-31   0.368291E-29   0.118958E-28   0.164404E-14   0.156849E-15   0.773651E-17   0.873395E-19   0.448242E-22   0.136346E-25   0.613857E-28   0.177403E-27   0.372276E-27
   0.216667E+01   0.817753E-36   0.163550E-35   0.327102E-35   0.654199E-35   0.130840E-34   0.261678E-34   0.131524E-35   0.263141E-35   0.525907E-35   0.105174E-34   0.210408E-34   0.420725E-34   0.841993E-34   0.168326E-33   0.335954E-33   0.347404E-27   0.112246E-26   0.155097E-12   0.147978E-13   0.729842E-15   0.823841E-17   0.422640E-20   0.128607E-23   0.579607E-26   0.167507E-25   0.351477E-25
   0.216667E+01   0.223726E-37   0.448657E-37   0.898548E-37   0.180050E-36   0.360430E-36   0.721518E-36   0.144294E-35   0.288833E-35   0.577704E-35   0.115578E-34   0.231232E-34   0.462614E-34   0.925409E-34   0.185082E-33   0.369562E-33   0.276043E-25   0.879246E-25   0.118748E-10   0.111998E-11   0.547740E-13   0.614956E-15   0.317444E-18   0.973765E-22   0.456846E-24   0.130585E-23   0.270098E-23
   0.216667E+01   0.817731E-36   0.163549E-35   0.327096E-35   0.654184E-35   0.130838E-34   0.261676E-34   0.523347E-34   0.104670E-33   0.209341E-33   0.418680E-33   0.837357E-33   0.167471E-32   0.334941E-32   0.669882E-32   0.133970E-31   0.139528E-30   0.450665E-30   0.622836E-16   0.594211E-17   0.293088E-18   0.330873E-20   0.169809E-23   0.516517E-27   0.232580E-29   0.672138E-29   0.141040E-28
   0.216667E+01   0.817740E-36   0.163549E-35   0.327095E-35   0.654191E-35   0.130838E-34   0.261676E-34   0.523347E-34   0.104670E-33   0.209338E-33   0.418684E-33   0.837358E-33   0.167472E-32   0.334943E-32   0.669887E-32   0.133971E-31   0.132694E-28   0.428729E-28   0.592501E-14   0.565382E-15   0.278900E-16   0.314883E-18   0.161621E-21   0.491668E-25   0.221373E-27   0.639784E-27   0.134260E-26
   0.216667E+01   0.817771E-36   0.411893E-37   0.824139E-37   0.164816E-36   0.329679E-36   0.659452E-36   0.131853E-35   0.263743E-35   0.527524E-35   0.105497E-34   0.210889E-34   0.421899E-34   0.843979E-34   0.168796E-33   0.336941E-33   0.120329E-26   0.388546E-26   0.536158E-12   0.511354E-13   0.252099E-14   0.284441E-16   0.145771E-19   0.443817E-23   0.200864E-25   0.580070E-25   0.121617E-24
   0.216667E+01   0.251321E-37   0.506961E-37   0.102250E-36   0.205982E-36   0.414268E-36   0.832344E-36   0.166742E-35   0.334405E-35   0.670427E-35   0.134319E-34   0.269134E-34   0.538899E-34   0.107840E-33   0.215873E-33   0.431529E-33   0.734520E-25   0.231049E-24   0.301478E-10   0.281286E-11   0.137245E-12   0.154423E-14   0.804264E-18   0.247020E-21   0.121346E-23   0.342447E-23   0.688754E-23
   0.216667E+01   0.292776E-36   0.614836E-36   0.128900E-35   0.267654E-35   0.551540E-35   0.112957E-34   0.227799E-34   0.462468E-34   0.936006E-34   0.188983E-33   0.380812E-33   0.766192E-33   0.153964E-32   0.309087E-32   0.619957E-32   0.283325E-24   0.817087E-24   0.986997E-10   0.909521E-11   0.447795E-12   0.506418E-14   0.264021E-17   0.809367E-21   0.475232E-23   0.124302E-22   0.221809E-22
   0.216667E+01   0.798710E-35   0.163522E-34   0.336212E-34   0.687353E-34   0.139889E-33   0.283679E-33   0.567043E-33   0.114403E-32   0.230398E-32   0.463339E-32   0.930735E-32   0.186794E-31   0.374618E-31   0.750877E-31   0.150435E-30   0.905707E-25   0.240058E-24   0.274600E-10   0.248239E-11   0.121803E-12   0.137911E-14   0.727158E-18   0.224165E-21   0.154238E-23   0.377405E-23   0.609443E-23
   0.216667E+01   0.817746E-36   0.163547E-35   0.327097E-35   0.654192E-35   0.130838E-34   0.261676E-34   0.523347E-34   0.104670E-33   0.209340E-33   0.418675E-33   0.837358E-33   0.167471E-32   0.334942E-32   0.669881E-32   0.133971E-31   0.375231E-30   0.121233E-29   0.167543E-15   0.159873E-16   0.788635E-18   0.890376E-20   0.457003E-23   0.139024E-26   0.625987E-29   0.180911E-28   0.379643E-28
   0.216667E+01   0.817739E-36   0.163547E-35   0.327093E-35   0.654192E-35   0.130838E-34   0.261675E-34   0.523346E-34   0.104670E-33   0.209341E-33   0.418681E-33   0.837360E-33   0.167471E-32   0.334943E-32   0.669887E-32   0.133969E-31   0.345843E-28   0.111774E-27   0.154466E-13   0.147424E-14   0.727308E-16   0.821208E-18   0.421550E-21   0.128253E-24   0.577497E-27   0.166906E-26   0.350266E-26
   0.216667E+01   0.207328E-37   0.414744E-37   0.829899E-37   0.166062E-36   0.332336E-36   0.664719E-36   0.132963E-35   0.266000E-35   0.531775E-35   0.106385E-34   0.212725E-34   0.425450E-34   0.850960E-34   0.170216E-33   0.339854E-33   0.403599E-26   0.130068E-25   0.179021E-11   0.170557E-12   0.839910E-14   0.946595E-16   0.484431E-19   0.147704E-22   0.673543E-25   0.194214E-24   0.406610E-24
   0.216667E+01   0.331651E-37   0.677496E-37   0.138414E-36   0.281684E-36   0.571337E-36   0.115622E-35   0.232127E-35   0.467602E-35   0.940734E-35   0.189035E-34   0.379483E-34   0.761194E-34   0.152612E-33   0.305838E-33   0.611868E-33   0.152152E-24   0.465516E-24   0.582490E-10   0.538366E-11   0.263451E-12   0.297419E-14   0.155402E-17   0.477192E-21   0.251294E-23   0.694332E-23   0.132386E-22
   0.216667E+01   0.866006E-36   0.183933E-35   0.389817E-35   0.816461E-35   0.169397E-34   0.348827E-34   0.704886E-34   0.143600E-33   0.291437E-33   0.589699E-33   0.119033E-32   0.239820E-32   0.482442E-32   0.969363E-32   0.194577E-31   0.313036E-24   0.898137E-24   0.108251E-09   0.997256E-11   0.491112E-12   0.555409E-14   0.289561E-17   0.887670E-21   0.526302E-23   0.136854E-22   0.243160E-22
   0.216667E+01   0.211476E-34   0.453256E-34   0.968093E-34   0.204010E-33   0.425338E-33   0.879255E-33   0.178102E-32   0.363714E-32   0.739587E-32   0.149878E-31   0.302907E-31   0.610866E-31   0.122981E-30   0.247254E-30   0.496564E-30   0.981360E-25   0.259737E-24   0.296867E-10   0.268276E-11   0.131634E-12   0.149040E-14   0.785969E-18   0.242321E-21   0.167097E-23   0.408404E-23   0.658829E-23
   0.216667E+01   0.239584E-32   0.504987E-32   0.106552E-31   0.222495E-31   0.460676E-31   0.947288E-31   0.191044E-30   0.388926E-30   0.788934E-30   0.159575E-29   0.322006E-29   0.648315E-29   0.130120E-28   0.259660E-28   0.512954E-28   0.926080E-25   0.244645E-24   0.279433E-10   0.252475E-11   0.123874E-12   0.140253E-14   0.739724E-18   0.228078E-21   0.157510E-23   0.384704E-23   0.620098E-23
   0.216667E+01   0.817739E-36   0.163547E-35   0.327098E-35   0.654192E-35   0.130838E-34   0.261675E-34   0.523349E-34   0.104671E-33   0.209340E-33   0.418678E-33   0.837355E-33   0.167470E-32   0.840849E-34   0.168134E-33   0.336243E-33   0.269537E-32   0.870795E-32   0.120322E-17   0.114845E-18   0.566590E-20   0.639793E-22   0.328345E-25   0.998773E-29   0.453859E-31   0.130626E-30   0.272702E-30
   0.216667E+01   0.207196E-37   0.414891E-37   0.830369E-37   0.166262E-36   0.332688E-36   0.665753E-36   0.133216E-35   0.266508E-35   0.533167E-35   0.106648E-34   0.213387E-34   0.426864E-34   0.853608E-34   0.170722E-33   0.341323E-33   0.112092E-27   0.362382E-27   0.500777E-13   0.478036E-14   0.235857E-15   0.266323E-17   0.136715E-20   0.416011E-24   0.187346E-26   0.541477E-26   0.113636E-25
   0.216667E+01   0.366578E-37   0.771741E-37   0.162136E-36   0.337849E-36   0.699208E-36   0.143843E-35   0.292068E-35   0.594838E-35   0.120751E-34   0.244405E-34   0.493354E-34   0.994081E-34   0.199731E-33   0.399919E-33   0.795818E-33   0.971939E-26   0.312282E-25   0.427534E-11   0.406247E-12   0.199588E-13   0.224522E-15   0.115068E-18   0.351717E-22   0.162084E-24   0.466185E-24   0.973214E-24
   0.216667E+01   0.959039E-36   0.215933E-35   0.480155E-35   0.104542E-34   0.223777E-34   0.472489E-34   0.973306E-34   0.201483E-33   0.414171E-33   0.846625E-33   0.172279E-32   0.349184E-32   0.704432E-32   0.141200E-31   0.280041E-31   0.177559E-24   0.534141E-24   0.659960E-10   0.610655E-11   0.300266E-12   0.339394E-14   0.176732E-17   0.541487E-21   0.295205E-23   0.802149E-23   0.149287E-22
   0.216667E+01   0.943677E-34   0.214522E-33   0.480668E-33   0.105276E-32   0.226394E-32   0.479756E-32   0.990903E-32   0.205592E-31   0.423372E-31   0.866646E-31   0.176549E-30   0.358153E-30   0.723009E-30   0.144993E-29   0.287635E-29   0.326740E-24   0.937830E-24   0.113035E-09   0.104173E-10   0.513046E-12   0.580201E-14   0.302419E-17   0.926985E-21   0.550586E-23   0.142872E-22   0.253912E-22
   0.216667E+01   0.261228E-32   0.599865E-32   0.135514E-31   0.298768E-31   0.645913E-31   0.137461E-30   0.284883E-30   0.592686E-30   0.122316E-29   0.250783E-29   0.511140E-29   0.103432E-28   0.206875E-28   0.406377E-28   0.778258E-28   0.106434E-24   0.281105E-24   0.320890E-10   0.289923E-11   0.142233E-12   0.161039E-14   0.849410E-18   0.261908E-21   0.180989E-23   0.441952E-23   0.712076E-23
   0.216667E+01   0.239513E-30   0.419997E-30   0.713561E-30   0.118542E-29   0.194137E-29   0.314987E-29   0.507537E-29   0.814969E-29   0.130462E-28   0.208387E-28   0.332314E-28   0.529283E-28   0.842169E-28   0.133895E-27   0.212736E-27   0.102503E-24   0.269989E-24   0.308061E-10   0.278324E-11   0.136543E-12   0.154596E-14   0.815440E-18   0.251435E-21   0.173791E-23   0.424333E-23   0.683593E-23
   0.216667E+01   0.205315E-37   0.410600E-37   0.821435E-37   0.164217E-36   0.328386E-36   0.656913E-36   0.131373E-35   0.262747E-35   0.525493E-35   0.105091E-34   0.210152E-34   0.420364E-34   0.840729E-34   0.168122E-33   0.336291E-33   0.341449E-32   0.110315E-31   0.152449E-17   0.145505E-18   0.717951E-20   0.810664E-22   0.416229E-25   0.126636E-28   0.574293E-31   0.165389E-30   0.347268E-30
   0.216667E+01   0.205961E-37   0.411981E-37   0.823316E-37   0.164663E-36   0.329162E-36   0.658183E-36   0.131552E-35   0.263029E-35   0.526095E-35   0.105159E-34   0.210318E-34   0.420515E-34   0.841090E-34   0.168242E-33   0.336388E-33   0.414496E-30   0.134034E-29   0.185150E-15   0.176730E-16   0.871816E-18   0.984222E-20   0.504936E-23   0.153708E-26   0.693432E-29   0.200405E-28   0.420478E-28
   0.216667E+01   0.268498E-37   0.530001E-37   0.103684E-36   0.202032E-36   0.393320E-36   0.766751E-36   0.149899E-35   0.293686E-35   0.577177E-35   0.113765E-34   0.224777E-34   0.445161E-34   0.882497E-34   0.175356E-33   0.348497E-33   0.371346E-28   0.118059E-27   0.158296E-13   0.148988E-14   0.727669E-16   0.816661E-18   0.422443E-21   0.129733E-24   0.616851E-27   0.175811E-26   0.361747E-26
   0.216667E+01   0.266273E-33   0.506705E-33   0.921653E-33   0.162268E-32   0.279642E-32   0.475303E-32   0.799594E-32   0.134154E-31   0.224799E-31   0.377230E-31   0.635358E-31   0.107583E-30   0.183225E-30   0.313548E-30   0.537600E-30   0.213509E-24   0.635335E-24   0.780834E-10   0.723268E-11   0.356317E-12   0.402818E-14   0.209414E-17   0.641057E-21   0.356647E-23   0.957610E-23   0.176217E-22
   0.216667E+01   0.217502E-31   0.416880E-31   0.762605E-31   0.134874E-30   0.233269E-30   0.397610E-30   0.670395E-30   0.112677E-29   0.189072E-29   0.317622E-29   0.535414E-29   0.907189E-29   0.154579E-28   0.264621E-28   0.453822E-28   0.259769E-24   0.762312E-24   0.931863E-10   0.863108E-11   0.425465E-12   0.481007E-14   0.249977E-17   0.765114E-21   0.437024E-23   0.115341E-22   0.209983E-22
   0.216667E+01   0.266333E-31   0.438482E-31   0.712444E-31   0.114873E-30   0.184396E-30   0.295199E-30   0.471711E-30   0.753150E-30   0.120182E-29   0.191724E-29   0.305833E-29   0.487875E-29   0.778289E-29   0.124145E-28   0.197963E-28   0.990751E-26   0.258902E-25   0.293765E-11   0.264865E-12   0.129846E-13   0.147012E-15   0.776514E-19   0.239619E-22   0.168120E-24   0.408203E-24   0.651522E-24
   0.216667E+01   0.342384E-30   0.543537E-30   0.862771E-30   0.136941E-29   0.217345E-29   0.344949E-29   0.547452E-29   0.868817E-29   0.137879E-28   0.218804E-28   0.347212E-28   0.550953E-28   0.874191E-28   0.138696E-27   0.220027E-27   0.105545E-24   0.278164E-24   0.317682E-10   0.287087E-11   0.140854E-12   0.159477E-14   0.841048E-18   0.259307E-21   0.178902E-23   0.437651E-23   0.704975E-23
   0.216667E+01   0.373741E-35   0.663894E-35   0.115091E-34   0.195819E-34   0.328847E-34   0.547362E-34   0.905084E-34   0.149326E-33   0.246130E-33   0.406070E-33   0.671728E-33   0.111572E-32   0.186225E-32   0.312351E-32   0.525837E-32   0.893240E-26   0.288854E-25   0.399157E-11   0.381100E-12   0.188049E-13   0.212359E-15   0.109033E-18   0.331791E-22   0.149420E-24   0.431872E-24   0.906357E-24
   0.216667E+01   0.740770E-35   0.132476E-34   0.230840E-34   0.394264E-34   0.663905E-34   0.110703E-33   0.183223E-33   0.302344E-33   0.498074E-33   0.820718E-33   0.135501E-32   0.224468E-32   0.373401E-32   0.623699E-32   0.104473E-31   0.183412E-25   0.592573E-25   0.817450E-11   0.780012E-12   0.384634E-13   0.434050E-15   0.222458E-18   0.677377E-22   0.306937E-24   0.886300E-24   0.185814E-23
   0.216667E+01   0.375446E-33   0.675996E-33   0.118405E-32   0.203017E-32   0.342814E-32   0.572682E-32   0.948802E-32   0.156609E-31   0.257882E-31   0.424456E-31   0.699515E-31   0.115591E-30   0.191664E-30   0.318852E-30   0.531454E-30   0.751815E-24   0.241057E-23   0.321278E-09   0.303138E-10   0.148767E-11   0.167679E-13   0.865798E-17   0.264409E-20   0.125072E-22   0.357023E-22   0.736719E-22
   0.216667E+01   0.876354E-29   0.158920E-28   0.279941E-28   0.482147E-28   0.817062E-28   0.136879E-27   0.227283E-27   0.375815E-27   0.619696E-27   0.102108E-26   0.168418E-26   0.278481E-26   0.461979E-26   0.768817E-26   0.128175E-25   0.106736E-20   0.345168E-20   0.479552E-06   0.457536E-07   0.225475E-08   0.254324E-10   0.130291E-13   0.396040E-17   0.176451E-19   0.511946E-19   0.108208E-18
   0.216667E+01   0.640527E-28   0.104600E-27   0.169126E-27   0.271823E-27   0.435271E-27   0.695356E-27   0.110905E-26   0.176715E-26   0.281381E-26   0.447837E-26   0.712567E-26   0.113360E-25   0.180320E-25   0.286797E-25   0.456056E-25   0.245723E-22   0.700675E-22   0.845386E-08   0.779684E-09   0.383757E-10   0.433941E-12   0.226167E-15   0.693276E-19   0.411672E-21   0.106716E-20   0.189555E-20
   0.216667E+01   0.137551E-29   0.218221E-29   0.346213E-29   0.549295E-29   0.871534E-29   0.138285E-28   0.219419E-28   0.348158E-28   0.552432E-28   0.876548E-28   0.139079E-27   0.220663E-27   0.350084E-27   0.555370E-27   0.880945E-27   0.425045E-24   0.114414E-23   0.132710E-09   0.120720E-10   0.592417E-12   0.670308E-14   0.352295E-17   0.108456E-20   0.716209E-23   0.177667E-22   0.295481E-22
   0.216667E+01   0.143537E-27   0.227654E-27   0.361102E-27   0.572822E-27   0.908742E-27   0.144174E-26   0.228743E-26   0.362929E-26   0.575839E-26   0.913647E-26   0.144960E-25   0.229987E-25   0.364867E-25   0.578808E-25   0.918102E-25   0.486510E-22   0.141301E-21   0.172726E-07   0.159967E-08   0.788113E-10   0.891060E-12   0.463231E-15   0.141803E-18   0.813372E-21   0.214097E-20   0.387777E-20
   0.216667E+01   0.000000E+00   0.000000E+00   0.000000E+00   0.000000E+00   0.000000E+00   0.000000E+00   0.000000E+00   0.000000E+00   0.000000E+00   0.000000E+00   0.000000E+00   0.000000E+00   0.000000E+00   0.000000E+00   0.000000E+00   0.000000E+00   0.000000E+00   0.000000E+00   0.000000E+00   0.000000E+00   0.000000E+00   0.000000E+00   0.000000E+00   0.000000E+00   0.000000E+00   0.000000E+00
   0.216667E+01   0.232834E-26   0.464917E-26   0.928607E-26   0.185523E-25   0.370726E-25   0.740940E-25   0.148106E-24   0.296081E-24   0.591953E-24   0.118357E-23   0.236662E-23   0.473239E-23   0.946344E-23   0.189248E-22   0.378461E-22   0.227614E-21   0.538099E-21   0.710369E-07   0.711335E-08   0.346414E-09   0.389054E-11   0.196013E-14   0.591473E-18   0.210606E-19   0.496765E-19   0.876778E-19
   0.233333E+01   0.218750E-25   0.437500E-25   0.875000E-25   0.175000E-24   0.350000E-24   0.700000E-24   0.140000E-23   0.280000E-23   0.560000E-23   0.112000E-22   0.224000E-22   0.448000E-22   0.896000E-22   0.179200E-21   0.358400E-21   0.116571E-20   0.143360E-20   0.244078E-06   0.330913E-07   0.208034E-08   0.323454E-10   0.392735E-13   0.263067E-16   0.192851E-18   0.425153E-18   0.735412E-18
   0.233333E+01   0.817739E-36   0.163540E-35   0.327075E-35   0.654159E-35   0.130831E-34   0.261665E-34   0.523327E-34   0.104665E-33   0.209328E-33   0.418657E-33   0.837321E-33   0.167464E-32   0.334927E-32   0.669850E-32   0.133970E-31   0.154981E-31   0.535879E-31   0.499918E-17   0.593959E-18   0.384136E-19   0.603410E-21   0.762604E-24   0.518225E-27   0.414374E-30   0.603916E-30   0.991731E-30
   0.233333E+01   0.817740E-36   0.163549E-35   0.327098E-35   0.654193E-35   0.130838E-34   0.261675E-34   0.523355E-34   0.104670E-33   0.209338E-33   0.418679E-33   0.837357E-33   0.167473E-32   0.334940E-32   0.669880E-32   0.133971E-31   0.174604E-29   0.535882E-31   0.563302E-15   0.669196E-16   0.432806E-17   0.679928E-19   0.859197E-22   0.583893E-25   0.466593E-28   0.679867E-28   0.111598E-27
   0.233333E+01   0.817739E-36   0.163549E-35   0.327095E-35   0.654192E-35   0.130838E-34   0.261675E-34   0.523349E-34   0.104670E-33   0.209339E-33   0.418675E-33   0.837354E-33   0.167472E-32   0.334942E-32   0.669886E-32   0.133970E-31   0.656779E-31   0.535878E-31   0.211928E-16   0.251814E-17   0.162881E-18   0.255902E-20   0.323404E-23   0.219805E-26   0.175687E-29   0.256036E-29   0.420265E-29
   0.233333E+01   0.817742E-36   0.163549E-35   0.327095E-35   0.654190E-35   0.130838E-34   0.261675E-34   0.523348E-34   0.104670E-33   0.209340E-33   0.418676E-33   0.837357E-33   0.167470E-32   0.334945E-32   0.669878E-32   0.133971E-31   0.662173E-29   0.535884E-31   0.213723E-14   0.253995E-15   0.164306E-16   0.258163E-18   0.326291E-21   0.221799E-24   0.177264E-27   0.258307E-27   0.424026E-27
   0.233333E+01   0.817753E-36   0.163550E-35   0.327104E-35   0.654206E-35   0.130840E-34   0.261678E-34   0.131524E-35   0.263141E-35   0.526170E-35   0.105219E-34   0.210438E-34   0.420876E-34   0.841993E-34   0.168326E-33   0.336027E-33   0.624878E-27   0.134440E-32   0.201686E-12   0.239698E-13   0.155046E-14   0.243586E-16   0.307781E-19   0.209294E-22   0.167411E-25   0.243965E-25   0.400467E-25
   0.233333E+01   0.226048E-37   0.453329E-37   0.908540E-37   0.181990E-36   0.364474E-36   0.729700E-36   0.145931E-35   0.292012E-35   0.584136E-35   0.116917E-34   0.233880E-34   0.468031E-34   0.936243E-34   0.187273E-33   0.373799E-33   0.489403E-25   0.149616E-32   0.153000E-10   0.179906E-11   0.115447E-12   0.180393E-14   0.228379E-17   0.155894E-20   0.128373E-23   0.187568E-23   0.306138E-23
   0.233333E+01   0.817742E-36   0.163548E-35   0.327098E-35   0.654187E-35   0.130837E-34   0.261677E-34   0.523348E-34   0.104670E-33   0.209339E-33   0.418681E-33   0.837357E-33   0.167472E-32   0.334942E-32   0.669877E-32   0.133971E-31   0.250358E-30   0.535883E-31   0.808039E-16   0.960289E-17   0.621191E-18   0.976031E-20   0.123360E-22   0.838541E-26   0.670198E-29   0.976639E-29   0.160319E-28
   0.233333E+01   0.817744E-36   0.163548E-35   0.327093E-35   0.654186E-35   0.130837E-34   0.261677E-34   0.523349E-34   0.104670E-33   0.209339E-33   0.418684E-33   0.837355E-33   0.167473E-32   0.334943E-32   0.669880E-32   0.133971E-31   0.238308E-28   0.535886E-31   0.769324E-14   0.914448E-15   0.591599E-16   0.929614E-18   0.117504E-20   0.798838E-24   0.638478E-27   0.930417E-27   0.152737E-26
   0.233333E+01   0.817781E-36   0.412099E-37   0.824551E-37   0.164840E-36   0.329773E-36   0.659829E-36   0.131947E-35   0.263781E-35   0.527750E-35   0.105558E-34   0.211100E-34   0.422140E-34   0.844520E-34   0.168892E-33   0.337182E-33   0.216069E-26   0.134882E-32   0.696183E-12   0.827118E-13   0.534809E-14   0.839877E-16   0.106043E-18   0.721527E-22   0.578539E-25   0.843303E-25   0.138384E-24
   0.233333E+01   0.256375E-37   0.517306E-37   0.104419E-36   0.210531E-36   0.423601E-36   0.851763E-36   0.170531E-35   0.342210E-35   0.686376E-35   0.137516E-34   0.275619E-34   0.551689E-34   0.110512E-33   0.221193E-33   0.441929E-33   0.127983E-24   0.176916E-32   0.383605E-10   0.446362E-11   0.285753E-12   0.447178E-14   0.570601E-17   0.389803E-20   0.328740E-23   0.482760E-23   0.775469E-23
   0.233333E+01   0.310971E-36   0.653210E-36   0.136970E-35   0.284458E-35   0.586224E-35   0.120073E-34   0.242144E-34   0.491643E-34   0.995104E-34   0.200915E-33   0.404870E-33   0.814614E-33   0.163700E-32   0.328636E-32   0.659176E-32   0.472870E-24   0.264800E-31   0.120958E-09   0.138924E-10   0.896621E-12   0.141024E-13   0.180487E-16   0.123204E-19   0.113749E-22   0.168027E-22   0.242679E-22
   0.233333E+01   0.895019E-35   0.183245E-34   0.376771E-34   0.770285E-34   0.156769E-33   0.317914E-33   0.635478E-33   0.128211E-32   0.258207E-32   0.519268E-32   0.104309E-31   0.209343E-31   0.419842E-31   0.841524E-31   0.168597E-30   0.157801E-24   0.676057E-30   0.354230E-10   0.399123E-11   0.256732E-12   0.404026E-14   0.521632E-17   0.357195E-20   0.360891E-23   0.530960E-23   0.707810E-23
   0.233333E+01   0.817736E-36   0.163548E-35   0.327095E-35   0.654191E-35   0.130838E-34   0.261674E-34   0.523353E-34   0.104670E-33   0.209339E-33   0.418679E-33   0.837355E-33   0.167472E-32   0.334942E-32   0.669887E-32   0.133970E-31   0.662822E-30   0.535881E-31   0.213974E-15   0.254334E-16   0.164539E-17   0.258548E-19   0.326804E-22   0.222173E-25   0.177577E-28   0.258775E-28   0.424802E-28
   0.233333E+01   0.817734E-36   0.163547E-35   0.327096E-35   0.654194E-35   0.130837E-34   0.261676E-34   0.523352E-34   0.104671E-33   0.209340E-33   0.418677E-33   0.837352E-33   0.167471E-32   0.334943E-32   0.669884E-32   0.133970E-31   0.611939E-28   0.134295E-32   0.197591E-13   0.234905E-14   0.151985E-15   0.238841E-17   0.301923E-20   0.205285E-23   0.164086E-26   0.239121E-26   0.392551E-26
   0.233333E+01   0.207636E-37   0.415449E-37   0.831192E-37   0.166297E-36   0.332829E-36   0.665659E-36   0.133160E-35   0.266376E-35   0.532866E-35   0.106581E-34   0.213206E-34   0.426383E-34   0.852886E-34   0.170553E-33   0.340552E-33   0.722628E-26   0.136202E-32   0.232010E-11   0.275379E-12   0.177875E-13   0.279046E-15   0.351784E-18   0.239600E-21   0.193120E-24   0.281637E-24   0.461953E-24
   0.233333E+01   0.344905E-37   0.705737E-37   0.144415E-36   0.294273E-36   0.597504E-36   0.120958E-35   0.242932E-35   0.489645E-35   0.985422E-35   0.198092E-34   0.397735E-34   0.797997E-34   0.160027E-33   0.320691E-33   0.641696E-33   0.260017E-24   0.255908E-32   0.729978E-10   0.841302E-11   0.539956E-12   0.847598E-14   0.108566E-16   0.741669E-20   0.646990E-23   0.958345E-23   0.147729E-22
   0.233333E+01   0.936797E-36   0.199081E-35   0.422118E-35   0.884422E-35   0.183551E-34   0.378063E-34   0.764105E-34   0.155687E-33   0.316005E-33   0.639464E-33   0.129090E-32   0.260096E-32   0.523258E-32   0.105141E-31   0.211054E-31   0.522624E-24   0.839154E-31   0.132688E-09   0.152342E-10   0.983397E-12   0.154674E-13   0.197968E-16   0.135140E-19   0.125448E-22   0.185051E-22   0.266122E-22
   0.233333E+01   0.241152E-34   0.517148E-34   0.110503E-33   0.232950E-33   0.485811E-33   0.100449E-32   0.203513E-32   0.415670E-32   0.845335E-32   0.171324E-31   0.346275E-31   0.698368E-31   0.140604E-30   0.282696E-30   0.567759E-30   0.171193E-24   0.225776E-29   0.383415E-10   0.431850E-11   0.277766E-12   0.437115E-14   0.564439E-17   0.386534E-20   0.391085E-23   0.575234E-23   0.766197E-23
   0.233333E+01   0.281767E-32   0.595264E-32   0.125832E-31   0.263148E-31   0.545508E-31   0.112282E-30   0.226633E-30   0.461667E-30   0.936958E-30   0.189590E-29   0.382678E-29   0.770485E-29   0.154553E-28   0.307931E-28   0.606555E-28   0.161569E-24   0.221212E-27   0.361142E-10   0.406683E-11   0.261563E-12   0.411615E-14   0.531563E-17   0.364034E-20   0.368650E-23   0.542172E-23   0.721708E-23
   0.233333E+01   0.817744E-36   0.163547E-35   0.327095E-35   0.654186E-35   0.130838E-34   0.261673E-34   0.523348E-34   0.104670E-33   0.209340E-33   0.418681E-33   0.837366E-33   0.167472E-32   0.840668E-34   0.168110E-33   0.336243E-33   0.489713E-32   0.134478E-32   0.158055E-17   0.187918E-18   0.121603E-19   0.191054E-21   0.241538E-24   0.164259E-27   0.131602E-30   0.192111E-30   0.315257E-30
   0.233333E+01   0.207783E-37   0.416096E-37   0.833132E-37   0.166838E-36   0.333981E-36   0.668621E-36   0.133724E-35   0.267693E-35   0.535424E-35   0.107145E-34   0.214425E-34   0.428881E-34   0.858062E-34   0.171528E-33   0.343008E-33   0.197437E-27   0.136972E-32   0.637641E-13   0.758183E-14   0.490590E-15   0.770993E-17   0.974648E-20   0.662798E-23   0.529847E-26   0.772169E-26   0.126765E-25
   0.233333E+01   0.415523E-37   0.882884E-37   0.186921E-36   0.392168E-36   0.815676E-36   0.168472E-35   0.342831E-35   0.700219E-35   0.142413E-34   0.288732E-34   0.583707E-34   0.117698E-33   0.236576E-33   0.473213E-33   0.939348E-33   0.170869E-25   0.355941E-32   0.544731E-11   0.645006E-12   0.415720E-13   0.651009E-15   0.820610E-18   0.559496E-21   0.454770E-24   0.663860E-24   0.108796E-23
   0.233333E+01   0.118620E-35   0.267844E-35   0.596954E-35   0.130210E-34   0.279126E-34   0.590046E-34   0.121661E-33   0.252037E-33   0.518399E-33   0.106016E-32   0.215802E-32   0.437428E-32   0.882034E-32   0.176530E-31   0.349114E-31   0.295344E-24   0.128330E-30   0.805567E-10   0.929440E-11   0.599212E-12   0.941983E-14   0.120405E-16   0.821593E-20   0.727949E-23   0.108004E-22   0.162330E-22
   0.233333E+01   0.118107E-33   0.269141E-33   0.604223E-33   0.132546E-32   0.285397E-32   0.605409E-32   0.125152E-31   0.259835E-31   0.535355E-31   0.109633E-30   0.223403E-30   0.453217E-30   0.914460E-30   0.183102E-29   0.362199E-29   0.545031E-24   0.133086E-28   0.138414E-09   0.158971E-10   0.102626E-11   0.161415E-13   0.206562E-16   0.140998E-19   0.130978E-22   0.193024E-22   0.277583E-22
   0.233333E+01   0.345563E-32   0.795602E-32   0.180108E-31   0.397762E-31   0.861112E-31   0.183462E-30   0.380579E-30   0.792337E-30   0.163603E-29   0.335455E-29   0.682837E-29   0.137596E-28   0.272878E-28   0.529093E-28   0.997148E-28   0.185831E-24   0.322004E-27   0.414981E-10   0.467265E-11   0.300498E-12   0.472876E-14   0.610719E-17   0.418255E-20   0.423770E-23   0.623235E-23   0.829334E-23
   0.233333E+01   0.287067E-30   0.494747E-30   0.830048E-30   0.136686E-29   0.222460E-29   0.359324E-29   0.577165E-29   0.924493E-29   0.147722E-28   0.235625E-28   0.375344E-28   0.597312E-28   0.949783E-28   0.150927E-27   0.239702E-27   0.178725E-24   0.603824E-27   0.398399E-10   0.448585E-11   0.288485E-12   0.453974E-14   0.586312E-17   0.401541E-20   0.406879E-23   0.598387E-23   0.796186E-23
   0.233333E+01   0.205388E-37   0.410600E-37   0.821259E-37   0.164217E-36   0.328457E-36   0.657148E-36   0.131345E-35   0.262765E-35   0.525531E-35   0.105106E-34   0.210242E-34   0.420274E-34   0.840789E-34   0.168158E-33   0.336267E-33   0.617834E-32   0.134488E-32   0.199530E-17   0.237233E-18   0.153497E-19   0.241257E-21   0.304952E-24   0.207380E-27   0.166114E-30   0.242533E-30   0.398045E-30
   0.233333E+01   0.206240E-37   0.412393E-37   0.824080E-37   0.164781E-36   0.329444E-36   0.658371E-36   0.131674E-35   0.263160E-35   0.526170E-35   0.105226E-34   0.210363E-34   0.420695E-34   0.841330E-34   0.168218E-33   0.336315E-33   0.760550E-30   0.134536E-32   0.245560E-15   0.291958E-16   0.188882E-17   0.296780E-19   0.375014E-22   0.255134E-25   0.204222E-28   0.297654E-28   0.488598E-28
   0.233333E+01   0.291743E-37   0.571085E-37   0.110837E-36   0.214199E-36   0.413821E-36   0.801311E-36   0.155598E-35   0.303278E-35   0.593352E-35   0.116534E-34   0.229441E-34   0.453135E-34   0.896520E-34   0.177739E-33   0.352590E-33   0.666591E-28   0.139274E-32   0.206493E-13   0.242255E-14   0.155225E-15   0.242402E-17   0.307343E-20   0.209995E-23   0.174503E-26   0.255396E-26   0.415641E-26
   0.233333E+01   0.335228E-33   0.627510E-33   0.112835E-32   0.197188E-32   0.338289E-32   0.573622E-32   0.964342E-32   0.161898E-31   0.271790E-31   0.457411E-31   0.773258E-31   0.131453E-30   0.224639E-30   0.385168E-30   0.660440E-30   0.351852E-24   0.191127E-29   0.944232E-10   0.109052E-10   0.704301E-12   0.110750E-13   0.141404E-16   0.964433E-20   0.863355E-23   0.127894E-22   0.189804E-22
   0.233333E+01   0.274280E-31   0.517124E-31   0.935181E-31   0.164172E-30   0.282661E-30   0.480662E-30   0.809883E-30   0.136209E-29   0.228983E-29   0.385791E-29   0.652741E-29   0.111038E-28   0.189846E-28   0.325628E-28   0.558475E-28   0.427583E-24   0.161629E-27   0.112547E-09   0.129940E-10   0.839634E-12   0.132040E-13   0.168567E-16   0.114964E-19   0.104379E-22   0.153954E-22   0.225943E-22
   0.233333E+01   0.314108E-31   0.512953E-31   0.829397E-31   0.133327E-30   0.213595E-30   0.341477E-30   0.545143E-30   0.869754E-30   0.138708E-29   0.221171E-29   0.352645E-29   0.562276E-29   0.896467E-29   0.142899E-28   0.227694E-28   0.174376E-25   0.577048E-28   0.383200E-11   0.430473E-12   0.276612E-13   0.435239E-15   0.562764E-18   0.385596E-21   0.394445E-24   0.579967E-24   0.766225E-24
   0.233333E+01   0.384804E-30   0.610832E-30   0.969547E-30   0.153884E-29   0.244232E-29   0.387615E-29   0.615160E-29   0.976262E-29   0.154929E-28   0.245860E-28   0.390144E-28   0.619072E-28   0.982267E-28   0.155841E-27   0.247223E-27   0.183814E-24   0.621894E-27   0.410423E-10   0.462252E-11   0.297303E-12   0.467857E-14   0.604158E-17   0.413740E-20   0.418754E-23   0.616404E-23   0.820151E-23
   0.233333E+01   0.460672E-35   0.813362E-35   0.140343E-34   0.238007E-34   0.398845E-34   0.663053E-34   0.109582E-33   0.180806E-33   0.298197E-33   0.492511E-33   0.815905E-33   0.135732E-32   0.226821E-32   0.380518E-32   0.639852E-32   0.150439E-25   0.180625E-31   0.485950E-11   0.577911E-12   0.373981E-13   0.587787E-15   0.743156E-18   0.505410E-21   0.404031E-24   0.588830E-24   0.966687E-24
   0.233333E+01   0.958690E-35   0.170417E-34   0.295582E-34   0.503238E-34   0.845702E-34   0.140862E-33   0.233059E-33   0.384692E-33   0.634292E-33   0.104667E-32   0.173132E-32   0.287401E-32   0.478940E-32   0.800688E-32   0.134066E-31   0.324054E-25   0.374063E-31   0.104433E-10   0.124127E-11   0.802756E-13   0.126084E-14   0.159204E-17   0.108368E-20   0.869468E-24   0.126758E-23   0.208015E-23
   0.233333E+01   0.455876E-33   0.815928E-33   0.142268E-32   0.243187E-32   0.409885E-32   0.684118E-32   0.113333E-31   0.187183E-31   0.308624E-31   0.508958E-31   0.840872E-31   0.139340E-30   0.231654E-30   0.386120E-30   0.644098E-30   0.123929E-23   0.177835E-29   0.384652E-09   0.452316E-10   0.291151E-11   0.456589E-13   0.579434E-16   0.394690E-19   0.324807E-22   0.476135E-22   0.777103E-22
   0.233333E+01   0.101693E-28   0.183315E-28   0.321453E-28   0.551955E-28   0.933629E-28   0.156268E-27   0.259460E-27   0.429284E-27   0.708782E-27   0.117014E-26   0.193489E-26   0.320838E-26   0.533664E-26   0.889838E-26   0.148475E-25   0.167840E-20   0.410042E-25   0.546694E-06   0.649908E-07   0.420086E-08   0.659533E-10   0.832343E-13   0.565394E-16   0.448767E-19   0.653526E-19   0.108016E-18
   0.233333E+01   0.706584E-28   0.114877E-27   0.185218E-27   0.297138E-27   0.475211E-27   0.758492E-27   0.120899E-26   0.192548E-26   0.306483E-26   0.487653E-26   0.775740E-26   0.123384E-25   0.196220E-25   0.312004E-25   0.495990E-25   0.411441E-22   0.125202E-24   0.103772E-07   0.119194E-08   0.768974E-10   0.120930E-11   0.154774E-14   0.105659E-17   0.982604E-21   0.144659E-20   0.207778E-20
   0.233333E+01   0.156238E-29   0.247853E-29   0.393208E-29   0.623837E-29   0.989779E-29   0.157043E-28   0.249179E-28   0.395375E-28   0.627345E-28   0.995405E-28   0.157936E-27   0.250581E-27   0.397547E-27   0.630663E-27   0.100037E-26   0.740713E-24   0.251600E-26   0.169919E-09   0.192367E-10   0.123713E-11   0.194579E-13   0.250721E-16   0.171589E-19   0.169894E-22   0.249576E-22   0.339974E-22
   0.233333E+01   0.151430E-27   0.240158E-27   0.380916E-27   0.604231E-27   0.958539E-27   0.152070E-26   0.241267E-26   0.382794E-26   0.607350E-26   0.963634E-26   0.152890E-25   0.242566E-25   0.384822E-25   0.610460E-25   0.968306E-25   0.800983E-22   0.243524E-24   0.208974E-07   0.241184E-08   0.155779E-09   0.244987E-11   0.312852E-14   0.213388E-17   0.194234E-20   0.286261E-20   0.418062E-20
   0.233333E+01   0.000000E+00   0.000000E+00   0.000000E+00   0.000000E+00   0.000000E+00   0.000000E+00   0.000000E+00   0.000000E+00   0.000000E+00   0.000000E+00   0.000000E+00   0.000000E+00   0.000000E+00   0.000000E+00   0.000000E+00   0.000000E+00   0.000000E+00   0.000000E+00   0.000000E+00   0.000000E+00   0.000000E+00   0.000000E+00   0.000000E+00   0.000000E+00   0.000000E+00   0.000000E+00
   0.233333E+01   0.232976E-26   0.465143E-26   0.928966E-26   0.185580E-25   0.370817E-25   0.741085E-25   0.148129E-24   0.296118E-24   0.592012E-24   0.118367E-23   0.236677E-23   0.473263E-23   0.946383E-23   0.189254E-22   0.378471E-22   0.281903E-21   0.151367E-21   0.767495E-07   0.954359E-08   0.610663E-09   0.955460E-11   0.119002E-13   0.804570E-17   0.245756E-19   0.510265E-19   0.877111E-19
   0.250000E+01   0.218750E-25   0.437500E-25   0.875000E-25   0.175000E-24   0.350000E-24   0.700000E-24   0.140000E-23   0.280000E-23   0.560000E-23   0.112000E-22   0.224000E-22   0.447373E-22   0.895086E-22   0.179200E-21   0.358182E-21   0.716800E-21   0.219413E-20   0.211073E-06   0.608480E-07   0.726854E-08   0.916282E-10   0.159569E-12   0.554990E-17   0.179304E-18   0.367014E-18   0.834749E-18
   0.250000E+01   0.817739E-36   0.163540E-35   0.327075E-35   0.654159E-35   0.130831E-34   0.261665E-34   0.523327E-34   0.104665E-33   0.209328E-33   0.418658E-33   0.837320E-33   0.161852E-34   0.322024E-34   0.641696E-34   0.127906E-33   0.267942E-31   0.229705E-31   0.559095E-17   0.154750E-17   0.170636E-18   0.226068E-20   0.401287E-23   0.144438E-27   0.175973E-30   0.439356E-31   0.142647E-29
   0.250000E+01   0.817740E-36   0.163549E-35   0.327098E-35   0.654193E-35   0.130838E-34   0.261675E-34   0.523355E-34   0.104670E-33   0.209338E-33   0.418679E-33   0.837325E-33   0.613903E-34   0.104435E-33   0.179653E-33   0.312153E-33   0.267940E-31   0.258985E-29   0.630509E-15   0.174513E-15   0.192420E-16   0.254924E-18   0.452538E-21   0.162877E-25   0.583869E-30   0.487717E-29   0.160673E-27
   0.250000E+01   0.817739E-36   0.163549E-35   0.327095E-35   0.654192E-35   0.130838E-34   0.261675E-34   0.523349E-34   0.104670E-33   0.209339E-33   0.418679E-33   0.837313E-33   0.174834E-34   0.342827E-34   0.675640E-34   0.133199E-33   0.267941E-31   0.972439E-31   0.236756E-16   0.655396E-17   0.722748E-18   0.957577E-20   0.170006E-22   0.611958E-27   0.187818E-30   0.184027E-30   0.603901E-29
   0.250000E+01   0.817742E-36   0.163549E-35   0.327095E-35   0.654190E-35   0.130838E-34   0.261675E-34   0.523348E-34   0.104670E-33   0.209340E-33   0.418675E-33   0.837311E-33   0.188002E-33   0.307059E-33   0.504040E-33   0.830321E-33   0.267942E-31   0.981032E-29   0.238884E-14   0.661384E-15   0.729453E-16   0.966537E-18   0.171609E-20   0.617807E-25   0.173355E-29   0.185013E-28   0.609606E-27
   0.250000E+01   0.817756E-36   0.163552E-35   0.327104E-35   0.654210E-35   0.130841E-34   0.261682E-34   0.131543E-35   0.263141E-35   0.526433E-35   0.105234E-34   0.210077E-34   0.162319E-31   0.259811E-31   0.415942E-31   0.664489E-31   0.672294E-33   0.926192E-27   0.225498E-12   0.624329E-13   0.688541E-14   0.912217E-16   0.161925E-18   0.583062E-23   0.147672E-27   0.174801E-26   0.575895E-25
   0.250000E+01   0.228266E-37   0.457943E-37   0.918061E-37   0.183918E-36   0.368423E-36   0.737881E-36   0.147501E-35   0.295303E-35   0.590832E-35   0.118212E-34   0.236107E-34   0.136727E-29   0.218593E-29   0.349630E-29   0.558138E-29   0.756313E-33   0.719412E-25   0.169697E-10   0.465948E-11   0.507806E-12   0.672790E-14   0.119163E-16   0.434702E-21   0.123307E-25   0.139454E-24   0.435681E-23
   0.250000E+01   0.817731E-36   0.163549E-35   0.327096E-35   0.654183E-35   0.130837E-34   0.261676E-34   0.523348E-34   0.104670E-33   0.209340E-33   0.418683E-33   0.837316E-33   0.222795E-34   0.419304E-34   0.797696E-34   0.152709E-33   0.267941E-31   0.370148E-30   0.901310E-16   0.249537E-16   0.275218E-17   0.364667E-19   0.647462E-22   0.233091E-26   0.231258E-30   0.698680E-30   0.230012E-28
   0.250000E+01   0.817739E-36   0.163547E-35   0.327092E-35   0.654192E-35   0.130837E-34   0.261674E-34   0.523354E-34   0.104670E-33   0.209338E-33   0.418679E-33   0.837316E-33   0.633911E-33   0.102089E-32   0.164697E-32   0.265641E-32   0.267944E-31   0.352672E-28   0.858848E-14   0.237817E-14   0.262327E-15   0.347610E-17   0.617234E-20   0.222236E-24   0.578858E-29   0.665573E-28   0.219313E-26
   0.250000E+01   0.817777E-36   0.412422E-37   0.824492E-37   0.164992E-36   0.329938E-36   0.660158E-36   0.131956E-35   0.263950E-35   0.527938E-35   0.105565E-34   0.210754E-34   0.559989E-31   0.896792E-31   0.143630E-30   0.229530E-30   0.674557E-33   0.319848E-26   0.777258E-12   0.215136E-12   0.237169E-13   0.314095E-15   0.557187E-18   0.200677E-22   0.510232E-27   0.604504E-26   0.198691E-24
   0.250000E+01   0.261033E-37   0.527327E-37   0.106547E-36   0.214845E-36   0.432652E-36   0.869819E-36   0.174265E-35   0.349752E-35   0.701385E-35   0.140578E-34   0.281276E-34   0.408467E-29   0.654504E-29   0.104872E-28   0.167651E-28   0.904368E-33   0.185919E-24   0.420358E-10   0.114974E-10   0.124170E-11   0.165317E-13   0.294026E-16   0.107570E-20   0.349390E-25   0.367933E-24   0.109468E-22
   0.250000E+01   0.324976E-36   0.682710E-36   0.143175E-35   0.297379E-35   0.612896E-35   0.125542E-34   0.253182E-34   0.514062E-34   0.104053E-33   0.210093E-33   0.423333E-33   0.117299E-27   0.186724E-27   0.297339E-27   0.472566E-27   0.138196E-31   0.659179E-24   0.128127E-09   0.348831E-10   0.374045E-11   0.503922E-13   0.898866E-16   0.327809E-20   0.120760E-24   0.140062E-23   0.338820E-22
   0.250000E+01   0.980484E-35   0.200746E-34   0.412763E-34   0.843880E-34   0.171749E-33   0.348295E-33   0.696212E-33   0.140465E-32   0.282888E-32   0.568902E-32   0.114279E-31   0.579798E-28   0.920246E-28   0.146149E-27   0.231715E-27   0.369938E-30   0.229969E-24   0.392759E-10   0.106220E-10   0.112182E-11   0.151916E-13   0.271901E-16   0.100111E-20   0.396437E-25   0.547653E-24   0.105280E-22
   0.250000E+01   0.817736E-36   0.163548E-35   0.327094E-35   0.654187E-35   0.130837E-34   0.261675E-34   0.523355E-34   0.104670E-33   0.209340E-33   0.418678E-33   0.837313E-33   0.327581E-34   0.587230E-34   0.106697E-33   0.195677E-33   0.267940E-31   0.965834E-30   0.235203E-15   0.651278E-16   0.718392E-17   0.951939E-19   0.169030E-21   0.608589E-26   0.326189E-30   0.182355E-29   0.600593E-28
   0.250000E+01   0.817739E-36   0.163547E-35   0.327096E-35   0.654180E-35   0.130838E-34   0.261676E-34   0.523347E-34   0.104671E-33   0.209340E-33   0.418682E-33   0.837319E-33   0.158539E-32   0.254506E-32   0.408869E-32   0.655902E-32   0.671235E-33   0.893260E-28   0.217552E-13   0.602492E-14   0.664671E-15   0.880816E-17   0.156415E-19   0.563240E-24   0.144093E-28   0.168704E-27   0.555901E-26
   0.250000E+01   0.207886E-37   0.416066E-37   0.832897E-37   0.166638E-36   0.333370E-36   0.666976E-36   0.133376E-35   0.266847E-35   0.533806E-35   0.106754E-34   0.213161E-34   0.188611E-30   0.302204E-30   0.484203E-30   0.774031E-30   0.682261E-33   0.106791E-25   0.258596E-11   0.714635E-12   0.787382E-13   0.104190E-14   0.184566E-17   0.665849E-22   0.171428E-26   0.203188E-25   0.661785E-24
   0.250000E+01   0.356968E-37   0.731246E-37   0.149846E-36   0.305652E-36   0.621014E-36   0.125830E-35   0.252712E-35   0.509676E-35   0.102608E-34   0.206323E-34   0.413970E-34   0.116998E-28   0.187567E-28   0.300661E-28   0.480796E-28   0.133236E-32   0.371388E-24   0.788609E-10   0.214990E-10   0.230558E-11   0.309269E-13   0.551476E-16   0.201690E-20   0.716831E-25   0.753132E-24   0.207698E-22
   0.250000E+01   0.994408E-36   0.211423E-35   0.448459E-35   0.939894E-35   0.195110E-34   0.401949E-34   0.812516E-34   0.165570E-33   0.336097E-33   0.680181E-33   0.137312E-32   0.155961E-27   0.247783E-27   0.393855E-27   0.624911E-27   0.445417E-31   0.728724E-24   0.140620E-09   0.382809E-10   0.409973E-11   0.552926E-13   0.986296E-16   0.359742E-20   0.132906E-24   0.157809E-23   0.372082E-22
   0.250000E+01   0.268367E-34   0.575781E-34   0.123077E-33   0.259532E-33   0.541379E-33   0.111960E-32   0.226876E-32   0.463445E-32   0.942585E-32   0.191049E-31   0.386163E-31   0.634230E-28   0.100685E-27   0.159945E-27   0.253675E-27   0.125604E-29   0.249773E-24   0.425692E-10   0.115118E-10   0.121422E-11   0.164584E-13   0.294586E-16   0.108494E-20   0.430561E-25   0.597629E-24   0.114160E-22
   0.250000E+01   0.322113E-32   0.681821E-32   0.144353E-31   0.302264E-31   0.627232E-31   0.129209E-30   0.260981E-30   0.531915E-30   0.107998E-29   0.218602E-29   0.441324E-29   0.687862E-28   0.112866E-27   0.186381E-27   0.308812E-27   0.133084E-27   0.236028E-24   0.401224E-10   0.108494E-10   0.114415E-11   0.155091E-13   0.277604E-16   0.102253E-20   0.406202E-25   0.565052E-24   0.107621E-22
   0.250000E+01   0.817733E-36   0.163548E-35   0.327091E-35   0.654196E-35   0.130838E-34   0.261676E-34   0.523348E-34   0.104670E-33   0.209340E-33   0.418680E-33   0.837352E-33   0.634067E-36   0.119647E-35   0.232315E-35   0.452318E-35   0.672342E-33   0.735253E-32   0.178958E-17   0.495678E-18   0.546811E-19   0.724510E-21   0.128664E-23   0.482487E-28   0.173556E-30   0.140288E-31   0.456862E-30
   0.250000E+01   0.208342E-37   0.417447E-37   0.836541E-37   0.167508E-36   0.335439E-36   0.671395E-36   0.134411E-35   0.269066E-35   0.538433E-35   0.107709E-34   0.215539E-34   0.506784E-32   0.811973E-32   0.130093E-31   0.207959E-31   0.688809E-33   0.286902E-27   0.698807E-13   0.193554E-13   0.213553E-14   0.283010E-16   0.502580E-19   0.181002E-23   0.459417E-28   0.542259E-27   0.178681E-25
   0.250000E+01   0.468919E-37   0.100408E-36   0.214110E-36   0.451507E-36   0.943123E-36   0.195461E-35   0.398643E-35   0.815944E-35   0.166243E-34   0.337459E-34   0.683058E-34   0.450973E-30   0.722936E-30   0.115876E-29   0.185291E-29   0.212955E-32   0.248607E-25   0.597904E-11   0.164744E-11   0.181006E-12   0.239555E-14   0.423905E-17   0.153570E-21   0.408040E-26   0.478507E-25   0.153284E-23
   0.250000E+01   0.140761E-35   0.318582E-35   0.711350E-35   0.155394E-34   0.333510E-34   0.705675E-34   0.145615E-33   0.301845E-33   0.621143E-33   0.127076E-32   0.258731E-32   0.244053E-28   0.391353E-28   0.627411E-28   0.100338E-27   0.799540E-31   0.409760E-24   0.849599E-10   0.231723E-10   0.249071E-11   0.335013E-13   0.597167E-16   0.217517E-20   0.780517E-25   0.835275E-24   0.223875E-22
   0.250000E+01   0.141292E-33   0.322633E-33   0.725491E-33   0.159357E-32   0.343493E-32   0.729267E-32   0.150867E-31   0.313392E-31   0.645983E-31   0.132333E-30   0.269716E-30   0.173035E-27   0.274926E-27   0.437128E-27   0.693933E-27   0.835192E-29   0.759349E-24   0.146562E-09   0.399037E-10   0.427461E-11   0.576466E-13   0.102823E-15   0.374971E-20   0.138433E-24   0.166890E-23   0.387797E-22
   0.250000E+01   0.434743E-32   0.100311E-31   0.227480E-31   0.503094E-31   0.109039E-30   0.232523E-30   0.482731E-30   0.100559E-29   0.207701E-29   0.425680E-29   0.864447E-29   0.863616E-28   0.143580E-27   0.239131E-27   0.396733E-27   0.217006E-27   0.271844E-24   0.461407E-10   0.124778E-10   0.131288E-11   0.178312E-13   0.319169E-16   0.117581E-20   0.467691E-25   0.651724E-24   0.123795E-22
   0.250000E+01   0.330053E-30   0.561831E-30   0.934318E-30   0.152923E-29   0.247825E-29   0.399075E-29   0.639658E-29   0.102289E-28   0.163242E-28   0.260135E-28   0.414086E-28   0.132053E-27   0.209764E-27   0.333318E-27   0.528643E-27   0.419040E-27   0.261483E-24   0.442955E-10   0.119788E-10   0.126037E-11   0.171182E-13   0.306407E-16   0.112879E-20   0.448951E-25   0.625667E-24   0.118846E-22
   0.250000E+01   0.205344E-37   0.410659E-37   0.821142E-37   0.164252E-36   0.328504E-36   0.656819E-36   0.131383E-35   0.262747E-35   0.525531E-35   0.105099E-34   0.210167E-34   0.658107E-36   0.125659E-35   0.246760E-35   0.464348E-35   0.672486E-33   0.924301E-32   0.225062E-17   0.623301E-18   0.687849E-19   0.911491E-21   0.161854E-23   0.607125E-28   0.173821E-30   0.174806E-31   0.576789E-30
   0.250000E+01   0.206564E-37   0.412892E-37   0.825080E-37   0.164910E-36   0.329609E-36   0.658747E-36   0.131749E-35   0.263273E-35   0.526433E-35   0.105204E-34   0.210393E-34   0.209843E-34   0.338558E-34   0.546001E-34   0.881298E-34   0.672823E-33   0.115272E-29   0.280645E-15   0.777255E-16   0.857414E-17   0.113605E-18   0.201667E-21   0.726400E-26   0.356370E-30   0.218093E-29   0.718180E-28
   0.250000E+01   0.317428E-37   0.616547E-37   0.118654E-36   0.227517E-36   0.436438E-36   0.838974E-36   0.161955E-35   0.314092E-35   0.611520E-35   0.119633E-34   0.234828E-34   0.195080E-32   0.312899E-32   0.501759E-32   0.802658E-32   0.708212E-33   0.996137E-28   0.232359E-13   0.637442E-14   0.691327E-15   0.917653E-17   0.162579E-19   0.594746E-24   0.180587E-28   0.194977E-27   0.600633E-26
   0.250000E+01   0.398418E-33   0.737190E-33   0.131527E-32   0.228754E-32   0.391402E-32   0.662983E-32   0.111478E-31   0.187387E-31   0.315267E-31   0.532151E-31   0.902658E-31   0.590936E-28   0.944429E-28   0.150931E-27   0.240656E-27   0.131782E-29   0.483445E-24   0.987628E-10   0.269501E-10   0.289438E-11   0.390327E-13   0.695508E-16   0.252956E-20   0.909246E-25   0.992720E-24   0.260188E-22
   0.250000E+01   0.326383E-31   0.608262E-31   0.109145E-30   0.190690E-30   0.327448E-30   0.556236E-30   0.937400E-30   0.157851E-29   0.265948E-29   0.449398E-29   0.762941E-29   0.145270E-27   0.232187E-27   0.371571E-27   0.593837E-27   0.111561E-27   0.587564E-24   0.117664E-09   0.321012E-10   0.344646E-11   0.465003E-13   0.828578E-16   0.301350E-20   0.109025E-24   0.127184E-23   0.310252E-22
   0.250000E+01   0.358562E-31   0.582609E-31   0.939169E-31   0.150686E-30   0.241102E-30   0.385117E-30   0.614433E-30   0.979836E-30   0.156204E-29   0.248984E-29   0.396858E-29   0.129900E-28   0.206606E-28   0.328763E-28   0.522163E-28   0.406986E-28   0.258023E-25   0.429932E-11   0.116160E-11   0.121937E-12   0.165673E-14   0.296672E-17   0.109490E-21   0.443264E-26   0.628735E-25   0.115651E-23
   0.250000E+01   0.422829E-30   0.671162E-30   0.106528E-29   0.169075E-29   0.268338E-29   0.425870E-29   0.675868E-29   0.107260E-28   0.170217E-28   0.270119E-28   0.428638E-28   0.135829E-27   0.215576E-27   0.342339E-27   0.542704E-27   0.430811E-27   0.268561E-24   0.455834E-10   0.123286E-10   0.129753E-11   0.176219E-13   0.315408E-16   0.116171E-20   0.461253E-25   0.641180E-24   0.122292E-22
   0.250000E+01   0.547926E-35   0.963046E-35   0.165623E-34   0.280276E-34   0.469086E-34   0.779387E-34   0.128806E-33   0.212630E-33   0.351017E-33   0.580530E-33   0.963254E-33   0.376225E-30   0.603036E-30   0.966468E-30   0.154526E-29   0.126685E-31   0.210398E-25   0.512510E-11   0.141973E-11   0.156664E-12   0.207636E-14   0.368778E-17   0.132824E-21   0.335883E-26   0.397954E-25   0.131126E-23
   0.250000E+01   0.119417E-34   0.211323E-34   0.365342E-34   0.620709E-34   0.104188E-33   0.173459E-33   0.287026E-33   0.474081E-33   0.782585E-33   0.129345E-32   0.214356E-32   0.848126E-30   0.136019E-29   0.218090E-29   0.348821E-29   0.277585E-31   0.474581E-25   0.115310E-10   0.319187E-11   0.352051E-12   0.466274E-14   0.827188E-17   0.297937E-21   0.759048E-26   0.899417E-25   0.295341E-23
   0.250000E+01   0.533351E-33   0.950355E-33   0.165180E-32   0.281786E-32   0.474435E-32   0.791606E-32   0.131180E-31   0.216850E-31   0.358054E-31   0.591626E-31   0.979713E-31   0.391675E-28   0.628503E-28   0.100818E-27   0.161309E-27   0.125353E-29   0.170727E-23   0.399930E-09   0.109524E-09   0.119343E-10   0.159329E-12   0.283022E-15   0.102601E-19   0.323533E-24   0.333962E-23   0.103628E-21
   0.250000E+01   0.113423E-28   0.203553E-28   0.355805E-28   0.609721E-28   0.103024E-27   0.172385E-27   0.286308E-27   0.474126E-27   0.783950E-27   0.129677E-26   0.214925E-26   0.370958E-24   0.590443E-24   0.940139E-24   0.149409E-23   0.275549E-25   0.220689E-20   0.542827E-06   0.150254E-06   0.165792E-07   0.219326E-09   0.389013E-12   0.139882E-16   0.464669E-21   0.425870E-20   0.137764E-18
   0.250000E+01   0.763440E-28   0.123765E-27   0.199188E-27   0.319171E-27   0.510038E-27   0.813623E-27   0.129635E-26   0.206400E-26   0.328457E-26   0.522526E-26   0.831091E-26   0.270019E-25   0.428760E-25   0.681255E-25   0.108059E-24   0.843580E-25   0.579369E-22   0.110391E-07   0.300297E-08   0.321871E-09   0.433586E-11   0.773459E-14   0.282316E-18   0.105159E-22   0.130442E-21   0.292076E-20
   0.250000E+01   0.174798E-29   0.277284E-29   0.439883E-29   0.697869E-29   0.110721E-28   0.175673E-28   0.278735E-28   0.442266E-28   0.701742E-28   0.111344E-27   0.176664E-27   0.560987E-27   0.889801E-27   0.141232E-26   0.223801E-26   0.177471E-26   0.109007E-23   0.188192E-09   0.509139E-10   0.539000E-11   0.728782E-13   0.130346E-15   0.479737E-20   0.190246E-24   0.263069E-23   0.503848E-22
   0.250000E+01   0.157178E-27   0.249261E-27   0.395338E-27   0.627086E-27   0.994771E-27   0.157815E-26   0.250377E-26   0.397243E-26   0.630268E-26   0.999989E-26   0.158657E-25   0.504086E-25   0.799528E-25   0.126901E-24   0.201089E-24   0.159362E-24   0.110479E-21   0.218895E-07   0.596816E-08   0.642711E-09   0.864436E-11   0.154063E-13   0.560533E-18   0.203408E-22   0.239926E-21   0.576353E-20
   0.250000E+01   0.000000E+00   0.000000E+00   0.000000E+00   0.000000E+00   0.000000E+00   0.000000E+00   0.000000E+00   0.000000E+00   0.000000E+00   0.000000E+00   0.000000E+00   0.000000E+00   0.000000E+00   0.000000E+00   0.000000E+00   0.000000E+00   0.000000E+00   0.000000E+00   0.000000E+00   0.000000E+00   0.000000E+00   0.000000E+00   0.000000E+00   0.000000E+00   0.000000E+00   0.000000E+00
   0.250000E+01   0.233089E-26   0.465322E-26   0.929252E-26   0.185626E-25   0.370890E-25   0.741200E-25   0.148147E-24   0.296147E-24   0.592059E-24   0.118374E-23   0.236689E-23   0.476208E-23   0.951154E-23   0.190166E-22   0.379690E-22   0.756896E-22   0.441326E-21   0.730806E-07   0.204712E-07   0.231499E-08   0.301674E-10   0.532067E-13   0.189438E-17   0.189711E-19   0.391509E-19   0.101039E-18
   0.266667E+01   0.218750E-25   0.437500E-25   0.875000E-25   0.175000E-24   0.350000E-24   0.700000E-24   0.140000E-23   0.280000E-23   0.560000E-23   0.112000E-22   0.224000E-22   0.447366E-22   0.895079E-22   0.179200E-21   0.358183E-21   0.716800E-21   0.213553E-20   0.160953E-06   0.108316E-06   0.979526E-08   0.217107E-09   0.725245E-12   0.158014E-16   0.165523E-18   0.367041E-18   0.834766E-18
   0.266667E+01   0.817739E-36   0.163540E-35   0.327075E-35   0.654159E-35   0.130831E-34   0.261665E-34   0.523327E-34   0.104665E-33   0.209328E-33   0.418658E-33   0.837320E-33   0.162240E-34   0.322562E-34   0.643381E-34   0.128099E-33   0.267942E-31   0.361578E-31   0.540967E-17   0.356159E-17   0.291310E-18   0.679836E-20   0.231410E-22   0.520752E-27   0.203385E-30   0.179620E-30   0.185038E-29
   0.266667E+01   0.817740E-36   0.163549E-35   0.327098E-35   0.654193E-35   0.130838E-34   0.261675E-34   0.523355E-34   0.104670E-33   0.209338E-33   0.418679E-33   0.837325E-33   0.684751E-34   0.115798E-33   0.197865E-33   0.341049E-33   0.267940E-31   0.408048E-29   0.610538E-15   0.401957E-15   0.328773E-16   0.767260E-18   0.261181E-20   0.587705E-25   0.325056E-29   0.201810E-28   0.208643E-27
   0.266667E+01   0.817739E-36   0.163549E-35   0.327095E-35   0.654192E-35   0.130838E-34   0.261675E-34   0.523349E-34   0.104670E-33   0.209339E-33   0.418679E-33   0.837313E-33   0.177386E-34   0.347033E-34   0.682020E-34   0.134426E-33   0.267941E-31   0.152918E-30   0.228808E-16   0.150663E-16   0.123248E-17   0.287645E-19   0.979240E-22   0.220378E-26   0.291395E-30   0.757548E-30   0.782601E-29
   0.266667E+01   0.817742E-36   0.163549E-35   0.327095E-35   0.654190E-35   0.130838E-34   0.261675E-34   0.523348E-34   0.104670E-33   0.209340E-33   0.418675E-33   0.837311E-33   0.214371E-33   0.349329E-33   0.571809E-33   0.938350E-33   0.267942E-31   0.154361E-28   0.230979E-14   0.152117E-14   0.124453E-15   0.290482E-17   0.988974E-20   0.222597E-24   0.118223E-28   0.764508E-28   0.790453E-27
   0.266667E+01   0.817756E-36   0.163552E-35   0.327104E-35   0.654210E-35   0.130841E-34   0.261682E-34   0.131618E-35   0.263198E-35   0.526433E-35   0.105249E-34   0.210077E-34   0.187218E-31   0.299748E-31   0.479988E-31   0.766716E-31   0.672294E-33   0.145785E-26   0.218100E-12   0.143636E-12   0.117509E-13   0.274239E-15   0.933494E-18   0.210130E-22   0.110083E-26   0.722548E-26   0.746920E-25
   0.266667E+01   0.230588E-37   0.462557E-37   0.927406E-37   0.185869E-36   0.372279E-36   0.745593E-36   0.149119E-35   0.298369E-35   0.597076E-35   0.119445E-34   0.238605E-34   0.156019E-29   0.249507E-29   0.399167E-29   0.637143E-29   0.764642E-33   0.111771E-24   0.162959E-10   0.106331E-10   0.861613E-12   0.200416E-13   0.681417E-16   0.155445E-20   0.859040E-25   0.559895E-24   0.558652E-23
   0.266667E+01   0.817737E-36   0.163548E-35   0.327097E-35   0.654188E-35   0.130838E-34   0.261675E-34   0.523351E-34   0.104669E-33   0.209339E-33   0.418678E-33   0.837314E-33   0.232497E-34   0.435354E-34   0.823576E-34   0.156751E-33   0.267941E-31   0.581192E-30   0.869663E-16   0.572735E-16   0.468573E-17   0.109367E-18   0.372350E-21   0.838075E-26   0.614579E-30   0.287906E-29   0.297611E-28
   0.266667E+01   0.817740E-36   0.163549E-35   0.327097E-35   0.654192E-35   0.130837E-34   0.261677E-34   0.523355E-34   0.104670E-33   0.209339E-33   0.418676E-33   0.837316E-33   0.727618E-33   0.117124E-32   0.188809E-32   0.304117E-32   0.267941E-31   0.554252E-28   0.829387E-14   0.546296E-14   0.447002E-15   0.104340E-16   0.355262E-19   0.799722E-24   0.420194E-28   0.274688E-27   0.284019E-26
   0.266667E+01   0.817790E-36   0.412540E-37   0.825432E-37   0.165075E-36   0.330126E-36   0.660111E-36   0.132088E-35   0.264063E-35   0.528277E-35   0.105633E-34   0.210889E-34   0.644942E-31   0.103314E-30   0.165504E-30   0.264456E-30   0.675038E-33   0.502571E-26   0.750702E-12   0.494250E-12   0.404212E-13   0.942995E-15   0.320833E-17   0.722123E-22   0.379176E-26   0.249471E-25   0.257276E-24
   0.266667E+01   0.265574E-37   0.536848E-37   0.108516E-36   0.218983E-36   0.440951E-36   0.887028E-36   0.177725E-35   0.356805E-35   0.715791E-35   0.143452E-34   0.287039E-34   0.458920E-29   0.735555E-29   0.117885E-28   0.188433E-28   0.923291E-33   0.284421E-24   0.399549E-10   0.259450E-10   0.208296E-11   0.487018E-13   0.166203E-15   0.380053E-20   0.211992E-24   0.144563E-23   0.138445E-22
   0.266667E+01   0.334804E-36   0.703407E-36   0.147530E-35   0.306447E-35   0.631605E-35   0.129379E-34   0.260929E-34   0.529811E-34   0.107239E-33   0.216536E-33   0.436310E-33   0.122489E-27   0.194981E-27   0.310480E-27   0.493389E-27   0.142438E-31   0.974178E-24   0.118155E-09   0.765634E-10   0.609192E-11   0.144128E-12   0.492962E-15   0.112273E-19   0.624027E-24   0.519642E-23   0.417550E-22
   0.266667E+01   0.105305E-34   0.215607E-34   0.443325E-34   0.906371E-34   0.184469E-33   0.374092E-33   0.747781E-33   0.150870E-32   0.303844E-32   0.611048E-32   0.122745E-31   0.622766E-28   0.988447E-28   0.156981E-27   0.248888E-27   0.397347E-30   0.352122E-24   0.377998E-10   0.243261E-10   0.190426E-11   0.452786E-13   0.155419E-15   0.357321E-20   0.201572E-24   0.201597E-23   0.135374E-22
   0.266667E+01   0.817740E-36   0.163549E-35   0.327097E-35   0.654196E-35   0.130839E-34   0.261676E-34   0.523349E-34   0.104670E-33   0.209340E-33   0.418675E-33   0.837314E-33   0.350745E-34   0.624322E-34   0.112619E-33   0.205061E-33   0.267940E-31   0.149613E-29   0.223882E-15   0.147464E-15   0.120660E-16   0.281645E-18   0.958951E-21   0.215865E-25   0.130556E-29   0.741537E-29   0.766651E-28
   0.266667E+01   0.817737E-36   0.163548E-35   0.327095E-35   0.654190E-35   0.130838E-34   0.261677E-34   0.523354E-34   0.104671E-33   0.209340E-33   0.418678E-33   0.837316E-33   0.180056E-32   0.289050E-32   0.464282E-32   0.732150E-32   0.671523E-33   0.138611E-27   0.207426E-13   0.136647E-13   0.111823E-14   0.261040E-16   0.888860E-19   0.200115E-23   0.104889E-27   0.687421E-27   0.710788E-26
   0.266667E+01   0.208195E-37   0.416801E-37   0.834072E-37   0.166850E-36   0.334005E-36   0.667916E-36   0.133602E-35   0.267336E-35   0.534897E-35   0.106927E-34   0.213537E-34   0.216785E-30   0.347445E-30   0.556816E-30   0.890004E-30   0.683320E-33   0.167370E-25   0.249290E-11   0.163985E-11   0.133982E-12   0.312266E-14   0.106123E-16   0.239261E-21   0.127185E-25   0.833452E-25   0.855023E-24
   0.266667E+01   0.367739E-37   0.754109E-37   0.154625E-36   0.315703E-36   0.642055E-36   0.130160E-35   0.261468E-35   0.527430E-35   0.106227E-34   0.213605E-34   0.428655E-34   0.128919E-28   0.206736E-28   0.331463E-28   0.529990E-28   0.138036E-32   0.558968E-24   0.740579E-10   0.479018E-10   0.382088E-11   0.899809E-13   0.307717E-15   0.702953E-20   0.392289E-24   0.289176E-23   0.259640E-22
   0.266667E+01   0.103787E-35   0.220748E-35   0.468377E-35   0.981882E-35   0.203866E-34   0.420051E-34   0.849217E-34   0.173066E-33   0.351340E-33   0.711074E-33   0.143556E-32   0.161883E-27   0.257188E-27   0.408800E-27   0.648593E-27   0.465790E-31   0.107827E-23   0.129862E-09   0.839788E-10   0.668380E-11   0.158237E-12   0.541221E-15   0.123273E-19   0.685563E-24   0.580040E-23   0.458928E-22
   0.266667E+01   0.292225E-34   0.627209E-34   0.134110E-33   0.282865E-33   0.590163E-33   0.122068E-32   0.247395E-32   0.505410E-32   0.102802E-31   0.208378E-31   0.421212E-31   0.683010E-28   0.108429E-27   0.172249E-27   0.273183E-27   0.137042E-29   0.383178E-24   0.410616E-10   0.263690E-10   0.206488E-11   0.491216E-13   0.168614E-15   0.387742E-20   0.218906E-24   0.220081E-23   0.147013E-22
   0.266667E+01   0.358748E-32   0.760574E-32   0.161231E-31   0.337951E-31   0.701870E-31   0.144681E-30   0.292397E-30   0.596198E-30   0.121091E-29   0.245167E-29   0.495029E-29   0.745121E-28   0.122392E-27   0.202318E-27   0.334696E-27   0.148126E-27   0.362144E-24   0.387258E-10   0.248667E-10   0.194686E-11   0.463157E-13   0.158989E-15   0.365660E-20   0.206484E-24   0.208064E-23   0.138676E-22
   0.266667E+01   0.817737E-36   0.163548E-35   0.327097E-35   0.654190E-35   0.130838E-34   0.261674E-34   0.523348E-34   0.104670E-33   0.209340E-33   0.418677E-33   0.837358E-33   0.661102E-36   0.124456E-35   0.237130E-35   0.461943E-35   0.672294E-33   0.117371E-31   0.175640E-17   0.115703E-17   0.946664E-19   0.221023E-20   0.752577E-23   0.177634E-27   0.184948E-30   0.581096E-31   0.603291E-30
   0.266667E+01   0.209047E-37   0.418917E-37   0.839479E-37   0.168260E-36   0.336920E-36   0.674734E-36   0.135060E-35   0.270458E-35   0.540991E-35   0.108296E-34   0.216697E-34   0.573627E-32   0.919323E-32   0.147325E-31   0.235478E-31   0.692227E-33   0.443148E-27   0.663173E-13   0.436942E-13   0.357603E-14   0.834823E-16   0.284269E-18   0.640080E-23   0.335172E-27   0.219921E-26   0.227400E-25
   0.266667E+01   0.524447E-37   0.113006E-36   0.242275E-36   0.513280E-36   0.107602E-35   0.223621E-35   0.456825E-35   0.936653E-35   0.191103E-34   0.388391E-34   0.786607E-34   0.510527E-30   0.818636E-30   0.131245E-29   0.209842E-29   0.243553E-32   0.383581E-25   0.568072E-11   0.372778E-11   0.303956E-12   0.707375E-14   0.240212E-16   0.544020E-21   0.295407E-25   0.191681E-24   0.195024E-23
   0.266667E+01   0.160861E-35   0.364750E-35   0.815650E-35   0.178389E-34   0.383224E-34   0.811475E-34   0.167551E-33   0.347484E-33   0.715331E-33   0.146388E-32   0.298103E-32   0.261114E-28   0.418807E-28   0.671540E-28   0.107378E-27   0.914220E-31   0.603259E-24   0.780166E-10   0.505411E-10   0.404010E-11   0.953927E-13   0.326021E-15   0.741515E-20   0.411273E-24   0.313237E-23   0.274224E-22
   0.266667E+01   0.162258E-33   0.371123E-33   0.835631E-33   0.183746E-32   0.396403E-32   0.842180E-32   0.174328E-31   0.362288E-31   0.747032E-31   0.153074E-30   0.312040E-30   0.179020E-27   0.284461E-27   0.452337E-27   0.718104E-27   0.958900E-29   0.112282E-23   0.135244E-09   0.874699E-10   0.696342E-11   0.164847E-12   0.563799E-15   0.128394E-19   0.713855E-24   0.606440E-23   0.477941E-22
   0.266667E+01   0.522696E-32   0.120817E-31   0.274368E-31   0.607480E-31   0.131784E-30   0.281234E-30   0.584222E-30   0.121753E-29   0.251494E-29   0.514933E-29   0.104247E-28   0.953187E-28   0.158732E-27   0.264442E-27   0.437405E-27   0.249401E-27   0.417570E-24   0.445795E-10   0.286228E-10   0.223774E-11   0.532973E-13   0.182957E-15   0.420869E-20   0.237755E-24   0.240261E-23   0.159673E-22
   0.266667E+01   0.367225E-30   0.619625E-30   0.102408E-29   0.166908E-29   0.269694E-29   0.433384E-29   0.693645E-29   0.110798E-28   0.176671E-28   0.281354E-28   0.447640E-28   0.142629E-27   0.226531E-27   0.359924E-27   0.570783E-27   0.452458E-27   0.401292E-24   0.427917E-10   0.274754E-10   0.214805E-11   0.511617E-13   0.175626E-15   0.403996E-20   0.228212E-24   0.230570E-23   0.153272E-22
   0.266667E+01   0.205329E-37   0.410688E-37   0.821318E-37   0.164228E-36   0.328504E-36   0.657101E-36   0.131420E-35   0.262803E-35   0.525455E-35   0.105121E-34   0.210167E-34   0.694157E-36   0.132873E-35   0.251575E-35   0.473972E-35   0.672486E-33   0.147121E-31   0.220144E-17   0.145020E-17   0.118689E-18   0.277113E-20   0.943648E-23   0.222811E-27   0.187234E-30   0.736930E-31   0.756265E-30
   0.266667E+01   0.206843E-37   0.413480E-37   0.826196E-37   0.165075E-36   0.330008E-36   0.659264E-36   0.131825E-35   0.263536E-35   0.526847E-35   0.105264E-34   0.210468E-34   0.247072E-34   0.398258E-34   0.642779E-34   0.103552E-33   0.672727E-33   0.185888E-29   0.278050E-15   0.183178E-15   0.149893E-16   0.349851E-18   0.119094E-20   0.268147E-25   0.158228E-29   0.923241E-29   0.954105E-28
   0.266667E+01   0.344773E-37   0.664713E-37   0.126965E-36   0.241658E-36   0.460371E-36   0.879505E-36   0.168782E-35   0.325565E-35   0.631118E-35   0.122966E-34   0.240561E-34   0.226597E-32   0.363546E-32   0.583096E-32   0.932652E-32   0.716542E-33   0.157316E-27   0.227002E-13   0.147690E-13   0.119342E-14   0.277646E-16   0.944352E-19   0.216128E-23   0.130286E-27   0.794425E-27   0.782055E-26
   0.266667E+01   0.451909E-33   0.829407E-33   0.147202E-32   0.255233E-32   0.436055E-32   0.738394E-32   0.124234E-31   0.209131E-31   0.352611E-31   0.596780E-31   0.101514E-30   0.616724E-28   0.985642E-28   0.157514E-27   0.251097E-27   0.148344E-29   0.706297E-24   0.900042E-10   0.583468E-10   0.466397E-11   0.110325E-12   0.376896E-15   0.855867E-20   0.473669E-24   0.367720E-23   0.316524E-22
   0.266667E+01   0.370494E-31   0.684892E-31   0.122250E-30   0.212932E-30   0.365095E-30   0.620000E-30   0.104550E-29   0.176310E-29   0.297689E-29   0.504380E-29   0.858689E-29   0.149506E-27   0.239154E-27   0.383010E-27   0.612251E-27   0.125622E-27   0.858918E-24   0.107251E-09   0.695087E-10   0.555300E-11   0.131424E-12   0.448998E-15   0.101969E-19   0.564514E-24   0.456236E-23   0.377651E-22
   0.266667E+01   0.399025E-31   0.646267E-31   0.103975E-30   0.166617E-30   0.266372E-30   0.425237E-30   0.678166E-30   0.108112E-29   0.172306E-29   0.274584E-29   0.437548E-29   0.142791E-28   0.227071E-28   0.361259E-28   0.573617E-28   0.447863E-28   0.400206E-25   0.419476E-11   0.268955E-11   0.209708E-12   0.499650E-14   0.171616E-16   0.395609E-21   0.224416E-25   0.233436E-24   0.150605E-23
   0.266667E+01   0.455491E-30   0.722985E-30   0.114751E-29   0.182124E-29   0.289047E-29   0.458733E-29   0.728019E-29   0.115536E-28   0.183350E-28   0.290959E-28   0.461707E-28   0.146325E-27   0.232236E-27   0.368796E-27   0.584643E-27   0.464034E-27   0.411611E-24   0.439834E-10   0.282457E-10   0.220897E-11   0.526104E-13   0.180587E-15   0.415302E-20   0.234496E-24   0.236053E-23   0.157522E-22
   0.266667E+01   0.632315E-35   0.110771E-34   0.190065E-34   0.321188E-34   0.537169E-34   0.892348E-34   0.147511E-33   0.243670E-33   0.402680E-33   0.666856E-33   0.110807E-32   0.412217E-30   0.660909E-30   0.105945E-29   0.169373E-29   0.145495E-31   0.314552E-25   0.470743E-11   0.310202E-11   0.253909E-12   0.592805E-14   0.201882E-16   0.454621E-21   0.237383E-25   0.156202E-24   0.161516E-23
   0.266667E+01   0.143990E-34   0.253977E-34   0.438090E-34   0.743299E-34   0.124683E-33   0.207559E-33   0.343569E-33   0.567923E-33   0.938610E-33   0.155368E-32   0.257908E-32   0.970744E-30   0.155727E-29   0.249745E-29   0.399405E-29   0.334043E-31   0.740899E-25   0.110640E-10   0.728675E-11   0.596072E-12   0.139071E-13   0.473176E-16   0.106493E-20   0.560412E-25   0.368653E-24   0.379914E-23
   0.266667E+01   0.604857E-33   0.107428E-32   0.186305E-32   0.317414E-32   0.534111E-32   0.891180E-32   0.147751E-31   0.244476E-31   0.404230E-31   0.669103E-31   0.111017E-30   0.421517E-28   0.676577E-28   0.108553E-27   0.173666E-27   0.142423E-29   0.250579E-23   0.362535E-09   0.236179E-09   0.191388E-10   0.448092E-12   0.152666E-14   0.345911E-19   0.190427E-23   0.126305E-22   0.125223E-21
   0.266667E+01   0.122404E-28   0.218959E-28   0.381889E-28   0.653574E-28   0.110370E-27   0.184678E-27   0.306871E-27   0.508664E-27   0.842233E-27   0.139564E-26   0.231765E-26   0.369064E-24   0.587434E-24   0.935351E-24   0.148634E-23   0.297940E-25   0.311492E-20   0.471595E-06   0.310500E-06   0.254191E-07   0.592412E-09   0.201504E-11   0.452969E-16   0.246421E-20   0.153670E-19   0.160469E-18
   0.266667E+01   0.811690E-28   0.131345E-27   0.211143E-27   0.338072E-27   0.539967E-27   0.861059E-27   0.137158E-26   0.218339E-26   0.347409E-26   0.552619E-26   0.878871E-26   0.285089E-25   0.452668E-25   0.719200E-25   0.114065E-24   0.891482E-25   0.864675E-22   0.102511E-07   0.663139E-08   0.527046E-09   0.124690E-10   0.426599E-13   0.973035E-18   0.542366E-22   0.474374E-21   0.362522E-20
   0.266667E+01   0.193089E-29   0.306288E-29   0.485882E-29   0.770828E-29   0.122294E-28   0.194033E-28   0.307861E-28   0.488477E-28   0.775059E-28   0.122976E-27   0.195119E-27   0.619635E-27   0.982830E-27   0.155998E-26   0.247201E-26   0.196008E-26   0.168878E-23   0.181945E-09   0.116949E-09   0.916854E-11   0.217686E-12   0.746963E-15   0.171880E-19   0.971724E-24   0.980115E-23   0.650767E-22
   0.266667E+01   0.160849E-27   0.255072E-27   0.404541E-27   0.641667E-27   0.101788E-26   0.161478E-26   0.256186E-26   0.406455E-26   0.644878E-26   0.102316E-25   0.162332E-25   0.515808E-25   0.818127E-25   0.129853E-24   0.205767E-24   0.163052E-24   0.161689E-21   0.199825E-07   0.129650E-07   0.103615E-08   0.244783E-10   0.836501E-13   0.190084E-17   0.105285E-21   0.859673E-21   0.703238E-20
   0.266667E+01   0.000000E+00   0.000000E+00   0.000000E+00   0.000000E+00   0.000000E+00   0.000000E+00   0.000000E+00   0.000000E+00   0.000000E+00   0.000000E+00   0.000000E+00   0.000000E+00   0.000000E+00   0.000000E+00   0.000000E+00   0.000000E+00   0.000000E+00   0.000000E+00   0.000000E+00   0.000000E+00   0.000000E+00   0.000000E+00   0.000000E+00   0.000000E+00   0.000000E+00   0.000000E+00
   0.266667E+01   0.233174E-26   0.465457E-26   0.929467E-26   0.185660E-25   0.370944E-25   0.741288E-25   0.148161E-24   0.296169E-24   0.592094E-24   0.118380E-23   0.236698E-23   0.476209E-23   0.951160E-23   0.190168E-22   0.379694E-22   0.756906E-22   0.522411E-21   0.612762E-07   0.405631E-07   0.341485E-08   0.784532E-10   0.265515E-12   0.591889E-17   0.177042E-19   0.402202E-19   0.103221E-18
   0.283333E+01   0.218750E-25   0.437500E-25   0.875000E-25   0.175000E-24   0.350000E-24   0.700000E-24   0.140000E-23   0.280000E-23   0.560000E-23   0.111668E-22   0.224000E-22   0.448000E-22   0.896000E-22   0.179200E-21   0.358400E-21   0.716444E-21   0.143360E-20   0.330455E-10   0.264266E-06   0.145749E-07   0.405574E-09   0.203530E-11   0.202492E-14   0.203099E-19   0.367058E-18   0.834781E-18
   0.283333E+01   0.817739E-36   0.163540E-35   0.327075E-35   0.654159E-35   0.130831E-34   0.261665E-34   0.523327E-34   0.104665E-33   0.209327E-33   0.414121E-35   0.837321E-33   0.167464E-32   0.334927E-32   0.669850E-32   0.133970E-31   0.255841E-33   0.535879E-31   0.128597E-20   0.109570E-16   0.546168E-18   0.156909E-19   0.802152E-22   0.813439E-25   0.135301E-30   0.341498E-30   0.232696E-29
   0.283333E+01   0.817740E-36   0.163549E-35   0.327098E-35   0.654193E-35   0.130838E-34   0.261675E-34   0.523355E-34   0.104670E-33   0.209330E-33   0.271245E-34   0.837357E-33   0.167473E-32   0.334940E-32   0.669880E-32   0.133971E-31   0.638958E-33   0.535882E-31   0.145308E-18   0.123768E-14   0.616924E-16   0.177238E-17   0.906089E-20   0.918829E-23   0.838017E-29   0.384810E-28   0.262652E-27
   0.283333E+01   0.817739E-36   0.163549E-35   0.327095E-35   0.654192E-35   0.130838E-34   0.261675E-34   0.523349E-34   0.104671E-33   0.209330E-33   0.479978E-35   0.837354E-33   0.167472E-32   0.334942E-32   0.669886E-32   0.133970E-31   0.266812E-33   0.535878E-31   0.543447E-20   0.462953E-16   0.230805E-17   0.663150E-19   0.339045E-21   0.343833E-24   0.372975E-30   0.144096E-29   0.983206E-29
   0.283333E+01   0.817742E-36   0.163549E-35   0.327095E-35   0.654190E-35   0.130838E-34   0.261675E-34   0.523348E-34   0.104671E-33   0.209329E-33   0.909131E-34   0.837357E-33   0.167470E-32   0.334945E-32   0.669878E-32   0.133971E-31   0.171169E-32   0.535886E-31   0.548927E-18   0.467620E-14   0.233178E-15   0.670027E-17   0.342591E-19   0.347458E-22   0.315243E-28   0.145561E-27   0.993590E-27
   0.283333E+01   0.817756E-36   0.163553E-35   0.327105E-35   0.654210E-35   0.130841E-34   0.261682E-34   0.131646E-35   0.263217E-35   0.525305E-35   0.818846E-32   0.210483E-34   0.420936E-34   0.842113E-34   0.168447E-33   0.336099E-33   0.137822E-30   0.134526E-32   0.518504E-16   0.441680E-12   0.220233E-13   0.632753E-15   0.323470E-17   0.327967E-20   0.284962E-26   0.137613E-25   0.939089E-25
   0.283333E+01   0.232733E-37   0.466995E-37   0.936458E-37   0.187679E-36   0.376064E-36   0.753351E-36   0.150586E-35   0.301453E-35   0.602380E-35   0.676896E-30   0.241554E-34   0.483228E-34   0.966997E-34   0.193375E-33   0.386269E-33   0.113167E-28   0.154488E-32   0.390774E-14   0.326279E-10   0.160644E-11   0.458729E-13   0.233993E-15   0.238003E-18   0.210057E-24   0.104889E-23   0.694876E-23
   0.283333E+01   0.817736E-36   0.163547E-35   0.327095E-35   0.654192E-35   0.130837E-34   0.261675E-34   0.523348E-34   0.104669E-33   0.209330E-33   0.720455E-35   0.837357E-33   0.167472E-32   0.334941E-32   0.669886E-32   0.133971E-31   0.307474E-33   0.535880E-31   0.206232E-19   0.175688E-15   0.876057E-17   0.251729E-18   0.128711E-20   0.130538E-23   0.124369E-29   0.546940E-29   0.373297E-28
   0.283333E+01   0.817737E-36   0.163547E-35   0.327098E-35   0.654192E-35   0.130839E-34   0.261676E-34   0.523356E-34   0.104670E-33   0.209330E-33   0.314841E-33   0.837354E-33   0.167471E-32   0.334940E-32   0.669883E-32   0.133971E-31   0.548401E-32   0.535877E-31   0.196859E-17   0.167711E-13   0.836445E-15   0.240369E-16   0.122912E-18   0.124666E-21   0.112958E-27   0.522343E-27   0.356558E-26
   0.283333E+01   0.817800E-36   0.412657E-37   0.825667E-37   0.165098E-36   0.330337E-36   0.660628E-36   0.132154E-35   0.264157E-35   0.527562E-35   0.281243E-31   0.211386E-34   0.422982E-34   0.845604E-34   0.169133E-33   0.337615E-33   0.474787E-30   0.135037E-32   0.178315E-15   0.151794E-11   0.756558E-13   0.217287E-14   0.111025E-16   0.112495E-19   0.979607E-26   0.474189E-25   0.322955E-24
   0.283333E+01   0.269776E-37   0.545459E-37   0.110332E-36   0.222674E-36   0.448663E-36   0.902733E-36   0.180894E-35   0.363143E-35   0.727716E-35   0.194617E-29   0.292696E-34   0.586355E-34   0.117410E-33   0.235060E-33   0.469831E-33   0.329608E-28   0.188154E-32   0.956207E-14   0.789719E-10   0.385028E-11   0.110157E-12   0.564109E-15   0.575900E-18   0.508093E-24   0.265879E-23   0.169867E-22
   0.283333E+01   0.339774E-36   0.713901E-36   0.149740E-35   0.311037E-35   0.641091E-35   0.131327E-34   0.264853E-34   0.537788E-34   0.108846E-33   0.493480E-28   0.442941E-33   0.891227E-33   0.179099E-32   0.359557E-32   0.721215E-32   0.802141E-27   0.289728E-31   0.276915E-13   0.226996E-09   0.109765E-10   0.317059E-12   0.162826E-14   0.166229E-17   0.145939E-23   0.916118E-23   0.499424E-22
   0.283333E+01   0.110851E-34   0.226962E-34   0.466676E-34   0.954117E-34   0.194187E-33   0.393802E-33   0.787180E-33   0.158820E-32   0.319852E-32   0.260026E-28   0.129214E-31   0.259328E-31   0.520090E-31   0.104246E-30   0.208854E-30   0.415656E-27   0.837491E-30   0.921776E-14   0.752176E-10   0.357291E-11   0.103293E-12   0.532248E-15   0.546119E-18   0.483294E-24   0.360813E-23   0.167898E-22
   0.283333E+01   0.817737E-36   0.163547E-35   0.327095E-35   0.654184E-35   0.130838E-34   0.261677E-34   0.523349E-34   0.104670E-33   0.209329E-33   0.122571E-34   0.837357E-33   0.167471E-32   0.334943E-32   0.669877E-32   0.133971E-31   0.392265E-33   0.535877E-31   0.524307E-19   0.446677E-15   0.222774E-16   0.640180E-18   0.327353E-20   0.332023E-23   0.306842E-29   0.139122E-28   0.949625E-28
   0.283333E+01   0.817733E-36   0.163547E-35   0.327096E-35   0.654188E-35   0.130839E-34   0.261676E-34   0.523356E-34   0.104671E-33   0.209329E-33   0.773284E-33   0.837358E-33   0.167473E-32   0.334942E-32   0.669881E-32   0.335617E-33   0.129920E-31   0.134295E-32   0.486613E-17   0.414589E-13   0.206811E-14   0.594363E-16   0.303949E-18   0.308307E-21   0.279288E-27   0.129199E-26   0.881946E-26
   0.283333E+01   0.208489E-37   0.417418E-37   0.835071E-37   0.167144E-36   0.334522E-36   0.669091E-36   0.133884E-35   0.267806E-35   0.534483E-35   0.941964E-31   0.214380E-34   0.428820E-34   0.857581E-34   0.171492E-33   0.342334E-33   0.159486E-29   0.136953E-32   0.592277E-15   0.503016E-11   0.250384E-12   0.718371E-14   0.366613E-16   0.371026E-19   0.324359E-25   0.157827E-24   0.107101E-23
   0.283333E+01   0.376614E-37   0.772741E-37   0.158627E-36   0.323990E-36   0.659264E-36   0.133696E-35   0.268605E-35   0.542006E-35   0.109082E-34   0.534634E-29   0.441143E-34   0.885416E-34   0.177571E-33   0.356032E-33   0.708622E-33   0.908129E-28   0.284181E-32   0.175874E-13   0.144398E-09   0.699037E-11   0.201016E-12   0.103190E-14   0.105448E-17   0.928554E-24   0.521160E-23   0.314648E-22
   0.283333E+01   0.106367E-35   0.226296E-35   0.480256E-35   0.100695E-34   0.209101E-34   0.430883E-34   0.871204E-34   0.177558E-33   0.360470E-33   0.653197E-28   0.147308E-32   0.296838E-32   0.597232E-32   0.120013E-31   0.238305E-31   0.104984E-26   0.958346E-31   0.304627E-13   0.249515E-09   0.120564E-10   0.348361E-12   0.178910E-14   0.182677E-17   0.160412E-23   0.102169E-22   0.549445E-22
   0.283333E+01   0.311094E-34   0.667894E-34   0.142839E-33   0.301330E-33   0.628776E-33   0.130069E-32   0.263639E-32   0.538633E-32   0.109565E-31   0.285937E-28   0.448968E-31   0.905586E-31   0.182341E-30   0.366639E-30   0.728039E-30   0.457784E-27   0.292984E-29   0.100287E-13   0.817745E-10   0.388144E-11   0.112225E-12   0.578306E-15   0.593501E-18   0.525411E-24   0.394410E-23   0.182620E-22
   0.283333E+01   0.388589E-32   0.824813E-32   0.175014E-31   0.367121E-31   0.762920E-31   0.157343E-30   0.318120E-30   0.648852E-30   0.131817E-29   0.297206E-28   0.539042E-29   0.108498E-28   0.217227E-28   0.430912E-28   0.834361E-28   0.592212E-27   0.301289E-27   0.946371E-14   0.771628E-10   0.366171E-11   0.105871E-12   0.545586E-15   0.559962E-18   0.495777E-24   0.372960E-23   0.172354E-22
   0.283333E+01   0.817731E-36   0.163548E-35   0.327095E-35   0.654187E-35   0.130837E-34   0.261674E-34   0.523352E-34   0.104670E-33   0.209337E-33   0.400694E-35   0.210227E-34   0.420214E-34   0.840909E-34   0.168146E-33   0.336315E-33   0.880675E-35   0.134507E-32   0.424045E-21   0.361669E-17   0.180388E-18   0.518405E-20   0.265113E-22   0.268901E-25   0.860158E-31   0.113405E-30   0.770399E-30
   0.283333E+01   0.209635E-37   0.420327E-37   0.842888E-37   0.168907E-36   0.338425E-36   0.678119E-36   0.135624E-35   0.271530E-35   0.543812E-35   0.245768E-32   0.217811E-34   0.435681E-34   0.871544E-34   0.174273E-33   0.348232E-33   0.416008E-31   0.138869E-32   0.154852E-16   0.131940E-12   0.658270E-14   0.189192E-15   0.967525E-18   0.981373E-21   0.851950E-27   0.411401E-26   0.280838E-25
   0.283333E+01   0.577682E-37   0.125099E-36   0.269429E-36   0.572689E-36   0.120396E-35   0.250747E-35   0.512854E-35   0.105296E-34   0.215072E-34   0.218371E-30   0.886424E-34   0.178982E-33   0.359631E-33   0.716976E-33   0.140280E-32   0.370781E-29   0.522206E-32   0.133955E-14   0.113009E-10   0.560823E-12   0.160595E-13   0.818625E-16   0.829298E-19   0.728082E-25   0.357358E-24   0.240867E-23
   0.283333E+01   0.176652E-35   0.401099E-35   0.897897E-35   0.196548E-34   0.422525E-34   0.895186E-34   0.184920E-33   0.383638E-33   0.789969E-33   0.105066E-28   0.329272E-32   0.667283E-32   0.134336E-31   0.267710E-31   0.520478E-31   0.178615E-27   0.189420E-30   0.181754E-13   0.149156E-09   0.724297E-11   0.208949E-12   0.107219E-14   0.109367E-17   0.959127E-24   0.552932E-23   0.326221E-22
   0.283333E+01   0.178414E-33   0.408578E-33   0.920869E-33   0.202649E-32   0.437460E-32   0.929882E-32   0.192566E-31   0.400319E-31   0.825657E-31   0.720893E-28   0.344941E-30   0.699591E-30   0.140925E-29   0.280961E-29   0.546330E-29   0.116112E-26   0.198793E-28   0.317022E-13   0.259687E-09   0.125513E-10   0.362667E-12   0.186248E-14   0.190154E-17   0.166953E-23   0.106570E-22   0.571824E-22
   0.283333E+01   0.599352E-32   0.138713E-31   0.315330E-31   0.698751E-31   0.151684E-30   0.323875E-30   0.673105E-30   0.140315E-29   0.289790E-29   0.372598E-28   0.119589E-28   0.236904E-28   0.457889E-28   0.859638E-28   0.155596E-27   0.775886E-27   0.476336E-27   0.109073E-13   0.889261E-10   0.421576E-11   0.121955E-12   0.628488E-15   0.645133E-18   0.571335E-24   0.431205E-23   0.198672E-22
   0.283333E+01   0.396530E-30   0.665123E-30   0.109476E-29   0.177931E-29   0.286951E-29   0.460484E-29   0.736324E-29   0.117529E-28   0.187301E-28   0.597821E-28   0.474221E-28   0.753752E-28   0.119743E-27   0.190144E-27   0.301822E-27   0.958698E-27   0.759838E-27   0.104676E-13   0.853434E-10   0.404608E-11   0.117050E-12   0.603206E-15   0.619172E-18   0.548317E-24   0.413671E-23   0.190668E-22
   0.283333E+01   0.205374E-37   0.410659E-37   0.821612E-37   0.164228E-36   0.328410E-36   0.657148E-36   0.131345E-35   0.262747E-35   0.525493E-35   0.210023E-36   0.210167E-34   0.420364E-34   0.840789E-34   0.168074E-33   0.336243E-33   0.938424E-35   0.134478E-32   0.529954E-21   0.451874E-17   0.225461E-18   0.648037E-20   0.331387E-22   0.336148E-25   0.920957E-31   0.141627E-30   0.963520E-30
   0.283333E+01   0.207240E-37   0.414127E-37   0.827372E-37   0.165286E-36   0.330243E-36   0.659734E-36   0.131834E-35   0.263593E-35   0.526809E-35   0.109550E-34   0.210543E-34   0.420996E-34   0.841812E-34   0.168326E-33   0.336508E-33   0.191487E-33   0.134574E-32   0.678535E-19   0.578057E-15   0.288342E-16   0.828534E-18   0.423578E-20   0.429454E-23   0.405589E-29   0.180471E-28   0.123120E-27
   0.283333E+01   0.372162E-37   0.713202E-37   0.135311E-36   0.255846E-36   0.484421E-36   0.920224E-36   0.175572E-35   0.337151E-35   0.651167E-35   0.993322E-33   0.246384E-34   0.482175E-34   0.947076E-34   0.186298E-33   0.367323E-33   0.169192E-31   0.143414E-32   0.555479E-17   0.462453E-13   0.226749E-14   0.646648E-16   0.329898E-18   0.336062E-21   0.299532E-27   0.151403E-26   0.989756E-26
   0.283333E+01   0.490305E-33   0.895061E-33   0.158318E-32   0.273997E-32   0.467750E-32   0.792116E-32   0.133366E-31   0.224798E-31   0.379708E-31   0.245093E-28   0.109765E-30   0.187938E-30   0.322592E-30   0.553457E-30   0.942980E-30   0.407753E-27   0.270605E-29   0.208319E-13   0.170952E-09   0.830813E-11   0.240066E-12   0.123144E-14   0.125522E-17   0.109926E-23   0.644383E-23   0.374260E-22
   0.283333E+01   0.402039E-31   0.739226E-31   0.131503E-30   0.228623E-30   0.391698E-30   0.665218E-30   0.112254E-29   0.189549E-29   0.320617E-29   0.591441E-28   0.928608E-29   0.159089E-28   0.273172E-28   0.468724E-28   0.798512E-28   0.993217E-27   0.228904E-27   0.248478E-13   0.203818E-09   0.989710E-11   0.286090E-12   0.146767E-14   0.149620E-17   0.131054E-23   0.795630E-23   0.446957E-22
   0.283333E+01   0.433738E-31   0.701071E-31   0.112652E-30   0.180382E-30   0.288225E-30   0.459955E-30   0.733340E-30   0.116884E-29   0.186252E-29   0.608430E-29   0.472795E-29   0.753162E-29   0.119950E-28   0.190967E-28   0.303852E-28   0.982202E-28   0.768321E-28   0.103710E-14   0.844722E-11   0.399052E-12   0.115389E-13   0.594988E-16   0.611433E-19   0.542688E-25   0.422368E-24   0.189194E-23
   0.283333E+01   0.480995E-30   0.763453E-30   0.121173E-29   0.192315E-29   0.305219E-29   0.484397E-29   0.768746E-29   0.121999E-28   0.193606E-28   0.612927E-28   0.487531E-28   0.773594E-28   0.122742E-27   0.194733E-27   0.308914E-27   0.979376E-27   0.777045E-27   0.107449E-13   0.876170E-10   0.415566E-11   0.120226E-12   0.619536E-15   0.635847E-18   0.562930E-24   0.423040E-23   0.195712E-22
   0.283333E+01   0.708956E-35   0.123915E-34   0.212294E-34   0.358434E-34   0.599224E-34   0.995428E-34   0.164601E-33   0.272068E-33   0.450006E-33   0.171603E-30   0.124091E-32   0.207151E-32   0.346790E-32   0.581341E-32   0.972082E-32   0.291147E-29   0.271378E-31   0.106926E-14   0.911114E-11   0.454659E-12   0.130687E-13   0.668414E-16   0.678085E-19   0.588587E-25   0.284243E-24   0.194040E-23
   0.283333E+01   0.168332E-34   0.296241E-34   0.510226E-34   0.864952E-34   0.145038E-33   0.241456E-33   0.399828E-33   0.661387E-33   0.109417E-32   0.420623E-30   0.301377E-32   0.502441E-32   0.839603E-32   0.140412E-31   0.234064E-31   0.715953E-29   0.647827E-31   0.262227E-14   0.223208E-10   0.111289E-11   0.319658E-13   0.163336E-15   0.165487E-18   0.144149E-24   0.698834E-24   0.475719E-23
   0.283333E+01   0.665621E-33   0.117956E-32   0.204264E-32   0.347730E-32   0.584951E-32   0.976129E-32   0.161911E-31   0.268125E-31   0.443838E-31   0.171619E-28   0.122235E-30   0.203649E-30   0.339945E-30   0.567659E-30   0.944370E-30   0.293063E-27   0.259852E-29   0.832992E-13   0.688996E-09   0.339270E-10   0.973600E-12   0.498038E-14   0.506585E-17   0.443375E-23   0.224774E-22   0.147849E-21
   0.283333E+01   0.127810E-28   0.228120E-28   0.397283E-28   0.679372E-28   0.114693E-27   0.191936E-27   0.319080E-27   0.529337E-27   0.877462E-27   0.142942E-24   0.242134E-26   0.403679E-26   0.674200E-26   0.112626E-25   0.187422E-25   0.232275E-23   0.515877E-25   0.101432E-09   0.866521E-06   0.432271E-07   0.124075E-08   0.633798E-11   0.642140E-14   0.557782E-20   0.264645E-19   0.183091E-18
   0.283333E+01   0.849539E-28   0.137327E-27   0.220617E-27   0.353095E-27   0.563806E-27   0.898906E-27   0.143169E-26   0.227886E-26   0.362577E-26   0.117836E-25   0.917159E-26   0.145833E-25   0.231840E-25   0.368486E-25   0.585461E-25   0.188715E-24   0.147660E-24   0.242169E-11   0.198580E-07   0.957351E-09   0.276386E-10   0.141996E-12   0.145106E-15   0.127661E-21   0.841895E-21   0.437569E-20
   0.283333E+01   0.210533E-29   0.333949E-29   0.529749E-29   0.840407E-29   0.133332E-28   0.211542E-28   0.335639E-28   0.532548E-28   0.844980E-28   0.268407E-27   0.212720E-27   0.337496E-27   0.535433E-27   0.849395E-27   0.134732E-26   0.427381E-26   0.338854E-26   0.447555E-13   0.365202E-09   0.173258E-10   0.500120E-12   0.257675E-14   0.264567E-17   0.234660E-23   0.178251E-22   0.814641E-22
   0.283333E+01   0.162215E-27   0.257231E-27   0.407956E-27   0.647072E-27   0.102644E-26   0.162834E-26   0.258335E-26   0.409861E-26   0.650277E-26   0.206677E-25   0.163690E-25   0.259698E-25   0.411997E-25   0.653564E-25   0.103667E-24   0.329042E-24   0.260715E-24   0.462853E-11   0.380762E-07   0.184908E-08   0.533928E-10   0.273979E-12   0.279375E-15   0.244834E-21   0.150153E-20   0.834261E-20
   0.283333E+01   0.000000E+00   0.000000E+00   0.000000E+00   0.000000E+00   0.000000E+00   0.000000E+00   0.000000E+00   0.000000E+00   0.000000E+00   0.000000E+00   0.000000E+00   0.000000E+00   0.000000E+00   0.000000E+00   0.000000E+00   0.000000E+00   0.000000E+00   0.000000E+00   0.000000E+00   0.000000E+00   0.000000E+00   0.000000E+00   0.000000E+00   0.000000E+00   0.000000E+00   0.000000E+00
   0.283333E+01   0.233227E-26   0.465540E-26   0.929599E-26   0.185681E-25   0.370978E-25   0.741341E-25   0.148170E-24   0.296183E-24   0.592116E-24   0.119427E-23   0.236704E-23   0.473306E-23   0.946452E-23   0.189265E-22   0.378489E-22   0.758790E-22   0.151372E-21   0.130646E-10   0.109492E-06   0.560124E-08   0.159469E-09   0.810938E-12   0.817971E-15   0.266911E-20   0.412918E-19   0.105405E-18
   0.300000E+01   0.218750E-25   0.437500E-25   0.875000E-25   0.175000E-24   0.350000E-24   0.700000E-24   0.140000E-23   0.280000E-23   0.560000E-23   0.111661E-22   0.224000E-22   0.448000E-22   0.896000E-22   0.179200E-21   0.358400E-21   0.716446E-21   0.143360E-20   0.141519E-16   0.258087E-06   0.204927E-07   0.696671E-09   0.518579E-11   0.423753E-14   0.575394E-20   0.367066E-18   0.834794E-18
   0.300000E+01   0.817739E-36   0.163540E-35   0.327075E-35   0.654159E-35   0.130831E-34   0.261665E-34   0.523327E-34   0.104665E-33   0.209327E-33   0.416048E-35   0.837321E-33   0.167464E-32   0.334927E-32   0.669850E-32   0.133970E-31   0.256227E-33   0.535879E-31   0.601069E-27   0.130748E-16   0.944649E-18   0.327857E-19   0.247430E-21   0.203364E-24   0.799566E-31   0.527734E-30   0.285114E-29
   0.300000E+01   0.817740E-36   0.163549E-35   0.327098E-35   0.654193E-35   0.130838E-34   0.261675E-34   0.523355E-34   0.104670E-33   0.209330E-33   0.294518E-34   0.837357E-33   0.167473E-32   0.334940E-32   0.669880E-32   0.133971E-31   0.677700E-33   0.535882E-31   0.679714E-25   0.147816E-14   0.106793E-15   0.370650E-17   0.279725E-19   0.229907E-22   0.749451E-29   0.595832E-28   0.322133E-27
   0.300000E+01   0.817739E-36   0.163549E-35   0.327095E-35   0.654192E-35   0.130838E-34   0.261675E-34   0.523349E-34   0.104671E-33   0.209330E-33   0.488876E-35   0.837354E-33   0.167472E-32   0.334942E-32   0.669886E-32   0.133970E-31   0.268064E-33   0.535878E-31   0.253737E-26   0.551801E-16   0.398729E-17   0.138401E-18   0.104457E-20   0.858606E-24   0.293184E-30   0.222641E-29   0.120339E-28
   0.300000E+01   0.817742E-36   0.163549E-35   0.327095E-35   0.654190E-35   0.130838E-34   0.261675E-34   0.523348E-34   0.104671E-33   0.209329E-33   0.995011E-34   0.837357E-33   0.167470E-32   0.334945E-32   0.669878E-32   0.133971E-31   0.185607E-32   0.535886E-31   0.256463E-24   0.557660E-14   0.403033E-15   0.139908E-16   0.105603E-18   0.868092E-22   0.282647E-28   0.225047E-27   0.121677E-26
   0.300000E+01   0.817756E-36   0.163553E-35   0.327105E-35   0.654212E-35   0.130842E-34   0.261684E-34   0.131646E-35   0.263273E-35   0.525455E-35   0.899951E-32   0.210634E-34   0.421177E-34   0.842655E-34   0.168519E-33   0.336267E-33   0.151531E-30   0.134526E-32   0.242389E-22   0.526874E-12   0.380769E-13   0.132166E-14   0.997432E-17   0.819683E-20   0.255567E-26   0.212816E-25   0.115029E-24
   0.300000E+01   0.234805E-37   0.471344E-37   0.944862E-37   0.189443E-36   0.379591E-36   0.760592E-36   0.152109E-35   0.304293E-35   0.608172E-35   0.735237E-30   0.244036E-34   0.488013E-34   0.976627E-34   0.195289E-33   0.390121E-33   0.122969E-28   0.156068E-32   0.183035E-20   0.386130E-10   0.276007E-11   0.951863E-13   0.716007E-15   0.586789E-18   0.186607E-24   0.159952E-23   0.842594E-23
   0.300000E+01   0.817744E-36   0.163548E-35   0.327097E-35   0.654188E-35   0.130838E-34   0.261674E-34   0.523351E-34   0.104670E-33   0.209330E-33   0.752740E-35   0.837363E-33   0.167472E-32   0.334942E-32   0.669877E-32   0.133970E-31   0.312624E-33   0.535881E-31   0.961431E-26   0.209060E-15   0.151091E-16   0.524491E-18   0.395882E-20   0.325428E-23   0.107284E-29   0.843708E-29   0.456147E-28
   0.300000E+01   0.817736E-36   0.163547E-35   0.327095E-35   0.654192E-35   0.130837E-34   0.261675E-34   0.523356E-34   0.104669E-33   0.209329E-33   0.345100E-33   0.837358E-33   0.167471E-32   0.334940E-32   0.669884E-32   0.133971E-31   0.599525E-32   0.535883E-31   0.918690E-24   0.199751E-13   0.144388E-14   0.501271E-16   0.378384E-18   0.311069E-21   0.969441E-28   0.806542E-27   0.436088E-26
   0.300000E+01   0.817802E-36   0.412922E-37   0.825902E-37   0.165157E-36   0.330455E-36   0.660863E-36   0.132173E-35   0.264383E-35   0.527712E-35   0.308631E-31   0.211551E-34   0.422832E-34   0.845844E-34   0.169217E-33   0.337832E-33   0.521226E-30   0.135094E-32   0.833010E-22   0.180811E-11   0.130626E-12   0.453252E-14   0.341931E-16   0.280805E-19   0.875966E-26   0.731896E-25   0.394975E-24
   0.300000E+01   0.273405E-37   0.553217E-37   0.111931E-36   0.226012E-36   0.455575E-36   0.916886E-36   0.183697E-35   0.368936E-35   0.739226E-35   0.207812E-29   0.297481E-34   0.595895E-34   0.119347E-33   0.238852E-33   0.477558E-33   0.352091E-28   0.191245E-32   0.450587E-20   0.925133E-10   0.655544E-11   0.226145E-12   0.170615E-14   0.140237E-17   0.446819E-24   0.398614E-23   0.203299E-22
   0.300000E+01   0.340215E-36   0.714818E-36   0.149934E-35   0.311443E-35   0.641926E-35   0.131496E-34   0.265205E-34   0.538480E-34   0.108987E-33   0.495510E-28   0.443518E-33   0.892398E-33   0.179334E-32   0.360031E-32   0.722161E-32   0.805435E-27   0.290102E-31   0.129964E-19   0.259388E-09   0.182466E-10   0.634380E-12   0.480143E-14   0.395344E-17   0.125220E-23   0.132318E-22   0.583184E-22
   0.300000E+01   0.114591E-34   0.234621E-34   0.482424E-34   0.986317E-34   0.200741E-33   0.407093E-33   0.813749E-33   0.164180E-32   0.330648E-32   0.268787E-28   0.133575E-31   0.268081E-31   0.537645E-31   0.107765E-30   0.215904E-30   0.429683E-27   0.865760E-30   0.449723E-20   0.889553E-10   0.615506E-11   0.213792E-12   0.162147E-14   0.133701E-17   0.428908E-24   0.530027E-23   0.202359E-22
   0.300000E+01   0.817743E-36   0.163548E-35   0.327096E-35   0.654190E-35   0.130839E-34   0.261677E-34   0.523352E-34   0.104670E-33   0.209328E-33   0.129517E-34   0.837361E-33   0.167470E-32   0.334943E-32   0.669886E-32   0.133970E-31   0.403912E-33   0.535881E-31   0.241660E-25   0.525447E-15   0.379810E-16   0.131858E-17   0.995321E-20   0.818247E-23   0.267688E-29   0.212161E-28   0.114711E-27
   0.300000E+01   0.817743E-36   0.163549E-35   0.327097E-35   0.654191E-35   0.130838E-34   0.261675E-34   0.523348E-34   0.104671E-33   0.209332E-33   0.839239E-33   0.837363E-33   0.167471E-32   0.334944E-32   0.669886E-32   0.335665E-33   0.141105E-31   0.134285E-32   0.224714E-23   0.488571E-13   0.353217E-14   0.122636E-15   0.925784E-18   0.761142E-21   0.237230E-27   0.197379E-26   0.106723E-25
   0.300000E+01   0.208797E-37   0.418035E-37   0.836541E-37   0.167426E-36   0.334969E-36   0.670361E-36   0.134091E-35   0.268408E-35   0.535612E-35   0.103143E-30   0.214741E-34   0.429573E-34   0.858664E-34   0.171829E-33   0.342912E-33   0.174702E-29   0.137261E-32   0.276550E-21   0.598049E-11   0.431598E-12   0.149612E-13   0.112753E-15   0.924447E-19   0.289420E-25   0.242910E-24   0.130713E-23
   0.300000E+01   0.383299E-37   0.787023E-37   0.161636E-36   0.330420E-36   0.672406E-36   0.136418E-35   0.274106E-35   0.553178E-35   0.111339E-34   0.558400E-29   0.450427E-34   0.904224E-34   0.181356E-33   0.363543E-33   0.723596E-33   0.948868E-28   0.290247E-32   0.830293E-20   0.167299E-09   0.117807E-10   0.407923E-12   0.308499E-14   0.253943E-17   0.807674E-24   0.767038E-23   0.371939E-22
   0.300000E+01   0.107208E-35   0.228122E-35   0.484195E-35   0.101532E-34   0.210856E-34   0.434530E-34   0.878626E-34   0.179081E-33   0.363572E-33   0.655617E-28   0.148582E-32   0.299412E-32   0.602418E-32   0.121057E-31   0.240396E-31   0.105375E-26   0.966765E-31   0.143172E-19   0.285429E-09   0.200639E-10   0.697669E-12   0.528069E-14   0.434826E-17   0.137784E-23   0.147603E-22   0.642279E-22
   0.300000E+01   0.324410E-34   0.696602E-34   0.148999E-33   0.314357E-33   0.656015E-33   0.135713E-32   0.275097E-32   0.562068E-32   0.114336E-31   0.296549E-28   0.468541E-31   0.945083E-31   0.190297E-30   0.382640E-30   0.759871E-30   0.474805E-27   0.305799E-29   0.490207E-20   0.968817E-10   0.669860E-11   0.232663E-12   0.176464E-14   0.145512E-17   0.467100E-24   0.580276E-23   0.220467E-22
   0.300000E+01   0.410110E-32   0.871183E-32   0.184970E-31   0.388203E-31   0.807059E-31   0.166500E-30   0.336729E-30   0.686952E-30   0.139580E-29   0.308921E-28   0.570892E-29   0.114896E-28   0.229935E-28   0.455707E-28   0.881271E-28   0.617187E-27   0.317042E-27   0.462842E-20   0.914633E-10   0.632261E-11   0.219598E-12   0.166559E-14   0.137347E-17   0.440969E-24   0.548849E-23   0.208167E-22
   0.300000E+01   0.817740E-36   0.163548E-35   0.327097E-35   0.654188E-35   0.130837E-34   0.261676E-34   0.523352E-34   0.104669E-33   0.209340E-33   0.401422E-35   0.210152E-34   0.420304E-34   0.840789E-34   0.168134E-33   0.336267E-33   0.904740E-35   0.134507E-32   0.201954E-27   0.439434E-17   0.317670E-18   0.110293E-19   0.832650E-22   0.684501E-25   0.360662E-31   0.178222E-30   0.960930E-30
   0.300000E+01   0.210237E-37   0.421679E-37   0.845709E-37   0.169542E-36   0.339741E-36   0.680705E-36   0.136301E-35   0.272846E-35   0.546257E-35   0.265605E-32   0.218759E-34   0.437818E-34   0.875456E-34   0.175079E-33   0.349773E-33   0.449757E-31   0.139322E-32   0.711840E-23   0.154758E-12   0.111899E-13   0.388534E-15   0.293312E-17   0.241144E-20   0.751771E-27   0.625558E-26   0.338245E-25
   0.300000E+01   0.625334E-37   0.135961E-36   0.293709E-36   0.625986E-36   0.131865E-35   0.275033E-35   0.563137E-35   0.115719E-34   0.236506E-34   0.235945E-30   0.975920E-34   0.197095E-33   0.395935E-33   0.788765E-33   0.154067E-32   0.400775E-29   0.570778E-32   0.618855E-21   0.132703E-10   0.955244E-12   0.330508E-13   0.248749E-15   0.203711E-18   0.641804E-25   0.542483E-24   0.290208E-23
   0.300000E+01   0.187019E-35   0.425017E-35   0.952116E-35   0.208534E-34   0.448494E-34   0.950555E-34   0.196416E-33   0.407582E-33   0.839426E-33   0.106565E-28   0.349961E-32   0.709134E-32   0.142700E-31   0.284126E-31   0.551712E-31   0.181216E-27   0.200039E-30   0.845928E-20   0.169642E-09   0.119824E-10   0.416249E-12   0.314848E-14   0.259147E-17   0.819195E-24   0.798619E-23   0.379102E-22
   0.300000E+01   0.188456E-33   0.431929E-33   0.974134E-33   0.214484E-32   0.463203E-32   0.984936E-32   0.204026E-31   0.424234E-31   0.875131E-31   0.722310E-28   0.365682E-30   0.741575E-30   0.149318E-29   0.297427E-29   0.577636E-29   0.116384E-26   0.209403E-28   0.148900E-19   0.296868E-09   0.208733E-10   0.725851E-12   0.549386E-14   0.452370E-17   0.143309E-23   0.153770E-22   0.668034E-22
   0.300000E+01   0.657887E-32   0.152386E-31   0.346640E-31   0.768537E-31   0.166904E-30   0.356494E-30   0.741106E-30   0.154511E-29   0.319035E-29   0.391261E-28   0.131184E-28   0.258828E-28   0.497648E-28   0.928869E-28   0.167226E-27   0.815463E-27   0.507167E-27   0.534250E-20   0.105549E-09   0.729053E-11   0.253272E-12   0.192099E-14   0.158411E-17   0.508851E-24   0.635454E-23   0.240260E-22
   0.300000E+01   0.417475E-30   0.697647E-30   0.114534E-29   0.185829E-29   0.299328E-29   0.479940E-29   0.766987E-29   0.122367E-28   0.194946E-28   0.621846E-28   0.493351E-28   0.784039E-28   0.124540E-27   0.197745E-27   0.313868E-27   0.996953E-27   0.790100E-27   0.512541E-20   0.101267E-09   0.699524E-11   0.243022E-12   0.184325E-14   0.152001E-17   0.488208E-24   0.609368E-23   0.230514E-22
   0.300000E+01   0.205344E-37   0.410806E-37   0.821553E-37   0.164252E-36   0.328457E-36   0.656819E-36   0.131336E-35   0.262765E-35   0.525531E-35   0.221262E-36   0.210242E-34   0.420455E-34   0.840548E-34   0.168158E-33   0.336267E-33   0.943239E-35   0.134488E-32   0.251683E-27   0.547543E-17   0.395890E-18   0.137478E-19   0.103785E-21   0.853294E-25   0.415591E-31   0.222069E-30   0.119801E-29
   0.300000E+01   0.207548E-37   0.414626E-37   0.828195E-37   0.165474E-36   0.330408E-36   0.660205E-36   0.131947E-35   0.263781E-35   0.527110E-35   0.123659E-34   0.210649E-34   0.421056E-34   0.842233E-34   0.168314E-33   0.336628E-33   0.215886E-33   0.134632E-32   0.326404E-25   0.709205E-15   0.512705E-16   0.177983E-17   0.134328E-19   0.110386E-22   0.370923E-29   0.287021E-28   0.155096E-27
   0.300000E+01   0.398449E-37   0.759575E-37   0.143399E-36   0.269658E-36   0.507649E-36   0.959627E-36   0.182286E-35   0.348379E-35   0.670201E-35   0.110222E-32   0.252071E-34   0.491985E-34   0.963627E-34   0.189247E-33   0.372234E-33   0.187805E-31   0.144705E-32   0.266739E-23   0.558518E-13   0.397583E-14   0.136850E-15   0.102893E-17   0.843062E-21   0.270277E-27   0.235356E-26   0.122347E-25
   0.300000E+01   0.512020E-33   0.931583E-33   0.164439E-32   0.284284E-32   0.485129E-32   0.821681E-32   0.138424E-31   0.233552E-31   0.395002E-31   0.244432E-28   0.114501E-30   0.196226E-30   0.336916E-30   0.577826E-30   0.983725E-30   0.406649E-27   0.281629E-29   0.965000E-20   0.193225E-09   0.136624E-10   0.475292E-12   0.359461E-14   0.295832E-17   0.933163E-24   0.924867E-23   0.432540E-22
   0.300000E+01   0.419618E-31   0.768975E-31   0.136514E-30   0.237079E-30   0.406031E-30   0.689673E-30   0.116448E-29   0.196822E-29   0.333346E-29   0.588664E-28   0.968107E-29   0.166000E-28   0.285100E-28   0.488962E-28   0.832219E-28   0.990795E-27   0.237910E-27   0.115367E-19   0.230612E-09   0.162904E-10   0.566863E-12   0.428760E-14   0.352887E-17   0.111364E-23   0.114041E-22   0.517175E-22
   0.300000E+01   0.462144E-31   0.746074E-31   0.119794E-30   0.191725E-30   0.306252E-30   0.488612E-30   0.778903E-30   0.124130E-29   0.197776E-29   0.645191E-29   0.501929E-29   0.799452E-29   0.127300E-28   0.202630E-28   0.322351E-28   0.104110E-27   0.814824E-28   0.513979E-21   0.101319E-10   0.697234E-12   0.242014E-13   0.183610E-15   0.151446E-18   0.488325E-25   0.627905E-24   0.231045E-23
   0.300000E+01   0.498821E-30   0.791740E-30   0.125661E-29   0.199438E-29   0.316522E-29   0.502335E-29   0.797214E-29   0.126517E-28   0.200775E-28   0.635664E-28   0.505582E-28   0.802234E-28   0.127286E-27   0.201941E-27   0.320348E-27   0.101576E-26   0.805802E-27   0.525315E-20   0.103823E-09   0.717524E-11   0.249303E-12   0.189084E-14   0.155920E-17   0.500552E-24   0.622414E-23   0.236306E-22
   0.300000E+01   0.774951E-35   0.135248E-34   0.231483E-34   0.390612E-34   0.652864E-34   0.108457E-33   0.179381E-33   0.296631E-33   0.490935E-33   0.181248E-30   0.135565E-32   0.226400E-32   0.379025E-32   0.635104E-32   0.106110E-31   0.307627E-29   0.295471E-31   0.480416E-21   0.104441E-10   0.755302E-12   0.262284E-13   0.198024E-15   0.162831E-18   0.507596E-25   0.422380E-24   0.228391E-23
   0.300000E+01   0.191488E-34   0.336496E-34   0.578998E-34   0.981009E-34   0.164465E-33   0.273815E-33   0.453539E-33   0.750613E-33   0.124264E-32   0.462294E-30   0.342810E-32   0.571835E-32   0.955731E-32   0.159789E-31   0.266198E-31   0.787179E-29   0.735233E-31   0.122741E-20   0.266249E-10   0.192407E-11   0.667678E-13   0.503699E-15   0.413610E-18   0.129021E-24   0.107996E-23   0.582573E-23
   0.300000E+01   0.713603E-33   0.126275E-32   0.218464E-32   0.371716E-32   0.625198E-32   0.104341E-31   0.173131E-31   0.286874E-31   0.475251E-31   0.177739E-28   0.131128E-30   0.218623E-30   0.365080E-30   0.609614E-30   0.101382E-29   0.303628E-27   0.278588E-29   0.379036E-19   0.779631E-09   0.557289E-10   0.192902E-11   0.145544E-13   0.119608E-16   0.376810E-23   0.327640E-22   0.171259E-21
   0.300000E+01   0.129713E-28   0.231180E-28   0.402235E-28   0.687494E-28   0.116045E-27   0.194222E-27   0.322993E-27   0.536144E-27   0.889453E-27   0.139113E-24   0.245897E-26   0.410251E-26   0.685438E-26   0.114501E-25   0.190477E-25   0.226083E-23   0.523591E-25   0.432613E-16   0.946641E-06   0.684502E-07   0.237413E-08   0.179057E-10   0.147078E-13   0.457928E-20   0.374546E-19   0.205446E-18
   0.300000E+01   0.877789E-28   0.141831E-27   0.227793E-27   0.364521E-27   0.581993E-27   0.927847E-27   0.147773E-26   0.235210E-26   0.374228E-26   0.121569E-25   0.946626E-26   0.150517E-25   0.239280E-25   0.380298E-25   0.604206E-25   0.194706E-24   0.152375E-24   0.115074E-17   0.229492E-07   0.160800E-08   0.558514E-10   0.422809E-12   0.348206E-15   0.110754E-21   0.123003E-20   0.516600E-20
   0.300000E+01   0.227038E-29   0.360122E-29   0.571260E-29   0.906249E-29   0.143776E-28   0.228111E-28   0.361927E-28   0.574254E-28   0.911151E-28   0.289400E-27   0.229377E-27   0.363922E-27   0.577357E-27   0.915901E-27   0.145281E-26   0.460867E-26   0.365384E-26   0.221840E-19   0.437898E-09   0.302077E-10   0.104726E-11   0.794089E-14   0.654756E-17   0.211084E-23   0.266905E-22   0.995139E-22
   0.300000E+01   0.161460E-27   0.256029E-27   0.406043E-27   0.644030E-27   0.102160E-26   0.162066E-26   0.257115E-26   0.407923E-26   0.647201E-26   0.205684E-25   0.162915E-25   0.258468E-25   0.410044E-25   0.650466E-25   0.103175E-24   0.327505E-24   0.259478E-24   0.214979E-17   0.431836E-07   0.304927E-08   0.106026E-09   0.802078E-12   0.660195E-15   0.208529E-21   0.215657E-20   0.967615E-20
   0.300000E+01   0.000000E+00   0.000000E+00   0.000000E+00   0.000000E+00   0.000000E+00   0.000000E+00   0.000000E+00   0.000000E+00   0.000000E+00   0.000000E+00   0.000000E+00   0.000000E+00   0.000000E+00   0.000000E+00   0.000000E+00   0.000000E+00   0.000000E+00   0.000000E+00   0.000000E+00   0.000000E+00   0.000000E+00   0.000000E+00   0.000000E+00   0.000000E+00   0.000000E+00   0.000000E+00
   0.300000E+01   0.233248E-26   0.465575E-26   0.929655E-26   0.185690E-25   0.370992E-25   0.741364E-25   0.148174E-24   0.296189E-24   0.592126E-24   0.119389E-23   0.236706E-23   0.473310E-23   0.946459E-23   0.189266E-22   0.378490E-22   0.758742E-22   0.151372E-21   0.560557E-17   0.116652E-06   0.861656E-08   0.297399E-09   0.223613E-11   0.183464E-14   0.103983E-20   0.423563E-19   0.107570E-18
   0.316667E+01   0.218750E-25   0.437500E-25   0.875000E-25   0.175000E-24   0.350000E-24   0.700000E-24   0.140000E-23   0.278110E-23   0.560000E-23   0.112000E-22   0.224000E-22   0.447336E-22   0.895047E-22   0.179059E-21   0.358400E-21   0.716800E-21   0.143360E-20   0.286720E-20   0.252178E-06   0.259703E-07   0.112213E-08   0.111173E-10   0.718938E-14   0.361288E-17   0.367541E-18   0.834805E-18
   0.316667E+01   0.817739E-36   0.163540E-35   0.327075E-35   0.654159E-35   0.130831E-34   0.261665E-34   0.523327E-34   0.107658E-35   0.209328E-33   0.418658E-33   0.837320E-33   0.164092E-34   0.325256E-34   0.646483E-34   0.133970E-31   0.267942E-31   0.535880E-31   0.107176E-30   0.153397E-16   0.143696E-17   0.632534E-19   0.632892E-21   0.414640E-24   0.211967E-27   0.765087E-30   0.340650E-29
   0.316667E+01   0.817740E-36   0.163549E-35   0.327098E-35   0.654193E-35   0.130838E-34   0.261675E-34   0.523323E-34   0.117047E-34   0.209338E-33   0.418679E-33   0.837325E-33   0.863160E-34   0.144327E-33   0.243366E-33   0.133976E-31   0.267952E-31   0.535901E-31   0.107175E-30   0.173569E-14   0.162589E-15   0.715703E-17   0.716119E-19   0.469153E-22   0.239829E-25   0.864722E-28   0.385280E-27
   0.316667E+01   0.817739E-36   0.163549E-35   0.327095E-35   0.654192E-35   0.130838E-34   0.261677E-34   0.523322E-34   0.137865E-35   0.209339E-33   0.418679E-33   0.837313E-33   0.183984E-34   0.357241E-34   0.698201E-34   0.133978E-31   0.267953E-31   0.535902E-31   0.107177E-30   0.646630E-16   0.605823E-17   0.266699E-18   0.266872E-20   0.174852E-23   0.893921E-27   0.322401E-29   0.143629E-28
   0.316667E+01   0.817742E-36   0.163549E-35   0.327095E-35   0.654190E-35   0.130838E-34   0.261678E-34   0.523322E-34   0.408838E-34   0.209340E-33   0.418675E-33   0.837311E-33   0.280393E-33   0.455136E-33   0.740719E-33   0.133976E-31   0.267952E-31   0.535908E-31   0.107177E-30   0.653841E-14   0.612678E-15   0.269743E-16   0.269938E-18   0.176874E-21   0.904353E-25   0.326109E-27   0.145307E-26
   0.316667E+01   0.817768E-36   0.163553E-35   0.327105E-35   0.654212E-35   0.130842E-34   0.261686E-34   0.131383E-35   0.374912E-32   0.526584E-35   0.105332E-34   0.210348E-34   0.249684E-31   0.399882E-31   0.639944E-31   0.336990E-33   0.673642E-33   0.134738E-32   0.269072E-32   0.617921E-12   0.578999E-13   0.254892E-14   0.255042E-16   0.167065E-19   0.854483E-23   0.308463E-25   0.137404E-24
   0.316667E+01   0.236774E-37   0.475341E-37   0.953326E-37   0.191135E-36   0.383000E-36   0.767316E-36   0.153125E-35   0.304240E-30   0.614718E-35   0.123034E-34   0.245857E-34   0.200898E-29   0.321376E-29   0.513833E-29   0.394286E-33   0.788909E-33   0.157782E-32   0.315101E-32   0.449225E-10   0.416780E-11   0.182379E-12   0.181814E-14   0.119015E-17   0.614826E-21   0.228757E-23   0.997944E-23
   0.316667E+01   0.817737E-36   0.163548E-35   0.327094E-35   0.654187E-35   0.130838E-34   0.261675E-34   0.523322E-34   0.247541E-35   0.209340E-33   0.418677E-33   0.837311E-33   0.256610E-34   0.473455E-34   0.884388E-34   0.133976E-31   0.267953E-31   0.535908E-31   0.107176E-30   0.244571E-15   0.229171E-16   0.100896E-17   0.100969E-19   0.661586E-23   0.338264E-26   0.121983E-28   0.543518E-28
   0.316667E+01   0.817747E-36   0.163548E-35   0.327096E-35   0.654191E-35   0.130837E-34   0.261675E-34   0.523320E-34   0.142908E-33   0.209341E-33   0.418683E-33   0.837316E-33   0.960711E-33   0.154482E-32   0.248485E-32   0.133977E-31   0.267951E-31   0.535905E-31   0.107176E-30   0.233902E-13   0.219210E-14   0.965194E-16   0.965953E-18   0.632982E-21   0.323672E-24   0.116722E-26   0.520101E-26
   0.316667E+01   0.817816E-36   0.413157E-37   0.826196E-37   0.165275E-36   0.330667E-36   0.660957E-36   0.131994E-35   0.128073E-31   0.528916E-35   0.105798E-34   0.211205E-34   0.856231E-31   0.137201E-30   0.219658E-30   0.338675E-33   0.677061E-33   0.135422E-32   0.270362E-32   0.211749E-11   0.198354E-12   0.872949E-14   0.873174E-16   0.571590E-19   0.292491E-22   0.105884E-24   0.471160E-24
   0.316667E+01   0.276711E-37   0.559976E-37   0.113388E-36   0.229045E-36   0.461640E-36   0.929487E-36   0.185973E-35   0.836647E-30   0.750699E-35   0.150531E-34   0.301318E-34   0.561648E-29   0.900482E-29   0.144230E-28   0.485166E-33   0.970909E-33   0.194259E-32   0.388190E-32   0.106564E-09   0.980499E-11   0.429039E-12   0.428624E-14   0.281520E-17   0.145799E-20   0.560475E-23   0.237826E-22
   0.316667E+01   0.336969E-36   0.707991E-36   0.148493E-35   0.308438E-35   0.635743E-35   0.130230E-34   0.262611E-34   0.192278E-28   0.107947E-33   0.217959E-33   0.439192E-33   0.124478E-27   0.198152E-27   0.315277E-27   0.715228E-32   0.143388E-31   0.287329E-31   0.575474E-31   0.292125E-09   0.266816E-10   0.117577E-11   0.117841E-13   0.774857E-17   0.400271E-20   0.178907E-22   0.666389E-22
   0.316667E+01   0.116673E-34   0.238884E-34   0.491190E-34   0.100424E-33   0.204388E-33   0.414489E-33   0.828525E-33   0.108319E-28   0.336656E-32   0.677037E-32   0.136001E-31   0.689957E-28   0.109512E-27   0.173791E-27   0.219827E-30   0.440262E-30   0.881490E-30   0.176451E-29   0.103331E-09   0.928482E-11   0.408720E-12   0.410105E-14   0.270497E-17   0.140908E-20   0.725757E-23   0.237788E-22
   0.316667E+01   0.817739E-36   0.163547E-35   0.327098E-35   0.654197E-35   0.130838E-34   0.261673E-34   0.523327E-34   0.468985E-35   0.209338E-33   0.418678E-33   0.837316E-33   0.404567E-34   0.710874E-34   0.126350E-33   0.133977E-31   0.267952E-31   0.535908E-31   0.107177E-30   0.608278E-15   0.570063E-16   0.251000E-17   0.251197E-19   0.164607E-22   0.841700E-26   0.303541E-28   0.135251E-27
   0.316667E+01   0.817743E-36   0.163548E-35   0.327096E-35   0.654192E-35   0.130838E-34   0.261677E-34   0.523327E-34   0.344330E-33   0.209340E-33   0.418681E-33   0.837316E-33   0.231052E-32   0.370841E-32   0.594947E-32   0.336364E-33   0.672487E-33   0.134497E-32   0.268494E-32   0.566624E-13   0.531111E-14   0.233871E-15   0.234070E-17   0.153396E-20   0.784456E-24   0.282906E-26   0.126063E-25
   0.316667E+01   0.209076E-37   0.418623E-37   0.837892E-37   0.167673E-36   0.335580E-36   0.671772E-36   0.134053E-35   0.426048E-31   0.537530E-35   0.107544E-34   0.214711E-34   0.285924E-30   0.458393E-30   0.734176E-30   0.344212E-33   0.688568E-33   0.137617E-32   0.274849E-32   0.699061E-11   0.654233E-12   0.287674E-13   0.287490E-15   0.187941E-18   0.962894E-22   0.350509E-24   0.155666E-23
   0.316667E+01   0.388075E-37   0.797485E-37   0.163858E-36   0.334945E-36   0.681928E-36   0.138379E-35   0.277859E-35   0.219225E-29   0.113088E-34   0.227516E-34   0.456686E-34   0.147731E-28   0.236976E-28   0.379716E-28   0.735176E-33   0.147247E-32   0.294870E-32   0.589854E-32   0.190745E-09   0.174427E-10   0.765731E-12   0.766689E-14   0.504244E-17   0.261059E-20   0.105824E-22   0.429902E-22
   0.316667E+01   0.106574E-35   0.226792E-35   0.481397E-35   0.100951E-34   0.209658E-34   0.432071E-34   0.873655E-34   0.256307E-28   0.361551E-33   0.731802E-33   0.147751E-32   0.164196E-27   0.260868E-27   0.414329E-27   0.239080E-31   0.479598E-31   0.961484E-31   0.192654E-30   0.321839E-09   0.293727E-10   0.129447E-11   0.129743E-13   0.853210E-17   0.440893E-20   0.199625E-22   0.734751E-22
   0.316667E+01   0.332430E-34   0.713882E-34   0.152704E-33   0.322190E-33   0.672389E-33   0.139105E-32   0.281978E-32   0.119915E-28   0.117202E-31   0.237588E-31   0.480289E-31   0.764173E-28   0.121319E-27   0.192581E-27   0.778986E-30   0.156326E-29   0.313493E-29   0.628320E-29   0.112751E-09   0.101233E-10   0.445588E-12   0.447094E-14   0.294935E-17   0.153710E-20   0.795800E-23   0.259516E-22
   0.316667E+01   0.423229E-32   0.899458E-32   0.191042E-31   0.401061E-31   0.833985E-31   0.172088E-30   0.348079E-30   0.120626E-28   0.144319E-29   0.292308E-29   0.590318E-29   0.841715E-28   0.138497E-27   0.229120E-27   0.909795E-28   0.174287E-27   0.326595E-27   0.598118E-27   0.106489E-09   0.955902E-11   0.420741E-12   0.422170E-14   0.278506E-17   0.145164E-20   0.752802E-23   0.245127E-22
   0.316667E+01   0.817747E-36   0.163548E-35   0.327092E-35   0.654193E-35   0.130839E-34   0.261678E-34   0.523347E-34   0.101344E-35   0.209338E-33   0.418676E-33   0.210167E-34   0.706129E-36   0.138880E-35   0.247768E-35   0.336243E-33   0.672390E-33   0.134440E-32   0.268956E-32   0.525895E-17   0.492907E-18   0.217046E-19   0.217237E-21   0.142362E-24   0.727983E-28   0.263172E-30   0.117164E-29
   0.316667E+01   0.210619E-37   0.422678E-37   0.848060E-37   0.170047E-36   0.340776E-36   0.682915E-36   0.136743E-35   0.108415E-32   0.548476E-35   0.109733E-34   0.219661E-34   0.727340E-32   0.116601E-31   0.186744E-31   0.351025E-33   0.701039E-33   0.139813E-32   0.278778E-32   0.178641E-12   0.167466E-13   0.737462E-15   0.738106E-17   0.483704E-20   0.247401E-23   0.892401E-26   0.397658E-25
   0.316667E+01   0.665565E-37   0.145091E-36   0.314169E-36   0.670725E-36   0.141483E-35   0.295421E-35   0.605163E-35   0.960391E-31   0.254520E-34   0.518226E-34   0.105088E-33   0.646949E-30   0.103770E-29   0.166265E-29   0.165656E-32   0.321028E-32   0.611647E-32   0.114599E-31   0.153363E-10   0.143204E-11   0.628597E-13   0.627361E-15   0.409951E-18   0.210629E-21   0.772967E-24   0.341692E-23
   0.316667E+01   0.191990E-35   0.436533E-35   0.978304E-35   0.214338E-34   0.461093E-34   0.977457E-34   0.202007E-33   0.405862E-29   0.863534E-33   0.176792E-32   0.360046E-32   0.274072E-28   0.439697E-28   0.704574E-28   0.566714E-31   0.108985E-30   0.205033E-30   0.377109E-30   0.190197E-09   0.174459E-10   0.768194E-12   0.769555E-14   0.505686E-17   0.260842E-20   0.108200E-22   0.431343E-22
   0.316667E+01   0.192388E-33   0.441148E-33   0.995294E-33   0.219208E-32   0.473520E-32   0.100707E-31   0.208641E-31   0.282364E-28   0.895144E-31   0.183497E-30   0.374076E-30   0.180619E-27   0.287055E-27   0.456202E-27   0.589960E-29   0.113458E-28   0.213409E-28   0.392346E-28   0.334523E-09   0.305383E-10   0.134592E-11   0.134898E-13   0.887065E-17   0.458313E-20   0.207765E-22   0.763768E-22
   0.316667E+01   0.695721E-32   0.161220E-31   0.366859E-31   0.813588E-31   0.176727E-30   0.377540E-30   0.784963E-30   0.148755E-28   0.337869E-29   0.689645E-29   0.138600E-28   0.111581E-27   0.186075E-27   0.309547E-27   0.174584E-27   0.306851E-27   0.526721E-27   0.887152E-27   0.123079E-09   0.110398E-10   0.485954E-12   0.487589E-14   0.321693E-17   0.167738E-20   0.872899E-23   0.283328E-22
   0.316667E+01   0.430590E-30   0.718043E-30   0.117712E-29   0.190798E-29   0.307125E-29   0.492209E-29   0.786337E-29   0.251322E-28   0.199776E-28   0.317888E-28   0.505446E-28   0.160900E-27   0.255509E-27   0.405604E-27   0.321489E-27   0.510132E-27   0.809248E-27   0.128339E-26   0.118037E-09   0.105887E-10   0.466119E-12   0.467693E-14   0.308561E-17   0.160876E-20   0.836650E-23   0.271728E-22
   0.316667E+01   0.205329E-37   0.410688E-37   0.821729E-37   0.164275E-36   0.328551E-36   0.657007E-36   0.131373E-35   0.721084E-37   0.525455E-35   0.105114E-34   0.210167E-34   0.778244E-36   0.144892E-35   0.267012E-35   0.336123E-33   0.672342E-33   0.134468E-32   0.268975E-32   0.653557E-17   0.612663E-18   0.269790E-19   0.270061E-21   0.176987E-24   0.905142E-28   0.327033E-30   0.145603E-29
   0.316667E+01   0.207960E-37   0.415155E-37   0.828900E-37   0.165604E-36   0.330737E-36   0.660769E-36   0.131994E-35   0.524934E-35   0.527336E-35   0.105369E-34   0.210694E-34   0.356279E-34   0.573317E-34   0.922997E-34   0.336677E-33   0.673450E-33   0.134546E-32   0.269168E-32   0.856960E-15   0.803220E-16   0.353641E-17   0.353869E-19   0.231790E-22   0.118604E-25   0.428581E-28   0.190867E-27
   0.316667E+01   0.422914E-37   0.802804E-37   0.150881E-36   0.282530E-36   0.529443E-36   0.996443E-36   0.188483E-35   0.459946E-33   0.688144E-35   0.132716E-34   0.257307E-34   0.311024E-32   0.499138E-32   0.800085E-32   0.376592E-33   0.740905E-33   0.146024E-32   0.288215E-32   0.664227E-13   0.613589E-14   0.267923E-15   0.266846E-17   0.174763E-20   0.906762E-24   0.343565E-26   0.147986E-25
   0.316667E+01   0.518427E-33   0.941466E-33   0.165994E-32   0.286804E-32   0.489340E-32   0.828919E-32   0.139694E-31   0.927733E-29   0.399166E-31   0.678524E-31   0.115888E-30   0.614583E-28   0.982262E-28   0.156847E-27   0.995424E-30   0.168916E-29   0.284568E-29   0.475811E-29   0.215413E-09   0.197822E-10   0.872166E-12   0.873727E-14   0.573902E-17   0.295633E-20   0.124519E-22   0.489652E-22
   0.316667E+01   0.424339E-31   0.776163E-31   0.137632E-30   0.238881E-30   0.409042E-30   0.694875E-30   0.117368E-29   0.226129E-28   0.336434E-29   0.572498E-29   0.978560E-29   0.148213E-27   0.237405E-27   0.380356E-27   0.840790E-28   0.142574E-27   0.239951E-27   0.400719E-27   0.257439E-09   0.236149E-10   0.104137E-11   0.104332E-13   0.685404E-17   0.353215E-20   0.153369E-22   0.586266E-22
   0.316667E+01   0.484553E-31   0.781721E-31   0.125465E-30   0.200748E-30   0.320608E-30   0.511452E-30   0.815236E-30   0.266012E-29   0.206974E-29   0.329717E-29   0.525198E-29   0.170736E-28   0.271448E-28   0.431414E-28   0.337161E-28   0.536124E-28   0.852094E-28   0.135367E-27   0.119441E-10   0.106690E-11   0.469190E-13   0.470781E-15   0.310858E-18   0.162518E-21   0.869968E-24   0.275204E-23
   0.316667E+01   0.509344E-30   0.808437E-30   0.128311E-29   0.203642E-29   0.323195E-29   0.512924E-29   0.814017E-29   0.256892E-28   0.205007E-28   0.325325E-28   0.516237E-28   0.163660E-27   0.259755E-27   0.412184E-27   0.327097E-27   0.518818E-27   0.822776E-27   0.130454E-26   0.120839E-09   0.108460E-10   0.477508E-12   0.479121E-14   0.316067E-17   0.164731E-20   0.853491E-23   0.278173E-22
   0.316667E+01   0.829173E-35   0.144580E-34   0.247304E-34   0.417163E-34   0.697122E-34   0.115807E-33   0.191558E-33   0.724410E-31   0.524547E-33   0.870549E-33   0.144943E-32   0.487635E-30   0.782057E-30   0.125289E-29   0.113348E-31   0.189250E-31   0.315072E-31   0.523009E-31   0.118297E-10   0.110914E-11   0.488481E-13   0.488958E-15   0.320484E-18   0.163922E-21   0.591235E-24   0.263465E-23
   0.316667E+01   0.212852E-34   0.373703E-34   0.642637E-34   0.108846E-33   0.182453E-33   0.303767E-33   0.503217E-33   0.191456E-30   0.137963E-32   0.228924E-32   0.380906E-32   0.129411E-29   0.207662E-29   0.332832E-29   0.295632E-31   0.491894E-31   0.815368E-31   0.134611E-30   0.313288E-10   0.293542E-11   0.129195E-12   0.129229E-14   0.845817E-18   0.432993E-21   0.156960E-23   0.698231E-23
   0.316667E+01   0.748770E-33   0.132381E-32   0.228895E-32   0.389342E-32   0.654768E-32   0.109282E-31   0.181362E-31   0.693015E-29   0.498230E-31   0.827016E-31   0.137604E-30   0.470365E-28   0.755205E-28   0.121095E-27   0.106405E-29   0.176693E-29   0.292135E-29   0.480709E-29   0.872200E-09   0.808852E-10   0.355001E-11   0.354897E-13   0.232764E-16   0.119778E-19   0.450131E-22   0.194872E-21
   0.316667E+01   0.128706E-28   0.229182E-28   0.398529E-28   0.680946E-28   0.114927E-27   0.192361E-27   0.319956E-27   0.527416E-25   0.881773E-27   0.146528E-26   0.244016E-26   0.341283E-24   0.543264E-24   0.864394E-24   0.189050E-25   0.313996E-25   0.519217E-25   0.854431E-25   0.102523E-05   0.961301E-07   0.422906E-08   0.422924E-10   0.276861E-13   0.141392E-16   0.501678E-19   0.226642E-18
   0.316667E+01   0.898204E-28   0.145130E-27   0.233096E-27   0.373019E-27   0.595579E-27   0.949538E-27   0.151232E-26   0.492361E-26   0.383017E-26   0.609251E-26   0.968922E-26   0.313926E-25   0.498474E-25   0.791363E-25   0.618466E-25   0.982333E-25   0.155970E-24   0.247541E-24   0.261961E-07   0.238043E-08   0.104774E-09   0.105006E-11   0.691133E-15   0.358197E-18   0.168432E-20   0.597542E-20
   0.316667E+01   0.242739E-29   0.385023E-29   0.610754E-29   0.968895E-29   0.153714E-28   0.243877E-28   0.386939E-28   0.122739E-27   0.974115E-28   0.154559E-27   0.245227E-27   0.778747E-27   0.123529E-26   0.195927E-26   0.155319E-26   0.246337E-26   0.390629E-26   0.619313E-26   0.517922E-09   0.463114E-10   0.203408E-11   0.203997E-13   0.134682E-16   0.704408E-20   0.373329E-22   0.118893E-21
   0.316667E+01   0.158982E-27   0.252097E-27   0.399804E-27   0.634131E-27   0.100590E-26   0.159574E-26   0.253160E-26   0.803492E-26   0.637244E-26   0.101104E-25   0.160408E-25   0.509714E-25   0.808514E-25   0.128235E-24   0.101588E-24   0.161116E-24   0.255485E-24   0.405044E-24   0.483251E-07   0.442964E-08   0.195226E-09   0.195609E-11   0.128535E-14   0.662802E-18   0.290575E-20   0.109879E-19
   0.316667E+01   0.000000E+00   0.000000E+00   0.000000E+00   0.000000E+00   0.000000E+00   0.000000E+00   0.000000E+00   0.000000E+00   0.000000E+00   0.000000E+00   0.000000E+00   0.000000E+00   0.000000E+00   0.000000E+00   0.000000E+00   0.000000E+00   0.000000E+00   0.000000E+00   0.000000E+00   0.000000E+00   0.000000E+00   0.000000E+00   0.000000E+00   0.000000E+00   0.000000E+00   0.000000E+00
   0.316667E+01   0.233245E-26   0.465570E-26   0.929647E-26   0.185689E-25   0.370990E-25   0.741361E-25   0.148173E-24   0.299383E-24   0.592125E-24   0.118385E-23   0.236706E-23   0.475954E-23   0.950773E-23   0.189963E-22   0.378490E-22   0.756914E-22   0.151372E-21   0.302728E-21   0.123723E-06   0.118297E-07   0.518309E-09   0.517284E-11   0.337779E-14   0.171992E-17   0.436366E-19   0.109633E-18
   0.333333E+01   0.218750E-25   0.437500E-25   0.875000E-25   0.175000E-24   0.350000E-24   0.700000E-24   0.140000E-23   0.278073E-23   0.560000E-23   0.112000E-22   0.224000E-22   0.447328E-22   0.895039E-22   0.179058E-21   0.358400E-21   0.716800E-21   0.143360E-20   0.286720E-20   0.246546E-06   0.310173E-07   0.169668E-08   0.218077E-10   0.133212E-13   0.285457E-18   0.366951E-18   0.845621E-18
   0.333333E+01   0.817739E-36   0.163540E-35   0.327075E-35   0.654159E-35   0.130831E-34   0.261665E-34   0.523327E-34   0.108148E-35   0.209328E-33   0.418658E-33   0.837320E-33   0.164360E-34   0.325794E-34   0.647323E-34   0.133970E-31   0.267942E-31   0.535880E-31   0.107176E-30   0.177279E-16   0.202292E-17   0.112816E-18   0.146181E-20   0.915478E-24   0.203276E-28   0.343753E-30   0.389625E-29
   0.333333E+01   0.817740E-36   0.163549E-35   0.327098E-35   0.654193E-35   0.130838E-34   0.261675E-34   0.523323E-34   0.123717E-34   0.209338E-33   0.418679E-33   0.837325E-33   0.906954E-34   0.151354E-33   0.254527E-33   0.133976E-31   0.267952E-31   0.535901E-31   0.107175E-30   0.200765E-14   0.229089E-15   0.127760E-16   0.165545E-18   0.103674E-21   0.230200E-26   0.347031E-30   0.441075E-27
   0.333333E+01   0.817739E-36   0.163549E-35   0.327095E-35   0.654192E-35   0.130838E-34   0.261677E-34   0.523322E-34   0.140256E-35   0.209339E-33   0.418679E-33   0.837313E-33   0.185543E-34   0.359943E-34   0.702048E-34   0.133978E-31   0.267953E-31   0.535902E-31   0.107177E-30   0.746413E-16   0.851847E-17   0.475103E-18   0.615657E-20   0.385595E-23   0.856252E-28   0.343925E-30   0.164094E-28
   0.333333E+01   0.817742E-36   0.163549E-35   0.327095E-35   0.654190E-35   0.130838E-34   0.261678E-34   0.523322E-34   0.432951E-34   0.209340E-33   0.418675E-33   0.837311E-33   0.296425E-33   0.480743E-33   0.781598E-33   0.133976E-31   0.267952E-31   0.535908E-31   0.107177E-30   0.755144E-14   0.861937E-15   0.480775E-16   0.623047E-18   0.390265E-21   0.866692E-26   0.356249E-30   0.166091E-26
   0.333333E+01   0.817768E-36   0.163554E-35   0.327105E-35   0.654212E-35   0.130842E-34   0.261687E-34   0.131401E-35   0.397689E-32   0.526584E-35   0.105332E-34   0.210348E-34   0.264869E-31   0.424188E-31   0.678805E-31   0.336990E-33   0.673642E-33   0.134825E-32   0.269206E-32   0.713862E-12   0.814794E-13   0.454441E-14   0.588853E-16   0.368710E-19   0.818624E-24   0.154117E-29   0.157101E-24
   0.333333E+01   0.238596E-37   0.479278E-37   0.961084E-37   0.192722E-36   0.386362E-36   0.773899E-36   0.154535E-35   0.318851E-30   0.620059E-35   0.124110E-34   0.247948E-34   0.210559E-29   0.336819E-29   0.538495E-29   0.397753E-33   0.795457E-33   0.159207E-32   0.317855E-32   0.514874E-10   0.582359E-11   0.322995E-12   0.417003E-14   0.261624E-17   0.588065E-22   0.949629E-28   0.113438E-22
   0.333333E+01   0.817742E-36   0.163548E-35   0.327097E-35   0.654193E-35   0.130838E-34   0.261677E-34   0.523326E-34   0.256081E-35   0.209340E-33   0.418676E-33   0.837316E-33   0.262435E-34   0.483190E-34   0.899059E-34   0.133978E-31   0.267954E-31   0.535903E-31   0.107176E-30   0.281822E-15   0.321675E-16   0.179424E-17   0.232518E-19   0.145644E-22   0.323442E-27   0.344221E-30   0.619851E-28
   0.333333E+01   0.817736E-36   0.163549E-35   0.327098E-35   0.654185E-35   0.130839E-34   0.261675E-34   0.523318E-34   0.151291E-33   0.209340E-33   0.418680E-33   0.837314E-33   0.101659E-32   0.163429E-32   0.262778E-32   0.133977E-31   0.267956E-31   0.535907E-31   0.107177E-30   0.269792E-13   0.307989E-14   0.171805E-15   0.222660E-17   0.139483E-20   0.309784E-25   0.388909E-30   0.593713E-26
   0.333333E+01   0.817815E-36   0.413304E-37   0.826314E-37   0.165357E-36   0.330620E-36   0.661521E-36   0.132050E-35   0.135643E-31   0.529255E-35   0.105828E-34   0.211386E-34   0.906901E-31   0.145316E-30   0.232637E-30   0.338723E-33   0.677590E-33   0.135508E-32   0.270478E-32   0.244272E-11   0.278739E-12   0.155423E-13   0.201333E-15   0.125977E-18   0.279736E-23   0.445357E-29   0.537917E-24
   0.333333E+01   0.279680E-37   0.566089E-37   0.114646E-36   0.231737E-36   0.467188E-36   0.940537E-36   0.188230E-35   0.861619E-30   0.759764E-35   0.152337E-34   0.304914E-34   0.578450E-29   0.927386E-29   0.148532E-28   0.491064E-33   0.982995E-33   0.196647E-32   0.393063E-32   0.120949E-09   0.135711E-10   0.752624E-12   0.973326E-14   0.613344E-17   0.138053E-21   0.262608E-27   0.267710E-22
   0.333333E+01   0.330498E-36   0.694350E-36   0.145624E-35   0.302477E-35   0.623421E-35   0.127703E-34   0.257519E-34   0.187729E-28   0.105845E-33   0.213720E-33   0.430633E-33   0.121565E-27   0.193519E-27   0.307910E-27   0.701296E-32   0.140595E-31   0.281730E-31   0.564257E-31   0.324756E-09   0.361589E-10   0.201907E-11   0.261932E-13   0.165147E-16   0.370533E-21   0.115472E-25   0.735116E-22
   0.333333E+01   0.117154E-34   0.239868E-34   0.493210E-34   0.100836E-33   0.205227E-33   0.416190E-33   0.831924E-33   0.108746E-28   0.338036E-32   0.679811E-32   0.136558E-31   0.692764E-28   0.109959E-27   0.174501E-27   0.220727E-30   0.442064E-30   0.885099E-30   0.177173E-29   0.118124E-09   0.129366E-10   0.721787E-12   0.937091E-14   0.594264E-17   0.134507E-21   0.268107E-25   0.269307E-22
   0.333333E+01   0.817736E-36   0.163547E-35   0.327094E-35   0.654190E-35   0.130837E-34   0.261674E-34   0.523323E-34   0.486779E-35   0.209339E-33   0.418681E-33   0.837317E-33   0.416398E-34   0.729926E-34   0.129392E-33   0.133976E-31   0.267955E-31   0.535905E-31   0.107176E-30   0.694262E-15   0.792548E-16   0.442103E-17   0.572965E-19   0.358926E-22   0.797148E-27   0.344911E-30   0.152778E-27
   0.333333E+01   0.817744E-36   0.163549E-35   0.327095E-35   0.654191E-35   0.130838E-34   0.261679E-34   0.523327E-34   0.361469E-33   0.209340E-33   0.418681E-33   0.837316E-33   0.242522E-32   0.389209E-32   0.624311E-32   0.336267E-33   0.672776E-33   0.134488E-32   0.268436E-32   0.647933E-13   0.739772E-14   0.412698E-15   0.534893E-17   0.335109E-20   0.744312E-25   0.454303E-30   0.142662E-25
   0.333333E+01   0.209356E-37   0.419093E-37   0.838950E-37   0.167931E-36   0.336121E-36   0.672806E-36   0.134232E-35   0.450193E-31   0.538358E-35   0.107702E-34   0.214967E-34   0.302147E-30   0.484386E-30   0.775766E-30   0.344766E-33   0.689435E-33   0.137897E-32   0.275254E-32   0.804906E-11   0.917725E-12   0.511313E-13   0.661814E-15   0.413667E-18   0.920768E-23   0.142643E-28   0.177416E-23
   0.333333E+01   0.391307E-37   0.804156E-37   0.165269E-36   0.337943E-36   0.687993E-36   0.139635E-35   0.280322E-35   0.220552E-29   0.114134E-34   0.229599E-34   0.461004E-34   0.148635E-28   0.238417E-28   0.382005E-28   0.742133E-33   0.148629E-32   0.297604E-32   0.595266E-32   0.214412E-09   0.239082E-10   0.133005E-11   0.172365E-13   0.108770E-16   0.244624E-21   0.684040E-27   0.478921E-22
   0.333333E+01   0.104615E-35   0.222623E-35   0.472542E-35   0.990925E-35   0.205797E-34   0.424115E-34   0.857564E-34   0.251032E-28   0.354894E-33   0.718319E-33   0.145029E-32   0.160846E-27   0.255550E-27   0.405886E-27   0.234679E-31   0.470768E-31   0.943786E-31   0.189107E-30   0.358251E-09   0.398538E-10   0.222554E-11   0.288723E-13   0.182085E-16   0.408707E-21   0.332271E-25   0.811663E-22
   0.333333E+01   0.335211E-34   0.719851E-34   0.153980E-33   0.324880E-33   0.678000E-33   0.140265E-32   0.284329E-32   0.120850E-28   0.118179E-31   0.239567E-31   0.484290E-31   0.770234E-28   0.122282E-27   0.194111E-27   0.785479E-30   0.157628E-29   0.316106E-29   0.633556E-29   0.129150E-09   0.141317E-10   0.788366E-12   0.102351E-13   0.649277E-17   0.147045E-21   0.304233E-25   0.294495E-22
   0.333333E+01   0.427752E-32   0.909192E-32   0.193129E-31   0.405479E-31   0.843228E-31   0.174004E-30   0.351971E-30   0.121560E-28   0.145941E-29   0.295600E-29   0.596970E-29   0.848610E-28   0.139647E-27   0.231046E-27   0.919584E-28   0.176108E-27   0.329892E-27   0.603947E-27   0.122012E-09   0.133480E-10   0.744642E-12   0.966755E-14   0.613320E-17   0.138915E-21   0.290972E-25   0.278245E-22
   0.333333E+01   0.817747E-36   0.163548E-35   0.327094E-35   0.654185E-35   0.130837E-34   0.261676E-34   0.523353E-34   0.101555E-35   0.209340E-33   0.418676E-33   0.210227E-34   0.736164E-36   0.138879E-35   0.252578E-35   0.336340E-33   0.672390E-33   0.134478E-32   0.269033E-32   0.620876E-17   0.708910E-18   0.395467E-19   0.512565E-21   0.321081E-24   0.732927E-29   0.343703E-30   0.136841E-29
   0.333333E+01   0.210884E-37   0.423354E-37   0.849589E-37   0.170423E-36   0.341716E-36   0.684655E-36   0.137063E-35   0.113293E-32   0.549830E-35   0.110056E-34   0.220233E-34   0.760117E-32   0.121851E-31   0.195142E-31   0.352132E-33   0.702964E-33   0.140150E-32   0.279395E-32   0.203315E-12   0.232161E-13   0.129523E-14   0.167877E-16   0.105171E-19   0.233593E-24   0.706928E-30   0.447899E-25
   0.333333E+01   0.696231E-37   0.152038E-36   0.329709E-36   0.704709E-36   0.148773E-35   0.310853E-35   0.637043E-35   0.100328E-30   0.268122E-34   0.545971E-34   0.110735E-33   0.675884E-30   0.108407E-29   0.173685E-29   0.174482E-32   0.337885E-32   0.643174E-32   0.120346E-31   0.174762E-10   0.198851E-11   0.110615E-12   0.142993E-14   0.894098E-18   0.199795E-22   0.327224E-28   0.385767E-23
   0.333333E+01   0.191630E-35   0.435772E-35   0.976704E-35   0.214006E-34   0.460409E-34   0.976062E-34   0.201728E-33   0.396832E-29   0.862395E-33   0.176562E-32   0.359580E-32   0.268011E-28   0.429966E-28   0.688955E-28   0.565703E-31   0.108756E-30   0.204534E-30   0.376061E-30   0.210561E-09   0.235493E-10   0.131388E-11   0.170377E-13   0.107298E-16   0.240358E-21   0.128745E-26   0.473785E-22
   0.333333E+01   0.190299E-33   0.436420E-33   0.984734E-33   0.216901E-32   0.468570E-32   0.996594E-32   0.206481E-31   0.276235E-28   0.885932E-31   0.181612E-30   0.370237E-30   0.176729E-27   0.280881E-27   0.446398E-27   0.583614E-29   0.112203E-28   0.210975E-28   0.387735E-28   0.372128E-09   0.414090E-10   0.231253E-11   0.300009E-13   0.189182E-16   0.424554E-21   0.560360E-25   0.843313E-22
   0.333333E+01   0.710839E-32   0.164735E-31   0.374876E-31   0.831401E-31   0.180602E-30   0.385826E-30   0.802205E-30   0.150678E-28   0.345256E-29   0.704538E-29   0.141520E-28   0.113150E-27   0.188700E-27   0.313893E-27   0.177608E-27   0.311899E-27   0.535006E-27   0.900598E-27   0.141270E-09   0.154422E-10   0.861455E-12   0.111836E-13   0.709682E-17   0.160824E-21   0.339904E-25   0.322177E-22
   0.333333E+01   0.436037E-30   0.726573E-30   0.119048E-29   0.192897E-29   0.310430E-29   0.497421E-29   0.794573E-29   0.253888E-28   0.201837E-28   0.321151E-28   0.510614E-28   0.162547E-27   0.258125E-27   0.409754E-27   0.324750E-27   0.515304E-27   0.817446E-27   0.129638E-26   0.135408E-09   0.148038E-10   0.825895E-12   0.107221E-13   0.680354E-17   0.154154E-21   0.325557E-25   0.308828E-22
   0.333333E+01   0.205388E-37   0.410777E-37   0.821200E-37   0.164228E-36   0.328433E-36   0.656725E-36   0.131392E-35   0.750873E-37   0.525531E-35   0.105099E-34   0.210197E-34   0.790249E-36   0.147897E-35   0.273025E-35   0.336219E-33   0.672631E-33   0.134478E-32   0.268898E-32   0.769672E-17   0.878822E-18   0.490327E-19   0.635570E-21   0.398189E-24   0.908992E-29   0.343654E-30   0.169724E-29
   0.333333E+01   0.208209E-37   0.415861E-37   0.830310E-37   0.165768E-36   0.331019E-36   0.661098E-36   0.132126E-35   0.574213E-35   0.527487E-35   0.105437E-34   0.210799E-34   0.389746E-34   0.626578E-34   0.100803E-33   0.336749E-33   0.673498E-33   0.134584E-32   0.269072E-32   0.102156E-14   0.116632E-15   0.650568E-17   0.843031E-19   0.527815E-22   0.117191E-26   0.345577E-30   0.225170E-27
   0.333333E+01   0.444366E-37   0.841419E-37   0.157581E-36   0.294038E-36   0.549120E-36   0.102973E-35   0.194032E-35   0.493983E-33   0.703980E-35   0.135417E-34   0.261941E-34   0.334062E-32   0.536094E-32   0.859264E-32   0.380540E-33   0.747935E-33   0.147218E-32   0.290122E-32   0.779460E-13   0.877592E-14   0.485597E-15   0.626183E-17   0.393569E-20   0.889554E-25   0.511734E-30   0.172223E-25
   0.333333E+01   0.510645E-33   0.926696E-33   0.163321E-32   0.282122E-32   0.481310E-32   0.815335E-32   0.137418E-31   0.896357E-29   0.392823E-31   0.667905E-31   0.114099E-30   0.594010E-28   0.949411E-28   0.151604E-27   0.979868E-30   0.166233E-29   0.279969E-29   0.467994E-29   0.237229E-09   0.265659E-10   0.148389E-11   0.192438E-13   0.121087E-16   0.270857E-21   0.369324E-26   0.535427E-22
   0.333333E+01   0.417119E-31   0.762431E-31   0.135140E-30   0.234502E-30   0.401509E-30   0.682091E-30   0.115220E-29   0.219637E-28   0.330409E-29   0.562379E-29   0.961458E-29   0.144035E-27   0.230737E-27   0.369709E-27   0.825835E-28   0.139994E-27   0.235528E-27   0.393202E-27   0.283958E-09   0.317564E-10   0.177419E-11   0.230102E-13   0.144836E-16   0.324160E-21   0.476401E-25   0.642229E-22
   0.333333E+01   0.500860E-31   0.807831E-31   0.129636E-30   0.207402E-30   0.331212E-30   0.528343E-30   0.842132E-30   0.274702E-29   0.213791E-29   0.340570E-29   0.542471E-29   0.176326E-28   0.280334E-28   0.445531E-28   0.348202E-28   0.553661E-28   0.879936E-28   0.139785E-27   0.138653E-10   0.150853E-11   0.840707E-13   0.109133E-14   0.693810E-18   0.157745E-22   0.362608E-26   0.316333E-23
   0.333333E+01   0.512685E-30   0.813738E-30   0.129152E-29   0.204977E-29   0.325313E-29   0.516285E-29   0.819351E-29   0.258567E-28   0.206350E-28   0.327456E-28   0.519618E-28   0.164747E-27   0.261482E-27   0.414928E-27   0.329239E-27   0.522216E-27   0.828163E-27   0.131308E-26   0.138400E-09   0.151406E-10   0.844809E-12   0.109679E-13   0.695772E-17   0.157574E-21   0.329114E-25   0.315702E-22
   0.333333E+01   0.870170E-35   0.151665E-34   0.259343E-34   0.437375E-34   0.730795E-34   0.121390E-33   0.200784E-33   0.745390E-31   0.549806E-33   0.912480E-33   0.151922E-32   0.501791E-30   0.804731E-30   0.128915E-29   0.118699E-31   0.198095E-31   0.329623E-31   0.546833E-31   0.132576E-10   0.151408E-11   0.844792E-13   0.109506E-14   0.686175E-18   0.152428E-22   0.263628E-28   0.292205E-23
   0.333333E+01   0.231692E-34   0.406610E-34   0.699016E-34   0.118371E-33   0.198393E-33   0.330281E-33   0.547123E-33   0.204327E-30   0.150007E-32   0.248921E-32   0.414189E-32   0.138119E-29   0.221629E-29   0.355198E-29   0.321250E-31   0.534317E-31   0.885309E-31   0.146085E-30   0.364182E-10   0.415657E-11   0.231777E-12   0.300238E-14   0.187829E-17   0.417103E-22   0.721425E-28   0.803246E-23
   0.333333E+01   0.770632E-33   0.136191E-32   0.235416E-32   0.400359E-32   0.673223E-32   0.112357E-31   0.186466E-31   0.699249E-29   0.512325E-31   0.850504E-31   0.141526E-30   0.474627E-28   0.762022E-28   0.122182E-27   0.109416E-29   0.181657E-29   0.300279E-29   0.494004E-29   0.966103E-09   0.109169E-09   0.607024E-11   0.785678E-13   0.493564E-16   0.110389E-20   0.246937E-26   0.214330E-21
   0.333333E+01   0.125163E-28   0.222785E-28   0.387295E-28   0.661628E-28   0.111655E-27   0.186875E-27   0.310833E-27   0.506611E-25   0.856754E-27   0.142387E-26   0.237142E-26   0.327935E-24   0.522037E-24   0.830642E-24   0.183688E-25   0.305032E-25   0.504288E-25   0.829690E-25   0.110187E-05   0.125870E-06   0.701570E-08   0.908619E-10   0.568398E-13   0.126090E-17   0.405405E-22   0.241048E-18
   0.333333E+01   0.911292E-28   0.147302E-27   0.236649E-27   0.378781E-27   0.604870E-27   0.964465E-27   0.153624E-26   0.500328E-26   0.389137E-26   0.619028E-26   0.984534E-26   0.319131E-25   0.506767E-25   0.804563E-25   0.628554E-25   0.998389E-25   0.158523E-24   0.251600E-24   0.295783E-07   0.327204E-08   0.182460E-09   0.236665E-11   0.149590E-14   0.337176E-19   0.646745E-23   0.668561E-20
   0.333333E+01   0.257560E-29   0.408529E-29   0.648038E-29   0.102804E-28   0.163096E-28   0.258762E-28   0.410555E-28   0.130188E-27   0.103356E-27   0.163991E-27   0.260192E-27   0.826224E-27   0.131063E-26   0.207882E-26   0.164797E-26   0.261370E-26   0.414467E-26   0.657104E-26   0.605192E-09   0.658255E-10   0.366308E-11   0.475261E-13   0.302286E-16   0.688413E-21   0.164391E-24   0.137429E-21
   0.333333E+01   0.155019E-27   0.245814E-27   0.389840E-27   0.618327E-27   0.980827E-27   0.155597E-26   0.246850E-26   0.783230E-26   0.621362E-26   0.985842E-26   0.156410E-25   0.496991E-25   0.788355E-25   0.125040E-24   0.990556E-25   0.157100E-24   0.249117E-24   0.394949E-24   0.534361E-07   0.597011E-08   0.333387E-09   0.432412E-11   0.272312E-14   0.609929E-19   0.990661E-23   0.120519E-19
   0.333333E+01   0.000000E+00   0.000000E+00   0.000000E+00   0.000000E+00   0.000000E+00   0.000000E+00   0.000000E+00   0.000000E+00   0.000000E+00   0.000000E+00   0.000000E+00   0.000000E+00   0.000000E+00   0.000000E+00   0.000000E+00   0.000000E+00   0.000000E+00   0.000000E+00   0.000000E+00   0.000000E+00   0.000000E+00   0.000000E+00   0.000000E+00   0.000000E+00   0.000000E+00   0.000000E+00
   0.333333E+01   0.233220E-26   0.465531E-26   0.929585E-26   0.185679E-25   0.370974E-25   0.741336E-25   0.148169E-24   0.299150E-24   0.592115E-24   0.118383E-23   0.236703E-23   0.475822E-23   0.950567E-23   0.189931E-22   0.378488E-22   0.756912E-22   0.151372E-21   0.302727E-21   0.130662E-06   0.152048E-07   0.844147E-09   0.109161E-10   0.679795E-14   0.149845E-18   0.387405E-19   0.112208E-18
   0.350000E+01   0.218750E-25   0.437500E-25   0.875000E-25   0.175000E-24   0.350000E-24   0.700000E-24   0.140000E-23   0.278038E-23   0.560000E-23   0.112000E-22   0.224000E-22   0.447321E-22   0.895031E-22   0.179058E-21   0.358400E-21   0.716800E-21   0.143360E-20   0.286720E-20   0.241167E-06   0.356523E-07   0.242236E-08   0.399515E-10   0.353051E-13   0.131579E-17   0.366248E-18   0.845592E-18
   0.350000E+01   0.817739E-36   0.163540E-35   0.327075E-35   0.654159E-35   0.130831E-34   0.261665E-34   0.523327E-34   0.108602E-35   0.209328E-33   0.418658E-33   0.837320E-33   0.164688E-34   0.326453E-34   0.648403E-34   0.133970E-31   0.267942E-31   0.535880E-31   0.107176E-30   0.202134E-16   0.269982E-17   0.187309E-18   0.311277E-20   0.283187E-23   0.108524E-27   0.344926E-30   0.415850E-29
   0.350000E+01   0.817740E-36   0.163549E-35   0.327098E-35   0.654193E-35   0.130838E-34   0.261675E-34   0.523323E-34   0.129029E-34   0.209338E-33   0.418679E-33   0.837325E-33   0.941854E-34   0.156914E-33   0.263426E-33   0.133976E-31   0.267952E-31   0.535901E-31   0.107175E-30   0.229115E-14   0.306017E-15   0.212305E-16   0.352822E-18   0.320983E-21   0.123006E-25   0.487045E-30   0.471196E-27
   0.350000E+01   0.817739E-36   0.163549E-35   0.327095E-35   0.654192E-35   0.130838E-34   0.261677E-34   0.523322E-34   0.142125E-35   0.209339E-33   0.418679E-33   0.837313E-33   0.186802E-34   0.361743E-34   0.705172E-34   0.133978E-31   0.267953E-31   0.535902E-31   0.107177E-30   0.850047E-16   0.113552E-16   0.787848E-18   0.130938E-19   0.119134E-22   0.456582E-27   0.349011E-30   0.174929E-28
   0.350000E+01   0.817742E-36   0.163549E-35   0.327095E-35   0.654190E-35   0.130838E-34   0.261678E-34   0.523322E-34   0.452033E-34   0.209340E-33   0.418675E-33   0.837311E-33   0.309055E-33   0.500946E-33   0.813793E-33   0.133976E-31   0.267952E-31   0.535908E-31   0.107177E-30   0.860450E-14   0.114959E-14   0.797673E-16   0.132580E-17   0.120640E-20   0.462387E-25   0.883208E-30   0.177154E-26
   0.350000E+01   0.817768E-36   0.163554E-35   0.327109E-35   0.654212E-35   0.130842E-34   0.261687E-34   0.131430E-35   0.415742E-32   0.526659E-35   0.105332E-34   0.210348E-34   0.276855E-31   0.443346E-31   0.709402E-31   0.336990E-33   0.674172E-33   0.134825E-32   0.269245E-32   0.813644E-12   0.108702E-12   0.754209E-14   0.125343E-15   0.114014E-18   0.436913E-23   0.514040E-28   0.167615E-24
   0.350000E+01   0.240330E-37   0.482717E-37   0.968431E-37   0.194239E-36   0.389206E-36   0.779964E-36   0.155720E-35   0.329310E-30   0.624987E-35   0.125088E-34   0.249844E-34   0.217436E-29   0.347791E-29   0.555990E-29   0.400979E-33   0.802198E-33   0.160449E-32   0.320455E-32   0.582266E-10   0.771426E-11   0.532440E-12   0.881779E-14   0.803833E-17   0.311244E-21   0.398597E-26   0.120392E-22
   0.350000E+01   0.817739E-36   0.163548E-35   0.327092E-35   0.654187E-35   0.130837E-34   0.261674E-34   0.523322E-34   0.262829E-35   0.209338E-33   0.418676E-33   0.837314E-33   0.266938E-34   0.490040E-34   0.910722E-34   0.133977E-31   0.267954E-31   0.535910E-31   0.107177E-30   0.320378E-15   0.428030E-16   0.297000E-17   0.493636E-19   0.449178E-22   0.172159E-26   0.363851E-30   0.659604E-28
   0.350000E+01   0.817740E-36   0.163548E-35   0.327093E-35   0.654192E-35   0.130838E-34   0.261676E-34   0.523322E-34   0.157862E-33   0.209338E-33   0.418676E-33   0.837317E-33   0.106018E-32   0.170401E-32   0.273914E-32   0.133977E-31   0.267955E-31   0.535908E-31   0.107177E-30   0.307009E-13   0.410227E-14   0.284669E-15   0.473173E-17   0.430602E-20   0.165052E-24   0.226961E-29   0.632414E-26
   0.350000E+01   0.817819E-36   0.413451E-37   0.827078E-37   0.165392E-36   0.330925E-36   0.661851E-36   0.132097E-35   0.141580E-31   0.529480E-35   0.105934E-34   0.211401E-34   0.946459E-31   0.151642E-30   0.242743E-30   0.338867E-33   0.677735E-33   0.135566E-32   0.270535E-32   0.278011E-11   0.371341E-12   0.257587E-13   0.427974E-15   0.389058E-18   0.149106E-22   0.175311E-27   0.573103E-24
   0.350000E+01   0.282104E-37   0.571378E-37   0.115751E-36   0.233888E-36   0.471773E-36   0.950082E-36   0.190120E-35   0.874386E-30   0.767739E-35   0.153969E-34   0.308239E-34   0.586939E-29   0.940922E-29   0.150686E-28   0.496360E-33   0.993491E-33   0.198766E-32   0.397242E-32   0.135474E-09   0.178109E-10   0.122915E-11   0.203868E-13   0.186722E-16   0.723555E-21   0.108566E-25   0.281930E-22
   0.350000E+01   0.321338E-36   0.675034E-36   0.141568E-35   0.294032E-35   0.605979E-35   0.124123E-34   0.250300E-34   0.181129E-28   0.102877E-33   0.207719E-33   0.418532E-33   0.117329E-27   0.186782E-27   0.297199E-27   0.681587E-32   0.136641E-31   0.273801E-31   0.548381E-31   0.356834E-09   0.465309E-10   0.323332E-11   0.537936E-13   0.493027E-16   0.190477E-20   0.783348E-25   0.760142E-22
   0.350000E+01   0.116157E-34   0.237823E-34   0.489003E-34   0.999756E-34   0.203475E-33   0.412633E-33   0.824813E-33   0.107798E-28   0.335144E-32   0.673995E-32   0.135390E-31   0.686814E-28   0.109016E-27   0.173005E-27   0.218838E-30   0.438280E-30   0.877522E-30   0.175656E-29   0.133097E-09   0.170668E-10   0.118531E-11   0.197344E-13   0.182049E-16   0.708497E-21   0.355272E-25   0.285071E-22
   0.350000E+01   0.817739E-36   0.163549E-35   0.327095E-35   0.654199E-35   0.130838E-34   0.261676E-34   0.523318E-34   0.499940E-35   0.209341E-33   0.418678E-33   0.837319E-33   0.425075E-34   0.743507E-34   0.131557E-33   0.133977E-31   0.267950E-31   0.535908E-31   0.107176E-30   0.782444E-15   0.104550E-15   0.725499E-17   0.120591E-18   0.109740E-21   0.420639E-26   0.392816E-30   0.161173E-27
   0.350000E+01   0.817743E-36   0.163546E-35   0.327098E-35   0.654194E-35   0.130838E-34   0.261679E-34   0.523328E-34   0.374313E-33   0.209341E-33   0.418683E-33   0.837320E-33   0.251073E-32   0.402878E-32   0.646140E-32   0.336291E-33   0.672438E-33   0.134459E-32   0.268552E-32   0.731632E-13   0.977740E-14   0.678536E-15   0.112792E-16   0.102654E-19   0.393507E-24   0.494020E-29   0.150788E-25
   0.350000E+01   0.209664E-37   0.419534E-37   0.840067E-37   0.168107E-36   0.336568E-36   0.673464E-36   0.134392E-35   0.468793E-31   0.538997E-35   0.107875E-34   0.215313E-34   0.314588E-30   0.504290E-30   0.807573E-30   0.345127E-33   0.690301E-33   0.138099E-32   0.275735E-32   0.914333E-11   0.122038E-11   0.845938E-13   0.140447E-14   0.127552E-17   0.489790E-22   0.581368E-27   0.188679E-23
   0.350000E+01   0.392924E-37   0.807241E-37   0.165945E-36   0.339295E-36   0.690932E-36   0.140194E-35   0.281489E-35   0.218553E-29   0.114612E-34   0.230547E-34   0.462930E-34   0.147268E-28   0.236205E-28   0.378429E-28   0.745190E-33   0.149255E-32   0.298885E-32   0.597847E-32   0.237968E-09   0.310872E-10   0.215205E-11   0.357659E-13   0.328097E-16   0.127021E-20   0.268099E-25   0.499790E-22
   0.350000E+01   0.101530E-35   0.216038E-35   0.458533E-35   0.961496E-35   0.199677E-34   0.411486E-34   0.832009E-34   0.243315E-28   0.344304E-33   0.696879E-33   0.140699E-32   0.155934E-27   0.247751E-27   0.393506E-27   0.227662E-31   0.456689E-31   0.915553E-31   0.183450E-30   0.394169E-09   0.513497E-10   0.356837E-11   0.593692E-13   0.544306E-16   0.210372E-20   0.903033E-25   0.840391E-22
   0.350000E+01   0.333096E-34   0.715248E-34   0.152986E-33   0.322765E-33   0.673556E-33   0.139341E-32   0.282446E-32   0.120290E-28   0.117391E-31   0.237968E-31   0.481051E-31   0.766757E-28   0.121731E-27   0.193238E-27   0.780187E-30   0.156566E-29   0.313974E-29   0.629283E-29   0.145823E-09   0.186802E-10   0.129716E-11   0.215960E-13   0.199306E-16   0.776095E-21   0.394049E-25   0.312344E-22
   0.350000E+01   0.424124E-32   0.901336E-32   0.191436E-31   0.401883E-31   0.835681E-31   0.172435E-30   0.348777E-30   0.120887E-28   0.144606E-29   0.292888E-29   0.591486E-29   0.843760E-28   0.138837E-27   0.229688E-27   0.911642E-28   0.174648E-27   0.327286E-27   0.599413E-27   0.137785E-09   0.176475E-10   0.122546E-11   0.204027E-13   0.188306E-16   0.733300E-21   0.372616E-25   0.295151E-22
   0.350000E+01   0.817734E-36   0.163547E-35   0.327096E-35   0.654187E-35   0.130837E-34   0.261675E-34   0.523349E-34   0.101785E-35   0.209340E-33   0.418679E-33   0.210152E-34   0.754180E-36   0.140080E-35   0.269416E-35   0.336219E-33   0.672535E-33   0.134497E-32   0.268879E-32   0.724275E-17   0.967832E-18   0.671644E-19   0.111649E-20   0.101609E-23   0.408434E-28   0.344138E-30   0.149415E-29
   0.350000E+01   0.211251E-37   0.424089E-37   0.850764E-37   0.170658E-36   0.342210E-36   0.685737E-36   0.137373E-35   0.116776E-32   0.550846E-35   0.110244E-34   0.220699E-34   0.783379E-32   0.125571E-31   0.201081E-31   0.352686E-33   0.703927E-33   0.140439E-32   0.279857E-32   0.228499E-12   0.305396E-13   0.211950E-14   0.352330E-16   0.320651E-19   0.122915E-23   0.147313E-28   0.471177E-25
   0.350000E+01   0.716229E-37   0.156573E-36   0.339765E-36   0.726573E-36   0.153451E-35   0.320745E-35   0.657383E-35   0.103378E-30   0.276777E-34   0.563726E-34   0.114343E-33   0.696341E-30   0.111680E-29   0.178913E-29   0.180209E-32   0.349017E-32   0.664273E-32   0.124284E-31   0.196661E-10   0.262001E-11   0.181345E-12   0.300720E-14   0.273191E-17   0.105259E-21   0.128217E-26   0.406651E-23
   0.350000E+01   0.186491E-35   0.424001E-35   0.950173E-35   0.208167E-34   0.447805E-34   0.949260E-34   0.196176E-33   0.382335E-29   0.838584E-33   0.171683E-32   0.349636E-32   0.258219E-28   0.414236E-28   0.663712E-28   0.550359E-31   0.105844E-30   0.199136E-30   0.366283E-30   0.230478E-09   0.301959E-10   0.209630E-11   0.348621E-13   0.319086E-16   0.123114E-20   0.369279E-25   0.488007E-22
   0.350000E+01   0.182876E-33   0.419327E-33   0.946043E-33   0.208357E-32   0.450073E-32   0.957188E-32   0.198305E-31   0.267469E-28   0.850784E-31   0.174403E-30   0.355535E-30   0.171144E-27   0.272005E-27   0.432292E-27   0.560744E-29   0.107844E-28   0.202857E-28   0.372962E-28   0.409154E-09   0.533182E-10   0.370543E-11   0.616500E-13   0.565139E-16   0.218383E-20   0.943269E-25   0.872587E-22
   0.350000E+01   0.703797E-32   0.163060E-31   0.370986E-31   0.822630E-31   0.178671E-30   0.381658E-30   0.793462E-30   0.150439E-28   0.341493E-29   0.697032E-29   0.140087E-28   0.112874E-27   0.188236E-27   0.313150E-27   0.176512E-27   0.310268E-27   0.532624E-27   0.897147E-27   0.159851E-09   0.204548E-10   0.142028E-11   0.236449E-13   0.218307E-16   0.850588E-21   0.437283E-25   0.342399E-22
   0.350000E+01   0.434270E-30   0.723941E-30   0.118652E-29   0.192294E-29   0.309502E-29   0.495984E-29   0.792331E-29   0.253197E-28   0.201286E-28   0.320285E-28   0.509249E-28   0.162133E-27   0.257471E-27   0.408721E-27   0.323898E-27   0.513954E-27   0.815308E-27   0.129299E-26   0.153109E-09   0.195967E-10   0.136081E-11   0.226554E-13   0.209149E-16   0.814757E-21   0.417060E-25   0.327988E-22
   0.350000E+01   0.205374E-37   0.410688E-37   0.821612E-37   0.164299E-36   0.328480E-36   0.657149E-36   0.131401E-35   0.778793E-37   0.525568E-35   0.105099E-34   0.210182E-34   0.817279E-36   0.149098E-35   0.279038E-35   0.336171E-33   0.672535E-33   0.134507E-32   0.268937E-32   0.895558E-17   0.119695E-17   0.830737E-19   0.138104E-20   0.125692E-23   0.505312E-28   0.344114E-30   0.184850E-29
   0.350000E+01   0.208474E-37   0.416390E-37   0.830957E-37   0.165862E-36   0.331278E-36   0.661615E-36   0.132116E-35   0.619934E-35   0.527788E-35   0.105445E-34   0.210814E-34   0.420298E-34   0.676112E-34   0.108693E-33   0.336797E-33   0.673642E-33   0.134623E-32   0.269206E-32   0.120300E-14   0.160761E-15   0.111551E-16   0.185397E-18   0.168626E-21   0.646254E-26   0.419640E-30   0.248206E-27
   0.350000E+01   0.462322E-37   0.873892E-37   0.163329E-36   0.303901E-36   0.565954E-36   0.105799E-35   0.198781E-35   0.523514E-33   0.717635E-35   0.137697E-34   0.265838E-34   0.353982E-32   0.568013E-32   0.910357E-32   0.383790E-33   0.753328E-33   0.148104E-32   0.291682E-32   0.903826E-13   0.119166E-13   0.820368E-15   0.135674E-16   0.123944E-19   0.482528E-24   0.682932E-29   0.187509E-25
   0.350000E+01   0.490720E-33   0.890855E-33   0.157035E-32   0.271284E-32   0.462811E-32   0.783919E-32   0.132103E-31   0.854798E-29   0.377440E-31   0.641568E-31   0.109572E-30   0.566722E-28   0.905835E-28   0.144650E-27   0.940937E-30   0.159652E-29   0.268925E-29   0.449596E-29   0.258402E-09   0.339003E-10   0.235606E-11   0.391856E-13   0.358308E-16   0.138073E-20   0.499335E-25   0.549089E-22
   0.350000E+01   0.399683E-31   0.730817E-31   0.129561E-30   0.224838E-30   0.384953E-30   0.653900E-30   0.110440E-29   0.211190E-28   0.316545E-29   0.538630E-29   0.920629E-29   0.138486E-27   0.221842E-27   0.355446E-27   0.790750E-28   0.134069E-27   0.225598E-27   0.376682E-27   0.309838E-09   0.405856E-10   0.282129E-11   0.469267E-13   0.429290E-16   0.165516E-20   0.683096E-25   0.659816E-22
   0.350000E+01   0.511182E-31   0.824582E-31   0.132335E-30   0.211729E-30   0.338133E-30   0.539396E-30   0.859764E-30   0.280514E-29   0.218273E-29   0.347715E-29   0.553862E-29   0.180083E-28   0.286313E-28   0.455042E-28   0.355548E-28   0.565354E-28   0.898534E-28   0.142741E-27   0.158739E-10   0.202059E-11   0.140148E-12   0.233289E-14   0.215887E-17   0.843837E-22   0.466248E-26   0.339956E-23
   0.350000E+01   0.509262E-30   0.808304E-30   0.128290E-29   0.203609E-29   0.323141E-29   0.512839E-29   0.813881E-29   0.256833E-28   0.204972E-28   0.325270E-28   0.516149E-28   0.163661E-27   0.259761E-27   0.412200E-27   0.327042E-27   0.518730E-27   0.822636E-27   0.130432E-26   0.156217E-09   0.200095E-10   0.138971E-11   0.231372E-13   0.213527E-16   0.831415E-21   0.421157E-25   0.334718E-22
   0.350000E+01   0.897241E-35   0.156385E-34   0.267402E-34   0.450924E-34   0.753333E-34   0.125113E-33   0.206899E-33   0.758810E-31   0.566254E-33   0.939482E-33   0.156370E-32   0.510758E-30   0.819048E-30   0.131197E-29   0.122070E-31   0.203692E-31   0.338881E-31   0.562073E-31   0.147166E-10   0.196721E-11   0.136541E-12   0.226997E-14   0.206631E-17   0.792197E-22   0.930563E-27   0.303610E-23
   0.350000E+01   0.247429E-34   0.434235E-34   0.746475E-34   0.126397E-33   0.211816E-33   0.352570E-33   0.583934E-33   0.215429E-30   0.160018E-32   0.265453E-32   0.441566E-32   0.145605E-29   0.233622E-29   0.374388E-29   0.342219E-31   0.569127E-31   0.942857E-31   0.155556E-30   0.418722E-10   0.559391E-11   0.388042E-12   0.644704E-14   0.585970E-17   0.224603E-21   0.265879E-26   0.864524E-23
   0.350000E+01   0.779446E-33   0.137752E-32   0.238106E-32   0.404903E-32   0.680788E-32   0.113604E-31   0.188503E-31   0.698207E-29   0.517691E-31   0.859194E-31   0.142937E-30   0.473858E-28   0.760727E-28   0.121964E-27   0.110458E-29   0.183389E-29   0.303151E-29   0.498746E-29   0.106066E-08   0.140319E-09   0.970588E-11   0.161110E-12   0.147097E-15   0.567236E-20   0.865576E-25   0.221313E-21
   0.350000E+01   0.119563E-28   0.212822E-28   0.369963E-28   0.631971E-28   0.106638E-27   0.178454E-27   0.296776E-27   0.484227E-25   0.817647E-27   0.135853E-26   0.226204E-26   0.313573E-24   0.499195E-24   0.794324E-24   0.175139E-25   0.290838E-25   0.480837E-25   0.791135E-25   0.117614E-05   0.157284E-06   0.109059E-07   0.181159E-09   0.164614E-12   0.630313E-17   0.215373E-21   0.240765E-18
   0.350000E+01   0.917649E-28   0.148443E-27   0.238603E-27   0.382045E-27   0.610243E-27   0.973225E-27   0.155044E-26   0.505368E-26   0.392826E-26   0.624961E-26   0.994066E-26   0.322495E-25   0.512146E-25   0.813154E-25   0.634855E-25   0.100847E-24   0.160133E-24   0.254168E-24   0.330722E-07   0.427835E-08   0.296831E-09   0.493741E-11   0.454065E-14   0.176270E-18   0.854607E-23   0.702924E-20
   0.350000E+01   0.271466E-29   0.430586E-29   0.683026E-29   0.108354E-28   0.171902E-28   0.272732E-28   0.432720E-28   0.137170E-27   0.108936E-27   0.172845E-27   0.274239E-27   0.870767E-27   0.138133E-26   0.219101E-26   0.173694E-26   0.275480E-26   0.436842E-26   0.692578E-26   0.699497E-09   0.888936E-10   0.615481E-11   0.102394E-12   0.948589E-16   0.371657E-20   0.215357E-24   0.149120E-21
   0.350000E+01   0.149836E-27   0.237596E-27   0.376809E-27   0.597661E-27   0.948049E-27   0.150397E-26   0.238602E-26   0.756815E-26   0.600601E-26   0.952904E-26   0.151184E-25   0.480360E-25   0.761998E-25   0.120863E-24   0.957464E-25   0.151852E-24   0.240795E-24   0.381755E-24   0.584519E-07   0.764732E-08   0.531394E-09   0.883924E-11   0.809110E-14   0.312181E-18   0.131169E-22   0.124061E-19
   0.350000E+01   0.000000E+00   0.000000E+00   0.000000E+00   0.000000E+00   0.000000E+00   0.000000E+00   0.000000E+00   0.000000E+00   0.000000E+00   0.000000E+00   0.000000E+00   0.000000E+00   0.000000E+00   0.000000E+00   0.000000E+00   0.000000E+00   0.000000E+00   0.000000E+00   0.000000E+00   0.000000E+00   0.000000E+00   0.000000E+00   0.000000E+00   0.000000E+00   0.000000E+00   0.000000E+00
   0.350000E+01   0.233176E-26   0.465462E-26   0.929475E-26   0.185661E-25   0.370947E-25   0.741292E-25   0.148162E-24   0.298898E-24   0.592097E-24   0.118380E-23   0.236699E-23   0.475677E-23   0.950340E-23   0.189895E-22   0.378485E-22   0.756907E-22   0.151371E-21   0.302726E-21   0.137422E-06   0.187072E-07   0.129200E-08   0.214330E-10   0.193808E-13   0.738741E-18   0.386822E-19   0.112246E-18
   0.366667E+01   0.218750E-25   0.437500E-25   0.875000E-25   0.175000E-24   0.350000E-24   0.700000E-24   0.140000E-23   0.278006E-23   0.560000E-23   0.112000E-22   0.224000E-22   0.447314E-22   0.895024E-22   0.179057E-21   0.358400E-21   0.716800E-21   0.143360E-20   0.286720E-20   0.236021E-06   0.382031E-07   0.498789E-08   0.696606E-10   0.950996E-13   0.318194E-17   0.362110E-18   0.845564E-18
   0.366667E+01   0.817739E-36   0.163540E-35   0.327075E-35   0.654159E-35   0.130831E-34   0.261665E-34   0.523327E-34   0.109019E-35   0.209328E-33   0.418658E-33   0.837320E-33   0.164986E-34   0.326871E-34   0.648521E-34   0.133970E-31   0.267942E-31   0.535880E-31   0.107176E-30   0.227713E-16   0.331429E-17   0.441055E-18   0.623586E-20   0.875232E-23   0.297860E-27   0.354582E-30   0.440036E-29
   0.366667E+01   0.817740E-36   0.163549E-35   0.327098E-35   0.654193E-35   0.130838E-34   0.261675E-34   0.523323E-34   0.133022E-34   0.209338E-33   0.418679E-33   0.837325E-33   0.967830E-34   0.161031E-33   0.269944E-33   0.133976E-31   0.267952E-31   0.535901E-31   0.107175E-30   0.258338E-14   0.376008E-15   0.500372E-16   0.707444E-18   0.992942E-21   0.337911E-25   0.151984E-29   0.499039E-27
   0.366667E+01   0.817739E-36   0.163549E-35   0.327095E-35   0.654192E-35   0.130838E-34   0.261677E-34   0.523322E-34   0.143472E-35   0.209339E-33   0.418679E-33   0.837313E-33   0.187731E-34   0.363244E-34   0.707215E-34   0.133978E-31   0.267953E-31   0.535902E-31   0.107177E-30   0.956453E-16   0.139229E-16   0.185294E-17   0.261990E-19   0.367756E-22   0.125162E-26   0.387819E-30   0.184873E-28
   0.366667E+01   0.817742E-36   0.163549E-35   0.327095E-35   0.654190E-35   0.130838E-34   0.261678E-34   0.523322E-34   0.466075E-34   0.209340E-33   0.418675E-33   0.837311E-33   0.318265E-33   0.515605E-33   0.837195E-33   0.133976E-31   0.267952E-31   0.535908E-31   0.107177E-30   0.968678E-14   0.141027E-14   0.187706E-15   0.265414E-17   0.372600E-20   0.126820E-24   0.475671E-29   0.187324E-26
   0.366667E+01   0.817768E-36   0.163555E-35   0.327109E-35   0.654221E-35   0.130842E-34   0.261687E-34   0.131430E-35   0.429060E-32   0.526659E-35   0.105339E-34   0.210348E-34   0.285640E-31   0.457362E-31   0.731749E-31   0.337206E-33   0.674220E-33   0.134863E-32   0.269245E-32   0.916248E-12   0.133391E-12   0.177541E-13   0.251004E-15   0.352250E-18   0.119930E-22   0.418066E-27   0.177288E-24
   0.366667E+01   0.241976E-37   0.486008E-37   0.975249E-37   0.195673E-36   0.392121E-36   0.785466E-36   0.156792E-35   0.335773E-30   0.629614E-35   0.125975E-34   0.251815E-34   0.221639E-29   0.354473E-29   0.566609E-29   0.403940E-33   0.807928E-33   0.161624E-32   0.322844E-32   0.650646E-10   0.940429E-11   0.124223E-11   0.175439E-13   0.246477E-16   0.846066E-21   0.321817E-25   0.126523E-22
   0.366667E+01   0.817739E-36   0.163547E-35   0.327095E-35   0.654193E-35   0.130838E-34   0.261674E-34   0.523318E-34   0.267710E-35   0.209339E-33   0.418679E-33   0.837307E-33   0.270059E-34   0.495206E-34   0.918297E-34   0.133976E-31   0.267953E-31   0.535909E-31   0.107177E-30   0.359823E-15   0.523853E-16   0.697238E-17   0.985884E-19   0.138402E-21   0.471071E-26   0.508134E-30   0.695817E-28
   0.366667E+01   0.817740E-36   0.163547E-35   0.327099E-35   0.654188E-35   0.130837E-34   0.261676E-34   0.523322E-34   0.162625E-33   0.209341E-33   0.418676E-33   0.837316E-33   0.109158E-32   0.175407E-32   0.281889E-32   0.133977E-31   0.267952E-31   0.535906E-31   0.107176E-30   0.345162E-13   0.502574E-14   0.668978E-15   0.945976E-17   0.132813E-19   0.452082E-24   0.160743E-28   0.667812E-26
   0.366667E+01   0.817831E-36   0.413686E-37   0.826960E-37   0.165463E-36   0.330996E-36   0.661945E-36   0.132154E-35   0.145885E-31   0.529593E-35   0.105941E-34   0.211551E-34   0.974956E-31   0.156190E-30   0.249997E-30   0.339012E-33   0.677879E-33   0.135576E-32   0.270747E-32   0.312613E-11   0.455055E-12   0.605123E-13   0.855849E-15   0.120048E-17   0.408781E-22   0.142949E-26   0.605310E-24
   0.366667E+01   0.284220E-37   0.575845E-37   0.116691E-36   0.235910E-36   0.475911E-36   0.958216E-36   0.191765E-35   0.876030E-30   0.774359E-35   0.155338E-34   0.311008E-34   0.587872E-29   0.942309E-29   0.150892E-28   0.500814E-33   0.100211E-32   0.200624E-32   0.400882E-32   0.149964E-09   0.215177E-10   0.284132E-11   0.401915E-13   0.567173E-16   0.194787E-20   0.819055E-25   0.294121E-22
   0.366667E+01   0.310022E-36   0.651224E-36   0.136554E-35   0.283589E-35   0.584432E-35   0.119704E-34   0.241383E-34   0.172909E-28   0.992031E-34   0.200300E-33   0.403589E-33   0.112047E-27   0.178381E-27   0.283843E-27   0.657224E-32   0.131756E-31   0.264012E-31   0.528766E-31   0.387976E-09   0.552002E-10   0.731223E-11   0.104131E-12   0.147107E-15   0.503610E-20   0.232109E-24   0.780517E-22
   0.366667E+01   0.113840E-34   0.233078E-34   0.479241E-34   0.979791E-34   0.199410E-33   0.404388E-33   0.808328E-33   0.105625E-28   0.328444E-32   0.660519E-32   0.132682E-31   0.673053E-28   0.106833E-27   0.169542E-27   0.214461E-30   0.429515E-30   0.859971E-30   0.172143E-29   0.148027E-09   0.207049E-10   0.274204E-11   0.390821E-13   0.555398E-16   0.191270E-20   0.932713E-25   0.299213E-22
   0.366667E+01   0.817736E-36   0.163547E-35   0.327094E-35   0.654192E-35   0.130837E-34   0.261673E-34   0.523322E-34   0.508454E-35   0.209339E-33   0.418680E-33   0.837314E-33   0.430778E-34   0.752699E-34   0.132988E-33   0.133975E-31   0.267951E-31   0.535907E-31   0.107176E-30   0.871948E-15   0.126959E-15   0.168995E-16   0.238968E-18   0.335503E-21   0.114201E-25   0.741791E-30   0.168698E-27
   0.366667E+01   0.817750E-36   0.163549E-35   0.327094E-35   0.654193E-35   0.130839E-34   0.261676E-34   0.523327E-34   0.382991E-33   0.209340E-33   0.418683E-33   0.837320E-33   0.256798E-32   0.412006E-32   0.660684E-32   0.336388E-33   0.672535E-33   0.134546E-32   0.268455E-32   0.816921E-13   0.118963E-13   0.158365E-14   0.223949E-16   0.314447E-19   0.107043E-23   0.375967E-28   0.158135E-25
   0.366667E+01   0.209782E-37   0.419945E-37   0.840831E-37   0.168390E-36   0.336897E-36   0.674123E-36   0.134599E-35   0.481900E-31   0.539787E-35   0.107942E-34   0.215659E-34   0.323290E-30   0.518180E-30   0.829728E-30   0.345608E-33   0.691264E-33   0.138282E-32   0.276140E-32   0.102616E-10   0.149311E-11   0.198038E-12   0.280384E-14   0.392918E-17   0.133936E-21   0.472958E-26   0.198915E-23
   0.366667E+01   0.392836E-37   0.807271E-37   0.165933E-36   0.339259E-36   0.690885E-36   0.140180E-35   0.281470E-35   0.213747E-29   0.114612E-34   0.230562E-34   0.462870E-34   0.143988E-28   0.230918E-28   0.369919E-28   0.744950E-33   0.149255E-32   0.298847E-32   0.597732E-32   0.261121E-09   0.372288E-10   0.492275E-11   0.698893E-13   0.987961E-16   0.338899E-20   0.152008E-24   0.517326E-22
   0.366667E+01   0.975330E-36   0.207502E-35   0.440359E-35   0.923292E-35   0.191726E-34   0.395079E-34   0.798785E-34   0.233626E-28   0.330535E-33   0.668992E-33   0.135064E-32   0.149760E-27   0.237948E-27   0.377943E-27   0.218529E-31   0.438368E-31   0.878814E-31   0.176089E-30   0.429161E-09   0.609946E-10   0.807999E-11   0.115072E-12   0.162617E-15   0.556910E-20   0.257956E-24   0.864132E-22
   0.366667E+01   0.326607E-34   0.701210E-34   0.149965E-33   0.316362E-33   0.660141E-33   0.136557E-32   0.276787E-32   0.118381E-28   0.115031E-31   0.233176E-31   0.471355E-31   0.754682E-28   0.119815E-27   0.190198E-27   0.764390E-30   0.153395E-29   0.307613E-29   0.616531E-29   0.162529E-09   0.227082E-10   0.300708E-11   0.428553E-13   0.609270E-16   0.209935E-20   0.102915E-24   0.328531E-22
   0.366667E+01   0.413229E-32   0.877812E-32   0.186377E-31   0.391156E-31   0.813197E-31   0.167766E-30   0.339282E-30   0.118761E-28   0.140641E-29   0.284838E-29   0.575213E-29   0.828300E-28   0.136257E-27   0.225364E-27   0.887876E-28   0.170256E-27   0.319392E-27   0.585577E-27   0.153572E-09   0.214539E-10   0.284102E-11   0.404902E-13   0.575676E-16   0.198362E-20   0.972305E-25   0.310449E-22
   0.366667E+01   0.817736E-36   0.163547E-35   0.327094E-35   0.654190E-35   0.130838E-34   0.261675E-34   0.523352E-34   0.102072E-35   0.209340E-33   0.418677E-33   0.210182E-34   0.787220E-36   0.144889E-35   0.267010E-35   0.336219E-33   0.672776E-33   0.134488E-32   0.269014E-32   0.835624E-17   0.121688E-17   0.161988E-18   0.229076E-20   0.321637E-23   0.114966E-27   0.348120E-30   0.161914E-29
   0.366667E+01   0.211295E-37   0.424207E-37   0.851175E-37   0.170741E-36   0.342469E-36   0.686489E-36   0.137458E-35   0.118924E-32   0.551072E-35   0.110335E-34   0.220850E-34   0.797560E-32   0.127829E-31   0.204676E-31   0.353023E-33   0.704746E-33   0.140554E-32   0.280203E-32   0.253934E-12   0.369825E-13   0.492344E-14   0.696250E-16   0.977558E-19   0.332832E-23   0.116226E-27   0.491802E-25
   0.366667E+01   0.725559E-37   0.158609E-36   0.344232E-36   0.736106E-36   0.155478E-35   0.324973E-35   0.666026E-35   0.105247E-30   0.280418E-34   0.571129E-34   0.115849E-33   0.708723E-30   0.113653E-29   0.182054E-29   0.182804E-32   0.354251E-32   0.674663E-32   0.126304E-31   0.218843E-10   0.317941E-11   0.420775E-12   0.595476E-14   0.834369E-17   0.285196E-21   0.103191E-25   0.425165E-23
   0.366667E+01   0.177426E-35   0.403191E-35   0.903181E-35   0.197808E-34   0.425412E-34   0.901612E-34   0.186299E-33   0.363719E-29   0.796178E-33   0.162989E-32   0.331919E-32   0.245618E-28   0.393990E-28   0.631227E-28   0.523231E-31   0.100722E-30   0.189700E-30   0.349306E-30   0.249738E-09   0.357065E-10   0.472785E-11   0.672575E-13   0.948934E-16   0.324541E-20   0.146280E-24   0.499165E-22
   0.366667E+01   0.171170E-33   0.392314E-33   0.884793E-33   0.194813E-32   0.420721E-32   0.894600E-32   0.185310E-31   0.256561E-28   0.794864E-31   0.162928E-30   0.332133E-30   0.164180E-27   0.260934E-27   0.414689E-27   0.524601E-29   0.100987E-28   0.190159E-28   0.349987E-28   0.445142E-09   0.632879E-10   0.838421E-11   0.119409E-12   0.168723E-15   0.577713E-20   0.267179E-24   0.896580E-22
   0.366667E+01   0.677120E-32   0.156792E-31   0.356565E-31   0.790363E-31   0.171612E-30   0.366491E-30   0.761779E-30   0.148245E-28   0.327873E-29   0.669677E-29   0.134781E-28   0.110930E-27   0.184973E-27   0.307790E-27   0.171684E-27   0.302572E-27   0.520541E-27   0.878310E-27   0.178561E-09   0.249183E-10   0.329955E-11   0.470193E-13   0.668752E-16   0.230560E-20   0.113640E-24   0.360933E-22
   0.366667E+01   0.425914E-30   0.711109E-30   0.116673E-29   0.189221E-29   0.304708E-29   0.488471E-29   0.780516E-29   0.249534E-28   0.198350E-28   0.315647E-28   0.501916E-28   0.159836E-27   0.253832E-27   0.402953E-27   0.319289E-27   0.506649E-27   0.803731E-27   0.127465E-26   0.170881E-09   0.238541E-10   0.315881E-11   0.450173E-13   0.640200E-16   0.220669E-20   0.108518E-24   0.345441E-22
   0.366667E+01   0.205432E-37   0.410541E-37   0.821553E-37   0.164240E-36   0.328457E-36   0.656772E-36   0.131336E-35   0.797377E-37   0.525455E-35   0.105106E-34   0.210167E-34   0.820271E-36   0.153305E-35   0.283848E-35   0.336267E-33   0.672342E-33   0.134507E-32   0.268956E-32   0.103094E-16   0.150138E-17   0.199881E-18   0.282661E-20   0.396935E-23   0.141904E-27   0.349071E-30   0.199805E-29
   0.366667E+01   0.208694E-37   0.416507E-37   0.831604E-37   0.166039E-36   0.331607E-36   0.662086E-36   0.132267E-35   0.661468E-35   0.527900E-35   0.105467E-34   0.210859E-34   0.448175E-34   0.720475E-34   0.115764E-33   0.336869E-33   0.673305E-33   0.134651E-32   0.269245E-32   0.140117E-14   0.204035E-15   0.271594E-16   0.383986E-18   0.538836E-21   0.183524E-25   0.984666E-30   0.271528E-27
   0.366667E+01   0.476061E-37   0.899371E-37   0.167866E-36   0.311753E-36   0.579190E-36   0.108028E-35   0.202599E-35   0.548349E-33   0.728017E-35   0.139419E-34   0.268697E-34   0.370667E-32   0.594724E-32   0.953063E-32   0.386342E-33   0.757516E-33   0.148836E-32   0.292895E-32   0.103691E-12   0.149140E-13   0.196299E-14   0.276976E-16   0.389774E-19   0.134507E-23   0.547016E-28   0.202490E-25
   0.366667E+01   0.461148E-33   0.838290E-33   0.147886E-32   0.255571E-32   0.436029E-32   0.738415E-32   0.124387E-31   0.805801E-29   0.354939E-31   0.602861E-31   0.102892E-30   0.534521E-28   0.854413E-28   0.136445E-27   0.883565E-30   0.149995E-29   0.252796E-29   0.422848E-29   0.278709E-09   0.399156E-10   0.527711E-11   0.752536E-13   0.106081E-15   0.362387E-20   0.163244E-24   0.559331E-22
   0.366667E+01   0.374152E-31   0.685048E-31   0.121543E-30   0.210999E-30   0.361278E-30   0.613566E-30   0.103589E-29   0.201246E-28   0.296525E-29   0.504182E-29   0.861180E-29   0.131885E-27   0.211233E-27   0.338402E-27   0.739821E-28   0.125509E-27   0.211329E-27   0.353072E-27   0.334804E-09   0.478652E-10   0.632868E-11   0.902699E-13   0.127311E-15   0.435127E-20   0.197954E-24   0.673510E-22
   0.366667E+01   0.515757E-31   0.832357E-31   0.133622E-30   0.213828E-30   0.341528E-30   0.544860E-30   0.868528E-30   0.283574E-29   0.220520E-29   0.351310E-29   0.559622E-29   0.182087E-28   0.289513E-28   0.460149E-28   0.359359E-28   0.571456E-28   0.908288E-28   0.144297E-27   0.179482E-10   0.249054E-11   0.328883E-12   0.469248E-14   0.668920E-17   0.231316E-21   0.117725E-25   0.362678E-23
   0.366667E+01   0.499679E-30   0.793097E-30   0.125876E-29   0.199779E-29   0.317063E-29   0.503193E-29   0.798573E-29   0.251995E-28   0.201117E-28   0.319153E-28   0.506442E-28   0.160596E-27   0.254899E-27   0.404488E-27   0.320893E-27   0.508978E-27   0.807171E-27   0.127980E-26   0.174013E-09   0.243186E-10   0.321391E-11   0.458933E-13   0.652437E-16   0.224778E-20   0.110003E-24   0.351849E-22
   0.366667E+01   0.910294E-35   0.158727E-34   0.271463E-34   0.457787E-34   0.764714E-34   0.126974E-33   0.209908E-33   0.765217E-31   0.573925E-33   0.951639E-33   0.158302E-32   0.514926E-30   0.825641E-30   0.132239E-29   0.123476E-31   0.206061E-31   0.342872E-31   0.568781E-31   0.161969E-10   0.235920E-11   0.314112E-12   0.444240E-14   0.623872E-17   0.212405E-21   0.739624E-26   0.313835E-23
   0.366667E+01   0.259637E-34   0.455853E-34   0.783799E-34   0.132720E-33   0.222389E-33   0.370083E-33   0.612736E-33   0.224699E-30   0.167744E-32   0.278101E-32   0.462333E-32   0.151828E-29   0.243580E-29   0.390305E-29   0.357987E-31   0.595414E-31   0.986539E-31   0.162783E-30   0.476690E-10   0.694102E-11   0.921686E-12   0.130521E-13   0.183046E-16   0.623475E-21   0.218626E-25   0.924448E-23
   0.366667E+01   0.775973E-33   0.137196E-32   0.237198E-32   0.403374E-32   0.678150E-32   0.113139E-31   0.187673E-31   0.690891E-29   0.514923E-31   0.854107E-31   0.142012E-30   0.468761E-28   0.752462E-28   0.120626E-27   0.109667E-29   0.182113E-29   0.301117E-29   0.495530E-29   0.115531E-08   0.166711E-09   0.219906E-10   0.312133E-12   0.439424E-15   0.150354E-19   0.628900E-24   0.227179E-21
   0.366667E+01   0.112395E-28   0.200149E-28   0.348007E-28   0.594490E-28   0.100304E-27   0.167817E-27   0.279000E-27   0.460922E-25   0.767942E-27   0.127521E-26   0.212213E-26   0.298617E-24   0.475409E-24   0.756503E-24   0.164192E-25   0.272716E-25   0.450988E-25   0.742217E-25   0.124775E-05   0.181849E-06   0.241969E-07   0.341815E-09   0.479210E-12   0.162969E-16   0.707503E-21   0.239811E-18
   0.366667E+01   0.917803E-28   0.148636E-27   0.239095E-27   0.383031E-27   0.612047E-27   0.976375E-27   0.155579E-26   0.507778E-26   0.394310E-26   0.627405E-26   0.998080E-26   0.324204E-25   0.514906E-25   0.817605E-25   0.637730E-25   0.101314E-24   0.160890E-24   0.255389E-24   0.366567E-07   0.516550E-08   0.683592E-09   0.972593E-11   0.137893E-13   0.474369E-18   0.230239E-22   0.735765E-20
   0.366667E+01   0.284435E-29   0.451159E-29   0.715662E-29   0.113532E-28   0.180116E-28   0.285765E-28   0.453399E-28   0.143674E-27   0.114143E-27   0.181105E-27   0.287345E-27   0.912309E-27   0.144728E-26   0.229566E-26   0.181995E-26   0.288646E-26   0.457720E-26   0.725678E-26   0.800620E-09   0.110731E-09   0.146342E-10   0.208125E-12   0.297104E-15   0.103041E-19   0.539040E-24   0.161121E-21
   0.366667E+01   0.143686E-27   0.227847E-27   0.361353E-27   0.573150E-27   0.909174E-27   0.144231E-26   0.228820E-26   0.725547E-26   0.575982E-26   0.913846E-26   0.144988E-25   0.460643E-25   0.730743E-25   0.115908E-24   0.918224E-25   0.145629E-24   0.230927E-24   0.366110E-24   0.633183E-07   0.903698E-08   0.119746E-08   0.170434E-10   0.240512E-13   0.822572E-18   0.376501E-22   0.126919E-19
   0.366667E+01   0.000000E+00   0.000000E+00   0.000000E+00   0.000000E+00   0.000000E+00   0.000000E+00   0.000000E+00   0.000000E+00   0.000000E+00   0.000000E+00   0.000000E+00   0.000000E+00   0.000000E+00   0.000000E+00   0.000000E+00   0.000000E+00   0.000000E+00   0.000000E+00   0.000000E+00   0.000000E+00   0.000000E+00   0.000000E+00   0.000000E+00   0.000000E+00   0.000000E+00   0.000000E+00
   0.366667E+01   0.233117E-26   0.465368E-26   0.929326E-26   0.185638E-25   0.370909E-25   0.741232E-25   0.148152E-24   0.298634E-24   0.592072E-24   0.118377E-23   0.236692E-23   0.475523E-23   0.950099E-23   0.189857E-22   0.378481E-22   0.756900E-22   0.151370E-21   0.302724E-21   0.143968E-06   0.213495E-07   0.282987E-08   0.399096E-10   0.557101E-13   0.189002E-17   0.382923E-19   0.112217E-18
   0.383333E+01   0.218750E-25   0.437500E-25   0.875000E-25   0.175000E-24   0.350000E-24   0.700000E-24   0.140000E-23   0.277980E-23   0.560000E-23   0.112000E-22   0.224000E-22   0.447309E-22   0.895019E-22   0.179057E-21   0.358400E-21   0.716800E-21   0.143360E-20   0.286720E-20   0.199353E-06   0.733276E-07   0.646403E-08   0.137230E-09   0.312358E-12   0.811216E-16   0.333764E-18   0.845538E-18
   0.383333E+01   0.817739E-36   0.163540E-35   0.327075E-35   0.654159E-35   0.130831E-34   0.261665E-34   0.523327E-34   0.109214E-35   0.209328E-33   0.418658E-33   0.837320E-33   0.165044E-34   0.327350E-34   0.649242E-34   0.133970E-31   0.267942E-31   0.535880E-31   0.107176E-30   0.217475E-16   0.771359E-17   0.648097E-18   0.140673E-19   0.327282E-22   0.871753E-26   0.366754E-30   0.463229E-29
   0.383333E+01   0.817740E-36   0.163549E-35   0.327098E-35   0.654193E-35   0.130838E-34   0.261675E-34   0.523323E-34   0.135779E-34   0.209338E-33   0.418679E-33   0.837325E-33   0.985517E-34   0.163874E-33   0.274526E-33   0.133976E-31   0.267952E-31   0.535901E-31   0.107175E-30   0.246947E-14   0.875877E-15   0.735923E-16   0.159736E-17   0.371633E-20   0.989870E-24   0.267252E-29   0.525803E-27
   0.383333E+01   0.817739E-36   0.163549E-35   0.327095E-35   0.654192E-35   0.130838E-34   0.261677E-34   0.523322E-34   0.144374E-35   0.209339E-33   0.418679E-33   0.837313E-33   0.188240E-34   0.364324E-34   0.708536E-34   0.133978E-31   0.267953E-31   0.535902E-31   0.107177E-30   0.912324E-16   0.323622E-16   0.271939E-17   0.590291E-19   0.137345E-21   0.365868E-25   0.432330E-30   0.194371E-28
   0.383333E+01   0.817742E-36   0.163549E-35   0.327095E-35   0.654190E-35   0.130838E-34   0.261678E-34   0.523322E-34   0.475552E-34   0.209340E-33   0.418675E-33   0.837311E-33   0.324439E-33   0.525414E-33   0.852841E-33   0.133976E-31   0.267952E-31   0.535908E-31   0.107177E-30   0.924472E-14   0.327972E-14   0.275622E-15   0.598324E-17   0.139224E-19   0.370915E-23   0.906286E-29   0.197051E-26
   0.383333E+01   0.817768E-36   0.163555E-35   0.327109E-35   0.654221E-35   0.130844E-34   0.261688E-34   0.131514E-35   0.438093E-32   0.526998E-35   0.105339E-34   0.210393E-34   0.291539E-31   0.466744E-31   0.746668E-31   0.337206E-33   0.674220E-33   0.134863E-32   0.269380E-32   0.874688E-12   0.310306E-12   0.260760E-13   0.566015E-15   0.131680E-17   0.350850E-21   0.825763E-27   0.186549E-24
   0.383333E+01   0.243460E-37   0.489123E-37   0.981538E-37   0.196884E-36   0.394660E-36   0.790779E-36   0.157874E-35   0.338768E-30   0.633751E-35   0.126841E-34   0.253425E-34   0.223528E-29   0.357445E-29   0.571290E-29   0.406756E-33   0.813320E-33   0.162732E-32   0.324962E-32   0.616811E-10   0.217378E-10   0.181455E-11   0.393355E-13   0.915177E-16   0.245889E-19   0.622696E-25   0.132224E-22
   0.383333E+01   0.817739E-36   0.163547E-35   0.327096E-35   0.654192E-35   0.130839E-34   0.261677E-34   0.523326E-34   0.270878E-35   0.209339E-33   0.418679E-33   0.837326E-33   0.272009E-34   0.498390E-34   0.923466E-34   0.133977E-31   0.267953E-31   0.535905E-31   0.107175E-30   0.342576E-15   0.121533E-15   0.102134E-16   0.221714E-18   0.515903E-21   0.137444E-24   0.669494E-30   0.730191E-28
   0.383333E+01   0.817734E-36   0.163547E-35   0.327098E-35   0.654190E-35   0.130838E-34   0.261675E-34   0.523320E-34   0.165758E-33   0.209340E-33   0.418679E-33   0.837317E-33   0.111202E-32   0.178651E-32   0.287042E-32   0.133978E-31   0.267952E-31   0.535903E-31   0.107175E-30   0.328961E-13   0.116717E-13   0.980966E-15   0.212961E-16   0.495576E-19   0.132043E-22   0.313775E-28   0.701530E-26
   0.383333E+01   0.817830E-36   0.413686E-37   0.827783E-37   0.165580E-36   0.331184E-36   0.662462E-36   0.132191E-35   0.148721E-31   0.529856E-35   0.106032E-34   0.211566E-34   0.993518E-31   0.159142E-30   0.254690E-30   0.339156E-33   0.678505E-33   0.135634E-32   0.270863E-32   0.297999E-11   0.105703E-11   0.888055E-13   0.192723E-14   0.448156E-17   0.119426E-20   0.281986E-26   0.636005E-24
   0.383333E+01   0.286115E-37   0.579548E-37   0.117491E-36   0.237556E-36   0.479249E-36   0.965175E-36   0.193223E-35   0.868620E-30   0.780115E-35   0.156497E-34   0.313295E-34   0.582670E-29   0.933844E-29   0.149518E-28   0.504570E-33   0.100981E-32   0.202088E-32   0.404022E-32   0.140867E-09   0.494574E-10   0.411130E-11   0.893925E-13   0.208692E-15   0.561118E-19   0.148704E-24   0.305051E-22
   0.383333E+01   0.297253E-36   0.624299E-36   0.130891E-35   0.271800E-35   0.560088E-35   0.114712E-34   0.231314E-34   0.163628E-28   0.950604E-34   0.191931E-33   0.386709E-33   0.106078E-27   0.168887E-27   0.268748E-27   0.629697E-32   0.126239E-31   0.252960E-31   0.506633E-31   0.358225E-09   0.125373E-09   0.104096E-10   0.227723E-12   0.532207E-15   0.142666E-18   0.384135E-24   0.798215E-22
   0.383333E+01   0.110463E-34   0.226161E-34   0.465014E-34   0.950693E-34   0.193486E-33   0.392374E-33   0.784309E-33   0.102468E-28   0.318682E-32   0.640886E-32   0.128738E-31   0.653013E-28   0.103653E-27   0.164497E-27   0.208085E-30   0.416744E-30   0.834402E-30   0.167025E-29   0.139421E-09   0.484354E-10   0.398228E-11   0.873866E-13   0.205136E-15   0.553554E-19   0.153305E-24   0.312302E-22
   0.383333E+01   0.817737E-36   0.163548E-35   0.327097E-35   0.654186E-35   0.130839E-34   0.261675E-34   0.523322E-34   0.512963E-35   0.209339E-33   0.418677E-33   0.837320E-33   0.433597E-34   0.757024E-34   0.133733E-33   0.133977E-31   0.267952E-31   0.535904E-31   0.107176E-30   0.824350E-15   0.292482E-15   0.245819E-16   0.533654E-18   0.124184E-20   0.330879E-24   0.112404E-29   0.175793E-27
   0.383333E+01   0.817740E-36   0.163549E-35   0.327097E-35   0.654188E-35   0.130839E-34   0.261677E-34   0.523327E-34   0.388014E-33   0.209341E-33   0.418679E-33   0.837317E-33   0.260054E-32   0.417166E-32   0.668855E-32   0.336316E-33   0.672583E-33   0.134468E-32   0.268455E-32   0.773859E-13   0.274601E-13   0.230813E-14   0.501108E-16   0.116620E-18   0.310758E-22   0.733851E-28   0.165113E-25
   0.383333E+01   0.209914E-37   0.420416E-37   0.841889E-37   0.168519E-36   0.337343E-36   0.675157E-36   0.134759E-35   0.490087E-31   0.540615E-35   0.108115E-34   0.215824E-34   0.328653E-30   0.526707E-30   0.843277E-30   0.346041E-33   0.692131E-33   0.138378E-32   0.276409E-32   0.976339E-11   0.346125E-11   0.290587E-12   0.630254E-14   0.146420E-16   0.390598E-20   0.929353E-26   0.208608E-23
   0.383333E+01   0.391631E-37   0.804773E-37   0.165398E-36   0.338178E-36   0.688581E-36   0.139700E-35   0.280492E-35   0.206883E-29   0.114183E-34   0.229705E-34   0.461185E-34   0.139309E-28   0.223385E-28   0.357807E-28   0.742302E-33   0.148687E-32   0.297691E-32   0.595459E-32   0.243174E-09   0.851632E-10   0.706562E-11   0.154193E-12   0.360495E-15   0.968271E-19   0.260502E-24   0.532774E-22
   0.383333E+01   0.929128E-36   0.197628E-35   0.419329E-35   0.879072E-35   0.182525E-34   0.376083E-34   0.760337E-34   0.222586E-28   0.314590E-33   0.636697E-33   0.128541E-32   0.142719E-27   0.226767E-27   0.360193E-27   0.207948E-31   0.417141E-31   0.836256E-31   0.167559E-30   0.396793E-09   0.138800E-09   0.115171E-10   0.252003E-12   0.589114E-15   0.157992E-18   0.426400E-24   0.885037E-22
   0.383333E+01   0.316626E-34   0.679640E-34   0.145328E-33   0.306540E-33   0.639579E-33   0.132292E-32   0.268122E-32   0.115373E-28   0.111418E-31   0.225845E-31   0.456523E-31   0.735587E-28   0.116784E-27   0.185388E-27   0.740239E-30   0.148547E-29   0.297889E-29   0.597038E-29   0.153414E-09   0.532663E-10   0.437596E-11   0.960350E-13   0.225514E-15   0.608948E-19   0.169179E-24   0.343671E-22
   0.383333E+01   0.396621E-32   0.841994E-32   0.178681E-31   0.374849E-31   0.779035E-31   0.160675E-30   0.324868E-30   0.115442E-28   0.134624E-29   0.272624E-29   0.550525E-29   0.804170E-28   0.132232E-27   0.218624E-27   0.851623E-28   0.163537E-27   0.307275E-27   0.564275E-27   0.144937E-09   0.503223E-10   0.413399E-11   0.907293E-13   0.213061E-15   0.575304E-19   0.159780E-24   0.324703E-22
   0.383333E+01   0.817736E-36   0.163549E-35   0.327094E-35   0.654190E-35   0.130838E-34   0.261676E-34   0.523350E-34   0.102249E-35   0.209341E-33   0.418678E-33   0.210197E-34   0.778198E-36   0.143084E-35   0.271820E-35   0.336147E-33   0.672535E-33   0.134507E-32   0.268937E-32   0.818117E-17   0.290314E-17   0.244016E-18   0.529750E-20   0.123293E-22   0.328496E-26   0.354060E-30   0.174696E-29
   0.383333E+01   0.211398E-37   0.424265E-37   0.851293E-37   0.170764E-36   0.342280E-36   0.686254E-36   0.137420E-35   0.119913E-32   0.551034E-35   0.110290E-34   0.220820E-34   0.803880E-32   0.128825E-31   0.206245E-31   0.352999E-33   0.704746E-33   0.140564E-32   0.280126E-32   0.239412E-12   0.849622E-13   0.714189E-14   0.155058E-15   0.360854E-18   0.961662E-22   0.226446E-27   0.511076E-25
   0.383333E+01   0.724957E-37   0.158392E-36   0.343632E-36   0.734613E-36   0.155104E-35   0.324126E-35   0.664154E-35   0.106094E-30   0.279534E-34   0.569263E-34   0.115469E-33   0.714156E-30   0.114509E-29   0.183403E-29   0.182518E-32   0.354116E-32   0.675289E-32   0.126566E-31   0.206663E-10   0.731387E-11   0.613068E-12   0.132887E-13   0.308633E-16   0.825543E-20   0.200954E-25   0.442531E-23
   0.383333E+01   0.165661E-35   0.376170E-35   0.842146E-35   0.184352E-34   0.396322E-34   0.839704E-34   0.173463E-33   0.342621E-29   0.741061E-33   0.151688E-32   0.308887E-32   0.231324E-28   0.371028E-28   0.594388E-28   0.487968E-31   0.940676E-31   0.177450E-30   0.327288E-30   0.229937E-09   0.806431E-10   0.671079E-11   0.146594E-12   0.342263E-15   0.916425E-19   0.244959E-24   0.508606E-22
   0.383333E+01   0.156656E-33   0.358811E-33   0.808804E-33   0.178005E-32   0.384291E-32   0.816913E-32   0.169177E-31   0.244158E-28   0.725437E-31   0.148682E-30   0.303074E-30   0.156252E-27   0.248328E-27   0.394641E-27   0.479733E-29   0.924808E-29   0.174417E-28   0.321534E-28   0.411228E-09   0.143879E-09   0.119418E-10   0.261291E-12   0.610756E-15   0.163756E-18   0.441440E-24   0.917509E-22
   0.383333E+01   0.635657E-32   0.147072E-31   0.334246E-31   0.740502E-31   0.160717E-30   0.343108E-30   0.712973E-30   0.144472E-28   0.306870E-29   0.627341E-29   0.126516E-28   0.107639E-27   0.179439E-27   0.298660E-27   0.163836E-27   0.289926E-27   0.500494E-27   0.846798E-27   0.168930E-09   0.586178E-10   0.481159E-11   0.105608E-12   0.248079E-15   0.670342E-19   0.186843E-24   0.378442E-22
   0.383333E+01   0.412049E-30   0.689737E-30   0.113368E-29   0.184082E-29   0.296678E-29   0.475878E-29   0.760701E-29   0.243389E-28   0.193421E-28   0.307857E-28   0.489598E-28   0.155966E-27   0.247697E-27   0.393229E-27   0.311543E-27   0.494375E-27   0.784277E-27   0.124382E-26   0.161494E-09   0.560500E-10   0.460222E-11   0.101013E-12   0.237259E-15   0.640911E-19   0.178352E-24   0.361808E-22
   0.383333E+01   0.205344E-37   0.410718E-37   0.821494E-37   0.164264E-36   0.328574E-36   0.657102E-36   0.131364E-35   0.832781E-37   0.525493E-35   0.105106E-34   0.210197E-34   0.847304E-36   0.158114E-35   0.291064E-35   0.336243E-33   0.672535E-33   0.134497E-32   0.268937E-32   0.100692E-16   0.357340E-17   0.300385E-18   0.652190E-20   0.151788E-22   0.404535E-26   0.355757E-30   0.215106E-29
   0.383333E+01   0.208915E-37   0.416977E-37   0.832309E-37   0.166133E-36   0.331654E-36   0.662227E-36   0.132295E-35   0.698808E-35   0.528051E-35   0.105512E-34   0.210949E-34   0.473078E-34   0.760992E-34   0.122247E-33   0.336845E-33   0.673498E-33   0.134651E-32   0.269264E-32   0.138466E-14   0.491326E-15   0.412929E-16   0.896345E-18   0.208517E-20   0.555773E-24   0.165582E-29   0.295762E-27
   0.383333E+01   0.485611E-37   0.917620E-37   0.171205E-36   0.317572E-36   0.589205E-36   0.109683E-35   0.205288E-35   0.568885E-33   0.735427E-35   0.140623E-34   0.270774E-34   0.384402E-32   0.616679E-32   0.988114E-32   0.388171E-33   0.760550E-33   0.149337E-32   0.293820E-32   0.101056E-12   0.354867E-13   0.294593E-14   0.638387E-16   0.148669E-18   0.401955E-22   0.111193E-27   0.217694E-25
   0.383333E+01   0.425146E-33   0.774604E-33   0.136838E-32   0.236639E-32   0.403798E-32   0.683681E-32   0.115107E-31   0.752600E-29   0.327839E-31   0.556186E-31   0.948252E-31   0.499530E-28   0.798533E-28   0.127529E-27   0.814187E-30   0.138331E-29   0.233343E-29   0.390640E-29   0.255498E-09   0.896815E-10   0.746345E-11   0.163275E-12   0.380947E-15   0.101872E-18   0.271326E-24   0.567693E-22
   0.383333E+01   0.343279E-31   0.629949E-31   0.111920E-30   0.194424E-30   0.332955E-30   0.565339E-30   0.953967E-30   0.190370E-28   0.272561E-29   0.462901E-29   0.789845E-29   0.124627E-27   0.199551E-27   0.319612E-27   0.678633E-28   0.115238E-27   0.194233E-27   0.324830E-27   0.307493E-09   0.107839E-09   0.896567E-11   0.196227E-12   0.458017E-15   0.122561E-18   0.327723E-24   0.685116E-22
   0.383333E+01   0.515283E-31   0.832272E-31   0.133675E-30   0.213982E-30   0.341848E-30   0.545453E-30   0.869568E-30   0.284245E-29   0.220820E-29   0.351816E-29   0.560478E-29   0.182566E-28   0.290294E-28   0.461423E-28   0.360091E-28   0.572690E-28   0.910346E-28   0.144637E-27   0.171996E-10   0.594019E-11   0.485403E-12   0.106723E-13   0.251144E-16   0.681200E-20   0.193557E-25   0.385145E-23
   0.383333E+01   0.484963E-30   0.769745E-30   0.122170E-29   0.193897E-29   0.307730E-29   0.488381E-29   0.775068E-29   0.244572E-28   0.195198E-28   0.309759E-28   0.491537E-28   0.155881E-27   0.247418E-27   0.392618E-27   0.311450E-27   0.494002E-27   0.783424E-27   0.124215E-26   0.164176E-09   0.569228E-10   0.467667E-11   0.102768E-12   0.241297E-15   0.651458E-19   0.180695E-24   0.367725E-22
   0.383333E+01   0.910411E-35   0.158878E-34   0.271847E-34   0.458512E-34   0.765884E-34   0.127136E-33   0.210091E-33   0.765773E-31   0.573672E-33   0.950441E-33   0.157974E-32   0.515105E-30   0.825820E-30   0.132252E-29   0.123105E-31   0.205516E-31   0.342123E-31   0.567789E-31   0.151579E-10   0.537985E-11   0.452282E-12   0.982033E-14   0.228574E-16   0.609207E-20   0.142986E-25   0.323726E-23
   0.383333E+01   0.268237E-34   0.471338E-34   0.810800E-34   0.137315E-33   0.230073E-33   0.382771E-33   0.633478E-33   0.232286E-30   0.173188E-32   0.286883E-32   0.476531E-32   0.156896E-29   0.251677E-29   0.403231E-29   0.368564E-31   0.613190E-31   0.101636E-30   0.167765E-30   0.460905E-10   0.163507E-10   0.137373E-11   0.298105E-13   0.693052E-16   0.184755E-19   0.436616E-25   0.985225E-23
   0.383333E+01   0.762002E-33   0.134837E-32   0.233228E-32   0.396691E-32   0.666877E-32   0.111230E-31   0.184433E-31   0.678857E-29   0.505364E-31   0.837552E-31   0.139145E-30   0.460423E-28   0.738980E-28   0.118451E-27   0.107347E-29   0.178324E-29   0.294981E-29   0.485655E-29   0.107201E-08   0.376749E-09   0.314282E-10   0.684214E-12   0.159491E-14   0.427390E-18   0.112570E-23   0.232637E-21
   0.383333E+01   0.104265E-28   0.185823E-28   0.323251E-28   0.552294E-28   0.931791E-28   0.155858E-27   0.259012E-27   0.437552E-25   0.711985E-27   0.118130E-26   0.196424E-26   0.283615E-24   0.451549E-24   0.718566E-24   0.151826E-25   0.252265E-25   0.417351E-25   0.687171E-25   0.112823E-05   0.400417E-06   0.336639E-07   0.729976E-09   0.169685E-11   0.451517E-15   0.118379E-20   0.238884E-18
   0.383333E+01   0.912886E-28   0.148063E-27   0.238411E-27   0.382196E-27   0.611010E-27   0.975072E-27   0.155414E-26   0.508157E-26   0.394051E-26   0.627096E-26   0.997744E-26   0.324630E-25   0.515637E-25   0.818847E-25   0.637914E-25   0.101358E-24   0.160980E-24   0.255559E-24   0.345551E-07   0.120247E-07   0.991172E-09   0.217036E-10   0.508798E-13   0.137251E-16   0.381298E-22   0.768727E-20
   0.383333E+01   0.296622E-29   0.470494E-29   0.746337E-29   0.118399E-28   0.187838E-28   0.298017E-28   0.472840E-28   0.149784E-27   0.119037E-27   0.188871E-27   0.299667E-27   0.951345E-27   0.150925E-26   0.239401E-26   0.189800E-26   0.301024E-26   0.477349E-26   0.756798E-26   0.778337E-09   0.268395E-09   0.218543E-10   0.479741E-12   0.113058E-14   0.307889E-18   0.892589E-24   0.173756E-21
   0.383333E+01   0.136889E-27   0.217074E-27   0.344272E-27   0.546064E-27   0.866215E-27   0.137417E-26   0.218011E-26   0.691049E-26   0.548778E-26   0.870687E-26   0.138141E-25   0.438855E-25   0.696201E-25   0.110431E-24   0.874865E-25   0.138752E-24   0.220022E-24   0.348823E-24   0.582904E-07   0.204264E-07   0.169908E-08   0.371401E-10   0.867330E-13   0.232263E-16   0.623145E-22   0.129400E-19
   0.383333E+01   0.000000E+00   0.000000E+00   0.000000E+00   0.000000E+00   0.000000E+00   0.000000E+00   0.000000E+00   0.000000E+00   0.000000E+00   0.000000E+00   0.000000E+00   0.000000E+00   0.000000E+00   0.000000E+00   0.000000E+00   0.000000E+00   0.000000E+00   0.000000E+00   0.000000E+00   0.000000E+00   0.000000E+00   0.000000E+00   0.000000E+00   0.000000E+00   0.000000E+00   0.000000E+00
   0.383333E+01   0.233047E-26   0.465257E-26   0.929150E-26   0.185610E-25   0.370865E-25   0.741161E-25   0.148141E-24   0.298371E-24   0.592043E-24   0.118372E-23   0.236685E-23   0.475366E-23   0.949853E-23   0.189819E-22   0.378476E-22   0.756893E-22   0.151369E-21   0.302722E-21   0.128924E-06   0.459814E-07   0.389378E-08   0.841707E-10   0.195034E-12   0.517176E-16   0.353457E-19   0.112187E-18
   0.400000E+01   0.218750E-25   0.437500E-25   0.875000E-25   0.175000E-24   0.350000E-24   0.700000E-24   0.140000E-23   0.277965E-23   0.560000E-23   0.112000E-22   0.224000E-22   0.447306E-22   0.895017E-22   0.179057E-21   0.358400E-21   0.716800E-21   0.143360E-20   0.286720E-20   0.140657E-06   0.129312E-06   0.907734E-08   0.234424E-09   0.758127E-12   0.702333E-15   0.171619E-18   0.845513E-18
   0.400000E+01   0.817739E-36   0.163540E-35   0.327075E-35   0.654159E-35   0.130831E-34   0.261665E-34   0.523327E-34   0.109301E-35   0.209328E-33   0.418658E-33   0.837320E-33   0.164953E-34   0.327169E-34   0.649843E-34   0.133970E-31   0.267942E-31   0.535880E-31   0.107176E-30   0.171944E-16   0.155906E-16   0.102924E-17   0.270382E-19   0.891919E-22   0.833719E-25   0.728107E-30   0.485369E-29
   0.400000E+01   0.817740E-36   0.163549E-35   0.327098E-35   0.654193E-35   0.130838E-34   0.261675E-34   0.523323E-34   0.137573E-34   0.209338E-33   0.418679E-33   0.837325E-33   0.997229E-34   0.165689E-33   0.277401E-33   0.133976E-31   0.267952E-31   0.535901E-31   0.107175E-30   0.195426E-14   0.177197E-14   0.116979E-15   0.307302E-17   0.101372E-19   0.947577E-23   0.450083E-28   0.551502E-27
   0.400000E+01   0.817739E-36   0.163549E-35   0.327095E-35   0.654192E-35   0.130838E-34   0.261677E-34   0.523322E-34   0.144907E-35   0.209339E-33   0.418679E-33   0.837313E-33   0.188569E-34   0.364563E-34   0.709859E-34   0.133978E-31   0.267953E-31   0.535902E-31   0.107177E-30   0.720411E-16   0.653297E-16   0.431327E-17   0.113316E-18   0.373835E-21   0.349458E-24   0.198276E-29   0.203429E-28
   0.400000E+01   0.817742E-36   0.163549E-35   0.327095E-35   0.654190E-35   0.130838E-34   0.261678E-34   0.523322E-34   0.481463E-34   0.209340E-33   0.418675E-33   0.837311E-33   0.328196E-33   0.531382E-33   0.862247E-33   0.133976E-31   0.267952E-31   0.535908E-31   0.107177E-30   0.730378E-14   0.662429E-14   0.437399E-15   0.114919E-16   0.379152E-19   0.354447E-22   0.167465E-27   0.206344E-26
   0.400000E+01   0.817769E-36   0.163555E-35   0.327113E-35   0.654221E-35   0.130844E-34   0.261688E-34   0.131514E-35   0.443771E-32   0.526998E-35   0.105369E-34   0.210483E-34   0.295189E-31   0.472520E-31   0.755811E-31   0.337375E-33   0.674316E-33   0.134892E-32   0.269380E-32   0.691247E-12   0.626936E-12   0.413943E-13   0.108748E-14   0.358724E-17   0.335270E-20   0.155386E-25   0.195405E-24
   0.400000E+01   0.244885E-37   0.492033E-37   0.987592E-37   0.198141E-36   0.397106E-36   0.795669E-36   0.158880E-35   0.339169E-30   0.637776E-35   0.127623E-34   0.255035E-34   0.223695E-29   0.357661E-29   0.571562E-29   0.409212E-33   0.818809E-33   0.163781E-32   0.327023E-32   0.484270E-10   0.436435E-10   0.286485E-11   0.750448E-13   0.247416E-15   0.232149E-18   0.108645E-23   0.137523E-22
   0.400000E+01   0.817734E-36   0.163547E-35   0.327097E-35   0.654188E-35   0.130838E-34   0.261676E-34   0.523324E-34   0.272506E-35   0.209340E-33   0.418677E-33   0.837311E-33   0.273119E-34   0.500373E-34   0.926834E-34   0.133977E-31   0.267953E-31   0.535909E-31   0.107176E-30   0.269990E-15   0.244869E-15   0.161686E-16   0.424797E-18   0.140153E-20   0.131020E-23   0.651294E-29   0.762752E-28
   0.400000E+01   0.817739E-36   0.163549E-35   0.327095E-35   0.654190E-35   0.130836E-34   0.261676E-34   0.523324E-34   0.167617E-33   0.209340E-33   0.418680E-33   0.837317E-33   0.112390E-32   0.180530E-32   0.290022E-32   0.133976E-31   0.267951E-31   0.535902E-31   0.107176E-30   0.259532E-13   0.235417E-13   0.155459E-14   0.408465E-16   0.134775E-18   0.125999E-21   0.594496E-27   0.733599E-26
   0.400000E+01   0.817825E-36   0.413921E-37   0.827901E-37   0.165604E-36   0.331207E-36   0.662744E-36   0.132267E-35   0.150410E-31   0.530233E-35   0.106062E-34   0.211672E-34   0.100436E-30   0.160856E-30   0.257400E-30   0.339277E-33   0.678409E-33   0.135691E-32   0.270978E-32   0.235160E-11   0.213250E-11   0.140774E-12   0.369754E-14   0.121917E-16   0.113899E-19   0.529364E-25   0.665220E-24
   0.400000E+01   0.287585E-37   0.582928E-37   0.118155E-36   0.238872E-36   0.482094E-36   0.971147E-36   0.194351E-35   0.855025E-30   0.785080E-35   0.157445E-34   0.315251E-34   0.573302E-29   0.918696E-29   0.147074E-28   0.507747E-33   0.101646E-32   0.203340E-32   0.406467E-32   0.109621E-09   0.985306E-10   0.643963E-11   0.169055E-12   0.559071E-15   0.525237E-18   0.245515E-23   0.314779E-22
   0.400000E+01   0.283864E-36   0.596052E-36   0.124949E-35   0.259435E-35   0.534554E-35   0.109475E-34   0.220744E-34   0.153936E-28   0.907113E-34   0.183145E-33   0.368993E-33   0.998394E-28   0.158964E-27   0.252971E-27   0.600842E-32   0.120452E-31   0.241358E-31   0.483399E-31   0.274239E-09   0.246287E-09   0.160612E-10   0.423963E-12   0.140369E-14   0.131692E-17   0.613502E-23   0.813252E-22
   0.400000E+01   0.106372E-34   0.217781E-34   0.447778E-34   0.915448E-34   0.186312E-33   0.377822E-33   0.755217E-33   0.986525E-29   0.306859E-32   0.617107E-32   0.123961E-31   0.628747E-28   0.998018E-28   0.158386E-27   0.200363E-30   0.401278E-30   0.803436E-30   0.160826E-29   0.108698E-09   0.971517E-10   0.626587E-11   0.165698E-12   0.550726E-15   0.518754E-18   0.242714E-23   0.324214E-22
   0.400000E+01   0.817743E-36   0.163547E-35   0.327095E-35   0.654190E-35   0.130838E-34   0.261674E-34   0.523324E-34   0.514597E-35   0.209340E-33   0.418679E-33   0.837316E-33   0.434556E-34   0.758645E-34   0.133974E-33   0.133976E-31   0.267952E-31   0.535907E-31   0.107175E-30   0.645606E-15   0.585613E-15   0.386711E-16   0.101607E-17   0.335256E-20   0.313424E-23   0.151149E-28   0.182483E-27
   0.400000E+01   0.817740E-36   0.163547E-35   0.327097E-35   0.654197E-35   0.130838E-34   0.261677E-34   0.523324E-34   0.390271E-33   0.209341E-33   0.418680E-33   0.837323E-33   0.261449E-32   0.419337E-32   0.672252E-32   0.336436E-33   0.672631E-33   0.134497E-32   0.268513E-32   0.607275E-13   0.550919E-13   0.363837E-14   0.956030E-16   0.315471E-18   0.294940E-21   0.139127E-26   0.171743E-25
   0.400000E+01   0.210105E-37   0.420915E-37   0.842712E-37   0.168660E-36   0.337602E-36   0.675721E-36   0.134937E-35   0.494453E-31   0.541292E-35   0.108258E-34   0.216095E-34   0.331439E-30   0.531094E-30   0.850195E-30   0.346499E-33   0.692757E-33   0.138590E-32   0.276641E-32   0.769017E-11   0.696983E-11   0.459815E-12   0.120701E-13   0.397608E-16   0.371405E-19   0.173133E-24   0.217769E-23
   0.400000E+01   0.389720E-37   0.800688E-37   0.164516E-36   0.336238E-36   0.684631E-36   0.138906E-35   0.278837E-35   0.198867E-29   0.113487E-34   0.228351E-34   0.458326E-34   0.133854E-28   0.214606E-28   0.343702E-28   0.737703E-33   0.147767E-32   0.295842E-32   0.591761E-32   0.187670E-09   0.168511E-09   0.109854E-10   0.289311E-12   0.958096E-15   0.899839E-18   0.419935E-23   0.546134E-22
   0.400000E+01   0.880074E-36   0.187145E-35   0.396999E-35   0.832118E-35   0.172753E-34   0.355909E-34   0.719487E-34   0.210940E-28   0.297655E-33   0.602396E-33   0.121612E-32   0.135284E-27   0.214961E-27   0.341449E-27   0.196712E-31   0.394593E-31   0.791053E-31   0.158501E-30   0.304188E-09   0.273081E-09   0.177944E-10   0.469776E-12   0.155578E-14   0.146003E-17   0.680403E-23   0.903087E-22
   0.400000E+01   0.304330E-34   0.653088E-34   0.139624E-33   0.294462E-33   0.614301E-33   0.127051E-32   0.257474E-32   0.111608E-28   0.106981E-31   0.216842E-31   0.438310E-31   0.711635E-28   0.112982E-27   0.179352E-27   0.710595E-30   0.142597E-29   0.285954E-29   0.573114E-29   0.119883E-09   0.107095E-09   0.690044E-11   0.182480E-12   0.606698E-15   0.571725E-18   0.267643E-23   0.357614E-22
   0.400000E+01   0.376352E-32   0.798324E-32   0.169306E-31   0.354996E-31   0.737469E-31   0.152052E-30   0.307344E-30   0.111287E-28   0.127313E-29   0.257786E-29   0.520529E-29   0.774017E-28   0.127206E-27   0.210212E-27   0.807306E-28   0.155297E-27   0.292368E-27   0.537981E-27   0.113219E-09   0.101148E-09   0.651735E-11   0.172358E-12   0.573054E-15   0.539998E-18   0.252768E-23   0.337759E-22
   0.400000E+01   0.817743E-36   0.163549E-35   0.327095E-35   0.654190E-35   0.130838E-34   0.261677E-34   0.523348E-34   0.102337E-35   0.209339E-33   0.418680E-33   0.210107E-34   0.772184E-36   0.146090E-35   0.271820E-35   0.336243E-33   0.672342E-33   0.134478E-32   0.268975E-32   0.663602E-17   0.602065E-17   0.397567E-18   0.104468E-19   0.344705E-22   0.322295E-25   0.487040E-30   0.187805E-29
   0.400000E+01   0.211383E-37   0.423854E-37   0.850705E-37   0.170717E-36   0.342092E-36   0.685596E-36   0.137288E-35   0.120035E-32   0.550545E-35   0.110229E-34   0.220684E-34   0.804358E-32   0.128883E-31   0.206312E-31   0.352710E-33   0.704361E-33   0.140448E-32   0.280088E-32   0.186985E-12   0.169651E-12   0.112048E-13   0.294428E-15   0.971555E-18   0.908290E-21   0.420604E-26   0.529086E-25
   0.400000E+01   0.716758E-37   0.156426E-36   0.339083E-36   0.724340E-36   0.152864E-35   0.319283E-35   0.653998E-35   0.106185E-30   0.275148E-34   0.560205E-34   0.113621E-33   0.714461E-30   0.114541E-29   0.183433E-29   0.179973E-32   0.349696E-32   0.668038E-32   0.125424E-31   0.161698E-10   0.146313E-10   0.963990E-12   0.252778E-13   0.832311E-16   0.778563E-19   0.363588E-24   0.458820E-23
   0.400000E+01   0.152603E-35   0.346193E-35   0.774448E-35   0.169430E-34   0.364068E-34   0.771068E-34   0.159233E-33   0.320829E-29   0.679977E-33   0.139164E-32   0.283360E-32   0.216558E-28   0.347308E-28   0.556339E-28   0.448777E-31   0.866632E-31   0.163808E-30   0.302747E-30   0.175596E-09   0.157885E-09   0.103239E-10   0.272215E-12   0.900483E-15   0.844211E-18   0.393044E-23   0.516404E-22
   0.400000E+01   0.140987E-33   0.322652E-33   0.726816E-33   0.159875E-32   0.345002E-32   0.733142E-32   0.151784E-31   0.231040E-28   0.650595E-31   0.133325E-30   0.271751E-30   0.147859E-27   0.234980E-27   0.373411E-27   0.431248E-29   0.832780E-29   0.157369E-28   0.290692E-28   0.314954E-09   0.282803E-09   0.184345E-10   0.486683E-12   0.161159E-14   0.151216E-17   0.704530E-23   0.935335E-22
   0.400000E+01   0.585677E-32   0.135376E-31   0.307422E-31   0.680640E-31   0.147649E-30   0.315077E-30   0.654498E-30   0.139631E-28   0.281675E-29   0.576360E-29   0.116495E-28   0.103446E-27   0.172366E-27   0.286946E-27   0.153957E-27   0.273889E-27   0.474923E-27   0.806422E-27   0.132321E-09   0.118146E-09   0.760476E-11   0.201107E-12   0.668849E-15   0.630577E-18   0.295359E-23   0.394750E-22
   0.400000E+01   0.394194E-30   0.662163E-30   0.109100E-29   0.177442E-29   0.286301E-29   0.459601E-29   0.735088E-29   0.235455E-28   0.187049E-28   0.297789E-28   0.473676E-28   0.150958E-27   0.239759E-27   0.380644E-27   0.301532E-27   0.478510E-27   0.759134E-27   0.120397E-26   0.126335E-09   0.112830E-09   0.726560E-11   0.192148E-12   0.638976E-15   0.602283E-18   0.282020E-23   0.376909E-22
   0.400000E+01   0.205315E-37   0.410835E-37   0.821318E-37   0.164264E-36   0.328504E-36   0.657149E-36   0.131392E-35   0.845806E-37   0.525418E-35   0.105121E-34   0.210122E-34   0.859318E-36   0.158715E-35   0.288658E-35   0.336316E-33   0.672535E-33   0.134488E-32   0.268898E-32   0.814803E-17   0.739258E-17   0.488255E-18   0.128306E-19   0.423408E-22   0.395852E-25   0.521761E-30   0.230708E-29
   0.400000E+01   0.208959E-37   0.417271E-37   0.832720E-37   0.166203E-36   0.331889E-36   0.662603E-36   0.132323E-35   0.732994E-35   0.528201E-35   0.105535E-34   0.210965E-34   0.495940E-34   0.796580E-34   0.127936E-33   0.336869E-33   0.673257E-33   0.134671E-32   0.269264E-32   0.113343E-14   0.102823E-14   0.678986E-16   0.178384E-17   0.588394E-20   0.549847E-23   0.264819E-28   0.320902E-27
   0.400000E+01   0.491254E-37   0.929346E-37   0.173456E-36   0.321533E-36   0.596187E-36   0.110882E-35   0.207207E-35   0.586136E-33   0.740204E-35   0.141443E-34   0.272068E-34   0.395891E-32   0.635020E-32   0.101738E-31   0.389086E-33   0.762476E-33   0.149674E-32   0.294513E-32   0.816826E-13   0.733259E-13   0.478731E-14   0.125196E-15   0.412971E-18   0.388819E-21   0.184710E-26   0.233139E-25
   0.400000E+01   0.386299E-33   0.706029E-33   0.124964E-32   0.216322E-32   0.369256E-32   0.625088E-32   0.105183E-31   0.698728E-29   0.298906E-31   0.506371E-31   0.862146E-31   0.464071E-28   0.741900E-28   0.118492E-27   0.739909E-30   0.125841E-29   0.212515E-29   0.356164E-29   0.194288E-09   0.174815E-09   0.114389E-10   0.301961E-12   0.998272E-15   0.935167E-18   0.434962E-23   0.574262E-22
   0.400000E+01   0.310132E-31   0.570899E-31   0.101623E-30   0.176715E-30   0.302730E-30   0.513928E-30   0.866720E-30   0.179213E-28   0.247083E-29   0.419030E-29   0.714025E-29   0.117162E-27   0.187529E-27   0.300261E-27   0.613376E-28   0.104280E-27   0.175990E-27   0.294697E-27   0.234279E-09   0.210668E-09   0.137676E-10   0.363549E-12   0.120236E-14   0.112684E-17   0.524358E-23   0.694693E-22
   0.400000E+01   0.510919E-31   0.826169E-31   0.132788E-30   0.212657E-30   0.339834E-30   0.542353E-30   0.864756E-30   0.283120E-29   0.219647E-29   0.349983E-29   0.557623E-29   0.181894E-28   0.289250E-28   0.459805E-28   0.358494E-28   0.570245E-28   0.906591E-28   0.144058E-27   0.136473E-10   0.121467E-10   0.777276E-12   0.205684E-13   0.685228E-16   0.647616E-19   0.304300E-24   0.407158E-23
   0.400000E+01   0.466486E-30   0.740424E-30   0.117517E-29   0.186513E-29   0.296011E-29   0.469784E-29   0.745555E-29   0.235260E-28   0.187766E-28   0.297966E-28   0.472823E-28   0.149956E-27   0.238015E-27   0.377698E-27   0.299595E-27   0.475200E-27   0.753609E-27   0.119488E-26   0.128103E-09   0.114423E-09   0.737063E-11   0.195079E-12   0.648512E-15   0.611035E-18   0.285960E-23   0.382152E-22
   0.400000E+01   0.899867E-35   0.157226E-34   0.269214E-34   0.454221E-34   0.758735E-34   0.125922E-33   0.207997E-33   0.762242E-31   0.567118E-33   0.938677E-33   0.155866E-32   0.512516E-30   0.821554E-30   0.131553E-29   0.121328E-31   0.202658E-31   0.337579E-31   0.560638E-31   0.117739E-10   0.106838E-10   0.705707E-12   0.185455E-13   0.612054E-16   0.572275E-19   0.264948E-24   0.333308E-23
   0.400000E+01   0.273556E-34   0.481257E-34   0.828455E-34   0.140350E-33   0.235162E-33   0.391144E-33   0.647051E-33   0.238573E-30   0.176627E-32   0.292285E-32   0.485008E-32   0.161075E-29   0.258344E-29   0.413863E-29   0.374598E-31   0.623487E-31   0.103397E-30   0.170767E-30   0.369471E-10   0.335094E-10   0.221212E-11   0.580990E-13   0.191518E-15   0.178881E-18   0.832908E-24   0.104683E-22
   0.400000E+01   0.740180E-33   0.131132E-32   0.226983E-32   0.386194E-32   0.649244E-32   0.108264E-31   0.179437E-31   0.664084E-29   0.490929E-31   0.812817E-31   0.134899E-30   0.450215E-28   0.722496E-28   0.115794E-27   0.103934E-29   0.172732E-29   0.285896E-29   0.470984E-29   0.826304E-09   0.743042E-09   0.487220E-10   0.128033E-11   0.422958E-14   0.396718E-17   0.185063E-22   0.237770E-21
   0.400000E+01   0.958206E-29   0.170978E-28   0.297640E-28   0.508703E-28   0.858265E-28   0.143526E-27   0.238416E-27   0.415094E-25   0.654374E-27   0.108463E-26   0.180167E-26   0.269194E-24   0.428612E-24   0.682098E-24   0.139075E-25   0.231183E-25   0.382693E-25   0.630489E-25   0.848585E-06   0.769642E-06   0.508475E-07   0.133476E-08   0.439951E-11   0.410956E-14   0.190673E-19   0.238001E-18
   0.400000E+01   0.904612E-28   0.146996E-27   0.236981E-27   0.380222E-27   0.608214E-27   0.971033E-27   0.154821E-26   0.507378E-26   0.392735E-26   0.625120E-26   0.994780E-26   0.324319E-25   0.515205E-25   0.818252E-25   0.636493E-25   0.101150E-24   0.160674E-24   0.255109E-24   0.270630E-07   0.241745E-07   0.156202E-08   0.412323E-10   0.136931E-12   0.129014E-15   0.604295E-21   0.801744E-20
   0.400000E+01   0.308373E-29   0.489138E-29   0.775918E-29   0.123092E-28   0.195285E-28   0.309834E-28   0.491590E-28   0.155675E-27   0.123758E-27   0.196362E-27   0.311552E-27   0.988982E-27   0.156900E-26   0.248884E-26   0.197328E-26   0.312964E-26   0.496282E-26   0.786816E-26   0.628568E-09   0.557493E-09   0.355204E-10   0.938383E-12   0.313095E-14   0.296750E-17   0.139999E-22   0.186999E-21
   0.400000E+01   0.129816E-27   0.205863E-27   0.326496E-27   0.517876E-27   0.821510E-27   0.130326E-26   0.206762E-26   0.655199E-26   0.520467E-26   0.825773E-26   0.131015E-25   0.416183E-25   0.660252E-25   0.104732E-24   0.829742E-25   0.131596E-24   0.208675E-24   0.330833E-24   0.445164E-07   0.400037E-07   0.261377E-08   0.689612E-10   0.228179E-12   0.213949E-15   0.996129E-21   0.131506E-19
   0.400000E+01   0.000000E+00   0.000000E+00   0.000000E+00   0.000000E+00   0.000000E+00   0.000000E+00   0.000000E+00   0.000000E+00   0.000000E+00   0.000000E+00   0.000000E+00   0.000000E+00   0.000000E+00   0.000000E+00   0.000000E+00   0.000000E+00   0.000000E+00   0.000000E+00   0.000000E+00   0.000000E+00   0.000000E+00   0.000000E+00   0.000000E+00   0.000000E+00   0.000000E+00   0.000000E+00
   0.400000E+01   0.232970E-26   0.465137E-26   0.928960E-26   0.185579E-25   0.370817E-25   0.741085E-25   0.148129E-24   0.298125E-24   0.592013E-24   0.118367E-23   0.236677E-23   0.475217E-23   0.949617E-23   0.189782E-22   0.378471E-22   0.756884E-22   0.151368E-21   0.302720E-21   0.961538E-07   0.873232E-07   0.581950E-08   0.152410E-09   0.500999E-12   0.467545E-15   0.199423E-19   0.112157E-18
