   0.000000E+00   0.000000E+00   0.000000E+00   0.000000E+00   0.000000E+00   0.000000E+00   0.000000E+00   0.000000E+00   0.000000E+00   0.000000E+00   0.316190E-54   0.725870E-40   0.467826E-28   0.846492E-19   0.430007E-12   0.613256E-08   0.245540E-06   0.276004E-07   0.871010E-11   0.771693E-17   0.191946E-25   0.134038E-36   0.262779E-50   0.000000E+00   0.000000E+00   0.000000E+00   0.000000E+00
   0.000000E+00   0.000000E+00   0.000000E+00   0.000000E+00   0.000000E+00   0.000000E+00   0.000000E+00   0.000000E+00   0.000000E+00   0.000000E+00   0.000000E+00   0.000000E+00   0.000000E+00   0.000000E+00   0.000000E+00   0.000000E+00   0.000000E+00   0.000000E+00   0.000000E+00   0.000000E+00   0.000000E+00   0.000000E+00   0.000000E+00   0.000000E+00   0.000000E+00   0.000000E+00   0.000000E+00
   0.000000E+00   0.000000E+00   0.000000E+00   0.000000E+00   0.000000E+00   0.000000E+00   0.000000E+00   0.000000E+00   0.000000E+00   0.000000E+00   0.000000E+00   0.000000E+00   0.000000E+00   0.000000E+00   0.000000E+00   0.000000E+00   0.000000E+00   0.000000E+00   0.000000E+00   0.000000E+00   0.000000E+00   0.000000E+00   0.000000E+00   0.000000E+00   0.000000E+00   0.000000E+00   0.000000E+00
   0.000000E+00   0.000000E+00   0.000000E+00   0.000000E+00   0.000000E+00   0.000000E+00   0.000000E+00   0.000000E+00   0.000000E+00   0.000000E+00   0.000000E+00   0.000000E+00   0.000000E+00   0.000000E+00   0.000000E+00   0.000000E+00   0.000000E+00   0.000000E+00   0.000000E+00   0.000000E+00   0.000000E+00   0.000000E+00   0.000000E+00   0.000000E+00   0.000000E+00   0.000000E+00   0.000000E+00
   0.000000E+00   0.000000E+00   0.000000E+00   0.000000E+00   0.000000E+00   0.000000E+00   0.000000E+00   0.000000E+00   0.000000E+00   0.000000E+00   0.000000E+00   0.000000E+00   0.000000E+00   0.000000E+00   0.000000E+00   0.000000E+00   0.000000E+00   0.000000E+00   0.000000E+00   0.000000E+00   0.000000E+00   0.000000E+00   0.000000E+00   0.000000E+00   0.000000E+00   0.000000E+00   0.000000E+00
   0.000000E+00   0.000000E+00   0.000000E+00   0.000000E+00   0.000000E+00   0.000000E+00   0.000000E+00   0.000000E+00   0.000000E+00   0.000000E+00   0.000000E+00   0.000000E+00   0.000000E+00   0.000000E+00   0.000000E+00   0.000000E+00   0.000000E+00   0.000000E+00   0.000000E+00   0.000000E+00   0.000000E+00   0.000000E+00   0.000000E+00   0.000000E+00   0.000000E+00   0.000000E+00   0.000000E+00
   0.000000E+00   0.000000E+00   0.000000E+00   0.000000E+00   0.000000E+00   0.000000E+00   0.000000E+00   0.000000E+00   0.000000E+00   0.000000E+00   0.000000E+00   0.000000E+00   0.000000E+00   0.000000E+00   0.000000E+00   0.000000E+00   0.000000E+00   0.000000E+00   0.000000E+00   0.000000E+00   0.000000E+00   0.000000E+00   0.000000E+00   0.000000E+00   0.000000E+00   0.000000E+00   0.000000E+00
   0.000000E+00   0.000000E+00   0.000000E+00   0.000000E+00   0.000000E+00   0.000000E+00   0.000000E+00   0.000000E+00   0.000000E+00   0.000000E+00   0.000000E+00   0.000000E+00   0.000000E+00   0.000000E+00   0.000000E+00   0.000000E+00   0.000000E+00   0.000000E+00   0.000000E+00   0.000000E+00   0.000000E+00   0.000000E+00   0.000000E+00   0.000000E+00   0.000000E+00   0.000000E+00   0.000000E+00
   0.000000E+00   0.000000E+00   0.000000E+00   0.000000E+00   0.000000E+00   0.000000E+00   0.000000E+00   0.000000E+00   0.000000E+00   0.000000E+00   0.000000E+00   0.000000E+00   0.000000E+00   0.000000E+00   0.000000E+00   0.000000E+00   0.000000E+00   0.000000E+00   0.000000E+00   0.000000E+00   0.000000E+00   0.000000E+00   0.000000E+00   0.000000E+00   0.000000E+00   0.000000E+00   0.000000E+00
   0.000000E+00   0.000000E+00   0.000000E+00   0.000000E+00   0.000000E+00   0.000000E+00   0.000000E+00   0.000000E+00   0.000000E+00   0.000000E+00   0.000000E+00   0.000000E+00   0.000000E+00   0.000000E+00   0.000000E+00   0.000000E+00   0.000000E+00   0.000000E+00   0.000000E+00   0.000000E+00   0.000000E+00   0.000000E+00   0.000000E+00   0.000000E+00   0.000000E+00   0.000000E+00   0.000000E+00
   0.000000E+00   0.000000E+00   0.000000E+00   0.000000E+00   0.000000E+00   0.000000E+00   0.000000E+00   0.000000E+00   0.000000E+00   0.000000E+00   0.000000E+00   0.000000E+00   0.000000E+00   0.000000E+00   0.000000E+00   0.000000E+00   0.000000E+00   0.000000E+00   0.000000E+00   0.000000E+00   0.000000E+00   0.000000E+00   0.000000E+00   0.000000E+00   0.000000E+00   0.000000E+00   0.000000E+00
   0.000000E+00   0.000000E+00   0.000000E+00   0.000000E+00   0.000000E+00   0.000000E+00   0.000000E+00   0.000000E+00   0.000000E+00   0.000000E+00   0.000000E+00   0.000000E+00   0.000000E+00   0.000000E+00   0.000000E+00   0.000000E+00   0.000000E+00   0.000000E+00   0.000000E+00   0.000000E+00   0.000000E+00   0.000000E+00   0.000000E+00   0.000000E+00   0.000000E+00   0.000000E+00   0.000000E+00
   0.000000E+00   0.000000E+00   0.000000E+00   0.000000E+00   0.000000E+00   0.000000E+00   0.000000E+00   0.000000E+00   0.000000E+00   0.000000E+00   0.000000E+00   0.000000E+00   0.000000E+00   0.000000E+00   0.000000E+00   0.000000E+00   0.000000E+00   0.000000E+00   0.000000E+00   0.000000E+00   0.000000E+00   0.000000E+00   0.000000E+00   0.000000E+00   0.000000E+00   0.000000E+00   0.000000E+00
   0.000000E+00   0.000000E+00   0.000000E+00   0.000000E+00   0.000000E+00   0.000000E+00   0.000000E+00   0.000000E+00   0.000000E+00   0.000000E+00   0.000000E+00   0.000000E+00   0.000000E+00   0.000000E+00   0.000000E+00   0.000000E+00   0.000000E+00   0.000000E+00   0.000000E+00   0.000000E+00   0.000000E+00   0.000000E+00   0.000000E+00   0.000000E+00   0.000000E+00   0.000000E+00   0.000000E+00
   0.000000E+00   0.000000E+00   0.000000E+00   0.000000E+00   0.000000E+00   0.000000E+00   0.000000E+00   0.000000E+00   0.000000E+00   0.000000E+00   0.000000E+00   0.000000E+00   0.000000E+00   0.000000E+00   0.000000E+00   0.000000E+00   0.000000E+00   0.000000E+00   0.000000E+00   0.000000E+00   0.000000E+00   0.000000E+00   0.000000E+00   0.000000E+00   0.000000E+00   0.000000E+00   0.000000E+00
   0.000000E+00   0.000000E+00   0.000000E+00   0.000000E+00   0.000000E+00   0.000000E+00   0.000000E+00   0.000000E+00   0.000000E+00   0.000000E+00   0.000000E+00   0.000000E+00   0.000000E+00   0.000000E+00   0.000000E+00   0.000000E+00   0.000000E+00   0.000000E+00   0.000000E+00   0.000000E+00   0.000000E+00   0.000000E+00   0.000000E+00   0.000000E+00   0.000000E+00   0.000000E+00   0.000000E+00
   0.000000E+00   0.000000E+00   0.000000E+00   0.000000E+00   0.000000E+00   0.000000E+00   0.000000E+00   0.000000E+00   0.000000E+00   0.000000E+00   0.000000E+00   0.000000E+00   0.000000E+00   0.000000E+00   0.000000E+00   0.000000E+00   0.000000E+00   0.000000E+00   0.000000E+00   0.000000E+00   0.000000E+00   0.000000E+00   0.000000E+00   0.000000E+00   0.000000E+00   0.000000E+00   0.000000E+00
   0.000000E+00   0.000000E+00   0.000000E+00   0.000000E+00   0.000000E+00   0.000000E+00   0.000000E+00   0.000000E+00   0.000000E+00   0.000000E+00   0.000000E+00   0.000000E+00   0.000000E+00   0.000000E+00   0.000000E+00   0.000000E+00   0.000000E+00   0.000000E+00   0.000000E+00   0.000000E+00   0.000000E+00   0.000000E+00   0.000000E+00   0.000000E+00   0.000000E+00   0.000000E+00   0.000000E+00
   0.000000E+00   0.000000E+00   0.000000E+00   0.000000E+00   0.000000E+00   0.000000E+00   0.000000E+00   0.000000E+00   0.000000E+00   0.000000E+00   0.000000E+00   0.000000E+00   0.000000E+00   0.000000E+00   0.000000E+00   0.000000E+00   0.000000E+00   0.000000E+00   0.000000E+00   0.000000E+00   0.000000E+00   0.000000E+00   0.000000E+00   0.000000E+00   0.000000E+00   0.000000E+00   0.000000E+00
   0.000000E+00   0.000000E+00   0.000000E+00   0.000000E+00   0.000000E+00   0.000000E+00   0.000000E+00   0.000000E+00   0.000000E+00   0.000000E+00   0.000000E+00   0.000000E+00   0.000000E+00   0.000000E+00   0.000000E+00   0.000000E+00   0.000000E+00   0.000000E+00   0.000000E+00   0.000000E+00   0.000000E+00   0.000000E+00   0.000000E+00   0.000000E+00   0.000000E+00   0.000000E+00   0.000000E+00
   0.000000E+00   0.000000E+00   0.000000E+00   0.000000E+00   0.000000E+00   0.000000E+00   0.000000E+00   0.000000E+00   0.000000E+00   0.000000E+00   0.000000E+00   0.000000E+00   0.000000E+00   0.000000E+00   0.000000E+00   0.000000E+00   0.000000E+00   0.000000E+00   0.000000E+00   0.000000E+00   0.000000E+00   0.000000E+00   0.000000E+00   0.000000E+00   0.000000E+00   0.000000E+00   0.000000E+00
   0.000000E+00   0.000000E+00   0.000000E+00   0.000000E+00   0.000000E+00   0.000000E+00   0.000000E+00   0.000000E+00   0.000000E+00   0.000000E+00   0.000000E+00   0.000000E+00   0.000000E+00   0.000000E+00   0.000000E+00   0.000000E+00   0.000000E+00   0.000000E+00   0.000000E+00   0.000000E+00   0.000000E+00   0.000000E+00   0.000000E+00   0.000000E+00   0.000000E+00   0.000000E+00   0.000000E+00
   0.000000E+00   0.000000E+00   0.000000E+00   0.000000E+00   0.000000E+00   0.000000E+00   0.000000E+00   0.000000E+00   0.000000E+00   0.000000E+00   0.000000E+00   0.000000E+00   0.000000E+00   0.000000E+00   0.000000E+00   0.000000E+00   0.000000E+00   0.000000E+00   0.000000E+00   0.000000E+00   0.000000E+00   0.000000E+00   0.000000E+00   0.000000E+00   0.000000E+00   0.000000E+00   0.000000E+00
   0.000000E+00   0.000000E+00   0.000000E+00   0.000000E+00   0.000000E+00   0.000000E+00   0.000000E+00   0.000000E+00   0.000000E+00   0.000000E+00   0.000000E+00   0.000000E+00   0.000000E+00   0.000000E+00   0.000000E+00   0.000000E+00   0.000000E+00   0.000000E+00   0.000000E+00   0.000000E+00   0.000000E+00   0.000000E+00   0.000000E+00   0.000000E+00   0.000000E+00   0.000000E+00   0.000000E+00
   0.000000E+00   0.000000E+00   0.000000E+00   0.000000E+00   0.000000E+00   0.000000E+00   0.000000E+00   0.000000E+00   0.000000E+00   0.000000E+00   0.000000E+00   0.000000E+00   0.000000E+00   0.000000E+00   0.000000E+00   0.000000E+00   0.000000E+00   0.000000E+00   0.000000E+00   0.000000E+00   0.000000E+00   0.000000E+00   0.000000E+00   0.000000E+00   0.000000E+00   0.000000E+00   0.000000E+00
   0.000000E+00   0.000000E+00   0.000000E+00   0.000000E+00   0.000000E+00   0.000000E+00   0.000000E+00   0.000000E+00   0.000000E+00   0.000000E+00   0.000000E+00   0.000000E+00   0.000000E+00   0.000000E+00   0.000000E+00   0.000000E+00   0.000000E+00   0.000000E+00   0.000000E+00   0.000000E+00   0.000000E+00   0.000000E+00   0.000000E+00   0.000000E+00   0.000000E+00   0.000000E+00   0.000000E+00
   0.000000E+00   0.000000E+00   0.000000E+00   0.000000E+00   0.000000E+00   0.000000E+00   0.000000E+00   0.000000E+00   0.000000E+00   0.000000E+00   0.000000E+00   0.000000E+00   0.000000E+00   0.000000E+00   0.000000E+00   0.000000E+00   0.000000E+00   0.000000E+00   0.000000E+00   0.000000E+00   0.000000E+00   0.000000E+00   0.000000E+00   0.000000E+00   0.000000E+00   0.000000E+00   0.000000E+00
   0.000000E+00   0.000000E+00   0.000000E+00   0.000000E+00   0.000000E+00   0.000000E+00   0.000000E+00   0.000000E+00   0.000000E+00   0.000000E+00   0.000000E+00   0.000000E+00   0.000000E+00   0.000000E+00   0.000000E+00   0.000000E+00   0.000000E+00   0.000000E+00   0.000000E+00   0.000000E+00   0.000000E+00   0.000000E+00   0.000000E+00   0.000000E+00   0.000000E+00   0.000000E+00   0.000000E+00
   0.000000E+00   0.000000E+00   0.000000E+00   0.000000E+00   0.000000E+00   0.000000E+00   0.000000E+00   0.000000E+00   0.000000E+00   0.000000E+00   0.000000E+00   0.000000E+00   0.000000E+00   0.000000E+00   0.000000E+00   0.000000E+00   0.000000E+00   0.000000E+00   0.000000E+00   0.000000E+00   0.000000E+00   0.000000E+00   0.000000E+00   0.000000E+00   0.000000E+00   0.000000E+00   0.000000E+00
   0.000000E+00   0.000000E+00   0.000000E+00   0.000000E+00   0.000000E+00   0.000000E+00   0.000000E+00   0.000000E+00   0.000000E+00   0.000000E+00   0.000000E+00   0.000000E+00   0.000000E+00   0.000000E+00   0.000000E+00   0.000000E+00   0.000000E+00   0.000000E+00   0.000000E+00   0.000000E+00   0.000000E+00   0.000000E+00   0.000000E+00   0.000000E+00   0.000000E+00   0.000000E+00   0.000000E+00
   0.000000E+00   0.000000E+00   0.000000E+00   0.000000E+00   0.000000E+00   0.000000E+00   0.000000E+00   0.000000E+00   0.000000E+00   0.000000E+00   0.000000E+00   0.000000E+00   0.000000E+00   0.000000E+00   0.000000E+00   0.000000E+00   0.000000E+00   0.000000E+00   0.000000E+00   0.000000E+00   0.000000E+00   0.000000E+00   0.000000E+00   0.000000E+00   0.000000E+00   0.000000E+00   0.000000E+00
   0.000000E+00   0.000000E+00   0.000000E+00   0.000000E+00   0.000000E+00   0.000000E+00   0.000000E+00   0.000000E+00   0.000000E+00   0.000000E+00   0.000000E+00   0.000000E+00   0.000000E+00   0.000000E+00   0.000000E+00   0.000000E+00   0.000000E+00   0.000000E+00   0.000000E+00   0.000000E+00   0.000000E+00   0.000000E+00   0.000000E+00   0.000000E+00   0.000000E+00   0.000000E+00   0.000000E+00
   0.000000E+00   0.000000E+00   0.000000E+00   0.000000E+00   0.000000E+00   0.000000E+00   0.000000E+00   0.000000E+00   0.000000E+00   0.000000E+00   0.000000E+00   0.000000E+00   0.000000E+00   0.000000E+00   0.000000E+00   0.000000E+00   0.000000E+00   0.000000E+00   0.000000E+00   0.000000E+00   0.000000E+00   0.000000E+00   0.000000E+00   0.000000E+00   0.000000E+00   0.000000E+00   0.000000E+00
   0.000000E+00   0.000000E+00   0.000000E+00   0.000000E+00   0.000000E+00   0.000000E+00   0.000000E+00   0.000000E+00   0.000000E+00   0.000000E+00   0.000000E+00   0.000000E+00   0.000000E+00   0.000000E+00   0.000000E+00   0.000000E+00   0.000000E+00   0.000000E+00   0.000000E+00   0.000000E+00   0.000000E+00   0.000000E+00   0.000000E+00   0.000000E+00   0.000000E+00   0.000000E+00   0.000000E+00
   0.000000E+00   0.000000E+00   0.000000E+00   0.000000E+00   0.000000E+00   0.000000E+00   0.000000E+00   0.000000E+00   0.000000E+00   0.000000E+00   0.000000E+00   0.000000E+00   0.000000E+00   0.000000E+00   0.000000E+00   0.000000E+00   0.000000E+00   0.000000E+00   0.000000E+00   0.000000E+00   0.000000E+00   0.000000E+00   0.000000E+00   0.000000E+00   0.000000E+00   0.000000E+00   0.000000E+00
   0.000000E+00   0.000000E+00   0.000000E+00   0.000000E+00   0.000000E+00   0.000000E+00   0.000000E+00   0.000000E+00   0.000000E+00   0.000000E+00   0.000000E+00   0.000000E+00   0.000000E+00   0.000000E+00   0.000000E+00   0.000000E+00   0.000000E+00   0.000000E+00   0.000000E+00   0.000000E+00   0.000000E+00   0.000000E+00   0.000000E+00   0.000000E+00   0.000000E+00   0.000000E+00   0.000000E+00
   0.000000E+00   0.000000E+00   0.000000E+00   0.000000E+00   0.000000E+00   0.000000E+00   0.000000E+00   0.000000E+00   0.000000E+00   0.000000E+00   0.000000E+00   0.000000E+00   0.000000E+00   0.000000E+00   0.000000E+00   0.000000E+00   0.000000E+00   0.000000E+00   0.000000E+00   0.000000E+00   0.000000E+00   0.000000E+00   0.000000E+00   0.000000E+00   0.000000E+00   0.000000E+00   0.000000E+00
   0.000000E+00   0.000000E+00   0.000000E+00   0.000000E+00   0.000000E+00   0.000000E+00   0.000000E+00   0.000000E+00   0.000000E+00   0.000000E+00   0.000000E+00   0.000000E+00   0.000000E+00   0.000000E+00   0.000000E+00   0.000000E+00   0.000000E+00   0.000000E+00   0.000000E+00   0.000000E+00   0.000000E+00   0.000000E+00   0.000000E+00   0.000000E+00   0.000000E+00   0.000000E+00   0.000000E+00
   0.000000E+00   0.000000E+00   0.000000E+00   0.000000E+00   0.000000E+00   0.000000E+00   0.000000E+00   0.000000E+00   0.000000E+00   0.000000E+00   0.000000E+00   0.000000E+00   0.000000E+00   0.000000E+00   0.000000E+00   0.000000E+00   0.000000E+00   0.000000E+00   0.000000E+00   0.000000E+00   0.000000E+00   0.000000E+00   0.000000E+00   0.000000E+00   0.000000E+00   0.000000E+00   0.000000E+00
   0.000000E+00   0.000000E+00   0.000000E+00   0.000000E+00   0.000000E+00   0.000000E+00   0.000000E+00   0.000000E+00   0.000000E+00   0.000000E+00   0.000000E+00   0.000000E+00   0.000000E+00   0.000000E+00   0.000000E+00   0.000000E+00   0.000000E+00   0.000000E+00   0.000000E+00   0.000000E+00   0.000000E+00   0.000000E+00   0.000000E+00   0.000000E+00   0.000000E+00   0.000000E+00   0.000000E+00
   0.000000E+00   0.000000E+00   0.000000E+00   0.000000E+00   0.000000E+00   0.000000E+00   0.000000E+00   0.000000E+00   0.000000E+00   0.000000E+00   0.000000E+00   0.000000E+00   0.000000E+00   0.000000E+00   0.000000E+00   0.000000E+00   0.000000E+00   0.000000E+00   0.000000E+00   0.000000E+00   0.000000E+00   0.000000E+00   0.000000E+00   0.000000E+00   0.000000E+00   0.000000E+00   0.000000E+00
   0.000000E+00   0.000000E+00   0.000000E+00   0.000000E+00   0.000000E+00   0.000000E+00   0.000000E+00   0.000000E+00   0.000000E+00   0.000000E+00   0.000000E+00   0.000000E+00   0.000000E+00   0.000000E+00   0.000000E+00   0.000000E+00   0.000000E+00   0.000000E+00   0.000000E+00   0.000000E+00   0.000000E+00   0.000000E+00   0.000000E+00   0.000000E+00   0.000000E+00   0.000000E+00   0.000000E+00
   0.000000E+00   0.000000E+00   0.000000E+00   0.000000E+00   0.000000E+00   0.000000E+00   0.000000E+00   0.000000E+00   0.000000E+00   0.000000E+00   0.000000E+00   0.000000E+00   0.000000E+00   0.000000E+00   0.000000E+00   0.000000E+00   0.000000E+00   0.000000E+00   0.000000E+00   0.000000E+00   0.000000E+00   0.000000E+00   0.000000E+00   0.000000E+00   0.000000E+00   0.000000E+00   0.000000E+00
   0.166667E+00   0.218750E-25   0.437500E-25   0.875000E-25   0.175000E-24   0.350000E-24   0.700000E-24   0.140000E-23   0.280000E-23   0.560001E-23   0.112000E-22   0.224000E-22   0.448000E-22   0.790982E-19   0.404014E-12   0.581457E-08   0.234188E-06   0.392789E-07   0.344772E-13   0.186622E-14   0.115852E-21   0.231060E-19   0.458740E-19   0.919103E-19   0.183500E-18   0.367158E-18   0.734027E-18
   0.166667E+00   0.734684E-40   0.114611E-39   0.211589E-39   0.423189E-39   0.182788E-35   0.261665E-34   0.102331E-35   0.104665E-33   0.168093E-37   0.418657E-33   0.164346E-34   0.167464E-32   0.231428E-33   0.115521E-26   0.123727E-22   0.529371E-21   0.899528E-22   0.193802E-28   0.476618E-29   0.000000E+00   0.133928E-33   0.171475E-29   0.257950E-33   0.685916E-29   0.671549E-33   0.274377E-28
   0.166667E+00   0.631828E-40   0.911008E-40   0.193957E-39   0.364403E-39   0.182856E-35   0.261663E-34   0.102735E-35   0.104664E-33   0.134178E-37   0.418656E-33   0.581851E-37   0.167464E-32   0.147272E-33   0.752229E-27   0.108261E-22   0.435952E-21   0.643275E-22   0.130124E-27   0.390785E-29   0.000000E+00   0.124189E-33   0.171475E-29   0.268567E-33   0.685923E-29   0.591840E-33   0.660692E-32
   0.166667E+00   0.778765E-40   0.999170E-40   0.211589E-39   0.399668E-39   0.182887E-35   0.261662E-34   0.102754E-35   0.104665E-33   0.171733E-37   0.418661E-33   0.431146E-37   0.167463E-32   0.194610E-33   0.832825E-27   0.127593E-22   0.451522E-21   0.745357E-22   0.553719E-29   0.407283E-29   0.000000E+00   0.119098E-33   0.171474E-29   0.279182E-33   0.685917E-29   0.616529E-33   0.362395E-31
   0.166667E+00   0.573054E-40   0.911008E-40   0.182202E-39   0.364403E-39   0.182901E-35   0.261661E-34   0.102725E-35   0.104664E-33   0.126534E-37   0.418657E-33   0.430903E-37   0.167463E-32   0.163051E-33   0.752229E-27   0.108261E-22   0.420382E-21   0.642576E-22   0.276860E-29   0.413607E-29   0.000000E+00   0.117106E-33   0.171474E-29   0.246607E-33   0.685919E-29   0.591840E-33   0.690276E-32
   0.166667E+00   0.543666E-40   0.911008E-40   0.193957E-39   0.364403E-39   0.182896E-35   0.261663E-34   0.447826E-38   0.104665E-33   0.133996E-37   0.418657E-33   0.430658E-37   0.167465E-32   0.147272E-33   0.752229E-27   0.966614E-23   0.420382E-21   0.565504E-22   0.553719E-29   0.397939E-29   0.000000E+00   0.481817E-34   0.429518E-31   0.155734E-33   0.171836E-30   0.468534E-33   0.000000E+00
   0.166667E+00   0.455504E-40   0.911008E-40   0.199834E-39   0.364403E-39   0.103463E-38   0.655597E-36   0.329279E-38   0.262220E-35   0.116666E-37   0.104918E-34   0.376384E-37   0.419431E-34   0.147272E-33   0.752229E-27   0.966614E-23   0.389243E-21   0.642638E-22   0.553719E-29   0.360485E-29   0.000000E+00   0.496809E-34   0.429425E-31   0.155691E-33   0.171811E-30   0.542514E-33   0.000000E+00
   0.166667E+00   0.764071E-40   0.911008E-40   0.193957E-39   0.399668E-39   0.182887E-35   0.261662E-34   0.102772E-35   0.104665E-33   0.137634E-37   0.418659E-33   0.505396E-37   0.167463E-32   0.157792E-33   0.752229E-27   0.108261E-22   0.451522E-21   0.719786E-22   0.110744E-28   0.415930E-29   0.000000E+00   0.109580E-33   0.171474E-29   0.253768E-33   0.685919E-29   0.567251E-33   0.964414E-31
   0.166667E+00   0.514279E-40   0.911008E-40   0.182202E-39   0.364403E-39   0.182896E-35   0.261661E-34   0.293001E-37   0.104664E-33   0.130048E-37   0.418657E-33   0.429916E-37   0.167463E-32   0.147272E-33   0.752229E-27   0.966614E-23   0.420382E-21   0.719787E-22   0.276860E-29   0.414189E-29   0.000000E+00   0.116884E-33   0.171473E-29   0.258210E-33   0.685917E-29   0.542515E-33   0.690276E-33
   0.166667E+00   0.514279E-40   0.999170E-40   0.182202E-39   0.399668E-39   0.467215E-37   0.261662E-34   0.418994E-38   0.104665E-33   0.129986E-37   0.418661E-33   0.399573E-37   0.167463E-32   0.147272E-33   0.671633E-27   0.966614E-23   0.389243E-21   0.565777E-22   0.155041E-27   0.422159E-29   0.000000E+00   0.541802E-34   0.429579E-31   0.186412E-33   0.171836E-30   0.616493E-33   0.000000E+00
   0.166667E+00   0.499585E-40   0.999170E-40   0.182202E-39   0.399668E-39   0.940571E-39   0.655549E-36   0.348072E-38   0.262257E-35   0.112898E-37   0.104873E-34   0.376359E-37   0.419582E-34   0.147272E-33   0.671633E-27   0.850620E-23   0.373673E-21   0.616984E-22   0.276860E-29   0.397275E-29   0.000000E+00   0.556794E-34   0.429487E-31   0.186369E-33   0.171860E-30   0.542514E-33   0.000000E+00
   0.166667E+00   0.455504E-40   0.136945E-38   0.218054E-38   0.337367E-38   0.115216E-38   0.655785E-36   0.385684E-38   0.262370E-35   0.613187E-37   0.104918E-34   0.239256E-36   0.419642E-34   0.147272E-33   0.671633E-27   0.966614E-23   0.389243E-21   0.617117E-22   0.135661E-27   0.384818E-29   0.000000E+00   0.571802E-34   0.429857E-31   0.204837E-33   0.171922E-30   0.468538E-33   0.527568E-32
   0.166667E+00   0.499585E-40   0.237450E-38   0.364991E-38   0.556009E-38   0.124619E-38   0.656114E-36   0.442103E-38   0.262408E-35   0.914112E-37   0.104978E-34   0.362635E-36   0.419913E-34   0.147272E-33   0.752229E-27   0.966614E-23   0.389243E-21   0.642817E-22   0.146736E-27   0.397193E-29   0.000000E+00   0.540317E-34   0.429949E-31   0.192453E-33   0.171971E-30   0.616500E-33   0.107486E-31
   0.166667E+00   0.778765E-40   0.911008E-40   0.199834E-39   0.399668E-39   0.182884E-35   0.261662E-34   0.102733E-35   0.104664E-33   0.148540E-37   0.418658E-33   0.413603E-37   0.167462E-32   0.173571E-33   0.752229E-27   0.108261E-22   0.420382E-21   0.796963E-22   0.276860E-29   0.385621E-29   0.000000E+00   0.106918E-33   0.171474E-29   0.249562E-33   0.685921E-29   0.632612E-33   0.274380E-28
   0.166667E+00   0.514279E-40   0.911008E-40   0.199834E-39   0.364403E-39   0.182882E-35   0.261661E-34   0.291965E-37   0.104665E-33   0.129668E-37   0.418659E-33   0.473531E-37   0.167464E-32   0.147272E-33   0.752229E-27   0.108261E-22   0.420382E-21   0.642717E-22   0.276860E-29   0.385355E-29   0.000000E+00   0.940785E-34   0.171473E-29   0.216980E-33   0.685925E-29   0.567174E-33   0.000000E+00
   0.166667E+00   0.499585E-40   0.911008E-40   0.199834E-39   0.329138E-39   0.468377E-37   0.261661E-34   0.361613E-38   0.104664E-33   0.112890E-37   0.104858E-34   0.421466E-37   0.419642E-34   0.147272E-33   0.671633E-27   0.108261E-22   0.389243E-21   0.565595E-22   0.276860E-29   0.359907E-29   0.000000E+00   0.523314E-34   0.429548E-31   0.198492E-33   0.171774E-30   0.542514E-33   0.000000E+00
   0.166667E+00   0.499585E-40   0.999170E-40   0.182202E-39   0.399668E-39   0.115213E-38   0.655597E-36   0.319836E-38   0.262239E-35   0.127934E-37   0.104933E-34   0.421459E-37   0.419672E-34   0.147272E-33   0.671633E-27   0.108261E-22   0.435952E-21   0.617016E-22   0.553719E-29   0.372307E-29   0.000000E+00   0.553803E-34   0.429518E-31   0.198449E-33   0.171762E-30   0.616493E-33   0.000000E+00
   0.166667E+00   0.499585E-40   0.355587E-38   0.553658E-38   0.858111E-38   0.134020E-38   0.656208E-36   0.477051E-38   0.262539E-35   0.147082E-36   0.105001E-34   0.573281E-36   0.419973E-34   0.147272E-33   0.671633E-27   0.108261E-22   0.435952E-21   0.642728E-22   0.553719E-29   0.409528E-29   0.000000E+00   0.599801E-34   0.430072E-31   0.210748E-33   0.172057E-30   0.542522E-33   0.173555E-31
   0.166667E+00   0.499585E-40   0.561886E-38   0.878094E-38   0.136005E-37   0.157530E-38   0.656584E-36   0.114738E-37   0.262502E-35   0.230589E-36   0.105068E-34   0.914832E-36   0.420214E-34   0.147272E-33   0.671633E-27   0.108261E-22   0.435952E-21   0.565602E-22   0.276860E-29   0.421932E-29   0.000000E+00   0.676775E-34   0.430103E-31   0.241555E-33   0.172094E-30   0.542526E-33   0.275617E-31
   0.166667E+00   0.345301E-39   0.241931E-36   0.365579E-36   0.548838E-36   0.256024E-37   0.692084E-36   0.316538E-36   0.277266E-35   0.858506E-35   0.110884E-34   0.335157E-34   0.443776E-34   0.119396E-32   0.569545E-26   0.815822E-22   0.326964E-20   0.506482E-21   0.487273E-27   0.255637E-28   0.000000E+00   0.586746E-33   0.453861E-31   0.158049E-32   0.181622E-30   0.475976E-32   0.101594E-29
   0.166667E+00   0.675909E-40   0.999170E-40   0.182202E-39   0.364403E-39   0.182882E-35   0.261659E-34   0.102732E-35   0.104665E-33   0.129272E-37   0.418658E-33   0.411764E-37   0.167464E-32   0.147272E-33   0.752229E-27   0.100528E-22   0.389243E-21   0.642730E-22   0.000000E+00   0.335102E-29   0.000000E+00   0.883115E-34   0.171474E-29   0.206576E-33   0.685923E-29   0.542514E-33   0.345138E-33
   0.166667E+00   0.499585E-40   0.999170E-40   0.182202E-39   0.364403E-39   0.182889E-35   0.261663E-34   0.539296E-38   0.104664E-33   0.121682E-37   0.418659E-33   0.426541E-37   0.167463E-32   0.147272E-33   0.671633E-27   0.108261E-22   0.389243E-21   0.565605E-22   0.553719E-29   0.384695E-29   0.000000E+00   0.458342E-34   0.429548E-31   0.204403E-33   0.171873E-30   0.591834E-33   0.000000E+00
   0.166667E+00   0.499585E-40   0.911008E-40   0.199834E-39   0.364403E-39   0.206898E-38   0.655455E-36   0.338618E-38   0.262201E-35   0.116640E-37   0.104926E-34   0.421419E-37   0.419521E-34   0.147272E-33   0.671633E-27   0.966614E-23   0.389243E-21   0.642733E-22   0.553719E-29   0.384695E-29   0.000000E+00   0.488833E-34   0.429610E-31   0.161167E-33   0.171786E-30   0.616494E-33   0.000000E+00
   0.166667E+00   0.499585E-40   0.238038E-39   0.558360E-39   0.963905E-39   0.101103E-38   0.655361E-36   0.348018E-38   0.262239E-35   0.142969E-37   0.104873E-34   0.421412E-37   0.419672E-34   0.147272E-33   0.671633E-27   0.966614E-23   0.389243E-21   0.642734E-22   0.553719E-29   0.372286E-29   0.000000E+00   0.565805E-34   0.429579E-31   0.204316E-33   0.171873E-30   0.591834E-33   0.936803E-33
   0.166667E+00   0.499585E-40   0.943040E-38   0.146525E-37   0.225695E-37   0.195142E-38   0.656913E-36   0.164576E-37   0.262784E-35   0.379170E-36   0.105061E-34   0.149110E-35   0.420394E-34   0.147272E-33   0.752229E-27   0.966614E-23   0.435952E-21   0.565607E-22   0.110744E-28   0.434333E-29   0.000000E+00   0.689277E-34   0.430411E-31   0.253635E-33   0.172218E-30   0.542527E-33   0.458047E-31
   0.166667E+00   0.499585E-40   0.153373E-37   0.239566E-37   0.369105E-37   0.263320E-38   0.657759E-36   0.254854E-37   0.263047E-35   0.623673E-36   0.105204E-34   0.246009E-35   0.420966E-34   0.147272E-33   0.752229E-27   0.966614E-23   0.435952E-21   0.565607E-22   0.110744E-28   0.459152E-29   0.000000E+00   0.859222E-34   0.430750E-31   0.290613E-33   0.172415E-30   0.542536E-33   0.758810E-31
   0.166667E+00   0.859580E-39   0.682651E-36   0.103650E-35   0.156189E-35   0.709765E-37   0.735624E-36   0.900712E-36   0.295021E-35   0.246640E-34   0.118016E-34   0.964786E-34   0.472454E-34   0.303486E-32   0.145341E-25   0.209562E-21   0.848550E-20   0.128548E-20   0.124587E-26   0.667632E-28   0.000000E+00   0.161061E-32   0.481563E-31   0.425190E-32   0.192617E-30   0.122074E-31   0.276584E-29
   0.166667E+00   0.514279E-40   0.911008E-40   0.182202E-39   0.364403E-39   0.182881E-35   0.261661E-34   0.102722E-35   0.104665E-33   0.128792E-37   0.418657E-33   0.470030E-37   0.167463E-32   0.131493E-33   0.752229E-27   0.108261E-22   0.435952E-21   0.694155E-22   0.276860E-29   0.372286E-29   0.000000E+00   0.743446E-34   0.171476E-29   0.188236E-33   0.685921E-29   0.591834E-33   0.640970E-33
   0.166667E+00   0.514279E-40   0.911008E-40   0.182202E-39   0.364403E-39   0.182881E-35   0.261663E-34   0.415840E-38   0.104665E-33   0.121199E-37   0.418660E-33   0.484796E-37   0.167464E-32   0.147272E-33   0.725363E-27   0.108261E-22   0.389243E-21   0.565608E-22   0.276860E-29   0.384695E-29   0.000000E+00   0.485834E-34   0.429425E-31   0.154736E-33   0.171836E-30   0.591834E-33   0.000000E+00
   0.166667E+00   0.499585E-40   0.911008E-40   0.199834E-39   0.364403E-39   0.987482E-39   0.655738E-36   0.329184E-38   0.262239E-35   0.127912E-37   0.104926E-34   0.466510E-37   0.419521E-34   0.147272E-33   0.644768E-27   0.966614E-23   0.389243E-21   0.642736E-22   0.276860E-29   0.384695E-29   0.000000E+00   0.485337E-34   0.429672E-31   0.191714E-33   0.171811E-30   0.542514E-33   0.000000E+00
   0.166667E+00   0.499585E-40   0.702358E-39   0.114023E-38   0.186904E-38   0.112854E-38   0.655832E-36   0.376200E-38   0.262239E-35   0.376175E-37   0.104888E-34   0.150470E-36   0.419612E-34   0.147272E-33   0.644768E-27   0.966614E-23   0.389243E-21   0.642737E-22   0.000000E+00   0.397105E-29   0.000000E+00   0.531322E-34   0.429764E-31   0.191670E-33   0.171873E-30   0.542515E-33   0.271180E-32
   0.166667E+00   0.499585E-40   0.244003E-37   0.380978E-37   0.586924E-37   0.364409E-38   0.658042E-36   0.382745E-37   0.263217E-35   0.985160E-36   0.105241E-34   0.388948E-35   0.421026E-34   0.147272E-33   0.752229E-27   0.108261E-22   0.389243E-21   0.565609E-22   0.249174E-28   0.421924E-29   0.000000E+00   0.119711E-33   0.431212E-31   0.345883E-33   0.172427E-30   0.468658E-33   0.120404E-30
   0.166667E+00   0.499585E-40   0.354705E-38   0.561886E-38   0.875743E-38   0.138713E-38   0.655926E-36   0.498442E-38   0.262389E-35   0.154602E-36   0.104948E-34   0.603363E-36   0.419582E-34   0.147272E-33   0.725363E-27   0.108261E-22   0.389243E-21   0.642737E-22   0.110744E-28   0.409514E-29   0.000000E+00   0.592302E-34   0.429857E-31   0.228604E-33   0.171922E-30   0.616495E-33   0.187361E-31
   0.166667E+00   0.217466E-38   0.182043E-35   0.277745E-35   0.420137E-35   0.188690E-36   0.804884E-36   0.243534E-35   0.323759E-35   0.670119E-34   0.129218E-34   0.262581E-33   0.518135E-34   0.796321E-32   0.382025E-25   0.548263E-21   0.222336E-19   0.338337E-20   0.326418E-26   0.174850E-27   0.000000E+00   0.428154E-32   0.521220E-31   0.112671E-31   0.208554E-30   0.324528E-31   0.634856E-29
   0.166667E+00   0.528972E-40   0.232160E-39   0.199834E-39   0.399668E-39   0.182884E-35   0.261661E-34   0.291622E-37   0.104665E-33   0.154624E-37   0.418655E-33   0.573356E-37   0.167464E-32   0.157792E-33   0.752229E-27   0.966614E-23   0.435952E-21   0.642737E-22   0.553719E-29   0.384695E-29   0.000000E+00   0.603688E-34   0.171475E-29   0.194543E-33   0.685923E-29   0.616494E-33   0.714928E-32
   0.166667E+00   0.499585E-40   0.911008E-40   0.199834E-39   0.399668E-39   0.467154E-37   0.261662E-34   0.386375E-38   0.104665E-33   0.147028E-37   0.418659E-33   0.527925E-37   0.167463E-32   0.147272E-33   0.671633E-27   0.966614E-23   0.435952E-21   0.565609E-22   0.553719E-29   0.409514E-29   0.000000E+00   0.513327E-34   0.429487E-31   0.179111E-33   0.171799E-30   0.616494E-33   0.000000E+00
   0.166667E+00   0.499585E-40   0.345008E-38   0.540727E-38   0.841654E-38   0.138710E-38   0.655597E-36   0.564252E-38   0.262333E-35   0.145198E-36   0.104948E-34   0.573268E-36   0.419792E-34   0.147272E-33   0.671633E-27   0.966614E-23   0.435952E-21   0.642737E-22   0.553719E-29   0.421924E-29   0.000000E+00   0.512828E-34   0.429733E-31   0.222259E-33   0.171873E-30   0.542515E-33   0.171090E-31
   0.166667E+00   0.699052E-37   0.617824E-34   0.962424E-34   0.148004E-33   0.665629E-35   0.477815E-35   0.884168E-34   0.198420E-34   0.246552E-32   0.788277E-34   0.973315E-32   0.320053E-33   0.289032E-30   0.138921E-23   0.199505E-19   0.810887E-18   0.123457E-18   0.119396E-24   0.639500E-26   0.000000E+00   0.158417E-30   0.282944E-30   0.415885E-30   0.113285E-29   0.118919E-29   0.302177E-27
   0.166667E+00   0.568352E-38   0.500195E-35   0.783372E-35   0.120984E-34   0.546911E-36   0.963717E-36   0.729023E-35   0.391524E-35   0.203824E-33   0.156075E-34   0.806183E-33   0.628244E-34   0.241579E-31   0.116139E-24   0.166722E-20   0.678528E-19   0.103378E-19   0.998356E-26   0.534850E-27   0.000000E+00   0.132001E-31   0.606021E-31   0.347137E-31   0.242488E-30   0.994528E-31   0.250580E-28
   0.166667E+00   0.193663E-38   0.168149E-35   0.264723E-35   0.410539E-35   0.186833E-36   0.749871E-36   0.249591E-35   0.301998E-35   0.699301E-34   0.120604E-34   0.277105E-33   0.483679E-34   0.843659E-32   0.406204E-25   0.582675E-21   0.236815E-19   0.361733E-20   0.347736E-26   0.187260E-27   0.000000E+00   0.459110E-32   0.482148E-31   0.120875E-31   0.192950E-30   0.346716E-31   0.863732E-29
   0.166667E+00   0.324063E-34   0.265592E-31   0.389398E-31   0.570698E-31   0.247021E-32   0.107221E-32   0.310777E-31   0.429052E-32   0.837401E-30   0.163418E-31   0.323152E-29   0.653782E-31   0.947074E-28   0.454919E-21   0.650252E-17   0.263319E-15   0.399710E-16   0.385970E-22   0.206197E-23   0.000000E+00   0.509254E-28   0.500705E-28   0.133486E-27   0.200289E-27   0.381334E-27   0.563999E-25
   0.166667E+00   0.000000E+00   0.000000E+00   0.000000E+00   0.000000E+00   0.000000E+00   0.000000E+00   0.000000E+00   0.000000E+00   0.000000E+00   0.000000E+00   0.000000E+00   0.000000E+00   0.000000E+00   0.000000E+00   0.000000E+00   0.000000E+00   0.000000E+00   0.000000E+00   0.000000E+00   0.000000E+00   0.000000E+00   0.000000E+00   0.000000E+00   0.000000E+00   0.000000E+00   0.000000E+00
   0.166667E+00   0.230913E-26   0.461826E-26   0.923651E-26   0.184730E-25   0.369461E-25   0.738921E-25   0.147784E-24   0.295568E-24   0.591138E-24   0.118227E-23   0.236455E-23   0.472909E-23   0.834962E-20   0.426478E-13   0.613786E-09   0.247209E-07   0.414629E-08   0.363942E-14   0.196999E-15   0.122294E-22   0.243907E-20   0.484246E-20   0.970206E-20   0.193703E-19   0.387573E-19   0.774840E-19
   0.333333E+00   0.218750E-25   0.437500E-25   0.875000E-25   0.175000E-24   0.350000E-24   0.700000E-24   0.140000E-23   0.280000E-23   0.560001E-23   0.112000E-22   0.224000E-22   0.448000E-22   0.740199E-19   0.380106E-12   0.551988E-08   0.223617E-06   0.501421E-07   0.199484E-11   0.762251E-16   0.115852E-21   0.233161E-19   0.458737E-19   0.920767E-19   0.183500E-18   0.367237E-18   0.734125E-18
   0.333333E+00   0.455504E-40   0.911008E-40   0.182202E-39   0.352648E-39   0.744922E-39   0.261665E-34   0.297969E-38   0.104665E-33   0.107907E-37   0.418657E-33   0.431628E-37   0.167464E-32   0.123051E-33   0.631887E-27   0.917625E-23   0.371610E-21   0.880363E-22   0.426436E-24   0.127850E-31   0.000000E+00   0.143039E-33   0.171474E-29   0.268594E-33   0.685918E-29   0.468633E-33   0.936929E-33
   0.333333E+00   0.499585E-40   0.911008E-40   0.182202E-39   0.364403E-39   0.744545E-39   0.261661E-34   0.297818E-38   0.104664E-33   0.111608E-37   0.418656E-33   0.431387E-37   0.167464E-32   0.123051E-33   0.631887E-27   0.917625E-23   0.401339E-21   0.100335E-21   0.110806E-26   0.701141E-35   0.000000E+00   0.132935E-33   0.171472E-29   0.229695E-33   0.685923E-29   0.468633E-33   0.936929E-33
   0.333333E+00   0.455504E-40   0.911008E-40   0.182202E-39   0.364403E-39   0.744167E-39   0.261663E-34   0.269455E-38   0.104665E-33   0.107786E-37   0.418661E-33   0.431145E-37   0.167463E-32   0.123051E-33   0.631887E-27   0.917625E-23   0.416203E-21   0.108301E-21   0.427085E-24   0.191694E-31   0.000000E+00   0.135318E-33   0.171472E-29   0.271102E-33   0.685917E-29   0.468633E-33   0.936929E-33
   0.333333E+00   0.499585E-40   0.911008E-40   0.182202E-39   0.364403E-39   0.814317E-39   0.261663E-34   0.297515E-38   0.104664E-33   0.119010E-37   0.418657E-33   0.430902E-37   0.167463E-32   0.137817E-33   0.631887E-27   0.917625E-23   0.416203E-21   0.110048E-21   0.474936E-27   0.639035E-32   0.000000E+00   0.129897E-33   0.171472E-29   0.244556E-33   0.685917E-29   0.468633E-33   0.936929E-33
   0.333333E+00   0.124896E-38   0.218348E-38   0.363816E-38   0.599502E-38   0.864273E-38   0.261663E-34   0.234742E-37   0.104665E-33   0.762180E-37   0.418657E-33   0.164941E-36   0.167465E-32   0.472515E-33   0.149125E-26   0.216560E-22   0.416203E-21   0.906431E-22   0.174164E-26   0.574975E-31   0.000000E+00   0.706367E-34   0.429392E-31   0.211612E-33   0.171860E-30   0.468633E-33   0.493120E-33
   0.333333E+00   0.632945E-37   0.108481E-36   0.175836E-36   0.283706E-36   0.412458E-36   0.655408E-36   0.111540E-35   0.262220E-35   0.295172E-35   0.104918E-34   0.758638E-35   0.419431E-34   0.155142E-31   0.428420E-25   0.496986E-21   0.160981E-19   0.292394E-20   0.142976E-24   0.525720E-29   0.000000E+00   0.811971E-33   0.429607E-31   0.202160E-32   0.171823E-30   0.545095E-32   0.931997E-32
   0.333333E+00   0.499585E-40   0.911008E-40   0.182202E-39   0.364403E-39   0.742633E-39   0.261661E-34   0.268842E-38   0.104665E-33   0.107541E-37   0.418659E-33   0.430163E-37   0.167463E-32   0.137817E-33   0.631887E-27   0.917625E-23   0.371610E-21   0.115764E-21   0.426314E-24   0.127773E-31   0.000000E+00   0.124558E-33   0.171473E-29   0.245224E-33   0.685924E-29   0.468633E-33   0.936929E-33
   0.333333E+00   0.114611E-39   0.208650E-39   0.417301E-39   0.364403E-39   0.742245E-39   0.261662E-34   0.296898E-38   0.104664E-33   0.107479E-37   0.418657E-33   0.429915E-37   0.167463E-32   0.137817E-33   0.631887E-27   0.917625E-23   0.371610E-21   0.112029E-21   0.427111E-24   0.191641E-31   0.000000E+00   0.131623E-33   0.171473E-29   0.206321E-33   0.685921E-29   0.517963E-33   0.936929E-33
   0.333333E+00   0.368664E-38   0.645346E-38   0.107029E-37   0.175031E-37   0.259209E-37   0.261661E-34   0.726507E-37   0.104665E-33   0.188664E-36   0.418661E-33   0.506393E-36   0.167463E-32   0.108777E-32   0.346274E-26   0.363380E-22   0.144185E-20   0.200740E-21   0.949964E-26   0.306613E-30   0.000000E+00   0.100063E-33   0.429422E-31   0.310270E-33   0.171823E-30   0.542628E-33   0.123280E-32
   0.333333E+00   0.161993E-36   0.285052E-36   0.471585E-36   0.773534E-36   0.113901E-35   0.655784E-36   0.313584E-35   0.262257E-35   0.838721E-35   0.104873E-34   0.217044E-34   0.419582E-34   0.444361E-31   0.121853E-24   0.141241E-20   0.456931E-19   0.828215E-20   0.404848E-24   0.149026E-28   0.000000E+00   0.225015E-32   0.429730E-31   0.578357E-32   0.171922E-30   0.139603E-31   0.231767E-31
   0.333333E+00   0.709769E-35   0.125709E-34   0.209046E-34   0.344264E-34   0.508495E-34   0.656584E-36   0.140593E-33   0.262633E-35   0.376919E-33   0.105083E-34   0.976523E-33   0.420274E-34   0.199805E-29   0.546133E-23   0.632574E-19   0.204189E-17   0.369148E-18   0.180967E-22   0.667183E-27   0.000000E+00   0.101883E-30   0.430316E-31   0.252770E-30   0.172107E-30   0.631274E-30   0.104576E-29
   0.333333E+00   0.250913E-34   0.432726E-34   0.704543E-34   0.114096E-33   0.166295E-33   0.658653E-36   0.451142E-33   0.263517E-35   0.119509E-32   0.105415E-34   0.307293E-32   0.421658E-34   0.625740E-29   0.170988E-22   0.197722E-18   0.637409E-17   0.115104E-17   0.563964E-22   0.207757E-26   0.000000E+00   0.316842E-30   0.431918E-31   0.785532E-30   0.172797E-30   0.196052E-29   0.324739E-29
   0.333333E+00   0.499585E-40   0.822846E-40   0.182202E-39   0.364403E-39   0.669737E-39   0.261662E-34   0.296107E-38   0.104664E-33   0.118447E-37   0.418657E-33   0.428649E-37   0.167463E-32   0.137817E-33   0.606612E-27   0.807510E-23   0.416203E-21   0.114507E-21   0.426646E-24   0.127762E-31   0.000000E+00   0.112315E-33   0.171473E-29   0.265074E-33   0.685917E-29   0.468633E-33   0.641056E-33
   0.333333E+00   0.246854E-39   0.476075E-39   0.711174E-39   0.135182E-38   0.198589E-38   0.261661E-34   0.418197E-38   0.104664E-33   0.110935E-37   0.418664E-33   0.428391E-37   0.167463E-32   0.137817E-33   0.631887E-27   0.917625E-23   0.416203E-21   0.906429E-22   0.158326E-27   0.638830E-32   0.000000E+00   0.106892E-33   0.171472E-29   0.257055E-33   0.685919E-29   0.468633E-33   0.443808E-33
   0.333333E+00   0.103238E-37   0.181614E-37   0.300927E-37   0.493825E-37   0.728913E-37   0.261663E-34   0.201946E-36   0.104664E-33   0.544305E-36   0.104858E-34   0.142039E-35   0.419582E-34   0.285970E-32   0.786068E-26   0.104242E-21   0.341881E-20   0.637810E-21   0.300820E-25   0.108590E-29   0.000000E+00   0.196490E-33   0.429453E-31   0.532387E-33   0.171798E-30   0.115925E-32   0.152869E-32
   0.333333E+00   0.449347E-36   0.795528E-36   0.132252E-35   0.217743E-35   0.321575E-35   0.655690E-36   0.888890E-35   0.262220E-35   0.238326E-34   0.104888E-34   0.617517E-34   0.419612E-34   0.126407E-30   0.345996E-24   0.400892E-20   0.129499E-18   0.234437E-19   0.114724E-23   0.423120E-28   0.000000E+00   0.648976E-32   0.429422E-31   0.161431E-31   0.171860E-30   0.404998E-31   0.673109E-31
   0.333333E+00   0.194464E-34   0.346538E-34   0.579076E-34   0.957334E-34   0.141837E-33   0.658088E-36   0.393877E-33   0.263273E-35   0.105886E-32   0.105264E-34   0.274801E-32   0.421207E-34   0.562873E-29   0.153853E-22   0.178262E-18   0.575583E-17   0.104076E-17   0.510320E-22   0.188164E-26   0.000000E+00   0.287405E-30   0.431641E-31   0.712983E-30   0.172526E-30   0.178017E-29   0.294881E-29
   0.333333E+00   0.589789E-34   0.105767E-33   0.177634E-33   0.294836E-33   0.438334E-33   0.662931E-36   0.122251E-32   0.265210E-35   0.329521E-32   0.106129E-34   0.856636E-32   0.424667E-34   0.175676E-28   0.480192E-22   0.556575E-18   0.179759E-16   0.325072E-17   0.158843E-21   0.584545E-26   0.000000E+00   0.898268E-30   0.435462E-31   0.222843E-29   0.174005E-30   0.556327E-29   0.921400E-29
   0.333333E+00   0.183896E-32   0.312987E-32   0.507102E-32   0.817934E-32   0.120340E-31   0.941053E-36   0.322871E-31   0.378735E-35   0.848459E-31   0.151471E-34   0.217393E-30   0.607450E-34   0.443927E-27   0.121208E-20   0.140057E-16   0.451215E-15   0.812047E-16   0.392156E-20   0.143129E-24   0.000000E+00   0.223679E-28   0.645797E-31   0.554357E-28   0.251313E-30   0.138296E-27   0.227237E-27
   0.333333E+00   0.455504E-40   0.911008E-40   0.182202E-39   0.364403E-39   0.784419E-39   0.261663E-34   0.323171E-38   0.104666E-33   0.106702E-37   0.418657E-33   0.426809E-37   0.167464E-32   0.137817E-33   0.631887E-27   0.917625E-23   0.371610E-21   0.103593E-21   0.115524E-31   0.638781E-32   0.000000E+00   0.977644E-34   0.171472E-29   0.221279E-33   0.685916E-29   0.468633E-33   0.887617E-33
   0.333333E+00   0.636236E-39   0.108733E-38   0.184553E-38   0.299751E-38   0.461611E-38   0.261663E-34   0.141386E-37   0.104664E-33   0.377469E-37   0.418658E-33   0.113372E-36   0.167463E-32   0.315010E-33   0.631887E-27   0.917625E-23   0.371610E-21   0.100358E-21   0.791610E-27   0.255510E-31   0.000000E+00   0.509864E-34   0.429576E-31   0.229407E-33   0.171798E-30   0.517963E-33   0.739680E-33
   0.333333E+00   0.267792E-37   0.474194E-37   0.788404E-37   0.129810E-36   0.191935E-36   0.655549E-36   0.531512E-36   0.262220E-35   0.143166E-35   0.104858E-34   0.372248E-35   0.419672E-34   0.767344E-32   0.213325E-25   0.250328E-21   0.777408E-20   0.149250E-20   0.691876E-25   0.258700E-29   0.000000E+00   0.438021E-33   0.429607E-31   0.113747E-32   0.171823E-30   0.268848E-32   0.458602E-32
   0.333333E+00   0.115366E-35   0.205498E-35   0.343282E-35   0.567378E-35   0.840460E-35   0.655925E-36   0.233332E-34   0.262220E-35   0.627191E-34   0.104880E-34   0.162774E-33   0.419642E-34   0.333433E-30   0.911889E-24   0.105670E-19   0.341197E-18   0.617298E-19   0.302572E-23   0.111567E-27   0.000000E+00   0.170658E-31   0.429761E-31   0.423977E-31   0.171848E-30   0.105960E-30   0.176093E-30
   0.333333E+00   0.523192E-34   0.938066E-34   0.157519E-33   0.261419E-33   0.388502E-33   0.661004E-36   0.108358E-32   0.264420E-35   0.292102E-32   0.105753E-34   0.759390E-32   0.423223E-34   0.155716E-28   0.425643E-22   0.493352E-18   0.159340E-16   0.288182E-17   0.141325E-21   0.521172E-26   0.000000E+00   0.796272E-30   0.433736E-31   0.197544E-29   0.173302E-30   0.493175E-29   0.817046E-29
   0.333333E+00   0.160639E-33   0.289198E-33   0.487418E-33   0.811225E-33   0.121067E-32   0.671348E-36   0.338374E-32   0.268784E-35   0.913140E-32   0.107544E-34   0.237599E-31   0.430445E-34   0.487816E-28   0.133332E-21   0.154572E-17   0.499300E-16   0.902653E-17   0.437548E-21   0.160472E-25   0.000000E+00   0.249587E-29   0.442364E-31   0.619196E-29   0.176384E-30   0.154582E-28   0.255789E-28
   0.333333E+00   0.355538E-32   0.600486E-32   0.969715E-32   0.155995E-31   0.229851E-31   0.127485E-35   0.613640E-31   0.516333E-35   0.160649E-30   0.206240E-34   0.410908E-30   0.829052E-34   0.840329E-27   0.229353E-20   0.264909E-16   0.853137E-15   0.153409E-15   0.742173E-20   0.271095E-24   0.000000E+00   0.422317E-28   0.907746E-31   0.104650E-27   0.343005E-30   0.261033E-27   0.427233E-27
   0.333333E+00   0.455504E-40   0.822846E-40   0.182202E-39   0.364403E-39   0.804937E-39   0.261663E-34   0.321975E-38   0.104665E-33   0.121269E-37   0.418655E-33   0.439936E-37   0.167464E-32   0.123051E-33   0.631887E-27   0.917625E-23   0.371610E-21   0.126457E-21   0.426191E-24   0.849853E-37   0.000000E+00   0.691574E-34   0.171471E-29   0.202160E-33   0.685923E-29   0.443969E-33   0.887617E-33
   0.333333E+00   0.455504E-40   0.911008E-40   0.182202E-39   0.364403E-39   0.804501E-39   0.261662E-34   0.302992E-38   0.104664E-33   0.128722E-37   0.418657E-33   0.514888E-37   0.167464E-32   0.137817E-33   0.631887E-27   0.917625E-23   0.371610E-21   0.906477E-22   0.000000E+00   0.638765E-31   0.000000E+00   0.583871E-34   0.429484E-31   0.161130E-33   0.171835E-30   0.443969E-33   0.591744E-33
   0.333333E+00   0.104325E-39   0.208650E-39   0.481953E-39   0.364403E-39   0.117561E-38   0.655502E-36   0.432628E-38   0.262239E-35   0.150482E-37   0.104926E-34   0.541741E-37   0.419401E-34   0.137817E-33   0.631887E-27   0.917625E-23   0.371610E-21   0.100361E-21   0.000000E+00   0.638765E-32   0.000000E+00   0.520860E-34   0.429484E-31   0.185794E-33   0.171786E-30   0.517963E-33   0.591744E-33
   0.333333E+00   0.310047E-35   0.555670E-35   0.932768E-35   0.154762E-34   0.229951E-34   0.655972E-36   0.641178E-34   0.262351E-35   0.172813E-33   0.104933E-34   0.449238E-33   0.419762E-34   0.921172E-30   0.251840E-23   0.291911E-19   0.942893E-18   0.170546E-18   0.836171E-23   0.308383E-27   0.000000E+00   0.471342E-31   0.429854E-31   0.116980E-30   0.171885E-30   0.292255E-30   0.484491E-30
   0.333333E+00   0.131529E-33   0.237277E-33   0.400376E-33   0.667037E-33   0.994349E-33   0.665282E-36   0.278550E-32   0.266245E-35   0.752959E-32   0.106490E-34   0.196090E-31   0.426172E-34   0.402531E-28   0.110035E-21   0.127586E-17   0.412192E-16   0.745668E-17   0.365725E-21   0.134890E-25   0.000000E+00   0.206155E-29   0.437342E-31   0.511483E-29   0.174510E-30   0.127699E-28   0.211561E-28
   0.333333E+00   0.340833E-34   0.614226E-34   0.103685E-33   0.172761E-33   0.258718E-33   0.657853E-36   0.722897E-33   0.263217E-35   0.195002E-32   0.105279E-34   0.507397E-32   0.421146E-34   0.104268E-28   0.284968E-22   0.330375E-18   0.106721E-16   0.192819E-17   0.929927E-22   0.340012E-26   0.000000E+00   0.533722E-30   0.431641E-31   0.132388E-29   0.172476E-30   0.330530E-29   0.546234E-29
   0.333333E+00   0.547260E-32   0.916250E-32   0.147258E-31   0.235988E-31   0.347042E-31   0.180485E-35   0.921957E-31   0.735351E-35   0.240493E-30   0.292470E-34   0.613980E-30   0.117837E-33   0.125636E-26   0.342811E-20   0.395771E-16   0.127408E-14   0.229062E-15   0.110965E-19   0.405738E-24   0.000000E+00   0.629833E-28   0.134071E-30   0.156048E-27   0.481622E-30   0.389190E-27   0.635229E-27
   0.333333E+00   0.298467E-36   0.527750E-36   0.876466E-36   0.144193E-35   0.212817E-35   0.261661E-34   0.587880E-35   0.104663E-33   0.157524E-34   0.418659E-33   0.408088E-34   0.167464E-32   0.835563E-31   0.228819E-24   0.265194E-20   0.856040E-19   0.155009E-19   0.758990E-24   0.279907E-28   0.000000E+00   0.431736E-32   0.171473E-29   0.107220E-31   0.685922E-29   0.270574E-31   0.449233E-31
   0.333333E+00   0.140188E-36   0.249484E-36   0.416507E-36   0.688158E-36   0.101911E-35   0.261661E-34   0.282928E-35   0.104665E-33   0.760445E-35   0.418659E-33   0.197545E-34   0.167463E-32   0.404837E-31   0.111162E-24   0.129055E-20   0.417244E-19   0.755946E-20   0.370470E-24   0.136312E-28   0.000000E+00   0.210742E-32   0.429392E-31   0.531913E-32   0.171786E-30   0.134177E-31   0.216480E-31
   0.333333E+00   0.904603E-35   0.162056E-34   0.271940E-34   0.451074E-34   0.670077E-34   0.655925E-36   0.186781E-33   0.262427E-35   0.503321E-33   0.104986E-34   0.130821E-32   0.419732E-34   0.268217E-29   0.733187E-23   0.849791E-19   0.274461E-17   0.496399E-18   0.243410E-22   0.897612E-27   0.000000E+00   0.137166E-30   0.429823E-31   0.340326E-30   0.171946E-30   0.849781E-30   0.140815E-29
   0.333333E+00   0.166789E-30   0.300759E-30   0.507324E-30   0.844992E-30   0.125936E-29   0.885984E-35   0.352682E-29   0.368949E-34   0.953167E-29   0.146508E-33   0.248199E-28   0.595488E-33   0.509462E-25   0.139264E-18   0.161473E-14   0.521659E-13   0.943680E-14   0.462827E-18   0.170700E-22   0.000000E+00   0.260887E-26   0.722284E-30   0.647262E-26   0.235670E-29   0.161594E-25   0.267709E-25
   0.333333E+00   0.266896E-31   0.484444E-31   0.821443E-31   0.137387E-30   0.205442E-30   0.188587E-35   0.578032E-30   0.778440E-35   0.156681E-29   0.309533E-34   0.408746E-29   0.125375E-33   0.840006E-26   0.229633E-19   0.266359E-15   0.860779E-14   0.155753E-14   0.763912E-19   0.281702E-23   0.000000E+00   0.430872E-27   0.146785E-30   0.106912E-26   0.499273E-30   0.266934E-26   0.442223E-26
   0.333333E+00   0.865130E-32   0.155665E-31   0.262581E-31   0.437170E-31   0.655427E-31   0.106984E-35   0.182727E-30   0.436719E-35   0.492080E-30   0.173928E-34   0.127927E-29   0.701489E-34   0.262930E-26   0.718463E-20   0.832760E-16   0.268954E-14   0.485628E-15   0.234296E-19   0.856870E-24   0.000000E+00   0.134333E-27   0.787264E-31   0.333235E-27   0.281659E-30   0.831837E-27   0.137276E-26
   0.333333E+00   0.196543E-28   0.327489E-28   0.519489E-28   0.824032E-28   0.118545E-27   0.420409E-32   0.313579E-27   0.168319E-31   0.817481E-27   0.641457E-31   0.208161E-26   0.256685E-30   0.421689E-23   0.115177E-16   0.132908E-12   0.427746E-11   0.770818E-12   0.373756E-16   0.137081E-20   0.000000E+00   0.211570E-24   0.321939E-27   0.524167E-24   0.956042E-27   0.130744E-23   0.216200E-23
   0.333333E+00   0.000000E+00   0.000000E+00   0.000000E+00   0.000000E+00   0.000000E+00   0.000000E+00   0.000000E+00   0.000000E+00   0.000000E+00   0.000000E+00   0.000000E+00   0.000000E+00   0.000000E+00   0.000000E+00   0.000000E+00   0.000000E+00   0.000000E+00   0.000000E+00   0.000000E+00   0.000000E+00   0.000000E+00   0.000000E+00   0.000000E+00   0.000000E+00   0.000000E+00   0.000000E+00
   0.333333E+00   0.231088E-26   0.462117E-26   0.924114E-26   0.184804E-25   0.369567E-25   0.738920E-25   0.147812E-24   0.295568E-24   0.591210E-24   0.118227E-23   0.236474E-23   0.472909E-23   0.781392E-20   0.401250E-13   0.582691E-09   0.236055E-07   0.529308E-08   0.210579E-12   0.804645E-17   0.122294E-22   0.246127E-20   0.484243E-20   0.971967E-20   0.193703E-19   0.387657E-19   0.774946E-19
   0.500000E+00   0.218750E-25   0.437500E-25   0.875000E-25   0.175000E-24   0.350000E-24   0.700000E-24   0.140000E-23   0.280000E-23   0.560001E-23   0.112000E-22   0.224000E-22   0.448000E-22   0.693630E-19   0.358064E-12   0.524619E-08   0.213753E-06   0.602778E-07   0.420849E-11   0.611506E-16   0.299246E-21   0.236346E-19   0.458734E-19   0.922492E-19   0.183500E-18   0.367314E-18   0.734224E-18
   0.500000E+00   0.455504E-40   0.911008E-40   0.182202E-39   0.364403E-39   0.909488E-39   0.261665E-34   0.335583E-38   0.104665E-33   0.119191E-37   0.418657E-33   0.476765E-37   0.167464E-32   0.115309E-33   0.595246E-27   0.872127E-23   0.355159E-21   0.103697E-21   0.000000E+00   0.000000E+00   0.216876E-36   0.147648E-33   0.171470E-29   0.260869E-33   0.685918E-29   0.444060E-33   0.937054E-33
   0.500000E+00   0.108733E-39   0.202773E-39   0.417301E-39   0.364403E-39   0.862092E-39   0.261661E-34   0.335433E-38   0.104664E-33   0.130416E-37   0.418656E-33   0.461478E-37   0.167464E-32   0.115309E-33   0.595246E-27   0.872127E-23   0.355159E-21   0.134435E-21   0.000000E+00   0.533137E-32   0.162657E-36   0.156121E-33   0.171471E-29   0.265106E-33   0.685924E-29   0.468730E-33   0.937054E-33
   0.500000E+00   0.455504E-40   0.911008E-40   0.182202E-39   0.364403E-39   0.885223E-39   0.261663E-34   0.325877E-38   0.104665E-33   0.119070E-37   0.418661E-33   0.506374E-37   0.167463E-32   0.115309E-33   0.595246E-27   0.872127E-23   0.355159E-21   0.147718E-21   0.922341E-24   0.106603E-31   0.298205E-36   0.151933E-33   0.171472E-29   0.269341E-33   0.685918E-29   0.468730E-33   0.937054E-33
   0.500000E+00   0.307098E-39   0.458443E-39   0.911008E-39   0.124602E-38   0.978883E-39   0.261663E-34   0.335129E-38   0.104664E-33   0.130294E-37   0.418657E-33   0.476039E-37   0.167463E-32   0.129146E-33   0.595246E-27   0.872127E-23   0.397779E-21   0.126775E-21   0.660859E-27   0.159812E-31   0.162657E-36   0.154074E-33   0.171471E-29   0.267391E-33   0.685918E-29   0.468730E-33   0.937054E-33
   0.500000E+00   0.127350E-37   0.212941E-37   0.349416E-37   0.564355E-37   0.868974E-38   0.261663E-34   0.242265E-37   0.104665E-33   0.589146E-37   0.418657E-33   0.147933E-36   0.167465E-32   0.301187E-32   0.921441E-26   0.102213E-21   0.322485E-20   0.826259E-21   0.601335E-25   0.857559E-30   0.460862E-35   0.219033E-33   0.429604E-31   0.564523E-33   0.171811E-30   0.113482E-32   0.172615E-32
   0.500000E+00   0.641060E-36   0.105766E-35   0.171482E-35   0.274094E-35   0.372326E-36   0.655408E-36   0.998325E-36   0.262220E-35   0.263876E-35   0.104918E-34   0.695293E-35   0.419431E-34   0.143661E-30   0.393577E-24   0.458425E-20   0.148556E-18   0.339624E-19   0.288969E-23   0.405016E-28   0.198523E-33   0.779153E-32   0.429697E-31   0.191077E-31   0.171761E-30   0.477611E-31   0.765919E-31
   0.500000E+00   0.499585E-40   0.911008E-40   0.182202E-39   0.364403E-39   0.836670E-39   0.261661E-34   0.334668E-38   0.104665E-33   0.118825E-37   0.418659E-33   0.505393E-37   0.167463E-32   0.115309E-33   0.595246E-27   0.872127E-23   0.355159E-21   0.145048E-21   0.922055E-24   0.266327E-31   0.216876E-36   0.136760E-33   0.171471E-29   0.261538E-33   0.685919E-29   0.468730E-33   0.937054E-33
   0.500000E+00   0.840479E-39   0.144586E-38   0.228634E-38   0.398493E-38   0.977341E-39   0.261662E-34   0.362724E-38   0.104664E-33   0.145094E-37   0.418657E-33   0.565330E-37   0.167463E-32   0.272130E-33   0.595246E-27   0.872127E-23   0.355159E-21   0.119110E-21   0.231273E-26   0.266346E-31   0.406643E-36   0.140485E-33   0.171473E-29   0.315253E-33   0.685924E-29   0.518070E-33   0.937054E-33
   0.500000E+00   0.367562E-37   0.618545E-37   0.101874E-36   0.164992E-36   0.235464E-37   0.261661E-34   0.648454E-37   0.104665E-33   0.176251E-36   0.418661E-33   0.488338E-36   0.167463E-32   0.915093E-32   0.254765E-25   0.290941E-21   0.927674E-20   0.222122E-20   0.181105E-24   0.254516E-29   0.131210E-34   0.536869E-33   0.429481E-31   0.134985E-32   0.171848E-30   0.323177E-32   0.552369E-32
   0.500000E+00   0.163983E-35   0.277713E-35   0.459710E-35   0.746990E-35   0.102649E-35   0.655784E-36   0.280069E-35   0.262257E-35   0.748217E-35   0.104873E-34   0.198416E-34   0.419582E-34   0.413586E-30   0.113263E-23   0.132141E-19   0.428336E-18   0.980111E-19   0.835274E-23   0.117071E-27   0.574234E-33   0.224918E-31   0.429512E-31   0.551362E-31   0.171811E-30   0.137461E-30   0.219813E-30
   0.500000E+00   0.719837E-34   0.122707E-33   0.204178E-33   0.333138E-33   0.458925E-34   0.657994E-36   0.125733E-33   0.263179E-35   0.336773E-33   0.105309E-34   0.893790E-33   0.421116E-34   0.186972E-28   0.511879E-22   0.597349E-18   0.193624E-16   0.443126E-17   0.377772E-21   0.529524E-26   0.259822E-31   0.101676E-29   0.431946E-31   0.248939E-29   0.172600E-30   0.620139E-29   0.989825E-29
   0.500000E+00   0.362375E-33   0.601319E-33   0.979454E-33   0.157134E-32   0.214315E-33   0.666082E-36   0.576124E-33   0.266583E-35   0.152478E-32   0.106626E-34   0.401627E-32   0.426533E-34   0.832836E-28   0.227951E-21   0.265577E-17   0.859719E-16   0.196481E-16   0.166662E-20   0.232959E-25   0.114464E-30   0.449760E-29   0.440266E-31   0.110062E-28   0.175114E-30   0.274090E-28   0.437381E-28
   0.500000E+00   0.499585E-40   0.822846E-40   0.182202E-39   0.364403E-39   0.740264E-39   0.261659E-34   0.333721E-38   0.104665E-33   0.125970E-37   0.418659E-33   0.488832E-37   0.167464E-32   0.129146E-33   0.595246E-27   0.767472E-23   0.355159E-21   0.119108E-21   0.330374E-27   0.198944E-35   0.243986E-36   0.117954E-33   0.171472E-29   0.225073E-33   0.685924E-29   0.468730E-33   0.641143E-33
   0.500000E+00   0.218054E-38   0.367342E-38   0.608318E-38   0.992117E-38   0.139814E-38   0.261661E-34   0.446408E-38   0.104665E-33   0.167283E-37   0.418659E-33   0.669131E-37   0.167462E-32   0.631894E-33   0.140478E-26   0.205822E-22   0.880795E-21   0.120191E-21   0.958139E-26   0.133156E-30   0.921724E-36   0.146998E-33   0.171472E-29   0.267195E-33   0.171848E-30   0.468730E-33   0.443868E-33
   0.500000E+00   0.103783E-36   0.175695E-36   0.290794E-36   0.472431E-36   0.657678E-37   0.261664E-34   0.180411E-36   0.104665E-33   0.486753E-36   0.104880E-34   0.130002E-35   0.419461E-34   0.262582E-31   0.722629E-25   0.844916E-21   0.274751E-19   0.631757E-20   0.536227E-24   0.752056E-29   0.378991E-34   0.146862E-32   0.429543E-31   0.367519E-32   0.171798E-30   0.942393E-32   0.136614E-31
   0.500000E+00   0.454556E-35   0.774533E-35   0.128836E-34   0.210155E-34   0.289529E-35   0.655784E-36   0.793036E-35   0.262163E-35   0.212439E-34   0.104880E-34   0.563816E-34   0.419552E-34   0.117854E-29   0.322700E-23   0.376581E-19   0.122080E-17   0.279383E-18   0.238167E-22   0.333838E-27   0.163796E-32   0.641216E-31   0.429820E-31   0.157056E-30   0.171885E-30   0.391562E-30   0.625065E-30
   0.500000E+00   0.197240E-33   0.338288E-33   0.565636E-33   0.926462E-33   0.128017E-33   0.661192E-36   0.352265E-33   0.264627E-35   0.946131E-33   0.105843E-34   0.251534E-32   0.423464E-34   0.526783E-28   0.144225E-21   0.168370E-17   0.545914E-16   0.124966E-16   0.106550E-20   0.149372E-25   0.733087E-31   0.286905E-29   0.435551E-31   0.702514E-29   0.173610E-30   0.175015E-28   0.279344E-28
   0.500000E+00   0.840747E-33   0.144838E-32   0.243043E-32   0.399262E-32   0.564369E-33   0.679717E-36   0.156023E-32   0.272395E-35   0.420286E-32   0.108996E-34   0.111941E-31   0.436163E-34   0.228994E-27   0.626956E-21   0.732078E-17   0.237408E-15   0.543085E-16   0.458680E-20   0.640321E-25   0.315338E-30   0.124827E-28   0.456382E-31   0.305668E-28   0.179872E-30   0.761514E-28   0.121513E-27
   0.500000E+00   0.177405E-31   0.289636E-31   0.466691E-31   0.742993E-31   0.134711E-31   0.158259E-35   0.357036E-31   0.641199E-35   0.936039E-31   0.256465E-34   0.244872E-30   0.103070E-33   0.382111E-26   0.104542E-19   0.121674E-15   0.393561E-14   0.893560E-15   0.757739E-19   0.105552E-23   0.519545E-29   0.205309E-27   0.141752E-30   0.502279E-27   0.464021E-30   0.125045E-26   0.198895E-26
   0.500000E+00   0.455504E-40   0.822846E-40   0.182202E-39   0.364403E-39   0.807926E-39   0.261664E-34   0.341978E-38   0.104664E-33   0.136794E-37   0.418654E-33   0.441854E-37   0.167464E-32   0.129146E-33   0.595246E-27   0.872127E-23   0.355159E-21   0.143120E-21   0.921758E-24   0.106531E-31   0.298205E-36   0.106028E-33   0.171471E-29   0.229918E-33   0.685923E-29   0.468730E-33   0.789099E-33
   0.500000E+00   0.596416E-38   0.101210E-37   0.167626E-37   0.273185E-37   0.461611E-38   0.261664E-34   0.117876E-37   0.104664E-33   0.411323E-37   0.418662E-33   0.715477E-37   0.167464E-32   0.163278E-32   0.488102E-26   0.477925E-22   0.180421E-20   0.403480E-21   0.294047E-25   0.415439E-30   0.230431E-35   0.138863E-33   0.429604E-31   0.359630E-33   0.171798E-30   0.542740E-33   0.739838E-33
   0.500000E+00   0.262536E-36   0.447149E-36   0.743612E-36   0.121266E-35   0.167837E-36   0.655643E-36   0.460701E-36   0.262182E-35   0.123832E-35   0.104918E-34   0.330419E-35   0.419582E-34   0.680647E-31   0.186812E-24   0.218101E-20   0.708330E-19   0.162161E-19   0.138169E-23   0.193765E-28   0.984075E-34   0.374554E-32   0.429481E-31   0.908073E-32   0.171786E-30   0.231898E-31   0.364958E-31
   0.500000E+00   0.113352E-34   0.194328E-34   0.324820E-34   0.531886E-34   0.734919E-35   0.656020E-36   0.202179E-34   0.262333E-35   0.542954E-34   0.104933E-34   0.144350E-33   0.419822E-34   0.302174E-29   0.827330E-23   0.965832E-19   0.313167E-17   0.716861E-18   0.611211E-22   0.856824E-27   0.420504E-32   0.164585E-30   0.429974E-31   0.403116E-30   0.171872E-30   0.100441E-29   0.160335E-29
   0.500000E+00   0.529060E-33   0.912960E-33   0.153396E-32   0.252220E-32   0.349599E-33   0.667633E-36   0.966203E-33   0.267298E-35   0.260222E-32   0.106889E-34   0.693009E-32   0.427827E-34   0.145290E-27   0.397802E-21   0.464569E-17   0.150674E-15   0.344996E-16   0.294192E-20   0.412477E-25   0.202480E-30   0.792532E-29   0.443810E-31   0.194078E-28   0.175866E-30   0.483528E-28   0.771782E-28
   0.500000E+00   0.221309E-32   0.382155E-32   0.642488E-32   0.105718E-31   0.157014E-32   0.707835E-36   0.435419E-32   0.284018E-35   0.117482E-31   0.113667E-34   0.313129E-31   0.455482E-34   0.608651E-27   0.166638E-20   0.194593E-16   0.631094E-15   0.144240E-15   0.121591E-19   0.169515E-24   0.835174E-30   0.331862E-28   0.493081E-31   0.812662E-28   0.189597E-30   0.202458E-27   0.322952E-27
   0.500000E+00   0.285397E-31   0.463033E-31   0.743032E-31   0.117892E-30   0.222137E-31   0.266348E-35   0.586721E-31   0.108580E-34   0.153653E-30   0.433409E-34   0.401168E-30   0.174667E-33   0.599952E-26   0.164116E-19   0.190941E-15   0.617424E-14   0.140101E-14   0.118956E-18   0.165771E-23   0.815474E-29   0.321775E-27   0.279542E-30   0.787115E-27   0.823690E-30   0.195939E-26   0.311280E-26
   0.500000E+00   0.455504E-40   0.822846E-40   0.182202E-39   0.364403E-39   0.781425E-39   0.261663E-34   0.321974E-38   0.104664E-33   0.132553E-37   0.418661E-33   0.485074E-37   0.167464E-32   0.115309E-33   0.595246E-27   0.767472E-23   0.355159E-21   0.119116E-21   0.660757E-27   0.000000E+00   0.243986E-36   0.830163E-34   0.171471E-29   0.197617E-33   0.685914E-29   0.444060E-33   0.789099E-33
   0.500000E+00   0.455504E-40   0.911008E-40   0.182202E-39   0.364403E-39   0.780988E-39   0.261661E-34   0.321799E-38   0.104665E-33   0.124960E-37   0.418659E-33   0.514886E-37   0.167463E-32   0.129146E-33   0.595246E-27   0.872127E-23   0.355159E-21   0.115275E-21   0.330380E-27   0.000000E+00   0.216876E-36   0.450330E-34   0.429728E-31   0.192285E-33   0.171848E-30   0.444060E-33   0.591824E-33
   0.500000E+00   0.747908E-39   0.126953E-38   0.205124E-38   0.325612E-38   0.964020E-39   0.655408E-36   0.385608E-38   0.262201E-35   0.142958E-37   0.104910E-34   0.556787E-37   0.419491E-34   0.285967E-33   0.595246E-27   0.872127E-23   0.355159E-21   0.134489E-21   0.165193E-26   0.266305E-31   0.352424E-36   0.702892E-34   0.429543E-31   0.216977E-33   0.171811E-30   0.468730E-33   0.591824E-33
   0.500000E+00   0.303397E-34   0.523331E-34   0.879007E-34   0.144492E-33   0.200265E-34   0.656208E-36   0.553319E-34   0.262389E-35   0.149000E-33   0.104933E-34   0.396772E-33   0.419913E-34   0.831605E-29   0.227695E-22   0.265908E-18   0.862415E-17   0.197465E-17   0.168382E-21   0.236082E-26   0.115887E-31   0.453625E-30   0.430221E-31   0.111090E-29   0.172045E-30   0.276790E-29   0.441821E-29
   0.500000E+00   0.129160E-32   0.224247E-32   0.378608E-32   0.624921E-32   0.868991E-33   0.677272E-36   0.241218E-32   0.271323E-35   0.651446E-32   0.108537E-34   0.173790E-31   0.434447E-34   0.364658E-27   0.998481E-21   0.116649E-16   0.378440E-15   0.866694E-16   0.738500E-20   0.103493E-24   0.508427E-30   0.199221E-28   0.459001E-31   0.487912E-28   0.179305E-30   0.121566E-27   0.194040E-27
   0.500000E+00   0.445867E-33   0.768392E-33   0.128985E-32   0.212006E-32   0.339007E-33   0.663637E-36   0.937433E-33   0.265680E-35   0.252346E-32   0.106347E-34   0.671183E-32   0.425179E-34   0.121271E-27   0.331992E-21   0.387597E-17   0.125680E-15   0.286759E-16   0.241886E-20   0.336993E-25   0.166404E-30   0.660616E-29   0.441468E-31   0.161746E-28   0.174806E-30   0.402937E-28   0.642357E-28
   0.500000E+00   0.374252E-31   0.603567E-31   0.964610E-31   0.152533E-30   0.293955E-31   0.438224E-35   0.773819E-31   0.179602E-34   0.201576E-30   0.713022E-34   0.523144E-30   0.288005E-33   0.768323E-26   0.210151E-19   0.244418E-15   0.790133E-14   0.179342E-14   0.152319E-18   0.212355E-23   0.104413E-28   0.411445E-27   0.559577E-30   0.100634E-26   0.143975E-29   0.250495E-26   0.397624E-26
   0.500000E+00   0.193487E-35   0.329274E-35   0.547170E-35   0.891824E-35   0.122877E-35   0.261661E-34   0.336399E-35   0.104664E-33   0.900640E-35   0.418656E-33   0.239118E-34   0.167464E-32   0.498892E-30   0.136616E-23   0.159442E-19   0.516842E-18   0.118294E-18   0.100818E-22   0.141333E-27   0.693380E-33   0.271720E-31   0.171473E-29   0.665761E-31   0.685920E-29   0.166054E-30   0.265285E-30
   0.500000E+00   0.102237E-35   0.175126E-35   0.292534E-35   0.478769E-35   0.662299E-36   0.261663E-34   0.182193E-35   0.104665E-33   0.489611E-35   0.418656E-33   0.130227E-34   0.167463E-32   0.271668E-30   0.744034E-24   0.868778E-20   0.281712E-18   0.644976E-19   0.550028E-23   0.770846E-28   0.378259E-33   0.148295E-31   0.429420E-31   0.363694E-31   0.171811E-30   0.908595E-31   0.145342E-30
   0.500000E+00   0.590134E-34   0.101750E-33   0.170846E-33   0.280763E-33   0.389087E-34   0.656302E-36   0.107469E-33   0.262539E-35   0.289333E-33   0.105001E-34   0.770362E-33   0.420063E-34   0.161444E-28   0.442034E-22   0.516198E-18   0.167413E-16   0.383312E-17   0.326853E-21   0.458256E-26   0.224941E-31   0.880503E-30   0.430683E-31   0.215625E-29   0.172057E-30   0.537221E-29   0.857513E-29
   0.500000E+00   0.108813E-29   0.188843E-29   0.318732E-29   0.525961E-29   0.731256E-30   0.129484E-34   0.202923E-29   0.539826E-34   0.547918E-29   0.214365E-33   0.146153E-28   0.871712E-33   0.306671E-24   0.839703E-18   0.980977E-14   0.318249E-12   0.728857E-13   0.621589E-17   0.871611E-22   0.427941E-27   0.167527E-25   0.205905E-29   0.410286E-25   0.463690E-29   0.102225E-24   0.163169E-24
   0.500000E+00   0.259803E-30   0.453603E-30   0.769244E-30   0.127420E-29   0.178854E-30   0.342915E-35   0.498674E-30   0.142630E-34   0.135047E-29   0.566644E-34   0.360882E-29   0.230224E-33   0.752096E-25   0.205941E-18   0.240671E-14   0.780996E-13   0.178851E-13   0.151755E-17   0.212346E-22   0.104433E-27   0.411426E-26   0.523176E-30   0.100771E-25   0.120340E-29   0.251091E-25   0.400754E-25
   0.500000E+00   0.754964E-31   0.129393E-30   0.216237E-30   0.354085E-30   0.590182E-31   0.167000E-35   0.161991E-30   0.689648E-35   0.433890E-30   0.274099E-34   0.114999E-29   0.111069E-33   0.199692E-25   0.546615E-19   0.637867E-15   0.206754E-13   0.471337E-14   0.398468E-18   0.555650E-23   0.273306E-28   0.108525E-26   0.230751E-30   0.265703E-26   0.560323E-30   0.661830E-26   0.105456E-25
   0.500000E+00   0.841824E-28   0.135139E-27   0.214414E-27   0.336910E-27   0.541500E-28   0.936143E-32   0.141097E-27   0.375082E-31   0.365648E-27   0.143066E-30   0.948293E-27   0.572672E-30   0.166353E-22   0.455181E-16   0.529234E-12   0.171045E-10   0.390250E-11   0.330525E-15   0.461777E-20   0.226614E-25   0.890666E-24   0.162230E-26   0.217828E-23   0.320868E-26   0.542248E-23   0.865074E-23
   0.500000E+00   0.000000E+00   0.000000E+00   0.000000E+00   0.000000E+00   0.000000E+00   0.000000E+00   0.000000E+00   0.000000E+00   0.000000E+00   0.000000E+00   0.000000E+00   0.000000E+00   0.000000E+00   0.000000E+00   0.000000E+00   0.000000E+00   0.000000E+00   0.000000E+00   0.000000E+00   0.000000E+00   0.000000E+00   0.000000E+00   0.000000E+00   0.000000E+00   0.000000E+00   0.000000E+00
   0.500000E+00   0.231667E-26   0.463037E-26   0.925576E-26   0.185033E-25   0.369509E-25   0.738920E-25   0.147797E-24   0.295568E-24   0.591170E-24   0.118227E-23   0.236464E-23   0.472909E-23   0.732347E-20   0.378014E-13   0.553836E-09   0.225654E-07   0.636328E-08   0.444279E-12   0.645548E-17   0.315905E-22   0.249495E-20   0.484240E-20   0.973803E-20   0.193703E-19   0.387742E-19   0.775055E-19
   0.666667E+00   0.218750E-25   0.437500E-25   0.875000E-25   0.175000E-24   0.350000E-24   0.700000E-24   0.140000E-23   0.280000E-23   0.560001E-23   0.112000E-22   0.224000E-22   0.448000E-22   0.650850E-19   0.337710E-12   0.499158E-08   0.204534E-06   0.697491E-07   0.703173E-11   0.698137E-15   0.201536E-20   0.240173E-19   0.458730E-19   0.924280E-19   0.183500E-18   0.367389E-18   0.734321E-18
   0.666667E+00   0.455504E-40   0.911008E-40   0.182202E-39   0.364403E-39   0.119160E-38   0.261665E-34   0.439025E-38   0.104665E-33   0.164329E-37   0.418657E-33   0.732549E-37   0.167464E-32   0.108197E-33   0.561409E-27   0.829800E-23   0.339788E-21   0.127335E-21   0.218481E-26   0.112947E-30   0.000000E+00   0.170435E-33   0.171471E-29   0.278077E-33   0.685921E-29   0.444150E-33   0.789203E-33
   0.666667E+00   0.437872E-39   0.705297E-39   0.116962E-38   0.175149E-38   0.114421E-38   0.261661E-34   0.344835E-38   0.104664E-33   0.152984E-37   0.418656E-33   0.626984E-37   0.167464E-32   0.108197E-33   0.561409E-27   0.829800E-23   0.339788E-21   0.144900E-21   0.109343E-26   0.338931E-30   0.200549E-35   0.164248E-33   0.171471E-29   0.276008E-33   0.685917E-29   0.468825E-33   0.887854E-33
   0.666667E+00   0.455504E-40   0.911008E-40   0.182202E-39   0.364403E-39   0.114383E-38   0.261663E-34   0.448127E-38   0.104665E-33   0.183017E-37   0.418661E-33   0.626742E-37   0.167463E-32   0.108197E-33   0.561409E-27   0.829800E-23   0.339788E-21   0.171814E-21   0.223908E-23   0.282402E-30   0.729270E-36   0.154844E-33   0.171471E-29   0.261554E-33   0.685925E-29   0.468825E-33   0.937179E-33
   0.666667E+00   0.124309E-38   0.211295E-38   0.332665E-38   0.526621E-38   0.109643E-38   0.261663E-34   0.410359E-38   0.104664E-33   0.160386E-37   0.418657E-33   0.521174E-37   0.167463E-32   0.268330E-33   0.125756E-26   0.829800E-23   0.380563E-21   0.149325E-21   0.546328E-26   0.677794E-30   0.273476E-35   0.174397E-33   0.171471E-29   0.302835E-33   0.685920E-29   0.468825E-33   0.937179E-33
   0.666667E+00   0.589231E-37   0.978658E-37   0.160461E-36   0.247888E-36   0.814901E-38   0.261663E-34   0.246967E-37   0.104665E-33   0.735847E-37   0.418657E-33   0.225126E-36   0.167465E-32   0.132650E-31   0.361547E-25   0.435147E-21   0.142439E-19   0.398034E-20   0.481821E-24   0.462017E-28   0.136373E-33   0.819798E-33   0.429478E-31   0.202687E-32   0.171860E-30   0.483630E-32   0.749743E-32
   0.666667E+00   0.298121E-35   0.488391E-35   0.791978E-35   0.121298E-34   0.350439E-36   0.655408E-36   0.999830E-36   0.262220E-35   0.279260E-35   0.104918E-34   0.769772E-35   0.419431E-34   0.624849E-30   0.171811E-23   0.201850E-19   0.656797E-18   0.182055E-18   0.222653E-22   0.212323E-26   0.621702E-32   0.364867E-31   0.429447E-31   0.879109E-31   0.171860E-30   0.219015E-30   0.347249E-30
   0.666667E+00   0.108733E-39   0.199834E-39   0.417301E-39   0.364403E-39   0.107176E-38   0.261661E-34   0.438109E-38   0.104665E-33   0.171486E-37   0.418659E-33   0.625760E-37   0.167463E-32   0.108197E-33   0.561409E-27   0.829800E-23   0.339788E-21   0.131745E-21   0.316465E-34   0.219117E-34   0.164086E-35   0.142965E-33   0.171471E-29   0.271851E-33   0.685923E-29   0.468825E-33   0.789203E-33
   0.666667E+00   0.377187E-38   0.626832E-38   0.103150E-37   0.160220E-37   0.132998E-38   0.261662E-34   0.513186E-38   0.104664E-33   0.182709E-37   0.418657E-33   0.610465E-37   0.167463E-32   0.926170E-33   0.291932E-26   0.308686E-22   0.118246E-20   0.285533E-21   0.289524E-25   0.288052E-29   0.966282E-35   0.196304E-33   0.171471E-29   0.368866E-33   0.685917E-29   0.518175E-33   0.937179E-33
   0.666667E+00   0.170435E-36   0.284740E-36   0.468999E-36   0.727361E-36   0.221123E-37   0.261661E-34   0.655977E-37   0.104665E-33   0.187160E-36   0.418661E-33   0.536486E-36   0.167463E-32   0.391761E-31   0.108172E-24   0.127391E-20   0.415901E-19   0.115712E-19   0.140936E-23   0.134762E-27   0.407115E-33   0.233500E-32   0.429632E-31   0.562479E-32   0.171835E-30   0.140401E-31   0.222457E-31
   0.666667E+00   0.761772E-35   0.128091E-34   0.212058E-34   0.330171E-34   0.964635E-36   0.655784E-36   0.280313E-35   0.262257E-35   0.790873E-35   0.104918E-34   0.219285E-34   0.419582E-34   0.179781E-29   0.494379E-23   0.581666E-19   0.189492E-17   0.525772E-18   0.643379E-22   0.614014E-26   0.179936E-31   0.105577E-30   0.429570E-31   0.254545E-30   0.171872E-30   0.633407E-30   0.100401E-29
   0.666667E+00   0.334919E-33   0.566841E-33   0.943293E-33   0.147474E-32   0.431817E-34   0.659969E-36   0.126041E-33   0.264006E-35   0.356451E-33   0.105580E-34   0.989635E-33   0.422501E-34   0.814185E-28   0.223889E-21   0.263516E-17   0.858697E-16   0.238310E-16   0.291684E-20   0.278400E-24   0.816027E-30   0.478747E-29   0.436226E-31   0.115404E-28   0.173548E-30   0.287076E-28   0.454894E-28
   0.666667E+00   0.212280E-32   0.349600E-32   0.569303E-32   0.875565E-32   0.256755E-33   0.680376E-36   0.735337E-33   0.272376E-35   0.205483E-32   0.108996E-34   0.566201E-32   0.436103E-34   0.455639E-27   0.125263E-20   0.147187E-16   0.478992E-15   0.132686E-15   0.161301E-19   0.153316E-23   0.450328E-29   0.266028E-28   0.467009E-31   0.640969E-28   0.181166E-30   0.159394E-27   0.252523E-27
   0.666667E+00   0.232160E-39   0.437872E-39   0.640644E-39   0.126953E-38   0.106940E-38   0.261659E-34   0.399547E-38   0.104665E-33   0.167346E-37   0.418657E-33   0.518921E-37   0.167462E-32   0.121181E-33   0.561409E-27   0.730224E-23   0.339788E-21   0.122973E-21   0.546348E-27   0.112963E-30   0.911587E-36   0.134797E-33   0.171472E-29   0.271794E-33   0.685912E-29   0.468825E-33   0.641228E-33
   0.666667E+00   0.958175E-38   0.160279E-37   0.264310E-37   0.411423E-37   0.170376E-38   0.261660E-34   0.700313E-38   0.104665E-33   0.242514E-37   0.418659E-33   0.834637E-37   0.167462E-32   0.234572E-32   0.662462E-26   0.693713E-22   0.232415E-20   0.764320E-21   0.742908E-25   0.739890E-29   0.233366E-34   0.183658E-33   0.429601E-31   0.509131E-33   0.171860E-30   0.108570E-32   0.167706E-32
   0.666667E+00   0.481268E-36   0.808922E-36   0.133878E-35   0.208403E-35   0.617241E-37   0.261663E-34   0.180410E-36   0.104665E-33   0.514213E-36   0.104873E-34   0.143243E-35   0.419642E-34   0.113516E-30   0.312480E-24   0.367867E-20   0.119945E-18   0.333060E-19   0.407010E-23   0.388639E-27   0.113857E-32   0.667356E-32   0.429539E-31   0.162145E-31   0.171811E-30   0.405903E-31   0.632357E-31
   0.666667E+00   0.210976E-34   0.356922E-34   0.593764E-34   0.928043E-34   0.271765E-35   0.655925E-36   0.793073E-35   0.262333E-35   0.224299E-34   0.104948E-34   0.622813E-34   0.419672E-34   0.511917E-29   0.140772E-22   0.165685E-18   0.539897E-17   0.149836E-17   0.183392E-21   0.175037E-25   0.513052E-31   0.301017E-30   0.430032E-31   0.725689E-30   0.171897E-30   0.180534E-29   0.286081E-29
   0.666667E+00   0.917677E-33   0.156264E-32   0.261306E-32   0.410099E-32   0.120446E-33   0.666035E-36   0.353101E-33   0.266583E-35   0.100133E-32   0.106648E-34   0.278485E-32   0.426533E-34   0.229373E-27   0.630774E-21   0.742694E-17   0.242087E-15   0.672021E-16   0.822638E-20   0.785283E-24   0.230224E-29   0.135084E-28   0.447072E-31   0.325660E-28   0.176014E-30   0.810153E-28   0.128377E-27
   0.666667E+00   0.484539E-32   0.827293E-32   0.138622E-31   0.218260E-31   0.674663E-33   0.711691E-36   0.198710E-32   0.285598E-35   0.565166E-32   0.114329E-34   0.157471E-31   0.457950E-34   0.122373E-26   0.336522E-20   0.396267E-16   0.129176E-14   0.358035E-15   0.434401E-19   0.412560E-23   0.121301E-28   0.720875E-28   0.527126E-31   0.173801E-27   0.194860E-30   0.432364E-27   0.685006E-27
   0.666667E+00   0.731681E-31   0.118166E-30   0.189640E-30   0.291324E-30   0.144439E-31   0.277191E-35   0.399093E-31   0.112727E-34   0.107602E-30   0.450728E-34   0.286880E-30   0.181468E-33   0.144111E-25   0.396055E-19   0.464791E-15   0.151111E-13   0.415049E-14   0.507741E-18   0.481663E-22   0.141529E-27   0.836446E-27   0.399102E-30   0.201498E-26   0.100829E-29   0.500896E-26   0.792206E-26
   0.666667E+00   0.455504E-40   0.822846E-40   0.182202E-39   0.364403E-39   0.996000E-39   0.261662E-34   0.379592E-38   0.104664E-33   0.148078E-37   0.418654E-33   0.592314E-37   0.167462E-32   0.121181E-33   0.561409E-27   0.829800E-23   0.339788E-21   0.140546E-21   0.000000E+00   0.169440E-30   0.546952E-36   0.109170E-33   0.171471E-29   0.195318E-33   0.685921E-29   0.444150E-33   0.789203E-33
   0.666667E+00   0.265956E-37   0.446835E-37   0.739680E-37   0.115234E-36   0.435750E-38   0.261661E-34   0.135744E-37   0.104665E-33   0.418845E-37   0.418657E-33   0.938111E-37   0.167463E-32   0.637499E-32   0.173138E-25   0.201143E-21   0.675499E-20   0.184052E-20   0.228874E-24   0.218012E-28   0.667282E-34   0.414811E-33   0.429447E-31   0.107233E-32   0.171860E-30   0.268957E-32   0.508050E-32
   0.666667E+00   0.118468E-35   0.200336E-35   0.333163E-35   0.520610E-35   0.153379E-36   0.655502E-36   0.448099E-36   0.262295E-35   0.127104E-35   0.104895E-34   0.355245E-35   0.419431E-34   0.287039E-30   0.789745E-24   0.929807E-20   0.303023E-18   0.841227E-19   0.102900E-22   0.982297E-27   0.287897E-32   0.169182E-31   0.429694E-31   0.408561E-31   0.171774E-30   0.101710E-30   0.161737E-30
   0.666667E+00   0.511900E-34   0.871311E-34   0.145652E-33   0.228530E-33   0.671377E-35   0.655878E-36   0.196770E-34   0.262445E-35   0.557918E-34   0.104993E-34   0.155156E-33   0.419792E-34   0.127707E-28   0.351195E-22   0.413499E-18   0.134782E-16   0.374142E-17   0.457988E-21   0.437189E-25   0.128170E-30   0.752065E-30   0.430371E-31   0.181310E-29   0.172020E-30   0.451059E-29   0.714791E-29
   0.666667E+00   0.245431E-32   0.420477E-32   0.706531E-32   0.111312E-31   0.328049E-33   0.677696E-36   0.965889E-33   0.271417E-35   0.274658E-32   0.108582E-34   0.765171E-32   0.434688E-34   0.630683E-27   0.173446E-20   0.204296E-16   0.666116E-15   0.184952E-15   0.226298E-19   0.215963E-23   0.633490E-29   0.372001E-28   0.472771E-31   0.896915E-28   0.181437E-30   0.223143E-27   0.353600E-27
   0.666667E+00   0.123130E-31   0.210305E-31   0.352439E-31   0.555933E-31   0.187677E-32   0.776437E-36   0.554995E-32   0.312700E-35   0.158197E-31   0.125298E-34   0.441215E-31   0.502637E-34   0.310686E-26   0.854352E-20   0.100595E-15   0.327905E-14   0.907346E-15   0.110154E-18   0.104536E-22   0.307423E-28   0.182939E-27   0.676109E-31   0.441068E-27   0.225773E-30   0.109720E-26   0.173796E-26
   0.666667E+00   0.105680E-30   0.169762E-30   0.271393E-30   0.415402E-30   0.223329E-31   0.523668E-35   0.599580E-31   0.214122E-34   0.158980E-30   0.854473E-34   0.422717E-30   0.344789E-33   0.203525E-25   0.559293E-19   0.656153E-15   0.213271E-13   0.585681E-14   0.716929E-18   0.680353E-22   0.199821E-27   0.117963E-26   0.955907E-30   0.284136E-26   0.214324E-29   0.706276E-26   0.111645E-25
   0.666667E+00   0.455504E-40   0.822846E-40   0.182202E-39   0.364403E-39   0.993010E-39   0.261663E-34   0.368992E-38   0.104664E-33   0.143837E-37   0.418661E-33   0.545256E-37   0.167464E-32   0.108197E-33   0.561409E-27   0.730224E-23   0.339788E-21   0.153729E-21   0.866339E-37   0.647771E-36   0.546952E-36   0.947968E-34   0.171470E-29   0.224087E-33   0.685917E-29   0.444150E-33   0.789203E-33
   0.666667E+00   0.104325E-39   0.232160E-39   0.182202E-39   0.364403E-39   0.898534E-39   0.261663E-34   0.331201E-38   0.104665E-33   0.128721E-37   0.418659E-33   0.529930E-37   0.167463E-32   0.121181E-33   0.561409E-27   0.829800E-23   0.339788E-21   0.136162E-21   0.000000E+00   0.338878E-30   0.364635E-36   0.571293E-34   0.429478E-31   0.173980E-33   0.171848E-30   0.444150E-33   0.591902E-33
   0.666667E+00   0.310184E-38   0.529266E-38   0.903955E-38   0.143058E-37   0.110508E-38   0.655737E-36   0.385608E-38   0.262257E-35   0.139197E-37   0.104880E-34   0.526695E-37   0.419612E-34   0.921842E-33   0.215581E-26   0.288770E-22   0.125042E-20   0.303078E-21   0.294958E-25   0.276751E-29   0.875124E-35   0.988855E-34   0.429663E-31   0.303981E-33   0.171835E-30   0.468825E-33   0.591902E-33
   0.666667E+00   0.136462E-33   0.233693E-33   0.392550E-33   0.618290E-33   0.182280E-34   0.656584E-36   0.536517E-34   0.262596E-35   0.152531E-33   0.105061E-34   0.424898E-33   0.420093E-34   0.350031E-28   0.962630E-22   0.113383E-17   0.369683E-16   0.102646E-16   0.125666E-20   0.119977E-24   0.351802E-30   0.206446E-29   0.431604E-31   0.497757E-29   0.172291E-30   0.123839E-28   0.196238E-28
   0.666667E+00   0.582169E-32   0.100315E-31   0.169328E-31   0.267788E-31   0.793548E-33   0.694106E-36   0.234661E-32   0.278338E-35   0.669091E-32   0.111380E-34   0.186720E-31   0.445943E-34   0.153518E-26   0.422214E-20   0.497479E-16   0.162249E-14   0.450497E-15   0.549458E-19   0.523784E-23   0.153734E-28   0.906776E-28   0.524044E-31   0.218652E-27   0.190718E-30   0.544013E-27   0.862060E-27
   0.666667E+00   0.235087E-32   0.399399E-32   0.666384E-32   0.105057E-31   0.415894E-33   0.675063E-36   0.121820E-32   0.270439E-35   0.344064E-32   0.108191E-34   0.951678E-32   0.432913E-34   0.576879E-27   0.158620E-20   0.186679E-16   0.608290E-15   0.167873E-15   0.204279E-19   0.193783E-23   0.569926E-29   0.338997E-28   0.480012E-31   0.817222E-28   0.181733E-30   0.203267E-27   0.321855E-27
   0.666667E+00   0.128106E-30   0.204872E-30   0.326467E-30   0.497849E-30   0.283116E-31   0.918535E-35   0.756301E-31   0.377320E-34   0.202138E-30   0.149719E-33   0.543744E-30   0.605247E-33   0.242197E-25   0.665525E-19   0.780587E-15   0.253664E-13   0.696954E-14   0.853021E-18   0.809775E-22   0.237754E-27   0.140227E-26   0.223902E-29   0.337726E-26   0.438982E-29   0.839447E-26   0.132649E-25
   0.666667E+00   0.648671E-35   0.109602E-34   0.182149E-34   0.284471E-34   0.834416E-36   0.261662E-34   0.243300E-35   0.104665E-33   0.687998E-35   0.418659E-33   0.191000E-34   0.167463E-32   0.156506E-29   0.430394E-23   0.506530E-19   0.165060E-17   0.458056E-18   0.560587E-22   0.535043E-26   0.156817E-31   0.920514E-31   0.171471E-29   0.221920E-30   0.685916E-29   0.552349E-30   0.875128E-30
   0.666667E+00   0.380785E-35   0.647599E-35   0.108184E-34   0.169653E-34   0.499587E-36   0.261663E-34   0.146467E-35   0.104665E-33   0.415433E-35   0.418658E-33   0.115602E-34   0.167462E-32   0.946489E-30   0.260314E-23   0.306505E-19   0.999113E-18   0.277351E-18   0.339468E-22   0.324052E-26   0.949983E-32   0.557622E-31   0.429416E-31   0.134519E-30   0.171774E-30   0.334839E-30   0.530936E-30
   0.666667E+00   0.199095E-33   0.340811E-33   0.572293E-33   0.901158E-33   0.265766E-34   0.656631E-36   0.781973E-34   0.262502E-35   0.222261E-33   0.105038E-34   0.619033E-33   0.420214E-34   0.509713E-28   0.140177E-21   0.165102E-17   0.538303E-16   0.149462E-16   0.182978E-20   0.174691E-24   0.512224E-30   0.300592E-29   0.432251E-31   0.724737E-29   0.172365E-30   0.180308E-28   0.285725E-28
   0.666667E+00   0.367081E-29   0.632477E-29   0.106757E-28   0.168798E-28   0.499417E-30   0.171147E-34   0.147631E-29   0.714123E-34   0.420844E-29   0.283646E-33   0.117424E-28   0.115384E-32   0.968112E-24   0.266256E-17   0.313724E-13   0.102319E-11   0.284170E-12   0.347941E-16   0.332236E-20   0.974381E-26   0.571868E-25   0.540879E-29   0.137894E-24   0.961722E-29   0.343089E-24   0.543684E-24
   0.666667E+00   0.115452E-29   0.199920E-29   0.338771E-29   0.537630E-29   0.164095E-30   0.562220E-35   0.487129E-30   0.234785E-34   0.139192E-29   0.932714E-34   0.388843E-29   0.379549E-33   0.311161E-24   0.855800E-18   0.100863E-13   0.329030E-12   0.913385E-13   0.111030E-16   0.105682E-20   0.310318E-26   0.183998E-25   0.177349E-29   0.443718E-25   0.315265E-29   0.110403E-24   0.174944E-24
   0.666667E+00   0.297374E-30   0.501049E-30   0.830337E-30   0.130257E-29   0.565706E-31   0.260964E-35   0.162806E-30   0.108640E-34   0.453818E-30   0.431498E-34   0.124008E-29   0.175374E-33   0.700643E-25   0.192630E-18   0.226567E-14   0.737900E-13   0.203538E-13   0.248134E-17   0.235638E-21   0.691943E-27   0.410589E-26   0.782788E-30   0.989688E-26   0.141306E-29   0.246134E-25   0.389637E-25
   0.666667E+00   0.211639E-27   0.337249E-27   0.534951E-27   0.805583E-27   0.402681E-28   0.166553E-31   0.107791E-27   0.667987E-31   0.286411E-27   0.255103E-30   0.758202E-27   0.102156E-29   0.390498E-22   0.107324E-15   0.125851E-11   0.408891E-10   0.113135E-10   0.137798E-14   0.131127E-18   0.384266E-24   0.226046E-23   0.602429E-26   0.544306E-23   0.980178E-26   0.135305E-22   0.214336E-22
   0.666667E+00   0.000000E+00   0.000000E+00   0.000000E+00   0.000000E+00   0.000000E+00   0.000000E+00   0.000000E+00   0.000000E+00   0.000000E+00   0.000000E+00   0.000000E+00   0.000000E+00   0.000000E+00   0.000000E+00   0.000000E+00   0.000000E+00   0.000000E+00   0.000000E+00   0.000000E+00   0.000000E+00   0.000000E+00   0.000000E+00   0.000000E+00   0.000000E+00   0.000000E+00   0.000000E+00
   0.666667E+00   0.232823E-26   0.464875E-26   0.928496E-26   0.185461E-25   0.369497E-25   0.738920E-25   0.147794E-24   0.295568E-24   0.591163E-24   0.118227E-23   0.236462E-23   0.472909E-23   0.687395E-20   0.356585E-13   0.527026E-09   0.215943E-07   0.736375E-08   0.742396E-12   0.737074E-16   0.212776E-21   0.253548E-20   0.484236E-20   0.975721E-20   0.193703E-19   0.387829E-19   0.775170E-19
   0.833333E+00   0.218750E-25   0.437500E-25   0.875000E-25   0.175000E-24   0.350000E-24   0.700000E-24   0.140000E-23   0.280000E-23   0.560001E-23   0.112000E-22   0.224000E-22   0.448000E-22   0.611481E-19   0.318881E-12   0.475433E-08   0.195903E-06   0.786138E-07   0.100125E-10   0.927026E-16   0.567688E-20   0.245032E-19   0.458726E-19   0.926135E-19   0.183500E-18   0.367464E-18   0.734417E-18
   0.833333E+00   0.455504E-40   0.911008E-40   0.182202E-39   0.399668E-39   0.488775E-35   0.261665E-34   0.195584E-34   0.104665E-33   0.782464E-34   0.418657E-33   0.313014E-33   0.167464E-32   0.101653E-33   0.530107E-27   0.790359E-23   0.325402E-21   0.146713E-21   0.155248E-26   0.675038E-30   0.853807E-35   0.185571E-33   0.171470E-29   0.264541E-33   0.685919E-29   0.444238E-33   0.789307E-33
   0.833333E+00   0.135770E-38   0.216585E-38   0.356175E-38   0.551911E-39   0.488800E-35   0.261661E-34   0.195595E-34   0.104664E-33   0.782483E-34   0.418656E-33   0.313026E-33   0.167464E-32   0.402544E-33   0.118744E-26   0.790359E-23   0.325402E-21   0.166306E-21   0.616052E-26   0.651078E-31   0.161275E-34   0.192000E-33   0.171469E-29   0.342959E-33   0.685919E-29   0.468918E-33   0.887970E-33
   0.833333E+00   0.101386E-39   0.202773E-39   0.399668E-39   0.364403E-39   0.488798E-35   0.261663E-34   0.195597E-34   0.104665E-33   0.782506E-34   0.418661E-33   0.313029E-33   0.167463E-32   0.101653E-33   0.530107E-27   0.790359E-23   0.325402E-21   0.176077E-21   0.154827E-26   0.699442E-30   0.948675E-35   0.175443E-33   0.171471E-29   0.266353E-33   0.685917E-29   0.468918E-33   0.789307E-33
   0.833333E+00   0.402754E-38   0.652987E-38   0.106735E-37   0.174959E-38   0.488803E-35   0.261663E-34   0.195595E-34   0.104664E-33   0.782491E-34   0.418657E-33   0.313023E-33   0.167463E-32   0.849816E-33   0.262933E-26   0.275045E-22   0.121050E-20   0.332738E-21   0.415817E-25   0.382315E-30   0.298833E-34   0.219637E-33   0.171471E-29   0.369574E-33   0.685915E-29   0.468918E-33   0.937302E-33
   0.833333E+00   0.189532E-36   0.313895E-36   0.513609E-36   0.858111E-37   0.123394E-36   0.261663E-34   0.493578E-36   0.104665E-33   0.197506E-35   0.418657E-33   0.789574E-35   0.167465E-32   0.397502E-31   0.110135E-24   0.130978E-20   0.428099E-19   0.140496E-19   0.215838E-23   0.192208E-28   0.121003E-32   0.255114E-32   0.429629E-31   0.598579E-32   0.171823E-30   0.148082E-31   0.236299E-31
   0.833333E+00   0.959897E-35   0.156854E-34   0.253909E-34   0.418215E-35   0.442021E-38   0.655455E-36   0.172106E-37   0.262220E-35   0.699711E-37   0.104918E-34   0.270856E-36   0.419552E-34   0.188750E-29   0.521371E-23   0.617751E-19   0.202092E-17   0.659698E-18   0.101530E-21   0.902622E-27   0.545773E-31   0.119770E-30   0.429690E-31   0.282622E-30   0.171810E-30   0.702119E-30   0.111001E-29
   0.833333E+00   0.295343E-39   0.437872E-39   0.658277E-39   0.434933E-39   0.488784E-35   0.261661E-34   0.195594E-34   0.104665E-33   0.782494E-34   0.418659E-33   0.313022E-33   0.167464E-32   0.101653E-33   0.530107E-27   0.790359E-23   0.325402E-21   0.180991E-21   0.385477E-26   0.666918E-30   0.948675E-35   0.161750E-33   0.171469E-29   0.282373E-33   0.685918E-29   0.468918E-33   0.789307E-33
   0.833333E+00   0.119460E-37   0.197924E-37   0.324201E-37   0.579519E-38   0.488798E-35   0.261663E-34   0.195592E-34   0.104664E-33   0.782517E-34   0.418657E-33   0.313032E-33   0.167464E-32   0.250472E-32   0.687019E-26   0.866234E-22   0.295465E-20   0.866863E-21   0.133983E-24   0.120383E-29   0.815860E-34   0.319240E-33   0.171470E-29   0.633630E-33   0.685918E-29   0.115996E-32   0.217059E-32
   0.833333E+00   0.547894E-36   0.912892E-36   0.150084E-35   0.250592E-36   0.123393E-36   0.261663E-34   0.493478E-36   0.104665E-33   0.197278E-35   0.418659E-33   0.789565E-35   0.167464E-32   0.117868E-30   0.326037E-24   0.386992E-20   0.126816E-18   0.414310E-19   0.637958E-23   0.567016E-28   0.358931E-32   0.755553E-32   0.429536E-31   0.178790E-31   0.171872E-30   0.439555E-31   0.698043E-31
   0.833333E+00   0.245040E-34   0.410925E-34   0.679046E-34   0.113665E-34   0.500792E-38   0.655737E-36   0.193734E-37   0.262351E-35   0.774936E-37   0.104933E-34   0.309974E-36   0.419732E-34   0.542378E-29   0.149847E-22   0.177827E-18   0.582439E-17   0.190328E-17   0.293108E-21   0.260715E-26   0.157790E-30   0.346386E-30   0.429875E-31   0.817666E-30   0.171872E-30   0.203131E-29   0.321110E-29
   0.833333E+00   0.107901E-32   0.182123E-32   0.302510E-32   0.508408E-33   0.447631E-37   0.662461E-36   0.179429E-36   0.265097E-35   0.705302E-36   0.106062E-34   0.286785E-35   0.424427E-34   0.246002E-27   0.679668E-21   0.806889E-17   0.264361E-15   0.864104E-16   0.133092E-19   0.118400E-24   0.716746E-29   0.157351E-28   0.446453E-31   0.371444E-28   0.175225E-30   0.922756E-28   0.145858E-27
   0.833333E+00   0.805773E-32   0.132294E-31   0.214968E-31   0.366099E-32   0.293756E-36   0.703274E-36   0.115443E-35   0.281592E-35   0.448607E-35   0.112742E-34   0.181429E-34   0.451179E-34   0.161854E-26   0.447069E-20   0.529844E-16   0.173358E-14   0.565330E-15   0.865025E-19   0.767625E-24   0.464696E-28   0.102774E-27   0.542713E-31   0.242509E-27   0.194761E-30   0.602248E-27   0.951800E-27
   0.833333E+00   0.643583E-39   0.108733E-38   0.195132E-38   0.517218E-39   0.488788E-35   0.261663E-34   0.195594E-34   0.104665E-33   0.782516E-34   0.418658E-33   0.313028E-33   0.167463E-32   0.252099E-33   0.530107E-27   0.695516E-23   0.325402E-21   0.166326E-21   0.308001E-26   0.244138E-31   0.996108E-35   0.141209E-33   0.171469E-29   0.281581E-33   0.685918E-29   0.468918E-33   0.641312E-33
   0.833333E+00   0.298693E-37   0.497499E-37   0.818320E-37   0.141412E-37   0.488798E-35   0.261660E-34   0.195589E-34   0.104665E-33   0.782520E-34   0.418657E-33   0.788950E-35   0.167464E-32   0.655456E-32   0.179176E-25   0.217191E-21   0.708076E-20   0.240245E-20   0.354205E-24   0.316405E-29   0.201119E-33   0.460173E-33   0.429629E-31   0.113616E-32   0.171847E-30   0.244335E-32   0.414386E-32
   0.833333E+00   0.154597E-35   0.259148E-35   0.428099E-35   0.716758E-36   0.123273E-36   0.261662E-34   0.493186E-36   0.104664E-33   0.643273E-37   0.104918E-34   0.260318E-36   0.419582E-34   0.341650E-30   0.944312E-24   0.112076E-19   0.367197E-18   0.120005E-18   0.184771E-22   0.164351E-27   0.994780E-32   0.218634E-31   0.429475E-31   0.516616E-31   0.171810E-30   0.128632E-30   0.203592E-30
   0.833333E+00   0.678063E-34   0.114400E-33   0.189958E-33   0.319172E-34   0.651249E-38   0.655925E-36   0.264261E-37   0.262389E-35   0.103824E-36   0.104971E-34   0.410781E-36   0.419822E-34   0.154297E-28   0.426303E-22   0.506085E-18   0.165807E-16   0.541959E-17   0.834726E-21   0.742576E-26   0.449519E-30   0.986872E-30   0.430553E-31   0.232966E-29   0.171983E-30   0.578766E-29   0.914865E-29
   0.833333E+00   0.295615E-32   0.501993E-32   0.837850E-32   0.141347E-32   0.117315E-36   0.672241E-36   0.472268E-36   0.269179E-35   0.185973E-35   0.107656E-34   0.759540E-35   0.430866E-34   0.692884E-27   0.191444E-20   0.227363E-16   0.745129E-15   0.243617E-15   0.375213E-19   0.333769E-24   0.202137E-28   0.443885E-28   0.474801E-31   0.104795E-27   0.180636E-30   0.260353E-27   0.411543E-27
   0.833333E+00   0.180771E-31   0.307187E-31   0.512926E-31   0.925078E-32   0.761415E-36   0.763130E-36   0.307754E-35   0.306926E-35   0.121729E-34   0.122974E-34   0.497673E-34   0.492978E-34   0.423743E-26   0.117077E-19   0.139033E-15   0.455631E-14   0.148592E-14   0.227201E-18   0.201647E-23   0.122036E-27   0.271315E-27   0.732615E-31   0.640651E-27   0.230297E-30   0.159154E-26   0.251544E-26
   0.833333E+00   0.204823E-30   0.328925E-30   0.525432E-30   0.116181E-30   0.295721E-34   0.463850E-35   0.116741E-33   0.188997E-34   0.454857E-33   0.755716E-34   0.184246E-32   0.304519E-33   0.372073E-25   0.102741E-18   0.121590E-14   0.397392E-13   0.128352E-13   0.198119E-17   0.175567E-22   0.106224E-26   0.234650E-26   0.113845E-29   0.553742E-26   0.226822E-29   0.137457E-25   0.217015E-25
   0.833333E+00   0.455504E-40   0.822846E-40   0.182202E-39   0.399668E-39   0.488774E-35   0.261660E-34   0.195585E-34   0.104664E-33   0.782516E-34   0.418656E-33   0.313027E-33   0.167463E-32   0.113851E-33   0.530107E-27   0.695516E-23   0.325402E-21   0.180599E-21   0.536835E-23   0.658794E-30   0.948675E-35   0.122162E-33   0.171469E-29   0.228950E-33   0.685919E-29   0.444238E-33   0.789307E-33
   0.833333E+00   0.827063E-37   0.138594E-36   0.228945E-36   0.387678E-37   0.488774E-35   0.261662E-34   0.492894E-36   0.104665E-33   0.197120E-35   0.418656E-33   0.789533E-35   0.167463E-32   0.183747E-31   0.511447E-25   0.599408E-21   0.197454E-19   0.653678E-20   0.101410E-23   0.908534E-29   0.564461E-33   0.121983E-32   0.429567E-31   0.291546E-32   0.171860E-30   0.720654E-32   0.123822E-31
   0.833333E+00   0.370815E-35   0.625369E-35   0.103806E-34   0.174426E-35   0.123404E-36   0.655549E-36   0.167398E-37   0.262239E-35   0.669592E-37   0.104873E-34   0.258809E-36   0.419612E-34   0.842338E-30   0.232766E-23   0.276341E-19   0.905452E-18   0.295977E-18   0.455773E-22   0.405471E-27   0.245441E-31   0.539035E-31   0.429659E-31   0.127344E-30   0.171847E-30   0.316619E-30   0.500618E-30
   0.833333E+00   0.160337E-33   0.272161E-33   0.454099E-33   0.765925E-34   0.102270E-37   0.656208E-36   0.409079E-37   0.262615E-35   0.160246E-36   0.105031E-34   0.650013E-36   0.420003E-34   0.375102E-28   0.103641E-21   0.123083E-17   0.403369E-16   0.131879E-16   0.203146E-20   0.180743E-25   0.109438E-29   0.240282E-29   0.431847E-31   0.567275E-29   0.172279E-30   0.140934E-28   0.222781E-28
   0.833333E+00   0.788065E-32   0.134619E-31   0.225743E-31   0.382570E-32   0.311671E-36   0.690861E-36   0.125985E-35   0.276890E-35   0.497921E-35   0.110824E-34   0.203607E-34   0.443626E-34   0.189735E-26   0.524263E-20   0.622846E-16   0.204181E-14   0.667630E-15   0.102625E-18   0.911905E-24   0.552934E-28   0.121730E-27   0.546442E-31   0.287419E-27   0.193085E-30   0.714111E-27   0.112882E-26
   0.833333E+00   0.442113E-31   0.749979E-31   0.125028E-30   0.237779E-31   0.210171E-35   0.886228E-36   0.853691E-35   0.358479E-35   0.338535E-34   0.143865E-34   0.138656E-33   0.577989E-34   0.102445E-25   0.283033E-19   0.336035E-15   0.110104E-13   0.358219E-14   0.548740E-18   0.486865E-23   0.294545E-27   0.655143E-27   0.122683E-30   0.154714E-26   0.314939E-30   0.384315E-26   0.607322E-26
   0.833333E+00   0.276324E-30   0.441727E-30   0.703201E-30   0.156113E-30   0.835229E-34   0.928720E-35   0.331346E-33   0.380269E-34   0.129451E-32   0.151738E-33   0.525288E-32   0.612611E-33   0.492160E-25   0.135893E-18   0.160780E-14   0.525363E-13   0.169708E-13   0.262011E-17   0.232194E-22   0.140482E-26   0.310035E-26   0.297953E-29   0.731535E-26   0.538069E-29   0.181582E-25   0.286601E-25
   0.833333E+00   0.455504E-40   0.822846E-40   0.182202E-39   0.364403E-39   0.488762E-35   0.261660E-34   0.195587E-34   0.104664E-33   0.782508E-34   0.418660E-33   0.313020E-33   0.167463E-32   0.101653E-33   0.530107E-27   0.695516E-23   0.325402E-21   0.151662E-21   0.154062E-26   0.683197E-30   0.806373E-35   0.948973E-34   0.171470E-29   0.238295E-33   0.685920E-29   0.444238E-33   0.789307E-33
   0.833333E+00   0.229221E-39   0.320322E-39   0.658277E-39   0.399668E-39   0.123315E-36   0.261663E-34   0.493258E-36   0.104664E-33   0.197454E-35   0.418660E-33   0.788912E-35   0.167464E-32   0.113851E-33   0.530107E-27   0.790359E-23   0.325402E-21   0.196576E-21   0.536764E-23   0.723866E-30   0.901241E-35   0.566876E-34   0.429629E-31   0.199042E-33   0.171860E-30   0.444238E-33   0.591980E-33
   0.833333E+00   0.979775E-38   0.166332E-37   0.277887E-37   0.513691E-38   0.399680E-38   0.655737E-36   0.162693E-37   0.262163E-35   0.647011E-37   0.104873E-34   0.249776E-36   0.419461E-34   0.241933E-32   0.687019E-26   0.746099E-22   0.259020E-20   0.900230E-21   0.123970E-24   0.109802E-29   0.754196E-34   0.197816E-33   0.429598E-31   0.540041E-33   0.171847E-30   0.108592E-32   0.182527E-32
   0.833333E+00   0.425724E-33   0.727027E-33   0.121891E-32   0.206391E-33   0.207123E-37   0.656960E-36   0.838837E-37   0.262878E-35   0.329140E-36   0.105121E-34   0.133913E-35   0.420484E-34   0.102393E-27   0.282927E-21   0.336126E-17   0.110188E-15   0.360343E-16   0.555144E-20   0.493984E-25   0.299169E-29   0.656925E-29   0.435606E-31   0.155107E-28   0.172870E-30   0.385375E-28   0.609182E-28
   0.833333E+00   0.181483E-31   0.311682E-31   0.524887E-31   0.898349E-32   0.731370E-36   0.715876E-36   0.297034E-35   0.287385E-35   0.117760E-34   0.115022E-34   0.482160E-34   0.460718E-34   0.447584E-26   0.123679E-19   0.146982E-15   0.481955E-14   0.157575E-14   0.241469E-18   0.214405E-23   0.129990E-27   0.287530E-27   0.691140E-31   0.678973E-27   0.215333E-30   0.168704E-26   0.266677E-26
   0.833333E+00   0.799501E-32   0.134540E-31   0.222807E-31   0.454815E-32   0.486373E-36   0.693306E-36   0.198442E-35   0.278000E-35   0.788917E-35   0.111215E-34   0.323707E-34   0.445281E-34   0.177868E-26   0.491354E-20   0.582997E-16   0.190930E-14   0.619180E-15   0.951409E-19   0.843684E-24   0.510541E-28   0.113423E-27   0.602737E-31   0.267842E-27   0.200234E-30   0.665215E-27   0.105096E-26
   0.833333E+00   0.320377E-30   0.510388E-30   0.810419E-30   0.179454E-30   0.224819E-33   0.168128E-34   0.895884E-33   0.691403E-34   0.350982E-32   0.274301E-33   0.142681E-31   0.110936E-32   0.562368E-25   0.155273E-18   0.183673E-14   0.600074E-13   0.193950E-13   0.299349E-17   0.265312E-22   0.160512E-26   0.353992E-26   0.751510E-29   0.835144E-26   0.122333E-28   0.207294E-25   0.327124E-25
   0.833333E+00   0.160890E-34   0.271109E-34   0.449720E-34   0.755254E-35   0.488825E-35   0.261662E-34   0.195608E-34   0.104665E-33   0.782575E-34   0.418653E-33   0.313053E-33   0.167464E-32   0.364037E-29   0.100581E-22   0.119397E-18   0.391162E-17   0.127850E-17   0.196904E-21   0.175157E-26   0.106028E-30   0.232815E-30   0.171471E-29   0.549582E-30   0.685919E-29   0.136556E-29   0.215870E-29
   0.833333E+00   0.103855E-34   0.176139E-34   0.293693E-34   0.495243E-35   0.123782E-36   0.261664E-34   0.495409E-36   0.104664E-33   0.198088E-35   0.418658E-33   0.792052E-35   0.167463E-32   0.242053E-29   0.668817E-23   0.794264E-19   0.260297E-17   0.851023E-18   0.131082E-21   0.116620E-26   0.706118E-31   0.155062E-30   0.429598E-31   0.366163E-30   0.171810E-30   0.909874E-30   0.143851E-29
   0.833333E+00   0.497014E-33   0.848419E-33   0.142196E-32   0.240731E-33   0.238391E-37   0.656631E-36   0.957325E-37   0.262709E-35   0.378040E-36   0.105068E-34   0.153924E-35   0.420394E-34   0.119312E-27   0.329675E-21   0.391655E-17   0.128389E-15   0.419856E-16   0.646818E-20   0.575544E-25   0.348561E-29   0.765391E-29   0.436223E-31   0.180715E-28   0.172920E-30   0.448998E-28   0.709754E-28
   0.833333E+00   0.916236E-29   0.157421E-28   0.265202E-28   0.450799E-29   0.369979E-33   0.214505E-34   0.150286E-32   0.895730E-34   0.595916E-32   0.355963E-33   0.244114E-31   0.144845E-32   0.226558E-23   0.626043E-17   0.744036E-13   0.243980E-11   0.798077E-12   0.122967E-15   0.109432E-20   0.662900E-25   0.145580E-24   0.126002E-28   0.343764E-24   0.192182E-28   0.854162E-24   0.135025E-23
   0.833333E+00   0.354541E-29   0.611584E-29   0.103349E-28   0.181249E-29   0.152847E-33   0.852247E-35   0.624639E-33   0.356840E-34   0.248639E-32   0.141827E-33   0.102103E-31   0.577764E-33   0.891175E-24   0.246261E-17   0.292728E-13   0.960037E-12   0.313767E-12   0.479896E-16   0.426076E-21   0.258024E-25   0.573015E-25   0.512765E-29   0.135327E-24   0.777960E-29   0.336256E-24   0.531529E-24
   0.833333E+00   0.808151E-30   0.134666E-29   0.221232E-29   0.452416E-30   0.708604E-34   0.396489E-35   0.291121E-33   0.165935E-34   0.116270E-32   0.659224E-34   0.478476E-32   0.268529E-33   0.171536E-24   0.473814E-18   0.561807E-14   0.183890E-12   0.596431E-13   0.917472E-17   0.813664E-22   0.492173E-26   0.109073E-25   0.237297E-29   0.257508E-25   0.360099E-29   0.639475E-25   0.101015E-24
   0.833333E+00   0.420548E-27   0.668170E-27   0.105759E-26   0.186668E-27   0.652837E-30   0.263414E-31   0.251688E-29   0.105780E-30   0.965736E-29   0.404635E-30   0.387510E-28   0.162124E-29   0.726086E-22   0.200501E-15   0.237135E-11   0.774604E-10   0.252432E-10   0.387246E-14   0.343745E-19   0.207848E-23   0.457111E-23   0.174832E-25   0.107790E-22   0.257090E-25   0.267589E-22   0.422859E-22
   0.833333E+00   0.000000E+00   0.000000E+00   0.000000E+00   0.000000E+00   0.000000E+00   0.000000E+00   0.000000E+00   0.000000E+00   0.000000E+00   0.000000E+00   0.000000E+00   0.000000E+00   0.000000E+00   0.000000E+00   0.000000E+00   0.000000E+00   0.000000E+00   0.000000E+00   0.000000E+00   0.000000E+00   0.000000E+00   0.000000E+00   0.000000E+00   0.000000E+00   0.000000E+00   0.000000E+00
   0.833333E+00   0.234739E-26   0.467920E-26   0.933319E-26   0.184901E-25   0.369461E-25   0.738920E-25   0.147785E-24   0.295568E-24   0.591138E-24   0.118227E-23   0.236455E-23   0.472909E-23   0.646150E-20   0.336796E-13   0.502086E-09   0.206867E-07   0.830081E-08   0.105728E-11   0.978887E-17   0.599444E-21   0.258698E-20   0.484232E-20   0.977729E-20   0.193702E-19   0.387920E-19   0.775291E-19
   0.100000E+01   0.218750E-25   0.437500E-25   0.875000E-25   0.175000E-24   0.350000E-24   0.700000E-24   0.140000E-23   0.280000E-23   0.560001E-23   0.112000E-22   0.224000E-22   0.448000E-22   0.575196E-19   0.301438E-12   0.453295E-08   0.187813E-06   0.869189E-07   0.161930E-10   0.309440E-16   0.102268E-18   0.250890E-19   0.458722E-19   0.928041E-19   0.183500E-18   0.367537E-18   0.734512E-18
   0.100000E+01   0.104325E-39   0.911008E-40   0.182202E-39   0.364403E-39   0.815426E-39   0.261665E-34   0.297958E-38   0.104665E-33   0.119187E-37   0.418657E-33   0.476750E-37   0.167464E-32   0.956206E-34   0.501110E-27   0.753557E-23   0.311921E-21   0.176407E-21   0.741467E-26   0.230685E-30   0.210950E-33   0.191138E-33   0.171467E-29   0.279855E-33   0.685916E-29   0.444326E-33   0.789409E-33
   0.100000E+01   0.334575E-38   0.553070E-38   0.871041E-38   0.719403E-38   0.805609E-38   0.261661E-34   0.205635E-37   0.104664E-33   0.623179E-37   0.418656E-33   0.189086E-36   0.167464E-32   0.631096E-33   0.174386E-26   0.271280E-22   0.698703E-21   0.336914E-21   0.468593E-25   0.836232E-31   0.523972E-33   0.229244E-33   0.171466E-29   0.358249E-33   0.685924E-29   0.469011E-33   0.888085E-33
   0.100000E+01   0.227752E-39   0.320322E-39   0.640644E-39   0.799336E-39   0.814671E-39   0.261663E-34   0.297656E-38   0.104665E-33   0.107782E-37   0.418661E-33   0.431128E-37   0.167463E-32   0.956206E-34   0.501110E-27   0.753557E-23   0.311921E-21   0.187101E-21   0.123311E-26   0.288356E-32   0.272193E-33   0.191641E-33   0.171466E-29   0.287624E-33   0.685920E-29   0.469011E-33   0.789409E-33
   0.100000E+01   0.102841E-37   0.169036E-37   0.275536E-37   0.212412E-37   0.258288E-37   0.261663E-34   0.687087E-37   0.104664E-33   0.174401E-36   0.418657E-33   0.470404E-36   0.167463E-32   0.203481E-32   0.615363E-26   0.693272E-22   0.240803E-20   0.935984E-21   0.183734E-24   0.325842E-30   0.125889E-32   0.329015E-33   0.171467E-29   0.570915E-33   0.685921E-29   0.106145E-32   0.202286E-32
   0.100000E+01   0.489590E-36   0.809457E-36   0.132474E-35   0.103347E-35   0.121449E-35   0.261663E-34   0.318001E-35   0.104665E-33   0.820462E-35   0.418657E-33   0.209951E-34   0.167465E-32   0.961408E-31   0.267332E-24   0.319840E-20   0.105354E-18   0.396822E-19   0.890673E-23   0.163036E-28   0.523495E-31   0.668146E-32   0.429563E-31   0.153653E-31   0.171835E-30   0.388785E-31   0.606365E-31
   0.100000E+01   0.248065E-34   0.404726E-34   0.655372E-34   0.506887E-34   0.591523E-34   0.655455E-36   0.153337E-33   0.262220E-35   0.393011E-33   0.104918E-34   0.100078E-32   0.419552E-34   0.457829E-29   0.127054E-22   0.151832E-18   0.499362E-17   0.187964E-17   0.421961E-21   0.771908E-27   0.247771E-29   0.317155E-30   0.429995E-31   0.729469E-30   0.171884E-30   0.180942E-29   0.285657E-29
   0.100000E+01   0.690603E-39   0.108733E-38   0.171622E-38   0.135182E-38   0.191810E-38   0.261661E-34   0.394295E-38   0.104665E-33   0.130106E-37   0.418659E-33   0.520424E-37   0.167464E-32   0.225665E-33   0.501110E-27   0.753557E-23   0.311921E-21   0.176433E-21   0.369934E-26   0.865067E-32   0.272193E-33   0.187601E-33   0.171468E-29   0.272108E-33   0.685919E-29   0.469011E-33   0.789409E-33
   0.100000E+01   0.307157E-37   0.507725E-37   0.831192E-37   0.650989E-37   0.768672E-37   0.261663E-34   0.202145E-36   0.104664E-33   0.525332E-36   0.418657E-33   0.133396E-35   0.167464E-32   0.615032E-32   0.174186E-25   0.201652E-21   0.686226E-20   0.248167E-20   0.568459E-24   0.101790E-29   0.349088E-32   0.475655E-33   0.429409E-31   0.123840E-32   0.685916E-29   0.244379E-32   0.483513E-32
   0.100000E+01   0.141410E-35   0.235204E-35   0.386765E-35   0.302807E-35   0.356884E-35   0.261663E-34   0.938247E-35   0.104665E-33   0.242628E-34   0.418659E-33   0.621497E-34   0.167464E-32   0.285232E-30   0.791994E-24   0.947764E-20   0.312033E-18   0.117571E-18   0.264006E-22   0.483198E-28   0.155239E-30   0.199067E-31   0.429687E-31   0.458247E-31   0.171823E-30   0.113994E-30   0.180281E-30
   0.100000E+01   0.632756E-34   0.105923E-33   0.175070E-33   0.137606E-33   0.162686E-33   0.655737E-36   0.429649E-33   0.262351E-35   0.111422E-32   0.104948E-34   0.285835E-32   0.419732E-34   0.131381E-28   0.364678E-22   0.436486E-18   0.143735E-16   0.541620E-17   0.121658E-20   0.222660E-26   0.715504E-29   0.916151E-30   0.430364E-31   0.210800E-29   0.171971E-30   0.522977E-29   0.825751E-29
   0.100000E+01   0.279067E-32   0.470167E-32   0.781082E-32   0.616414E-32   0.731135E-32   0.665706E-36   0.193992E-31   0.266546E-35   0.504562E-31   0.106641E-34   0.129676E-30   0.426623E-34   0.596752E-27   0.165649E-20   0.198345E-16   0.653348E-15   0.246263E-15   0.553220E-19   0.101262E-24   0.325494E-27   0.416801E-28   0.468388E-31   0.959128E-28   0.178590E-30   0.237953E-27   0.375710E-27
   0.100000E+01   0.235540E-31   0.385875E-31   0.626901E-31   0.494893E-31   0.582401E-31   0.736235E-36   0.151457E-30   0.295058E-35   0.388973E-30   0.118196E-34   0.991728E-30   0.472966E-34   0.442738E-26   0.122866E-19   0.146859E-15   0.483085E-14   0.181566E-14   0.405486E-18   0.740939E-24   0.237700E-26   0.306880E-27   0.729034E-31   0.705987E-27   0.223542E-30   0.175087E-26   0.276406E-26
   0.100000E+01   0.163394E-38   0.279180E-38   0.454329E-38   0.369105E-38   0.433725E-38   0.261662E-34   0.129292E-37   0.104664E-33   0.317807E-37   0.418657E-33   0.113581E-36   0.167463E-32   0.367183E-33   0.112249E-26   0.159754E-22   0.686226E-21   0.181820E-21   0.271280E-25   0.432534E-31   0.401485E-33   0.167232E-33   0.171466E-29   0.270548E-33   0.685920E-29   0.469011E-33   0.641395E-33
   0.100000E+01   0.750568E-37   0.124817E-36   0.205230E-36   0.160866E-36   0.189994E-36   0.261662E-34   0.500523E-36   0.104664E-33   0.130056E-35   0.418657E-33   0.334852E-35   0.167463E-32   0.152152E-31   0.425943E-25   0.504280E-21   0.166441E-19   0.641229E-20   0.143409E-23   0.255125E-29   0.843799E-32   0.109760E-32   0.429471E-31   0.262785E-32   0.171823E-30   0.614651E-32   0.981827E-32
   0.100000E+01   0.398681E-35   0.667118E-35   0.110225E-34   0.866178E-35   0.102388E-34   0.261663E-34   0.270330E-34   0.104664E-33   0.700975E-34   0.104910E-34   0.179819E-33   0.419582E-34   0.826349E-30   0.229406E-23   0.274602E-19   0.904284E-18   0.340772E-18   0.765344E-22   0.140069E-27   0.450126E-30   0.576637E-31   0.429810E-31   0.132733E-30   0.171860E-30   0.329493E-30   0.520862E-30
   0.100000E+01   0.174948E-33   0.294627E-33   0.489299E-33   0.386044E-33   0.457796E-33   0.656349E-36   0.121430E-32   0.262464E-35   0.315775E-32   0.105008E-34   0.811472E-32   0.419973E-34   0.373398E-28   0.103650E-21   0.124105E-17   0.408794E-16   0.154082E-16   0.346139E-20   0.633584E-26   0.203652E-28   0.260777E-29   0.431843E-31   0.600088E-29   0.172217E-30   0.148880E-28   0.235074E-28
   0.100000E+01   0.764364E-32   0.129552E-31   0.216250E-31   0.171324E-31   0.203829E-31   0.680000E-36   0.543181E-31   0.272414E-35   0.141667E-30   0.108988E-34   0.364728E-30   0.436253E-34   0.167983E-26   0.466318E-20   0.558565E-16   0.184045E-14   0.693850E-15   0.155760E-18   0.284969E-24   0.916565E-27   0.117508E-27   0.535252E-31   0.270435E-27   0.189461E-30   0.670976E-27   0.105944E-26
   0.100000E+01   0.518564E-31   0.877649E-31   0.146292E-30   0.119850E-30   0.144131E-30   0.836810E-36   0.383904E-30   0.337771E-35   0.100084E-29   0.135492E-34   0.257584E-29   0.543834E-34   0.112721E-25   0.312892E-19   0.374700E-15   0.123442E-13   0.463727E-14   0.103574E-17   0.189268E-23   0.607076E-26   0.787289E-27   0.124447E-30   0.181264E-26   0.306507E-30   0.449677E-26   0.709946E-26
   0.100000E+01   0.458983E-30   0.734102E-30   0.117052E-29   0.107598E-29   0.128946E-29   0.729206E-35   0.329279E-29   0.297469E-34   0.835923E-29   0.118937E-33   0.211586E-28   0.479493E-33   0.772261E-25   0.214245E-18   0.255684E-14   0.840064E-13   0.312552E-13   0.704830E-17   0.128555E-22   0.411890E-25   0.531189E-26   0.295591E-29   0.122254E-25   0.494952E-29   0.303044E-25   0.478080E-25
   0.100000E+01   0.455504E-40   0.822846E-40   0.182202E-39   0.364403E-39   0.784393E-39   0.261663E-34   0.332565E-38   0.104665E-33   0.121744E-37   0.418656E-33   0.411746E-37   0.167465E-32   0.103270E-33   0.501110E-27   0.663130E-23   0.311921E-21   0.236155E-21   0.119794E-22   0.230685E-30   0.244974E-33   0.115982E-33   0.171467E-29   0.235582E-33   0.685920E-29   0.444326E-33   0.789409E-33
   0.100000E+01   0.207040E-36   0.346315E-36   0.572054E-36   0.449732E-36   0.531920E-36   0.261662E-34   0.140489E-35   0.104664E-33   0.364736E-35   0.418654E-33   0.937589E-35   0.167464E-32   0.429604E-31   0.119465E-24   0.143387E-20   0.473496E-19   0.178564E-19   0.400015E-23   0.732424E-29   0.235651E-31   0.304193E-32   0.429532E-31   0.704833E-32   0.171847E-30   0.171312E-31   0.285667E-31
   0.100000E+01   0.933137E-35   0.157084E-34   0.260790E-34   0.205708E-34   0.243896E-34   0.655549E-36   0.646752E-34   0.262163E-35   0.168157E-33   0.104910E-34   0.432098E-33   0.419461E-34   0.198799E-29   0.551866E-23   0.660779E-19   0.217660E-17   0.820405E-18   0.184294E-21   0.337333E-27   0.108425E-29   0.138868E-30   0.429687E-31   0.319608E-30   0.171835E-30   0.793246E-30   0.125289E-29
   0.100000E+01   0.403762E-33   0.684069E-33   0.114152E-32   0.904039E-33   0.107534E-32   0.656631E-36   0.286480E-32   0.262633E-35   0.747030E-32   0.105053E-34   0.192303E-31   0.420214E-34   0.885844E-28   0.245909E-21   0.294548E-17   0.970511E-16   0.365897E-16   0.822078E-20   0.150492E-25   0.483854E-28   0.619623E-29   0.435017E-31   0.142600E-28   0.172698E-30   0.353806E-28   0.558647E-28
   0.100000E+01   0.202921E-31   0.345883E-31   0.579954E-31   0.462092E-31   0.551648E-31   0.707788E-36   0.147639E-30   0.283849E-35   0.386095E-30   0.113637E-34   0.995703E-30   0.454971E-34   0.457542E-26   0.127019E-19   0.152197E-15   0.501621E-14   0.189112E-14   0.423433E-18   0.774033E-24   0.249008E-26   0.320506E-27   0.708913E-31   0.737719E-27   0.215727E-30   0.183046E-26   0.289026E-26
   0.100000E+01   0.121833E-30   0.205431E-30   0.341322E-30   0.288215E-30   0.349004E-30   0.104436E-35   0.927329E-30   0.424739E-35   0.241347E-29   0.170527E-34   0.620450E-29   0.686654E-34   0.259256E-25   0.719596E-19   0.861423E-15   0.283710E-13   0.106264E-13   0.237963E-17   0.434619E-23   0.139337E-25   0.180724E-26   0.261888E-30   0.416189E-26   0.512830E-30   0.103234E-25   0.162965E-25
   0.100000E+01   0.591480E-30   0.942330E-30   0.149803E-29   0.137913E-29   0.164454E-29   0.150736E-34   0.418662E-29   0.617623E-34   0.106114E-28   0.246449E-33   0.268405E-28   0.995248E-33   0.978324E-25   0.271402E-18   0.323820E-14   0.106373E-12   0.395898E-13   0.892748E-17   0.162836E-22   0.521758E-25   0.672329E-26   0.806373E-29   0.154710E-25   0.125530E-28   0.383483E-25   0.604883E-25
   0.100000E+01   0.455504E-40   0.822846E-40   0.182202E-39   0.364403E-39   0.851935E-39   0.261662E-34   0.340774E-38   0.104665E-33   0.125027E-37   0.418658E-33   0.470014E-37   0.167463E-32   0.956206E-34   0.501110E-27   0.632988E-23   0.311921E-21   0.176457E-21   0.000000E+00   0.000000E+00   0.231364E-33   0.107380E-33   0.171467E-29   0.244046E-33   0.685918E-29   0.444326E-33   0.789409E-33
   0.100000E+01   0.487830E-39   0.811091E-39   0.143998E-38   0.128129E-38   0.188593E-38   0.261660E-34   0.585102E-38   0.104664E-33   0.196427E-37   0.418656E-33   0.665337E-37   0.167462E-32   0.107095E-33   0.501110E-27   0.753557E-23   0.311921E-21   0.192506E-21   0.110978E-25   0.288356E-32   0.306217E-33   0.615640E-34   0.429594E-31   0.224116E-33   0.171835E-30   0.444326E-33   0.592057E-33
   0.100000E+01   0.246736E-37   0.418300E-37   0.697832E-37   0.556009E-37   0.664626E-37   0.655596E-36   0.178864E-36   0.262257E-35   0.467943E-36   0.104873E-34   0.119318E-35   0.419702E-34   0.539683E-32   0.154542E-25   0.184471E-21   0.623842E-20   0.222994E-20   0.516664E-24   0.919855E-30   0.318466E-32   0.429946E-33   0.429594E-31   0.106850E-32   0.171835E-30   0.246848E-32   0.439109E-32
   0.100000E+01   0.106786E-32   0.182012E-32   0.305184E-32   0.242611E-32   0.289465E-32   0.657853E-36   0.774526E-32   0.263104E-35   0.202522E-31   0.105219E-34   0.522244E-31   0.420996E-34   0.240832E-27   0.668581E-21   0.801120E-17   0.264040E-15   0.995722E-16   0.223742E-19   0.409636E-25   0.131739E-27   0.168718E-28   0.444015E-31   0.388330E-28   0.173893E-30   0.963549E-28   0.152144E-27
   0.100000E+01   0.454044E-31   0.777866E-31   0.130951E-30   0.105135E-30   0.126096E-30   0.742771E-36   0.338713E-30   0.298632E-35   0.887810E-30   0.119566E-34   0.229286E-29   0.479165E-34   0.104721E-25   0.290729E-19   0.348460E-15   0.114875E-13   0.433009E-14   0.967257E-18   0.176794E-23   0.568181E-26   0.734421E-27   0.105910E-30   0.169068E-26   0.264378E-30   0.419516E-26   0.662415E-26
   0.100000E+01   0.209193E-31   0.349220E-31   0.575488E-31   0.506913E-31   0.617525E-31   0.719731E-36   0.162852E-30   0.289077E-35   0.421761E-30   0.115736E-34   0.108081E-29   0.463788E-34   0.423524E-26   0.117539E-19   0.140600E-15   0.462799E-14   0.172742E-14   0.388123E-18   0.708395E-24   0.227035E-26   0.294216E-27   0.922940E-31   0.677580E-27   0.243658E-30   0.168036E-26   0.265214E-26
   0.100000E+01   0.667061E-30   0.105984E-29   0.168133E-29   0.153834E-29   0.183058E-29   0.278427E-34   0.465405E-29   0.114575E-33   0.117854E-28   0.454599E-33   0.297840E-28   0.183903E-32   0.109050E-24   0.302514E-18   0.360885E-14   0.118534E-12   0.441402E-13   0.995013E-17   0.181506E-22   0.581619E-25   0.749005E-26   0.210764E-28   0.172329E-25   0.305264E-28   0.427147E-25   0.673684E-25
   0.100000E+01   0.334199E-34   0.562124E-34   0.932619E-34   0.735265E-34   0.871400E-34   0.261663E-34   0.230932E-33   0.104665E-33   0.600195E-33   0.418658E-33   0.154183E-32   0.167462E-32   0.709264E-29   0.196880E-22   0.235719E-18   0.776400E-17   0.292624E-17   0.657348E-21   0.120316E-26   0.386722E-29   0.495225E-30   0.429748E-31   0.113961E-29   0.685924E-29   0.282740E-29   0.446450E-29
   0.100000E+01   0.235217E-34   0.398184E-34   0.664019E-34   0.525620E-34   0.624971E-34   0.261662E-34   0.166399E-33   0.104665E-33   0.433743E-33   0.418655E-33   0.111632E-32   0.167464E-32   0.514119E-29   0.142721E-22   0.170944E-18   0.563226E-17   0.212342E-17   0.477052E-21   0.873288E-27   0.280771E-29   0.359580E-30   0.429871E-31   0.827603E-30   0.171958E-30   0.205353E-29   0.324269E-29
   0.100000E+01   0.103926E-32   0.177064E-32   0.296791E-32   0.235880E-32   0.281378E-32   0.657007E-36   0.752662E-32   0.262878E-35   0.196768E-31   0.105144E-34   0.507345E-31   0.420515E-34   0.233939E-27   0.649444E-21   0.778169E-17   0.256470E-15   0.967157E-16   0.217320E-19   0.397867E-25   0.127955E-27   0.163871E-28   0.443275E-31   0.377172E-28   0.173782E-30   0.935860E-28   0.147772E-27
   0.100000E+01   0.191544E-28   0.328446E-28   0.553358E-28   0.441568E-28   0.528458E-28   0.260636E-34   0.142018E-27   0.108935E-33   0.372369E-27   0.433207E-33   0.961893E-27   0.176342E-32   0.444055E-23   0.123282E-16   0.147776E-12   0.487196E-11   0.183773E-11   0.412981E-15   0.756140E-21   0.243252E-23   0.311573E-24   0.260174E-28   0.717210E-24   0.360951E-28   0.177971E-23   0.281021E-23
   0.100000E+01   0.873409E-29   0.150199E-28   0.253588E-28   0.205511E-28   0.247657E-28   0.122241E-34   0.667009E-28   0.512884E-34   0.175117E-27   0.204024E-33   0.452712E-27   0.831830E-33   0.204627E-23   0.568100E-17   0.681032E-13   0.224544E-11   0.845898E-12   0.188777E-15   0.345081E-21   0.110788E-23   0.143596E-24   0.126557E-28   0.330620E-24   0.174739E-28   0.820396E-24   0.129539E-23
   0.100000E+01   0.176854E-29   0.292148E-29   0.477365E-29   0.418011E-29   0.503742E-29   0.583600E-35   0.131426E-28   0.245225E-34   0.338032E-28   0.975159E-34   0.862454E-28   0.397816E-33   0.340808E-24   0.945745E-18   0.113052E-13   0.371915E-12   0.138939E-12   0.312279E-16   0.570012E-22   0.182711E-24   0.236109E-25   0.617336E-29   0.543543E-25   0.849753E-29   0.134783E-24   0.212710E-24
   0.100000E+01   0.729088E-27   0.115612E-26   0.182979E-26   0.140145E-26   0.162211E-26   0.388497E-31   0.411592E-26   0.156253E-30   0.104072E-25   0.598929E-30   0.262742E-25   0.240128E-29   0.117833E-21   0.326911E-15   0.389944E-11   0.128058E-09   0.481236E-10   0.107735E-13   0.196857E-19   0.631412E-22   0.809845E-23   0.393799E-25   0.186160E-22   0.583223E-25   0.461522E-22   0.728520E-22
   0.100000E+01   0.000000E+00   0.000000E+00   0.000000E+00   0.000000E+00   0.000000E+00   0.000000E+00   0.000000E+00   0.000000E+00   0.000000E+00   0.000000E+00   0.000000E+00   0.000000E+00   0.000000E+00   0.000000E+00   0.000000E+00   0.000000E+00   0.000000E+00   0.000000E+00   0.000000E+00   0.000000E+00   0.000000E+00   0.000000E+00   0.000000E+00   0.000000E+00   0.000000E+00   0.000000E+00
   0.100000E+01   0.237605E-26   0.472471E-26   0.940545E-26   0.186028E-25   0.370965E-25   0.738920E-25   0.148167E-24   0.295568E-24   0.592107E-24   0.118227E-23   0.236700E-23   0.472909E-23   0.608277E-20   0.318503E-13   0.478862E-09   0.198376E-07   0.917966E-08   0.171034E-11   0.326829E-17   0.108013E-19   0.264915E-20   0.484228E-20   0.979815E-20   0.193702E-19   0.388016E-19   0.775420E-19
   0.116667E+01   0.218750E-25   0.437500E-25   0.875000E-25   0.175000E-24   0.350000E-24   0.700000E-24   0.140000E-23   0.280000E-23   0.560001E-23   0.112000E-22   0.224000E-22   0.448000E-22   0.541697E-19   0.285252E-12   0.432605E-08   0.180219E-06   0.947065E-07   0.299698E-10   0.134866E-15   0.240176E-18   0.227364E-19   0.458748E-19   0.929984E-19   0.183500E-18   0.367610E-18   0.734605E-18
   0.116667E+01   0.164569E-39   0.337955E-39   0.417301E-39   0.364403E-39   0.815412E-39   0.261665E-34   0.297952E-38   0.104665E-33   0.119185E-37   0.418657E-33   0.476740E-37   0.167464E-32   0.900518E-34   0.474203E-27   0.719163E-23   0.299268E-21   0.242578E-21   0.296573E-22   0.194019E-29   0.857548E-32   0.849389E-30   0.171477E-29   0.282684E-33   0.685922E-29   0.444413E-33   0.789510E-33
   0.116667E+01   0.749672E-38   0.121781E-37   0.196601E-37   0.213470E-37   0.280736E-37   0.261661E-34   0.735376E-37   0.104664E-33   0.200368E-36   0.418656E-33   0.493021E-36   0.167464E-32   0.127874E-32   0.354704E-26   0.457388E-22   0.146043E-20   0.795193E-21   0.210232E-24   0.945219E-30   0.238161E-32   0.214188E-31   0.171480E-29   0.504046E-33   0.685915E-29   0.108634E-32   0.888198E-33
   0.116667E+01   0.493708E-39   0.819907E-39   0.116962E-38   0.128129E-38   0.199015E-38   0.261663E-34   0.459810E-38   0.104665E-33   0.130349E-37   0.418661E-33   0.431118E-37   0.167463E-32   0.900518E-34   0.474203E-27   0.719163E-23   0.299268E-21   0.218871E-21   0.452097E-26   0.248742E-31   0.819987E-32   0.849385E-30   0.171479E-29   0.321285E-33   0.685919E-29   0.469103E-33   0.789510E-33
   0.116667E+01   0.228369E-37   0.374454E-37   0.610317E-37   0.662626E-37   0.899873E-37   0.261663E-34   0.240049E-36   0.104664E-33   0.615634E-36   0.418657E-33   0.162747E-35   0.167463E-32   0.415319E-32   0.118551E-25   0.144120E-21   0.493194E-20   0.208617E-20   0.734098E-24   0.315902E-29   0.628178E-32   0.214224E-31   0.171477E-29   0.959205E-33   0.685919E-29   0.175299E-32   0.320738E-32
   0.116667E+01   0.109196E-35   0.180241E-35   0.294836E-35   0.320779E-35   0.434927E-35   0.261663E-34   0.115861E-34   0.104665E-33   0.301106E-34   0.418657E-33   0.772142E-34   0.167465E-32   0.200981E-30   0.560660E-24   0.676502E-20   0.223864E-18   0.957141E-19   0.364004E-22   0.156459E-27   0.272956E-30   0.213979E-31   0.429680E-31   0.343090E-31   0.171798E-30   0.854013E-31   0.135154E-30
   0.116667E+01   0.553373E-34   0.901501E-34   0.145929E-33   0.157449E-33   0.212050E-33   0.655455E-36   0.559425E-33   0.262220E-35   0.144488E-32   0.104918E-34   0.369018E-32   0.419552E-34   0.958221E-29   0.267137E-22   0.321944E-18   0.106449E-16   0.454633E-17   0.172936E-20   0.743117E-26   0.129442E-28   0.223618E-31   0.430018E-31   0.162324E-29   0.171946E-30   0.402068E-29   0.634371E-29
   0.116667E+01   0.144733E-38   0.233630E-38   0.394378E-38   0.426704E-38   0.614987E-38   0.261661E-34   0.152896E-37   0.104665E-33   0.517547E-37   0.418659E-33   0.142319E-36   0.167464E-32   0.338595E-33   0.106222E-26   0.161092E-22   0.299268E-21   0.195858E-21   0.158236E-25   0.994967E-31   0.110236E-32   0.214173E-31   0.171476E-29   0.330090E-33   0.685920E-29   0.469103E-33   0.789510E-33
   0.116667E+01   0.682977E-37   0.112703E-36   0.184347E-36   0.200763E-36   0.272470E-36   0.261663E-34   0.726697E-36   0.104664E-33   0.189154E-35   0.418657E-33   0.487286E-35   0.167464E-32   0.125316E-31   0.356601E-25   0.430347E-21   0.139938E-19   0.617755E-20   0.231471E-23   0.971703E-29   0.176931E-31   0.213872E-31   0.429402E-31   0.232085E-32   0.171860E-30   0.538233E-32   0.903002E-32
   0.116667E+01   0.315104E-35   0.523209E-35   0.859934E-35   0.939050E-35   0.127705E-34   0.261663E-34   0.341642E-34   0.104665E-33   0.890222E-34   0.418659E-33   0.228636E-33   0.167464E-32   0.595801E-30   0.166155E-23   0.200505E-19   0.663597E-18   0.283696E-18   0.107948E-21   0.464053E-27   0.809183E-30   0.214483E-31   0.429525E-31   0.101636E-30   0.171761E-30   0.252031E-30   0.397765E-30
   0.116667E+01   0.141071E-33   0.235731E-33   0.389408E-33   0.426928E-33   0.582463E-33   0.655737E-36   0.156542E-32   0.262351E-35   0.409082E-32   0.104948E-34   0.105254E-31   0.419732E-34   0.274597E-28   0.765699E-22   0.924257E-18   0.305983E-16   0.130827E-16   0.497923E-20   0.214065E-25   0.373292E-28   0.242010E-31   0.431097E-31   0.468475E-29   0.172106E-30   0.116065E-28   0.183141E-28
   0.116667E+01   0.623166E-32   0.104795E-31   0.173992E-31   0.191522E-31   0.262142E-31   0.669608E-36   0.707805E-31   0.268219E-35   0.185509E-30   0.107340E-34   0.478183E-30   0.429392E-34   0.124899E-26   0.348290E-20   0.420580E-16   0.139280E-14   0.595669E-15   0.226710E-18   0.974635E-24   0.170025E-26   0.149729E-30   0.496085E-31   0.213455E-27   0.184272E-30   0.528860E-27   0.834520E-27
   0.116667E+01   0.577553E-31   0.944099E-31   0.153235E-30   0.167923E-30   0.227685E-30   0.781045E-36   0.601901E-30   0.313415E-35   0.155669E-29   0.125599E-34   0.397922E-29   0.502938E-34   0.101498E-25   0.282958E-19   0.341072E-15   0.112790E-13   0.480718E-14   0.182018E-17   0.781623E-23   0.135993E-25   0.113890E-29   0.100527E-30   0.172058E-26   0.279390E-30   0.426127E-26   0.672313E-26
   0.116667E+01   0.352795E-38   0.590686E-38   0.958616E-38   0.104501E-37   0.145405E-37   0.261662E-34   0.386959E-37   0.104664E-33   0.100994E-36   0.418660E-33   0.244365E-36   0.167463E-32   0.727618E-33   0.231411E-26   0.250269E-22   0.104145E-20   0.380292E-21   0.115283E-24   0.509921E-30   0.165405E-32   0.214145E-31   0.171477E-29   0.383688E-33   0.685921E-29   0.469103E-33   0.641477E-33
   0.116667E+01   0.163175E-36   0.270863E-36   0.445042E-36   0.486055E-36   0.661250E-36   0.261661E-34   0.176930E-35   0.104665E-33   0.461451E-35   0.418657E-33   0.118693E-34   0.167462E-32   0.308950E-31   0.865516E-25   0.104394E-20   0.347749E-19   0.148840E-19   0.564209E-23   0.242648E-28   0.424977E-31   0.213932E-31   0.429587E-31   0.542914E-32   0.171872E-30   0.134311E-31   0.207246E-31
   0.116667E+01   0.887676E-35   0.148271E-34   0.244852E-34   0.268377E-34   0.366078E-34   0.261663E-34   0.983574E-34   0.104664E-33   0.256989E-33   0.104918E-34   0.661157E-33   0.419401E-34   0.172475E-29   0.480962E-23   0.580557E-19   0.192211E-17   0.821820E-18   0.312770E-21   0.134460E-26   0.234493E-29   0.215627E-31   0.429495E-31   0.294360E-30   0.171835E-30   0.729578E-30   0.115140E-29
   0.116667E+01   0.389735E-33   0.655132E-33   0.108737E-32   0.119661E-32   0.163750E-32   0.656255E-36   0.442006E-32   0.262558E-35   0.115824E-31   0.105031E-34   0.298522E-31   0.420123E-34   0.779674E-28   0.217418E-21   0.262538E-17   0.869408E-16   0.371823E-16   0.141533E-19   0.608541E-25   0.106146E-27   0.293871E-31   0.433501E-31   0.133235E-28   0.172599E-30   0.330106E-28   0.520897E-28
   0.116667E+01   0.170585E-31   0.288542E-31   0.481302E-31   0.531992E-31   0.730423E-31   0.689639E-36   0.198068E-30   0.276307E-35   0.520525E-30   0.110605E-34   0.134404E-29   0.442693E-34   0.351145E-26   0.979244E-20   0.118292E-15   0.391848E-14   0.167606E-14   0.636992E-18   0.273622E-23   0.477668E-26   0.382896E-30   0.612010E-31   0.601083E-27   0.205016E-30   0.148935E-26   0.235018E-26
   0.116667E+01   0.124619E-30   0.210025E-30   0.349179E-30   0.395066E-30   0.546420E-30   0.936962E-36   0.147620E-29   0.379449E-35   0.387020E-29   0.152321E-34   0.997803E-29   0.612265E-34   0.250843E-25   0.699458E-19   0.844590E-15   0.279693E-13   0.119086E-13   0.451235E-17   0.193754E-22   0.337053E-25   0.314606E-29   0.199944E-30   0.428561E-26   0.456291E-30   0.106166E-25   0.167515E-25
   0.116667E+01   0.891031E-30   0.142013E-29   0.225940E-29   0.274307E-29   0.376030E-29   0.108275E-34   0.974341E-29   0.441957E-34   0.248839E-28   0.176714E-33   0.631070E-28   0.712591E-33   0.139150E-24   0.387798E-18   0.466668E-14   0.154131E-12   0.650190E-13   0.248679E-16   0.106550E-21   0.185228E-24   0.734898E-28   0.558953E-29   0.234086E-25   0.101700E-28   0.579429E-25   0.913733E-25
   0.116667E+01   0.455504E-40   0.822846E-40   0.182202E-39   0.364403E-39   0.854909E-39   0.261663E-34   0.323155E-38   0.104665E-33   0.106696E-37   0.418654E-33   0.426783E-37   0.167462E-32   0.900518E-34   0.474203E-27   0.632863E-23   0.299268E-21   0.201780E-21   0.323238E-24   0.000000E+00   0.816507E-33   0.214057E-31   0.171479E-29   0.260706E-33   0.685920E-29   0.444413E-33   0.789510E-33
   0.116667E+01   0.448220E-36   0.748381E-36   0.123550E-35   0.135403E-35   0.184695E-35   0.261662E-34   0.496213E-35   0.104665E-33   0.129663E-34   0.418660E-33   0.333703E-34   0.167462E-32   0.870116E-31   0.242944E-24   0.293562E-20   0.972262E-19   0.416081E-19   0.158276E-22   0.680060E-28   0.118898E-30   0.213916E-31   0.429464E-31   0.148480E-31   0.171835E-30   0.371825E-31   0.589665E-31
   0.116667E+01   0.203009E-34   0.341113E-34   0.565986E-34   0.622691E-34   0.851948E-34   0.655314E-36   0.229896E-33   0.262182E-35   0.602316E-33   0.104910E-34   0.155223E-32   0.419642E-34   0.405373E-29   0.113043E-22   0.136501E-18   0.452036E-17   0.193324E-17   0.735845E-21   0.316385E-26   0.551881E-29   0.218040E-31   0.429864E-31   0.692798E-30   0.171860E-30   0.171677E-29   0.270930E-29
   0.116667E+01   0.879064E-33   0.148648E-32   0.247896E-32   0.273825E-32   0.375852E-32   0.657101E-36   0.101894E-31   0.262803E-35   0.267738E-31   0.105121E-34   0.691255E-31   0.420605E-34   0.180738E-27   0.504028E-21   0.608853E-17   0.201684E-15   0.862773E-16   0.328453E-19   0.141239E-24   0.246425E-27   0.400116E-31   0.438554E-31   0.309370E-28   0.173425E-30   0.766550E-28   0.120961E-27
   0.116667E+01   0.450726E-31   0.766551E-31   0.128417E-30   0.142677E-30   0.196588E-30   0.728007E-36   0.535150E-30   0.292275E-35   0.140982E-29   0.117015E-34   0.364587E-29   0.468693E-34   0.950980E-26   0.265213E-19   0.320479E-15   0.106189E-13   0.454182E-14   0.172186E-17   0.739286E-23   0.128998E-25   0.101072E-29   0.914548E-31   0.163027E-26   0.256859E-30   0.403963E-26   0.637463E-26
   0.116667E+01   0.281108E-30   0.471184E-30   0.779715E-30   0.900453E-30   0.125089E-29   0.125684E-35   0.336333E-29   0.513757E-35   0.879065E-29   0.206488E-34   0.226192E-28   0.833205E-34   0.549281E-25   0.153148E-18   0.184835E-14   0.611873E-13   0.259639E-13   0.986854E-17   0.423452E-22   0.736367E-25   0.870062E-29   0.466626E-30   0.936330E-26   0.909809E-30   0.231914E-25   0.365892E-25
   0.116667E+01   0.111185E-29   0.176613E-29   0.280260E-29   0.340844E-29   0.465464E-29   0.228275E-34   0.120309E-28   0.935729E-34   0.306807E-28   0.373383E-33   0.777426E-28   0.150816E-32   0.171083E-24   0.476778E-18   0.573631E-14   0.189427E-12   0.799437E-13   0.305710E-16   0.130991E-21   0.227734E-24   0.108010E-27   0.154805E-28   0.287544E-25   0.268950E-28   0.711736E-25   0.112226E-24
   0.116667E+01   0.455504E-40   0.822846E-40   0.182202E-39   0.364403E-39   0.922453E-39   0.261660E-34   0.321961E-38   0.104664E-33   0.125025E-37   0.418656E-33   0.500099E-37   0.167463E-32   0.900518E-34   0.474203E-27   0.604097E-23   0.299268E-21   0.224774E-21   0.316459E-24   0.000000E+00   0.720830E-33   0.213922E-31   0.171477E-29   0.227210E-33   0.685915E-29   0.444413E-33   0.789510E-33
   0.116667E+01   0.101386E-38   0.165157E-38   0.275653E-38   0.320910E-38   0.451903E-38   0.261662E-34   0.131861E-37   0.104664E-33   0.395789E-37   0.418658E-33   0.122204E-36   0.167462E-32   0.212522E-33   0.106222E-26   0.719163E-23   0.299268E-21   0.195886E-21   0.158231E-25   0.621854E-31   0.105010E-32   0.213854E-31   0.429433E-31   0.243097E-33   0.171847E-30   0.444413E-33   0.592132E-33
   0.116667E+01   0.539214E-37   0.911537E-37   0.151974E-36   0.168143E-36   0.230891E-36   0.655643E-36   0.626680E-36   0.262163E-35   0.165397E-35   0.104888E-34   0.428370E-35   0.419612E-34   0.111736E-31   0.308422E-25   0.374540E-21   0.124735E-19   0.535259E-20   0.206604E-23   0.883033E-29   0.157761E-31   0.213762E-31   0.429556E-31   0.211446E-32   0.171847E-30   0.533295E-32   0.750043E-32
   0.116667E+01   0.231600E-32   0.393966E-32   0.660131E-32   0.731917E-32   0.100768E-31   0.658418E-36   0.274370E-31   0.263442E-35   0.722918E-31   0.105384E-34   0.186969E-30   0.421447E-34   0.489390E-27   0.136484E-20   0.164930E-16   0.546498E-15   0.233844E-15   0.890340E-19   0.382900E-24   0.668237E-27   0.721130E-31   0.454116E-31   0.839086E-28   0.175976E-30   0.207921E-27   0.328107E-27
   0.116667E+01   0.981044E-31   0.167641E-30   0.281893E-30   0.314923E-30   0.435427E-30   0.774932E-36   0.118915E-29   0.312042E-35   0.313912E-29   0.124892E-34   0.812839E-29   0.501012E-34   0.211384E-25   0.589534E-19   0.712575E-15   0.236158E-13   0.100982E-13   0.382165E-17   0.164122E-22   0.286020E-25   0.227517E-29   0.151211E-30   0.362809E-26   0.353494E-30   0.899035E-26   0.141871E-25
   0.116667E+01   0.460130E-31   0.762516E-31   0.125012E-30   0.148286E-30   0.206508E-30   0.756078E-36   0.550214E-30   0.304425E-35   0.142974E-29   0.121868E-34   0.366527E-29   0.488945E-34   0.850221E-26   0.237022E-19   0.285829E-15   0.945603E-14   0.399859E-14   0.152493E-17   0.653824E-23   0.113670E-25   0.206149E-29   0.140315E-30   0.144394E-26   0.334204E-30   0.357560E-26   0.564043E-26
   0.116667E+01   0.123108E-29   0.195118E-29   0.309098E-29   0.374561E-29   0.510355E-29   0.428619E-34   0.131746E-28   0.176472E-33   0.335694E-28   0.700355E-33   0.850107E-28   0.283378E-32   0.187627E-24   0.522874E-18   0.629012E-14   0.207694E-12   0.876988E-13   0.335250E-16   0.143661E-21   0.249775E-24   0.126910E-27   0.408393E-28   0.315172E-25   0.683223E-28   0.780112E-25   0.122999E-24
   0.116667E+01   0.617337E-34   0.103645E-33   0.171859E-33   0.188982E-33   0.258453E-33   0.261662E-34   0.697011E-33   0.104664E-33   0.182543E-32   0.418658E-33   0.470315E-32   0.167462E-32   0.122806E-28   0.342451E-22   0.413489E-18   0.136921E-16   0.585545E-17   0.222876E-20   0.958245E-26   0.167141E-28   0.226547E-31   0.430080E-31   0.209799E-29   0.171934E-30   0.519815E-29   0.820256E-29
   0.116667E+01   0.470409E-34   0.794804E-34   0.132461E-33   0.146242E-33   0.200649E-33   0.261662E-34   0.543640E-33   0.104665E-33   0.142794E-32   0.418662E-33   0.368584E-32   0.167463E-32   0.963553E-29   0.268709E-22   0.324579E-18   0.107514E-16   0.459915E-17   0.175081E-20   0.752849E-26   0.131352E-28   0.223767E-31   0.430049E-31   0.164912E-29   0.171884E-30   0.408623E-29   0.644852E-29
   0.116667E+01   0.193288E-32   0.328660E-32   0.550525E-32   0.610237E-32   0.839978E-32   0.657336E-36   0.228642E-31   0.262934E-35   0.602317E-31   0.105181E-34   0.155759E-30   0.420906E-34   0.407665E-27   0.113692E-20   0.137384E-16   0.455214E-15   0.194780E-15   0.741597E-19   0.318924E-24   0.556587E-27   0.638395E-31   0.450295E-31   0.698884E-28   0.175175E-30   0.173179E-27   0.273282E-27
   0.116667E+01   0.356141E-28   0.609425E-28   0.102601E-27   0.114186E-27   0.157684E-27   0.310788E-34   0.431211E-27   0.130027E-33   0.113929E-26   0.517576E-33   0.295164E-26   0.210770E-32   0.773410E-23   0.215704E-16   0.260759E-12   0.864281E-11   0.369912E-11   0.140826E-14   0.605545E-20   0.105728E-22   0.806916E-27   0.391433E-28   0.132826E-23   0.631271E-28   0.329158E-23   0.519435E-23
   0.116667E+01   0.185671E-28   0.318251E-28   0.536373E-28   0.603324E-28   0.836964E-28   0.168618E-34   0.228993E-27   0.708766E-34   0.605167E-27   0.282298E-33   0.156808E-26   0.115179E-32   0.404861E-23   0.112913E-16   0.136496E-12   0.452413E-11   0.193290E-11   0.731251E-15   0.314094E-20   0.546884E-23   0.456130E-27   0.221211E-28   0.695238E-24   0.355517E-28   0.172278E-23   0.271860E-23
   0.116667E+01   0.336190E-29   0.551237E-29   0.896055E-29   0.105481E-28   0.145343E-28   0.835785E-35   0.383684E-28   0.352313E-34   0.991073E-28   0.140314E-33   0.253099E-27   0.573171E-33   0.591324E-24   0.164835E-17   0.198643E-13   0.656803E-12   0.278171E-12   0.106055E-15   0.454755E-21   0.790850E-24   0.212728E-27   0.113518E-28   0.100119E-24   0.181896E-28   0.247907E-24   0.391039E-24
   0.116667E+01   0.115566E-26   0.182920E-26   0.289301E-26   0.307276E-26   0.408440E-26   0.548110E-31   0.105405E-25   0.220851E-30   0.268463E-25   0.848597E-30   0.679612E-25   0.340486E-29   0.174784E-21   0.487138E-15   0.585972E-11   0.193455E-09   0.824887E-10   0.313022E-13   0.134373E-18   0.233851E-21   0.952992E-25   0.627752E-25   0.293552E-22   0.113326E-24   0.726785E-22   0.114655E-21
   0.116667E+01   0.000000E+00   0.000000E+00   0.000000E+00   0.000000E+00   0.000000E+00   0.000000E+00   0.000000E+00   0.000000E+00   0.000000E+00   0.000000E+00   0.000000E+00   0.000000E+00   0.000000E+00   0.000000E+00   0.000000E+00   0.000000E+00   0.000000E+00   0.000000E+00   0.000000E+00   0.000000E+00   0.000000E+00   0.000000E+00   0.000000E+00   0.000000E+00   0.000000E+00   0.000000E+00
   0.116667E+01   0.241619E-26   0.478836E-26   0.950642E-26   0.187607E-25   0.373293E-25   0.738920E-25   0.148777E-24   0.295568E-24   0.593671E-24   0.118227E-23   0.237097E-23   0.472909E-23   0.573468E-20   0.301573E-13   0.457213E-09   0.190422E-07   0.100050E-07   0.316658E-11   0.142491E-16   0.253751E-19   0.240006E-20   0.484256E-20   0.981970E-20   0.193702E-19   0.388119E-19   0.775559E-19
   0.133333E+01   0.218750E-25   0.437500E-25   0.875000E-25   0.175000E-24   0.350000E-24   0.700000E-24   0.140000E-23   0.280000E-23   0.560001E-23   0.112000E-22   0.224000E-22   0.448000E-22   0.510724E-19   0.270212E-12   0.413242E-08   0.173080E-06   0.102028E-06   0.415275E-10   0.349076E-15   0.156230E-18   0.229252E-19   0.458748E-19   0.931949E-19   0.183499E-18   0.367682E-18   0.734698E-18
   0.133333E+01   0.298282E-39   0.446688E-39   0.658277E-39   0.123427E-38   0.110019E-38   0.261665E-34   0.304150E-38   0.104665E-33   0.119182E-37   0.418657E-33   0.476729E-37   0.167464E-32   0.849028E-34   0.449200E-27   0.686974E-23   0.287376E-21   0.233595E-21   0.322656E-24   0.637508E-31   0.304428E-32   0.856874E-30   0.171480E-29   0.260462E-33   0.685916E-29   0.444499E-33   0.789610E-33
   0.133333E+01   0.149890E-37   0.242622E-37   0.391146E-37   0.488888E-37   0.629281E-37   0.261661E-34   0.174318E-36   0.104664E-33   0.469697E-36   0.418656E-33   0.120772E-35   0.167464E-32   0.247237E-32   0.659425E-26   0.821621E-22   0.293124E-20   0.130178E-20   0.617514E-24   0.497257E-29   0.467433E-32   0.215130E-31   0.171477E-29   0.706103E-33   0.685917E-29   0.108655E-32   0.212208E-32
   0.133333E+01   0.934518E-39   0.148994E-38   0.248029E-38   0.332665E-38   0.396496E-38   0.261663E-34   0.120983E-37   0.104665E-33   0.401180E-37   0.418661E-33   0.762126E-37   0.167463E-32   0.190182E-33   0.449200E-27   0.686974E-23   0.287376E-21   0.251646E-21   0.155154E-25   0.159377E-30   0.314381E-32   0.856871E-30   0.171477E-29   0.311293E-33   0.685920E-29   0.469193E-33   0.789610E-33
   0.133333E+01   0.457311E-37   0.748878E-37   0.121811E-36   0.152967E-36   0.200601E-36   0.261663E-34   0.556868E-36   0.104664E-33   0.146100E-35   0.418657E-33   0.378210E-35   0.167463E-32   0.776351E-32   0.219928E-25   0.262149E-21   0.908109E-20   0.427959E-20   0.202202E-23   0.165115E-28   0.945868E-32   0.215167E-31   0.171477E-29   0.165341E-32   0.685918E-29   0.377824E-32   0.611948E-32
   0.133333E+01   0.219237E-35   0.361150E-35   0.590167E-35   0.743240E-35   0.975904E-35   0.261663E-34   0.271655E-34   0.104665E-33   0.720503E-34   0.418657E-33   0.186445E-33   0.167465E-32   0.377896E-30   0.105857E-23   0.128769E-19   0.428432E-18   0.205153E-18   0.100260E-21   0.802496E-27   0.351615E-30   0.214870E-31   0.429556E-31   0.683837E-31   0.171823E-30   0.169502E-30   0.267579E-30
   0.133333E+01   0.111105E-33   0.180676E-33   0.292206E-33   0.364993E-33   0.476078E-33   0.655455E-36   0.131261E-32   0.262220E-35   0.346026E-32   0.104918E-34   0.891918E-32   0.419552E-34   0.180336E-28   0.504980E-22   0.613694E-18   0.203983E-16   0.976089E-17   0.476967E-20   0.381689E-25   0.166148E-28   0.217564E-31   0.430573E-31   0.324448E-29   0.172020E-30   0.802508E-29   0.126571E-28
   0.133333E+01   0.290200E-38   0.472843E-38   0.762896E-38   0.995644E-38   0.124270E-37   0.261661E-34   0.351318E-37   0.104665E-33   0.995265E-37   0.418659E-33   0.262689E-36   0.167464E-32   0.560358E-33   0.150931E-26   0.244563E-22   0.643723E-21   0.411300E-21   0.992952E-25   0.860636E-30   0.334068E-32   0.856865E-30   0.171477E-29   0.363143E-33   0.685918E-29   0.469193E-33   0.789610E-33
   0.133333E+01   0.136820E-36   0.225301E-36   0.368106E-36   0.463603E-36   0.608920E-36   0.261663E-34   0.169615E-35   0.104664E-33   0.450057E-35   0.418657E-33   0.116663E-34   0.167464E-32   0.236301E-31   0.664816E-25   0.802935E-21   0.270708E-19   0.127516E-19   0.623222E-23   0.507138E-28   0.241567E-31   0.214762E-31   0.429649E-31   0.439709E-32   0.171897E-30   0.108902E-31   0.179143E-31
   0.133333E+01   0.632087E-35   0.104735E-34   0.171953E-34   0.217355E-34   0.286245E-34   0.261663E-34   0.800241E-34   0.104665E-33   0.212817E-33   0.418659E-33   0.551617E-33   0.167464E-32   0.111927E-29   0.313493E-23   0.381463E-19   0.126919E-17   0.607891E-18   0.297148E-21   0.237880E-26   0.103833E-29   0.214823E-31   0.429649E-31   0.202626E-30   0.171835E-30   0.501468E-30   0.791485E-30
   0.133333E+01   0.283145E-33   0.472106E-33   0.778992E-33   0.988577E-33   0.130605E-32   0.656114E-36   0.366813E-32   0.262351E-35   0.978346E-32   0.104948E-34   0.254048E-31   0.419822E-34   0.516072E-28   0.144542E-21   0.175939E-17   0.585535E-16   0.280501E-16   0.137142E-19   0.109800E-24   0.478443E-28   0.222861E-31   0.432145E-31   0.935097E-29   0.172316E-30   0.231354E-28   0.364923E-28
   0.133333E+01   0.125277E-31   0.210191E-31   0.348560E-31   0.444110E-31   0.588620E-31   0.674639E-36   0.166082E-30   0.270063E-35   0.444259E-30   0.108138E-34   0.115573E-29   0.432732E-34   0.235027E-26   0.658301E-20   0.801609E-16   0.266864E-14   0.127873E-14   0.624971E-18   0.500239E-23   0.218051E-26   0.585155E-31   0.553924E-31   0.426607E-27   0.193984E-30   0.105555E-26   0.166497E-26
   0.133333E+01   0.124800E-30   0.203474E-30   0.329741E-30   0.417046E-30   0.548736E-30   0.839208E-36   0.151253E-29   0.337038E-35   0.398764E-29   0.135184E-34   0.102807E-28   0.541607E-34   0.204760E-25   0.573355E-19   0.696875E-15   0.231660E-13   0.110554E-13   0.538344E-17   0.430448E-22   0.187291E-25   0.375348E-30   0.161481E-30   0.368565E-26   0.381979E-30   0.911541E-26   0.143762E-25
   0.133333E+01   0.685754E-38   0.114199E-37   0.184905E-37   0.237685E-37   0.310680E-37   0.261663E-34   0.888190E-37   0.104664E-33   0.236410E-36   0.418657E-33   0.619136E-36   0.167463E-32   0.119204E-32   0.339595E-26   0.409436E-22   0.139090E-20   0.859513E-21   0.316888E-24   0.226316E-29   0.377618E-32   0.856860E-30   0.171478E-29   0.484477E-33   0.685916E-29   0.113594E-32   0.177662E-32
   0.133333E+01   0.319808E-36   0.529728E-36   0.869466E-36   0.109893E-35   0.144726E-35   0.261663E-34   0.404544E-35   0.104665E-33   0.107598E-34   0.418657E-33   0.279071E-34   0.167463E-32   0.566437E-31   0.158909E-24   0.193507E-20   0.644643E-19   0.309262E-19   0.150834E-22   0.120808E-27   0.547412E-31   0.214791E-31   0.429526E-31   0.102674E-31   0.171872E-30   0.255093E-31   0.412571E-31
   0.133333E+01   0.177931E-34   0.296556E-34   0.489171E-34   0.620624E-34   0.819770E-34   0.261662E-34   0.230169E-33   0.104665E-33   0.613787E-33   0.104865E-34   0.159365E-32   0.419521E-34   0.323709E-29   0.906683E-23   0.110359E-18   0.367292E-17   0.175952E-17   0.860216E-21   0.688713E-26   0.300292E-29   0.215222E-31   0.429711E-31   0.586639E-30   0.171810E-30   0.145176E-29   0.229021E-29
   0.133333E+01   0.781667E-33   0.131097E-32   0.217332E-32   0.276829E-32   0.366828E-32   0.656631E-36   0.103472E-31   0.262709E-35   0.276731E-31   0.105061E-34   0.719831E-31   0.420214E-34   0.146387E-27   0.410022E-21   0.499270E-17   0.166209E-15   0.796434E-16   0.389440E-19   0.311834E-24   0.135910E-27   0.237782E-31   0.437291E-31   0.265686E-28   0.173203E-30   0.657382E-28   0.103693E-27
   0.133333E+01   0.342576E-31   0.578027E-31   0.962869E-31   0.123193E-30   0.163822E-30   0.701064E-36   0.464106E-30   0.281122E-35   0.124464E-29   0.112486E-34   0.324316E-29   0.450397E-34   0.659563E-26   0.184749E-19   0.225047E-15   0.749415E-14   0.359121E-14   0.175180E-17   0.140116E-22   0.610701E-26   0.125500E-30   0.773695E-31   0.119908E-26   0.231726E-30   0.296705E-26   0.468018E-26
   0.133333E+01   0.263677E-30   0.442297E-30   0.732955E-30   0.953303E-30   0.128002E-29   0.106575E-35   0.359511E-29   0.432995E-35   0.959148E-29   0.174026E-34   0.249155E-28   0.700617E-34   0.490656E-25   0.137416E-18   0.167290E-14   0.556843E-13   0.265344E-13   0.129376E-16   0.103418E-21   0.449924E-25   0.100409E-29   0.367132E-30   0.889555E-26   0.733364E-30   0.220052E-25   0.347079E-25
   0.133333E+01   0.156598E-29   0.248720E-29   0.394747E-29   0.535581E-29   0.710952E-29   0.153236E-34   0.191536E-28   0.625728E-34   0.497960E-28   0.250188E-33   0.127278E-27   0.100900E-32   0.227155E-24   0.635841E-18   0.771483E-14   0.256127E-12   0.120990E-12   0.595031E-16   0.474654E-21   0.206333E-24   0.341257E-28   0.113875E-28   0.405630E-25   0.197381E-28   0.100261E-24   0.158067E-24
   0.133333E+01   0.455504E-40   0.822846E-40   0.182202E-39   0.364403E-39   0.972442E-39   0.261660E-34   0.370168E-38   0.104665E-33   0.106693E-37   0.418658E-33   0.426772E-37   0.167463E-32   0.849028E-34   0.449200E-27   0.604537E-23   0.287376E-21   0.245541E-21   0.465434E-25   0.956263E-31   0.249060E-32   0.214874E-31   0.171478E-29   0.229641E-33   0.685918E-29   0.444499E-33   0.789610E-33
   0.133333E+01   0.874677E-36   0.145725E-35   0.240298E-35   0.304812E-35   0.402573E-35   0.261662E-34   0.113012E-34   0.104665E-33   0.301342E-34   0.418658E-33   0.782505E-34   0.167464E-32   0.158928E-30   0.445427E-24   0.542435E-20   0.180599E-18   0.865616E-19   0.422961E-22   0.338581E-27   0.149644E-30   0.214729E-31   0.429649E-31   0.289625E-31   0.171847E-30   0.711948E-31   0.113506E-30
   0.133333E+01   0.398097E-34   0.667401E-34   0.110606E-33   0.140849E-33   0.186603E-33   0.655596E-36   0.526199E-33   0.262276E-35   0.140704E-32   0.104888E-34   0.365956E-32   0.419642E-34   0.744159E-29   0.208438E-22   0.253803E-18   0.844906E-17   0.404854E-17   0.197963E-20   0.158512E-25   0.691049E-29   0.215899E-31   0.429803E-31   0.135061E-29   0.171897E-30   0.334201E-29   0.527193E-29
   0.133333E+01   0.172523E-32   0.291045E-32   0.484759E-32   0.619761E-32   0.823713E-32   0.657524E-36   0.233353E-31   0.263028E-35   0.625800E-31   0.105219E-34   0.163064E-30   0.420755E-34   0.331975E-27   0.929892E-21   0.113272E-16   0.377198E-15   0.180792E-15   0.884142E-19   0.708033E-24   0.308667E-27   0.267132E-31   0.446659E-31   0.603526E-28   0.174694E-30   0.149339E-27   0.235566E-27
   0.133333E+01   0.900813E-31   0.152788E-30   0.255570E-30   0.328452E-30   0.438367E-30   0.751940E-36   0.124620E-29   0.302281E-35   0.334948E-29   0.121018E-34   0.874021E-29   0.485214E-34   0.177596E-25   0.497482E-19   0.606184E-15   0.201913E-13   0.967483E-14   0.470920E-17   0.376619E-22   0.164046E-25   0.305712E-30   0.135292E-30   0.323327E-26   0.327745E-30   0.800087E-26   0.126207E-25
   0.133333E+01   0.571354E-30   0.951782E-30   0.156799E-29   0.206740E-29   0.278808E-29   0.153068E-35   0.777226E-29   0.628033E-35   0.206415E-28   0.252725E-34   0.534699E-28   0.102137E-33   0.102482E-24   0.286982E-18   0.349168E-14   0.116173E-12   0.551567E-13   0.269834E-16   0.215520E-21   0.937324E-25   0.274030E-29   0.923790E-30   0.185300E-25   0.165260E-29   0.458285E-25   0.722777E-25
   0.133333E+01   0.190869E-29   0.302276E-29   0.478668E-29   0.650455E-29   0.860298E-29   0.327586E-34   0.231385E-28   0.134323E-33   0.600905E-28   0.536021E-33   0.153485E-27   0.216529E-32   0.273332E-24   0.765084E-18   0.928136E-14   0.308090E-12   0.145609E-12   0.715907E-16   0.571122E-21   0.248271E-24   0.811851E-28   0.320237E-28   0.487707E-25   0.536952E-28   0.120547E-24   0.190034E-24
   0.133333E+01   0.455504E-40   0.822846E-40   0.182202E-39   0.364403E-39   0.898928E-39   0.261660E-34   0.368974E-38   0.104665E-33   0.132546E-37   0.418661E-33   0.515135E-37   0.167465E-32   0.849028E-34   0.449200E-27   0.577058E-23   0.287376E-21   0.214849E-21   0.310291E-25   0.318754E-31   0.246766E-32   0.214800E-31   0.171479E-29   0.207737E-33   0.685913E-29   0.444499E-33   0.789610E-33
   0.133333E+01   0.194985E-38   0.331489E-38   0.531323E-38   0.690015E-38   0.915047E-38   0.261661E-34   0.280443E-37   0.104666E-33   0.802038E-37   0.418655E-33   0.177875E-36   0.167464E-32   0.441494E-33   0.100621E-26   0.153882E-22   0.609238E-21   0.214863E-21   0.682644E-25   0.637508E-30   0.273787E-32   0.214728E-31   0.429556E-31   0.243389E-33   0.171860E-30   0.444499E-33   0.592207E-33
   0.133333E+01   0.106319E-36   0.179307E-36   0.298587E-36   0.381812E-36   0.507720E-36   0.655549E-36   0.143899E-35   0.262201E-35   0.386164E-35   0.104903E-34   0.100871E-34   0.419491E-34   0.205363E-31   0.578030E-25   0.705660E-21   0.235534E-19   0.112529E-19   0.557285E-23   0.434933E-28   0.214337E-31   0.214574E-31   0.429402E-31   0.391022E-32   0.171823E-30   0.928508E-32   0.149039E-31
   0.133333E+01   0.452827E-32   0.768400E-32   0.128585E-31   0.165006E-31   0.219964E-31   0.659452E-36   0.625846E-31   0.263781E-35   0.168297E-30   0.105520E-34   0.439287E-30   0.422019E-34   0.895302E-27   0.250795E-20   0.305611E-16   0.101800E-14   0.488055E-15   0.238704E-18   0.191174E-23   0.833647E-27   0.358448E-31   0.475624E-31   0.163037E-27   0.179391E-30   0.403453E-27   0.636417E-27
   0.133333E+01   0.190903E-30   0.325214E-30   0.545852E-30   0.704740E-30   0.943942E-30   0.812736E-36   0.269054E-29   0.327859E-35   0.724372E-29   0.131302E-34   0.189223E-28   0.526952E-34   0.383634E-25   0.107466E-18   0.130979E-14   0.436362E-13   0.209006E-13   0.101625E-16   0.812909E-22   0.353887E-25   0.661271E-30   0.247824E-30   0.699176E-26   0.507111E-30   0.173019E-25   0.272925E-25
   0.133333E+01   0.895530E-31   0.147362E-30   0.240348E-30   0.322275E-30   0.435037E-30   0.804414E-36   0.120007E-29   0.324681E-35   0.316650E-29   0.130008E-34   0.816928E-29   0.522047E-34   0.151332E-25   0.423716E-19   0.515087E-15   0.171263E-13   0.810401E-14   0.397725E-17   0.317420E-22   0.138013E-25   0.669325E-30   0.249892E-30   0.272562E-26   0.508923E-30   0.673936E-26   0.106276E-25
   0.133333E+01   0.208636E-29   0.329810E-29   0.521535E-29   0.707177E-29   0.933268E-29   0.624895E-34   0.250790E-28   0.257412E-33   0.650902E-28   0.102192E-32   0.166182E-27   0.413577E-32   0.296419E-24   0.829698E-18   0.100642E-13   0.334046E-12   0.157953E-12   0.776332E-16   0.619383E-21   0.269256E-24   0.129535E-27   0.832099E-28   0.528656E-25   0.139940E-27   0.130667E-24   0.205979E-24
   0.133333E+01   0.104935E-33   0.175781E-33   0.291126E-33   0.370544E-33   0.490712E-33   0.261662E-34   0.138293E-32   0.104664E-33   0.369649E-32   0.418656E-33   0.961186E-32   0.167462E-32   0.195423E-28   0.547366E-22   0.666459E-18   0.221855E-16   0.106301E-16   0.519772E-20   0.416177E-25   0.181399E-28   0.217961E-31   0.430543E-31   0.354573E-29   0.171995E-30   0.877324E-29   0.138387E-28
   0.133333E+01   0.860515E-34   0.145052E-33   0.241440E-33   0.308524E-33   0.409888E-33   0.261663E-34   0.116050E-32   0.104664E-33   0.311102E-32   0.418662E-33   0.810445E-32   0.167465E-32   0.164968E-28   0.462091E-22   0.562856E-18   0.187426E-16   0.898301E-17   0.439292E-20   0.351782E-25   0.153377E-28   0.217422E-31   0.430573E-31   0.299857E-29   0.171946E-30   0.741994E-29   0.117045E-28
   0.133333E+01   0.330869E-32   0.561224E-32   0.938855E-32   0.120448E-31   0.160533E-31   0.657712E-36   0.456614E-31   0.263028E-35   0.122766E-30   0.105234E-34   0.320404E-30   0.420966E-34   0.652956E-27   0.182908E-20   0.222880E-16   0.742401E-15   0.355920E-15   0.174078E-18   0.139417E-23   0.607943E-27   0.322306E-31   0.464593E-31   0.118891E-27   0.177382E-30   0.294208E-27   0.464092E-27
   0.133333E+01   0.609406E-28   0.104015E-27   0.174874E-27   0.225250E-27   0.301180E-27   0.366347E-34   0.860620E-27   0.153454E-33   0.232061E-26   0.611519E-33   0.606764E-26   0.249151E-32   0.123781E-22   0.346756E-16   0.422702E-12   0.140844E-10   0.675392E-11   0.330154E-14   0.264304E-19   0.115287E-22   0.204384E-27   0.663841E-28   0.225780E-23   0.105842E-27   0.558754E-23   0.881415E-23
   0.133333E+01   0.355157E-28   0.606421E-28   0.101951E-27   0.132324E-27   0.177890E-27   0.226174E-34   0.507313E-27   0.952434E-34   0.136629E-26   0.379903E-33   0.356990E-26   0.155121E-32   0.719366E-23   0.201512E-16   0.245616E-12   0.818320E-11   0.391523E-11   0.190428E-14   0.152322E-19   0.662879E-23   0.131429E-27   0.427003E-28   0.131134E-23   0.679268E-28   0.324496E-23   0.511868E-23
   0.133333E+01   0.579505E-29   0.943740E-29   0.152651E-28   0.203043E-28   0.270594E-28   0.117090E-34   0.741418E-28   0.495001E-34   0.194734E-27   0.197518E-33   0.500851E-27   0.807789E-33   0.933590E-24   0.261382E-17   0.317540E-13   0.105523E-11   0.500415E-12   0.245341E-15   0.195866E-20   0.851623E-24   0.708242E-28   0.230097E-28   0.167657E-24   0.365231E-28   0.414537E-24   0.653661E-24
   0.133333E+01   0.171958E-26   0.271621E-26   0.429075E-26   0.526556E-26   0.677485E-26   0.750843E-31   0.182567E-25   0.303164E-30   0.474372E-25   0.116808E-29   0.121163E-24   0.469081E-29   0.243201E-21   0.680826E-15   0.825788E-11   0.274057E-09   0.130929E-09   0.638435E-13   0.510428E-18   0.222008E-21   0.957564E-25   0.998548E-25   0.433715E-22   0.194030E-24   0.107235E-21   0.169105E-21
   0.133333E+01   0.000000E+00   0.000000E+00   0.000000E+00   0.000000E+00   0.000000E+00   0.000000E+00   0.000000E+00   0.000000E+00   0.000000E+00   0.000000E+00   0.000000E+00   0.000000E+00   0.000000E+00   0.000000E+00   0.000000E+00   0.000000E+00   0.000000E+00   0.000000E+00   0.000000E+00   0.000000E+00   0.000000E+00   0.000000E+00   0.000000E+00   0.000000E+00   0.000000E+00   0.000000E+00
   0.133333E+01   0.247000E-26   0.487349E-26   0.964121E-26   0.189716E-25   0.375894E-25   0.738921E-25   0.149525E-24   0.295568E-24   0.595672E-24   0.118227E-23   0.237615E-23   0.472909E-23   0.541450E-20   0.285888E-13   0.437010E-09   0.182966E-07   0.107826E-07   0.438976E-11   0.368975E-16   0.165129E-19   0.242000E-20   0.484256E-20   0.984183E-20   0.193702E-19   0.388228E-19   0.775710E-19
   0.150000E+01   0.218750E-25   0.437500E-25   0.875000E-25   0.175000E-24   0.350000E-24   0.700000E-24   0.140000E-23   0.280000E-23   0.560001E-23   0.112000E-22   0.224000E-22   0.448000E-22   0.482046E-19   0.256216E-12   0.395097E-08   0.166360E-06   0.108907E-06   0.637008E-10   0.614372E-15   0.532765E-21   0.224220E-19   0.458748E-19   0.933847E-19   0.183500E-18   0.367753E-18   0.734789E-18
   0.150000E+01   0.530442E-39   0.828724E-39   0.141059E-38   0.168096E-38   0.227254E-38   0.261665E-34   0.567342E-38   0.104665E-33   0.161356E-37   0.418657E-33   0.476429E-37   0.167464E-32   0.801354E-34   0.425934E-27   0.656809E-23   0.276186E-21   0.226811E-21   0.141500E-25   0.118966E-30   0.446154E-32   0.836807E-30   0.171477E-29   0.288419E-33   0.685915E-29   0.444583E-33   0.789709E-33
   0.150000E+01   0.277666E-37   0.448157E-37   0.720989E-37   0.971546E-37   0.111099E-36   0.261661E-34   0.331080E-36   0.104664E-33   0.910547E-36   0.418656E-33   0.234504E-35   0.167464E-32   0.413498E-32   0.120284E-25   0.149227E-21   0.480563E-20   0.265854E-20   0.176858E-23   0.164538E-28   0.124647E-33   0.212983E-31   0.171477E-29   0.105241E-32   0.685917E-29   0.244521E-32   0.350433E-32
   0.150000E+01   0.172798E-38   0.279768E-38   0.453153E-38   0.594800E-38   0.744396E-38   0.261663E-34   0.199299E-37   0.104665E-33   0.562853E-37   0.418661E-33   0.169470E-36   0.167463E-32   0.288487E-33   0.954091E-27   0.147125E-22   0.707035E-21   0.246331E-21   0.943327E-25   0.444933E-30   0.114279E-33   0.212926E-31   0.171478E-29   0.314113E-33   0.685920E-29   0.469282E-33   0.789709E-33
   0.150000E+01   0.847590E-37   0.138438E-36   0.224760E-36   0.305064E-36   0.349983E-36   0.261663E-34   0.105086E-35   0.104664E-33   0.289176E-35   0.418657E-33   0.760986E-35   0.167463E-32   0.133826E-31   0.378910E-25   0.457402E-21   0.153780E-19   0.819562E-20   0.582059E-23   0.539739E-28   0.149375E-33   0.212570E-31   0.429587E-31   0.282975E-32   0.685919E-29   0.659465E-32   0.102662E-31
   0.150000E+01   0.406911E-35   0.668529E-35   0.109064E-34   0.148545E-34   0.170750E-34   0.261663E-34   0.514683E-34   0.104665E-33   0.141780E-33   0.418657E-33   0.373323E-33   0.167465E-32   0.655879E-30   0.184494E-23   0.226276E-19   0.756539E-18   0.401741E-18   0.281731E-21   0.258150E-26   0.182445E-32   0.214484E-31   0.429618E-31   0.125821E-30   0.171860E-30   0.311159E-30   0.490853E-30
   0.150000E+01   0.206189E-33   0.334491E-33   0.540157E-33   0.729767E-33   0.833410E-33   0.655455E-36   0.248830E-32   0.262220E-35   0.681312E-32   0.104918E-34   0.178712E-31   0.419552E-34   0.313207E-28   0.880791E-22   0.107928E-17   0.360609E-16   0.191341E-16   0.134152E-19   0.122904E-24   0.815455E-31   0.307207E-31   0.431220E-31   0.597768E-29   0.172155E-30   0.147654E-28   0.232815E-28
   0.150000E+01   0.526034E-38   0.868690E-38   0.138767E-37   0.189137E-37   0.225828E-37   0.261661E-34   0.670094E-37   0.104665E-33   0.179265E-36   0.418659E-33   0.506410E-36   0.167464E-32   0.897516E-33   0.258968E-26   0.317896E-22   0.961126E-21   0.661353E-21   0.499973E-24   0.289064E-29   0.116159E-33   0.212847E-31   0.171477E-29   0.409129E-33   0.685917E-29   0.469282E-33   0.789709E-33
   0.150000E+01   0.253426E-36   0.416201E-36   0.678825E-36   0.924503E-36   0.106287E-35   0.261663E-34   0.320379E-35   0.104664E-33   0.882751E-35   0.418657E-33   0.232579E-34   0.167464E-32   0.408722E-31   0.115224E-24   0.141372E-20   0.469846E-19   0.249687E-19   0.176314E-22   0.161753E-27   0.224141E-33   0.212675E-31   0.429525E-31   0.790593E-32   0.171798E-30   0.199075E-31   0.308480E-31
   0.150000E+01   0.117220E-34   0.193693E-34   0.317453E-34   0.433953E-34   0.500280E-34   0.261663E-34   0.151448E-33   0.104665E-33   0.418318E-33   0.418659E-33   0.110336E-32   0.167464E-32   0.194056E-29   0.545817E-23   0.669641E-19   0.223957E-17   0.118940E-17   0.834216E-21   0.764569E-26   0.537261E-32   0.218417E-31   0.429710E-31   0.372503E-30   0.171835E-30   0.920683E-30   0.145173E-29
   0.150000E+01   0.525421E-33   0.873543E-33   0.143877E-32   0.197448E-32   0.228341E-32   0.656114E-36   0.694437E-32   0.262502E-35   0.192369E-31   0.105023E-34   0.508326E-31   0.420093E-34   0.895060E-28   0.251760E-21   0.308986E-17   0.103369E-15   0.549101E-16   0.385192E-19   0.353065E-24   0.234262E-30   0.484922E-31   0.434363E-31   0.172045E-28   0.172648E-30   0.425089E-28   0.670321E-28
   0.150000E+01   0.232834E-31   0.389466E-31   0.644616E-31   0.888167E-31   0.103047E-30   0.680000E-36   0.314817E-30   0.272338E-35   0.874586E-30   0.109041E-34   0.231523E-29   0.436373E-34   0.408043E-26   0.114779E-19   0.140923E-15   0.471594E-14   0.250566E-14   0.175633E-17   0.160893E-22   0.106820E-28   0.126555E-29   0.648125E-31   0.785693E-27   0.209490E-30   0.194142E-26   0.306147E-26
   0.150000E+01   0.245254E-30   0.398544E-30   0.644402E-30   0.879454E-30   0.101936E-29   0.912136E-36   0.303012E-29   0.366698E-35   0.827829E-29   0.147168E-34   0.216927E-28   0.589786E-34   0.374900E-25   0.105422E-18   0.129188E-14   0.431675E-13   0.228281E-13   0.159589E-16   0.146122E-21   0.967538E-28   0.128822E-28   0.268374E-30   0.715650E-26   0.558510E-30   0.176751E-25   0.278685E-25
   0.150000E+01   0.124852E-37   0.205329E-37   0.335545E-37   0.457385E-37   0.529317E-37   0.261662E-34   0.156996E-36   0.104664E-33   0.446675E-36   0.418659E-33   0.118033E-35   0.167463E-32   0.203223E-32   0.577566E-26   0.759272E-22   0.247462E-20   0.132259E-20   0.844304E-24   0.789320E-29   0.121230E-33   0.212788E-31   0.171477E-29   0.617086E-33   0.685919E-29   0.108676E-32   0.182620E-32
   0.150000E+01   0.580164E-36   0.958298E-36   0.157017E-35   0.214597E-35   0.247386E-35   0.261663E-34   0.748775E-35   0.104665E-33   0.206829E-34   0.418659E-33   0.545587E-34   0.167464E-32   0.959765E-31   0.270161E-24   0.331794E-20   0.111049E-18   0.589660E-19   0.413425E-22   0.379087E-27   0.376325E-33   0.212795E-31   0.429772E-31   0.185900E-31   0.171798E-30   0.456439E-31   0.717162E-31
   0.150000E+01   0.329739E-34   0.547995E-34   0.902289E-34   0.123794E-33   0.143134E-33   0.261663E-34   0.435175E-33   0.104664E-33   0.120528E-32   0.104888E-34   0.318453E-32   0.419582E-34   0.560689E-29   0.157711E-22   0.193558E-18   0.647522E-17   0.343962E-17   0.241285E-20   0.221157E-25   0.153559E-31   0.229555E-31   0.429803E-31   0.107780E-29   0.171897E-30   0.266320E-29   0.419972E-29
   0.150000E+01   0.144953E-32   0.242381E-32   0.401060E-32   0.552409E-32   0.640721E-32   0.657195E-36   0.195700E-31   0.262728E-35   0.543595E-31   0.105136E-34   0.143890E-30   0.420424E-34   0.253640E-27   0.713465E-21   0.875963E-17   0.293132E-15   0.155755E-15   0.109276E-18   0.100173E-23   0.664593E-30   0.985545E-31   0.443022E-31   0.488347E-28   0.174054E-30   0.120669E-27   0.190286E-27
   0.150000E+01   0.635830E-31   0.106936E-30   0.177766E-30   0.245907E-30   0.286382E-30   0.714277E-36   0.878125E-30   0.286482E-35   0.244520E-29   0.114698E-34   0.648275E-29   0.459274E-34   0.114268E-25   0.321439E-19   0.394792E-15   0.132152E-13   0.702171E-14   0.491208E-17   0.449727E-22   0.298756E-28   0.352394E-29   0.103676E-30   0.220364E-26   0.274436E-30   0.544541E-26   0.858719E-26
   0.150000E+01   0.507141E-30   0.846051E-30   0.139646E-29   0.195335E-29   0.231760E-29   0.122543E-35   0.699157E-29   0.499575E-35   0.192847E-28   0.200966E-34   0.508517E-28   0.810124E-34   0.870553E-25   0.244837E-18   0.300477E-14   0.100524E-12   0.530585E-13   0.371560E-16   0.340064E-21   0.225178E-27   0.356476E-28   0.659514E-30   0.167280E-25   0.121067E-29   0.413213E-25   0.651570E-25
   0.150000E+01   0.256040E-29   0.405102E-29   0.641128E-29   0.918330E-29   0.107727E-28   0.208466E-34   0.311489E-28   0.851464E-34   0.837460E-28   0.340444E-33   0.217359E-27   0.137313E-32   0.344831E-24   0.969306E-18   0.118570E-13   0.395661E-12   0.207166E-12   0.146245E-15   0.133558E-20   0.884643E-27   0.274986E-27   0.214363E-28   0.652870E-25   0.361009E-28   0.161144E-24   0.254002E-24
   0.150000E+01   0.107264E-39   0.193957E-39   0.182202E-39   0.364403E-39   0.101900E-38   0.261663E-34   0.398193E-38   0.104664E-33   0.106618E-37   0.418659E-33   0.426473E-37   0.167463E-32   0.801354E-34   0.425934E-27   0.577992E-23   0.276186E-21   0.226856E-21   0.000000E+00   0.278117E-30   0.122920E-33   0.212669E-31   0.171476E-29   0.201657E-33   0.685919E-29   0.444583E-33   0.789709E-33
   0.150000E+01   0.157994E-35   0.262468E-35   0.432026E-35   0.592602E-35   0.685093E-35   0.261662E-34   0.208236E-34   0.104664E-33   0.576678E-34   0.418658E-33   0.152357E-33   0.167464E-32   0.268261E-30   0.754754E-24   0.926574E-20   0.310035E-18   0.164721E-18   0.115504E-21   0.105877E-26   0.856133E-33   0.213291E-31   0.429464E-31   0.517338E-31   0.171897E-30   0.128065E-30   0.202264E-30
   0.150000E+01   0.722577E-34   0.120777E-33   0.199782E-33   0.275106E-33   0.319023E-33   0.655549E-36   0.974125E-33   0.262239E-35   0.270532E-32   0.104926E-34   0.716018E-32   0.419521E-34   0.126205E-28   0.355005E-22   0.435850E-18   0.145851E-16   0.774966E-17   0.543694E-20   0.498400E-25   0.346120E-31   0.250972E-31   0.430234E-31   0.242977E-29   0.172008E-30   0.600412E-29   0.946856E-29
   0.150000E+01   0.313417E-32   0.527091E-32   0.876199E-32   0.121128E-31   0.140906E-31   0.657806E-36   0.432238E-31   0.263235E-35   0.120390E-30   0.105249E-34   0.319224E-30   0.421237E-34   0.563321E-27   0.158465E-20   0.194629E-16   0.651499E-15   0.346265E-15   0.242964E-18   0.222749E-23   0.147801E-29   0.193457E-30   0.459354E-31   0.108640E-27   0.176716E-30   0.268465E-27   0.423359E-27
   0.150000E+01   0.166392E-30   0.281239E-30   0.469372E-30   0.651903E-30   0.762391E-30   0.779917E-36   0.234457E-29   0.313941E-35   0.654119E-29   0.125757E-34   0.173639E-28   0.504292E-34   0.305879E-25   0.860478E-19   0.105716E-14   0.353958E-13   0.188043E-13   0.131298E-16   0.120233E-21   0.798091E-28   0.954385E-29   0.206880E-30   0.590683E-26   0.442758E-30   0.145970E-25   0.230193E-25
   0.150000E+01   0.105686E-29   0.174884E-29   0.286678E-29   0.404493E-29   0.483392E-29   0.187012E-35   0.144210E-28   0.769958E-35   0.395248E-28   0.310075E-34   0.103835E-27   0.125480E-33   0.173870E-24   0.488928E-18   0.599641E-14   0.200508E-12   0.105434E-12   0.740914E-16   0.677481E-21   0.448654E-27   0.944813E-28   0.172469E-29   0.333082E-25   0.294257E-29   0.822577E-25   0.129698E-24
   0.150000E+01   0.306609E-29   0.483899E-29   0.764342E-29   0.109622E-28   0.128028E-28   0.450628E-34   0.369954E-28   0.184818E-33   0.994079E-28   0.737571E-33   0.257897E-27   0.297978E-32   0.408348E-24   0.114783E-17   0.140387E-13   0.468404E-12   0.245382E-12   0.173169E-15   0.158158E-20   0.104767E-26   0.328983E-27   0.608234E-28   0.772600E-25   0.100193E-27   0.190694E-24   0.300565E-24
   0.150000E+01   0.102856E-39   0.193957E-39   0.182202E-39   0.364403E-39   0.103952E-38   0.261660E-34   0.406405E-38   0.104664E-33   0.151279E-37   0.418658E-33   0.544931E-37   0.167462E-32   0.801354E-34   0.425934E-27   0.551720E-23   0.276186E-21   0.239919E-21   0.778256E-24   0.197298E-33   0.157762E-33   0.212477E-31   0.429649E-31   0.222561E-33   0.685919E-29   0.444583E-33   0.789709E-33
   0.150000E+01   0.353824E-38   0.588923E-38   0.974485E-38   0.132948E-37   0.154036E-37   0.261659E-34   0.491073E-37   0.104665E-33   0.143015E-36   0.418656E-33   0.377961E-36   0.167462E-32   0.637877E-33   0.207856E-26   0.228570E-22   0.927984E-21   0.434329E-21   0.235837E-24   0.205676E-29   0.172453E-33   0.212507E-31   0.429495E-31   0.305931E-33   0.171835E-30   0.444583E-33   0.592281E-33
   0.150000E+01   0.194130E-36   0.326364E-36   0.542408E-36   0.749777E-36   0.872476E-36   0.655784E-36   0.267599E-35   0.262239E-35   0.745809E-35   0.104873E-34   0.197935E-34   0.419521E-34   0.349294E-31   0.985099E-25   0.121142E-20   0.402900E-19   0.216776E-19   0.151502E-22   0.138905E-27   0.286058E-33   0.212627E-31   0.429710E-31   0.693847E-32   0.171798E-30   0.168942E-31   0.271956E-31
   0.150000E+01   0.819628E-32   0.138635E-31   0.231523E-31   0.321238E-31   0.374794E-31   0.660580E-36   0.115467E-30   0.264232E-35   0.322484E-30   0.105685E-34   0.856563E-30   0.422832E-34   0.151318E-26   0.425687E-20   0.523029E-16   0.175130E-14   0.931039E-15   0.653304E-18   0.598949E-23   0.397563E-29   0.485553E-30   0.510506E-31   0.292314E-27   0.184987E-30   0.722396E-27   0.113922E-26
   0.150000E+01   0.343572E-30   0.583017E-30   0.976014E-30   0.136094E-29   0.159879E-29   0.856324E-36   0.492507E-29   0.346065E-35   0.137560E-28   0.138637E-34   0.365438E-28   0.557045E-34   0.642423E-25   0.180725E-18   0.222080E-14   0.743693E-13   0.394884E-13   0.275527E-16   0.252379E-21   0.167427E-27   0.207236E-28   0.403959E-30   0.124172E-25   0.755453E-30   0.306857E-25   0.483916E-25
   0.150000E+01   0.159326E-30   0.260304E-30   0.422290E-30   0.601944E-30   0.720230E-30   0.865822E-36   0.212269E-29   0.350504E-35   0.577649E-29   0.140397E-34   0.151097E-28   0.564327E-34   0.246458E-25   0.692941E-19   0.849101E-15   0.283730E-13   0.148725E-13   0.104828E-16   0.957748E-22   0.634521E-28   0.179949E-28   0.445663E-30   0.470256E-26   0.820730E-30   0.116105E-25   0.183048E-25
   0.150000E+01   0.332025E-29   0.523217E-29   0.825476E-29   0.118229E-28   0.137733E-28   0.874028E-34   0.397855E-28   0.360221E-33   0.106870E-27   0.143069E-32   0.277178E-27   0.579130E-32   0.439276E-24   0.123476E-17   0.151005E-13   0.503796E-12   0.264042E-12   0.186278E-15   0.170145E-20   0.112715E-26   0.354373E-27   0.150023E-27   0.830795E-25   0.261652E-27   0.205058E-24   0.323193E-24
   0.150000E+01   0.167731E-33   0.280136E-33   0.463093E-33   0.637374E-33   0.738831E-33   0.261660E-34   0.225464E-32   0.104664E-33   0.625919E-32   0.418661E-33   0.165622E-31   0.167464E-32   0.291879E-28   0.821023E-22   0.100794E-17   0.337279E-16   0.179202E-16   0.125721E-19   0.115243E-24   0.803856E-31   0.301975E-31   0.431220E-31   0.561794E-29   0.172094E-30   0.138816E-28   0.218906E-28
   0.150000E+01   0.147262E-33   0.247464E-33   0.411106E-33   0.568040E-33   0.660532E-33   0.261661E-34   0.202501E-32   0.104664E-33   0.563810E-32   0.418659E-33   0.149463E-31   0.167463E-32   0.263709E-28   0.741826E-22   0.911077E-18   0.304961E-16   0.162077E-16   0.113723E-19   0.104258E-24   0.726751E-31   0.293399E-31   0.431189E-31   0.508481E-29   0.172020E-30   0.125655E-28   0.198152E-28
   0.150000E+01   0.532705E-32   0.900683E-32   0.150368E-31   0.208584E-31   0.243310E-31   0.658088E-36   0.749367E-31   0.263217E-35   0.209250E-30   0.105332E-34   0.555731E-30   0.421237E-34   0.981669E-27   0.276161E-20   0.339303E-16   0.113609E-14   0.603967E-15   0.423834E-18   0.388606E-23   0.257910E-29   0.323045E-30   0.485639E-31   0.189616E-27   0.180747E-30   0.468595E-27   0.738974E-27
   0.150000E+01   0.980643E-28   0.166815E-27   0.279859E-27   0.389756E-27   0.456132E-27   0.428876E-34   0.141119E-26   0.179885E-33   0.395174E-26   0.717819E-33   0.105140E-25   0.292618E-32   0.185891E-22   0.522971E-16   0.642792E-12   0.215293E-10   0.114478E-10   0.802564E-14   0.735282E-19   0.488912E-25   0.572614E-26   0.106131E-27   0.359686E-23   0.169247E-27   0.888949E-23   0.140191E-22
   0.150000E+01   0.627784E-28   0.106690E-27   0.178779E-27   0.250294E-27   0.295648E-27   0.297242E-34   0.909472E-27   0.125400E-33   0.253819E-26   0.501064E-33   0.674015E-26   0.204744E-32   0.117820E-22   0.331441E-16   0.407280E-12   0.136388E-10   0.723208E-11   0.504952E-14   0.462492E-19   0.306809E-25   0.410528E-26   0.764350E-28   0.227711E-23   0.121752E-27   0.562698E-23   0.887372E-23
   0.150000E+01   0.930450E-29   0.150518E-28   0.242264E-28   0.342616E-28   0.402339E-28   0.161218E-34   0.118262E-27   0.683428E-34   0.321067E-27   0.273310E-33   0.838210E-27   0.111899E-32   0.137548E-23   0.386720E-17   0.473577E-13   0.158165E-11   0.831317E-12   0.585098E-15   0.534765E-20   0.354334E-26   0.994011E-27   0.431649E-28   0.261729E-24   0.686697E-28   0.646207E-24   0.101873E-23
   0.150000E+01   0.244226E-26   0.384792E-26   0.606798E-26   0.804654E-26   0.906817E-26   0.100791E-30   0.264347E-25   0.407883E-30   0.713021E-25   0.157629E-29   0.185272E-24   0.633606E-29   0.322593E-21   0.906934E-15   0.110910E-10   0.369981E-09   0.196002E-09   0.137156E-12   0.125549E-17   0.832166E-24   0.220083E-24   0.142812E-24   0.610143E-22   0.295959E-24   0.150653E-21   0.237508E-21
   0.150000E+01   0.000000E+00   0.000000E+00   0.000000E+00   0.000000E+00   0.000000E+00   0.000000E+00   0.000000E+00   0.000000E+00   0.000000E+00   0.000000E+00   0.000000E+00   0.000000E+00   0.000000E+00   0.000000E+00   0.000000E+00   0.000000E+00   0.000000E+00   0.000000E+00   0.000000E+00   0.000000E+00   0.000000E+00   0.000000E+00   0.000000E+00   0.000000E+00   0.000000E+00   0.000000E+00
   0.150000E+01   0.253995E-26   0.498375E-26   0.981535E-26   0.192439E-25   0.378178E-25   0.738921E-25   0.150337E-24   0.295568E-24   0.598043E-24   0.118227E-23   0.238253E-23   0.472909E-23   0.511980E-20   0.271342E-13   0.418142E-09   0.175969E-07   0.115153E-07   0.673760E-11   0.649752E-16   0.563197E-22   0.236689E-20   0.484257E-20   0.986364E-20   0.193703E-19   0.388347E-19   0.775876E-19
   0.166667E+01   0.218750E-25   0.437500E-25   0.875000E-25   0.175000E-24   0.350000E-24   0.700000E-24   0.140000E-23   0.280000E-23   0.560001E-23   0.112000E-22   0.224000E-22   0.448000E-22   0.455457E-19   0.243175E-12   0.378071E-08   0.160027E-06   0.115166E-06   0.307503E-09   0.906545E-14   0.720348E-20   0.229255E-19   0.458748E-19   0.935806E-19   0.183499E-18   0.367823E-18   0.734880E-18
   0.166667E+01   0.127835E-39   0.135476E-38   0.225695E-38   0.310331E-38   0.307185E-38   0.261665E-34   0.100305E-37   0.104665E-33   0.266219E-37   0.418657E-33   0.762293E-37   0.167464E-32   0.169602E-33   0.404254E-27   0.628505E-23   0.265642E-21   0.285012E-21   0.279590E-24   0.464590E-29   0.382200E-33   0.856877E-30   0.171478E-29   0.274617E-33   0.685918E-29   0.444667E-33   0.789807E-33
   0.166667E+01   0.553364E-38   0.766040E-37   0.125055E-36   0.176442E-36   0.165760E-36   0.261661E-34   0.546431E-36   0.104664E-33   0.157559E-35   0.418656E-33   0.424705E-35   0.167464E-32   0.668413E-32   0.192587E-25   0.235312E-21   0.789487E-20   0.469046E-20   0.130057E-22   0.424610E-27   0.563852E-33   0.215123E-31   0.171478E-29   0.161996E-32   0.685918E-29   0.382908E-32   0.612100E-32
   0.166667E+01   0.392321E-39   0.459618E-38   0.761720E-38   0.110732E-37   0.101711E-37   0.261663E-34   0.342896E-37   0.104665E-33   0.105186E-36   0.418661E-33   0.277802E-36   0.167463E-32   0.478519E-33   0.140680E-26   0.140785E-22   0.563160E-21   0.515798E-21   0.857008E-24   0.239796E-28   0.392260E-33   0.856882E-30   0.171478E-29   0.368720E-33   0.685917E-29   0.469371E-33   0.789807E-33
   0.166667E+01   0.167258E-37   0.236565E-36   0.389917E-36   0.554187E-36   0.522122E-36   0.261663E-34   0.173687E-35   0.104664E-33   0.502495E-35   0.418657E-33   0.135456E-34   0.167463E-32   0.217272E-31   0.616083E-25   0.755714E-21   0.255335E-19   0.150008E-19   0.423377E-22   0.138751E-26   0.131492E-32   0.214734E-31   0.429495E-31   0.466019E-32   0.685916E-29   0.110673E-31   0.178200E-31
   0.166667E+01   0.800523E-36   0.114387E-34   0.189430E-34   0.270191E-34   0.255132E-34   0.261663E-34   0.852255E-34   0.104665E-33   0.247120E-33   0.418657E-33   0.666619E-33   0.167465E-32   0.106909E-29   0.301941E-23   0.373327E-19   0.125465E-17   0.731045E-18   0.209091E-20   0.659306E-25   0.540906E-31   0.214872E-31   0.429556E-31   0.217142E-30   0.171773E-30   0.536021E-30   0.845192E-30
   0.166667E+01   0.406639E-34   0.572351E-33   0.938383E-33   0.132784E-32   0.124592E-32   0.655878E-36   0.412255E-32   0.262389E-35   0.118822E-31   0.104933E-34   0.319307E-31   0.419552E-34   0.510843E-28   0.144245E-21   0.178198E-17   0.598454E-16   0.348464E-16   0.996452E-19   0.314129E-23   0.244623E-29   0.223557E-31   0.432545E-31   0.103302E-28   0.172303E-30   0.254826E-28   0.401707E-28
   0.166667E+01   0.109321E-38   0.147260E-37   0.243504E-37   0.346888E-37   0.331152E-37   0.261660E-34   0.109609E-36   0.104665E-33   0.324085E-36   0.418658E-33   0.870529E-36   0.167464E-32   0.144767E-32   0.417190E-26   0.475150E-22   0.158322E-20   0.113354E-20   0.327019E-23   0.103639E-27   0.436193E-33   0.856876E-30   0.171479E-29   0.519469E-33   0.685919E-29   0.106226E-32   0.197452E-32
   0.166667E+01   0.498233E-37   0.710763E-36   0.117671E-35   0.167812E-35   0.158474E-35   0.261659E-34   0.529326E-35   0.104666E-33   0.153486E-34   0.418656E-33   0.414158E-34   0.167464E-32   0.664294E-31   0.187865E-24   0.232471E-20   0.782049E-19   0.456131E-19   0.130413E-21   0.410838E-26   0.357119E-32   0.214749E-31   0.429741E-31   0.136402E-31   0.171773E-30   0.337453E-31   0.526702E-31
   0.166667E+01   0.230125E-35   0.331107E-34   0.550826E-34   0.788500E-34   0.746674E-34   0.261664E-34   0.250497E-33   0.104665E-33   0.728316E-33   0.418661E-33   0.196801E-32   0.167464E-32   0.315960E-29   0.892337E-23   0.110370E-18   0.371031E-17   0.216228E-17   0.618561E-20   0.195074E-24   0.159655E-30   0.215257E-31   0.429741E-31   0.642509E-30   0.171896E-30   0.158556E-29   0.249994E-29
   0.166667E+01   0.103079E-33   0.149408E-32   0.249764E-32   0.358913E-32   0.340912E-32   0.656349E-36   0.114898E-31   0.262483E-35   0.335034E-31   0.105008E-34   0.906967E-31   0.420093E-34   0.145781E-27   0.411725E-21   0.509444E-17   0.171306E-15   0.998618E-16   0.285706E-18   0.901173E-23   0.702417E-29   0.240142E-31   0.437506E-31   0.296902E-28   0.173191E-30   0.732609E-28   0.115500E-27
   0.166667E+01   0.457000E-32   0.666975E-31   0.112028E-30   0.161621E-30   0.154043E-30   0.686300E-36   0.521468E-30   0.274990E-35   0.152472E-29   0.110086E-34   0.413468E-29   0.440737E-34   0.665100E-26   0.187851E-19   0.232525E-15   0.782131E-14   0.456012E-14   0.130403E-16   0.410630E-21   0.320273E-27   0.137597E-30   0.794278E-31   0.135690E-26   0.233218E-30   0.334837E-26   0.527902E-26
   0.166667E+01   0.541069E-31   0.712916E-30   0.116830E-29   0.166660E-29   0.160285E-29   0.100058E-35   0.525143E-29   0.402734E-35   0.150514E-28   0.161725E-34   0.403327E-28   0.648466E-34   0.636110E-25   0.179598E-18   0.221871E-14   0.745145E-13   0.432132E-13   0.123479E-15   0.388422E-20   0.302573E-26   0.130371E-29   0.444868E-30   0.128617E-25   0.846861E-30   0.317216E-25   0.500054E-25
   0.166667E+01   0.245825E-38   0.342128E-37   0.566647E-37   0.809445E-37   0.760184E-37   0.261660E-34   0.257618E-36   0.104664E-33   0.749482E-36   0.418662E-33   0.201691E-35   0.167464E-32   0.327089E-32   0.910380E-26   0.120673E-21   0.386774E-20   0.244350E-20   0.633168E-23   0.197995E-27   0.390829E-33   0.214985E-31   0.171478E-29   0.907859E-33   0.685916E-29   0.170456E-32   0.306050E-32
   0.166667E+01   0.111590E-36   0.160410E-35   0.266777E-35   0.381809E-35   0.361524E-35   0.261662E-34   0.121256E-34   0.104665E-33   0.352526E-34   0.418659E-33   0.952575E-34   0.167463E-32   0.152954E-30   0.432212E-24   0.534782E-20   0.179786E-18   0.104856E-18   0.299823E-21   0.945421E-26   0.794189E-32   0.214717E-31   0.429710E-31   0.312480E-31   0.171835E-30   0.766813E-31   0.122173E-30
   0.166667E+01   0.646097E-35   0.936031E-34   0.156426E-33   0.224730E-33   0.213418E-33   0.261661E-34   0.719074E-33   0.104665E-33   0.209637E-32   0.104903E-34   0.567440E-32   0.419461E-34   0.912008E-29   0.257576E-22   0.318704E-18   0.107166E-16   0.624709E-17   0.178734E-19   0.563740E-24   0.461078E-30   0.216303E-31   0.429988E-31   0.185739E-29   0.171933E-30   0.458328E-29   0.722599E-29
   0.166667E+01   0.283842E-33   0.414247E-32   0.695646E-32   0.100326E-31   0.955670E-32   0.657148E-36   0.323482E-31   0.262991E-35   0.945812E-31   0.105159E-34   0.256480E-30   0.420695E-34   0.412703E-27   0.116564E-20   0.144283E-16   0.485310E-15   0.282985E-15   0.809744E-18   0.255435E-22   0.199140E-28   0.286631E-31   0.452082E-31   0.841922E-28   0.175533E-30   0.207759E-27   0.327551E-27
   0.166667E+01   0.124860E-31   0.182825E-30   0.308365E-30   0.446547E-30   0.427493E-30   0.729088E-36   0.145176E-29   0.292745E-35   0.425361E-29   0.117218E-34   0.115506E-28   0.469656E-34   0.185831E-25   0.524882E-19   0.649928E-15   0.218671E-13   0.127495E-13   0.365000E-16   0.114536E-20   0.893116E-27   0.347571E-30   0.144462E-30   0.379695E-26   0.340403E-30   0.937008E-26   0.147731E-25
   0.166667E+01   0.113795E-30   0.147823E-29   0.246788E-29   0.359785E-29   0.356239E-29   0.141812E-35   0.117861E-28   0.579753E-35   0.340052E-28   0.233421E-34   0.915465E-28   0.941960E-34   0.143130E-24   0.404156E-18   0.499960E-14   0.168096E-12   0.972631E-13   0.279188E-15   0.875650E-20   0.681986E-26   0.355117E-29   0.114031E-29   0.291140E-25   0.198970E-29   0.718141E-25   0.113216E-24
   0.166667E+01   0.595988E-30   0.614486E-29   0.985276E-29   0.145272E-28   0.142728E-28   0.274512E-34   0.451368E-28   0.112142E-33   0.126922E-27   0.448383E-33   0.336431E-27   0.180862E-32   0.495173E-24   0.139751E-17   0.172329E-13   0.577963E-12   0.331977E-12   0.955929E-15   0.300545E-19   0.233895E-25   0.110045E-27   0.378446E-28   0.992836E-25   0.626279E-28   0.244710E-24   0.385663E-24
   0.166667E+01   0.543666E-40   0.193957E-39   0.405546E-39   0.364403E-39   0.104248E-38   0.261663E-34   0.445204E-38   0.104665E-33   0.106614E-37   0.418656E-33   0.426457E-37   0.167464E-32   0.757151E-34   0.404254E-27   0.553084E-23   0.265642E-21   0.100138E-24   0.000000E+00   0.850792E-29   0.230503E-33   0.214894E-31   0.171479E-29   0.210148E-33   0.685922E-29   0.444667E-33   0.789807E-33
   0.166667E+01   0.302165E-36   0.437443E-35   0.730807E-35   0.104968E-34   0.996705E-35   0.261662E-34   0.335723E-34   0.104664E-33   0.978607E-34   0.418657E-33   0.264869E-33   0.167463E-32   0.425698E-30   0.120261E-23   0.148807E-19   0.500416E-18   0.291758E-18   0.837855E-21   0.263231E-25   0.217349E-31   0.214793E-31   0.429679E-31   0.868437E-31   0.171835E-30   0.214601E-30   0.338679E-30
   0.166667E+01   0.138649E-34   0.202240E-33   0.339516E-33   0.489529E-33   0.466220E-33   0.655643E-36   0.157762E-32   0.262239E-35   0.461187E-32   0.104926E-34   0.125047E-31   0.419612E-34   0.201199E-28   0.568269E-22   0.703387E-18   0.236587E-16   0.137950E-16   0.396409E-19   0.124518E-23   0.970775E-30   0.218273E-31   0.430635E-31   0.410418E-29   0.171995E-30   0.101281E-28   0.159677E-28
   0.166667E+01   0.601139E-33   0.883310E-32   0.149010E-31   0.215678E-31   0.206037E-31   0.658606E-36   0.700417E-31   0.263386E-35   0.205349E-30   0.105377E-34   0.557810E-30   0.421568E-34   0.898556E-27   0.253801E-20   0.314272E-16   0.105740E-14   0.616733E-15   0.176488E-17   0.556823E-22   0.434202E-28   0.373128E-31   0.478459E-31   0.183613E-27   0.179896E-30   0.453126E-27   0.714414E-27
   0.166667E+01   0.327954E-31   0.478415E-30   0.809890E-30   0.117713E-29   0.113268E-29   0.811984E-36   0.385531E-29   0.327408E-35   0.113131E-28   0.131151E-34   0.307521E-28   0.526350E-34   0.494445E-25   0.139660E-18   0.172982E-14   0.582142E-13   0.339339E-13   0.968341E-16   0.304441E-20   0.237292E-26   0.913689E-30   0.318358E-30   0.101156E-25   0.621310E-30   0.249639E-25   0.393596E-25
   0.166667E+01   0.245695E-30   0.294098E-29   0.487169E-29   0.713776E-29   0.715941E-29   0.227938E-35   0.233131E-28   0.941072E-35   0.666860E-28   0.379280E-34   0.178670E-27   0.153668E-33   0.274115E-24   0.773893E-18   0.956649E-14   0.321466E-12   0.185305E-12   0.530311E-15   0.167274E-19   0.130235E-25   0.975813E-29   0.304428E-29   0.555723E-25   0.505905E-29   0.137041E-24   0.216033E-24
   0.166667E+01   0.703173E-30   0.724264E-29   0.115943E-28   0.171120E-28   0.167166E-28   0.599227E-34   0.528885E-28   0.245817E-33   0.148723E-27   0.981085E-33   0.394168E-27   0.396393E-32   0.579282E-24   0.163488E-17   0.201572E-13   0.675964E-12   0.388478E-12   0.111356E-14   0.351601E-19   0.273627E-25   0.206447E-27   0.107356E-27   0.116079E-24   0.176347E-27   0.286105E-24   0.450883E-24
   0.166667E+01   0.543666E-40   0.193957E-39   0.387913E-39   0.799336E-39   0.111003E-38   0.261659E-34   0.434608E-38   0.104665E-33   0.166322E-37   0.418660E-33   0.590056E-37   0.167464E-32   0.757151E-34   0.404254E-27   0.527944E-23   0.265642E-21   0.467283E-24   0.000000E+00   0.108280E-28   0.232777E-33   0.214638E-31   0.429587E-31   0.200318E-33   0.171835E-30   0.444667E-33   0.789807E-33
   0.166667E+01   0.730276E-39   0.979187E-38   0.163452E-37   0.236392E-37   0.227152E-37   0.261660E-34   0.774131E-37   0.104665E-33   0.230283E-36   0.418659E-33   0.603655E-36   0.167462E-32   0.107213E-32   0.300765E-26   0.389673E-22   0.125383E-20   0.604045E-21   0.191415E-23   0.610997E-28   0.282307E-33   0.214669E-31   0.429679E-31   0.418710E-33   0.171786E-30   0.106226E-32   0.182643E-32
   0.166667E+01   0.374895E-37   0.549808E-36   0.927248E-36   0.134193E-35   0.128214E-35   0.655596E-36   0.435827E-35   0.262276E-35   0.127770E-34   0.104941E-34   0.347239E-34   0.419582E-34   0.559474E-31   0.158290E-24   0.196144E-20   0.661023E-19   0.383668E-19   0.110634E-21   0.348113E-26   0.306324E-32   0.214715E-31   0.429495E-31   0.115853E-31   0.171847E-30   0.284340E-31   0.446734E-31
   0.166667E+01   0.156460E-32   0.231465E-31   0.392246E-31   0.569793E-31   0.545892E-31   0.661803E-36   0.186374E-30   0.264665E-35   0.547894E-30   0.105896E-34   0.149085E-29   0.423704E-34   0.240409E-26   0.679079E-20   0.841187E-16   0.283108E-14   0.165165E-14   0.474181E-17   0.149071E-21   0.116294E-27   0.649084E-31   0.564832E-31   0.492073E-27   0.193541E-30   0.121444E-26   0.191476E-26
   0.166667E+01   0.669195E-31   0.966574E-30   0.164043E-29   0.239243E-29   0.231616E-29   0.906447E-36   0.788764E-29   0.367262E-35   0.231538E-28   0.147153E-34   0.629582E-28   0.591531E-34   0.101005E-24   0.285298E-18   0.353428E-14   0.118957E-12   0.692942E-13   0.198182E-15   0.621616E-20   0.484336E-26   0.196023E-29   0.645400E-30   0.206795E-25   0.113784E-29   0.510342E-25   0.804643E-25
   0.166667E+01   0.385912E-31   0.422675E-30   0.692853E-30   0.102093E-29   0.102742E-29   0.942276E-36   0.329734E-29   0.382722E-35   0.935809E-29   0.153420E-34   0.249584E-28   0.617381E-34   0.375010E-25   0.105858E-18   0.130741E-14   0.439032E-13   0.252334E-13   0.724641E-16   0.228262E-20   0.177674E-26   0.238245E-29   0.775740E-30   0.757225E-26   0.134400E-29   0.186685E-25   0.294266E-25
   0.166667E+01   0.756504E-30   0.777767E-29   0.124390E-28   0.183423E-28   0.178625E-28   0.118352E-33   0.565261E-28   0.488052E-33   0.158950E-27   0.193939E-32   0.421226E-27   0.785227E-32   0.619419E-24   0.174815E-17   0.215522E-13   0.722698E-12   0.415505E-12   0.119364E-14   0.375980E-19   0.292601E-25   0.274221E-27   0.244706E-27   0.124081E-24   0.447847E-27   0.305828E-24   0.481953E-24
   0.166667E+01   0.287087E-34   0.418297E-33   0.701789E-33   0.101137E-32   0.962855E-33   0.261662E-34   0.325620E-32   0.104664E-33   0.951527E-32   0.418655E-33   0.257938E-31   0.167462E-32   0.414952E-28   0.117198E-21   0.145057E-17   0.487885E-16   0.284463E-16   0.816579E-19   0.256756E-23   0.200165E-29   0.222352E-31   0.432083E-31   0.846236E-29   0.172217E-30   0.208822E-28   0.329228E-28
   0.166667E+01   0.268286E-34   0.393783E-33   0.663878E-33   0.960430E-33   0.917154E-33   0.261662E-34   0.311596E-32   0.104665E-33   0.913194E-32   0.418660E-33   0.248002E-31   0.167463E-32   0.399435E-28   0.112822E-21   0.139695E-17   0.469999E-16   0.274114E-16   0.786962E-19   0.247481E-23   0.192979E-29   0.222121E-31   0.431867E-31   0.816039E-29   0.172143E-30   0.201385E-28   0.317511E-28
   0.166667E+01   0.916090E-33   0.135452E-31   0.229470E-31   0.333255E-31   0.319212E-31   0.658465E-36   0.108950E-30   0.263461E-35   0.320229E-30   0.105339E-34   0.871263E-30   0.421417E-34   0.140491E-26   0.396841E-20   0.491562E-16   0.165436E-14   0.965143E-15   0.277117E-17   0.871590E-22   0.679789E-28   0.476273E-31   0.515128E-31   0.287527E-27   0.185529E-30   0.709615E-27   0.111883E-26
   0.166667E+01   0.168358E-28   0.250644E-27   0.426633E-27   0.622019E-27   0.597869E-27   0.500102E-34   0.204948E-26   0.210071E-33   0.604020E-26   0.839544E-33   0.164620E-25   0.342446E-32   0.265659E-22   0.750438E-16   0.929914E-12   0.313060E-10   0.182669E-10   0.524218E-13   0.164534E-17   0.128372E-23   0.495912E-27   0.162137E-27   0.544631E-23   0.259521E-27   0.134423E-22   0.211946E-22
   0.166667E+01   0.122718E-28   0.173510E-27   0.294465E-27   0.430710E-27   0.420545E-27   0.384728E-34   0.142680E-26   0.162619E-33   0.417880E-26   0.651023E-33   0.113486E-25   0.266226E-32   0.181033E-22   0.511322E-16   0.633378E-12   0.213173E-10   0.123977E-10   0.354784E-13   0.111314E-17   0.867083E-24   0.393356E-27   0.129061E-27   0.370494E-23   0.206516E-27   0.914259E-23   0.144148E-22
   0.166667E+01   0.197595E-29   0.223869E-28   0.364460E-28   0.533070E-28   0.521621E-28   0.218964E-34   0.167850E-27   0.930686E-34   0.476733E-27   0.373100E-33   0.127109E-26   0.152923E-32   0.192262E-23   0.542722E-17   0.669902E-13   0.224844E-11   0.129637E-11   0.372165E-14   0.117100E-18   0.911427E-25   0.230081E-27   0.762713E-28   0.387224E-24   0.121983E-27   0.954699E-24   0.150478E-23
   0.166667E+01   0.393729E-27   0.516908E-26   0.827360E-26   0.114850E-25   0.106429E-25   0.133355E-30   0.343411E-25   0.540988E-30   0.974523E-25   0.209733E-29   0.259343E-24   0.843896E-29   0.412324E-21   0.116394E-14   0.143496E-10   0.481123E-09   0.279703E-09   0.803202E-12   0.251475E-16   0.195769E-22   0.152305E-24   0.190095E-24   0.826102E-22   0.413510E-24   0.203703E-21   0.321074E-21
   0.166667E+01   0.000000E+00   0.000000E+00   0.000000E+00   0.000000E+00   0.000000E+00   0.000000E+00   0.000000E+00   0.000000E+00   0.000000E+00   0.000000E+00   0.000000E+00   0.000000E+00   0.000000E+00   0.000000E+00   0.000000E+00   0.000000E+00   0.000000E+00   0.000000E+00   0.000000E+00   0.000000E+00   0.000000E+00   0.000000E+00   0.000000E+00   0.000000E+00   0.000000E+00   0.000000E+00
   0.166667E+01   0.234673E-26   0.511475E-26   0.100350E-25   0.195866E-25   0.379823E-25   0.738921E-25   0.151144E-24   0.295568E-24   0.600704E-24   0.118227E-23   0.239006E-23   0.472909E-23   0.484839E-20   0.257841E-13   0.400505E-09   0.169399E-07   0.121845E-07   0.325392E-10   0.959428E-15   0.762330E-21   0.242003E-20   0.484257E-20   0.988653E-20   0.193703E-19   0.388475E-19   0.776057E-19
   0.183333E+01   0.218750E-25   0.437500E-25   0.875000E-25   0.175000E-24   0.350000E-24   0.700000E-24   0.140000E-23   0.280000E-23   0.560000E-23   0.112000E-22   0.224000E-22   0.448000E-22   0.430769E-19   0.231007E-12   0.362073E-08   0.154051E-06   0.117150E-06   0.445966E-08   0.183691E-12   0.135396E-16   0.204553E-19   0.458748E-19   0.937833E-19   0.183499E-18   0.367892E-18   0.734969E-18
   0.183333E+01   0.817739E-36   0.163540E-35   0.327075E-35   0.654159E-35   0.130831E-34   0.261665E-34   0.523327E-34   0.104665E-33   0.209328E-33   0.418657E-33   0.837322E-33   0.167464E-32   0.249207E-33   0.814135E-27   0.601911E-23   0.255693E-21   0.291287E-21   0.119949E-22   0.940491E-28   0.342134E-31   0.205160E-31   0.171478E-29   0.354799E-33   0.685919E-29   0.444750E-33   0.789904E-33
   0.183333E+01   0.817740E-36   0.163549E-35   0.327098E-35   0.654193E-35   0.130838E-34   0.261675E-34   0.523355E-34   0.104670E-33   0.209338E-33   0.418679E-33   0.837358E-33   0.167464E-32   0.104781E-31   0.295086E-25   0.374629E-21   0.124983E-19   0.757366E-20   0.305062E-21   0.140917E-25   0.101653E-29   0.205245E-31   0.171479E-29   0.250808E-32   0.685915E-29   0.593000E-32   0.888642E-32
   0.183333E+01   0.817739E-36   0.163549E-35   0.327095E-35   0.654192E-35   0.130838E-34   0.261675E-34   0.523349E-34   0.104670E-33   0.209339E-33   0.418675E-33   0.837358E-33   0.167463E-32   0.650229E-33   0.185869E-26   0.284102E-22   0.828447E-21   0.638058E-21   0.224950E-22   0.736718E-27   0.954617E-31   0.205137E-31   0.171478E-29   0.429976E-33   0.685919E-29   0.469458E-33   0.789904E-33
   0.183333E+01   0.817742E-36   0.163549E-35   0.327095E-35   0.654190E-35   0.130838E-34   0.261675E-34   0.523348E-34   0.104670E-33   0.209340E-33   0.418676E-33   0.837358E-33   0.167463E-32   0.335885E-31   0.954688E-25   0.118191E-20   0.399290E-19   0.247733E-19   0.963129E-21   0.443128E-25   0.323155E-29   0.205205E-31   0.429618E-31   0.722745E-32   0.171798E-30   0.181359E-31   0.285846E-31
   0.183333E+01   0.817737E-36   0.163549E-35   0.327097E-35   0.654196E-35   0.130838E-34   0.261675E-34   0.523354E-34   0.104670E-33   0.209340E-33   0.418677E-33   0.837353E-33   0.167465E-32   0.165681E-29   0.469713E-23   0.585459E-19   0.197752E-17   0.121426E-17   0.472854E-19   0.217680E-23   0.158593E-27   0.225777E-31   0.429556E-31   0.356071E-30   0.171773E-30   0.877590E-30   0.138357E-29
   0.183333E+01   0.205403E-37   0.410982E-37   0.821847E-37   0.164322E-36   0.328598E-36   0.657478E-36   0.131439E-35   0.262897E-35   0.525568E-35   0.105151E-34   0.210348E-34   0.419762E-34   0.792127E-28   0.224542E-21   0.279634E-17   0.943868E-16   0.579195E-16   0.225477E-17   0.103778E-21   0.755685E-26   0.120489E-30   0.434117E-31   0.169523E-28   0.172537E-30   0.417620E-28   0.658219E-28
   0.183333E+01   0.817740E-36   0.163547E-35   0.327096E-35   0.654191E-35   0.130837E-34   0.261676E-34   0.523348E-34   0.104670E-33   0.209339E-33   0.418678E-33   0.837353E-33   0.167464E-32   0.213688E-32   0.611369E-26   0.727108E-22   0.251602E-20   0.170611E-20   0.662866E-22   0.272742E-26   0.227005E-30   0.205050E-31   0.171478E-29   0.717826E-33   0.685920E-29   0.106255E-32   0.197476E-32
   0.183333E+01   0.817742E-36   0.163548E-35   0.327094E-35   0.654190E-35   0.130837E-34   0.261677E-34   0.523346E-34   0.104670E-33   0.209341E-33   0.418681E-33   0.837362E-33   0.167464E-32   0.102667E-30   0.291368E-24   0.363241E-20   0.122764E-18   0.754504E-19   0.293822E-20   0.135164E-24   0.985074E-29   0.206046E-31   0.429833E-31   0.220964E-31   0.171810E-30   0.550996E-31   0.870375E-31
   0.183333E+01   0.817742E-36   0.163548E-35   0.327097E-35   0.654185E-35   0.130838E-34   0.261676E-34   0.523348E-34   0.104669E-33   0.209340E-33   0.418676E-33   0.837356E-33   0.167463E-32   0.489097E-29   0.138668E-22   0.172896E-18   0.584144E-17   0.358766E-17   0.139731E-18   0.643333E-23   0.468833E-27   0.266865E-31   0.429926E-31   0.105249E-29   0.171872E-30   0.259361E-29   0.408854E-29
   0.183333E+01   0.205638E-37   0.411100E-37   0.821847E-37   0.164510E-36   0.328927E-36   0.657666E-36   0.131552E-35   0.263123E-35   0.526057E-35   0.105242E-34   0.210378E-34   0.420123E-34   0.225736E-27   0.640020E-21   0.798312E-17   0.269800E-15   0.165749E-15   0.645663E-17   0.297300E-21   0.216713E-25   0.307368E-30   0.442283E-31   0.486545E-28   0.173955E-30   0.119894E-27   0.188988E-27
   0.183333E+01   0.215101E-37   0.431495E-37   0.864988E-37   0.173268E-36   0.347053E-36   0.694858E-36   0.139141E-35   0.278432E-35   0.557166E-35   0.111508E-34   0.223137E-34   0.445612E-34   0.103043E-25   0.292166E-19   0.364564E-15   0.123247E-13   0.757251E-14   0.294834E-15   0.135457E-19   0.987619E-24   0.131600E-28   0.101075E-30   0.222474E-26   0.268285E-30   0.548251E-26   0.864220E-26
   0.183333E+01   0.331754E-37   0.671472E-37   0.135623E-36   0.273396E-36   0.550414E-36   0.110666E-35   0.222187E-35   0.445879E-35   0.894015E-35   0.179187E-34   0.358885E-34   0.718010E-34   0.101513E-24   0.287711E-18   0.358271E-14   0.120927E-12   0.738604E-13   0.286371E-14   0.132046E-18   0.960724E-23   0.151160E-27   0.721272E-30   0.217141E-25   0.129555E-29   0.534795E-25   0.842899E-25
   0.183333E+01   0.817739E-36   0.163548E-35   0.327096E-35   0.654190E-35   0.130838E-34   0.261674E-34   0.523350E-34   0.104670E-33   0.209340E-33   0.418681E-33   0.837352E-33   0.167464E-32   0.482372E-32   0.138403E-25   0.179129E-21   0.609573E-20   0.365496E-20   0.141871E-21   0.645804E-26   0.494941E-30   0.205104E-31   0.171478E-29   0.128084E-32   0.685916E-29   0.306383E-32   0.429510E-32
   0.183333E+01   0.817744E-36   0.163548E-35   0.327094E-35   0.654189E-35   0.130837E-34   0.261675E-34   0.523350E-34   0.104670E-33   0.209339E-33   0.418678E-33   0.837358E-33   0.167463E-32   0.232006E-30   0.658005E-24   0.820476E-20   0.277294E-18   0.170368E-18   0.663457E-20   0.305440E-24   0.222583E-28   0.207618E-31   0.429649E-31   0.500971E-31   0.171810E-30   0.123640E-30   0.195304E-30
   0.183333E+01   0.817744E-36   0.163547E-35   0.327095E-35   0.654191E-35   0.130838E-34   0.261674E-34   0.523354E-34   0.104670E-33   0.525455E-35   0.105121E-34   0.210197E-34   0.419582E-34   0.141034E-28   0.399869E-22   0.498753E-18   0.168558E-16   0.103550E-16   0.403367E-18   0.185733E-22   0.135384E-26   0.383965E-31   0.430326E-31   0.303963E-29   0.171958E-30   0.749045E-29   0.118072E-28
   0.183333E+01   0.205844E-37   0.411717E-37   0.823669E-37   0.164804E-36   0.329468E-36   0.658841E-36   0.131796E-35   0.263630E-35   0.526960E-35   0.105437E-34   0.210874E-34   0.420996E-34   0.638421E-27   0.181018E-20   0.225872E-16   0.763588E-15   0.469229E-15   0.182812E-16   0.841853E-21   0.613807E-25   0.833124E-30   0.465363E-31   0.137833E-27   0.177788E-30   0.339670E-27   0.535429E-27
   0.183333E+01   0.228061E-37   0.458355E-37   0.922234E-37   0.185211E-36   0.371856E-36   0.745875E-36   0.149579E-35   0.299855E-35   0.599521E-35   0.120017E-34   0.240726E-34   0.481001E-34   0.287217E-25   0.814401E-19   0.101654E-14   0.343750E-13   0.211208E-13   0.821687E-15   0.377041E-19   0.274756E-23   0.369520E-28   0.204991E-30   0.621032E-26   0.437888E-30   0.153051E-25   0.241263E-25
   0.183333E+01   0.449230E-37   0.933578E-37   0.192793E-36   0.395789E-36   0.808364E-36   0.164461E-35   0.333361E-35   0.674094E-35   0.134883E-34   0.271616E-34   0.546588E-34   0.109703E-33   0.221400E-24   0.627538E-18   0.782404E-14   0.264352E-12   0.161051E-12   0.624549E-14   0.288430E-18   0.209817E-22   0.363052E-27   0.188946E-29   0.476165E-25   0.319818E-29   0.117282E-24   0.184865E-24
   0.183333E+01   0.971173E-36   0.201615E-35   0.415373E-35   0.850562E-35   0.173324E-34   0.351839E-34   0.712034E-34   0.143753E-33   0.285695E-33   0.574756E-33   0.115496E-32   0.231842E-32   0.680595E-24   0.192816E-17   0.239658E-13   0.807781E-12   0.488847E-12   0.190147E-13   0.879849E-18   0.639768E-22   0.113831E-26   0.632625E-28   0.144347E-24   0.103571E-27   0.355273E-24   0.559835E-24
   0.183333E+01   0.817743E-36   0.163539E-35   0.327075E-35   0.654153E-35   0.130831E-34   0.261664E-34   0.523326E-34   0.104665E-33   0.209341E-33   0.418657E-33   0.837362E-33   0.167463E-32   0.716111E-34   0.384026E-27   0.529681E-23   0.255693E-21   0.235804E-21   0.749792E-23   0.156749E-28   0.398193E-31   0.204881E-31   0.171477E-29   0.243766E-33   0.685918E-29   0.469458E-33   0.789904E-33
   0.183333E+01   0.817739E-36   0.163538E-35   0.327081E-35   0.654154E-35   0.130830E-34   0.261674E-34   0.523323E-34   0.104664E-33   0.209340E-33   0.418659E-33   0.837363E-33   0.167463E-32   0.642916E-30   0.182305E-23   0.227397E-19   0.768553E-18   0.472225E-18   0.183924E-19   0.846881E-24   0.617383E-28   0.212902E-31   0.429525E-31   0.138694E-30   0.171773E-30   0.342186E-30   0.539504E-30
   0.183333E+01   0.817734E-36   0.163537E-35   0.327077E-35   0.654151E-35   0.130831E-34   0.657007E-36   0.131119E-35   0.262314E-35   0.525568E-35   0.104895E-34   0.210167E-34   0.419642E-34   0.305226E-28   0.865439E-22   0.107986E-17   0.365052E-16   0.224323E-16   0.873949E-18   0.402453E-22   0.293430E-26   0.593358E-31   0.431220E-31   0.658915E-29   0.172131E-30   0.162382E-28   0.255970E-28
   0.183333E+01   0.206270E-37   0.411746E-37   0.823434E-37   0.165110E-36   0.329562E-36   0.660440E-36   0.132144E-35   0.263668E-35   0.528352E-35   0.105475E-34   0.211311E-34   0.421899E-34   0.136389E-26   0.386737E-20   0.482744E-16   0.163246E-14   0.100342E-14   0.390990E-16   0.180065E-20   0.131322E-24   0.176011E-29   0.506685E-31   0.294950E-27   0.184308E-30   0.726913E-27   0.114588E-26
   0.183333E+01   0.253672E-37   0.513368E-37   0.103908E-36   0.210237E-36   0.423154E-36   0.850024E-36   0.170907E-35   0.342643E-35   0.685925E-35   0.137313E-34   0.275604E-34   0.551478E-34   0.759426E-25   0.215338E-18   0.268860E-14   0.909364E-13   0.558558E-13   0.217235E-14   0.996165E-19   0.725474E-23   0.995957E-28   0.484369E-30   0.164402E-25   0.886956E-30   0.405173E-25   0.638709E-25
   0.183333E+01   0.721798E-37   0.152753E-36   0.319629E-36   0.663731E-36   0.136661E-35   0.276293E-35   0.563476E-35   0.114348E-34   0.228452E-34   0.461072E-34   0.929563E-34   0.186963E-33   0.407761E-24   0.115556E-17   0.143962E-13   0.486120E-12   0.295022E-12   0.114797E-13   0.529771E-18   0.385301E-22   0.693159E-27   0.510530E-29   0.873864E-25   0.835883E-29   0.215178E-24   0.339151E-24
   0.183333E+01   0.212419E-35   0.444278E-35   0.920736E-35   0.189427E-34   0.387461E-34   0.775200E-34   0.157254E-33   0.318066E-33   0.630308E-33   0.126959E-32   0.255355E-32   0.512990E-32   0.788687E-24   0.223439E-17   0.277687E-13   0.935868E-12   0.566606E-12   0.220942E-13   0.101961E-17   0.741438E-22   0.131291E-26   0.176906E-27   0.167185E-24   0.294106E-27   0.411484E-24   0.648390E-24
   0.183333E+01   0.817742E-36   0.163547E-35   0.327077E-35   0.654190E-35   0.130832E-34   0.261662E-34   0.523351E-34   0.104664E-33   0.209339E-33   0.418656E-33   0.837351E-33   0.167463E-32   0.716111E-34   0.384026E-27   0.505605E-23   0.255693E-21   0.270481E-21   0.929755E-23   0.000000E+00   0.367210E-31   0.204719E-31   0.429710E-31   0.169365E-33   0.171847E-30   0.469458E-33   0.789904E-33
   0.183333E+01   0.817746E-36   0.163547E-35   0.327075E-35   0.654193E-35   0.130831E-34   0.261664E-34   0.523355E-34   0.104664E-33   0.209340E-33   0.418654E-33   0.837356E-33   0.167463E-32   0.158404E-32   0.453151E-26   0.546535E-22   0.185122E-20   0.131773E-20   0.512876E-22   0.195936E-26   0.171301E-30   0.204788E-31   0.429556E-31   0.538055E-33   0.171835E-30   0.101304E-32   0.167855E-32
   0.183333E+01   0.817740E-36   0.163549E-35   0.819613E-37   0.164264E-36   0.327751E-36   0.655644E-36   0.131448E-35   0.262239E-35   0.525568E-35   0.104926E-34   0.210167E-34   0.419642E-34   0.853146E-31   0.242167E-24   0.302424E-20   0.102369E-18   0.629320E-19   0.245340E-20   0.112890E-24   0.823640E-29   0.205795E-31   0.429649E-31   0.186263E-31   0.171798E-30   0.458092E-31   0.720293E-31
   0.183333E+01   0.207196E-37   0.414626E-37   0.827901E-37   0.165980E-36   0.331442E-36   0.662885E-36   0.132916E-35   0.265286E-35   0.531512E-35   0.106084E-34   0.212680E-34   0.424577E-34   0.363447E-26   0.103062E-19   0.128694E-15   0.435322E-14   0.267641E-14   0.104285E-15   0.479900E-20   0.350113E-24   0.466735E-29   0.644581E-31   0.787273E-27   0.206335E-30   0.194038E-26   0.305881E-26
   0.183333E+01   0.282119E-37   0.577168E-37   0.116721E-36   0.237415E-36   0.480871E-36   0.963670E-36   0.194624E-35   0.391261E-35   0.781882E-35   0.156873E-34   0.315100E-34   0.631103E-34   0.150940E-24   0.427991E-18   0.534438E-14   0.180784E-12   0.110913E-12   0.435097E-14   0.197889E-18   0.144075E-22   0.207279E-27   0.100230E-29   0.326945E-25   0.170703E-29   0.805747E-25   0.127018E-24
   0.183333E+01   0.298223E-37   0.613491E-37   0.124520E-36   0.254259E-36   0.516489E-36   0.103599E-35   0.209624E-35   0.422162E-35   0.843460E-35   0.169369E-34   0.340484E-34   0.682531E-34   0.540934E-25   0.153273E-18   0.190782E-14   0.643780E-13   0.389472E-13   0.153572E-14   0.700954E-19   0.509816E-23   0.939733E-28   0.130231E-29   0.115465E-25   0.218360E-29   0.284248E-25   0.447981E-25
   0.183333E+01   0.427145E-35   0.901838E-35   0.184061E-34   0.381009E-34   0.783150E-34   0.156195E-33   0.317849E-33   0.644498E-33   0.127022E-32   0.256257E-32   0.516074E-32   0.103778E-31   0.839451E-24   0.237821E-17   0.295542E-13   0.995987E-12   0.602950E-12   0.238078E-13   0.108518E-17   0.789291E-22   0.139402E-26   0.367962E-27   0.177895E-24   0.708802E-27   0.437847E-24   0.689918E-24
   0.183333E+01   0.817742E-36   0.163546E-35   0.327080E-35   0.654189E-35   0.130837E-34   0.261661E-34   0.523356E-34   0.104665E-33   0.209339E-33   0.418659E-33   0.837362E-33   0.167463E-32   0.567079E-28   0.160788E-21   0.200614E-17   0.678161E-16   0.416708E-16   0.162344E-17   0.747571E-22   0.545045E-26   0.927582E-31   0.433254E-31   0.122389E-28   0.172402E-30   0.301611E-28   0.475436E-28
   0.183333E+01   0.817737E-36   0.163548E-35   0.327077E-35   0.654189E-35   0.130838E-34   0.261662E-34   0.523353E-34   0.104664E-33   0.209341E-33   0.418659E-33   0.837366E-33   0.167463E-32   0.579273E-28   0.164254E-21   0.205020E-17   0.693272E-16   0.426117E-16   0.166036E-17   0.764655E-22   0.557644E-26   0.944306E-31   0.433285E-31   0.125244E-28   0.172377E-30   0.308666E-28   0.486570E-28
   0.183333E+01   0.206167E-37   0.412452E-37   0.823316E-37   0.165028E-36   0.330055E-36   0.658653E-36   0.131994E-35   0.263612E-35   0.528126E-35   0.105400E-34   0.211296E-34   0.421628E-34   0.193291E-26   0.548108E-20   0.684410E-16   0.231506E-14   0.142334E-14   0.554692E-16   0.255483E-20   0.186367E-24   0.249241E-29   0.555187E-31   0.418651E-27   0.192185E-30   0.103184E-26   0.162659E-26
   0.183333E+01   0.143841E-35   0.313874E-35   0.654623E-35   0.138420E-34   0.289386E-34   0.581982E-34   0.119722E-33   0.244855E-33   0.483215E-33   0.980167E-33   0.198261E-32   0.400057E-32   0.364884E-22   0.103473E-15   0.129254E-11   0.437340E-10   0.268927E-10   0.104774E-11   0.481170E-16   0.350960E-20   0.467649E-25   0.237871E-27   0.791643E-23   0.384289E-27   0.195127E-22   0.307605E-22
   0.183333E+01   0.117759E-35   0.259677E-35   0.545271E-35   0.116107E-34   0.244113E-34   0.492201E-34   0.101625E-33   0.208453E-33   0.411478E-33   0.836226E-33   0.169402E-32   0.342229E-32   0.264224E-22   0.749157E-16   0.935346E-12   0.316366E-10   0.193817E-10   0.751336E-12   0.346070E-16   0.251839E-20   0.393749E-25   0.207046E-27   0.571917E-23   0.334662E-27   0.140932E-22   0.222163E-22
   0.183333E+01   0.683133E-36   0.152083E-35   0.321298E-35   0.688612E-35   0.145542E-34   0.294137E-34   0.609418E-34   0.125348E-33   0.247476E-33   0.503817E-33   0.102210E-32   0.206718E-32   0.257874E-23   0.730717E-17   0.909044E-13   0.306607E-11   0.186254E-11   0.723525E-13   0.334488E-17   0.243262E-21   0.423635E-26   0.127891E-27   0.549144E-24   0.206774E-27   0.135198E-23   0.213063E-23
   0.183333E+01   0.537202E-32   0.110086E-31   0.217091E-31   0.441611E-31   0.895529E-31   0.174572E-30   0.352385E-30   0.710003E-30   0.137419E-29   0.276162E-29   0.554484E-29   0.111233E-28   0.511669E-21   0.145001E-14   0.180196E-10   0.607206E-09   0.372050E-09   0.144624E-10   0.664944E-15   0.483812E-19   0.799724E-24   0.240470E-24   0.108466E-21   0.542276E-24   0.267098E-21   0.420922E-21
   0.183333E+01   0.000000E+00   0.000000E+00   0.000000E+00   0.000000E+00   0.000000E+00   0.000000E+00   0.000000E+00   0.000000E+00   0.000000E+00   0.000000E+00   0.000000E+00   0.000000E+00   0.000000E+00   0.000000E+00   0.000000E+00   0.000000E+00   0.000000E+00   0.000000E+00   0.000000E+00   0.000000E+00   0.000000E+00   0.000000E+00   0.000000E+00   0.000000E+00   0.000000E+00   0.000000E+00
   0.183333E+01   0.230913E-26   0.461826E-26   0.923651E-26   0.184730E-25   0.369461E-25   0.738921E-25   0.147784E-24   0.295568E-24   0.591137E-24   0.118227E-23   0.236455E-23   0.472909E-23   0.459827E-20   0.245298E-13   0.384005E-09   0.163223E-07   0.124035E-07   0.472207E-09   0.194569E-13   0.143407E-17   0.215934E-20   0.484257E-20   0.991063E-20   0.193703E-19   0.388614E-19   0.776255E-19
   0.200000E+01   0.218750E-25   0.437501E-25   0.875000E-25   0.175000E-24   0.350000E-24   0.700000E-24   0.140000E-23   0.280000E-23   0.560000E-23   0.112000E-22   0.224000E-22   0.448000E-22   0.407825E-19   0.219642E-12   0.347027E-08   0.148406E-06   0.117868E-06   0.953662E-08   0.430196E-12   0.447708E-16   0.150249E-19   0.458748E-19   0.939934E-19   0.183499E-18   0.367960E-18   0.735057E-18
   0.200000E+01   0.113730E-38   0.163541E-35   0.327075E-35   0.775946E-39   0.130831E-34   0.261665E-34   0.523327E-34   0.104665E-33   0.209328E-33   0.418657E-33   0.837322E-33   0.167464E-32   0.320001E-33   0.774081E-27   0.129225E-22   0.551706E-21   0.407560E-21   0.338876E-22   0.768918E-27   0.168341E-30   0.176694E-31   0.171478E-29   0.341594E-33   0.685915E-29   0.444832E-33   0.790000E-33
   0.200000E+01   0.536319E-39   0.163549E-35   0.327077E-35   0.280948E-38   0.130838E-34   0.261675E-34   0.523355E-34   0.104670E-33   0.209338E-33   0.418679E-33   0.837358E-33   0.167464E-32   0.154251E-31   0.444147E-25   0.550821E-21   0.189551E-19   0.121495E-19   0.986784E-21   0.521033E-25   0.520950E-29   0.177271E-31   0.171479E-29   0.376198E-32   0.685911E-29   0.874836E-32   0.145656E-31
   0.200000E+01   0.113141E-39   0.163547E-35   0.327079E-35   0.799381E-39   0.130838E-34   0.261675E-34   0.523349E-34   0.104670E-33   0.209339E-33   0.418675E-33   0.837358E-33   0.167463E-32   0.101153E-32   0.271659E-26   0.350754E-22   0.137927E-20   0.913496E-21   0.754565E-22   0.303906E-26   0.424711E-30   0.176688E-31   0.171478E-29   0.479141E-33   0.685917E-29   0.108737E-32   0.790177E-33
   0.200000E+01   0.145174E-38   0.163550E-35   0.327078E-35   0.732338E-38   0.130838E-34   0.261675E-34   0.523348E-34   0.104670E-33   0.209340E-33   0.418676E-33   0.837358E-33   0.167463E-32   0.498334E-31   0.142066E-24   0.178561E-20   0.606778E-19   0.388166E-19   0.317119E-20   0.161619E-24   0.165935E-28   0.178330E-31   0.429556E-31   0.114310E-31   0.171822E-30   0.280491E-31   0.449312E-31
   0.200000E+01   0.654545E-37   0.163547E-35   0.327078E-35   0.326117E-36   0.130838E-34   0.261675E-34   0.523354E-34   0.104670E-33   0.209340E-33   0.418677E-33   0.837353E-33   0.167465E-32   0.246318E-29   0.700910E-23   0.880555E-19   0.298898E-17   0.191260E-17   0.156117E-18   0.796734E-23   0.818012E-27   0.272938E-31   0.429710E-31   0.559462E-30   0.171859E-30   0.137673E-29   0.217013E-29
   0.200000E+01   0.332700E-35   0.410836E-37   0.819672E-37   0.160325E-34   0.328598E-36   0.657478E-36   0.131514E-35   0.262897E-35   0.525568E-35   0.105151E-34   0.210348E-34   0.419762E-34   0.117835E-27   0.335256E-21   0.420831E-17   0.142754E-15   0.912883E-16   0.744909E-17   0.380089E-21   0.390017E-25   0.478071E-30   0.436428E-31   0.266571E-28   0.172895E-30   0.655801E-28   0.103347E-27
   0.200000E+01   0.168977E-39   0.163548E-35   0.327079E-35   0.111676E-38   0.130837E-34   0.261676E-34   0.523353E-34   0.104670E-33   0.209339E-33   0.418678E-33   0.837353E-33   0.167464E-32   0.316476E-32   0.912832E-26   0.111918E-21   0.380283E-20   0.250860E-20   0.206549E-21   0.101058E-25   0.111111E-29   0.176776E-31   0.171477E-29   0.973286E-33   0.685916E-29   0.252071E-32   0.320937E-32
   0.200000E+01   0.414215E-38   0.163548E-35   0.327080E-35   0.208886E-37   0.130837E-34   0.261677E-34   0.523354E-34   0.104670E-33   0.209341E-33   0.418681E-33   0.837362E-33   0.167464E-32   0.152348E-30   0.433734E-24   0.544937E-20   0.185058E-18   0.118459E-18   0.967193E-20   0.493316E-24   0.506576E-28   0.182299E-31   0.429556E-31   0.347387E-31   0.171810E-30   0.850875E-31   0.134547E-30
   0.200000E+01   0.187591E-36   0.163547E-35   0.327076E-35   0.948224E-36   0.130838E-34   0.261676E-34   0.523347E-34   0.104669E-33   0.209340E-33   0.418676E-33   0.837356E-33   0.167463E-32   0.726322E-29   0.206683E-22   0.259747E-18   0.881955E-17   0.564477E-17   0.460836E-18   0.235213E-22   0.241546E-26   0.461580E-31   0.429803E-31   0.165205E-29   0.171970E-30   0.406537E-29   0.640734E-29
   0.200000E+01   0.840368E-35   0.411335E-37   0.820730E-37   0.431513E-34   0.328997E-36   0.657666E-36   0.131627E-35   0.263254E-35   0.526321E-35   0.105287E-34   0.210528E-34   0.420394E-34   0.335328E-27   0.954248E-21   0.119972E-16   0.407481E-15   0.260871E-15   0.213008E-16   0.108733E-20   0.111690E-24   0.133657E-29   0.449185E-31   0.764003E-28   0.175101E-30   0.188009E-27   0.296311E-27
   0.200000E+01   0.373431E-33   0.435815E-37   0.872216E-37   0.194818E-32   0.350979E-36   0.702946E-36   0.140740E-35   0.281837E-35   0.563936E-35   0.112855E-34   0.225770E-34   0.450998E-34   0.153122E-25   0.435758E-19   0.548057E-15   0.186202E-13   0.119219E-13   0.972887E-15   0.495352E-19   0.508881E-23   0.604980E-28   0.132072E-30   0.349452E-26   0.318857E-30   0.859995E-26   0.135542E-25
   0.200000E+01   0.521977E-32   0.742149E-37   0.149952E-36   0.255239E-31   0.610716E-36   0.122844E-35   0.246863E-35   0.495494E-35   0.994111E-35   0.199236E-34   0.399285E-34   0.798990E-34   0.154039E-24   0.438160E-18   0.549910E-14   0.186525E-12   0.118607E-12   0.968267E-14   0.493153E-18   0.505608E-22   0.647202E-27   0.113583E-29   0.348161E-25   0.197133E-29   0.856252E-25   0.134935E-24
   0.200000E+01   0.285057E-39   0.163548E-35   0.327080E-35   0.165749E-38   0.130838E-34   0.261675E-34   0.523355E-34   0.104670E-33   0.209340E-33   0.418678E-33   0.837353E-33   0.167463E-32   0.705359E-32   0.199655E-25   0.254527E-21   0.875834E-20   0.553016E-20   0.455298E-21   0.237266E-25   0.243459E-29   0.176883E-31   0.171478E-29   0.184905E-32   0.685915E-29   0.447303E-32   0.676437E-32
   0.200000E+01   0.884266E-38   0.163547E-35   0.327075E-35   0.445630E-37   0.130839E-34   0.261677E-34   0.523347E-34   0.104670E-33   0.209340E-33   0.418675E-33   0.837364E-33   0.167462E-32   0.337946E-30   0.961876E-24   0.120881E-19   0.410617E-18   0.262792E-18   0.214518E-19   0.109498E-23   0.112460E-27   0.189602E-31   0.429556E-31   0.770170E-31   0.171835E-30   0.189622E-30   0.299361E-30
   0.200000E+01   0.525519E-36   0.163547E-35   0.327078E-35   0.269589E-35   0.130838E-34   0.261675E-34   0.523350E-34   0.104669E-33   0.525568E-35   0.105076E-34   0.210182E-34   0.419612E-34   0.209227E-28   0.595400E-22   0.748542E-18   0.254236E-16   0.162760E-16   0.132897E-17   0.678386E-22   0.696822E-26   0.999229E-31   0.430573E-31   0.476659E-29   0.172032E-30   0.117299E-28   0.184874E-28
   0.200000E+01   0.230956E-34   0.412011E-37   0.822199E-37   0.120366E-33   0.329797E-36   0.659734E-36   0.131909E-35   0.263856E-35   0.527600E-35   0.105505E-34   0.210950E-34   0.421207E-34   0.947426E-27   0.269623E-20   0.339107E-16   0.115211E-14   0.737779E-15   0.602507E-16   0.307590E-20   0.316031E-24   0.374993E-29   0.484345E-31   0.216218E-27   0.180771E-30   0.532114E-27   0.838657E-27
   0.200000E+01   0.101848E-32   0.469258E-37   0.943157E-37   0.539287E-32   0.381095E-36   0.764871E-36   0.153369E-35   0.307622E-35   0.615094E-35   0.123192E-34   0.247121E-34   0.493880E-34   0.425733E-25   0.121160E-18   0.152433E-14   0.518025E-13   0.331672E-13   0.270490E-14   0.137569E-18   0.141245E-22   0.169011E-27   0.291670E-30   0.973003E-26   0.578427E-30   0.239465E-25   0.377425E-25
   0.200000E+01   0.116877E-31   0.107285E-36   0.222092E-36   0.616336E-31   0.935505E-36   0.190604E-35   0.386822E-35   0.782973E-35   0.156632E-34   0.315664E-34   0.635497E-34   0.127623E-33   0.325839E-24   0.926863E-18   0.116456E-13   0.395373E-12   0.250741E-12   0.204357E-13   0.104441E-17   0.107051E-21   0.137700E-26   0.300681E-29   0.740086E-25   0.501117E-29   0.182018E-24   0.286860E-24
   0.200000E+01   0.664684E-31   0.252511E-35   0.520268E-35   0.299436E-30   0.217139E-34   0.440809E-34   0.892129E-34   0.180118E-33   0.357961E-33   0.720159E-33   0.144715E-32   0.290504E-32   0.902996E-24   0.256745E-17   0.321622E-13   0.108937E-11   0.686703E-12   0.561147E-13   0.287308E-17   0.294371E-21   0.372788E-26   0.100948E-27   0.202348E-24   0.164762E-27   0.497308E-24   0.783554E-24
   0.200000E+01   0.955089E-40   0.163549E-35   0.327079E-35   0.764114E-39   0.130830E-34   0.261661E-34   0.523319E-34   0.104664E-33   0.209339E-33   0.418658E-33   0.837356E-33   0.167463E-32   0.677969E-34   0.365133E-27   0.507670E-23   0.246297E-21   0.267022E-21   0.238122E-22   0.200175E-24   0.114106E-30   0.176348E-31   0.429525E-31   0.240024E-33   0.685915E-29   0.469545E-33   0.790000E-33
   0.200000E+01   0.235775E-37   0.163548E-35   0.327075E-35   0.120970E-36   0.130832E-34   0.261676E-34   0.523326E-34   0.104665E-33   0.209339E-33   0.418663E-33   0.837356E-33   0.167464E-32   0.932337E-30   0.265336E-23   0.333606E-19   0.113307E-17   0.725393E-18   0.592326E-19   0.302342E-23   0.310547E-27   0.213051E-31   0.429649E-31   0.212547E-30   0.171909E-30   0.523221E-30   0.825204E-30
   0.200000E+01   0.108834E-35   0.163548E-35   0.327078E-35   0.566542E-35   0.130830E-34   0.657054E-36   0.131072E-35   0.262258E-35   0.525493E-35   0.104926E-34   0.210273E-34   0.419642E-34   0.444585E-28   0.126522E-21   0.159124E-17   0.540608E-16   0.346185E-16   0.282709E-17   0.144326E-21   0.148285E-25   0.192780E-30   0.432145E-31   0.101451E-28   0.172266E-30   0.249674E-28   0.393511E-28
   0.200000E+01   0.472271E-34   0.412863E-37   0.824668E-37   0.249773E-33   0.329914E-36   0.661192E-36   0.132003E-35   0.263950E-35   0.529067E-35   0.105648E-34   0.211582E-34   0.422350E-34   0.198770E-26   0.565697E-20   0.711743E-16   0.241884E-14   0.154937E-14   0.126547E-15   0.646046E-20   0.663961E-24   0.786114E-29   0.546405E-31   0.454380E-27   0.190730E-30   0.111831E-26   0.176259E-26
   0.200000E+01   0.266686E-32   0.536290E-37   0.108586E-36   0.143301E-31   0.443302E-36   0.890884E-36   0.179211E-35   0.359645E-35   0.719967E-35   0.144227E-34   0.289537E-34   0.579404E-34   0.111835E-24   0.318276E-18   0.400528E-14   0.136142E-12   0.871160E-13   0.712068E-14   0.361136E-18   0.370607E-22   0.453403E-27   0.722798E-30   0.255878E-25   0.127220E-29   0.629747E-25   0.992573E-25
   0.200000E+01   0.261486E-31   0.182440E-36   0.382876E-36   0.130561E-30   0.164318E-35   0.332472E-35   0.678655E-35   0.137836E-34   0.275385E-34   0.556150E-34   0.112158E-33   0.225686E-33   0.578757E-24   0.164599E-17   0.206642E-13   0.701131E-12   0.442807E-12   0.363465E-13   0.184972E-17   0.189584E-21   0.242944E-26   0.818600E-29   0.130967E-24   0.133348E-28   0.322007E-24   0.507453E-24
   0.200000E+01   0.846706E-31   0.561309E-35   0.116355E-34   0.359767E-30   0.489838E-34   0.980249E-34   0.198870E-33   0.402279E-33   0.797246E-33   0.160594E-32   0.323020E-32   0.648946E-32   0.103858E-23   0.295297E-17   0.369876E-13   0.125270E-11   0.789689E-12   0.649435E-13   0.330432E-17   0.338632E-21   0.428144E-26   0.273595E-27   0.232622E-24   0.467685E-27   0.571718E-24   0.900770E-24
   0.200000E+01   0.911008E-40   0.163548E-35   0.327075E-35   0.740580E-39   0.130831E-34   0.261663E-34   0.523350E-34   0.104665E-33   0.209341E-33   0.418656E-33   0.837353E-33   0.167463E-32   0.677969E-34   0.365133E-27   0.484594E-23   0.246297E-21   0.913496E-22   0.191826E-22   0.000000E+00   0.106693E-30   0.176348E-31   0.429587E-31   0.232217E-33   0.171810E-30   0.469545E-33   0.790000E-33
   0.200000E+01   0.119019E-39   0.163547E-35   0.327079E-35   0.787594E-39   0.130831E-34   0.261663E-34   0.523353E-34   0.104665E-33   0.209341E-33   0.418662E-33   0.837354E-33   0.167464E-32   0.223187E-32   0.649936E-26   0.773042E-22   0.281764E-20   0.192537E-20   0.149629E-21   0.728641E-26   0.827491E-30   0.176389E-31   0.429433E-31   0.695297E-33   0.171872E-30   0.163105E-32   0.291312E-32
   0.200000E+01   0.304012E-38   0.163549E-35   0.819613E-37   0.162688E-37   0.327798E-36   0.655597E-36   0.131383E-35   0.262220E-35   0.525606E-35   0.104880E-34   0.210137E-34   0.419612E-34   0.124963E-30   0.355873E-24   0.447788E-20   0.152232E-18   0.975825E-19   0.797057E-20   0.406648E-24   0.418096E-28   0.181261E-31   0.429525E-31   0.287414E-31   0.171810E-30   0.708271E-31   0.110896E-30
   0.200000E+01   0.122317E-33   0.415567E-37   0.829428E-37   0.656419E-33   0.332101E-36   0.664436E-36   0.133226E-35   0.265925E-35   0.532903E-35   0.106362E-34   0.213101E-34   0.425540E-34   0.527527E-26   0.150140E-19   0.188971E-15   0.642398E-14   0.411571E-14   0.336125E-15   0.171403E-19   0.176210E-23   0.208774E-28   0.758225E-31   0.120788E-26   0.224749E-30   0.297298E-26   0.468589E-26
   0.200000E+01   0.530098E-32   0.611698E-37   0.124003E-36   0.289033E-31   0.513103E-36   0.102875E-35   0.207987E-35   0.418589E-35   0.836275E-35   0.167857E-34   0.337354E-34   0.676212E-34   0.216332E-24   0.615649E-18   0.774824E-14   0.263390E-12   0.168333E-12   0.137893E-13   0.698191E-18   0.716271E-22   0.896340E-27   0.151065E-29   0.495157E-25   0.253093E-29   0.121859E-24   0.192069E-24
   0.200000E+01   0.391625E-32   0.673118E-37   0.137063E-36   0.196088E-31   0.572278E-36   0.114949E-35   0.232964E-35   0.469972E-35   0.938477E-35   0.188658E-34   0.379604E-34   0.761223E-34   0.747494E-25   0.212556E-18   0.266618E-14   0.904017E-13   0.569971E-13   0.463399E-14   0.238356E-18   0.244181E-22   0.312961E-27   0.210517E-29   0.168487E-25   0.348235E-29   0.414158E-25   0.652629E-25
   0.200000E+01   0.947044E-31   0.116171E-34   0.237423E-34   0.393399E-30   0.101149E-33   0.201894E-33   0.410994E-33   0.833615E-33   0.164371E-32   0.331669E-32   0.668047E-32   0.134355E-31   0.110142E-23   0.313167E-17   0.392238E-13   0.132837E-11   0.838335E-12   0.682333E-13   0.350508E-17   0.359098E-21   0.453744E-26   0.519339E-27   0.246639E-24   0.104955E-26   0.606169E-24   0.955035E-24
   0.200000E+01   0.185419E-35   0.163550E-35   0.327078E-35   0.962750E-35   0.130839E-34   0.261663E-34   0.523355E-34   0.104665E-33   0.209341E-33   0.418661E-33   0.837354E-33   0.167464E-32   0.750355E-28   0.213538E-21   0.268547E-17   0.912328E-16   0.584197E-16   0.477068E-17   0.243542E-21   0.250217E-25   0.313268E-30   0.434702E-31   0.171186E-28   0.172697E-30   0.421287E-28   0.663984E-28
   0.200000E+01   0.194404E-35   0.163548E-35   0.327076E-35   0.102558E-34   0.130838E-34   0.261662E-34   0.523352E-34   0.104666E-33   0.209341E-33   0.418663E-33   0.837359E-33   0.167463E-32   0.810522E-28   0.230672E-21   0.290210E-17   0.986233E-16   0.631701E-16   0.515944E-17   0.263417E-21   0.270706E-25   0.337498E-30   0.435195E-31   0.185241E-28   0.172734E-30   0.455909E-28   0.718569E-28
   0.200000E+01   0.599465E-34   0.412687E-37   0.823727E-37   0.321303E-33   0.330455E-36   0.659452E-36   0.132144E-35   0.263800E-35   0.528540E-35   0.105520E-34   0.211431E-34   0.422230E-34   0.257504E-26   0.732885E-20   0.922412E-16   0.313566E-14   0.200901E-14   0.164114E-15   0.837976E-20   0.861390E-24   0.101966E-28   0.607727E-31   0.589556E-27   0.201108E-30   0.145109E-26   0.228715E-26
   0.200000E+01   0.109917E-29   0.361915E-35   0.757172E-35   0.598564E-29   0.335811E-34   0.676638E-34   0.139324E-33   0.285165E-33   0.563468E-33   0.114354E-32   0.231391E-32   0.467059E-32   0.485169E-22   0.138090E-15   0.173865E-11   0.591215E-10   0.378845E-10   0.309349E-11   0.157445E-15   0.161800E-19   0.191658E-24   0.336985E-27   0.111264E-22   0.552188E-27   0.273874E-22   0.431679E-22
   0.200000E+01   0.103610E-29   0.325925E-35   0.686909E-35   0.575232E-29   0.308720E-34   0.623901E-34   0.128961E-33   0.264763E-33   0.523444E-33   0.106439E-32   0.215719E-32   0.435963E-32   0.369705E-22   0.105203E-15   0.132374E-11   0.449919E-10   0.287105E-10   0.233346E-11   0.119181E-15   0.122202E-19   0.154623E-24   0.317864E-27   0.845342E-23   0.521581E-27   0.208012E-22   0.327856E-22
   0.200000E+01   0.189016E-30   0.199906E-35   0.424296E-35   0.944003E-30   0.193167E-34   0.391513E-34   0.812322E-34   0.167278E-33   0.330898E-33   0.674161E-33   0.136846E-32   0.276902E-32   0.334609E-23   0.951580E-17   0.119300E-12   0.404331E-11   0.255902E-11   0.208306E-12   0.106815E-16   0.109453E-20   0.137851E-25   0.205017E-27   0.752585E-24   0.336785E-27   0.185018E-23   0.291534E-23
   0.200000E+01   0.431189E-28   0.140987E-31   0.279454E-31   0.182747E-27   0.115861E-30   0.226634E-30   0.458145E-30   0.924188E-30   0.179332E-29   0.360665E-29   0.724587E-29   0.145427E-28   0.619866E-21   0.176312E-14   0.220837E-10   0.747830E-09   0.477547E-09   0.389151E-10   0.198349E-14   0.203365E-18   0.252171E-23   0.293267E-24   0.138869E-21   0.679040E-24   0.341500E-21   0.538088E-21
   0.200000E+01   0.000000E+00   0.000000E+00   0.000000E+00   0.000000E+00   0.000000E+00   0.000000E+00   0.000000E+00   0.000000E+00   0.000000E+00   0.000000E+00   0.000000E+00   0.000000E+00   0.000000E+00   0.000000E+00   0.000000E+00   0.000000E+00   0.000000E+00   0.000000E+00   0.000000E+00   0.000000E+00   0.000000E+00   0.000000E+00   0.000000E+00   0.000000E+00   0.000000E+00   0.000000E+00
   0.200000E+01   0.231315E-26   0.461826E-26   0.923651E-26   0.184903E-25   0.369461E-25   0.738921E-25   0.147784E-24   0.295568E-24   0.591137E-24   0.118227E-23   0.236455E-23   0.472909E-23   0.436775E-20   0.233639E-13   0.368559E-09   0.157415E-07   0.124906E-07   0.101063E-08   0.456126E-13   0.474663E-17   0.158629E-20   0.484258E-20   0.993605E-20   0.193702E-19   0.388766E-19   0.776474E-19
   0.216667E+01   0.206011E-25   0.437500E-25   0.851190E-25   0.175000E-24   0.345553E-24   0.700000E-24   0.139160E-23   0.280000E-23   0.558364E-23   0.112000E-22   0.223659E-22   0.448000E-22   0.386476E-19   0.209014E-12   0.332859E-08   0.143067E-06   0.120576E-06   0.123093E-07   0.527691E-12   0.116568E-16   0.231552E-20   0.458748E-19   0.942112E-19   0.183499E-18   0.368027E-18   0.735145E-18
   0.216667E+01   0.264952E-38   0.163540E-35   0.111927E-37   0.654159E-35   0.143004E-38   0.261665E-34   0.185418E-36   0.104665E-33   0.745093E-36   0.418657E-33   0.297555E-35   0.167464E-32   0.390626E-33   0.116748E-26   0.192564E-22   0.531806E-21   0.416279E-21   0.599954E-22   0.117129E-26   0.435819E-31   0.416964E-32   0.171478E-29   0.397613E-33   0.685917E-29   0.444913E-33   0.790095E-33
   0.216667E+01   0.270762E-38   0.163539E-35   0.114842E-37   0.654152E-35   0.662896E-38   0.261661E-34   0.189997E-36   0.104664E-33   0.760089E-36   0.418656E-33   0.302660E-35   0.167464E-32   0.222708E-31   0.638641E-25   0.807882E-21   0.276349E-19   0.187199E-19   0.192193E-20   0.958178E-25   0.210155E-29   0.429937E-32   0.171479E-29   0.554629E-32   0.685922E-29   0.130755E-31   0.215795E-31
   0.216667E+01   0.264532E-38   0.163538E-35   0.111582E-37   0.654155E-35   0.166140E-38   0.261664E-34   0.185415E-36   0.104665E-33   0.743581E-36   0.418661E-33   0.298151E-35   0.167463E-32   0.134920E-32   0.401670E-26   0.489156E-22   0.195629E-20   0.121200E-20   0.125010E-21   0.581124E-26   0.148036E-30   0.417498E-32   0.171477E-29   0.610221E-33   0.685913E-29   0.106285E-32   0.187648E-32
   0.216667E+01   0.284595E-38   0.163539E-35   0.121244E-37   0.654152E-35   0.179320E-37   0.261664E-34   0.200182E-36   0.104664E-33   0.819715E-37   0.418657E-33   0.278768E-36   0.167463E-32   0.714717E-31   0.204310E-24   0.258677E-20   0.883083E-19   0.597608E-19   0.622045E-20   0.297542E-24   0.675659E-29   0.457438E-32   0.429433E-31   0.171697E-31   0.171797E-30   0.422914E-31   0.671581E-31
   0.216667E+01   0.100112E-37   0.163539E-35   0.481676E-37   0.654156E-35   0.811683E-36   0.261664E-34   0.755423E-36   0.104665E-33   0.245946E-35   0.418657E-33   0.744642E-35   0.167465E-32   0.353716E-29   0.100999E-22   0.127879E-18   0.436201E-17   0.295045E-17   0.307334E-18   0.147085E-22   0.320195E-27   0.252282E-31   0.429710E-31   0.848182E-30   0.171859E-30   0.208414E-29   0.328457E-29
   0.216667E+01   0.503666E-36   0.409836E-37   0.236744E-35   0.164028E-36   0.396723E-34   0.656067E-36   0.362253E-34   0.262389E-35   0.116884E-33   0.104993E-34   0.350929E-33   0.419883E-34   0.169307E-27   0.483376E-21   0.611511E-17   0.208454E-15   0.140910E-15   0.146733E-16   0.702092E-21   0.152760E-25   0.100966E-29   0.439417E-31   0.404405E-28   0.173548E-30   0.993515E-28   0.156545E-27
   0.216667E+01   0.266045E-38   0.163539E-35   0.112322E-37   0.654153E-35   0.237941E-38   0.261660E-34   0.186437E-36   0.104665E-33   0.747682E-36   0.418656E-33   0.298291E-35   0.167465E-32   0.440739E-32   0.125226E-25   0.158256E-21   0.564094E-20   0.382207E-20   0.385859E-21   0.190102E-25   0.433556E-30   0.419256E-32   0.171478E-29   0.131121E-32   0.685915E-29   0.301552E-32   0.444429E-32
   0.216667E+01   0.325822E-38   0.163539E-35   0.140909E-37   0.654149E-35   0.509367E-37   0.261659E-34   0.545419E-37   0.104665E-33   0.184713E-36   0.418655E-33   0.580641E-36   0.167463E-32   0.218350E-30   0.623658E-24   0.789777E-20   0.269436E-18   0.182313E-18   0.189885E-19   0.908387E-24   0.206446E-28   0.544948E-32   0.429679E-31   0.525132E-31   0.171847E-30   0.129420E-30   0.203894E-30
   0.216667E+01   0.284682E-37   0.163539E-35   0.138493E-36   0.654154E-35   0.236520E-35   0.261664E-34   0.219746E-35   0.104665E-33   0.715967E-35   0.418657E-33   0.216465E-34   0.167464E-32   0.104181E-28   0.297484E-22   0.376790E-18   0.128563E-16   0.869809E-17   0.906185E-18   0.433729E-22   0.944385E-27   0.663256E-31   0.430111E-31   0.250191E-29   0.171945E-30   0.614807E-29   0.968845E-29
   0.216667E+01   0.127029E-35   0.410424E-37   0.625837E-35   0.164252E-36   0.108034E-33   0.657101E-36   0.100501E-33   0.262803E-35   0.328108E-33   0.105091E-34   0.992391E-33   0.420394E-34   0.481130E-27   0.137391E-20   0.174086E-16   0.594175E-15   0.402106E-15   0.418990E-16   0.200565E-20   0.436805E-25   0.288021E-29   0.458337E-31   0.115740E-27   0.176568E-30   0.284425E-27   0.448205E-27
   0.216667E+01   0.565111E-34   0.439605E-37   0.281711E-33   0.176924E-36   0.489930E-32   0.710468E-36   0.457886E-32   0.284921E-35   0.149926E-31   0.114141E-34   0.454304E-31   0.457197E-34   0.219742E-25   0.627512E-19   0.795403E-15   0.271561E-13   0.183793E-13   0.191366E-14   0.913541E-19   0.199123E-23   0.127854E-27   0.175184E-30   0.529477E-26   0.389521E-30   0.130122E-25   0.205056E-25
   0.216667E+01   0.824393E-33   0.822317E-37   0.391794E-32   0.336614E-36   0.659960E-31   0.136649E-35   0.606312E-31   0.551730E-35   0.196165E-30   0.222039E-34   0.589944E-30   0.891434E-34   0.224107E-24   0.639622E-18   0.808971E-14   0.275725E-12   0.185399E-12   0.190693E-13   0.922350E-18   0.200378E-22   0.129102E-26   0.173517E-29   0.534586E-25   0.295360E-29   0.131280E-24   0.206854E-24
   0.216667E+01   0.268382E-38   0.163538E-35   0.112888E-37   0.654151E-35   0.363045E-38   0.261663E-34   0.187456E-36   0.104664E-33   0.749519E-36   0.418662E-33   0.299177E-35   0.167463E-32   0.988387E-32   0.284227E-25   0.361887E-21   0.124025E-19   0.826033E-20   0.860040E-21   0.427501E-25   0.955794E-30   0.422374E-32   0.171478E-29   0.265100E-32   0.685915E-29   0.590745E-32   0.923424E-32
   0.216667E+01   0.142731E-38   0.163539E-35   0.683472E-38   0.654153E-35   0.109125E-36   0.261660E-34   0.108468E-36   0.104665E-33   0.359077E-36   0.418661E-33   0.111833E-35   0.167463E-32   0.475852E-30   0.135902E-23   0.172134E-19   0.587446E-18   0.397466E-18   0.414064E-19   0.198159E-23   0.450469E-28   0.698904E-32   0.429556E-31   0.114438E-30   0.171773E-30   0.281506E-30   0.443688E-30
   0.216667E+01   0.794511E-37   0.163538E-35   0.391058E-36   0.654156E-35   0.673892E-35   0.261663E-34   0.627558E-35   0.104664E-33   0.204714E-34   0.104880E-34   0.619191E-34   0.419521E-34   0.299802E-28   0.856109E-22   0.108474E-17   0.370227E-16   0.250546E-16   0.261062E-17   0.124967E-21   0.272156E-26   0.183344E-30   0.431374E-31   0.721134E-29   0.172118E-30   0.177216E-28   0.279263E-28
   0.216667E+01   0.348776E-35   0.411393E-37   0.173738E-34   0.164557E-36   0.301984E-33   0.658512E-36   0.282176E-33   0.263442E-35   0.923764E-33   0.105399E-34   0.279886E-32   0.421568E-34   0.135802E-26   0.387813E-20   0.491573E-16   0.167829E-14   0.113608E-14   0.118396E-15   0.566804E-20   0.123470E-24   0.813438E-29   0.510537E-31   0.327228E-27   0.185122E-30   0.804196E-27   0.126731E-26
   0.216667E+01   0.153975E-33   0.479837E-37   0.776074E-33   0.194662E-36   0.135898E-31   0.785653E-36   0.127577E-31   0.316255E-35   0.418882E-31   0.126743E-34   0.127150E-30   0.508114E-34   0.609338E-25   0.174011E-18   0.220637E-14   0.753475E-13   0.509946E-13   0.530384E-14   0.253102E-18   0.551188E-23   0.354511E-27   0.412047E-30   0.147028E-25   0.775184E-30   0.361344E-25   0.569444E-25
   0.216667E+01   0.185553E-32   0.122927E-36   0.946303E-32   0.526739E-36   0.156115E-30   0.220302E-35   0.157231E-30   0.906654E-35   0.515137E-30   0.365746E-34   0.155268E-29   0.147969E-33   0.460152E-24   0.131329E-17   0.166268E-13   0.567174E-12   0.380224E-12   0.391320E-13   0.189531E-17   0.411680E-22   0.265189E-26   0.461296E-29   0.110249E-24   0.763446E-29   0.270737E-24   0.426620E-24
   0.216667E+01   0.367407E-31   0.310208E-35   0.110528E-30   0.130922E-34   0.613908E-30   0.541707E-34   0.804183E-30   0.221356E-33   0.208853E-29   0.885070E-33   0.541646E-29   0.357040E-32   0.116380E-23   0.332015E-17   0.419130E-13   0.142650E-11   0.950763E-12   0.985513E-13   0.475914E-17   0.103366E-21   0.665035E-26   0.154618E-27   0.275223E-24   0.253036E-27   0.675417E-24   0.106405E-23
   0.216667E+01   0.264628E-38   0.163540E-35   0.111623E-37   0.654153E-35   0.139931E-38   0.261663E-34   0.185294E-36   0.104664E-33   0.743473E-36   0.418656E-33   0.132632E-36   0.167463E-32   0.642477E-34   0.347465E-27   0.486943E-23   0.237413E-21   0.435790E-21   0.119355E-19   0.901136E-28   0.287078E-31   0.415011E-32   0.429556E-31   0.267726E-33   0.685917E-29   0.469630E-33   0.790095E-33
   0.216667E+01   0.363290E-38   0.163539E-35   0.177488E-37   0.654155E-35   0.295554E-36   0.261664E-34   0.283161E-36   0.104664E-33   0.928370E-36   0.418656E-33   0.283983E-35   0.167463E-32   0.130708E-29   0.373274E-23   0.472954E-19   0.161424E-17   0.109247E-17   0.113827E-18   0.544863E-23   0.118666E-27   0.119606E-31   0.429710E-31   0.314543E-30   0.171847E-30   0.773159E-30   0.121872E-29
   0.216667E+01   0.163343E-36   0.163539E-35   0.809644E-36   0.654153E-35   0.139588E-34   0.655690E-36   0.130809E-34   0.262370E-35   0.427829E-34   0.104888E-34   0.129568E-33   0.419792E-34   0.625965E-28   0.178758E-21   0.226579E-17   0.773555E-16   0.523630E-16   0.545691E-17   0.261239E-21   0.569063E-26   0.378866E-30   0.433624E-31   0.150816E-28   0.172401E-30   0.370648E-28   0.584095E-28
   0.216667E+01   0.708685E-35   0.412422E-37   0.355482E-34   0.165063E-36   0.617772E-33   0.660675E-36   0.581497E-33   0.264326E-35   0.190740E-32   0.105708E-34   0.578639E-32   0.422952E-34   0.280015E-26   0.799679E-20   0.101401E-15   0.346298E-14   0.234479E-14   0.244389E-15   0.116984E-19   0.254930E-24   0.163047E-28   0.600824E-31   0.675839E-27   0.199679E-30   0.166106E-26   0.261767E-26
   0.216667E+01   0.406379E-33   0.559829E-37   0.206254E-32   0.230514E-36   0.361103E-31   0.935317E-36   0.341488E-31   0.378791E-35   0.112344E-30   0.151900E-34   0.341443E-30   0.610670E-34   0.158984E-24   0.454016E-18   0.575800E-14   0.196672E-12   0.133057E-12   0.138066E-13   0.660058E-18   0.143613E-22   0.923996E-27   0.105587E-29   0.383998E-25   0.181462E-29   0.943735E-25   0.148726E-24
   0.216667E+01   0.492588E-32   0.216300E-36   0.252567E-31   0.948341E-36   0.314051E-30   0.396837E-35   0.388950E-30   0.164765E-34   0.119194E-29   0.665077E-34   0.338621E-29   0.270030E-33   0.790401E-24   0.225538E-17   0.285302E-13   0.972605E-12   0.649514E-12   0.671369E-13   0.324598E-17   0.705006E-22   0.453997E-26   0.126371E-28   0.188649E-24   0.205760E-28   0.463123E-24   0.729738E-24
   0.216667E+01   0.489210E-31   0.695724E-35   0.136081E-30   0.296926E-34   0.716575E-30   0.121611E-33   0.950461E-30   0.499180E-33   0.248970E-29   0.199307E-32   0.661278E-29   0.805467E-32   0.133047E-23   0.379568E-17   0.479114E-13   0.163052E-11   0.108702E-11   0.112986E-12   0.544084E-17   0.118190E-21   0.760228E-26   0.400206E-27   0.314510E-24   0.709370E-27   0.771837E-24   0.121593E-23
   0.216667E+01   0.265028E-38   0.163539E-35   0.111674E-37   0.654149E-35   0.137356E-38   0.261660E-34   0.814874E-38   0.104664E-33   0.349462E-37   0.418656E-33   0.132469E-36   0.167463E-32   0.642477E-34   0.347465E-27   0.464809E-23   0.237413E-21   0.447171E-21   0.119340E-19   0.189015E-24   0.308243E-31   0.414974E-32   0.429587E-31   0.201238E-33   0.171847E-30   0.469630E-33   0.790095E-33
   0.216667E+01   0.133128E-39   0.163539E-35   0.555518E-39   0.654149E-35   0.169809E-38   0.261661E-34   0.973610E-38   0.104665E-33   0.360645E-37   0.418659E-33   0.135446E-36   0.167463E-32   0.314557E-32   0.885342E-26   0.113546E-21   0.380811E-20   0.263077E-20   0.255002E-21   0.128384E-25   0.312161E-30   0.416833E-32   0.429556E-31   0.959556E-33   0.171847E-30   0.229872E-32   0.291348E-32
   0.216667E+01   0.582835E-39   0.163539E-35   0.252717E-38   0.163852E-36   0.401554E-37   0.655784E-36   0.407555E-37   0.262239E-35   0.136523E-36   0.104873E-34   0.422163E-36   0.419642E-34   0.176900E-30   0.505479E-24   0.641016E-20   0.218962E-18   0.148331E-18   0.154609E-19   0.739939E-24   0.168307E-28   0.520928E-32   0.429587E-31   0.428722E-31   0.171847E-30   0.105617E-30   0.165624E-30
   0.216667E+01   0.185613E-34   0.415655E-37   0.935752E-34   0.166368E-36   0.162218E-32   0.666270E-36   0.153996E-32   0.266696E-35   0.506004E-32   0.106686E-34   0.153669E-31   0.426804E-34   0.740097E-26   0.211369E-19   0.268117E-15   0.915917E-14   0.620292E-14   0.646397E-15   0.308975E-19   0.673929E-24   0.431764E-28   0.915780E-31   0.178917E-26   0.250634E-30   0.439764E-26   0.693044E-26
   0.216667E+01   0.804374E-33   0.649754E-37   0.410314E-32   0.269788E-36   0.716593E-31   0.110238E-35   0.683455E-31   0.449528E-35   0.225233E-30   0.180368E-34   0.685282E-30   0.727038E-34   0.299395E-24   0.854948E-18   0.108433E-13   0.370389E-12   0.250273E-12   0.259952E-13   0.124228E-17   0.270173E-22   0.173759E-26   0.221390E-29   0.723272E-25   0.368756E-29   0.177744E-24   0.280114E-24
   0.216667E+01   0.116336E-32   0.743206E-37   0.553699E-32   0.312364E-36   0.463058E-31   0.128500E-35   0.625851E-31   0.527148E-35   0.174390E-30   0.211732E-34   0.466326E-30   0.855925E-34   0.997278E-25   0.284529E-18   0.359619E-14   0.122514E-12   0.815195E-13   0.855820E-14   0.408446E-18   0.887540E-23   0.571403E-27   0.328569E-29   0.237111E-25   0.541819E-29   0.581962E-25   0.916931E-25
   0.216667E+01   0.557914E-31   0.147064E-34   0.152020E-30   0.624027E-34   0.781600E-30   0.256541E-33   0.109675E-29   0.106001E-32   0.298951E-29   0.422049E-32   0.831572E-29   0.171021E-31   0.140687E-23   0.401368E-17   0.506606E-13   0.172401E-11   0.114818E-11   0.121052E-12   0.575187E-17   0.125021E-21   0.803841E-26   0.698146E-27   0.332501E-24   0.146933E-26   0.815995E-24   0.128548E-23
   0.216667E+01   0.265099E-36   0.163539E-35   0.128287E-35   0.654162E-35   0.216890E-34   0.261662E-34   0.204706E-34   0.104665E-33   0.667916E-34   0.418659E-33   0.201968E-33   0.167463E-32   0.966543E-28   0.276015E-21   0.349837E-17   0.119432E-15   0.808416E-16   0.842457E-17   0.403300E-21   0.878493E-26   0.582639E-30   0.436582E-31   0.232819E-28   0.172981E-30   0.572171E-28   0.901666E-28
   0.216667E+01   0.290193E-36   0.163540E-35   0.143452E-35   0.654163E-35   0.244344E-34   0.261663E-34   0.231686E-34   0.104665E-33   0.758174E-34   0.418656E-33   0.229686E-33   0.167464E-32   0.110055E-27   0.314298E-21   0.398516E-17   0.136093E-15   0.921459E-16   0.960411E-17   0.459818E-21   0.100184E-25   0.663904E-30   0.437691E-31   0.265568E-28   0.173104E-30   0.652702E-28   0.102859E-27
   0.216667E+01   0.854416E-35   0.412128E-37   0.427376E-34   0.164898E-36   0.733607E-33   0.659922E-36   0.698635E-33   0.264063E-35   0.229278E-32   0.105655E-34   0.695784E-32   0.422440E-34   0.333976E-26   0.953825E-20   0.120989E-15   0.413306E-14   0.279920E-14   0.291799E-15   0.139720E-19   0.304494E-24   0.194743E-28   0.674995E-31   0.807327E-27   0.212670E-30   0.198435E-26   0.312722E-26
   0.216667E+01   0.156467E-30   0.416998E-35   0.791900E-30   0.185772E-34   0.136944E-28   0.786476E-34   0.131026E-28   0.332033E-33   0.431266E-28   0.133392E-32   0.131118E-27   0.545224E-32   0.627912E-22   0.179336E-15   0.227563E-11   0.777599E-10   0.526715E-10   0.548803E-11   0.261852E-15   0.571022E-20   0.366495E-24   0.463575E-27   0.152034E-22   0.771325E-27   0.373709E-22   0.588959E-22
   0.216667E+01   0.159454E-30   0.405862E-35   0.822424E-30   0.183643E-34   0.141335E-28   0.784889E-34   0.138883E-28   0.333762E-33   0.459449E-28   0.134473E-32   0.140111E-27   0.551257E-32   0.499385E-22   0.142586E-15   0.180792E-11   0.617428E-10   0.416445E-10   0.429943E-11   0.206919E-15   0.449753E-20   0.289215E-24   0.470277E-27   0.120480E-22   0.784189E-27   0.296030E-22   0.466519E-22
   0.216667E+01   0.873994E-31   0.260669E-35   0.320808E-30   0.119802E-34   0.199169E-29   0.517018E-34   0.266145E-29   0.221473E-33   0.702627E-29   0.895021E-33   0.183097E-28   0.368015E-32   0.422567E-23   0.120579E-16   0.152330E-12   0.518738E-11   0.347039E-11   0.359655E-12   0.173350E-16   0.376608E-21   0.242088E-25   0.316461E-27   0.100272E-23   0.528722E-27   0.246149E-23   0.387808E-23
   0.216667E+01   0.250613E-28   0.179294E-31   0.709518E-28   0.730843E-31   0.350440E-27   0.292235E-30   0.566326E-27   0.119493E-29   0.155615E-26   0.467865E-29   0.419945E-26   0.188867E-28   0.736144E-21   0.210114E-14   0.265224E-10   0.902503E-09   0.609229E-09   0.633818E-10   0.302855E-14   0.658507E-19   0.422261E-23   0.348147E-24   0.174090E-21   0.821402E-24   0.427521E-21   0.673534E-21
   0.216667E+01   0.000000E+00   0.000000E+00   0.000000E+00   0.000000E+00   0.000000E+00   0.000000E+00   0.000000E+00   0.000000E+00   0.000000E+00   0.000000E+00   0.000000E+00   0.000000E+00   0.000000E+00   0.000000E+00   0.000000E+00   0.000000E+00   0.000000E+00   0.000000E+00   0.000000E+00   0.000000E+00   0.000000E+00   0.000000E+00   0.000000E+00   0.000000E+00   0.000000E+00   0.000000E+00
   0.216667E+01   0.217690E-26   0.461825E-26   0.899163E-26   0.184730E-25   0.365103E-25   0.738921E-25   0.146950E-24   0.295568E-24   0.589556E-24   0.118227E-23   0.236135E-23   0.472909E-23   0.415522E-20   0.222793E-13   0.354091E-09   0.151949E-07   0.127907E-07   0.130589E-08   0.560145E-13   0.123726E-17   0.244860E-21   0.484258E-20   0.996288E-20   0.193702E-19   0.388930E-19   0.776713E-19
   0.233333E+01   0.218750E-25   0.437500E-25   0.875000E-25   0.175000E-24   0.350000E-24   0.700000E-24   0.140000E-23   0.280000E-23   0.560000E-23   0.112000E-22   0.224000E-22   0.448000E-22   0.366588E-19   0.199065E-12   0.319504E-08   0.138013E-06   0.118591E-06   0.194815E-07   0.904481E-12   0.146145E-15   0.124398E-19   0.458748E-19   0.944356E-19   0.183499E-18   0.368094E-18   0.735231E-18
   0.233333E+01   0.105805E-39   0.163540E-35   0.327075E-35   0.654159E-35   0.130831E-34   0.261665E-34   0.523327E-34   0.104665E-33   0.209328E-33   0.418657E-33   0.837322E-33   0.167464E-32   0.538723E-33   0.156197E-26   0.254949E-22   0.796937E-21   0.650489E-21   0.105918E-21   0.376392E-26   0.837403E-30   0.159313E-31   0.171477E-29   0.456765E-33   0.685912E-29   0.444993E-33   0.790190E-33
   0.233333E+01   0.985947E-39   0.163549E-35   0.327098E-35   0.654193E-35   0.130838E-34   0.261675E-34   0.523355E-34   0.104670E-33   0.209338E-33   0.418679E-33   0.837358E-33   0.167464E-32   0.310461E-31   0.890985E-25   0.113792E-20   0.387110E-19   0.268487E-19   0.446601E-20   0.241428E-24   0.366672E-28   0.160874E-31   0.429433E-31   0.806066E-32   0.685914E-29   0.194561E-31   0.305705E-31
   0.233333E+01   0.135183E-39   0.163549E-35   0.327095E-35   0.654192E-35   0.130838E-34   0.261675E-34   0.523349E-34   0.104670E-33   0.209339E-33   0.418675E-33   0.837358E-33   0.167463E-32   0.193794E-32   0.589048E-26   0.701109E-22   0.248241E-20   0.176561E-20   0.289000E-21   0.143643E-25   0.251106E-29   0.159307E-31   0.171477E-29   0.776023E-33   0.685915E-29   0.168108E-32   0.187672E-32
   0.233333E+01   0.280209E-38   0.163549E-35   0.327095E-35   0.654190E-35   0.130838E-34   0.261675E-34   0.523348E-34   0.104670E-33   0.209340E-33   0.418676E-33   0.837358E-33   0.167463E-32   0.995761E-31   0.285430E-24   0.364258E-20   0.124890E-18   0.858431E-19   0.143048E-19   0.745640E-24   0.118544E-27   0.165202E-31   0.429525E-31   0.251724E-31   0.171871E-30   0.623237E-31   0.985762E-31
   0.233333E+01   0.130666E-36   0.163549E-35   0.327097E-35   0.654196E-35   0.130838E-34   0.261675E-34   0.523354E-34   0.104670E-33   0.209340E-33   0.418677E-33   0.837353E-33   0.167465E-32   0.493205E-29   0.141284E-22   0.180264E-18   0.617854E-17   0.424871E-17   0.708133E-18   0.369195E-22   0.586985E-26   0.469953E-31   0.429741E-31   0.124716E-29   0.171847E-30   0.306031E-29   0.482184E-29
   0.233333E+01   0.665162E-35   0.410982E-37   0.821964E-37   0.164381E-36   0.328762E-36   0.657713E-36   0.131543E-35   0.262972E-35   0.525832E-35   0.105211E-34   0.210408E-34   0.419883E-34   0.236205E-27   0.676560E-21   0.862507E-17   0.295431E-15   0.203034E-15   0.338283E-16   0.176333E-20   0.280200E-24   0.150045E-29   0.444131E-31   0.595021E-28   0.174238E-30   0.145974E-27   0.229979E-27
   0.233333E+01   0.264487E-39   0.163547E-35   0.327094E-35   0.654194E-35   0.130837E-34   0.261676E-34   0.523349E-34   0.104669E-33   0.209341E-33   0.418678E-33   0.837353E-33   0.167465E-32   0.618923E-32   0.174464E-25   0.229029E-21   0.782280E-20   0.523982E-20   0.902293E-21   0.471642E-25   0.755355E-29   0.159612E-31   0.171477E-29   0.181625E-32   0.685916E-29   0.444993E-32   0.740803E-32
   0.233333E+01   0.814618E-38   0.163548E-35   0.327097E-35   0.654192E-35   0.130838E-34   0.261675E-34   0.523354E-34   0.104670E-33   0.209340E-33   0.418681E-33   0.837352E-33   0.167463E-32   0.303862E-30   0.870586E-24   0.111098E-19   0.380817E-18   0.261940E-18   0.436495E-19   0.227556E-23   0.361810E-27   0.178089E-31   0.429587E-31   0.769620E-31   0.171797E-30   0.189295E-30   0.298544E-30
   0.233333E+01   0.373707E-36   0.163548E-35   0.327097E-35   0.654187E-35   0.130837E-34   0.261675E-34   0.523347E-34   0.104671E-33   0.209340E-33   0.418676E-33   0.837356E-33   0.167464E-32   0.145097E-28   0.415659E-22   0.530530E-18   0.181893E-16   0.125111E-16   0.208555E-17   0.108746E-21   0.172935E-25   0.107537E-30   0.430450E-31   0.367474E-29   0.171958E-30   0.901741E-29   0.142078E-28
   0.233333E+01   0.167542E-34   0.411423E-37   0.822729E-37   0.164628E-36   0.329209E-36   0.658465E-36   0.131712E-35   0.263405E-35   0.526885E-35   0.105324E-34   0.210604E-34   0.420484E-34   0.670297E-27   0.192029E-20   0.245193E-16   0.840908E-15   0.578556E-15   0.964594E-16   0.503019E-20   0.800145E-24   0.425646E-29   0.471063E-31   0.170054E-27   0.178675E-30   0.417307E-27   0.657523E-27
   0.233333E+01   0.746238E-33   0.445747E-37   0.895139E-37   0.179580E-36   0.359983E-36   0.721613E-36   0.144586E-35   0.289454E-35   0.579547E-35   0.116030E-34   0.232150E-34   0.463878E-34   0.306157E-25   0.877110E-19   0.112034E-14   0.384342E-13   0.264454E-13   0.440529E-14   0.229060E-18   0.364206E-22   0.193466E-27   0.233211E-30   0.777963E-26   0.486168E-30   0.190919E-25   0.300825E-25
   0.233333E+01   0.112865E-31   0.914652E-37   0.185522E-36   0.375194E-36   0.757253E-36   0.152532E-35   0.306860E-35   0.616542E-35   0.123737E-34   0.248227E-34   0.497552E-34   0.996217E-34   0.314628E-24   0.900794E-18   0.114797E-13   0.393129E-12   0.268291E-12   0.446335E-13   0.232964E-17   0.369859E-21   0.203710E-26   0.256938E-29   0.791148E-25   0.434021E-29   0.193992E-24   0.305627E-24
   0.233333E+01   0.448158E-39   0.163549E-35   0.327098E-35   0.654196E-35   0.130838E-34   0.261676E-34   0.523352E-34   0.104671E-33   0.209340E-33   0.418678E-33   0.837359E-33   0.167462E-32   0.134632E-31   0.387051E-25   0.493963E-21   0.169097E-19   0.117946E-19   0.197716E-20   0.105313E-24   0.163584E-28   0.159972E-31   0.171477E-29   0.367786E-32   0.685908E-29   0.877625E-32   0.133838E-31
   0.233333E+01   0.168625E-37   0.163548E-35   0.327097E-35   0.654193E-35   0.130837E-34   0.261674E-34   0.523349E-34   0.104670E-33   0.209338E-33   0.418677E-33   0.837354E-33   0.167463E-32   0.651097E-30   0.186544E-23   0.238096E-19   0.816356E-18   0.561543E-18   0.936109E-19   0.488088E-23   0.776144E-27   0.200058E-31   0.429710E-31   0.165057E-30   0.171822E-30   0.405215E-30   0.638770E-30
   0.233333E+01   0.104499E-35   0.163548E-35   0.327095E-35   0.654196E-35   0.130837E-34   0.261675E-34   0.523356E-34   0.104670E-33   0.525493E-35   0.105069E-34   0.210273E-34   0.419582E-34   0.417120E-28   0.119498E-21   0.152578E-17   0.523266E-16   0.360008E-16   0.600216E-17   0.312999E-21   0.497875E-25   0.279752E-30   0.432052E-31   0.105812E-28   0.172266E-30   0.259662E-28   0.409133E-28
   0.233333E+01   0.459578E-34   0.412599E-37   0.825550E-37   0.165051E-36   0.330173E-36   0.660440E-36   0.132088E-35   0.264251E-35   0.528314E-35   0.105648E-34   0.211341E-34   0.421899E-34   0.189007E-26   0.541498E-20   0.691669E-16   0.237283E-14   0.163297E-14   0.272297E-15   0.142012E-19   0.225952E-23   0.119917E-28   0.546128E-31   0.480304E-27   0.190939E-30   0.117873E-26   0.185729E-26
   0.233333E+01   0.203099E-32   0.492062E-37   0.992823E-37   0.200010E-36   0.402466E-36   0.808693E-36   0.162350E-35   0.325772E-35   0.651506E-35   0.130580E-34   0.261912E-34   0.523672E-34   0.846578E-25   0.242540E-18   0.309894E-14   0.106337E-12   0.731671E-13   0.121727E-13   0.632956E-18   0.100593E-21   0.540971E-27   0.573904E-30   0.215411E-25   0.104387E-29   0.528655E-25   0.833003E-25
   0.233333E+01   0.243502E-31   0.140574E-36   0.292745E-36   0.604804E-36   0.124167E-35   0.253601E-35   0.515798E-35   0.104527E-34   0.209170E-34   0.421861E-34   0.849893E-34   0.170803E-33   0.627678E-24   0.179695E-17   0.229211E-13   0.785544E-12   0.535272E-12   0.880534E-13   0.465156E-17   0.737783E-21   0.405978E-26   0.683537E-29   0.158454E-24   0.113194E-28   0.388509E-24   0.612124E-24
   0.233333E+01   0.112100E-30   0.374881E-35   0.772578E-35   0.158238E-34   0.322516E-34   0.654793E-34   0.132528E-33   0.267578E-33   0.531763E-33   0.106987E-32   0.214995E-32   0.431596E-32   0.146403E-23   0.418974E-17   0.532933E-13   0.182244E-11   0.123542E-11   0.204234E-12   0.107759E-16   0.170877E-20   0.932092E-26   0.227643E-27   0.364965E-24   0.376600E-27   0.894301E-24   0.140873E-23
   0.233333E+01   0.925708E-40   0.163538E-35   0.327077E-35   0.654153E-35   0.130831E-34   0.261661E-34   0.523328E-34   0.104664E-33   0.209339E-33   0.418660E-33   0.837357E-33   0.167464E-32   0.609416E-34   0.330926E-27   0.467406E-23   0.229005E-21   0.271633E-21   0.405340E-22   0.768146E-28   0.406591E-30   0.158894E-31   0.429525E-31   0.183176E-33   0.171822E-30   0.469715E-33   0.790190E-33
   0.233333E+01   0.448686E-37   0.163539E-35   0.327076E-35   0.654149E-35   0.130831E-34   0.261660E-34   0.523320E-34   0.104665E-33   0.209340E-33   0.418660E-33   0.837351E-33   0.167464E-32   0.178067E-29   0.510145E-23   0.651364E-19   0.223388E-17   0.153695E-17   0.256234E-18   0.133621E-22   0.212541E-26   0.271556E-31   0.429618E-31   0.451789E-30   0.171871E-30   0.110900E-29   0.174780E-29
   0.233333E+01   0.209170E-35   0.163540E-35   0.327078E-35   0.654159E-35   0.130832E-34   0.657007E-36   0.131176E-35   0.262314E-35   0.525455E-35   0.104880E-34   0.210288E-34   0.419552E-34   0.856390E-28   0.245352E-21   0.313386E-17   0.107508E-15   0.739847E-16   0.123368E-16   0.643400E-21   0.102368E-24   0.558498E-30   0.435041E-31   0.217602E-28   0.172685E-30   0.534025E-28   0.841447E-28
   0.233333E+01   0.908689E-34   0.412951E-37   0.826079E-37   0.165369E-36   0.330620E-36   0.662932E-36   0.132342E-35   0.264608E-35   0.530195E-35   0.105821E-34   0.212108E-34   0.423524E-34   0.383291E-26   0.109816E-19   0.140322E-15   0.481529E-14   0.331469E-14   0.552773E-15   0.288202E-19   0.458685E-23   0.243420E-28   0.673608E-31   0.975625E-27   0.211708E-30   0.239448E-26   0.377300E-26
   0.233333E+01   0.528655E-32   0.586983E-37   0.119477E-36   0.242869E-36   0.490722E-36   0.987133E-36   0.198922E-35   0.399800E-35   0.799938E-35   0.160447E-34   0.322308E-34   0.645457E-34   0.219334E-24   0.628366E-18   0.803029E-14   0.275599E-12   0.189560E-12   0.314548E-13   0.163917E-17   0.260390E-21   0.141763E-26   0.150580E-29   0.558588E-25   0.255845E-29   0.137084E-24   0.216007E-24
   0.233333E+01   0.494739E-31   0.254712E-36   0.537066E-36   0.112106E-35   0.231859E-35   0.469831E-35   0.960040E-35   0.195294E-34   0.390121E-34   0.788555E-34   0.159108E-33   0.320315E-33   0.104534E-23   0.299204E-17   0.381326E-13   0.130601E-11   0.886827E-12   0.146128E-12   0.772432E-17   0.122487E-20   0.671981E-26   0.188278E-28   0.262858E-24   0.307949E-28   0.644301E-24   0.101509E-23
   0.233333E+01   0.134177E-30   0.848504E-35   0.175991E-34   0.362317E-34   0.741489E-34   0.148461E-33   0.301266E-33   0.609526E-33   0.120820E-32   0.243402E-32   0.489631E-32   0.983748E-32   0.166544E-23   0.476624E-17   0.606213E-13   0.207288E-11   0.140575E-11   0.232553E-12   0.122594E-16   0.194414E-20   0.105979E-25   0.557010E-27   0.415027E-24   0.102818E-26   0.101699E-23   0.160195E-23
   0.233333E+01   0.984477E-40   0.163548E-35   0.327079E-35   0.654186E-35   0.130831E-34   0.261675E-34   0.523348E-34   0.104665E-33   0.209340E-33   0.418657E-33   0.837347E-33   0.167464E-32   0.146260E-33   0.330926E-27   0.446160E-23   0.229005E-21   0.271633E-21   0.457649E-22   0.307258E-27   0.375077E-30   0.158936E-31   0.429464E-31   0.201561E-33   0.171871E-30   0.469715E-33   0.790190E-33
   0.233333E+01   0.146937E-39   0.163548E-35   0.327078E-35   0.654190E-35   0.130831E-34   0.261675E-34   0.523344E-34   0.104665E-33   0.209341E-33   0.418655E-33   0.837351E-33   0.167462E-32   0.427566E-32   0.120854E-25   0.158493E-21   0.535871E-20   0.362415E-20   0.617187E-21   0.321085E-25   0.532212E-29   0.159150E-31   0.429433E-31   0.123088E-32   0.171822E-30   0.291717E-32   0.414854E-32
   0.233333E+01   0.585837E-38   0.163549E-35   0.819672E-37   0.164287E-36   0.327751E-36   0.655362E-36   0.131317E-35   0.262333E-35   0.525606E-35   0.104880E-34   0.210197E-34   0.419582E-34   0.243398E-30   0.697578E-24   0.891406E-20   0.306005E-18   0.210687E-18   0.351285E-19   0.183203E-23   0.291623E-27   0.174317E-31   0.429525E-31   0.620285E-31   0.171748E-30   0.152707E-30   0.240613E-30
   0.233333E+01   0.233649E-33   0.417565E-37   0.833837E-37   0.167273E-36   0.334076E-36   0.668151E-36   0.133969E-35   0.267430E-35   0.536025E-35   0.106987E-34   0.214470E-34   0.428098E-34   0.100888E-25   0.289064E-19   0.369496E-15   0.126832E-13   0.873235E-14   0.145594E-14   0.757847E-19   0.120599E-22   0.642148E-28   0.112649E-30   0.257210E-26   0.286046E-30   0.631308E-26   0.994781E-26
   0.233333E+01   0.101206E-31   0.694188E-37   0.141424E-36   0.289712E-36   0.589299E-36   0.118527E-35   0.240168E-35   0.484435E-35   0.967629E-35   0.194459E-34   0.391370E-34   0.784997E-34   0.402228E-24   0.115225E-17   0.147254E-13   0.505388E-12   0.347219E-12   0.574997E-13   0.300405E-17   0.477027E-21   0.260854E-26   0.315290E-29   0.102435E-24   0.526678E-29   0.251367E-24   0.396087E-24
   0.233333E+01   0.726758E-32   0.827695E-37   0.169812E-36   0.350286E-36   0.717263E-36   0.144562E-35   0.294015E-35   0.595063E-35   0.118749E-34   0.239199E-34   0.481979E-34   0.967930E-34   0.129224E-24   0.369826E-18   0.470940E-14   0.161190E-12   0.109173E-12   0.180709E-13   0.952584E-18   0.151065E-21   0.827970E-27   0.495282E-29   0.323729E-25   0.820983E-29   0.793330E-25   0.124980E-24
   0.233333E+01   0.145846E-30   0.183509E-34   0.376235E-34   0.780563E-34   0.160733E-33   0.321394E-33   0.654794E-33   0.132899E-32   0.262325E-32   0.529546E-32   0.106697E-31   0.214644E-31   0.175688E-23   0.502798E-17   0.639475E-13   0.218654E-11   0.148255E-11   0.246124E-12   0.129320E-16   0.205127E-20   0.111771E-25   0.902808E-27   0.437733E-24   0.196483E-26   0.107263E-23   0.168959E-23
   0.233333E+01   0.300239E-35   0.163547E-35   0.327081E-35   0.654190E-35   0.130838E-34   0.261661E-34   0.523351E-34   0.104665E-33   0.209341E-33   0.418663E-33   0.837362E-33   0.167463E-32   0.121708E-27   0.348685E-21   0.445351E-17   0.152772E-15   0.105131E-15   0.175299E-16   0.914214E-21   0.145452E-24   0.787008E-30   0.438800E-31   0.309179E-28   0.173474E-30   0.758759E-28   0.119555E-27
   0.233333E+01   0.348796E-35   0.163548E-35   0.327079E-35   0.654187E-35   0.130839E-34   0.261661E-34   0.523351E-34   0.104665E-33   0.209343E-33   0.418661E-33   0.837360E-33   0.167464E-32   0.145670E-27   0.417354E-21   0.533266E-17   0.182988E-15   0.125959E-15   0.210064E-16   0.109564E-20   0.174362E-24   0.940335E-30   0.440803E-31   0.370706E-28   0.173733E-30   0.909818E-28   0.143361E-27
   0.233333E+01   0.984155E-34   0.413539E-37   0.825080E-37   0.165474E-36   0.331043E-36   0.660675E-36   0.132455E-35   0.264364E-35   0.529744E-35   0.105753E-34   0.212003E-34   0.423133E-34   0.423463E-26   0.121331E-19   0.155090E-15   0.532350E-14   0.366544E-14   0.611392E-15   0.318919E-19   0.507667E-23   0.269338E-28   0.758256E-31   0.107955E-26   0.227547E-30   0.264971E-26   0.417526E-26
   0.233333E+01   0.179985E-29   0.480426E-35   0.101197E-34   0.215174E-34   0.451880E-34   0.914230E-34   0.188615E-33   0.386665E-33   0.766077E-33   0.155630E-32   0.315168E-32   0.636573E-32   0.794316E-22   0.227595E-15   0.291024E-11   0.999237E-10   0.688105E-10   0.114715E-10   0.596118E-15   0.947966E-19   0.504200E-24   0.620192E-27   0.202822E-22   0.104982E-26   0.497843E-22   0.784491E-22
   0.233333E+01   0.194569E-29   0.502184E-35   0.106672E-34   0.228615E-34   0.483180E-34   0.981165E-34   0.203263E-33   0.418077E-33   0.829216E-33   0.168814E-32   0.342446E-32   0.692603E-32   0.654738E-22   0.187532E-15   0.239580E-11   0.822050E-10   0.563520E-10   0.931924E-11   0.488196E-15   0.774946E-19   0.423713E-24   0.672198E-27   0.166472E-22   0.114116E-26   0.408426E-22   0.643561E-22
   0.233333E+01   0.326239E-30   0.337603E-35   0.723403E-35   0.156319E-34   0.332589E-34   0.678046E-34   0.141082E-33   0.291195E-33   0.578308E-33   0.117998E-32   0.239792E-32   0.485673E-32   0.521749E-23   0.149350E-16   0.190103E-12   0.650415E-11   0.442359E-11   0.733684E-12   0.385186E-16   0.611077E-20   0.332351E-25   0.471470E-27   0.130477E-23   0.802761E-27   0.319819E-23   0.503813E-23
   0.233333E+01   0.585188E-28   0.226709E-31   0.454146E-31   0.931677E-31   0.190233E-30   0.374683E-30   0.759707E-30   0.153623E-29   0.299585E-29   0.603449E-29   0.121384E-28   0.243864E-28   0.859745E-21   0.246192E-14   0.313146E-10   0.107067E-08   0.734856E-09   0.122327E-09   0.636782E-14   0.101111E-17   0.545472E-23   0.404769E-24   0.214383E-21   0.968017E-24   0.525728E-21   0.828145E-21
   0.233333E+01   0.000000E+00   0.000000E+00   0.000000E+00   0.000000E+00   0.000000E+00   0.000000E+00   0.000000E+00   0.000000E+00   0.000000E+00   0.000000E+00   0.000000E+00   0.000000E+00   0.000000E+00   0.000000E+00   0.000000E+00   0.000000E+00   0.000000E+00   0.000000E+00   0.000000E+00   0.000000E+00   0.000000E+00   0.000000E+00   0.000000E+00   0.000000E+00   0.000000E+00   0.000000E+00
   0.233333E+01   0.231468E-26   0.461826E-26   0.923652E-26   0.184730E-25   0.369461E-25   0.738921E-25   0.147784E-24   0.295569E-24   0.591137E-24   0.118227E-23   0.236455E-23   0.472909E-23   0.395922E-20   0.212697E-13   0.340532E-09   0.146803E-07   0.125951E-07   0.206922E-08   0.961411E-13   0.155325E-16   0.131372E-20   0.484259E-20   0.999103E-20   0.193703E-19   0.389109E-19   0.776976E-19
   0.250000E+01   0.218750E-25   0.437500E-25   0.875000E-25   0.175000E-24   0.350000E-24   0.700000E-24   0.140000E-23   0.280000E-23   0.560000E-23   0.112000E-22   0.224000E-22   0.448000E-22   0.348044E-19   0.189742E-12   0.306902E-08   0.133223E-06   0.119007E-06   0.239812E-07   0.143526E-11   0.105621E-15   0.784405E-20   0.458749E-19   0.946645E-19   0.183499E-18   0.368159E-18   0.735317E-18
   0.250000E+01   0.113152E-39   0.163540E-35   0.327075E-35   0.654159E-35   0.130831E-34   0.261665E-34   0.523327E-34   0.104665E-33   0.209328E-33   0.418657E-33   0.837321E-33   0.167464E-32   0.763737E-33   0.230893E-26   0.297954E-22   0.104330E-20   0.661352E-21   0.131673E-21   0.818784E-26   0.705526E-30   0.120596E-31   0.171478E-29   0.494585E-33   0.685918E-29   0.445178E-33   0.790292E-33
   0.250000E+01   0.132243E-38   0.163549E-35   0.327098E-35   0.654193E-35   0.130838E-34   0.261675E-34   0.523355E-34   0.104670E-33   0.209338E-33   0.418679E-33   0.837358E-33   0.167464E-32   0.421953E-31   0.121376E-24   0.156038E-20   0.537563E-19   0.383225E-19   0.778468E-20   0.521241E-24   0.378968E-28   0.122843E-31   0.429557E-31   0.114787E-31   0.685917E-29   0.279159E-31   0.431697E-31
   0.250000E+01   0.164570E-39   0.163549E-35   0.327095E-35   0.654192E-35   0.130838E-34   0.261675E-34   0.523349E-34   0.104670E-33   0.209339E-33   0.418675E-33   0.837358E-33   0.167463E-32   0.260134E-32   0.745670E-26   0.975492E-22   0.332440E-20   0.230050E-20   0.469492E-21   0.316515E-25   0.254620E-29   0.120697E-31   0.171478E-29   0.983647E-33   0.685908E-29   0.168144E-32   0.306235E-32
   0.250000E+01   0.384093E-38   0.163549E-35   0.327095E-35   0.654190E-35   0.130838E-34   0.261675E-34   0.523348E-34   0.104670E-33   0.209340E-33   0.418676E-33   0.837358E-33   0.167463E-32   0.135260E-30   0.388808E-24   0.499623E-20   0.172118E-18   0.122630E-18   0.250408E-19   0.168168E-23   0.121543E-27   0.128355E-31   0.429587E-31   0.359410E-31   0.171822E-30   0.883715E-31   0.140127E-30
   0.250000E+01   0.180748E-36   0.163549E-35   0.327097E-35   0.654196E-35   0.130838E-34   0.261675E-34   0.523354E-34   0.104670E-33   0.209340E-33   0.418677E-33   0.837353E-33   0.167465E-32   0.670521E-29   0.192654E-22   0.247670E-18   0.852910E-17   0.607786E-17   0.124104E-17   0.833642E-22   0.602651E-26   0.518518E-31   0.430019E-31   0.178602E-29   0.171921E-30   0.437614E-29   0.689419E-29
   0.250000E+01   0.920767E-35   0.411041E-37   0.821964E-37   0.164381E-36   0.328762E-36   0.657713E-36   0.131543E-35   0.263066E-35   0.525982E-35   0.105211E-34   0.210453E-34   0.420063E-34   0.321304E-27   0.923072E-21   0.118570E-16   0.408057E-15   0.290614E-15   0.593204E-16   0.398384E-20   0.287842E-24   0.191369E-29   0.450048E-31   0.852627E-28   0.175224E-30   0.208872E-27   0.329032E-27
   0.250000E+01   0.318854E-39   0.163547E-35   0.327094E-35   0.654194E-35   0.130837E-34   0.261676E-34   0.523349E-34   0.104670E-33   0.209340E-33   0.418678E-33   0.837352E-33   0.167463E-32   0.829465E-32   0.240230E-25   0.304892E-21   0.106629E-19   0.759117E-20   0.155135E-20   0.107175E-24   0.766126E-29   0.121046E-31   0.171477E-29   0.246465E-32   0.685916E-29   0.576121E-32   0.844651E-32
   0.250000E+01   0.112157E-37   0.163548E-35   0.327097E-35   0.654192E-35   0.130838E-34   0.261675E-34   0.523354E-34   0.104670E-33   0.209340E-33   0.418681E-33   0.837361E-33   0.167465E-32   0.412328E-30   0.118487E-23   0.152336E-19   0.524664E-18   0.373908E-18   0.763439E-19   0.512803E-23   0.370733E-27   0.144830E-31   0.429495E-31   0.109970E-30   0.171797E-30   0.269590E-30   0.425272E-30
   0.250000E+01   0.516405E-36   0.163548E-35   0.327097E-35   0.654187E-35   0.130837E-34   0.261675E-34   0.523347E-34   0.104670E-33   0.209340E-33   0.418676E-33   0.837361E-33   0.167464E-32   0.197034E-28   0.566138E-22   0.728074E-18   0.250802E-16   0.178769E-16   0.365083E-17   0.245262E-21   0.177346E-25   0.129223E-30   0.430697E-31   0.525657E-29   0.172019E-30   0.128803E-28   0.202915E-28
   0.250000E+01   0.231598E-34   0.411599E-37   0.822905E-37   0.164652E-36   0.329209E-36   0.658653E-36   0.131731E-35   0.263499E-35   0.526998E-35   0.105377E-34   0.210799E-34   0.420515E-34   0.910511E-27   0.261628E-20   0.336594E-16   0.115984E-14   0.826946E-15   0.168908E-15   0.113484E-19   0.820807E-24   0.543625E-29   0.487858E-31   0.243331E-27   0.181448E-30   0.596271E-27   0.939391E-27
   0.250000E+01   0.103268E-32   0.451772E-37   0.907423E-37   0.182108E-36   0.365179E-36   0.732333E-36   0.146711E-35   0.293855E-35   0.588199E-35   0.117753E-34   0.235761E-34   0.471130E-34   0.415849E-25   0.119493E-18   0.153786E-14   0.530069E-13   0.377958E-13   0.771242E-14   0.516644E-18   0.373593E-22   0.246281E-27   0.311022E-30   0.111309E-25   0.615539E-30   0.272767E-25   0.429739E-25
   0.250000E+01   0.161046E-31   0.101666E-36   0.206440E-36   0.417935E-36   0.844099E-36   0.170118E-35   0.342360E-35   0.688106E-35   0.138178E-34   0.277191E-34   0.555737E-34   0.111286E-33   0.428434E-24   0.123015E-17   0.157944E-13   0.543412E-12   0.385007E-12   0.772327E-13   0.526933E-17   0.379782E-21   0.255529E-26   0.371924E-29   0.113429E-24   0.624984E-29   0.277702E-24   0.437457E-24
   0.250000E+01   0.574524E-39   0.163548E-35   0.327092E-35   0.654190E-35   0.130838E-34   0.261678E-34   0.523350E-34   0.104670E-33   0.209340E-33   0.418674E-33   0.837351E-33   0.167462E-32   0.180173E-31   0.519951E-25   0.670600E-21   0.230233E-19   0.162610E-19   0.332655E-20   0.233170E-24   0.163451E-28   0.121564E-31   0.171478E-29   0.501930E-32   0.685918E-29   0.116956E-31   0.189174E-31
   0.250000E+01   0.228957E-37   0.163547E-35   0.327095E-35   0.654189E-35   0.130839E-34   0.261674E-34   0.523352E-34   0.104670E-33   0.209339E-33   0.418681E-33   0.837360E-33   0.167462E-32   0.869239E-30   0.249778E-23   0.321225E-19   0.110656E-17   0.788799E-18   0.161090E-18   0.108211E-22   0.782468E-27   0.172000E-31   0.429772E-31   0.232038E-30   0.171785E-30   0.568802E-30   0.896281E-30
   0.250000E+01   0.144264E-35   0.163547E-35   0.327098E-35   0.654190E-35   0.130838E-34   0.261674E-34   0.523350E-34   0.104670E-33   0.525531E-35   0.105114E-34   0.210273E-34   0.419522E-34   0.565850E-28   0.162592E-21   0.209176E-17   0.720766E-16   0.513885E-16   0.104962E-16   0.705207E-21   0.510052E-25   0.349094E-30   0.433285E-31   0.151206E-28   0.172401E-30   0.370523E-28   0.583739E-28
   0.250000E+01   0.634685E-34   0.412892E-37   0.826020E-37   0.165275E-36   0.330408E-36   0.661004E-36   0.132229E-35   0.264477E-35   0.528916E-35   0.105783E-34   0.211582E-34   0.422350E-34   0.256486E-26   0.737022E-20   0.948557E-16   0.326951E-14   0.233171E-14   0.476335E-15   0.320064E-19   0.231553E-23   0.153152E-28   0.593367E-31   0.686583E-27   0.198852E-30   0.168255E-26   0.265083E-26
   0.250000E+01   0.280725E-32   0.505463E-37   0.102127E-36   0.205923E-36   0.414573E-36   0.833614E-36   0.167522E-35   0.336173E-35   0.672157E-35   0.134755E-34   0.270398E-34   0.540765E-34   0.114649E-24   0.329440E-18   0.424111E-14   0.146217E-12   0.104256E-12   0.212450E-13   0.142361E-17   0.102871E-21   0.684699E-27   0.790674E-30   0.307273E-25   0.140360E-29   0.753003E-25   0.118637E-24
   0.250000E+01   0.338514E-31   0.160132E-36   0.334070E-36   0.691355E-36   0.142108E-35   0.290483E-35   0.591198E-35   0.119902E-34   0.239925E-34   0.484101E-34   0.975379E-34   0.196087E-33   0.831346E-24   0.238675E-17   0.306695E-13   0.105592E-11   0.746358E-12   0.148966E-12   0.102287E-16   0.736761E-21   0.495044E-26   0.988180E-29   0.220870E-24   0.163693E-28   0.540690E-24   0.851788E-24
   0.250000E+01   0.138983E-30   0.446588E-35   0.920414E-35   0.188528E-34   0.384267E-34   0.780185E-34   0.157912E-33   0.318834E-33   0.633623E-33   0.127484E-32   0.256182E-32   0.514293E-32   0.180436E-23   0.517857E-17   0.663649E-13   0.228004E-11   0.160306E-11   0.322908E-12   0.220542E-16   0.158896E-20   0.106130E-25   0.324943E-27   0.473610E-24   0.544869E-27   0.115874E-23   0.182507E-23
   0.250000E+01   0.999176E-40   0.163538E-35   0.327075E-35   0.654163E-35   0.130831E-34   0.261659E-34   0.523325E-34   0.104670E-33   0.209340E-33   0.418655E-33   0.837354E-33   0.167463E-32   0.129604E-33   0.315427E-27   0.448971E-23   0.221038E-21   0.251601E-21   0.502992E-22   0.611033E-27   0.304472E-30   0.120340E-31   0.429587E-31   0.227502E-33   0.171822E-30   0.469798E-33   0.790284E-33
   0.250000E+01   0.606746E-37   0.163539E-35   0.327075E-35   0.654153E-35   0.130831E-34   0.261663E-34   0.523323E-34   0.104665E-33   0.209338E-33   0.418660E-33   0.837353E-33   0.167462E-32   0.236697E-29   0.680142E-23   0.875004E-19   0.301505E-17   0.214966E-17   0.439056E-18   0.294986E-22   0.213348E-26   0.261297E-31   0.429896E-31   0.632635E-30   0.171871E-30   0.155046E-29   0.244282E-29
   0.250000E+01   0.284172E-35   0.163540E-35   0.327078E-35   0.654156E-35   0.130832E-34   0.657195E-36   0.131166E-35   0.262258E-35   0.525493E-35   0.104948E-34   0.210182E-34   0.419612E-34   0.114313E-27   0.328484E-21   0.422752E-17   0.145712E-15   0.103915E-15   0.212282E-16   0.142639E-20   0.103192E-24   0.694045E-30   0.437075E-31   0.305971E-28   0.173030E-30   0.749818E-28   0.118132E-27
   0.250000E+01   0.123521E-33   0.413539E-37   0.826784E-37   0.165498E-36   0.331113E-36   0.663684E-36   0.132483E-35   0.264985E-35   0.531023E-35   0.105994E-34   0.212424E-34   0.424156E-34   0.511880E-26   0.147097E-19   0.189385E-15   0.652966E-14   0.465789E-14   0.951586E-15   0.639070E-19   0.462517E-23   0.306044E-28   0.769812E-31   0.137250E-26   0.227621E-30   0.336368E-26   0.529954E-26
   0.250000E+01   0.728424E-32   0.616606E-37   0.125784E-36   0.256034E-36   0.518158E-36   0.104271E-35   0.210310E-35   0.423084E-35   0.846243E-35   0.169828E-34   0.341161E-34   0.683615E-34   0.294880E-24   0.847292E-18   0.109097E-13   0.376182E-12   0.268124E-12   0.544681E-13   0.366000E-17   0.264289E-21   0.176939E-26   0.211130E-29   0.790914E-25   0.356248E-29   0.193815E-24   0.305362E-24
   0.250000E+01   0.662372E-31   0.297738E-36   0.628831E-36   0.131418E-35   0.272075E-35   0.551622E-35   0.112792E-34   0.229543E-34   0.458556E-34   0.927140E-34   0.187122E-33   0.376784E-33   0.134562E-23   0.386241E-17   0.495886E-13   0.170615E-11   0.120189E-11   0.240430E-12   0.165080E-16   0.118891E-20   0.797110E-26   0.273608E-28   0.356088E-24   0.449257E-28   0.871437E-24   0.137276E-23
   0.250000E+01   0.163033E-30   0.102055E-34   0.211739E-34   0.436019E-34   0.892495E-34   0.178749E-33   0.362776E-33   0.734047E-33   0.145518E-32   0.293180E-32   0.589797E-32   0.118504E-31   0.204424E-23   0.586718E-17   0.751839E-13   0.258285E-11   0.181656E-11   0.366258E-12   0.249881E-16   0.180053E-20   0.120211E-25   0.746241E-27   0.536403E-24   0.143130E-26   0.131239E-23   0.206705E-23
   0.250000E+01   0.969783E-40   0.163546E-35   0.327080E-35   0.654196E-35   0.130830E-34   0.261675E-34   0.523349E-34   0.104666E-33   0.209340E-33   0.418658E-33   0.837354E-33   0.167462E-32   0.129604E-33   0.315427E-27   0.428563E-23   0.221038E-21   0.251601E-21   0.502998E-22   0.244413E-27   0.350848E-30   0.120334E-31   0.429557E-31   0.201889E-33   0.171797E-30   0.469798E-33   0.790284E-33
   0.250000E+01   0.155753E-39   0.163549E-35   0.327077E-35   0.654187E-35   0.130831E-34   0.261676E-34   0.523352E-34   0.104664E-33   0.209340E-33   0.418657E-33   0.837350E-33   0.167463E-32   0.562851E-32   0.161120E-25   0.209792E-21   0.714392E-20   0.510391E-20   0.106931E-20   0.717352E-25   0.528678E-29   0.120620E-31   0.429618E-31   0.170417E-32   0.171785E-30   0.422818E-32   0.691499E-32
   0.250000E+01   0.798895E-38   0.163547E-35   0.819613E-37   0.164228E-36   0.327798E-36   0.655362E-36   0.131345E-35   0.262201E-35   0.525455E-35   0.104926E-34   0.210227E-34   0.419672E-34   0.326704E-30   0.939103E-24   0.120918E-19   0.416956E-18   0.297465E-18   0.607768E-19   0.408414E-23   0.295556E-27   0.139819E-31   0.429557E-31   0.877918E-31   0.171748E-30   0.215266E-30   0.339378E-30
   0.250000E+01   0.316448E-33   0.418711E-37   0.836129E-37   0.167778E-36   0.335180E-36   0.670079E-36   0.134383E-35   0.268521E-35   0.537605E-35   0.107378E-34   0.215178E-34   0.429783E-34   0.134180E-25   0.385600E-19   0.496629E-15   0.171278E-13   0.122203E-13   0.249596E-14   0.167334E-18   0.121116E-22   0.793963E-28   0.140672E-30   0.360344E-26   0.333660E-30   0.883172E-26   0.139149E-25
   0.250000E+01   0.136941E-31   0.742942E-37   0.151727E-36   0.311541E-36   0.635143E-36   0.127875E-35   0.259399E-35   0.523763E-35   0.104610E-34   0.210408E-34   0.423539E-34   0.849876E-34   0.526760E-24   0.151341E-17   0.194860E-13   0.671894E-12   0.478457E-12   0.967633E-13   0.653335E-17   0.471462E-21   0.315837E-26   0.439977E-29   0.141254E-24   0.738360E-29   0.346104E-24   0.545300E-24
   0.250000E+01   0.972185E-32   0.925437E-37   0.190565E-36   0.394472E-36   0.810010E-36   0.163460E-35   0.333013E-35   0.674903E-35   0.134698E-34   0.271639E-34   0.547566E-34   0.110043E-33   0.163381E-24   0.468906E-18   0.601532E-14   0.206834E-12   0.145348E-12   0.292070E-13   0.199969E-17   0.144040E-21   0.964945E-27   0.727790E-29   0.430782E-25   0.121417E-28   0.105402E-24   0.166028E-24
   0.250000E+01   0.176061E-30   0.226198E-34   0.464555E-34   0.964612E-34   0.198769E-33   0.397833E-33   0.810891E-33   0.164640E-32   0.325166E-32   0.656554E-32   0.132312E-31   0.266212E-31   0.215218E-23   0.617706E-17   0.791518E-13   0.271907E-11   0.191213E-11   0.386504E-12   0.263071E-16   0.189595E-20   0.126548E-25   0.113405E-26   0.564637E-24   0.253364E-26   0.138149E-23   0.217585E-23
   0.250000E+01   0.377439E-35   0.163549E-35   0.327078E-35   0.654193E-35   0.130838E-34   0.261675E-34   0.523351E-34   0.104665E-33   0.209340E-33   0.418660E-33   0.837360E-33   0.167464E-32   0.150309E-27   0.431915E-21   0.555838E-17   0.191576E-15   0.136618E-15   0.279082E-16   0.187520E-20   0.135657E-24   0.908720E-30   0.441975E-31   0.402224E-28   0.173880E-30   0.985687E-28   0.155292E-27
   0.250000E+01   0.459741E-35   0.163549E-35   0.327080E-35   0.654194E-35   0.130838E-34   0.261676E-34   0.523353E-34   0.104665E-33   0.209340E-33   0.418663E-33   0.837360E-33   0.167464E-32   0.188623E-27   0.542036E-21   0.697829E-17   0.240590E-15   0.171620E-15   0.350640E-16   0.235627E-20   0.170502E-24   0.113912E-29   0.445026E-31   0.505644E-28   0.174509E-30   0.123922E-27   0.195241E-27
   0.250000E+01   0.124588E-33   0.413774E-37   0.825961E-37   0.165662E-36   0.331325E-36   0.661427E-36   0.132596E-35   0.264665E-35   0.530496E-35   0.105926E-34   0.212198E-34   0.423644E-34   0.526639E-26   0.151344E-19   0.194921E-15   0.672238E-14   0.479659E-14   0.980162E-15   0.658730E-19   0.476790E-23   0.315322E-28   0.861825E-31   0.141426E-26   0.246048E-30   0.346626E-26   0.546128E-26
   0.250000E+01   0.227513E-29   0.553450E-35   0.116987E-34   0.249237E-34   0.524242E-34   0.106285E-33   0.219500E-33   0.450347E-33   0.893461E-33   0.181604E-32   0.367918E-32   0.743363E-32   0.985392E-22   0.283187E-15   0.364852E-11   0.125865E-09   0.898194E-10   0.183436E-10   0.122797E-14   0.888228E-19   0.585905E-24   0.814235E-27   0.265035E-22   0.139824E-26   0.649615E-22   0.102353E-21
   0.250000E+01   0.260561E-29   0.617814E-35   0.131751E-34   0.282985E-34   0.599151E-34   0.121958E-33   0.252941E-33   0.520731E-33   0.103448E-32   0.210728E-32   0.427664E-32   0.865275E-32   0.836811E-22   0.240377E-15   0.309374E-11   0.106643E-09   0.757959E-10   0.152701E-10   0.103609E-14   0.747233E-19   0.500012E-24   0.937477E-27   0.223968E-22   0.161567E-26   0.548651E-22   0.864404E-22
   0.250000E+01   0.410893E-30   0.434477E-35   0.935397E-35   0.202665E-34   0.432127E-34   0.883545E-34   0.184092E-33   0.380390E-33   0.756931E-33   0.154554E-32   0.314257E-32   0.636783E-32   0.632088E-23   0.181459E-16   0.232694E-12   0.799818E-11   0.564062E-11   0.114102E-11   0.774848E-16   0.558602E-20   0.372345E-25   0.684179E-27   0.166402E-23   0.118499E-26   0.407255E-23   0.641474E-23
   0.250000E+01   0.675066E-28   0.285200E-31   0.574323E-31   0.118162E-30   0.241832E-30   0.477918E-30   0.970494E-30   0.196486E-29   0.384086E-29   0.774265E-29   0.155840E-28   0.313243E-28   0.989954E-21   0.284333E-14   0.364388E-10   0.125172E-08   0.890280E-09   0.181687E-09   0.121786E-13   0.879243E-18   0.582762E-23   0.463208E-24   0.259987E-21   0.111841E-23   0.636646E-21   0.100274E-20
   0.250000E+01   0.000000E+00   0.000000E+00   0.000000E+00   0.000000E+00   0.000000E+00   0.000000E+00   0.000000E+00   0.000000E+00   0.000000E+00   0.000000E+00   0.000000E+00   0.000000E+00   0.000000E+00   0.000000E+00   0.000000E+00   0.000000E+00   0.000000E+00   0.000000E+00   0.000000E+00   0.000000E+00   0.000000E+00   0.000000E+00   0.000000E+00   0.000000E+00   0.000000E+00   0.000000E+00
   0.250000E+01   0.231559E-26   0.461826E-26   0.923652E-26   0.184730E-25   0.369461E-25   0.738921E-25   0.147784E-24   0.295569E-24   0.591137E-24   0.118227E-23   0.236455E-23   0.472909E-23   0.377849E-20   0.203294E-13   0.327817E-09   0.141954E-07   0.126565E-07   0.255065E-08   0.152794E-12   0.112424E-16   0.828636E-21   0.484260E-20   0.100203E-19   0.193702E-19   0.389304E-19   0.777264E-19
   0.266667E+01   0.206349E-25   0.420555E-25   0.875000E-25   0.171843E-24   0.350000E-24   0.700000E-24   0.139188E-23   0.280000E-23   0.558422E-23   0.112000E-22   0.223673E-22   0.448000E-22   0.330735E-19   0.180996E-12   0.295000E-08   0.128680E-06   0.119245E-06   0.284051E-07   0.179023E-11   0.284550E-16   0.129163E-20   0.458749E-19   0.949022E-19   0.183499E-18   0.368224E-18   0.735401E-18
   0.266667E+01   0.288398E-36   0.587753E-36   0.327075E-35   0.240162E-35   0.130831E-34   0.261665E-34   0.194522E-34   0.104665E-33   0.780401E-34   0.418657E-33   0.312581E-33   0.167464E-32   0.956677E-33   0.305703E-26   0.358979E-22   0.129797E-20   0.894927E-21   0.277758E-21   0.144883E-25   0.250056E-30   0.221899E-32   0.171478E-29   0.564348E-33   0.685917E-29   0.106341E-32   0.182775E-32
   0.266667E+01   0.288390E-36   0.587784E-36   0.327077E-35   0.240171E-35   0.130839E-34   0.261661E-34   0.194530E-34   0.104664E-33   0.780461E-34   0.418656E-33   0.788410E-35   0.167464E-32   0.561250E-31   0.161926E-24   0.209463E-20   0.724557E-19   0.531753E-19   0.128454E-19   0.909556E-24   0.147969E-28   0.250958E-32   0.429464E-31   0.158046E-31   0.171797E-30   0.388270E-31   0.614518E-31
   0.266667E+01   0.288400E-36   0.587773E-36   0.327079E-35   0.240175E-35   0.130839E-34   0.261664E-34   0.194524E-34   0.104665E-33   0.780423E-34   0.418661E-33   0.312596E-33   0.167463E-32   0.342864E-32   0.998950E-26   0.131626E-21   0.440626E-20   0.341308E-20   0.754247E-21   0.567327E-25   0.933303E-30   0.223289E-32   0.171478E-29   0.129297E-32   0.685918E-29   0.230005E-32   0.429768E-32
   0.266667E+01   0.288401E-36   0.587795E-36   0.327078E-35   0.240171E-35   0.130839E-34   0.261664E-34   0.490704E-36   0.104664E-33   0.197021E-35   0.418657E-33   0.788405E-35   0.167463E-32   0.179752E-30   0.518058E-24   0.670820E-20   0.232072E-18   0.171123E-18   0.411290E-19   0.291471E-23   0.454398E-28   0.319371E-32   0.429587E-31   0.504295E-31   0.171822E-30   0.123010E-30   0.194235E-30
   0.266667E+01   0.736281E-38   0.150300E-37   0.327078E-35   0.614314E-37   0.130838E-34   0.261664E-34   0.498088E-36   0.104665E-33   0.200021E-35   0.418657E-33   0.800422E-35   0.167465E-32   0.891787E-29   0.256931E-22   0.332767E-18   0.115128E-16   0.848927E-17   0.204064E-17   0.144676E-21   0.225485E-26   0.515550E-31   0.430234E-31   0.249931E-29   0.171957E-30   0.611476E-29   0.963248E-29
   0.266667E+01   0.466690E-38   0.101867E-37   0.820436E-37   0.449019E-37   0.328880E-36   0.656255E-36   0.387346E-36   0.262539E-35   0.155741E-35   0.105008E-34   0.638236E-35   0.420063E-34   0.427567E-27   0.123174E-20   0.159399E-16   0.551121E-15   0.406145E-15   0.975957E-16   0.691774E-20   0.107766E-24   0.236066E-29   0.457660E-31   0.119385E-27   0.176543E-30   0.292036E-27   0.459985E-27
   0.266667E+01   0.288401E-36   0.587784E-36   0.327078E-35   0.240163E-35   0.130838E-34   0.261662E-34   0.194524E-34   0.104665E-33   0.780435E-34   0.418659E-33   0.312597E-33   0.167463E-32   0.109699E-31   0.318581E-25   0.408412E-21   0.143033E-19   0.104127E-19   0.249918E-20   0.185295E-24   0.292288E-29   0.227375E-32   0.171478E-29   0.337345E-32   0.685914E-29   0.791378E-32   0.125966E-31
   0.266667E+01   0.288392E-36   0.148462E-37   0.327078E-35   0.606580E-37   0.130838E-34   0.261664E-34   0.490791E-36   0.104665E-33   0.197018E-35   0.418654E-33   0.789146E-35   0.167465E-32   0.547342E-30   0.157715E-23   0.204267E-19   0.706813E-18   0.521182E-18   0.125279E-18   0.888134E-23   0.138432E-27   0.522978E-32   0.429711E-31   0.153537E-30   0.171785E-30   0.375781E-30   0.592289E-30
   0.266667E+01   0.753330E-38   0.153886E-37   0.327078E-35   0.631282E-37   0.130838E-34   0.261662E-34   0.513322E-36   0.104664E-33   0.206095E-35   0.418658E-33   0.825953E-35   0.167464E-32   0.261750E-28   0.754149E-22   0.977098E-18   0.338149E-16   0.249405E-16   0.599607E-17   0.425150E-21   0.662763E-26   0.147279E-30   0.431313E-31   0.734751E-29   0.172081E-30   0.179773E-28   0.283185E-28
   0.266667E+01   0.113644E-37   0.254920E-37   0.821905E-37   0.116872E-36   0.329350E-36   0.657430E-36   0.104077E-35   0.262991E-35   0.424199E-35   0.105196E-34   0.175004E-34   0.420815E-34   0.120994E-26   0.348620E-20   0.451860E-16   0.156426E-14   0.115405E-14   0.277497E-15   0.196780E-19   0.306828E-24   0.646527E-29   0.509582E-31   0.340229E-27   0.185195E-30   0.832497E-27   0.131140E-26
   0.266667E+01   0.497009E-36   0.112389E-35   0.918590E-37   0.521160E-35   0.370822E-36   0.742207E-36   0.468543E-34   0.298068E-35   0.191600E-33   0.119535E-34   0.792540E-33   0.478864E-34   0.552514E-25   0.159197E-18   0.206412E-14   0.714761E-13   0.527358E-13   0.126669E-13   0.895581E-18   0.139694E-22   0.294883E-27   0.411761E-30   0.155601E-25   0.785635E-30   0.380748E-25   0.599791E-25
   0.266667E+01   0.798896E-35   0.175919E-34   0.229386E-36   0.785427E-34   0.939973E-36   0.189410E-35   0.683712E-33   0.766704E-35   0.276271E-32   0.308961E-34   0.113421E-31   0.124168E-33   0.568212E-24   0.163573E-17   0.211564E-13   0.731225E-12   0.536315E-12   0.126078E-12   0.911616E-17   0.141614E-21   0.299634E-26   0.524422E-29   0.158205E-24   0.881970E-29   0.386712E-24   0.609104E-24
   0.266667E+01   0.288398E-36   0.587778E-36   0.327076E-35   0.240166E-35   0.130838E-34   0.261662E-34   0.194524E-34   0.104665E-33   0.780442E-34   0.418656E-33   0.312600E-33   0.167462E-32   0.234903E-31   0.678925E-25   0.875870E-21   0.305279E-19   0.224050E-19   0.542786E-20   0.397583E-24   0.622974E-29   0.234151E-32   0.171477E-29   0.681839E-32   0.685914E-29   0.165447E-31   0.258355E-31
   0.266667E+01   0.729351E-38   0.148516E-37   0.327076E-35   0.606926E-37   0.130838E-34   0.261660E-34   0.491623E-36   0.104664E-33   0.197315E-35   0.418655E-33   0.789281E-35   0.167464E-32   0.113598E-29   0.327316E-23   0.424086E-19   0.146770E-17   0.108251E-17   0.260244E-18   0.184521E-22   0.287641E-27   0.849599E-32   0.429711E-31   0.319001E-30   0.171834E-30   0.780843E-30   0.123002E-29
   0.266667E+01   0.796714E-38   0.163855E-37   0.327078E-35   0.677800E-37   0.130838E-34   0.261664E-34   0.553982E-36   0.104664E-33   0.323338E-36   0.104910E-34   0.132666E-35   0.419642E-34   0.750933E-28   0.216366E-21   0.280433E-17   0.970792E-16   0.716201E-16   0.172212E-16   0.122119E-20   0.190410E-25   0.419041E-30   0.434425E-31   0.211136E-28   0.172635E-30   0.516622E-28   0.813817E-28
   0.266667E+01   0.307126E-37   0.693601E-37   0.824962E-37   0.321182E-36   0.330808E-36   0.660157E-36   0.288457E-35   0.264157E-35   0.117931E-34   0.105663E-34   0.487706E-34   0.422772E-34   0.340492E-26   0.981100E-20   0.127211E-15   0.440511E-14   0.325076E-14   0.781777E-15   0.554414E-19   0.864676E-24   0.182209E-28   0.654689E-31   0.959026E-27   0.209194E-30   0.234677E-26   0.369686E-26
   0.266667E+01   0.134886E-35   0.306916E-35   0.105177E-36   0.143576E-34   0.428421E-36   0.860556E-36   0.130050E-33   0.347344E-35   0.533314E-33   0.139276E-34   0.220988E-32   0.559031E-34   0.151850E-24   0.437523E-18   0.567445E-14   0.196539E-12   0.145005E-12   0.347778E-13   0.246025E-17   0.383441E-22   0.809537E-27   0.107085E-29   0.428174E-25   0.187586E-29   0.104773E-24   0.165052E-24
   0.266667E+01   0.177021E-34   0.405444E-34   0.379502E-36   0.191451E-33   0.161868E-35   0.330996E-35   0.174803E-32   0.136762E-34   0.718955E-32   0.552343E-34   0.298467E-31   0.223823E-33   0.107363E-23   0.309022E-17   0.399977E-13   0.138329E-11   0.101229E-11   0.236801E-12   0.172280E-16   0.267442E-21   0.566064E-26   0.138993E-28   0.299850E-24   0.231311E-28   0.732844E-24   0.115436E-23
   0.266667E+01   0.704061E-33   0.156006E-32   0.108286E-34   0.702750E-32   0.452128E-34   0.917978E-34   0.616402E-31   0.375159E-33   0.249784E-30   0.150007E-32   0.102716E-29   0.605168E-32   0.218518E-23   0.628796E-17   0.811761E-13   0.280167E-11   0.203988E-11   0.481980E-12   0.348447E-16   0.541161E-21   0.114469E-25   0.448078E-27   0.603231E-24   0.767371E-27   0.147356E-23   0.232068E-23
   0.266667E+01   0.288397E-36   0.587738E-36   0.327076E-35   0.240161E-35   0.130838E-34   0.261660E-34   0.194513E-34   0.104665E-33   0.196861E-35   0.418655E-33   0.787916E-35   0.167464E-32   0.123158E-33   0.770275E-27   0.431560E-23   0.213482E-21   0.252553E-21   0.597898E-22   0.106756E-26   0.561750E-31   0.220137E-32   0.429587E-31   0.246788E-33   0.171760E-30   0.469881E-33   0.790377E-33
   0.266667E+01   0.730321E-38   0.149106E-37   0.327075E-35   0.608427E-37   0.130839E-34   0.261660E-34   0.493670E-36   0.104665E-33   0.198023E-35   0.418656E-33   0.792571E-35   0.167463E-32   0.308011E-29   0.887485E-23   0.115026E-18   0.398195E-17   0.293769E-17   0.706348E-18   0.500883E-22   0.780972E-27   0.192963E-31   0.429741E-31   0.866089E-30   0.171871E-30   0.211936E-29   0.333890E-29
   0.266667E+01   0.867542E-38   0.179925E-37   0.327079E-35   0.753175E-37   0.130839E-34   0.655926E-36   0.148095E-36   0.262276E-35   0.605410E-36   0.104956E-34   0.249856E-35   0.419822E-34   0.149368E-27   0.430390E-21   0.558036E-17   0.193235E-15   0.142596E-15   0.342927E-16   0.243200E-20   0.379284E-25   0.832586E-30   0.439818E-31   0.420662E-28   0.173584E-30   0.102937E-27   0.162157E-27
   0.266667E+01   0.610869E-37   0.139113E-36   0.828253E-37   0.651724E-36   0.332312E-36   0.663261E-36   0.591283E-35   0.265398E-35   0.242583E-34   0.106174E-34   0.100558E-33   0.424697E-34   0.669154E-26   0.192818E-19   0.250102E-15   0.866315E-14   0.639452E-14   0.153783E-14   0.108980E-18   0.170081E-23   0.358619E-28   0.892978E-31   0.188780E-26   0.248488E-30   0.461982E-26   0.727777E-26
   0.266667E+01   0.363411E-35   0.833420E-35   0.132637E-36   0.394307E-34   0.548721E-36   0.110233E-35   0.360669E-33   0.448456E-35   0.148440E-32   0.180135E-34   0.616499E-32   0.725263E-34   0.387637E-24   0.111681E-17   0.144867E-13   0.501825E-12   0.370092E-12   0.884637E-13   0.627744E-17   0.977561E-22   0.206432E-26   0.289712E-29   0.109371E-24   0.488924E-29   0.267613E-24   0.421583E-24
   0.266667E+01   0.479637E-34   0.110722E-33   0.730904E-36   0.528776E-33   0.316902E-35   0.642520E-35   0.487540E-32   0.267672E-34   0.201249E-31   0.108152E-33   0.837384E-31   0.439702E-33   0.169272E-23   0.487114E-17   0.629940E-13   0.217714E-11   0.158827E-11   0.372207E-12   0.270845E-16   0.420397E-21   0.889833E-26   0.386795E-28   0.470873E-24   0.639985E-28   0.115049E-23   0.181213E-23
   0.266667E+01   0.205692E-32   0.459437E-32   0.251698E-34   0.209361E-31   0.106144E-33   0.212648E-33   0.185446E-30   0.873475E-33   0.750660E-30   0.348935E-32   0.298873E-29   0.141057E-31   0.246726E-23   0.709987E-17   0.916514E-13   0.316302E-11   0.230359E-11   0.544855E-12   0.393460E-16   0.611143E-21   0.129254E-25   0.965098E-27   0.680909E-24   0.192015E-26   0.166335E-23   0.261953E-23
   0.266667E+01   0.288398E-36   0.587777E-36   0.327078E-35   0.606465E-37   0.130837E-34   0.261663E-34   0.490483E-36   0.104664E-33   0.196782E-35   0.418661E-33   0.788050E-35   0.167464E-32   0.123158E-33   0.698061E-27   0.411943E-23   0.213482E-21   0.252553E-21   0.597906E-22   0.106754E-26   0.544208E-31   0.220155E-32   0.429495E-31   0.227409E-33   0.171859E-30   0.469881E-33   0.790377E-33
   0.266667E+01   0.728103E-38   0.148340E-37   0.327078E-35   0.606349E-37   0.130837E-34   0.261664E-34   0.490575E-36   0.104664E-33   0.196519E-35   0.418656E-33   0.788348E-35   0.167464E-32   0.741589E-32   0.216640E-25   0.281298E-21   0.976039E-20   0.720858E-20   0.170504E-20   0.124139E-24   0.197576E-29   0.224189E-32   0.429372E-31   0.229855E-32   0.171834E-30   0.558911E-32   0.815077E-32
   0.266667E+01   0.728380E-38   0.148534E-37   0.819731E-37   0.202001E-38   0.328457E-36   0.655596E-36   0.164552E-37   0.262276E-35   0.648930E-37   0.104873E-34   0.261428E-36   0.419431E-34   0.429306E-30   0.123725E-23   0.160487E-19   0.555984E-18   0.410456E-18   0.987181E-19   0.700086E-23   0.109214E-27   0.459093E-32   0.429680E-31   0.121297E-30   0.171822E-30   0.296890E-30   0.468200E-30
   0.266667E+01   0.174328E-36   0.401635E-36   0.838891E-37   0.191349E-35   0.336920E-36   0.673088E-36   0.176129E-34   0.269404E-35   0.726209E-34   0.107807E-34   0.300753E-33   0.431348E-34   0.174689E-25   0.503385E-19   0.653162E-15   0.226309E-13   0.167076E-13   0.401707E-14   0.284182E-18   0.443701E-23   0.936461E-28   0.176605E-30   0.493601E-26   0.396188E-30   0.120800E-25   0.190305E-25
   0.266667E+01   0.752326E-35   0.174493E-34   0.163229E-36   0.839265E-34   0.687288E-36   0.138327E-35   0.778764E-33   0.568093E-35   0.322054E-32   0.228283E-34   0.133626E-31   0.923182E-34   0.674730E-24   0.194369E-17   0.252105E-13   0.873262E-12   0.643441E-12   0.153051E-12   0.109174E-16   0.169877E-21   0.358795E-26   0.599400E-29   0.190290E-24   0.101544E-28   0.465540E-24   0.733389E-24
   0.266667E+01   0.127600E-34   0.297908E-34   0.214745E-36   0.144637E-33   0.918908E-36   0.185540E-35   0.135288E-32   0.768434E-35   0.561137E-32   0.309540E-34   0.233260E-31   0.125565E-33   0.202287E-24   0.582063E-18   0.752140E-14   0.259789E-12   0.189096E-12   0.444940E-13   0.322957E-17   0.501369E-22   0.106116E-26   0.103938E-28   0.560741E-25   0.175291E-28   0.136980E-24   0.215745E-24
   0.266667E+01   0.609134E-32   0.137580E-31   0.567655E-34   0.636101E-31   0.243279E-33   0.487395E-33   0.539991E-30   0.201874E-32   0.194229E-29   0.805720E-32   0.638292E-29   0.326812E-31   0.259315E-23   0.746225E-17   0.963261E-13   0.332424E-11   0.242081E-11   0.573688E-12   0.413537E-16   0.642441E-21   0.135855E-25   0.138967E-26   0.715553E-24   0.317107E-26   0.174800E-23   0.275282E-23
   0.266667E+01   0.982863E-38   0.207011E-37   0.327078E-35   0.885688E-37   0.130838E-34   0.261663E-34   0.743935E-36   0.104665E-33   0.297942E-35   0.418658E-33   0.118528E-34   0.167464E-32   0.182542E-27   0.525975E-21   0.681934E-17   0.236129E-15   0.174242E-15   0.419023E-16   0.297159E-20   0.463423E-25   0.101682E-29   0.445395E-31   0.513971E-28   0.174546E-30   0.125769E-27   0.198123E-27
   0.266667E+01   0.105328E-37   0.223649E-37   0.327077E-35   0.967873E-37   0.130839E-34   0.261664E-34   0.821253E-36   0.104665E-33   0.329075E-35   0.418663E-33   0.130983E-34   0.167465E-32   0.239623E-27   0.690479E-21   0.895568E-17   0.310200E-15   0.228964E-15   0.550708E-16   0.390591E-20   0.609271E-25   0.133621E-29   0.450387E-31   0.675883E-28   0.175433E-30   0.165401E-27   0.260561E-27
   0.266667E+01   0.851311E-37   0.198478E-36   0.827254E-37   0.962344E-36   0.331866E-36   0.662602E-36   0.886350E-35   0.265097E-35   0.355664E-34   0.106077E-34   0.140347E-33   0.424397E-34   0.644092E-26   0.185604E-19   0.240828E-15   0.834422E-14   0.616072E-14   0.148203E-14   0.105125E-18   0.164018E-23   0.345685E-28   0.985885E-31   0.181993E-26   0.268900E-30   0.445401E-26   0.701672E-26
   0.266667E+01   0.154767E-32   0.363360E-32   0.135239E-34   0.177892E-31   0.608224E-34   0.123563E-33   0.165194E-30   0.524527E-33   0.664852E-30   0.211913E-32   0.262838E-29   0.868097E-32   0.120195E-21   0.346366E-15   0.449575E-11   0.155812E-09   0.115054E-09   0.276603E-10   0.195422E-14   0.304913E-19   0.643179E-24   0.104618E-26   0.340138E-22   0.182486E-26   0.832474E-22   0.131149E-21
   0.266667E+01   0.189830E-32   0.450688E-32   0.161893E-34   0.224321E-31   0.739154E-34   0.150806E-33   0.211386E-30   0.645214E-33   0.855521E-30   0.261667E-32   0.339420E-29   0.107535E-31   0.104622E-21   0.301321E-15   0.390647E-11   0.135269E-09   0.994974E-10   0.235496E-10   0.168968E-14   0.262723E-19   0.555055E-24   0.127311E-26   0.294418E-22   0.222999E-26   0.720107E-22   0.113440E-21
   0.266667E+01   0.143513E-32   0.344945E-32   0.120231E-34   0.174868E-31   0.558105E-34   0.114430E-33   0.167516E-30   0.493868E-33   0.682244E-30   0.201185E-32   0.271760E-29   0.829750E-32   0.753451E-23   0.216873E-16   0.280144E-12   0.967297E-11   0.706284E-11   0.167699E-11   0.120490E-15   0.187264E-20   0.395756E-25   0.963790E-27   0.208575E-23   0.170335E-26   0.509679E-23   0.802710E-23
   0.266667E+01   0.100407E-28   0.207653E-28   0.722875E-31   0.753677E-28   0.305988E-30   0.606659E-30   0.406758E-27   0.250097E-29   0.113394E-26   0.988542E-29   0.305435E-26   0.400387E-28   0.112609E-20   0.324330E-14   0.418731E-10   0.144503E-08   0.106349E-08   0.255605E-09   0.180778E-13   0.281485E-18   0.593454E-23   0.523100E-24   0.311124E-21   0.127198E-23   0.760759E-21   0.119808E-20
   0.266667E+01   0.000000E+00   0.000000E+00   0.000000E+00   0.000000E+00   0.000000E+00   0.000000E+00   0.000000E+00   0.000000E+00   0.000000E+00   0.000000E+00   0.000000E+00   0.000000E+00   0.000000E+00   0.000000E+00   0.000000E+00   0.000000E+00   0.000000E+00   0.000000E+00   0.000000E+00   0.000000E+00   0.000000E+00   0.000000E+00   0.000000E+00   0.000000E+00   0.000000E+00   0.000000E+00
   0.266667E+01   0.217911E-26   0.444122E-26   0.923651E-26   0.181465E-25   0.369461E-25   0.738921E-25   0.146963E-24   0.295568E-24   0.589571E-24   0.118227E-23   0.236137E-23   0.472909E-23   0.361181E-20   0.194533E-13   0.315890E-09   0.137384E-07   0.127015E-07   0.302581E-08   0.190916E-12   0.303390E-17   0.136981E-21   0.484260E-20   0.100513E-19   0.193702E-19   0.389515E-19   0.777578E-19
   0.283333E+01   0.206451E-25   0.420700E-25   0.875000E-25   0.171873E-24   0.350000E-24   0.694154E-24   0.139196E-23   0.280000E-23   0.558440E-23   0.112000E-22   0.223677E-22   0.448000E-22   0.314563E-19   0.172784E-12   0.283748E-08   0.124367E-06   0.119314E-06   0.327608E-07   0.213228E-11   0.309988E-16   0.140004E-20   0.458748E-19   0.951459E-19   0.183499E-18   0.368287E-18   0.735485E-18
   0.283333E+01   0.288538E-36   0.587953E-36   0.327075E-35   0.240206E-35   0.130831E-34   0.970110E-35   0.194533E-34   0.104665E-33   0.780419E-34   0.418657E-33   0.312596E-33   0.167464E-32   0.130941E-32   0.371109E-26   0.479251E-22   0.179077E-20   0.139557E-20   0.347425E-21   0.254144E-25   0.375062E-30   0.242895E-32   0.171479E-29   0.668356E-33   0.685913E-29   0.106360E-32   0.182796E-32
   0.283333E+01   0.288539E-36   0.587978E-36   0.327077E-35   0.240214E-35   0.130832E-34   0.970147E-35   0.194538E-34   0.104664E-33   0.196953E-35   0.418656E-33   0.789025E-35   0.167464E-32   0.732477E-31   0.211739E-24   0.275965E-20   0.958927E-19   0.730683E-19   0.201301E-19   0.147712E-23   0.210132E-28   0.285181E-32   0.429495E-31   0.216233E-31   0.171797E-30   0.530316E-31   0.834440E-31
   0.283333E+01   0.288542E-36   0.587981E-36   0.327079E-35   0.240214E-35   0.130831E-34   0.970138E-35   0.194539E-34   0.104665E-33   0.780464E-34   0.418661E-33   0.312611E-33   0.167463E-32   0.441771E-32   0.127763E-25   0.170568E-21   0.602424E-20   0.449762E-20   0.121879E-20   0.931252E-25   0.135309E-29   0.244814E-32   0.171478E-29   0.161203E-32   0.685918E-29   0.353709E-32   0.553329E-32
   0.283333E+01   0.288545E-36   0.587986E-36   0.327078E-35   0.240204E-35   0.130831E-34   0.244886E-36   0.491108E-36   0.104664E-33   0.196727E-35   0.418657E-33   0.788720E-35   0.167463E-32   0.234352E-30   0.676982E-24   0.883048E-20   0.306840E-18   0.233739E-18   0.644164E-19   0.473140E-23   0.673519E-28   0.383205E-32   0.429649E-31   0.690755E-31   0.171772E-30   0.168199E-30   0.265107E-30
   0.283333E+01   0.739973E-38   0.151002E-37   0.327078E-35   0.618864E-37   0.130831E-34   0.249828E-36   0.501859E-36   0.104665E-33   0.201415E-35   0.418657E-33   0.807048E-35   0.167465E-32   0.116347E-28   0.336037E-22   0.438413E-18   0.152372E-16   0.116076E-16   0.319955E-17   0.235045E-21   0.334607E-26   0.732161E-31   0.430419E-31   0.342692E-29   0.171896E-30   0.837189E-29   0.131861E-28
   0.283333E+01   0.654133E-38   0.139995E-37   0.820436E-37   0.636355E-37   0.328245E-36   0.268992E-36   0.553425E-36   0.262539E-35   0.223529E-35   0.105068E-34   0.915152E-35   0.420123E-34   0.558131E-27   0.161187E-20   0.210123E-16   0.729816E-15   0.555648E-15   0.153109E-15   0.112451E-19   0.160010E-24   0.338794E-29   0.467582E-31   0.163791E-27   0.178219E-30   0.400064E-27   0.630068E-27
   0.283333E+01   0.288535E-36   0.587992E-36   0.327078E-35   0.240210E-35   0.130830E-34   0.970133E-35   0.194538E-34   0.104665E-33   0.780467E-34   0.418658E-33   0.312614E-33   0.167463E-32   0.142550E-31   0.415918E-25   0.543214E-21   0.189145E-19   0.143172E-19   0.396392E-20   0.300250E-24   0.431261E-29   0.250764E-32   0.171477E-29   0.446407E-32   0.685916E-29   0.108586E-31   0.168963E-31
   0.283333E+01   0.728879E-38   0.148655E-37   0.327078E-35   0.607082E-37   0.130830E-34   0.245072E-36   0.491289E-36   0.104665E-33   0.196950E-35   0.418662E-33   0.788860E-35   0.167464E-32   0.712782E-30   0.205886E-23   0.268614E-19   0.933617E-18   0.711261E-18   0.196043E-18   0.144013E-22   0.205027E-27   0.674545E-32   0.429649E-31   0.210090E-30   0.171846E-30   0.513446E-30   0.808898E-30
   0.283333E+01   0.763548E-38   0.156115E-37   0.327078E-35   0.642523E-37   0.130830E-34   0.260086E-36   0.522983E-36   0.104664E-33   0.210078E-35   0.418659E-33   0.842346E-35   0.167464E-32   0.341095E-28   0.985197E-22   0.128581E-17   0.447018E-16   0.340622E-16   0.939045E-17   0.689912E-21   0.982356E-26   0.210307E-30   0.431991E-31   0.100630E-28   0.172216E-30   0.245846E-28   0.387222E-28
   0.283333E+01   0.160184E-37   0.352417E-37   0.821905E-37   0.166812E-36   0.328786E-36   0.721554E-36   0.149702E-35   0.263160E-35   0.612068E-35   0.105264E-34   0.252985E-34   0.421086E-34   0.157720E-26   0.455566E-20   0.594808E-16   0.206852E-14   0.157662E-14   0.434721E-15   0.319423E-19   0.454923E-24   0.927436E-29   0.537654E-31   0.466116E-27   0.189941E-30   0.113883E-26   0.179375E-26
   0.283333E+01   0.705526E-36   0.156348E-35   0.932637E-37   0.748723E-35   0.376229E-36   0.325839E-34   0.677793E-34   0.303183E-35   0.278104E-33   0.121634E-34   0.115194E-32   0.487441E-34   0.720029E-25   0.207975E-18   0.271632E-14   0.944892E-13   0.720235E-13   0.198359E-13   0.145318E-17   0.206993E-22   0.422799E-27   0.540508E-30   0.213107E-25   0.100634E-29   0.520681E-25   0.820134E-25
   0.283333E+01   0.116236E-34   0.250820E-34   0.254718E-36   0.115650E-33   0.104412E-35   0.491421E-33   0.101369E-32   0.853371E-35   0.410981E-32   0.343997E-34   0.168958E-31   0.138285E-33   0.736460E-24   0.212498E-17   0.276831E-13   0.961097E-12   0.728362E-12   0.195975E-12   0.147078E-16   0.208635E-21   0.427113E-26   0.723327E-29   0.215388E-24   0.122206E-28   0.525631E-24   0.827818E-24
   0.283333E+01   0.288545E-36   0.587986E-36   0.327078E-35   0.240207E-35   0.130830E-34   0.970161E-35   0.194543E-34   0.104666E-33   0.780452E-34   0.418656E-33   0.788397E-35   0.167464E-32   0.300580E-31   0.870556E-25   0.113133E-20   0.393556E-19   0.301746E-19   0.827947E-20   0.634988E-24   0.906470E-29   0.259051E-32   0.429433E-31   0.909207E-32   0.685910E-29   0.220140E-31   0.352747E-31
   0.283333E+01   0.730127E-38   0.148652E-37   0.327079E-35   0.607878E-37   0.130830E-34   0.245352E-36   0.492121E-36   0.104665E-33   0.197321E-35   0.418662E-33   0.790498E-35   0.167463E-32   0.145715E-29   0.420886E-23   0.549321E-19   0.190975E-17   0.145523E-17   0.401182E-18   0.294737E-22   0.419657E-27   0.112883E-31   0.429680E-31   0.429970E-30   0.171846E-30   0.105076E-29   0.165559E-29
   0.283333E+01   0.825258E-38   0.169987E-37   0.327079E-35   0.708201E-37   0.130832E-34   0.288808E-36   0.583281E-36   0.104664E-33   0.438882E-36   0.104858E-34   0.180748E-35   0.419552E-34   0.977561E-28   0.282363E-21   0.368656E-17   0.128202E-15   0.977136E-16   0.269423E-16   0.197964E-20   0.281937E-25   0.599129E-30   0.436182E-31   0.288871E-28   0.172968E-30   0.705776E-28   0.111166E-27
   0.283333E+01   0.434096E-37   0.961310E-37   0.825608E-37   0.459763E-36   0.330431E-36   0.199956E-35   0.415793E-35   0.264496E-35   0.170566E-34   0.105753E-34   0.706398E-34   0.423072E-34   0.443397E-26   0.128078E-19   0.167286E-15   0.581927E-14   0.443657E-14   0.122347E-14   0.898996E-19   0.128070E-23   0.261115E-28   0.732865E-31   0.131255E-26   0.222616E-30   0.320706E-26   0.505150E-26
   0.283333E+01   0.191246E-35   0.426428E-35   0.108463E-36   0.206016E-34   0.441939E-36   0.901544E-34   0.187900E-33   0.359363E-35   0.773124E-33   0.144174E-34   0.320798E-32   0.578802E-34   0.197238E-24   0.569693E-18   0.744265E-14   0.258955E-12   0.197377E-12   0.542720E-13   0.397919E-17   0.566404E-22   0.115696E-26   0.142815E-29   0.584450E-25   0.248791E-29   0.142797E-24   0.224927E-24
   0.283333E+01   0.256311E-34   0.575275E-34   0.428891E-36   0.280540E-33   0.183203E-35   0.123492E-32   0.257918E-32   0.155105E-34   0.106435E-31   0.626634E-34   0.442459E-31   0.254030E-33   0.135658E-23   0.391348E-17   0.510157E-13   0.177214E-11   0.134026E-11   0.358713E-12   0.270923E-16   0.384008E-21   0.786451E-26   0.191084E-28   0.397823E-24   0.320361E-28   0.970686E-24   0.152882E-23
   0.283333E+01   0.101840E-32   0.221135E-32   0.125998E-34   0.102877E-31   0.526110E-34   0.439613E-31   0.908624E-31   0.436578E-33   0.369432E-30   0.174567E-32   0.152017E-29   0.704261E-32   0.260665E-23   0.751832E-17   0.977633E-13   0.338932E-11   0.255127E-11   0.689579E-12   0.517499E-16   0.733875E-21   0.150202E-25   0.599383E-27   0.755930E-24   0.105407E-26   0.184362E-23   0.290315E-23
   0.283333E+01   0.288538E-36   0.587938E-36   0.327078E-35   0.240216E-35   0.130830E-34   0.970142E-35   0.490710E-36   0.104666E-33   0.196755E-35   0.418659E-33   0.788532E-35   0.167464E-32   0.181979E-33   0.608941E-27   0.943407E-23   0.206310E-21   0.253082E-21   0.890656E-22   0.108921E-26   0.623120E-31   0.240914E-32   0.429618E-31   0.253430E-33   0.171859E-30   0.469962E-33   0.790470E-33
   0.283333E+01   0.732484E-38   0.149299E-37   0.327074E-35   0.610637E-37   0.130830E-34   0.246564E-36   0.494355E-36   0.104664E-33   0.198405E-35   0.418660E-33   0.794539E-35   0.167464E-32   0.393430E-29   0.113641E-22   0.148370E-18   0.515957E-17   0.393250E-17   0.108428E-17   0.796686E-22   0.113461E-26   0.264213E-31   0.429680E-31   0.116262E-29   0.171896E-30   0.284082E-29   0.447456E-29
   0.283333E+01   0.924273E-38   0.191997E-37   0.327080E-35   0.815672E-37   0.130831E-34   0.992691E-37   0.205700E-36   0.262276E-35   0.842125E-36   0.104941E-34   0.349023E-35   0.419702E-34   0.191564E-27   0.553342E-21   0.722715E-17   0.251402E-15   0.191664E-15   0.528549E-16   0.388401E-20   0.553271E-25   0.117351E-29   0.443392E-31   0.567005E-28   0.174151E-30   0.138541E-27   0.218219E-27
   0.283333E+01   0.857986E-37   0.191570E-36   0.829664E-37   0.927331E-36   0.332030E-36   0.406369E-35   0.847415E-35   0.265831E-35   0.348961E-34   0.106347E-34   0.144845E-33   0.425480E-34   0.858549E-26   0.248005E-19   0.324042E-15   0.112755E-13   0.859836E-14   0.237111E-14   0.174066E-18   0.248142E-23   0.506332E-28   0.104884E-30   0.254559E-26   0.275346E-30   0.622024E-26   0.979786E-26
   0.283333E+01   0.517167E-35   0.116255E-34   0.140166E-36   0.568264E-34   0.580906E-36   0.250545E-33   0.523562E-33   0.476122E-35   0.216234E-32   0.191291E-34   0.899335E-32   0.771064E-34   0.499620E-24   0.144293E-17   0.188532E-13   0.656039E-12   0.499824E-12   0.136940E-12   0.100742E-16   0.143290E-21   0.292738E-26   0.390276E-29   0.148116E-24   0.661899E-29   0.361860E-24   0.569991E-24
   0.283333E+01   0.697571E-34   0.157843E-33   0.843593E-36   0.778810E-33   0.366272E-35   0.345406E-32   0.723292E-32   0.309855E-34   0.299608E-31   0.125234E-33   0.124841E-30   0.509285E-33   0.208762E-23   0.602128E-17   0.784244E-13   0.272242E-11   0.205314E-11   0.550230E-12   0.415765E-16   0.589208E-21   0.120676E-25   0.534377E-28   0.609781E-24   0.893246E-28   0.148743E-23   0.234256E-23
   0.283333E+01   0.299834E-32   0.656479E-32   0.296075E-34   0.309090E-31   0.124917E-33   0.133076E-30   0.275496E-30   0.102860E-32   0.110794E-29   0.410991E-32   0.427720E-29   0.166161E-31   0.293469E-23   0.846476E-17   0.110063E-12   0.381554E-11   0.287273E-11   0.777290E-12   0.582674E-16   0.826409E-21   0.169117E-25   0.121312E-26   0.850848E-24   0.249532E-26   0.207516E-23   0.326772E-23
   0.283333E+01   0.288552E-36   0.587969E-36   0.327075E-35   0.605777E-37   0.130830E-34   0.244886E-36   0.490326E-36   0.104666E-33   0.196639E-35   0.418659E-33   0.787915E-35   0.167463E-32   0.188254E-33   0.608941E-27   0.886802E-23   0.206310E-21   0.253082E-21   0.690273E-22   0.145224E-26   0.689639E-31   0.240923E-32   0.429556E-31   0.233995E-33   0.171760E-30   0.469962E-33   0.790470E-33
   0.283333E+01   0.728324E-38   0.148222E-37   0.327076E-35   0.606006E-37   0.130831E-34   0.244699E-36   0.490231E-36   0.104665E-33   0.196938E-35   0.418660E-33   0.788062E-35   0.167465E-32   0.952149E-32   0.276896E-25   0.361136E-21   0.126509E-19   0.967495E-20   0.264092E-20   0.199680E-24   0.289250E-29   0.246598E-32   0.429526E-31   0.302079E-32   0.171772E-30   0.692576E-32   0.107704E-31
   0.283333E+01   0.728879E-38   0.491712E-39   0.819496E-37   0.204348E-38   0.327892E-36   0.825300E-38   0.166432E-37   0.262182E-35   0.641449E-37   0.104895E-34   0.253920E-36   0.419461E-34   0.553665E-30   0.159956E-23   0.208999E-19   0.727250E-18   0.554712E-18   0.152983E-18   0.112427E-22   0.160177E-27   0.579761E-32   0.429556E-31   0.164339E-30   0.171834E-30   0.401768E-30   0.633266E-30
   0.283333E+01   0.248679E-36   0.562043E-36   0.842241E-37   0.276955E-35   0.337743E-36   0.122767E-34   0.257010E-34   0.270627E-35   0.106216E-33   0.108288E-34   0.438381E-33   0.433364E-34   0.223226E-25   0.644836E-19   0.842831E-15   0.293357E-13   0.223747E-13   0.616856E-14   0.452071E-18   0.644549E-23   0.131647E-27   0.222001E-30   0.662886E-26   0.476836E-30   0.161987E-25   0.255161E-25
   0.283333E+01   0.107160E-34   0.243810E-34   0.176183E-36   0.121287E-33   0.744017E-36   0.540828E-33   0.113456E-32   0.617539E-35   0.470287E-32   0.248415E-34   0.194463E-31   0.100537E-33   0.847660E-24   0.244767E-17   0.319772E-13   0.111262E-11   0.846913E-12   0.230858E-12   0.170752E-16   0.242667E-21   0.495860E-26   0.800167E-29   0.251130E-24   0.137235E-28   0.613423E-24   0.966243E-24
   0.283333E+01   0.189656E-34   0.434355E-34   0.242769E-36   0.218115E-33   0.104403E-35   0.978367E-33   0.205670E-32   0.877295E-35   0.855059E-32   0.353762E-34   0.354227E-31   0.143668E-33   0.245992E-24   0.709446E-18   0.923323E-14   0.320332E-12   0.241087E-12   0.648410E-13   0.488886E-17   0.692945E-22   0.141912E-26   0.144896E-28   0.716094E-25   0.247659E-28   0.174645E-24   0.275035E-24
   0.283333E+01   0.903866E-32   0.200243E-31   0.687417E-34   0.952354E-31   0.295082E-33   0.394178E-30   0.772721E-30   0.245339E-32   0.264331E-29   0.980055E-32   0.826575E-29   0.397666E-31   0.307993E-23   0.888387E-17   0.115509E-12   0.400423E-11   0.301463E-11   0.816945E-12   0.611522E-16   0.867461E-21   0.177497E-25   0.166948E-26   0.892853E-24   0.387450E-26   0.217763E-23   0.342906E-23
   0.283333E+01   0.108278E-37   0.228615E-37   0.327079E-35   0.100152E-36   0.130832E-34   0.417686E-36   0.846736E-36   0.104665E-33   0.336738E-35   0.418663E-33   0.133089E-34   0.167465E-32   0.218465E-27   0.631044E-21   0.824159E-17   0.286678E-15   0.218549E-15   0.602677E-16   0.442863E-20   0.630834E-25   0.133771E-29   0.449401E-31   0.646483E-28   0.175298E-30   0.157959E-27   0.248803E-27
   0.283333E+01   0.120051E-37   0.255772E-37   0.327078E-35   0.114075E-36   0.130832E-34   0.479979E-36   0.974735E-36   0.104665E-33   0.388203E-35   0.418659E-33   0.153041E-34   0.167462E-32   0.299360E-27   0.864747E-21   0.112982E-16   0.393124E-15   0.299782E-15   0.826820E-16   0.607638E-20   0.865741E-25   0.183506E-29   0.456643E-31   0.887424E-28   0.176641E-30   0.216845E-27   0.341564E-27
   0.283333E+01   0.119046E-36   0.272735E-36   0.828370E-37   0.136839E-35   0.331701E-36   0.605388E-35   0.125125E-34   0.265530E-35   0.495528E-34   0.106235E-34   0.192662E-33   0.425179E-34   0.776339E-26   0.224267E-19   0.293127E-15   0.102026E-13   0.778227E-14   0.214676E-14   0.157784E-18   0.224856E-23   0.458520E-28   0.113293E-30   0.230543E-26   0.296510E-30   0.563379E-26   0.887431E-26
   0.283333E+01   0.216236E-32   0.498735E-32   0.156324E-34   0.252672E-31   0.705530E-34   0.112455E-30   0.232924E-30   0.610852E-33   0.925122E-30   0.247247E-32   0.360354E-29   0.101359E-31   0.144465E-21   0.417330E-15   0.545653E-11   0.189972E-09   0.144923E-09   0.399511E-10   0.292450E-14   0.416656E-19   0.850456E-24   0.132066E-26   0.429642E-22   0.234071E-26   0.104996E-21   0.165392E-21
   0.283333E+01   0.279378E-32   0.651766E-32   0.197995E-34   0.335823E-31   0.907448E-34   0.151123E-30   0.314257E-30   0.795592E-33   0.125530E-29   0.323332E-32   0.490749E-29   0.132983E-31   0.128319E-21   0.370443E-15   0.483712E-11   0.168240E-09   0.127853E-09   0.346677E-10   0.257972E-14   0.366319E-19   0.748780E-24   0.169100E-26   0.379244E-22   0.301134E-26   0.926104E-22   0.145873E-21
   0.283333E+01   0.219660E-32   0.519095E-32   0.153675E-34   0.272657E-31   0.716638E-34   0.124265E-30   0.259589E-30   0.637464E-33   0.104381E-29   0.260336E-32   0.409722E-29   0.107475E-31   0.885670E-23   0.255536E-16   0.332469E-12   0.115309E-10   0.870268E-11   0.236485E-11   0.176330E-15   0.250257E-20   0.511730E-25   0.132137E-26   0.257528E-23   0.239077E-26   0.628306E-23   0.989426E-23
   0.283333E+01   0.140601E-28   0.277465E-28   0.905848E-31   0.960595E-28   0.385412E-30   0.287422E-27   0.483789E-27   0.316889E-29   0.131404E-26   0.125624E-28   0.348013E-26   0.509371E-28   0.126752E-20   0.365983E-14   0.475956E-10   0.164996E-08   0.125453E-08   0.345862E-09   0.253407E-13   0.360435E-18   0.735156E-23   0.584386E-24   0.368006E-21   0.142851E-23   0.898510E-21   0.141486E-20
   0.283333E+01   0.000000E+00   0.000000E+00   0.000000E+00   0.000000E+00   0.000000E+00   0.000000E+00   0.000000E+00   0.000000E+00   0.000000E+00   0.000000E+00   0.000000E+00   0.000000E+00   0.000000E+00   0.000000E+00   0.000000E+00   0.000000E+00   0.000000E+00   0.000000E+00   0.000000E+00   0.000000E+00   0.000000E+00   0.000000E+00   0.000000E+00   0.000000E+00   0.000000E+00   0.000000E+00
   0.283333E+01   0.218054E-26   0.444336E-26   0.923651E-26   0.181514E-25   0.369461E-25   0.733004E-25   0.146978E-24   0.295568E-24   0.589607E-24   0.118227E-23   0.236145E-23   0.472910E-23   0.345810E-20   0.186363E-13   0.304695E-09   0.133076E-07   0.127312E-07   0.349578E-08   0.227838E-12   0.331142E-17   0.148588E-21   0.484261E-20   0.100837E-19   0.193703E-19   0.389744E-19   0.777921E-19
   0.300000E+01   0.218750E-25   0.437500E-25   0.875000E-25   0.175000E-24   0.350000E-24   0.700000E-24   0.140000E-23   0.280000E-23   0.560000E-23   0.112000E-22   0.224000E-22   0.448000E-22   0.299439E-19   0.165066E-12   0.273101E-08   0.120269E-06   0.119179E-06   0.370998E-07   0.252576E-11   0.426412E-16   0.101629E-20   0.458748E-19   0.953902E-19   0.183498E-18   0.368350E-18   0.735568E-18
   0.300000E+01   0.817739E-36   0.163540E-35   0.327075E-35   0.654159E-35   0.130831E-34   0.261665E-34   0.523327E-34   0.104665E-33   0.209328E-33   0.418657E-33   0.837321E-33   0.167464E-32   0.162677E-32   0.469781E-26   0.659213E-22   0.223435E-20   0.188793E-20   0.557025E-21   0.397301E-25   0.672159E-30   0.168035E-32   0.171478E-29   0.810191E-33   0.685906E-29   0.168226E-32   0.182837E-32
   0.300000E+01   0.817740E-36   0.163549E-35   0.327098E-35   0.654193E-35   0.130838E-34   0.261675E-34   0.523355E-34   0.104670E-33   0.209338E-33   0.418679E-33   0.837358E-33   0.167464E-32   0.940201E-31   0.272374E-24   0.357501E-20   0.124757E-18   0.979771E-19   0.304272E-19   0.234579E-23   0.387091E-28   0.214642E-32   0.429587E-31   0.290826E-31   0.171822E-30   0.711745E-31   0.111766E-30
   0.300000E+01   0.817739E-36   0.163549E-35   0.327095E-35   0.654192E-35   0.130838E-34   0.261675E-34   0.523349E-34   0.104670E-33   0.209339E-33   0.418675E-33   0.837358E-33   0.167463E-32   0.570863E-32   0.167058E-25   0.219375E-21   0.756488E-20   0.594589E-20   0.185001E-20   0.146679E-24   0.247109E-29   0.170202E-32   0.171478E-29   0.207692E-32   0.685914E-29   0.423053E-32   0.691742E-32
   0.300000E+01   0.817742E-36   0.163549E-35   0.327095E-35   0.654190E-35   0.130838E-34   0.261675E-34   0.523348E-34   0.104670E-33   0.209340E-33   0.418676E-33   0.837358E-33   0.167463E-32   0.300383E-30   0.869644E-24   0.114249E-19   0.398768E-18   0.313230E-18   0.973144E-19   0.750313E-23   0.123837E-27   0.321830E-32   0.429649E-31   0.928933E-31   0.171834E-30   0.226784E-30   0.357186E-30
   0.300000E+01   0.817737E-36   0.163549E-35   0.327097E-35   0.654196E-35   0.130838E-34   0.261675E-34   0.523354E-34   0.104670E-33   0.209340E-33   0.418677E-33   0.837353E-33   0.167465E-32   0.149235E-28   0.431978E-22   0.567646E-18   0.198170E-16   0.155656E-16   0.483733E-17   0.373100E-21   0.615812E-26   0.791913E-31   0.430635E-31   0.461448E-29   0.171970E-30   0.112559E-28   0.177261E-28
   0.300000E+01   0.205565E-37   0.411335E-37   0.822670E-37   0.164475E-36   0.328950E-36   0.658136E-36   0.131627E-35   0.263236E-35   0.526095E-35   0.105294E-34   0.210513E-34   0.420123E-34   0.716294E-27   0.207322E-20   0.272215E-16   0.949711E-15   0.745540E-15   0.231612E-15   0.178601E-19   0.294650E-24   0.371075E-29   0.479938E-31   0.220677E-27   0.180388E-30   0.538192E-27   0.847516E-27
   0.300000E+01   0.817749E-36   0.163549E-35   0.327097E-35   0.654186E-35   0.130837E-34   0.261674E-34   0.523355E-34   0.104671E-33   0.209341E-33   0.418676E-33   0.837365E-33   0.167463E-32   0.183166E-31   0.531468E-25   0.692810E-21   0.244502E-19   0.191469E-19   0.597326E-20   0.477186E-24   0.790636E-29   0.176681E-32   0.171479E-29   0.591122E-32   0.685916E-29   0.137797E-31   0.226299E-31
   0.300000E+01   0.817739E-36   0.163548E-35   0.327094E-35   0.654192E-35   0.130837E-34   0.261677E-34   0.523348E-34   0.104671E-33   0.209338E-33   0.418682E-33   0.837361E-33   0.167464E-32   0.912602E-30   0.264178E-23   0.347157E-19   0.121196E-17   0.951980E-18   0.295833E-18   0.228172E-22   0.376613E-27   0.640084E-32   0.429680E-31   0.282293E-30   0.171883E-30   0.688762E-30   0.108524E-29
   0.300000E+01   0.817740E-36   0.163547E-35   0.327097E-35   0.654187E-35   0.130838E-34   0.261674E-34   0.523348E-34   0.104670E-33   0.209340E-33   0.418675E-33   0.837351E-33   0.167464E-32   0.437006E-28   0.126501E-21   0.166290E-17   0.580704E-16   0.456240E-16   0.141807E-16   0.109386E-20   0.180583E-25   0.229034E-30   0.432545E-31   0.135345E-28   0.172327E-30   0.330155E-28   0.519955E-28
   0.300000E+01   0.205976E-37   0.411952E-37   0.824374E-37   0.164804E-36   0.329773E-36   0.659546E-36   0.131937E-35   0.263875E-35   0.527675E-35   0.105535E-34   0.210995E-34   0.421207E-34   0.202131E-26   0.585133E-20   0.769482E-16   0.268795E-14   0.211241E-14   0.656681E-15   0.506603E-19   0.836526E-24   0.101166E-28   0.572629E-31   0.627109E-27   0.196042E-30   0.152985E-26   0.240937E-26
   0.300000E+01   0.234217E-37   0.471902E-37   0.949799E-37   0.191006E-36   0.383423E-36   0.769573E-36   0.154319E-35   0.309315E-35   0.619721E-35   0.124087E-34   0.248430E-34   0.496498E-34   0.922437E-25   0.267022E-18   0.351263E-14   0.122735E-12   0.964604E-13   0.299489E-13   0.230367E-17   0.380394E-22   0.460542E-27   0.702593E-30   0.286592E-25   0.128810E-29   0.699158E-25   0.110113E-24
   0.300000E+01   0.677952E-37   0.138655E-36   0.282330E-36   0.572865E-36   0.115890E-35   0.233890E-35   0.471129E-35   0.947806E-35   0.190426E-34   0.382222E-34   0.766746E-34   0.153617E-33   0.935465E-24   0.270463E-17   0.354846E-13   0.123736E-11   0.966930E-12   0.293011E-12   0.231096E-16   0.379920E-21   0.461134E-26   0.977980E-29   0.287043E-24   0.166352E-28   0.699340E-24   0.110126E-23
   0.300000E+01   0.817740E-36   0.163549E-35   0.327097E-35   0.654194E-35   0.130838E-34   0.261674E-34   0.523347E-34   0.104670E-33   0.209341E-33   0.418679E-33   0.837359E-33   0.167462E-32   0.378478E-31   0.109751E-24   0.144428E-20   0.502251E-19   0.396827E-19   0.123267E-19   0.990017E-24   0.163653E-28   0.185697E-32   0.429433E-31   0.119532E-31   0.685916E-29   0.287716E-31   0.449138E-31
   0.300000E+01   0.817742E-36   0.163548E-35   0.327094E-35   0.654185E-35   0.130838E-34   0.261677E-34   0.523354E-34   0.104669E-33   0.209341E-33   0.418679E-33   0.837353E-33   0.167463E-32   0.183867E-29   0.532259E-23   0.699667E-19   0.244334E-17   0.191966E-17   0.596663E-18   0.460224E-22   0.759781E-27   0.112256E-31   0.429587E-31   0.569542E-30   0.171785E-30   0.138967E-29   0.218867E-29
   0.300000E+01   0.817749E-36   0.163548E-35   0.327095E-35   0.654189E-35   0.130838E-34   0.261676E-34   0.523353E-34   0.104671E-33   0.525531E-35   0.105099E-34   0.210243E-34   0.419732E-34   0.125116E-27   0.362186E-21   0.476282E-17   0.166371E-15   0.130746E-15   0.406443E-16   0.313552E-20   0.517744E-25   0.653603E-30   0.438277E-31   0.388126E-28   0.173276E-30   0.946842E-28   0.149119E-27
   0.300000E+01   0.206946E-37   0.413950E-37   0.828136E-37   0.165639E-36   0.331372E-36   0.662838E-36   0.132643E-35   0.265267E-35   0.530383E-35   0.106122E-34   0.212199E-34   0.423524E-34   0.567677E-26   0.164338E-19   0.216192E-15   0.755421E-14   0.593825E-14   0.184626E-14   0.142425E-18   0.235253E-23   0.284543E-28   0.830856E-31   0.176409E-26   0.239601E-30   0.430383E-26   0.677830E-26
   0.300000E+01   0.272200E-37   0.552335E-37   0.112001E-36   0.226471E-36   0.456962E-36   0.920788E-36   0.185277E-35   0.372284E-35   0.744605E-35   0.149357E-34   0.299874E-34   0.600198E-34   0.251816E-24   0.728911E-18   0.959111E-14   0.335194E-12   0.263422E-12   0.816452E-13   0.628661E-17   0.103736E-21   0.125600E-26   0.187738E-29   0.783223E-25   0.326805E-29   0.191069E-24   0.300929E-24
   0.300000E+01   0.108575E-36   0.230080E-36   0.482182E-36   0.100120E-35   0.206318E-35   0.422618E-35   0.861412E-35   0.174921E-34   0.350023E-34   0.706809E-34   0.142487E-33   0.286614E-33   0.168181E-23   0.486132E-17   0.638167E-13   0.222643E-11   0.173660E-11   0.523383E-12   0.415413E-16   0.682351E-21   0.828618E-26   0.257472E-28   0.517274E-24   0.435417E-28   0.126002E-23   0.198428E-23
   0.300000E+01   0.339015E-35   0.704297E-35   0.145176E-34   0.297399E-34   0.606230E-34   0.123093E-33   0.249159E-33   0.503090E-33   0.999797E-33   0.201164E-32   0.404253E-32   0.811563E-32   0.306876E-23   0.886934E-17   0.116153E-12   0.404461E-11   0.314111E-11   0.955621E-12   0.753792E-16   0.123889E-20   0.150362E-25   0.780114E-27   0.933823E-24   0.141244E-26   0.227377E-23   0.358012E-23
   0.300000E+01   0.817740E-36   0.163549E-35   0.327093E-35   0.654199E-35   0.130838E-34   0.261673E-34   0.523320E-34   0.104671E-33   0.209337E-33   0.418657E-33   0.837354E-33   0.167464E-32   0.248894E-33   0.581739E-27   0.908008E-23   0.422931E-21   0.253171E-21   0.100804E-21   0.322134E-26   0.113616E-30   0.166152E-32   0.429649E-31   0.272817E-33   0.171785E-30   0.470043E-33   0.790563E-33
   0.300000E+01   0.817739E-36   0.163537E-35   0.327078E-35   0.654153E-35   0.130830E-34   0.261661E-34   0.523322E-34   0.104670E-33   0.209341E-33   0.418656E-33   0.837362E-33   0.167463E-32   0.494372E-29   0.143113E-22   0.188193E-18   0.657373E-17   0.516603E-17   0.160592E-17   0.123887E-21   0.204564E-26   0.274181E-31   0.429926E-31   0.153362E-29   0.171859E-30   0.374145E-29   0.589266E-29
   0.300000E+01   0.817744E-36   0.163539E-35   0.327079E-35   0.654149E-35   0.130831E-34   0.655738E-36   0.131129E-35   0.262333E-35   0.525794E-35   0.104926E-34   0.210258E-34   0.419642E-34   0.241676E-27   0.699631E-21   0.920366E-17   0.321589E-15   0.252792E-15   0.785960E-16   0.606392E-20   0.100150E-24   0.126285E-29   0.447706E-31   0.750942E-28   0.174829E-30   0.183206E-27   0.288539E-27
   0.300000E+01   0.207783E-37   0.415008E-37   0.830781E-37   0.166180E-36   0.332594E-36   0.666929E-36   0.133066E-35   0.266282E-35   0.533580E-35   0.106513E-34   0.213477E-34   0.426112E-34   0.108356E-25   0.313689E-19   0.412817E-15   0.144288E-13   0.113448E-13   0.352704E-14   0.271785E-18   0.449233E-23   0.543734E-28   0.124331E-30   0.337262E-26   0.309427E-30   0.822861E-26   0.129599E-25
   0.300000E+01   0.350679E-37   0.722723E-37   0.148294E-36   0.302913E-36   0.616241E-36   0.124217E-35   0.250916E-35   0.506328E-35   0.101273E-34   0.203502E-34   0.409245E-34   0.820566E-34   0.632822E-24   0.183153E-17   0.241017E-13   0.842391E-12   0.661716E-12   0.204311E-12   0.157888E-16   0.260327E-21   0.315278E-26   0.517015E-29   0.196890E-24   0.883592E-29   0.480266E-24   0.756414E-24
   0.300000E+01   0.212183E-36   0.456271E-36   0.967232E-36   0.202681E-35   0.420597E-35   0.853912E-35   0.174840E-34   0.356226E-34   0.711755E-34   0.144021E-33   0.290796E-33   0.585832E-33   0.253094E-23   0.731446E-17   0.959372E-13   0.334481E-11   0.260226E-11   0.785041E-12   0.623478E-16   0.102393E-20   0.124354E-25   0.723442E-28   0.775380E-24   0.122313E-27   0.188821E-23   0.297340E-23
   0.300000E+01   0.792361E-35   0.166156E-34   0.345076E-34   0.711166E-34   0.145666E-33   0.292041E-33   0.592959E-33   0.120023E-32   0.238026E-32   0.479667E-32   0.965128E-32   0.193945E-31   0.344650E-23   0.996149E-17   0.130448E-12   0.454217E-11   0.352818E-11   0.107450E-11   0.846654E-16   0.139171E-20   0.168888E-25   0.148925E-26   0.104854E-23   0.315340E-26   0.255316E-23   0.401998E-23
   0.300000E+01   0.817742E-36   0.163548E-35   0.327095E-35   0.654192E-35   0.130831E-34   0.261673E-34   0.523348E-34   0.104664E-33   0.209338E-33   0.418661E-33   0.837357E-33   0.167463E-32   0.179203E-33   0.581739E-27   0.853527E-23   0.422931E-21   0.253171E-21   0.781239E-22   0.343605E-26   0.104512E-30   0.166183E-32   0.429618E-31   0.272272E-33   0.171834E-30   0.470043E-33   0.790563E-33
   0.300000E+01   0.817730E-36   0.163548E-35   0.327097E-35   0.654192E-35   0.130831E-34   0.261674E-34   0.523349E-34   0.104665E-33   0.209340E-33   0.418660E-33   0.837351E-33   0.167463E-32   0.119748E-31   0.350141E-25   0.461449E-21   0.159118E-19   0.126730E-19   0.391128E-20   0.313323E-24   0.522022E-29   0.172272E-32   0.429464E-31   0.389690E-32   0.171772E-30   0.907936E-32   0.147242E-31
   0.300000E+01   0.817743E-36   0.410718E-37   0.819261E-37   0.164252E-36   0.327845E-36   0.656866E-36   0.131336E-35   0.262276E-35   0.525606E-35   0.104895E-34   0.210137E-34   0.419702E-34   0.702390E-30   0.203362E-23   0.267624E-19   0.935484E-18   0.735598E-18   0.228733E-18   0.176478E-22   0.291544E-27   0.533140E-32   0.429587E-31   0.218798E-30   0.171846E-30   0.534043E-30   0.841208E-30
   0.300000E+01   0.211016E-37   0.422943E-37   0.845592E-37   0.169706E-36   0.339201E-36   0.680047E-36   0.136122E-35   0.271925E-35   0.544715E-35   0.108808E-34   0.218052E-34   0.435561E-34   0.280601E-25   0.812353E-19   0.106943E-14   0.373891E-13   0.294031E-13   0.913892E-14   0.703070E-18   0.116207E-22   0.140698E-27   0.278561E-30   0.874718E-26   0.579276E-30   0.213427E-25   0.336151E-25
   0.300000E+01   0.440752E-37   0.916504E-37   0.190536E-36   0.393908E-36   0.808105E-36   0.163154E-35   0.332204E-35   0.672985E-35   0.134424E-34   0.270977E-34   0.546122E-34   0.109739E-33   0.104686E-23   0.302920E-17   0.398556E-13   0.139285E-11   0.109310E-11   0.335760E-12   0.260893E-16   0.429786E-21   0.520673E-26   0.104897E-28   0.325422E-24   0.182328E-28   0.793624E-24   0.124994E-23
   0.300000E+01   0.619045E-37   0.130515E-36   0.275025E-36   0.574488E-36   0.118911E-35   0.240901E-35   0.493002E-35   0.100320E-34   0.200270E-34   0.404927E-34   0.817708E-34   0.164628E-33   0.294509E-24   0.851078E-18   0.111547E-13   0.388681E-12   0.301833E-12   0.913432E-13   0.724071E-17   0.118934E-21   0.144433E-26   0.197699E-28   0.899321E-25   0.342739E-28   0.218968E-24   0.344796E-24
   0.300000E+01   0.187781E-34   0.392652E-34   0.825891E-34   0.171959E-33   0.355126E-33   0.713023E-33   0.145542E-32   0.295844E-32   0.585388E-32   0.118285E-31   0.238514E-31   0.480117E-31   0.361247E-23   0.104414E-16   0.136729E-12   0.476077E-11   0.369784E-11   0.112761E-11   0.887451E-16   0.145898E-20   0.177032E-25   0.197306E-26   0.109892E-23   0.464044E-26   0.267587E-23   0.421317E-23
   0.300000E+01   0.817750E-36   0.163549E-35   0.327099E-35   0.654192E-35   0.130838E-34   0.261678E-34   0.523354E-34   0.104670E-33   0.209341E-33   0.418682E-33   0.837362E-33   0.167464E-32   0.258115E-27   0.747217E-21   0.982916E-17   0.343431E-15   0.269951E-15   0.839291E-16   0.647523E-20   0.106940E-24   0.134838E-29   0.453962E-31   0.801841E-28   0.176222E-30   0.195622E-27   0.308092E-27
   0.300000E+01   0.817744E-36   0.163548E-35   0.327098E-35   0.654190E-35   0.130840E-34   0.261678E-34   0.523351E-34   0.104671E-33   0.209342E-33   0.418683E-33   0.837366E-33   0.419822E-34   0.368496E-27   0.106680E-20   0.140385E-16   0.490660E-15   0.385786E-15   0.119962E-15   0.925626E-20   0.152904E-24   0.192733E-29   0.464500E-31   0.114675E-27   0.178108E-30   0.279787E-27   0.440659E-27
   0.300000E+01   0.207548E-37   0.415390E-37   0.831368E-37   0.166403E-36   0.333135E-36   0.666176E-36   0.133320E-35   0.266677E-35   0.533355E-35   0.106445E-34   0.213372E-34   0.425991E-34   0.923819E-26   0.267457E-19   0.352097E-15   0.123100E-13   0.968150E-14   0.301101E-14   0.232353E-18   0.383911E-23   0.464406E-28   0.130540E-30   0.287994E-26   0.329506E-30   0.702706E-26   0.110677E-25
   0.300000E+01   0.379723E-35   0.828477E-35   0.180649E-34   0.387143E-34   0.818189E-34   0.166914E-33   0.345760E-33   0.711127E-33   0.141646E-32   0.288353E-32   0.584904E-32   0.116718E-31   0.171397E-21   0.496215E-15   0.653462E-11   0.228522E-09   0.179748E-09   0.558641E-10   0.429339E-14   0.709094E-19   0.857945E-24   0.164159E-26   0.535085E-22   0.295443E-26   0.130565E-21   0.205647E-21
   0.300000E+01   0.495192E-35   0.109379E-34   0.241064E-34   0.521116E-34   0.110906E-33   0.227332E-33   0.473055E-33   0.976468E-33   0.194880E-32   0.397647E-32   0.808092E-32   0.161416E-31   0.154765E-21   0.447713E-15   0.588733E-11   0.205660E-09   0.161150E-09   0.492394E-10   0.384886E-14   0.633499E-19   0.767792E-24   0.220284E-26   0.479823E-22   0.398530E-26   0.116982E-21   0.184239E-21
   0.300000E+01   0.390859E-35   0.875627E-35   0.195359E-34   0.426550E-34   0.915176E-34   0.188673E-33   0.394685E-33   0.818160E-33   0.163701E-32   0.334938E-32   0.682133E-32   0.136433E-31   0.102855E-22   0.297381E-16   0.389657E-12   0.135737E-10   0.105674E-10   0.323317E-11   0.253355E-15   0.416769E-20   0.505368E-25   0.176514E-26   0.313788E-23   0.327704E-26   0.764337E-23   0.120350E-22
   0.300000E+01   0.261863E-31   0.540291E-31   0.113034E-30   0.234559E-30   0.483400E-30   0.964476E-30   0.196734E-29   0.399749E-29   0.786536E-29   0.158920E-28   0.320452E-28   0.635592E-28   0.141368E-20   0.409103E-14   0.535852E-10   0.186586E-08   0.146278E-08   0.454783E-09   0.349786E-13   0.576849E-18   0.697674E-23   0.646962E-24   0.430827E-21   0.158769E-23   0.105030E-20   0.165369E-20
   0.300000E+01   0.000000E+00   0.000000E+00   0.000000E+00   0.000000E+00   0.000000E+00   0.000000E+00   0.000000E+00   0.000000E+00   0.000000E+00   0.000000E+00   0.000000E+00   0.000000E+00   0.000000E+00   0.000000E+00   0.000000E+00   0.000000E+00   0.000000E+00   0.000000E+00   0.000000E+00   0.000000E+00   0.000000E+00   0.000000E+00   0.000000E+00   0.000000E+00   0.000000E+00   0.000000E+00
   0.300000E+01   0.230913E-26   0.461826E-26   0.923652E-26   0.184730E-25   0.369461E-25   0.738922E-25   0.147784E-24   0.295569E-24   0.591137E-24   0.118227E-23   0.236455E-23   0.472910E-23   0.331639E-20   0.178744E-13   0.294186E-09   0.129012E-07   0.127418E-07   0.396628E-08   0.270474E-12   0.456476E-17   0.108048E-21   0.484261E-20   0.101170E-19   0.193703E-19   0.389991E-19   0.778293E-19
   0.316667E+01   0.206641E-25   0.420970E-25   0.875000E-25   0.171927E-24   0.350000E-24   0.694265E-24   0.139212E-23   0.280000E-23   0.558474E-23   0.112000E-22   0.223685E-22   0.448000E-22   0.285284E-19   0.157805E-12   0.263018E-08   0.116371E-06   0.118901E-06   0.413760E-07   0.300143E-11   0.941296E-16   0.618558E-21   0.458749E-19   0.956429E-19   0.183498E-18   0.368412E-18   0.735650E-18
   0.316667E+01   0.288807E-36   0.588333E-36   0.327075E-35   0.240278E-35   0.130831E-34   0.970274E-35   0.194554E-34   0.104665E-33   0.780470E-34   0.418657E-33   0.312599E-33   0.167464E-32   0.202223E-32   0.606518E-26   0.820265E-22   0.293385E-20   0.238461E-20   0.802649E-21   0.647158E-25   0.198910E-29   0.841913E-33   0.171478E-29   0.988663E-33   0.685912E-29   0.168255E-32   0.306379E-32
   0.316667E+01   0.288809E-36   0.588381E-36   0.327077E-35   0.240289E-35   0.130832E-34   0.970316E-35   0.490793E-36   0.104664E-33   0.196928E-35   0.418656E-33   0.788452E-35   0.167464E-32   0.118875E-30   0.344907E-24   0.455991E-20   0.159849E-18   0.129152E-18   0.445911E-19   0.367732E-23   0.112472E-27   0.131510E-32   0.429526E-31   0.385079E-31   0.171822E-30   0.939504E-31   0.147704E-30
   0.316667E+01   0.288806E-36   0.588370E-36   0.327079E-35   0.240285E-35   0.130831E-34   0.970311E-35   0.194563E-34   0.104665E-33   0.780519E-34   0.418661E-33   0.312617E-33   0.167463E-32   0.719731E-32   0.209868E-25   0.277036E-21   0.961996E-20   0.775372E-20   0.268115E-20   0.229307E-24   0.712364E-29   0.863285E-33   0.171478E-29   0.263006E-32   0.685911E-29   0.618583E-32   0.938902E-32
   0.316667E+01   0.288805E-36   0.588375E-36   0.327078E-35   0.606358E-37   0.130831E-34   0.245111E-36   0.491164E-36   0.104664E-33   0.197002E-35   0.418657E-33   0.788597E-35   0.167463E-32   0.379314E-30   0.110020E-23   0.145539E-19   0.510275E-18   0.412509E-18   0.142496E-18   0.117527E-22   0.359687E-27   0.239646E-32   0.429588E-31   0.122955E-30   0.171846E-30   0.299617E-30   0.472070E-30
   0.316667E+01   0.752035E-38   0.153785E-37   0.327078E-35   0.630955E-37   0.130831E-34   0.255697E-36   0.513605E-36   0.104665E-33   0.205892E-35   0.418657E-33   0.825556E-35   0.167465E-32   0.188556E-28   0.546837E-22   0.723665E-18   0.253747E-16   0.205186E-16   0.708860E-17   0.584746E-21   0.178996E-25   0.791336E-31   0.430789E-31   0.611350E-29   0.172043E-30   0.148892E-28   0.234457E-28
   0.316667E+01   0.125061E-37   0.271035E-37   0.820553E-37   0.125186E-36   0.328339E-36   0.533966E-36   0.110174E-35   0.262709E-35   0.448247E-35   0.105084E-34   0.184329E-34   0.420184E-34   0.905518E-27   0.262592E-20   0.347226E-16   0.121673E-14   0.983320E-15   0.339593E-15   0.280072E-19   0.856918E-24   0.358170E-29   0.495469E-31   0.292529E-27   0.183112E-30   0.712330E-27   0.112162E-26
   0.316667E+01   0.288805E-36   0.588361E-36   0.327079E-35   0.240290E-35   0.130830E-34   0.970311E-35   0.194563E-34   0.104664E-33   0.780526E-34   0.418658E-33   0.312613E-33   0.167463E-32   0.230564E-31   0.670422E-25   0.887426E-21   0.310603E-19   0.250095E-19   0.869108E-20   0.746516E-24   0.229113E-28   0.928653E-33   0.171477E-29   0.775966E-32   0.685914E-29   0.182358E-31   0.285624E-31
   0.316667E+01   0.730520E-38   0.148778E-37   0.327076E-35   0.607736E-37   0.130830E-34   0.245391E-36   0.491906E-36   0.104664E-33   0.197562E-35   0.418662E-33   0.790390E-35   0.167464E-32   0.115095E-29   0.333803E-23   0.441749E-19   0.154895E-17   0.125258E-17   0.432722E-18   0.356946E-22   0.109263E-26   0.560311E-32   0.429557E-31   0.373319E-30   0.171859E-30   0.909392E-30   0.143232E-29
   0.316667E+01   0.796868E-38   0.163652E-37   0.327077E-35   0.678874E-37   0.130831E-34   0.275890E-36   0.555865E-36   0.104665E-33   0.223483E-35   0.418655E-33   0.899020E-35   0.167464E-32   0.551509E-28   0.159950E-21   0.211749E-17   0.742694E-16   0.600716E-16   0.207562E-16   0.171238E-20   0.524284E-25   0.230213E-30   0.433439E-31   0.179103E-28   0.172512E-30   0.436226E-28   0.686923E-28
   0.316667E+01   0.309336E-37   0.688121E-37   0.822787E-37   0.330150E-36   0.329185E-36   0.144292E-35   0.300280E-35   0.263405E-35   0.123618E-34   0.105399E-34   0.512388E-34   0.421387E-34   0.255172E-26   0.740079E-20   0.980133E-16   0.343881E-14   0.278219E-14   0.961470E-15   0.793297E-19   0.242942E-23   0.101578E-28   0.615986E-31   0.830113E-27   0.203696E-30   0.202197E-26   0.318406E-26
   0.316667E+01   0.137407E-35   0.307899E-35   0.964551E-37   0.149269E-34   0.389723E-36   0.656450E-34   0.136948E-33   0.314637E-35   0.565493E-33   0.126344E-34   0.234866E-32   0.506279E-34   0.116395E-24   0.337568E-18   0.447203E-14   0.156942E-12   0.126980E-12   0.438229E-13   0.360537E-17   0.110395E-21   0.461530E-27   0.903847E-30   0.379168E-25   0.164368E-29   0.923568E-25   0.145441E-24
   0.316667E+01   0.235617E-34   0.514101E-34   0.311759E-36   0.239965E-33   0.128087E-35   0.103040E-32   0.213166E-32   0.104865E-34   0.869754E-32   0.423057E-34   0.358525E-31   0.170141E-33   0.116731E-23   0.338062E-17   0.446625E-13   0.156411E-11   0.125833E-11   0.423595E-12   0.357521E-16   0.108960E-20   0.456896E-26   0.129865E-28   0.375345E-24   0.222833E-28   0.912933E-24   0.143745E-23
   0.316667E+01   0.288809E-36   0.588363E-36   0.327078E-35   0.240288E-35   0.130830E-34   0.970293E-35   0.194563E-34   0.104666E-33   0.780500E-34   0.418658E-33   0.788274E-35   0.167464E-32   0.469893E-31   0.136529E-24   0.180039E-20   0.634176E-19   0.513125E-19   0.177352E-19   0.152385E-23   0.467639E-28   0.101873E-32   0.429495E-31   0.154984E-31   0.685912E-29   0.376593E-31   0.590520E-31
   0.316667E+01   0.731631E-38   0.148945E-37   0.327079E-35   0.609688E-37   0.130832E-34   0.245997E-36   0.493205E-36   0.104665E-33   0.197933E-35   0.418656E-33   0.792629E-35   0.167463E-32   0.228657E-29   0.663174E-23   0.877922E-19   0.307920E-17   0.249062E-17   0.860549E-18   0.709938E-22   0.217361E-26   0.103333E-31   0.429557E-31   0.742652E-30   0.171859E-30   0.180891E-29   0.284893E-29
   0.316667E+01   0.919153E-38   0.190766E-37   0.327079E-35   0.809245E-37   0.130831E-34   0.333670E-36   0.675642E-36   0.104665E-33   0.825296E-36   0.104895E-34   0.340772E-35   0.419582E-34   0.157736E-27   0.457484E-21   0.605859E-17   0.212562E-15   0.171972E-15   0.594294E-16   0.490342E-20   0.150162E-24   0.657865E-30   0.440989E-31   0.513084E-28   0.173769E-30   0.124975E-27   0.196803E-27
   0.316667E+01   0.840438E-37   0.188183E-36   0.827254E-37   0.911469E-36   0.331066E-36   0.400647E-35   0.835571E-35   0.265041E-35   0.344995E-34   0.106024E-34   0.143251E-33   0.424246E-34   0.715911E-26   0.207644E-19   0.275096E-15   0.965459E-14   0.781306E-14   0.270037E-14   0.222774E-18   0.682488E-23   0.285394E-28   0.952605E-31   0.233277E-26   0.261097E-30   0.568247E-26   0.894861E-26
   0.316667E+01   0.371434E-35   0.837456E-35   0.115786E-36   0.409581E-34   0.473136E-36   0.181126E-33   0.378600E-33   0.386107E-35   0.156770E-32   0.154932E-34   0.652249E-32   0.622557E-34   0.316608E-24   0.918160E-18   0.121665E-13   0.427056E-12   0.345500E-12   0.119017E-12   0.980370E-17   0.299972E-21   0.125435E-26   0.243407E-29   0.103242E-24   0.425080E-29   0.251468E-24   0.396012E-24
   0.316667E+01   0.514824E-34   0.116840E-33   0.539340E-36   0.576807E-33   0.231102E-35   0.256584E-32   0.537442E-32   0.196155E-34   0.223200E-31   0.792791E-34   0.930359E-31   0.321546E-33   0.205063E-23   0.593719E-17   0.784778E-13   0.274956E-11   0.220829E-11   0.739364E-12   0.627895E-16   0.191190E-20   0.802166E-26   0.340669E-28   0.660725E-24   0.581962E-28   0.160670E-23   0.252993E-23
   0.316667E+01   0.204483E-32   0.448985E-32   0.165811E-34   0.211462E-31   0.692435E-34   0.913176E-31   0.189290E-30   0.574656E-33   0.774004E-30   0.229784E-32   0.316019E-29   0.927045E-32   0.357144E-23   0.103401E-16   0.136361E-12   0.476881E-11   0.381483E-11   0.128872E-11   0.108791E-15   0.331480E-20   0.139018E-25   0.990547E-27   0.113904E-23   0.184881E-26   0.276887E-23   0.435918E-23
   0.316667E+01   0.288807E-36   0.588355E-36   0.327076E-35   0.240287E-35   0.130831E-34   0.244692E-36   0.490111E-36   0.104664E-33   0.196729E-35   0.418662E-33   0.788108E-35   0.167464E-32   0.229540E-33   0.849964E-27   0.874483E-23   0.409196E-21   0.252913E-21   0.112240E-21   0.458612E-26   0.255204E-30   0.825170E-33   0.429618E-31   0.273304E-33   0.171834E-30   0.470123E-33   0.790655E-33
   0.316667E+01   0.735656E-38   0.150328E-37   0.327075E-35   0.614872E-37   0.130832E-34   0.248656E-36   0.498619E-36   0.104664E-33   0.199805E-35   0.418656E-33   0.801628E-35   0.167463E-32   0.612272E-29   0.177579E-22   0.235168E-18   0.825067E-17   0.667506E-17   0.230671E-17   0.190320E-21   0.582823E-26   0.263250E-31   0.429957E-31   0.199157E-29   0.171895E-30   0.485105E-29   0.763960E-29
   0.316667E+01   0.110529E-37   0.233094E-37   0.327079E-35   0.101768E-36   0.130831E-34   0.189010E-36   0.394240E-36   0.262333E-35   0.162508E-35   0.104971E-34   0.674330E-35   0.419702E-34   0.300489E-27   0.871541E-21   0.115463E-16   0.405213E-15   0.327918E-15   0.113338E-15   0.935226E-20   0.286464E-24   0.125435E-29   0.452883E-31   0.979028E-28   0.175852E-30   0.238484E-27   0.375558E-27
   0.316667E+01   0.164309E-36   0.371189E-36   0.832015E-37   0.182091E-35   0.333229E-36   0.806918E-35   0.168791E-34   0.266865E-35   0.699642E-34   0.106724E-34   0.291043E-33   0.427105E-34   0.134772E-25   0.390903E-19   0.518070E-15   0.181870E-13   0.147213E-13   0.508766E-14   0.419205E-18   0.128512E-22   0.537410E-28   0.148194E-30   0.439847E-26   0.352062E-30   0.107150E-25   0.168741E-25
   0.316667E+01   0.101317E-34   0.230433E-34   0.157099E-36   0.114126E-33   0.654609E-36   0.508764E-33   0.106648E-32   0.538903E-35   0.443381E-32   0.216675E-34   0.184793E-31   0.874191E-34   0.789211E-24   0.228829E-17   0.303238E-13   0.106447E-11   0.860770E-12   0.295328E-12   0.244201E-16   0.746583E-21   0.312318E-26   0.674301E-29   0.257393E-24   0.116409E-28   0.626847E-24   0.987167E-24
   0.316667E+01   0.141714E-33   0.324437E-33   0.110227E-35   0.162196E-32   0.479942E-35   0.727341E-32   0.152783E-31   0.406939E-34   0.637064E-31   0.164572E-33   0.266012E-30   0.669637E-33   0.302300E-23   0.875110E-17   0.115573E-12   0.404655E-11   0.324242E-11   0.108645E-11   0.923252E-16   0.281076E-20   0.117948E-25   0.961482E-28   0.970243E-24   0.164650E-27   0.235874E-23   0.371391E-23
   0.316667E+01   0.612325E-32   0.135656E-31   0.398893E-34   0.647177E-31   0.168474E-33   0.280585E-30   0.576682E-30   0.138908E-32   0.221969E-29   0.555274E-32   0.785672E-29   0.224545E-31   0.400265E-23   0.115890E-16   0.152823E-12   0.534430E-11   0.427587E-11   0.144592E-11   0.121938E-15   0.371589E-20   0.155821E-25   0.179222E-26   0.127632E-23   0.389110E-26   0.310266E-23   0.488464E-23
   0.316667E+01   0.288807E-36   0.148515E-37   0.327076E-35   0.606778E-37   0.130831E-34   0.244645E-36   0.491036E-36   0.104665E-33   0.196763E-35   0.418656E-33   0.787942E-35   0.167462E-32   0.235231E-33   0.881444E-27   0.822014E-23   0.409196E-21   0.252913E-21   0.869868E-22   0.458607E-26   0.261961E-30   0.824940E-33   0.429495E-31   0.272730E-33   0.171797E-30   0.470123E-33   0.790655E-33
   0.316667E+01   0.728855E-38   0.148600E-37   0.327081E-35   0.607238E-37   0.130832E-34   0.244692E-36   0.491128E-36   0.104664E-33   0.196912E-35   0.418656E-33   0.788240E-35   0.167463E-32   0.149163E-31   0.434111E-25   0.573136E-21   0.201896E-19   0.165333E-19   0.571592E-20   0.484334E-24   0.149546E-28   0.886052E-33   0.429464E-31   0.506048E-32   0.171871E-30   0.120747E-31   0.187780E-31
   0.316667E+01   0.730243E-38   0.523132E-39   0.819613E-37   0.217116E-38   0.327822E-36   0.872066E-38   0.174867E-37   0.262220E-35   0.690255E-37   0.104910E-34   0.273462E-36   0.419672E-34   0.878138E-30   0.254715E-23   0.337591E-19   0.118514E-17   0.959366E-18   0.331631E-18   0.273669E-22   0.838477E-27   0.449255E-32   0.429649E-31   0.286716E-30   0.171883E-30   0.698801E-30   0.110074E-29
   0.316667E+01   0.492511E-36   0.112802E-35   0.849353E-37   0.564569E-35   0.340964E-36   0.253237E-34   0.531077E-34   0.273486E-35   0.219046E-33   0.109424E-34   0.892035E-33   0.437908E-34   0.347630E-25   0.100830E-18   0.133677E-14   0.469406E-13   0.380027E-13   0.131303E-13   0.108021E-17   0.331094E-22   0.138407E-27   0.347855E-30   0.113625E-25   0.707340E-30   0.276811E-25   0.435935E-25
   0.316667E+01   0.211254E-34   0.487061E-34   0.206428E-36   0.246074E-33   0.879387E-36   0.111033E-32   0.233337E-32   0.734900E-35   0.965267E-32   0.296089E-34   0.393822E-31   0.120052E-33   0.127343E-23   0.369135E-17   0.489063E-13   0.171652E-11   0.138675E-11   0.473300E-12   0.393527E-16   0.120200E-20   0.503071E-26   0.135243E-28   0.414858E-24   0.238474E-28   0.101009E-23   0.159070E-23
   0.316667E+01   0.403400E-34   0.936224E-34   0.312011E-36   0.477468E-33   0.135584E-35   0.216723E-32   0.456397E-32   0.114837E-34   0.189363E-31   0.464013E-34   0.774035E-31   0.188825E-33   0.347833E-24   0.100687E-17   0.132881E-13   0.464999E-12   0.371969E-12   0.124988E-12   0.106035E-16   0.322871E-21   0.135480E-26   0.264510E-28   0.111289E-24   0.465506E-28   0.270514E-24   0.425913E-24
   0.316667E+01   0.191806E-31   0.429270E-31   0.985262E-34   0.198850E-30   0.424390E-33   0.757174E-30   0.140471E-29   0.354253E-32   0.436390E-29   0.141767E-31   0.126127E-28   0.575651E-31   0.419066E-23   0.121337E-16   0.160002E-12   0.559522E-11   0.447653E-11   0.151542E-11   0.127671E-15   0.389112E-20   0.163153E-25   0.229989E-26   0.133615E-23   0.546676E-26   0.324817E-23   0.511370E-23
   0.316667E+01   0.140594E-37   0.303979E-37   0.327079E-35   0.137590E-36   0.130832E-34   0.574072E-36   0.115785E-35   0.104666E-33   0.451699E-35   0.418660E-33   0.175074E-34   0.167464E-32   0.301515E-27   0.874513E-21   0.115851E-16   0.406558E-15   0.328994E-15   0.113707E-15   0.938251E-20   0.287383E-24   0.125839E-29   0.459324E-31   0.982149E-28   0.177245E-30   0.239242E-27   0.376750E-27
   0.316667E+01   0.170395E-37   0.373766E-37   0.327079E-35   0.173217E-36   0.130832E-34   0.730064E-36   0.147503E-35   0.104666E-33   0.574292E-35   0.418659E-33   0.221531E-34   0.420063E-34   0.447680E-27   0.129850E-20   0.172085E-16   0.604089E-15   0.488974E-15   0.169028E-15   0.139488E-19   0.427345E-24   0.187094E-29   0.473683E-31   0.146081E-27   0.179994E-30   0.355866E-27   0.560419E-27
   0.316667E+01   0.230010E-36   0.535015E-36   0.831427E-37   0.269720E-35   0.333041E-36   0.116942E-34   0.237638E-34   0.266828E-35   0.914129E-34   0.106731E-34   0.346380E-33   0.427015E-34   0.108695E-25   0.315282E-19   0.417994E-15   0.146779E-13   0.118842E-13   0.410877E-14   0.339106E-18   0.103915E-22   0.434588E-28   0.150527E-30   0.355301E-26   0.368406E-30   0.865602E-26   0.136319E-25
   0.316667E+01   0.416572E-32   0.975479E-32   0.208640E-34   0.496494E-31   0.948255E-34   0.216541E-30   0.440949E-30   0.827292E-33   0.170118E-29   0.336049E-32   0.645772E-29   0.136311E-31   0.201031E-21   0.583104E-15   0.773310E-11   0.271618E-09   0.219944E-09   0.759869E-10   0.624588E-14   0.191291E-18   0.799310E-24   0.201226E-26   0.658037E-22   0.367652E-26   0.160318E-21   0.252483E-21
   0.316667E+01   0.590340E-32   0.139889E-31   0.292217E-34   0.724630E-31   0.134941E-33   0.319702E-30   0.653715E-30   0.119299E-32   0.253711E-29   0.486775E-32   0.966759E-29   0.198042E-31   0.183924E-21   0.532998E-15   0.705739E-11   0.247587E-09   0.199723E-09   0.678194E-10   0.567126E-14   0.173071E-18   0.724735E-24   0.281975E-26   0.597477E-22   0.518101E-26   0.145427E-21   0.229011E-21
   0.316667E+01   0.500925E-32   0.120379E-31   0.247023E-34   0.636806E-31   0.116234E-33   0.284887E-30   0.585451E-30   0.104418E-32   0.228783E-29   0.428460E-32   0.871188E-29   0.174966E-31   0.118191E-22   0.342329E-16   0.451679E-12   0.158019E-10   0.126698E-10   0.430527E-11   0.361033E-15   0.110110E-19   0.461379E-25   0.229948E-26   0.377883E-23   0.438900E-26   0.918958E-23   0.144680E-22
   0.316667E+01   0.242823E-28   0.450564E-28   0.140454E-30   0.139071E-27   0.603722E-30   0.387276E-27   0.635290E-27   0.502059E-29   0.167071E-26   0.200137E-28   0.433652E-26   0.802656E-28   0.156409E-20   0.453513E-14   0.598211E-10   0.209208E-08   0.168849E-08   0.583712E-09   0.480086E-13   0.146834E-17   0.613678E-23   0.710715E-24   0.499768E-21   0.174934E-23   0.121652E-20   0.191518E-20
   0.316667E+01   0.000000E+00   0.000000E+00   0.000000E+00   0.000000E+00   0.000000E+00   0.000000E+00   0.000000E+00   0.000000E+00   0.000000E+00   0.000000E+00   0.000000E+00   0.000000E+00   0.000000E+00   0.000000E+00   0.000000E+00   0.000000E+00   0.000000E+00   0.000000E+00   0.000000E+00   0.000000E+00   0.000000E+00   0.000000E+00   0.000000E+00   0.000000E+00   0.000000E+00   0.000000E+00
   0.316667E+01   0.218344E-26   0.444774E-26   0.923652E-26   0.181610E-25   0.369461E-25   0.733210E-25   0.147009E-24   0.295569E-24   0.589675E-24   0.118227E-23   0.236161E-23   0.472910E-23   0.318579E-20   0.171633E-13   0.284316E-09   0.125177E-07   0.127398E-07   0.443269E-08   0.322191E-12   0.101002E-16   0.659802E-22   0.484262E-20   0.101520E-19   0.193703E-19   0.390257E-19   0.778697E-19
   0.333333E+01   0.218750E-25   0.437500E-25   0.875000E-25   0.171953E-24   0.350000E-24   0.694317E-24   0.139220E-23   0.280000E-23   0.558490E-23   0.112000E-22   0.223689E-22   0.448000E-22   0.272025E-19   0.150969E-12   0.253462E-08   0.112662E-06   0.118495E-06   0.455865E-07   0.347478E-11   0.806886E-16   0.684377E-21   0.458749E-19   0.959055E-19   0.183498E-18   0.368472E-18   0.735731E-18
   0.333333E+01   0.817739E-36   0.163541E-35   0.327075E-35   0.240314E-35   0.130831E-34   0.970351E-35   0.194567E-34   0.104665E-33   0.780478E-34   0.418657E-33   0.312609E-33   0.167464E-32   0.253782E-32   0.735845E-26   0.979228E-22   0.365481E-20   0.289120E-20   0.110130E-20   0.942198E-25   0.215706E-29   0.965417E-33   0.171479E-29   0.123780E-32   0.685915E-29   0.237576E-32   0.429968E-32
   0.333333E+01   0.817740E-36   0.163549E-35   0.327077E-35   0.240323E-35   0.130832E-34   0.244896E-36   0.490538E-36   0.104664E-33   0.196933E-35   0.418656E-33   0.789216E-35   0.167464E-32   0.148288E-30   0.430886E-24   0.573598E-20   0.201814E-18   0.167718E-18   0.636827E-19   0.553657E-23   0.125192E-27   0.163087E-32   0.429526E-31   0.502836E-31   0.171834E-30   0.122352E-30   0.192151E-30
   0.333333E+01   0.817739E-36   0.163547E-35   0.327079E-35   0.240321E-35   0.130831E-34   0.970370E-35   0.194576E-34   0.104665E-33   0.780541E-34   0.418661E-33   0.312624E-33   0.167463E-32   0.890680E-32   0.261310E-25   0.348039E-21   0.122126E-19   0.102670E-19   0.388373E-20   0.348611E-24   0.792751E-29   0.994877E-33   0.171477E-29   0.337547E-32   0.685915E-29   0.744899E-32   0.120095E-31
   0.333333E+01   0.817742E-36   0.163550E-35   0.327078E-35   0.606910E-37   0.130831E-34   0.245083E-36   0.491470E-36   0.104664E-33   0.197195E-35   0.418657E-33   0.789662E-35   0.167463E-32   0.472560E-30   0.137277E-23   0.182873E-19   0.643829E-18   0.535088E-18   0.203222E-18   0.176766E-22   0.399913E-27   0.313862E-32   0.429588E-31   0.160378E-30   0.171858E-30   0.390194E-30   0.614459E-30
   0.333333E+01   0.817737E-36   0.163547E-35   0.327078E-35   0.640981E-37   0.130831E-34   0.259727E-36   0.521861E-36   0.104665E-33   0.209686E-35   0.418657E-33   0.841497E-35   0.167465E-32   0.235055E-28   0.682757E-22   0.909817E-18   0.320390E-16   0.266323E-16   0.101169E-16   0.880146E-21   0.199142E-25   0.110245E-30   0.431468E-31   0.798186E-29   0.172080E-30   0.194090E-28   0.305595E-28
   0.333333E+01   0.205667E-37   0.411365E-37   0.820553E-37   0.173242E-36   0.328409E-36   0.743038E-36   0.153552E-35   0.262765E-35   0.626603E-35   0.105084E-34   0.258107E-34   0.420274E-34   0.112944E-26   0.328043E-20   0.436787E-16   0.153715E-14   0.127702E-14   0.484943E-15   0.421793E-19   0.953902E-24   0.500478E-29   0.514236E-31   0.382144E-27   0.186489E-30   0.929092E-27   0.146277E-26
   0.333333E+01   0.817743E-36   0.163548E-35   0.327079E-35   0.240321E-35   0.130830E-34   0.970379E-35   0.194568E-34   0.104664E-33   0.780552E-34   0.418658E-33   0.312619E-33   0.167464E-32   0.286468E-31   0.833724E-25   0.111136E-20   0.390071E-19   0.326395E-19   0.123880E-19   0.111885E-23   0.254102E-28   0.108623E-32   0.171478E-29   0.100074E-31   0.685915E-29   0.237081E-31   0.379558E-31
   0.333333E+01   0.817737E-36   0.163547E-35   0.327076E-35   0.608173E-37   0.130830E-34   0.245549E-36   0.493054E-36   0.104665E-33   0.197717E-35   0.418662E-33   0.791154E-35   0.167463E-32   0.143217E-29   0.416013E-23   0.554361E-19   0.195218E-17   0.162275E-17   0.616458E-18   0.536265E-22   0.121335E-26   0.760337E-32   0.429773E-31   0.486450E-30   0.171883E-30   0.118303E-29   0.186285E-29
   0.333333E+01   0.817737E-36   0.163548E-35   0.327077E-35   0.705655E-37   0.130831E-34   0.288223E-36   0.581424E-36   0.104665E-33   0.234143E-35   0.418655E-33   0.943059E-35   0.167463E-32   0.686715E-28   0.199474E-21   0.265908E-17   0.936661E-16   0.778794E-16   0.295890E-16   0.257443E-20   0.582611E-25   0.320739E-30   0.434703E-31   0.233566E-28   0.172696E-30   0.567986E-28   0.894313E-28
   0.333333E+01   0.206167E-37   0.412540E-37   0.823198E-37   0.457725E-36   0.329350E-36   0.201066E-35   0.419126E-35   0.263518E-35   0.173054E-34   0.105467E-34   0.718230E-34   0.421748E-34   0.317827E-26   0.923237E-20   0.123119E-15   0.433823E-14   0.360804E-14   0.137104E-14   0.119302E-18   0.270050E-23   0.141735E-28   0.669419E-31   0.108287E-26   0.213273E-30   0.263349E-26   0.414661E-26
   0.333333E+01   0.241873E-37   0.488183E-37   0.981772E-37   0.207471E-34   0.397082E-36   0.917012E-34   0.191581E-33   0.320919E-35   0.793456E-33   0.128872E-34   0.329979E-32   0.516721E-34   0.144895E-24   0.420869E-18   0.561424E-14   0.197872E-12   0.164572E-12   0.624474E-13   0.541864E-17   0.122626E-21   0.643575E-27   0.115071E-29   0.494313E-25   0.208741E-29   0.120214E-24   0.189288E-24
   0.333333E+01   0.822714E-37   0.168578E-36   0.343491E-36   0.338932E-33   0.141250E-35   0.146270E-32   0.303032E-32   0.115719E-34   0.124013E-31   0.466985E-34   0.511869E-31   0.187817E-33   0.143390E-23   0.415807E-17   0.553088E-13   0.194510E-11   0.160865E-11   0.595138E-12   0.529977E-16   0.119353E-20   0.628310E-26   0.169645E-28   0.482558E-24   0.294134E-28   0.117168E-23   0.184464E-23
   0.333333E+01   0.817739E-36   0.163548E-35   0.327076E-35   0.240325E-35   0.130831E-34   0.970384E-35   0.194570E-34   0.104665E-33   0.196964E-35   0.418657E-33   0.788437E-35   0.167464E-32   0.575903E-31   0.167457E-24   0.223284E-20   0.786718E-19   0.654232E-19   0.248586E-19   0.225682E-23   0.511434E-28   0.121209E-32   0.429434E-31   0.197228E-31   0.171871E-30   0.476389E-31   0.753186E-31
   0.333333E+01   0.817740E-36   0.163547E-35   0.327077E-35   0.609547E-37   0.130831E-34   0.246529E-36   0.494354E-36   0.104665E-33   0.198201E-35   0.418661E-33   0.794895E-35   0.167463E-32   0.280694E-29   0.815356E-23   0.108689E-18   0.382852E-17   0.318328E-17   0.120942E-17   0.105225E-21   0.238130E-26   0.140147E-31   0.429711E-31   0.954770E-30   0.171846E-30   0.232196E-29   0.365646E-29
   0.333333E+01   0.817737E-36   0.163549E-35   0.327076E-35   0.888137E-37   0.130831E-34   0.368767E-36   0.748807E-36   0.104665E-33   0.112956E-35   0.104933E-34   0.468494E-35   0.419732E-34   0.196204E-27   0.569941E-21   0.760033E-17   0.267800E-15   0.222721E-15   0.846322E-16   0.736429E-20   0.166694E-24   0.915990E-30   0.444317E-31   0.668415E-28   0.174360E-30   0.162555E-27   0.255954E-27
   0.333333E+01   0.207298E-37   0.414891E-37   0.828194E-37   0.126401E-35   0.331442E-36   0.558384E-35   0.116641E-34   0.265436E-35   0.482987E-34   0.106167E-34   0.200833E-33   0.424697E-34   0.890781E-26   0.258765E-19   0.345205E-15   0.121671E-13   0.101217E-13   0.384663E-14   0.334635E-18   0.757802E-23   0.397794E-28   0.110163E-30   0.303990E-26   0.287819E-30   0.739341E-26   0.116417E-25
   0.333333E+01   0.289377E-37   0.590157E-37   0.119765E-36   0.568407E-34   0.490534E-36   0.252630E-33   0.528820E-33   0.400702E-35   0.219628E-32   0.160875E-34   0.914978E-32   0.646661E-34   0.392662E-24   0.114043E-17   0.152163E-13   0.536394E-12   0.446084E-12   0.168934E-12   0.146794E-16   0.331971E-21   0.174261E-26   0.311536E-29   0.134081E-24   0.547384E-29   0.326061E-24   0.513424E-24
   0.333333E+01   0.134556E-36   0.285972E-36   0.600289E-36   0.811234E-33   0.257520E-35   0.362686E-32   0.760771E-32   0.218798E-34   0.316894E-31   0.884400E-34   0.132265E-30   0.358828E-33   0.246411E-23   0.714338E-17   0.950604E-13   0.334441E-11   0.276160E-11   0.101634E-11   0.910402E-16   0.204839E-20   0.107894E-25   0.443416E-28   0.830723E-24   0.766006E-28   0.201657E-23   0.317494E-23
   0.333333E+01   0.438697E-35   0.911475E-35   0.187894E-34   0.297568E-31   0.784697E-34   0.129152E-30   0.268082E-30   0.651258E-33   0.109694E-29   0.260416E-32   0.441583E-29   0.105064E-31   0.411466E-23   0.119292E-16   0.158396E-12   0.556288E-11   0.457675E-11   0.169876E-11   0.151295E-15   0.340649E-20   0.179345E-25   0.123043E-26   0.137373E-23   0.236677E-26   0.333374E-23   0.524791E-23
   0.333333E+01   0.817742E-36   0.163549E-35   0.327076E-35   0.606418E-37   0.130830E-34   0.244757E-36   0.490512E-36   0.104664E-33   0.196998E-35   0.418656E-33   0.787820E-35   0.167464E-32   0.276755E-33   0.813144E-27   0.134833E-22   0.396125E-21   0.461438E-21   0.123377E-21   0.824413E-26   0.294430E-30   0.946158E-33   0.429372E-31   0.299146E-33   0.171858E-30   0.470202E-33   0.790746E-33
   0.333333E+01   0.817742E-36   0.163549E-35   0.327077E-35   0.617504E-37   0.130830E-34   0.249980E-36   0.501732E-36   0.104664E-33   0.201311E-35   0.418658E-33   0.806750E-35   0.167461E-32   0.748568E-29   0.217448E-22   0.289967E-18   0.102169E-16   0.849700E-17   0.322875E-17   0.280947E-21   0.635931E-26   0.358523E-31   0.430266E-31   0.255007E-29   0.171883E-30   0.620189E-29   0.976532E-29
   0.333333E+01   0.817733E-36   0.163549E-35   0.327082E-35   0.117399E-36   0.130832E-34   0.259634E-36   0.541641E-36   0.262314E-35   0.224149E-35   0.104910E-34   0.930675E-35   0.419762E-34   0.368801E-27   0.107134E-20   0.142918E-16   0.503722E-15   0.419038E-15   0.159255E-15   0.138590E-19   0.313772E-24   0.172348E-29   0.459355E-31   0.125845E-27   0.176998E-30   0.306070E-27   0.481938E-27
   0.333333E+01   0.208356E-37   0.417271E-37   0.833719E-37   0.251635E-35   0.333864E-36   0.112108E-34   0.234867E-34   0.267317E-35   0.976428E-34   0.106934E-34   0.406223E-33   0.427797E-34   0.165465E-25   0.480671E-19   0.641462E-15   0.226155E-13   0.188177E-13   0.715086E-14   0.621254E-18   0.140768E-22   0.738970E-28   0.177135E-30   0.565557E-26   0.404779E-30   0.137558E-25   0.216604E-25
   0.333333E+01   0.390485E-37   0.809564E-37   0.166567E-36   0.159289E-33   0.696080E-36   0.713905E-33   0.149880E-32   0.574036E-35   0.624959E-32   0.230893E-34   0.260490E-31   0.932089E-34   0.970721E-24   0.281867E-17   0.376094E-13   0.132582E-11   0.110205E-11   0.415599E-12   0.362591E-16   0.819285E-21   0.430250E-26   0.866861E-29   0.331459E-24   0.151432E-28   0.805913E-24   0.126902E-23
   0.333333E+01   0.272841E-36   0.588238E-36   0.124902E-35   0.229862E-32   0.544489E-35   0.103630E-31   0.218018E-31   0.462180E-34   0.911767E-31   0.186965E-33   0.380744E-30   0.760904E-33   0.356398E-23   0.103306E-16   0.137358E-12   0.482934E-11   0.397934E-11   0.146552E-11   0.131354E-15   0.295496E-20   0.155666E-25   0.125666E-27   0.119694E-23   0.218181E-27   0.290484E-23   0.457323E-23
   0.333333E+01   0.104936E-34   0.220248E-34   0.457748E-34   0.919448E-31   0.193440E-33   0.397313E-30   0.807312E-30   0.159605E-32   0.299520E-29   0.638161E-32   0.101114E-28   0.258094E-31   0.460308E-23   0.133458E-16   0.177199E-12   0.622298E-11   0.512053E-11   0.190240E-11   0.169271E-15   0.381177E-20   0.200660E-25   0.212088E-26   0.153653E-23   0.470395E-26   0.372895E-23   0.586999E-23
   0.333333E+01   0.817740E-36   0.163547E-35   0.327079E-35   0.606059E-37   0.130831E-34   0.244803E-36   0.490128E-36   0.104665E-33   0.196769E-35   0.418658E-33   0.788556E-35   0.167462E-32   0.287608E-33   0.843261E-27   0.126406E-22   0.396125E-21   0.461438E-21   0.181977E-21   0.736076E-26   0.264574E-30   0.945964E-33   0.429619E-31   0.273204E-33   0.171846E-30   0.470202E-33   0.790746E-33
   0.333333E+01   0.817742E-36   0.163548E-35   0.327077E-35   0.606404E-37   0.130832E-34   0.244803E-36   0.490406E-36   0.104664E-33   0.196880E-35   0.418659E-33   0.788253E-35   0.167464E-32   0.184250E-31   0.534467E-25   0.714617E-21   0.250904E-19   0.209450E-19   0.797935E-20   0.721938E-24   0.164284E-28   0.103059E-32   0.429557E-31   0.644972E-32   0.171809E-30   0.157147E-31   0.244143E-31
   0.333333E+01   0.817744E-36   0.410512E-37   0.819554E-37   0.221768E-38   0.327869E-36   0.900115E-38   0.180487E-37   0.262257E-35   0.727789E-37   0.104865E-34   0.291497E-36   0.419311E-34   0.108365E-29   0.314821E-23   0.420143E-19   0.148130E-17   0.123259E-17   0.468524E-18   0.407761E-22   0.923386E-27   0.601343E-32   0.429649E-31   0.370523E-30   0.171846E-30   0.901502E-30   0.142008E-29
   0.333333E+01   0.212794E-37   0.426675E-37   0.853644E-37   0.796036E-35   0.342727E-36   0.358628E-34   0.751400E-34   0.275066E-35   0.308375E-33   0.110064E-34   0.124502E-32   0.440556E-34   0.425132E-25   0.123500E-18   0.164868E-14   0.581416E-13   0.483872E-13   0.183825E-13   0.159473E-17   0.361241E-22   0.189573E-27   0.431655E-30   0.145526E-25   0.865381E-30   0.353971E-25   0.557390E-25
   0.333333E+01   0.511693E-37   0.107135E-36   0.224102E-36   0.345903E-33   0.958921E-36   0.156759E-32   0.329125E-32   0.803774E-35   0.135471E-31   0.324135E-34   0.547962E-31   0.131532E-33   0.152833E-23   0.443646E-17   0.591803E-13   0.208587E-11   0.173218E-11   0.649799E-12   0.570054E-16   0.128681E-20   0.676103E-26   0.171747E-28   0.521165E-24   0.307372E-28   0.126682E-23   0.199477E-23
   0.333333E+01   0.785098E-37   0.166950E-36   0.354264E-36   0.694470E-33   0.154660E-35   0.316598E-32   0.666106E-32   0.131490E-34   0.274990E-31   0.531805E-34   0.111439E-30   0.216646E-33   0.405947E-24   0.117665E-17   0.156345E-13   0.549398E-12   0.452011E-12   0.166892E-12   0.149358E-16   0.336055E-21   0.177023E-26   0.347654E-28   0.135927E-24   0.621351E-28   0.329836E-24   0.519254E-24
   0.333333E+01   0.263780E-34   0.553998E-34   0.116800E-33   0.274674E-30   0.503987E-33   0.992111E-30   0.179217E-29   0.421547E-32   0.534801E-29   0.168850E-31   0.150217E-28   0.685876E-31   0.481441E-23   0.139590E-16   0.185336E-12   0.650861E-11   0.535550E-11   0.199158E-11   0.177051E-15   0.398748E-20   0.209891E-25   0.264951E-26   0.160696E-23   0.635127E-26   0.389994E-23   0.613913E-23
   0.333333E+01   0.817743E-36   0.163548E-35   0.327079E-35   0.165851E-36   0.130832E-34   0.688238E-36   0.138029E-35   0.104666E-33   0.532481E-35   0.418661E-33   0.204256E-34   0.167465E-32   0.348679E-27   0.101288E-20   0.135113E-16   0.476193E-15   0.396122E-15   0.150543E-15   0.131005E-19   0.296591E-24   0.162918E-29   0.465302E-31   0.118952E-27   0.178477E-30   0.289302E-27   0.455535E-27
   0.333333E+01   0.817742E-36   0.163550E-35   0.327082E-35   0.220564E-36   0.130833E-34   0.922827E-36   0.185320E-35   0.104665E-33   0.712549E-35   0.418665E-33   0.272005E-34   0.419973E-34   0.537547E-27   0.156158E-20   0.208387E-16   0.734669E-15   0.611303E-15   0.232359E-15   0.202226E-19   0.457935E-24   0.251507E-29   0.485023E-31   0.183704E-27   0.182076E-30   0.446817E-27   0.703574E-27
   0.333333E+01   0.208239E-37   0.416772E-37   0.832837E-37   0.371683E-35   0.333911E-36   0.158534E-34   0.319255E-34   0.267542E-35   0.121193E-33   0.107070E-34   0.454675E-33   0.428309E-34   0.126613E-25   0.367824E-19   0.491038E-15   0.173169E-13   0.144130E-13   0.547935E-14   0.476922E-18   0.108023E-22   0.567099E-28   0.173456E-30   0.433446E-26   0.413813E-30   0.105433E-25   0.166023E-25
   0.333333E+01   0.499801E-35   0.109914E-34   0.240799E-34   0.682892E-31   0.109814E-33   0.292998E-30   0.591250E-30   0.961599E-33   0.225102E-29   0.391270E-32   0.846058E-29   0.159020E-31   0.233400E-21   0.678033E-15   0.905439E-11   0.319391E-09   0.265860E-09   0.100994E-09   0.875484E-14   0.198169E-18   0.103950E-23   0.243595E-26   0.800088E-22   0.451655E-26   0.194620E-21   0.306470E-21
   0.333333E+01   0.714831E-35   0.159245E-34   0.352741E-34   0.103919E-30   0.163482E-33   0.451138E-30   0.914211E-30   0.145108E-32   0.350184E-29   0.593201E-32   0.132130E-28   0.241843E-31   0.215746E-21   0.626085E-15   0.834632E-11   0.294030E-09   0.243820E-09   0.910235E-10   0.802874E-14   0.181074E-18   0.951872E-24   0.355308E-26   0.733464E-22   0.662730E-26   0.178228E-21   0.280631E-21
   0.333333E+01   0.611932E-35   0.138447E-34   0.310736E-34   0.949112E-31   0.146845E-33   0.418050E-30   0.851533E-30   0.132539E-32   0.327954E-29   0.545055E-32   0.122478E-28   0.223091E-31   0.134560E-22   0.390293E-16   0.518490E-12   0.182158E-10   0.150189E-10   0.560809E-11   0.496154E-15   0.111826E-19   0.588220E-25   0.292564E-26   0.450336E-23   0.574428E-26   0.109334E-22   0.172115E-22
   0.333333E+01   0.395534E-31   0.825209E-31   0.173821E-30   0.160171E-27   0.750889E-30   0.435688E-27   0.709198E-27   0.627870E-29   0.184754E-26   0.250940E-28   0.476804E-26   0.100897E-27   0.171835E-20   0.499051E-14   0.662837E-10   0.232801E-08   0.193146E-08   0.734353E-09   0.636893E-13   0.143990E-17   0.755393E-23   0.775536E-24   0.575005E-21   0.191324E-23   0.139748E-20   0.219983E-20
   0.333333E+01   0.000000E+00   0.000000E+00   0.000000E+00   0.000000E+00   0.000000E+00   0.000000E+00   0.000000E+00   0.000000E+00   0.000000E+00   0.000000E+00   0.000000E+00   0.000000E+00   0.000000E+00   0.000000E+00   0.000000E+00   0.000000E+00   0.000000E+00   0.000000E+00   0.000000E+00   0.000000E+00   0.000000E+00   0.000000E+00   0.000000E+00   0.000000E+00   0.000000E+00   0.000000E+00
   0.333333E+01   0.230913E-26   0.461827E-26   0.923652E-26   0.181655E-25   0.369461E-25   0.733308E-25   0.147023E-24   0.295569E-24   0.589707E-24   0.118228E-23   0.236169E-23   0.472910E-23   0.306550E-20   0.164997E-13   0.275045E-09   0.121559E-07   0.127268E-07   0.489500E-08   0.374001E-12   0.868030E-17   0.730972E-22   0.484263E-20   0.101890E-19   0.193703E-19   0.390544E-19   0.779133E-19
   0.350000E+01   0.206812E-25   0.421215E-25   0.875000E-25   0.171977E-24   0.350000E-24   0.694367E-24   0.139227E-23   0.280000E-23   0.558506E-23   0.112000E-22   0.223693E-22   0.448000E-22   0.259594E-19   0.144527E-12   0.244396E-08   0.109128E-06   0.117976E-06   0.497293E-07   0.404037E-11   0.110237E-15   0.673750E-21   0.458749E-19   0.961787E-19   0.183498E-18   0.368532E-18   0.735812E-18
   0.350000E+01   0.289046E-36   0.588672E-36   0.327075E-35   0.240346E-35   0.130831E-34   0.970416E-35   0.194577E-34   0.104665E-33   0.780525E-34   0.418657E-33   0.312620E-33   0.167464E-32   0.313995E-32   0.926450E-26   0.126111E-21   0.429283E-20   0.370800E-20   0.155371E-20   0.143183E-24   0.383184E-29   0.854308E-33   0.171478E-29   0.143109E-32   0.685912E-29   0.306920E-32   0.430018E-32
   0.350000E+01   0.289046E-36   0.588700E-36   0.327077E-35   0.240361E-35   0.130832E-34   0.245101E-36   0.491218E-36   0.104664E-33   0.197051E-35   0.418656E-33   0.788927E-35   0.167464E-32   0.182780E-30   0.531671E-24   0.712573E-20   0.251822E-18   0.214741E-18   0.888649E-19   0.826696E-23   0.219136E-27   0.176900E-32   0.429711E-31   0.647782E-31   0.171858E-30   0.157445E-30   0.248175E-30
   0.350000E+01   0.289044E-36   0.588715E-36   0.327079E-35   0.240361E-35   0.130831E-34   0.970430E-35   0.194582E-34   0.104665E-33   0.780559E-34   0.418661E-33   0.312615E-33   0.167463E-32   0.110339E-31   0.319164E-25   0.428061E-21   0.153615E-19   0.129349E-19   0.540258E-20   0.517026E-24   0.138718E-28   0.894934E-33   0.171479E-29   0.422536E-32   0.685914E-29   0.962837E-32   0.159650E-31
   0.350000E+01   0.289050E-36   0.148753E-37   0.327078E-35   0.607458E-37   0.130831E-34   0.245101E-36   0.491496E-36   0.104664E-33   0.197313E-35   0.418657E-33   0.789674E-35   0.167463E-32   0.581680E-30   0.169174E-23   0.226893E-19   0.802194E-18   0.684384E-18   0.283352E-18   0.263604E-22   0.699018E-27   0.383237E-32   0.429649E-31   0.206460E-30   0.171907E-30   0.501492E-30   0.789701E-30
   0.350000E+01   0.774191E-38   0.158712E-37   0.327078E-35   0.654356E-37   0.130831E-34   0.265483E-36   0.534139E-36   0.104665E-33   0.214532E-35   0.418657E-33   0.860592E-35   0.167465E-32   0.289501E-28   0.841932E-22   0.112958E-17   0.399452E-16   0.340857E-16   0.141142E-16   0.131334E-20   0.348319E-25   0.150591E-30   0.431868E-31   0.102839E-28   0.172265E-30   0.249669E-28   0.393060E-28
   0.350000E+01   0.232299E-37   0.508773E-37   0.821024E-37   0.237911E-36   0.328504E-36   0.102560E-35   0.212300E-35   0.262765E-35   0.868670E-35   0.105144E-34   0.354621E-34   0.420454E-34   0.139181E-26   0.404744E-20   0.542589E-16   0.191753E-14   0.163533E-14   0.676925E-15   0.629741E-19   0.166973E-23   0.685112E-29   0.537224E-31   0.492636E-27   0.190680E-30   0.119582E-26   0.188250E-26
   0.350000E+01   0.289054E-36   0.588697E-36   0.327078E-35   0.240362E-35   0.130831E-34   0.970468E-35   0.194587E-34   0.104664E-33   0.780566E-34   0.418655E-33   0.312638E-33   0.167463E-32   0.351661E-31   0.102073E-24   0.137519E-20   0.486762E-19   0.414060E-19   0.172239E-19   0.166725E-23   0.443390E-28   0.101944E-32   0.171478E-29   0.127709E-31   0.685915E-29   0.309890E-31   0.487848E-31
   0.350000E+01   0.731960E-38   0.149176E-37   0.327079E-35   0.609529E-37   0.130830E-34   0.245987E-36   0.493547E-36   0.104665E-33   0.198023E-35   0.418656E-33   0.792519E-35   0.167463E-32   0.176070E-29   0.512061E-23   0.687003E-19   0.242943E-17   0.207308E-17   0.858405E-18   0.798741E-22   0.211838E-26   0.993548E-32   0.429680E-31   0.625568E-30   0.171821E-30   0.151881E-29   0.239164E-29
   0.350000E+01   0.857264E-38   0.177045E-37   0.327078E-35   0.743991E-37   0.130831E-34   0.305175E-36   0.616618E-36   0.104665E-33   0.248556E-35   0.418655E-33   0.100182E-34   0.167463E-32   0.844796E-28   0.245692E-21   0.329750E-17   0.116643E-15   0.995585E-16   0.412317E-16   0.383702E-20   0.101777E-24   0.438494E-30   0.435966E-31   0.300579E-28   0.172894E-30   0.729779E-28   0.114894E-27
   0.350000E+01   0.575663E-37   0.129460E-36   0.823845E-37   0.628850E-36   0.329538E-36   0.277619E-35   0.579526E-35   0.263668E-35   0.239982E-34   0.105512E-34   0.987110E-34   0.421959E-34   0.391110E-26   0.113750E-19   0.152726E-15   0.540408E-14   0.461379E-14   0.191109E-14   0.177864E-18   0.471837E-23   0.193746E-28   0.733698E-31   0.139398E-26   0.225093E-30   0.338468E-26   0.532883E-26
   0.350000E+01   0.257044E-35   0.582103E-35   0.100029E-36   0.285597E-34   0.405005E-36   0.126853E-33   0.265391E-33   0.327652E-35   0.110232E-32   0.131580E-34   0.454284E-32   0.527674E-34   0.178190E-24   0.518195E-18   0.695955E-14   0.246317E-12   0.210299E-12   0.869765E-13   0.807283E-17   0.213943E-21   0.878711E-27   0.145007E-29   0.635874E-25   0.263595E-29   0.154391E-24   0.243078E-24
   0.350000E+01   0.454146E-34   0.100145E-33   0.377298E-36   0.473063E-33   0.155269E-35   0.205159E-32   0.425628E-32   0.127281E-34   0.174687E-31   0.513742E-34   0.714506E-31   0.206670E-33   0.173685E-23   0.504123E-17   0.675051E-13   0.238380E-11   0.202382E-11   0.815820E-12   0.777286E-16   0.205032E-20   0.844505E-26   0.218331E-28   0.611020E-24   0.383061E-28   0.148097E-23   0.233131E-23
   0.350000E+01   0.289054E-36   0.588706E-36   0.327080E-35   0.240358E-35   0.130830E-34   0.970454E-35   0.194585E-34   0.104664E-33   0.196932E-35   0.418658E-33   0.788449E-35   0.167464E-32   0.697539E-31   0.203069E-24   0.272535E-20   0.963967E-19   0.822946E-19   0.339787E-19   0.331330E-23   0.880495E-28   0.118861E-32   0.429526E-31   0.249718E-31   0.171821E-30   0.605919E-31   0.959879E-31
   0.350000E+01   0.734599E-38   0.149626E-37   0.327080E-35   0.612405E-37   0.130831E-34   0.247153E-36   0.495875E-36   0.104664E-33   0.198844E-35   0.418659E-33   0.796711E-35   0.167461E-32   0.340591E-29   0.990550E-23   0.132942E-18   0.470254E-17   0.401373E-17   0.166227E-17   0.154687E-21   0.410305E-26   0.184713E-31   0.429865E-31   0.121188E-29   0.171858E-30   0.294247E-29   0.463278E-29
   0.350000E+01   0.108440E-37   0.228422E-37   0.327079E-35   0.993154E-37   0.130831E-34   0.415482E-36   0.847977E-36   0.104665E-33   0.153964E-35   0.104910E-34   0.632731E-35   0.419702E-34   0.241122E-27   0.701271E-21   0.941539E-17   0.333149E-15   0.284425E-15   0.117811E-15   0.109647E-19   0.290871E-24   0.125184E-29   0.448231E-31   0.859300E-28   0.175088E-30   0.208644E-27   0.328488E-27
   0.350000E+01   0.156480E-36   0.354183E-36   0.829193E-37   0.173638E-35   0.332006E-36   0.770889E-35   0.161250E-34   0.265718E-35   0.669654E-34   0.106287E-34   0.275939E-33   0.425239E-34   0.109504E-25   0.318485E-19   0.427768E-15   0.151406E-13   0.129296E-13   0.535610E-14   0.498307E-18   0.132186E-22   0.543123E-28   0.128208E-30   0.390916E-26   0.320877E-30   0.949234E-26   0.149451E-25
   0.350000E+01   0.692632E-35   0.157825E-34   0.123979E-36   0.781181E-34   0.508613E-36   0.348904E-33   0.731372E-33   0.416200E-35   0.304627E-32   0.167135E-34   0.125761E-31   0.671999E-34   0.481029E-24   0.139870E-17   0.187888E-13   0.665099E-12   0.567788E-12   0.234337E-12   0.217847E-16   0.577038E-21   0.237019E-26   0.393968E-29   0.171796E-24   0.698364E-29   0.417098E-24   0.656701E-24
   0.350000E+01   0.984090E-34   0.225715E-33   0.664871E-36   0.112771E-32   0.285530E-35   0.506654E-32   0.106425E-31   0.242795E-34   0.444584E-31   0.981599E-34   0.183882E-30   0.398318E-33   0.292292E-23   0.848109E-17   0.113611E-12   0.401333E-11   0.340238E-11   0.136469E-11   0.130746E-15   0.344602E-20   0.142004E-25   0.568641E-28   0.102983E-23   0.994841E-28   0.249544E-23   0.392842E-23
   0.350000E+01   0.391415E-32   0.868603E-32   0.211409E-34   0.414039E-31   0.882944E-34   0.180581E-30   0.375213E-30   0.732829E-33   0.153015E-29   0.293039E-32   0.596536E-29   0.118227E-31   0.469821E-23   0.136347E-16   0.182261E-12   0.642752E-11   0.543082E-11   0.219611E-11   0.209231E-15   0.551972E-20   0.227314E-25   0.149909E-26   0.164004E-23   0.296908E-26   0.397317E-23   0.625379E-23
   0.350000E+01   0.289040E-36   0.588686E-36   0.327076E-35   0.606966E-37   0.130832E-34   0.244588E-36   0.490443E-36   0.104665E-33   0.196890E-35   0.418657E-33   0.787532E-35   0.167463E-32   0.331430E-33   0.107637E-26   0.130011E-22   0.586372E-21   0.459907E-21   0.231509E-21   0.133270E-25   0.465756E-30   0.829847E-33   0.429495E-31   0.331436E-33   0.171834E-30   0.470280E-33   0.790838E-33
   0.350000E+01   0.744463E-38   0.151716E-37   0.327077E-35   0.621981E-37   0.130830E-34   0.251724E-36   0.505779E-36   0.104664E-33   0.203155E-35   0.418656E-33   0.813524E-35   0.167463E-32   0.904673E-29   0.263114E-22   0.353254E-18   0.124991E-16   0.106710E-16   0.441995E-17   0.411357E-21   0.109124E-25   0.477610E-31   0.430266E-31   0.322385E-29   0.171907E-30   0.782789E-29   0.123246E-28
   0.350000E+01   0.142586E-37   0.306594E-37   0.327081E-35   0.138357E-36   0.327869E-36   0.354241E-36   0.740773E-36   0.262370E-35   0.307589E-35   0.104918E-34   0.126246E-34   0.419732E-34   0.447410E-27   0.130127E-20   0.174774E-16   0.618590E-15   0.528254E-15   0.218841E-15   0.203695E-19   0.540427E-24   0.232554E-29   0.467243E-31   0.159705E-27   0.178465E-30   0.387800E-27   0.610565E-27
   0.350000E+01   0.303624E-36   0.693707E-36   0.834894E-37   0.344777E-35   0.334357E-36   0.154410E-34   0.323975E-34   0.267862E-35   0.135021E-33   0.107167E-34   0.555458E-33   0.428700E-34   0.200795E-25   0.584005E-19   0.784671E-15   0.277807E-13   0.237291E-13   0.982894E-14   0.913164E-18   0.242234E-22   0.995484E-28   0.211842E-30   0.717928E-26   0.469464E-30   0.174339E-25   0.274492E-25
   0.350000E+01   0.190874E-34   0.439021E-34   0.176747E-36   0.220262E-33   0.734378E-36   0.992340E-33   0.208645E-32   0.612047E-35   0.872130E-32   0.246195E-34   0.359452E-31   0.994472E-34   0.117920E-23   0.342777E-17   0.460452E-13   0.162996E-11   0.139074E-11   0.571475E-12   0.533506E-16   0.141207E-20   0.580217E-26   0.109971E-28   0.421051E-24   0.194740E-28   0.102204E-23   0.160916E-23
   0.350000E+01   0.274810E-33   0.636253E-33   0.140791E-35   0.322223E-32   0.605600E-35   0.146031E-31   0.307677E-31   0.522090E-34   0.128989E-30   0.211253E-33   0.532627E-30   0.859951E-33   0.415377E-23   0.120513E-16   0.161304E-12   0.569440E-11   0.481821E-11   0.193392E-11   0.185371E-15   0.488546E-20   0.201329E-25   0.161769E-27   0.145803E-23   0.285123E-27   0.353224E-23   0.556032E-23
   0.350000E+01   0.119442E-31   0.267627E-31   0.521846E-34   0.129027E-30   0.217160E-33   0.550830E-30   0.110027E-29   0.182192E-32   0.391243E-29   0.728656E-32   0.125722E-28   0.294731E-31   0.524759E-23   0.152299E-16   0.203576E-12   0.717896E-11   0.606645E-11   0.245535E-11   0.233722E-15   0.616674E-20   0.253931E-25   0.247415E-26   0.183155E-23   0.558856E-26   0.443728E-23   0.698425E-23
   0.350000E+01   0.729459E-38   0.148573E-37   0.327081E-35   0.606491E-37   0.130831E-34   0.244681E-36   0.490807E-36   0.104665E-33   0.196849E-35   0.418656E-33   0.787516E-35   0.167463E-32   0.336608E-33   0.113404E-26   0.121885E-22   0.608090E-21   0.459907E-21   0.197957E-21   0.126435E-25   0.464544E-30   0.830156E-33   0.429619E-31   0.318112E-33   0.171858E-30   0.470280E-33   0.790838E-33
   0.350000E+01   0.730015E-38   0.148629E-37   0.327076E-35   0.605912E-37   0.130831E-34   0.244914E-36   0.490338E-36   0.104664E-33   0.196923E-35   0.418655E-33   0.787964E-35   0.167462E-32   0.224043E-31   0.650725E-25   0.874810E-21   0.311284E-19   0.266458E-19   0.109615E-19   0.106136E-23   0.283960E-28   0.944386E-33   0.429619E-31   0.819285E-32   0.171821E-30   0.196280E-31   0.319795E-31
   0.350000E+01   0.731404E-38   0.551730E-39   0.819672E-37   0.221799E-38   0.327681E-36   0.937492E-38   0.183302E-37   0.262201E-35   0.754070E-37   0.104880E-34   0.299014E-36   0.419582E-34   0.132176E-29   0.384452E-23   0.516557E-19   0.182885E-17   0.156225E-17   0.647283E-18   0.602539E-22   0.159882E-26   0.770586E-32   0.429588E-31   0.472759E-30   0.171846E-30   0.114833E-29   0.180830E-29
   0.350000E+01   0.944724E-36   0.219194E-35   0.858287E-37   0.111351E-34   0.344655E-36   0.502699E-34   0.105059E-33   0.276928E-35   0.428116E-33   0.110869E-34   0.169743E-32   0.443776E-34   0.513910E-25   0.149468E-18   0.200892E-14   0.711435E-13   0.607791E-13   0.251686E-13   0.233517E-17   0.619277E-22   0.254371E-27   0.531803E-30   0.184014E-25   0.105840E-29   0.446872E-25   0.703603E-25
   0.350000E+01   0.402599E-34   0.940277E-34   0.243603E-36   0.482161E-33   0.103331E-35   0.218963E-32   0.458562E-32   0.880341E-35   0.187415E-31   0.355319E-34   0.744457E-31   0.144294E-33   0.181224E-23   0.526611E-17   0.707184E-13   0.250282E-11   0.213347E-11   0.872077E-12   0.818614E-16   0.216485E-20   0.889878E-26   0.215115E-28   0.646085E-24   0.391029E-28   0.156781E-23   0.246842E-23
   0.350000E+01   0.821249E-34   0.193075E-33   0.402307E-36   0.999427E-33   0.173639E-35   0.456570E-32   0.958169E-32   0.150503E-34   0.392770E-31   0.609368E-34   0.156310E-30   0.248439E-33   0.468807E-24   0.136016E-17   0.181935E-13   0.641946E-12   0.542418E-12   0.218224E-12   0.208881E-16   0.550627E-21   0.226890E-26   0.449540E-28   0.164088E-24   0.816632E-28   0.397477E-24   0.625665E-24
   0.350000E+01   0.387601E-31   0.860799E-31   0.137672E-33   0.366851E-30   0.583140E-33   0.125613E-29   0.221578E-29   0.498763E-32   0.639437E-29   0.199960E-31   0.175383E-28   0.812546E-31   0.548345E-23   0.159149E-16   0.212730E-12   0.750161E-11   0.633908E-11   0.256785E-11   0.244242E-15   0.644510E-20   0.265371E-25   0.302145E-26   0.191377E-23   0.729263E-26   0.463654E-23   0.729786E-23
   0.350000E+01   0.199375E-37   0.441181E-37   0.327079E-35   0.202367E-36   0.130832E-34   0.831663E-36   0.165755E-35   0.104666E-33   0.632362E-35   0.418666E-33   0.238954E-34   0.167464E-32   0.399597E-27   0.116220E-20   0.156088E-16   0.552432E-15   0.471739E-15   0.195424E-15   0.181894E-19   0.482579E-24   0.207671E-29   0.472297E-31   0.142606E-27   0.179919E-30   0.346277E-27   0.545188E-27
   0.350000E+01   0.269237E-37   0.605537E-37   0.327083E-35   0.284050E-36   0.130832E-34   0.117541E-35   0.234446E-35   0.104666E-33   0.890467E-35   0.418665E-33   0.258246E-34   0.419943E-34   0.638693E-27   0.185765E-20   0.249586E-16   0.883616E-15   0.754755E-15   0.312719E-15   0.291101E-19   0.772411E-24   0.317278E-29   0.497935E-31   0.228328E-27   0.184702E-30   0.554468E-27   0.872991E-27
   0.350000E+01   0.436150E-36   0.102212E-35   0.834894E-37   0.504253E-35   0.334687E-36   0.211281E-34   0.421883E-34   0.268408E-35   0.158338E-33   0.107378E-34   0.584772E-33   0.429903E-34   0.146166E-25   0.425140E-19   0.571420E-15   0.202364E-13   0.172900E-13   0.716496E-14   0.667018E-18   0.177005E-22   0.727220E-28   0.199494E-30   0.523439E-26   0.466395E-30   0.127120E-25   0.200152E-25
   0.350000E+01   0.786950E-32   0.185643E-31   0.277649E-34   0.924535E-31   0.124271E-33   0.389671E-30   0.779697E-30   0.111643E-32   0.293485E-29   0.455013E-32   0.108588E-28   0.185262E-31   0.268519E-21   0.780985E-15   0.105001E-10   0.371943E-09   0.317819E-09   0.131599E-09   0.122019E-13   0.323525E-18   0.132783E-23   0.291578E-26   0.962831E-22   0.548670E-26   0.233831E-21   0.368176E-21
   0.350000E+01   0.120753E-31   0.288386E-31   0.424041E-34   0.146265E-30   0.192810E-33   0.623899E-30   0.125374E-29   0.175731E-32   0.474856E-29   0.719681E-32   0.176391E-28   0.293971E-31   0.250156E-21   0.726690E-15   0.975206E-11   0.344959E-09   0.293644E-09   0.119485E-09   0.112733E-13   0.297897E-18   0.122502E-23   0.441407E-26   0.888973E-22   0.835809E-26   0.215646E-21   0.339509E-21
   0.350000E+01   0.110271E-31   0.267379E-31   0.388885E-34   0.138736E-30   0.180328E-33   0.600728E-30   0.121305E-29   0.167324E-32   0.459646E-29   0.689566E-32   0.166311E-28   0.282839E-31   0.151943E-22   0.441181E-16   0.590029E-12   0.208148E-10   0.176226E-10   0.716959E-11   0.678567E-15   0.179215E-19   0.737357E-25   0.364210E-26   0.531673E-23   0.735418E-26   0.128862E-22   0.202833E-22
   0.350000E+01   0.359304E-28   0.633017E-28   0.214250E-30   0.180653E-27   0.908368E-30   0.483086E-27   0.782067E-27   0.781873E-29   0.202390E-26   0.313269E-28   0.520065E-26   0.126256E-27   0.187610E-20   0.545565E-14   0.729542E-10   0.257303E-08   0.219141E-08   0.908382E-09   0.842543E-13   0.223298E-17   0.916119E-23   0.841320E-24   0.656699E-21   0.207921E-23   0.159351E-20   0.250813E-20
   0.350000E+01   0.000000E+00   0.000000E+00   0.000000E+00   0.000000E+00   0.000000E+00   0.000000E+00   0.000000E+00   0.000000E+00   0.000000E+00   0.000000E+00   0.000000E+00   0.000000E+00   0.000000E+00   0.000000E+00   0.000000E+00   0.000000E+00   0.000000E+00   0.000000E+00   0.000000E+00   0.000000E+00   0.000000E+00   0.000000E+00   0.000000E+00   0.000000E+00   0.000000E+00   0.000000E+00
   0.350000E+01   0.218628E-26   0.445194E-26   0.923653E-26   0.181699E-25   0.369461E-25   0.733403E-25   0.147037E-24   0.295569E-24   0.589740E-24   0.118228E-23   0.236177E-23   0.472910E-23   0.295478E-20   0.158800E-13   0.266333E-09   0.118143E-07   0.127046E-07   0.535324E-08   0.436150E-12   0.118922E-16   0.721702E-22   0.484263E-20   0.102280E-19   0.193702E-19   0.390853E-19   0.779604E-19
   0.366667E+01   0.206892E-25   0.421328E-25   0.875000E-25   0.172000E-24   0.350000E-24   0.694415E-24   0.139234E-23   0.280000E-23   0.558521E-23   0.112000E-22   0.223696E-22   0.448000E-22   0.247932E-19   0.138452E-12   0.235790E-08   0.105760E-06   0.117356E-06   0.538027E-07   0.467729E-11   0.174725E-15   0.860737E-21   0.458749E-19   0.964569E-19   0.183498E-18   0.368591E-18   0.735891E-18
   0.366667E+01   0.289156E-36   0.588836E-36   0.327075E-35   0.240379E-35   0.130831E-34   0.970487E-35   0.194582E-34   0.104665E-33   0.780520E-34   0.418657E-33   0.312622E-33   0.167464E-32   0.380508E-32   0.111123E-25   0.151303E-21   0.542984E-20   0.455793E-20   0.203901E-20   0.211253E-24   0.766073E-29   0.905775E-33   0.171478E-29   0.172279E-32   0.685913E-29   0.368860E-32   0.553650E-32
   0.366667E+01   0.289156E-36   0.588873E-36   0.327077E-35   0.607081E-37   0.130832E-34   0.244931E-36   0.491242E-36   0.104664E-33   0.197056E-35   0.418656E-33   0.788789E-35   0.167464E-32   0.222848E-30   0.648683E-24   0.875348E-20   0.310532E-18   0.271490E-18   0.121640E-18   0.121448E-22   0.440000E-27   0.254867E-32   0.429557E-31   0.824623E-31   0.171797E-30   0.200125E-30   0.315185E-30
   0.366667E+01   0.289154E-36   0.588865E-36   0.327079E-35   0.240391E-35   0.130831E-34   0.970501E-35   0.194585E-34   0.104665E-33   0.780568E-34   0.418661E-33   0.312635E-33   0.167463E-32   0.133936E-31   0.389805E-25   0.527445E-21   0.186326E-19   0.163425E-19   0.728034E-20   0.760110E-24   0.276888E-28   0.977816E-33   0.171477E-29   0.524582E-32   0.685913E-29   0.124026E-31   0.187356E-31
   0.366667E+01   0.730851E-38   0.148878E-37   0.327078E-35   0.607770E-37   0.130831E-34   0.245537E-36   0.492548E-36   0.104664E-33   0.197393E-35   0.418657E-33   0.790737E-35   0.167463E-32   0.708216E-30   0.206157E-23   0.278340E-19   0.988091E-18   0.864221E-18   0.387247E-18   0.386750E-22   0.140167E-26   0.623271E-32   0.429495E-31   0.262597E-30   0.171883E-30   0.636617E-30   0.100235E-29
   0.366667E+01   0.790469E-38   0.162151E-37   0.327078E-35   0.672699E-37   0.130831E-34   0.273337E-36   0.550438E-36   0.104665E-33   0.221515E-35   0.418657E-33   0.889305E-35   0.167465E-32   0.352688E-28   0.102659E-21   0.138653E-17   0.492337E-16   0.430705E-16   0.193029E-16   0.192808E-20   0.698883E-25   0.268598E-30   0.432330E-31   0.130909E-28   0.172364E-30   0.317297E-28   0.499476E-28
   0.366667E+01   0.312769E-37   0.688537E-37   0.821435E-37   0.323970E-36   0.328598E-36   0.140354E-35   0.290984E-35   0.262916E-35   0.119411E-34   0.105159E-34   0.488552E-34   0.420454E-34   0.169651E-26   0.493788E-20   0.666385E-16   0.236473E-14   0.206754E-14   0.926290E-15   0.925024E-19   0.335208E-23   0.122392E-28   0.564772E-31   0.627452E-27   0.195881E-30   0.152059E-26   0.239350E-26
   0.366667E+01   0.289162E-36   0.588864E-36   0.327080E-35   0.240399E-35   0.130830E-34   0.970529E-35   0.194596E-34   0.104664E-33   0.780572E-34   0.418659E-33   0.788626E-35   0.167463E-32   0.427296E-31   0.124500E-24   0.168252E-20   0.595318E-19   0.520828E-19   0.233637E-19   0.243944E-23   0.885691E-28   0.120035E-32   0.171478E-29   0.161310E-31   0.685914E-29   0.385693E-31   0.613958E-31
   0.366667E+01   0.733630E-38   0.149301E-37   0.327080E-35   0.610766E-37   0.130829E-34   0.246657E-36   0.494319E-36   0.104664E-33   0.198441E-35   0.418657E-33   0.794033E-35   0.167463E-32   0.214110E-29   0.623240E-23   0.841743E-19   0.298888E-17   0.261474E-17   0.117184E-17   0.117046E-21   0.424270E-26   0.171171E-31   0.429680E-31   0.794790E-30   0.171858E-30   0.192673E-29   0.303321E-29
   0.366667E+01   0.901646E-38   0.187167E-37   0.327078E-35   0.793078E-37   0.130830E-34   0.327212E-36   0.663223E-36   0.104664E-33   0.268108E-35   0.418659E-33   0.108178E-34   0.167463E-32   0.102799E-27   0.299230E-21   0.404289E-17   0.143599E-15   0.125654E-15   0.563232E-16   0.562645E-20   0.203971E-24   0.782370E-30   0.437754E-31   0.382174E-28   0.173288E-30   0.926371E-28   0.145829E-27
   0.366667E+01   0.775294E-37   0.175257E-36   0.824080E-37   0.856480E-36   0.329679E-36   0.379911E-35   0.794175E-35   0.263800E-35   0.329799E-34   0.105573E-34   0.135978E-33   0.422260E-34   0.476067E-26   0.138578E-19   0.187305E-15   0.665491E-14   0.582489E-14   0.261138E-14   0.260889E-18   0.945877E-23   0.345622E-28   0.811074E-31   0.177292E-26   0.239551E-30   0.429776E-26   0.676567E-26
   0.366667E+01   0.346811E-35   0.789394E-35   0.101968E-36   0.389568E-34   0.413421E-36   0.173860E-33   0.364237E-33   0.334630E-35   0.151709E-32   0.134484E-34   0.626741E-32   0.539561E-34   0.216739E-24   0.630828E-18   0.852873E-14   0.303093E-12   0.265292E-12   0.118742E-12   0.118318E-16   0.428538E-21   0.156558E-26   0.180941E-29   0.808080E-25   0.330714E-29   0.195880E-24   0.308366E-24
   0.366667E+01   0.620054E-34   0.137426E-33   0.413104E-36   0.652970E-33   0.170120E-35   0.284534E-32   0.591115E-32   0.139523E-34   0.243280E-31   0.563297E-34   0.997496E-31   0.226637E-33   0.207758E-23   0.603353E-17   0.813224E-13   0.288327E-11   0.250959E-11   0.109456E-11   0.111972E-15   0.403550E-20   0.147884E-25   0.277193E-28   0.763123E-24   0.492657E-28   0.184629E-23   0.290604E-23
   0.366667E+01   0.289152E-36   0.588847E-36   0.327076E-35   0.240392E-35   0.130831E-34   0.970520E-35   0.491131E-36   0.104665E-33   0.196899E-35   0.418659E-33   0.788010E-35   0.167464E-32   0.836326E-31   0.243587E-24   0.329167E-20   0.116917E-18   0.102327E-18   0.458574E-19   0.478172E-23   0.173541E-27   0.149973E-32   0.429680E-31   0.312239E-31   0.171846E-30   0.752820E-31   0.119875E-30
   0.366667E+01   0.736965E-38   0.150062E-37   0.327081E-35   0.613874E-37   0.130831E-34   0.248149E-36   0.497583E-36   0.104665E-33   0.199600E-35   0.418659E-33   0.800479E-35   0.167463E-32   0.408960E-29   0.119043E-22   0.160835E-18   0.571263E-17   0.499873E-17   0.224058E-17   0.223822E-21   0.811398E-26   0.319521E-31   0.430019E-31   0.152039E-29   0.171858E-30   0.368562E-29   0.580200E-29
   0.366667E+01   0.120711E-37   0.256389E-37   0.327079E-35   0.113412E-36   0.130832E-34   0.478760E-36   0.979421E-36   0.104664E-33   0.209304E-35   0.104941E-34   0.860834E-35   0.419612E-34   0.293106E-27   0.853202E-21   0.115318E-16   0.409713E-15   0.358606E-15   0.160766E-15   0.160615E-19   0.582334E-24   0.223239E-29   0.453130E-31   0.109143E-27   0.175975E-30   0.264576E-27   0.416502E-27
   0.366667E+01   0.210708E-36   0.479358E-36   0.830310E-37   0.236397E-35   0.332336E-36   0.105454E-34   0.220900E-34   0.266113E-35   0.919895E-34   0.106415E-34   0.379981E-33   0.426082E-34   0.133150E-25   0.387594E-19   0.524066E-15   0.186253E-13   0.163062E-13   0.731083E-14   0.730030E-18   0.264676E-22   0.967590E-28   0.149769E-30   0.496654E-26   0.361170E-30   0.120403E-25   0.189546E-25
   0.366667E+01   0.932916E-35   0.213661E-34   0.128446E-36   0.106374E-33   0.527844E-36   0.477379E-33   0.100206E-32   0.432657E-35   0.418532E-32   0.173725E-34   0.173207E-31   0.698962E-34   0.582764E-24   0.169587E-17   0.229322E-13   0.815088E-12   0.713347E-12   0.318582E-12   0.317998E-16   0.115112E-20   0.420614E-26   0.492681E-29   0.217429E-24   0.882711E-29   0.527007E-24   0.829658E-24
   0.366667E+01   0.133846E-33   0.308560E-33   0.733056E-36   0.155064E-32   0.315098E-35   0.700002E-32   0.147241E-31   0.268139E-34   0.616801E-31   0.108418E-33   0.255734E-30   0.440003E-33   0.342756E-23   0.995057E-17   0.134163E-12   0.475821E-11   0.413599E-11   0.179545E-11   0.184625E-15   0.664869E-20   0.243759E-25   0.719450E-28   0.126059E-23   0.127583E-27   0.304905E-23   0.479935E-23
   0.366667E+01   0.533000E-32   0.118885E-31   0.236332E-34   0.570029E-31   0.987089E-34   0.249735E-30   0.518871E-30   0.819304E-33   0.209484E-29   0.327622E-32   0.792217E-29   0.132181E-31   0.532187E-23   0.154545E-16   0.207950E-12   0.736316E-11   0.638058E-11   0.279158E-11   0.285507E-15   0.102916E-19   0.377086E-25   0.179557E-26   0.194012E-23   0.365480E-26   0.469189E-23   0.738423E-23
   0.366667E+01   0.289162E-36   0.588864E-36   0.327078E-35   0.606585E-37   0.130832E-34   0.244604E-36   0.490841E-36   0.104664E-33   0.196820E-35   0.418658E-33   0.787243E-35   0.167464E-32   0.438540E-33   0.131653E-26   0.175606E-22   0.568239E-21   0.701211E-21   0.249686E-21   0.205325E-25   0.875750E-30   0.868316E-33   0.429649E-31   0.338290E-33   0.171858E-30   0.470358E-33   0.790929E-33
   0.366667E+01   0.748917E-38   0.152889E-37   0.327080E-35   0.627495E-37   0.130831E-34   0.254400E-36   0.511228E-36   0.104665E-33   0.205411E-35   0.418655E-33   0.822401E-35   0.167465E-32   0.108199E-28   0.314959E-22   0.425684E-18   0.151239E-16   0.132372E-16   0.593427E-17   0.592860E-21   0.214949E-25   0.832335E-31   0.430481E-31   0.402869E-29   0.171945E-30   0.976624E-29   0.153746E-28
   0.366667E+01   0.166446E-37   0.361835E-37   0.327081E-35   0.166323E-36   0.327963E-36   0.480719E-36   0.100745E-35   0.262389E-35   0.418909E-35   0.104971E-34   0.171806E-34   0.419762E-34   0.537115E-27   0.156352E-20   0.211400E-16   0.751300E-15   0.657751E-15   0.294922E-15   0.294673E-19   0.106851E-23   0.390489E-29   0.476272E-31   0.200327E-27   0.180178E-30   0.485648E-27   0.764538E-27
   0.366667E+01   0.407784E-36   0.936814E-36   0.836540E-37   0.468569E-35   0.334992E-36   0.210920E-34   0.443141E-34   0.268558E-35   0.184981E-33   0.107423E-34   0.760266E-33   0.429843E-34   0.241121E-25   0.701893E-19   0.949359E-15   0.337496E-13   0.295538E-13   0.132491E-13   0.132112E-17   0.478996E-22   0.175061E-27   0.253010E-30   0.900772E-26   0.547905E-30   0.218383E-25   0.343800E-25
   0.366667E+01   0.258548E-34   0.597915E-34   0.187621E-36   0.301894E-33   0.781539E-36   0.136704E-32   0.287814E-32   0.652559E-35   0.120497E-31   0.262686E-34   0.496167E-31   0.106152E-33   0.141642E-23   0.412037E-17   0.557147E-13   0.198026E-11   0.173212E-11   0.770058E-12   0.772020E-16   0.279228E-20   0.102074E-25   0.137812E-28   0.528244E-24   0.247631E-28   0.128005E-23   0.201516E-23
   0.366667E+01   0.376848E-33   0.877253E-33   0.157927E-35   0.447109E-32   0.680080E-35   0.203661E-31   0.429678E-31   0.586810E-34   0.180424E-30   0.237508E-33   0.744312E-30   0.967027E-33   0.479213E-23   0.139113E-16   0.187413E-12   0.664254E-11   0.576367E-11   0.250385E-11   0.257561E-15   0.927494E-20   0.340056E-25   0.205379E-27   0.175605E-23   0.367706E-27   0.424657E-23   0.668398E-23
   0.366667E+01   0.164301E-31   0.370126E-31   0.591397E-34   0.178555E-30   0.246304E-33   0.745057E-30   0.145682E-29   0.206754E-32   0.495601E-29   0.827103E-32   0.153069E-28   0.334595E-31   0.593596E-23   0.172388E-16   0.231951E-12   0.821271E-11   0.711750E-11   0.311663E-11   0.318488E-15   0.114821E-19   0.420662E-25   0.285108E-26   0.216373E-23   0.654001E-26   0.523282E-23   0.823552E-23
   0.366667E+01   0.729739E-38   0.148443E-37   0.327077E-35   0.606688E-37   0.130832E-34   0.244744E-36   0.491205E-36   0.104665E-33   0.196666E-35   0.418658E-33   0.788279E-35   0.167464E-32   0.385783E-33   0.108637E-26   0.164630E-22   0.589285E-21   0.457973E-21   0.213497E-21   0.165839E-25   0.859904E-30   0.868642E-33   0.429403E-31   0.331268E-33   0.171858E-30   0.470358E-33   0.790929E-33
   0.366667E+01   0.730573E-38   0.148641E-37   0.327076E-35   0.605993E-37   0.130830E-34   0.244884E-36   0.491297E-36   0.104664E-33   0.196816E-35   0.418657E-33   0.787826E-35   0.167464E-32   0.269603E-31   0.783384E-25   0.106430E-20   0.378546E-19   0.331859E-19   0.148181E-19   0.154308E-23   0.561828E-28   0.107072E-32   0.429403E-31   0.102342E-31   0.171883E-30   0.243101E-31   0.393487E-31
   0.366667E+01   0.733213E-38   0.563199E-39   0.819672E-37   0.240315E-38   0.327869E-36   0.960879E-38   0.191728E-37   0.262276E-35   0.784103E-37   0.104903E-34   0.315547E-36   0.419491E-34   0.159530E-29   0.464418E-23   0.628162E-19   0.223311E-17   0.195564E-17   0.876988E-18   0.876341E-22   0.317806E-26   0.130465E-31   0.429711E-31   0.596138E-30   0.171871E-30   0.144558E-29   0.227619E-29
   0.366667E+01   0.129433E-35   0.302202E-35   0.863812E-37   0.154481E-34   0.347029E-36   0.696688E-34   0.145028E-33   0.279034E-35   0.586115E-33   0.111681E-34   0.230741E-32   0.447297E-34   0.614766E-25   0.178953E-18   0.242125E-14   0.860979E-13   0.754079E-13   0.337961E-13   0.336578E-17   0.121994E-21   0.445633E-27   0.650261E-30   0.229993E-25   0.129120E-29   0.557615E-25   0.877874E-25
   0.366667E+01   0.549441E-34   0.129130E-33   0.265127E-36   0.666305E-33   0.112894E-35   0.302271E-32   0.630533E-32   0.965221E-35   0.255575E-31   0.389955E-34   0.100801E-30   0.158483E-33   0.212571E-23   0.618121E-17   0.835524E-13   0.296894E-11   0.259444E-11   0.114741E-11   0.115660E-15   0.417960E-20   0.152854E-25   0.266059E-28   0.791365E-24   0.491299E-28   0.191701E-23   0.301787E-23
   0.366667E+01   0.115482E-33   0.273207E-33   0.456685E-36   0.142308E-32   0.197913E-35   0.649432E-32   0.135754E-31   0.172139E-34   0.551893E-31   0.697713E-34   0.218075E-30   0.284676E-33   0.536360E-24   0.155708E-17   0.209640E-13   0.742667E-12   0.643591E-12   0.280200E-12   0.287851E-16   0.103680E-20   0.380093E-26   0.572580E-28   0.196012E-24   0.105768E-27   0.473960E-24   0.745971E-24
   0.366667E+01   0.538127E-31   0.117667E-30   0.161420E-33   0.473850E-30   0.685270E-33   0.154300E-29   0.266738E-29   0.587024E-32   0.749257E-29   0.235556E-31   0.202049E-28   0.957551E-31   0.619749E-23   0.179991E-16   0.242176E-12   0.857463E-11   0.743118E-11   0.325646E-11   0.332544E-15   0.119903E-19   0.439245E-25   0.341522E-26   0.225897E-23   0.828881E-26   0.546327E-23   0.859817E-23
   0.366667E+01   0.244159E-37   0.543693E-37   0.327082E-35   0.248376E-36   0.130832E-34   0.100864E-35   0.199853E-35   0.104665E-33   0.753931E-35   0.418662E-33   0.282863E-34   0.167466E-32   0.454252E-27   0.132231E-20   0.178777E-16   0.635336E-15   0.556206E-15   0.249385E-15   0.249169E-19   0.903494E-24   0.330179E-29   0.479785E-31   0.169385E-27   0.181361E-30   0.410631E-27   0.646439E-27
   0.366667E+01   0.347873E-37   0.787393E-37   0.327081E-35   0.366961E-36   0.130832E-34   0.149869E-35   0.297035E-35   0.104666E-33   0.111604E-34   0.418666E-33   0.339795E-34   0.420063E-34   0.751691E-27   0.218819E-20   0.295959E-16   0.105210E-14   0.921314E-15   0.413156E-15   0.412845E-19   0.149718E-23   0.547233E-29   0.512972E-31   0.280778E-27   0.187734E-30   0.680726E-27   0.107167E-26
   0.366667E+01   0.594424E-36   0.139015E-35   0.837481E-37   0.672774E-35   0.335862E-36   0.276993E-34   0.548998E-34   0.269348E-35   0.204139E-33   0.107822E-34   0.750291E-33   0.431408E-34   0.167385E-25   0.487274E-19   0.659305E-15   0.234448E-13   0.205359E-13   0.921071E-14   0.920426E-18   0.333823E-22   0.122044E-27   0.228861E-30   0.626310E-26   0.526791E-30   0.151855E-25   0.239071E-25
   0.366667E+01   0.107018E-31   0.251934E-31   0.319761E-34   0.123076E-30   0.143681E-33   0.509724E-30   0.101235E-29   0.129441E-32   0.377529E-29   0.528381E-32   0.139011E-28   0.215496E-31   0.306399E-21   0.891908E-15   0.120714E-10   0.429355E-09   0.376119E-09   0.168554E-09   0.167770E-13   0.607963E-18   0.221953E-23   0.345473E-26   0.114787E-21   0.659584E-26   0.278311E-21   0.438165E-21
   0.366667E+01   0.170179E-31   0.405664E-31   0.507673E-34   0.201891E-30   0.231806E-33   0.846388E-30   0.168836E-29   0.211897E-32   0.633618E-29   0.869288E-32   0.234249E-28   0.355712E-31   0.287066E-21   0.834473E-15   0.112717E-10   0.400309E-09   0.349345E-09   0.153850E-09   0.155818E-13   0.562660E-18   0.205856E-23   0.541375E-26   0.106511E-21   0.104029E-25   0.257923E-21   0.406022E-21
   0.366667E+01   0.161051E-31   0.390000E-31   0.484234E-34   0.198739E-30   0.225645E-33   0.845757E-30   0.169248E-29   0.210115E-32   0.628589E-29   0.867664E-32   0.221083E-28   0.356587E-31   0.170322E-22   0.494896E-16   0.666227E-12   0.235978E-10   0.204877E-10   0.901856E-11   0.916341E-15   0.330702E-19   0.121058E-24   0.444533E-26   0.622410E-23   0.921668E-26   0.150592E-22   0.237011E-22
   0.366667E+01   0.417618E-28   0.721252E-28   0.263028E-30   0.200504E-27   0.112163E-29   0.529652E-27   0.854158E-27   0.969546E-29   0.220020E-26   0.389392E-28   0.563917E-26   0.157279E-27   0.203700E-20   0.592916E-14   0.798149E-10   0.282654E-08   0.246800E-08   0.110744E-08   0.110251E-12   0.399367E-17   0.145775E-22   0.907963E-24   0.745003E-21   0.224704E-23   0.180487E-20   0.284050E-20
   0.366667E+01   0.000000E+00   0.000000E+00   0.000000E+00   0.000000E+00   0.000000E+00   0.000000E+00   0.000000E+00   0.000000E+00   0.000000E+00   0.000000E+00   0.000000E+00   0.000000E+00   0.000000E+00   0.000000E+00   0.000000E+00   0.000000E+00   0.000000E+00   0.000000E+00   0.000000E+00   0.000000E+00   0.000000E+00   0.000000E+00   0.000000E+00   0.000000E+00   0.000000E+00   0.000000E+00
   0.366667E+01   0.218763E-26   0.445392E-26   0.923653E-26   0.181741E-25   0.369461E-25   0.733495E-25   0.147051E-24   0.295569E-24   0.589771E-24   0.118228E-23   0.236184E-23   0.472911E-23   0.285294E-20   0.153012E-13   0.258146E-09   0.114917E-07   0.126743E-07   0.580751E-08   0.506516E-12   0.189068E-16   0.925493E-22   0.484264E-20   0.102686E-19   0.193703E-19   0.391183E-19   0.780110E-19
   0.383333E+01   0.206967E-25   0.437500E-25   0.853126E-25   0.175000E-24   0.345944E-24   0.700000E-24   0.140000E-23   0.280000E-23   0.558535E-23   0.112000E-22   0.223699E-22   0.448000E-22   0.236982E-19   0.132719E-12   0.227614E-08   0.102547E-06   0.116648E-06   0.578053E-07   0.538647E-11   0.324879E-15   0.978430E-21   0.458749E-19   0.967355E-19   0.183498E-18   0.368648E-18   0.735970E-18
   0.383333E+01   0.289263E-36   0.163540E-35   0.119225E-35   0.654159E-35   0.483463E-35   0.261665E-34   0.523328E-34   0.104665E-33   0.780554E-34   0.418657E-33   0.312622E-33   0.167464E-32   0.455259E-32   0.132027E-25   0.181020E-21   0.656371E-20   0.594375E-20   0.274461E-20   0.308220E-24   0.178502E-28   0.860949E-33   0.171477E-29   0.210855E-32   0.685911E-29   0.430819E-32   0.677310E-32
   0.383333E+01   0.289258E-36   0.163539E-35   0.119236E-35   0.654152E-35   0.122136E-36   0.261675E-34   0.523355E-34   0.104664E-33   0.197024E-35   0.418656E-33   0.788950E-35   0.167464E-32   0.269012E-30   0.783520E-24   0.106410E-19   0.379063E-18   0.339320E-18   0.163536E-18   0.175553E-22   0.102515E-26   0.337528E-32   0.429557E-31   0.103873E-30   0.171821E-30   0.251583E-30   0.394818E-30
   0.383333E+01   0.289263E-36   0.163538E-35   0.119236E-35   0.654155E-35   0.483501E-35   0.261675E-34   0.523349E-34   0.104665E-33   0.780599E-34   0.418661E-33   0.312634E-33   0.167463E-32   0.160751E-31   0.467830E-25   0.635688E-21   0.228132E-19   0.205575E-19   0.988136E-20   0.109805E-23   0.641691E-28   0.971341E-33   0.171477E-29   0.654739E-32   0.685918E-29   0.154748E-31   0.244722E-31
   0.383333E+01   0.731467E-38   0.163539E-35   0.301685E-37   0.654152E-35   0.122322E-36   0.261675E-34   0.523348E-34   0.104664E-33   0.197398E-35   0.418657E-33   0.790148E-35   0.167463E-32   0.853806E-30   0.248662E-23   0.337926E-19   0.120444E-17   0.107863E-17   0.520050E-18   0.558394E-22   0.326159E-26   0.898564E-32   0.429526E-31   0.330369E-30   0.171784E-30   0.799466E-30   0.125881E-29
   0.383333E+01   0.810985E-38   0.163539E-35   0.341454E-37   0.654156E-35   0.140470E-36   0.261675E-34   0.523348E-34   0.104665E-33   0.230150E-35   0.418657E-33   0.926432E-35   0.167465E-32   0.425438E-28   0.123900E-21   0.168436E-17   0.600500E-16   0.537903E-16   0.259381E-16   0.278548E-20   0.162723E-24   0.409043E-30   0.432977E-31   0.164807E-28   0.172388E-30   0.398797E-28   0.627705E-28
   0.383333E+01   0.417997E-37   0.410629E-37   0.203165E-36   0.164287E-36   0.908884E-36   0.658747E-36   0.131740E-35   0.262916E-35   0.162758E-34   0.105174E-34   0.667565E-34   0.420665E-34   0.204755E-26   0.596281E-20   0.809973E-16   0.288584E-14   0.258356E-14   0.124538E-14   0.133711E-18   0.780905E-23   0.186658E-28   0.597466E-31   0.790369E-27   0.202056E-30   0.191223E-26   0.300967E-26
   0.383333E+01   0.289262E-36   0.163540E-35   0.119233E-35   0.654158E-35   0.483487E-35   0.261675E-34   0.523351E-34   0.104664E-33   0.780610E-34   0.418659E-33   0.788337E-35   0.167462E-32   0.513911E-31   0.149863E-24   0.203738E-20   0.726702E-19   0.648687E-19   0.312976E-19   0.351112E-23   0.205224E-27   0.130967E-32   0.171479E-29   0.201621E-31   0.685913E-29   0.480343E-31   0.763828E-31
   0.383333E+01   0.734794E-38   0.163538E-35   0.303056E-37   0.654156E-35   0.122949E-36   0.261676E-34   0.523348E-34   0.104664E-33   0.199008E-35   0.418657E-33   0.796148E-35   0.167463E-32   0.257806E-29   0.750824E-23   0.102069E-18   0.363886E-17   0.325956E-17   0.157177E-17   0.168789E-21   0.986023E-26   0.255416E-31   0.429773E-31   0.998762E-30   0.171895E-30   0.241707E-29   0.380461E-29
   0.383333E+01   0.959729E-38   0.163538E-35   0.416749E-37   0.654159E-35   0.174931E-36   0.261673E-34   0.523351E-34   0.104664E-33   0.293889E-35   0.418659E-33   0.118938E-34   0.167463E-32   0.123859E-27   0.360722E-21   0.490559E-17   0.174942E-15   0.156745E-15   0.755956E-16   0.811899E-20   0.474358E-24   0.119104E-29   0.439757E-31   0.480574E-28   0.173645E-30   0.116296E-27   0.183053E-27
   0.383333E+01   0.103574E-36   0.412128E-37   0.527908E-36   0.164898E-36   0.243314E-35   0.661286E-36   0.132257E-35   0.263950E-35   0.449293E-34   0.105618E-34   0.185685E-33   0.422501E-34   0.573776E-26   0.167107E-19   0.227343E-15   0.810992E-14   0.726833E-14   0.350597E-14   0.376569E-18   0.220034E-22   0.526344E-28   0.903056E-31   0.223007E-26   0.257066E-30   0.539701E-26   0.849523E-26
   0.383333E+01   0.463993E-35   0.515336E-37   0.239406E-34   0.209743E-36   0.111193E-33   0.849976E-36   0.170748E-35   0.342172E-35   0.206930E-32   0.137508E-34   0.856826E-32   0.551869E-34   0.261011E-24   0.760051E-18   0.103429E-13   0.369037E-12   0.330739E-12   0.159265E-12   0.170635E-16   0.996003E-21   0.238146E-26   0.223671E-29   0.101553E-24   0.412074E-29   0.245755E-24   0.386841E-24
   0.383333E+01   0.837952E-34   0.220808E-36   0.412195E-33   0.916768E-36   0.185770E-32   0.375599E-35   0.757480E-35   0.152449E-34   0.335188E-31   0.615568E-34   0.137748E-30   0.247711E-33   0.245734E-23   0.713766E-17   0.968211E-13   0.344625E-11   0.307143E-11   0.144096E-11   0.158509E-15   0.920433E-20   0.220796E-25   0.347565E-28   0.941285E-24   0.626232E-28   0.227314E-23   0.357748E-23
   0.383333E+01   0.289260E-36   0.163538E-35   0.119238E-35   0.654155E-35   0.483496E-35   0.261674E-34   0.523352E-34   0.104665E-33   0.196942E-35   0.418657E-33   0.788923E-35   0.167462E-32   0.993217E-31   0.289426E-24   0.393551E-20   0.140314E-18   0.125765E-18   0.606366E-19   0.679750E-23   0.379537E-27   0.175890E-32   0.429649E-31   0.386495E-31   0.171895E-30   0.935421E-31   0.147723E-30
   0.383333E+01   0.739228E-38   0.163538E-35   0.305572E-37   0.654151E-35   0.123995E-36   0.261678E-34   0.523351E-34   0.104666E-33   0.200580E-35   0.418657E-33   0.804548E-35   0.167464E-32   0.486417E-29   0.141663E-22   0.192649E-18   0.687007E-17   0.615548E-17   0.296864E-17   0.318828E-21   0.186277E-25   0.475440E-31   0.430142E-31   0.188725E-29   0.171870E-30   0.456722E-29   0.718913E-29
   0.383333E+01   0.136746E-37   0.163538E-35   0.625392E-37   0.654159E-35   0.271761E-36   0.261676E-34   0.523357E-34   0.104666E-33   0.282656E-35   0.104948E-34   0.116768E-34   0.419702E-34   0.352790E-27   0.102747E-20   0.139779E-16   0.498620E-15   0.446869E-15   0.215551E-15   0.231526E-19   0.135287E-23   0.323607E-29   0.458862E-31   0.137102E-27   0.177035E-30   0.331801E-27   0.522275E-27
   0.383333E+01   0.281376E-36   0.415361E-37   0.145066E-35   0.166403E-36   0.673406E-35   0.667352E-36   0.133452E-35   0.266470E-35   0.125259E-33   0.106611E-34   0.518583E-33   0.426563E-34   0.160306E-25   0.466883E-19   0.635400E-15   0.226729E-13   0.203249E-13   0.980452E-14   0.105245E-17   0.614973E-22   0.147149E-27   0.175397E-30   0.624040E-26   0.410016E-30   0.151034E-25   0.237742E-25
   0.383333E+01   0.124588E-34   0.652752E-37   0.650006E-34   0.270493E-36   0.304016E-33   0.110760E-35   0.223636E-35   0.449847E-35   0.569854E-32   0.180654E-34   0.236371E-31   0.727008E-34   0.698926E-24   0.203480E-17   0.276943E-13   0.988284E-12   0.885603E-12   0.425460E-12   0.456697E-16   0.266416E-20   0.637173E-26   0.609756E-29   0.272096E-24   0.110564E-28   0.658392E-24   0.103638E-23
   0.383333E+01   0.180228E-33   0.382447E-36   0.951435E-33   0.167587E-35   0.448315E-32   0.710356E-35   0.145030E-34   0.294763E-34   0.846768E-31   0.119195E-33   0.351886E-30   0.483796E-33   0.397832E-23   0.115513E-16   0.156738E-12   0.558047E-11   0.496732E-11   0.232021E-11   0.256458E-15   0.148807E-19   0.357117E-25   0.899095E-28   0.152552E-23   0.161712E-27   0.368303E-23   0.579657E-23
   0.383333E+01   0.718766E-32   0.127392E-34   0.357642E-31   0.538107E-34   0.162325E-30   0.222771E-33   0.450957E-33   0.910595E-33   0.280620E-29   0.364132E-32   0.102301E-28   0.146913E-31   0.598545E-23   0.173863E-16   0.235455E-12   0.837003E-11   0.742921E-11   0.349641E-11   0.384432E-15   0.223287E-19   0.535531E-25   0.211876E-26   0.227610E-23   0.442177E-26   0.549456E-23   0.864652E-23
   0.383333E+01   0.289264E-36   0.163539E-35   0.300925E-37   0.654149E-35   0.121973E-36   0.261677E-34   0.523351E-34   0.104666E-33   0.196938E-35   0.418658E-33   0.787705E-35   0.167463E-32   0.486933E-33   0.156208E-26   0.220977E-22   0.761799E-21   0.676235E-21   0.383581E-21   0.285974E-25   0.208089E-29   0.810762E-33   0.429773E-31   0.402590E-33   0.171846E-30   0.470434E-33   0.791027E-33
   0.383333E+01   0.755617E-38   0.163539E-35   0.313703E-37   0.654152E-35   0.127945E-36   0.261676E-34   0.523356E-34   0.104664E-33   0.208230E-35   0.418661E-33   0.834434E-35   0.167463E-32   0.128193E-28   0.373352E-22   0.507906E-18   0.181177E-16   0.162370E-16   0.783197E-17   0.841233E-21   0.491552E-25   0.124160E-30   0.430512E-31   0.498149E-29   0.171994E-30   0.120559E-28   0.189769E-28
   0.383333E+01   0.197428E-37   0.163538E-35   0.946983E-37   0.654158E-35   0.305153E-36   0.655832E-36   0.131411E-35   0.262351E-35   0.566362E-35   0.104978E-34   0.231703E-34   0.419883E-34   0.638714E-27   0.186023E-20   0.253161E-16   0.903337E-15   0.809786E-15   0.390668E-15   0.419662E-19   0.245251E-23   0.586730E-29   0.487150E-31   0.248617E-27   0.182224E-30   0.601719E-27   0.947165E-27
   0.383333E+01   0.543567E-36   0.418623E-37   0.285386E-35   0.167825E-36   0.134043E-34   0.672054E-36   0.134768E-35   0.269122E-35   0.251034E-33   0.107694E-34   0.102969E-32   0.430746E-34   0.286807E-25   0.835306E-19   0.113719E-14   0.405894E-13   0.363939E-13   0.175544E-13   0.188164E-17   0.109955E-21   0.262952E-27   0.301417E-30   0.111818E-25   0.641926E-30   0.270641E-25   0.426026E-25
   0.383333E+01   0.347356E-34   0.962142E-37   0.184544E-33   0.410024E-36   0.873276E-33   0.169450E-35   0.344232E-35   0.696062E-35   0.164804E-31   0.280268E-34   0.677249E-31   0.113320E-33   0.168410E-23   0.490086E-17   0.666968E-13   0.237999E-11   0.213148E-11   0.101920E-11   0.109900E-15   0.640524E-20   0.153267E-25   0.170759E-28   0.655216E-24   0.311529E-28   0.158497E-23   0.249492E-23
   0.383333E+01   0.511940E-33   0.828491E-36   0.275218E-32   0.370637E-35   0.131210E-31   0.156916E-34   0.321815E-34   0.656522E-34   0.249522E-30   0.265797E-33   0.102731E-29   0.108241E-32   0.547875E-23   0.159077E-16   0.215678E-12   0.767416E-11   0.681982E-11   0.318803E-11   0.352453E-15   0.204506E-19   0.490797E-25   0.257459E-27   0.209347E-23   0.468383E-27   0.505328E-23   0.795279E-23
   0.383333E+01   0.223904E-31   0.320344E-34   0.112935E-30   0.137601E-33   0.493437E-30   0.566982E-33   0.115219E-32   0.233372E-32   0.610572E-29   0.933837E-32   0.182174E-28   0.377823E-31   0.666797E-23   0.193702E-16   0.262312E-12   0.932450E-11   0.827714E-11   0.389858E-11   0.428321E-15   0.248814E-19   0.596695E-25   0.325074E-26   0.253539E-23   0.755408E-26   0.612070E-23   0.963180E-23
   0.383333E+01   0.730163E-38   0.163539E-35   0.300747E-37   0.654160E-35   0.121903E-36   0.261675E-34   0.523351E-34   0.104664E-33   0.196934E-35   0.418659E-33   0.787239E-35   0.167463E-32   0.493236E-33   0.131497E-26   0.205842E-22   0.761799E-21   0.704708E-21   0.337086E-21   0.272352E-25   0.191367E-29   0.810886E-33   0.429588E-31   0.363690E-33   0.171772E-30   0.470439E-33   0.791019E-33
   0.383333E+01   0.729605E-38   0.163538E-35   0.300860E-37   0.654148E-35   0.122113E-36   0.261674E-34   0.523350E-34   0.104665E-33   0.196933E-35   0.418659E-33   0.788739E-35   0.167462E-32   0.321281E-31   0.937336E-25   0.127682E-20   0.454427E-19   0.409015E-19   0.197564E-19   0.220467E-23   0.128975E-27   0.111578E-32   0.429619E-31   0.126519E-31   0.171784E-30   0.302566E-31   0.483016E-31
   0.383333E+01   0.735287E-38   0.409689E-37   0.122635E-38   0.163911E-36   0.525165E-38   0.656866E-36   0.131326E-35   0.262239E-35   0.821640E-37   0.104903E-34   0.336589E-36   0.419431E-34   0.190723E-29   0.555494E-23   0.756268E-19   0.269937E-17   0.242044E-17   0.116789E-17   0.125468E-21   0.733327E-26   0.192138E-31   0.429742E-31   0.743755E-30   0.171821E-30   0.180040E-29   0.283467E-29
   0.383333E+01   0.176133E-35   0.433169E-37   0.952527E-35   0.174479E-36   0.450816E-34   0.702240E-36   0.140664E-35   0.281310E-35   0.791559E-33   0.112584E-34   0.309681E-32   0.450998E-34   0.728488E-25   0.212162E-18   0.288931E-14   0.103154E-12   0.925083E-13   0.446075E-13   0.477605E-17   0.278997E-21   0.666918E-27   0.788976E-30   0.284418E-25   0.156896E-29   0.688421E-25   0.108369E-24
   0.383333E+01   0.744470E-34   0.136851E-36   0.407384E-33   0.603651E-36   0.194246E-32   0.254067E-35   0.520142E-35   0.105907E-34   0.343673E-31   0.428211E-34   0.134704E-30   0.174182E-33   0.246911E-23   0.718202E-17   0.977041E-13   0.348547E-11   0.311855E-11   0.148349E-11   0.160823E-15   0.936474E-20   0.224187E-25   0.325298E-28   0.958723E-24   0.610143E-28   0.231831E-23   0.364920E-23
   0.383333E+01   0.160938E-33   0.241852E-36   0.891191E-33   0.109509E-35   0.428124E-32   0.467085E-35   0.961442E-35   0.196655E-34   0.763320E-31   0.797816E-34   0.299695E-30   0.325795E-33   0.608547E-24   0.176706E-17   0.239436E-13   0.851549E-12   0.755874E-12   0.354076E-12   0.390954E-16   0.226898E-20   0.544477E-26   0.719072E-28   0.231929E-24   0.135125E-27   0.559795E-24   0.880964E-24
   0.383333E+01   0.731608E-31   0.890070E-34   0.314221E-30   0.394064E-33   0.105983E-29   0.164955E-32   0.337561E-32   0.687533E-32   0.863579E-29   0.276132E-31   0.229846E-28   0.112291E-30   0.695628E-23   0.202085E-16   0.273662E-12   0.972784E-11   0.863526E-11   0.407008E-11   0.446877E-15   0.259623E-19   0.622571E-25   0.383031E-26   0.264494E-23   0.933813E-26   0.638532E-23   0.100482E-22
   0.383333E+01   0.302248E-37   0.163540E-35   0.146026E-36   0.654160E-35   0.612793E-36   0.261677E-34   0.523356E-34   0.104666E-33   0.901619E-35   0.418660E-33   0.336075E-34   0.167465E-32   0.512621E-27   0.149299E-20   0.203173E-16   0.724938E-15   0.649838E-15   0.313497E-15   0.336756E-19   0.196797E-23   0.470803E-29   0.488475E-31   0.199492E-27   0.183198E-30   0.482820E-27   0.760003E-27
   0.383333E+01   0.453712E-37   0.163541E-35   0.224866E-36   0.654168E-35   0.952803E-36   0.261682E-34   0.523360E-34   0.104667E-33   0.139880E-34   0.105038E-34   0.442113E-34   0.420153E-34   0.877098E-27   0.255456E-20   0.347770E-16   0.124125E-14   0.111297E-14   0.537011E-15   0.576917E-19   0.337189E-23   0.806804E-29   0.530321E-31   0.341918E-27   0.191333E-30   0.827583E-27   0.130272E-26
   0.383333E+01   0.801954E-36   0.419181E-37   0.415134E-35   0.168354E-36   0.178385E-34   0.676427E-36   0.135408E-35   0.270514E-35   0.260037E-33   0.108258E-34   0.952810E-33   0.433304E-34   0.190295E-25   0.554249E-19   0.754827E-15   0.269494E-13   0.241707E-13   0.116643E-13   0.125314E-17   0.732480E-22   0.175306E-27   0.261712E-30   0.743098E-26   0.595482E-30   0.179873E-25   0.283151E-25
   0.383333E+01   0.144043E-31   0.166732E-34   0.754506E-31   0.795403E-34   0.326632E-30   0.348755E-33   0.725842E-33   0.149838E-32   0.479765E-29   0.607813E-32   0.176114E-28   0.250219E-31   0.347042E-21   0.101071E-14   0.137685E-10   0.491684E-09   0.441025E-09   0.212645E-09   0.227565E-13   0.132905E-17   0.317562E-23   0.405555E-26   0.135676E-21   0.785332E-26   0.328413E-21   0.516988E-21
   0.383333E+01   0.236805E-31   0.271338E-34   0.126940E-30   0.132144E-33   0.558026E-30   0.587023E-33   0.122766E-32   0.254414E-32   0.833209E-29   0.103714E-31   0.307115E-28   0.428483E-31   0.326382E-21   0.949060E-15   0.129015E-10   0.459984E-09   0.411028E-09   0.194770E-09   0.212069E-13   0.123401E-17   0.295528E-23   0.656285E-26   0.126290E-21   0.127924E-25   0.305276E-21   0.480509E-21
   0.383333E+01   0.232088E-31   0.265064E-34   0.128173E-30   0.132524E-33   0.574482E-30   0.598796E-33   0.126015E-32   0.262463E-32   0.837172E-29   0.107717E-31   0.285325E-28   0.447089E-31   0.189683E-22   0.551343E-16   0.747002E-12   0.265634E-10   0.236201E-10   0.111846E-10   0.122181E-14   0.710530E-19   0.170257E-24   0.533051E-26   0.723051E-23   0.113230E-25   0.174635E-22   0.274820E-22
   0.383333E+01   0.474234E-28   0.151185E-30   0.134114E-27   0.676551E-30   0.356498E-27   0.285191E-29   0.585884E-29   0.119722E-28   0.237679E-26   0.477993E-28   0.608189E-26   0.195053E-27   0.220079E-20   0.640983E-14   0.868491E-10   0.308799E-08   0.276082E-08   0.133313E-08   0.142677E-12   0.832979E-17   0.199021E-22   0.975359E-24   0.840053E-21   0.241649E-23   0.203182E-20   0.319733E-20
   0.383333E+01   0.000000E+00   0.000000E+00   0.000000E+00   0.000000E+00   0.000000E+00   0.000000E+00   0.000000E+00   0.000000E+00   0.000000E+00   0.000000E+00   0.000000E+00   0.000000E+00   0.000000E+00   0.000000E+00   0.000000E+00   0.000000E+00   0.000000E+00   0.000000E+00   0.000000E+00   0.000000E+00   0.000000E+00   0.000000E+00   0.000000E+00   0.000000E+00   0.000000E+00   0.000000E+00
   0.383333E+01   0.218893E-26   0.461827E-26   0.901747E-26   0.184731E-25   0.365495E-25   0.738923E-25   0.147785E-24   0.295569E-24   0.589802E-24   0.118228E-23   0.236192E-23   0.472911E-23   0.275938E-20   0.147605E-13   0.250451E-09   0.111872E-07   0.126373E-07   0.625796E-08   0.585334E-12   0.352711E-16   0.105618E-21   0.484265E-20   0.103102E-19   0.193703E-19   0.391536E-19   0.780653E-19
   0.400000E+01   0.207038E-25   0.437500E-25   0.853272E-25   0.175000E-24   0.345974E-24   0.700000E-24   0.140000E-23   0.280000E-23   0.558548E-23   0.112000E-22   0.223702E-22   0.448000E-22   0.337519E-21   0.127305E-12   0.219842E-08   0.994800E-07   0.115861E-06   0.617349E-07   0.777920E-11   0.676380E-16   0.231816E-21   0.458749E-19   0.970254E-19   0.183498E-18   0.368705E-18   0.736048E-18
   0.400000E+01   0.289360E-36   0.163540E-35   0.119247E-35   0.654159E-35   0.483512E-35   0.261665E-34   0.523328E-34   0.104665E-33   0.780577E-34   0.418657E-33   0.312622E-33   0.167464E-32   0.781263E-34   0.159316E-25   0.218548E-21   0.789778E-20   0.730233E-20   0.370317E-20   0.548459E-24   0.457400E-29   0.416524E-35   0.171479E-29   0.251529E-32   0.685912E-29   0.562135E-32   0.949332E-32
   0.400000E+01   0.289371E-36   0.163539E-35   0.301337E-37   0.654152E-35   0.122030E-36   0.261675E-34   0.523355E-34   0.104664E-33   0.197103E-35   0.418656E-33   0.789863E-35   0.167464E-32   0.465313E-32   0.937605E-24   0.128133E-19   0.458230E-18   0.419558E-18   0.216472E-18   0.315126E-22   0.264760E-27   0.104377E-36   0.429711E-31   0.129508E-30   0.171821E-30   0.312914E-30   0.492911E-30
   0.400000E+01   0.289360E-36   0.163538E-35   0.119253E-35   0.654155E-35   0.483531E-35   0.261675E-34   0.523349E-34   0.104665E-33   0.780611E-34   0.418661E-33   0.312640E-33   0.167463E-32   0.277179E-33   0.560062E-25   0.764406E-21   0.275334E-19   0.250205E-19   0.129647E-19   0.196409E-23   0.163539E-28   0.416522E-35   0.171479E-29   0.808373E-32   0.685906E-29   0.192414E-31   0.303094E-31
   0.400000E+01   0.732551E-38   0.163539E-35   0.302023E-37   0.654152E-35   0.122472E-36   0.261675E-34   0.523348E-34   0.104664E-33   0.197815E-35   0.418657E-33   0.791060E-35   0.167463E-32   0.147503E-31   0.297150E-23   0.406391E-19   0.145414E-17   0.133188E-17   0.687477E-18   0.100099E-21   0.841226E-27   0.104354E-36   0.429619E-31   0.411394E-30   0.171858E-30   0.993989E-30   0.156487E-29
   0.400000E+01   0.838103E-38   0.163539E-35   0.355210E-37   0.654156E-35   0.146734E-36   0.261675E-34   0.523348E-34   0.104665E-33   0.242349E-35   0.418657E-33   0.974829E-35   0.167465E-32   0.735464E-30   0.148148E-21   0.202684E-17   0.725439E-16   0.664598E-16   0.343088E-16   0.499640E-20   0.419931E-25   0.105395E-36   0.433902E-31   0.205384E-28   0.172622E-30   0.496151E-28   0.780853E-28
   0.400000E+01   0.554303E-37   0.410923E-37   0.271663E-36   0.164311E-36   0.122198E-35   0.658747E-36   0.131759E-35   0.263028E-35   0.220052E-34   0.105219E-34   0.904570E-34   0.420725E-34   0.354155E-28   0.713361E-20   0.975196E-16   0.348817E-14   0.319384E-14   0.164820E-14   0.239974E-18   0.201644E-23   0.154533E-36   0.636200E-31   0.985516E-27   0.209686E-30   0.238037E-26   0.374608E-26
   0.400000E+01   0.289362E-36   0.163539E-35   0.119254E-35   0.654160E-35   0.483529E-35   0.261675E-34   0.523350E-34   0.104665E-33   0.196875E-35   0.418656E-33   0.788498E-35   0.167463E-32   0.884885E-33   0.178592E-24   0.244394E-20   0.874826E-19   0.801912E-19   0.412599E-19   0.627838E-23   0.520889E-28   0.416524E-35   0.171480E-29   0.249863E-31   0.685911E-29   0.601757E-31   0.948838E-31
   0.400000E+01   0.736853E-38   0.163539E-35   0.304483E-37   0.654159E-35   0.123587E-36   0.261676E-34   0.523351E-34   0.104665E-33   0.199538E-35   0.418655E-33   0.799615E-35   0.167464E-32   0.444860E-31   0.896136E-23   0.122600E-18   0.438798E-17   0.401995E-17   0.207524E-17   0.302212E-21   0.253998E-26   0.104384E-36   0.429742E-31   0.124238E-29   0.171895E-30   0.300143E-29   0.472402E-29
   0.400000E+01   0.103502E-37   0.163539E-35   0.455451E-37   0.654156E-35   0.193143E-36   0.261673E-34   0.523352E-34   0.104664E-33   0.328188E-35   0.418661E-33   0.133079E-34   0.167463E-32   0.213870E-29   0.430813E-21   0.589615E-17   0.211093E-15   0.193438E-15   0.998750E-16   0.145463E-19   0.122270E-24   0.107393E-36   0.442129E-31   0.598200E-28   0.174077E-30   0.144518E-27   0.227450E-27
   0.400000E+01   0.137288E-36   0.412422E-37   0.705412E-36   0.165016E-36   0.326902E-35   0.661756E-36   0.132380E-35   0.264251E-35   0.607012E-34   0.105670E-34   0.251404E-33   0.422711E-34   0.991047E-28   0.199637E-19   0.273330E-15   0.978871E-14   0.897243E-14   0.463336E-14   0.674857E-18   0.567291E-23   0.245721E-36   0.101162E-30   0.277671E-26   0.278204E-30   0.670867E-26   0.105587E-25
   0.400000E+01   0.615783E-35   0.525651E-37   0.320246E-34   0.214222E-36   0.149543E-33   0.869302E-36   0.174585E-35   0.349902E-35   0.279846E-32   0.140736E-34   0.116123E-31   0.564749E-34   0.450728E-26   0.907162E-18   0.124232E-13   0.445002E-12   0.407886E-12   0.210254E-12   0.305510E-16   0.256541E-21   0.665651E-35   0.274043E-29   0.126321E-24   0.510097E-29   0.305174E-24   0.480321E-24
   0.400000E+01   0.112154E-33   0.240139E-36   0.556070E-33   0.997583E-36   0.251965E-32   0.408898E-35   0.824709E-35   0.166012E-34   0.457153E-31   0.670457E-34   0.188272E-30   0.269793E-33   0.417360E-25   0.835581E-17   0.114052E-12   0.407510E-11   0.371452E-11   0.186521E-11   0.278272E-15   0.232464E-20   0.104652E-33   0.430842E-28   0.114795E-23   0.787792E-28   0.276703E-23   0.435427E-23
   0.400000E+01   0.289365E-36   0.163539E-35   0.119254E-35   0.654158E-35   0.122146E-36   0.261677E-34   0.523347E-34   0.104663E-33   0.196946E-35   0.418662E-33   0.788633E-35   0.167464E-32   0.168998E-32   0.340812E-24   0.466318E-20   0.166922E-18   0.152988E-18   0.789912E-19   0.120017E-22   0.966396E-28   0.104339E-36   0.429557E-31   0.473653E-31   0.171796E-30   0.114656E-30   0.180225E-30
   0.400000E+01   0.741984E-38   0.163537E-35   0.307057E-37   0.654152E-35   0.124749E-36   0.261676E-34   0.523349E-34   0.104665E-33   0.201861E-35   0.418655E-33   0.808916E-35   0.167464E-32   0.829424E-31   0.167081E-22   0.228664E-18   0.818645E-17   0.750170E-17   0.387322E-17   0.564104E-21   0.474160E-26   0.104474E-36   0.430112E-31   0.231990E-29   0.171833E-30   0.560474E-29   0.882137E-29
   0.400000E+01   0.157417E-37   0.163539E-35   0.734971E-37   0.654158E-35   0.322912E-36   0.261677E-34   0.523358E-34   0.104666E-33   0.379385E-35   0.104963E-34   0.156980E-34   0.419672E-34   0.608539E-29   0.122585E-20   0.167831E-16   0.601037E-15   0.550907E-15   0.284486E-15   0.414381E-19   0.348347E-24   0.113007E-36   0.465240E-31   0.170482E-27   0.178391E-30   0.411892E-27   0.648273E-27
   0.400000E+01   0.372803E-36   0.415860E-37   0.193725E-35   0.166626E-36   0.904183E-35   0.668386E-36   0.133687E-35   0.266959E-35   0.169123E-33   0.106799E-34   0.701692E-33   0.427255E-34   0.276595E-27   0.557167E-19   0.763104E-15   0.273366E-13   0.250629E-13   0.129430E-13   0.188383E-17   0.158341E-22   0.499444E-36   0.205617E-30   0.776162E-26   0.468748E-30   0.187535E-25   0.295168E-25
   0.400000E+01   0.165035E-34   0.676262E-37   0.867863E-34   0.280767E-36   0.408104E-33   0.115100E-35   0.232438E-35   0.467865E-35   0.769216E-32   0.187951E-34   0.319747E-31   0.756740E-34   0.120284E-25   0.241833E-17   0.331227E-13   0.118661E-11   0.108747E-11   0.559188E-12   0.814178E-16   0.683325E-21   0.181546E-34   0.747412E-29   0.336994E-24   0.137357E-28   0.814017E-24   0.128121E-23
   0.400000E+01   0.240402E-33   0.417867E-36   0.127918E-32   0.183271E-35   0.606004E-32   0.777223E-35   0.158713E-34   0.322616E-34   0.115098E-30   0.130472E-33   0.479329E-30   0.529640E-33   0.663724E-25   0.132826E-16   0.181346E-12   0.648111E-11   0.590075E-11   0.295099E-11   0.442218E-15   0.369152E-20   0.269855E-33   0.111097E-27   0.182711E-23   0.202863E-27   0.440289E-23   0.692869E-23
   0.400000E+01   0.960386E-32   0.140807E-34   0.481679E-31   0.594805E-34   0.219649E-30   0.246253E-33   0.498498E-33   0.100660E-32   0.367016E-29   0.402531E-32   0.128588E-28   0.162407E-31   0.970253E-25   0.194282E-16   0.264761E-12   0.944818E-11   0.857949E-11   0.432203E-11   0.644349E-15   0.538447E-20   0.599343E-32   0.246745E-26   0.265010E-23   0.526831E-26   0.638576E-23   0.100478E-22
   0.400000E+01   0.289359E-36   0.163540E-35   0.300862E-37   0.654152E-35   0.121844E-36   0.261674E-34   0.523354E-34   0.104665E-33   0.196867E-35   0.418659E-33   0.788317E-35   0.167463E-32   0.823682E-35   0.176924E-26   0.264596E-22   0.943511E-21   0.884487E-21   0.408198E-21   0.530123E-25   0.507153E-30   0.104324E-36   0.429495E-31   0.416109E-33   0.171821E-30   0.101531E-32   0.791402E-33
   0.400000E+01   0.763663E-38   0.163539E-35   0.318800E-37   0.654151E-35   0.130094E-36   0.261674E-34   0.523354E-34   0.104665E-33   0.211724E-35   0.418659E-33   0.849923E-35   0.167463E-32   0.217756E-30   0.438654E-22   0.600547E-18   0.215065E-16   0.197124E-16   0.101793E-16   0.148270E-20   0.124641E-25   0.104706E-36   0.431067E-31   0.610002E-29   0.172006E-30   0.147380E-28   0.231961E-28
   0.400000E+01   0.237631E-37   0.163540E-35   0.116282E-36   0.654160E-35   0.408084E-36   0.656114E-36   0.131458E-35   0.262389E-35   0.758432E-35   0.104926E-34   0.309542E-34   0.419913E-34   0.108890E-28   0.219354E-20   0.300424E-16   0.107619E-14   0.986679E-15   0.509598E-15   0.742350E-19   0.624116E-24   0.121285E-36   0.499321E-31   0.305545E-27   0.184812E-30   0.738257E-27   0.116196E-26
   0.400000E+01   0.719382E-36   0.419504E-37   0.380957E-35   0.168295E-36   0.179965E-34   0.673558E-36   0.135097E-35   0.269799E-35   0.337392E-33   0.107912E-34   0.138031E-32   0.431920E-34   0.489127E-27   0.985206E-19   0.134981E-14   0.483674E-13   0.443539E-13   0.229032E-13   0.332880E-17   0.279756E-22   0.869055E-36   0.357783E-30   0.137452E-25   0.754077E-30   0.332126E-25   0.522755E-25
   0.400000E+01   0.463032E-34   0.102012E-36   0.248122E-33   0.436096E-36   0.118089E-32   0.180509E-35   0.366943E-35   0.742442E-35   0.223088E-31   0.299068E-34   0.914378E-31   0.120972E-33   0.287553E-25   0.577342E-17   0.790657E-13   0.283228E-11   0.259410E-11   0.132747E-11   0.194182E-15   0.162827E-20   0.508594E-34   0.209384E-28   0.804243E-24   0.388148E-28   0.194203E-23   0.305662E-23
   0.400000E+01   0.689315E-33   0.920603E-36   0.373772E-32   0.412341E-35   0.179222E-31   0.174720E-34   0.358422E-34   0.731347E-34   0.341182E-30   0.296174E-33   0.140103E-29   0.120634E-32   0.901304E-25   0.180381E-16   0.246082E-12   0.878936E-11   0.799022E-11   0.399944E-11   0.599367E-15   0.500353E-20   0.774890E-33   0.319016E-27   0.247274E-23   0.590085E-27   0.595773E-23   0.937507E-23
   0.400000E+01   0.302402E-31   0.359151E-34   0.152512E-30   0.154391E-33   0.646930E-30   0.636632E-33   0.129397E-32   0.262128E-32   0.734073E-29   0.104919E-31   0.212712E-28   0.424553E-31   0.107971E-24   0.216217E-16   0.294646E-12   0.105143E-10   0.954840E-11   0.481374E-11   0.717140E-15   0.599358E-20   0.891989E-32   0.367225E-26   0.294887E-23   0.862804E-26   0.710593E-23   0.111809E-22
   0.400000E+01   0.729718E-38   0.163538E-35   0.300913E-37   0.654153E-35   0.122007E-36   0.261676E-34   0.523350E-34   0.104665E-33   0.196751E-35   0.418657E-33   0.788602E-35   0.167463E-32   0.736151E-35   0.150682E-26   0.245592E-22   0.738971E-21   0.700514E-21   0.358718E-21   0.502992E-25   0.435456E-30   0.104347E-36   0.429588E-31   0.447268E-33   0.171759E-30   0.126295E-32   0.791211E-33
   0.400000E+01   0.729576E-38   0.163540E-35   0.301084E-37   0.654158E-35   0.121937E-36   0.261673E-34   0.523351E-34   0.104665E-33   0.196900E-35   0.418658E-33   0.788599E-35   0.167463E-32   0.547917E-33   0.110717E-24   0.151273E-20   0.542486E-19   0.499700E-19   0.257822E-19   0.390782E-23   0.324836E-28   0.104354E-36   0.429619E-31   0.156078E-31   0.171784E-30   0.371950E-31   0.593333E-31
   0.400000E+01   0.736373E-38   0.409689E-37   0.135265E-38   0.163911E-36   0.555422E-38   0.656678E-36   0.131355E-35   0.262239E-35   0.900448E-37   0.104880E-34   0.363641E-36   0.419642E-34   0.326861E-31   0.658499E-23   0.902205E-19   0.323290E-17   0.296477E-17   0.153149E-17   0.223117E-21   0.187603E-26   0.104414E-36   0.429865E-31   0.918862E-30   0.171772E-30   0.222058E-29   0.349537E-29
   0.400000E+01   0.238111E-35   0.436108E-37   0.129776E-34   0.175924E-36   0.612221E-34   0.708165E-36   0.141981E-35   0.283811E-35   0.105524E-32   0.113615E-34   0.410793E-32   0.455272E-34   0.123798E-26   0.249301E-18   0.341670E-14   0.122461E-12   0.112320E-12   0.579805E-13   0.841836E-17   0.707304E-22   0.165805E-35   0.950039E-30   0.348310E-25   0.189823E-29   0.841646E-25   0.132475E-24
   0.400000E+01   0.100174E-33   0.148788E-36   0.552438E-33   0.659546E-36   0.262555E-32   0.278517E-35   0.570482E-35   0.116263E-34   0.456006E-31   0.470536E-34   0.177847E-30   0.191531E-33   0.412219E-25   0.826847E-17   0.113187E-12   0.405331E-11   0.370890E-11   0.188828E-11   0.277678E-15   0.232633E-20   0.960488E-34   0.393546E-28   0.114986E-23   0.749931E-28   0.277551E-23   0.436836E-23
   0.400000E+01   0.222371E-33   0.273364E-36   0.124098E-32   0.124341E-35   0.594232E-32   0.531878E-35   0.109585E-34   0.224326E-34   0.104003E-30   0.911002E-34   0.406024E-30   0.372273E-33   0.994097E-26   0.198975E-17   0.271294E-13   0.968549E-12   0.879553E-12   0.441123E-12   0.660269E-16   0.551326E-21   0.217286E-33   0.891071E-28   0.272069E-24   0.170492E-27   0.655472E-24   0.103141E-23
   0.400000E+01   0.970609E-31   0.103257E-33   0.393091E-30   0.458148E-33   0.126365E-29   0.192139E-32   0.393388E-32   0.801561E-32   0.981979E-29   0.322211E-31   0.258725E-28   0.131077E-30   0.112555E-24   0.225411E-16   0.307170E-12   0.109612E-10   0.995430E-11   0.502161E-11   0.747665E-15   0.624940E-20   0.323101E-31   0.426611E-26   0.307405E-23   0.104393E-25   0.740780E-23   0.116559E-22
   0.400000E+01   0.376281E-37   0.163539E-35   0.180216E-36   0.654171E-35   0.746659E-36   0.261681E-34   0.523359E-34   0.104666E-33   0.107839E-34   0.418663E-33   0.400152E-34   0.167466E-32   0.831002E-29   0.167404E-20   0.229263E-16   0.821242E-15   0.752907E-15   0.388851E-15   0.566441E-19   0.476215E-24   0.520151E-36   0.497565E-31   0.233131E-27   0.185170E-30   0.563286E-27   0.886570E-27
   0.400000E+01   0.592895E-37   0.163541E-35   0.290663E-36   0.654171E-35   0.121386E-35   0.261682E-34   0.523361E-34   0.104667E-33   0.174959E-34   0.105129E-34   0.569603E-34   0.420334E-34   0.146837E-28   0.295804E-20   0.405265E-16   0.145214E-14   0.133167E-14   0.687878E-15   0.100215E-18   0.842614E-24   0.540509E-36   0.549950E-31   0.412642E-27   0.195474E-30   0.997086E-27   0.156938E-26
   0.400000E+01   0.106834E-35   0.420533E-37   0.541639E-35   0.169036E-36   0.228662E-34   0.679248E-36   0.136019E-35   0.271849E-35   0.327682E-33   0.108770E-34   0.119897E-32   0.435531E-34   0.310784E-27   0.626089E-19   0.858098E-15   0.307567E-13   0.282127E-13   0.145757E-13   0.212342E-17   0.178546E-22   0.117118E-35   0.298262E-30   0.874861E-26   0.673232E-30   0.211412E-25   0.332763E-25
   0.400000E+01   0.191414E-31   0.191058E-34   0.981966E-31   0.914913E-34   0.417639E-30   0.402381E-33   0.838166E-33   0.173143E-32   0.603053E-29   0.703944E-32   0.221060E-28   0.289969E-31   0.564898E-23   0.113731E-14   0.155916E-10   0.558967E-09   0.512773E-09   0.264677E-09   0.384130E-13   0.322744E-18   0.142210E-31   0.472089E-26   0.159109E-21   0.927207E-26   0.384483E-21   0.605190E-21
   0.400000E+01   0.324614E-31   0.321536E-34   0.170485E-30   0.157218E-33   0.736477E-30   0.700682E-33   0.146669E-32   0.304168E-32   0.108134E-28   0.124298E-31   0.398044E-28   0.513851E-31   0.533296E-23   0.107007E-14   0.146372E-10   0.523860E-09   0.478751E-09   0.242886E-09   0.358599E-13   0.300232E-18   0.241097E-31   0.787177E-26   0.148327E-21   0.155636E-25   0.357901E-21   0.563275E-21
   0.400000E+01   0.329262E-31   0.325937E-34   0.178329E-30   0.163733E-33   0.784348E-30   0.742634E-33   0.156455E-32   0.326147E-32   0.108503E-28   0.134219E-31   0.358086E-28   0.557519E-31   0.304465E-24   0.610441E-16   0.832272E-12   0.297098E-10   0.270243E-10   0.136974E-10   0.202907E-14   0.169774E-19   0.252704E-31   0.629209E-26   0.834099E-23   0.136625E-25   0.201095E-22   0.316424E-22
   0.400000E+01   0.528628E-28   0.183557E-30   0.146432E-27   0.826152E-30   0.385707E-27   0.349846E-29   0.719673E-29   0.147220E-28   0.255400E-26   0.589609E-28   0.652952E-26   0.240834E-27   0.342141E-22   0.689667E-14   0.940414E-10   0.335683E-08   0.306944E-08   0.158697E-08   0.230306E-12   0.193492E-17   0.107516E-27   0.104341E-23   0.941976E-21   0.258743E-23   0.227457E-20   0.357894E-20
   0.400000E+01   0.000000E+00   0.000000E+00   0.000000E+00   0.000000E+00   0.000000E+00   0.000000E+00   0.000000E+00   0.000000E+00   0.000000E+00   0.000000E+00   0.000000E+00   0.000000E+00   0.000000E+00   0.000000E+00   0.000000E+00   0.000000E+00   0.000000E+00   0.000000E+00   0.000000E+00   0.000000E+00   0.000000E+00   0.000000E+00   0.000000E+00   0.000000E+00   0.000000E+00   0.000000E+00
   0.400000E+01   0.219016E-26   0.461827E-26   0.902012E-26   0.184731E-25   0.365553E-25   0.738924E-25   0.147785E-24   0.295570E-24   0.589833E-24   0.118228E-23   0.236199E-23   0.472911E-23   0.396851E-22   0.142554E-13   0.243218E-09   0.108996E-07   0.125947E-07   0.670462E-08   0.848504E-12   0.736939E-17   0.244706E-22   0.484265E-20   0.103541E-19   0.193703E-19   0.391913E-19   0.781234E-19
